RouteID,Weekday,Stores,Pallets,DriveMin,UnloadMin,TotalMin,BaseCost,OvertimeMin,OvertimeCost,TotalCost,NStops
Mon_00001,Monday,Four Square Onehunga,3,25.9,54,79.9,292.99,0.0,0.0,292.99,1
Mon_00002,Monday,Four Square Glen Eden,3,42.8,54,96.8,354.77,0.0,0.0,354.77,1
Mon_00003,Monday,Four Square Britomart,3,48.7,54,102.7,376.72,0.0,0.0,376.72,1
Mon_00004,Monday,New World Metro Shore City,2,68.9,36,104.9,384.71,0.0,0.0,384.71,1
Mon_00005,Monday,Four Square Pakuranga Heights,2,71.4,36,107.4,393.68,0.0,0.0,393.68,1
Mon_00006,Monday,Four Square Fair Price Henderson,3,54.2,54,108.2,396.8,0.0,0.0,396.8,1
Mon_00007,Monday,Four Square Ellerslie,3,56.7,54,110.7,405.8,0.0,0.0,405.8,1
Mon_00008,Monday,Four Square Remuera,3,56.8,54,110.8,406.32,0.0,0.0,406.32,1
Mon_00009,Monday,Four Square Eden Terrace,4,39.5,72,111.5,408.99,0.0,0.0,408.99,1
Mon_00010,Monday,New World Metro Queen St,4,47.6,72,119.6,438.37,0.0,0.0,438.37,1
Mon_00011,Monday,Four Square Botany Junction,3,67.3,54,121.3,444.95,0.0,0.0,444.95,1
Mon_00012,Monday,New World Mt Roskill,7,6.5,126,132.5,486.0,0.0,0.0,486.0,1
Mon_00013,Monday,Four Square Hobsonville,4,61.9,72,133.9,490.94,0.0,0.0,490.94,1
Mon_00014,Monday,Four Square Lancaster,3,80.8,54,134.8,494.13,0.0,0.0,494.13,1
Mon_00015,Monday,New World New Lynn,6,27.7,108,135.7,497.55,0.0,0.0,497.55,1
Mon_00016,Monday,New World Green Bay,6,28.8,108,136.8,501.45,0.0,0.0,501.45,1
Mon_00017,Monday,Four Square Cockle Bay,3,91.8,54,145.8,534.43,0.0,0.0,534.43,1
Mon_00018,Monday,Four Square St Heliers,4,80.0,72,152.0,557.2,0.0,0.0,557.2,1
Mon_00019,Monday,"Four Square Pakuranga Heights,Four Square Onehunga",5,66.1,90,156.1,572.53,0.0,0.0,572.53,2
Mon_00020,Monday,"Four Square Ellerslie,Four Square Onehunga",6,50.7,108,158.7,581.96,0.0,0.0,581.96,2
Mon_00021,Monday,"Four Square Onehunga,Four Square Remuera",6,53.2,108,161.2,591.02,0.0,0.0,591.02,2
Mon_00022,Monday,"Four Square Onehunga,Four Square Britomart",6,56.3,108,164.3,602.28,0.0,0.0,602.28,2
Mon_00023,Monday,"Four Square Onehunga,New World Metro Shore City",5,77.6,90,167.6,614.36,0.0,0.0,614.36,2
Mon_00024,Monday,New World Mt Albert,8,24.2,144,168.2,616.84,0.0,0.0,616.84,1
Mon_00025,Monday,"Four Square Pakuranga Heights,Four Square Ellerslie",5,78.2,90,168.2,616.91,0.0,0.0,616.91,2
Mon_00026,Monday,"Four Square Ellerslie,Four Square Remuera",6,60.3,108,168.3,617.02,0.0,0.0,617.02,2
Mon_00027,Monday,"Four Square Britomart,New World Metro Shore City",5,78.4,90,168.4,617.62,0.0,0.0,617.62,2
Mon_00028,Monday,"Four Square Pakuranga Heights,Four Square Botany Junction",5,78.8,90,168.8,618.97,0.0,0.0,618.97,2
Mon_00029,Monday,"Four Square Onehunga,Four Square Glen Eden",6,62.0,108,170.0,623.46,0.0,0.0,623.46,2
Mon_00030,Monday,"Four Square Pakuranga Heights,Four Square Remuera",5,81.5,90,171.5,628.67,0.0,0.0,628.67,2
Mon_00031,Monday,"Four Square Onehunga,Four Square Eden Terrace",7,47.2,126,173.2,635.04,0.0,0.0,635.04,2
Mon_00032,Monday,"Four Square Pakuranga Heights,Four Square Britomart",5,84.1,90,174.1,638.2,0.0,0.0,638.2,2
Mon_00033,Monday,"Four Square Glen Eden,Four Square Fair Price Henderson",6,66.4,108,174.4,639.32,0.0,0.0,639.32,2
Mon_00034,Monday,"Four Square Britomart,New World Metro Queen St",7,49.8,126,175.8,644.72,0.0,0.0,644.72,2
Mon_00035,Monday,Four Square Torbay,4,104.3,72,176.3,646.34,0.0,0.0,646.34,1
Mon_00036,Monday,"Four Square Britomart,Four Square Ellerslie",6,68.9,108,176.9,648.69,0.0,0.0,648.69,2
Mon_00037,Monday,"Four Square Britomart,Four Square Remuera",6,69.1,108,177.1,649.2,0.0,0.0,649.2,2
Mon_00038,Monday,"Four Square Onehunga,Four Square Fair Price Henderson",6,69.2,108,177.2,649.68,0.0,0.0,649.68,2
Mon_00039,Monday,"Four Square Pakuranga Heights,New World Metro Shore City",4,105.3,72,177.3,650.28,0.0,0.0,650.28,2
Mon_00040,Monday,New World Point Chevalier,8,34.7,144,178.7,655.37,0.0,0.0,655.37,1
Mon_00041,Monday,"Four Square Britomart,Four Square Eden Terrace",7,53.6,126,179.6,658.37,0.0,0.0,658.37,2
Mon_00042,Monday,"New World Metro Shore City,Four Square Ellerslie",5,89.6,90,179.6,658.57,0.0,0.0,658.57,2
Mon_00043,Monday,"New World Metro Shore City,Four Square Remuera",5,89.8,90,179.8,659.09,0.0,0.0,659.09,2
Mon_00044,Monday,"Four Square Onehunga,New World Metro Queen St",7,54.4,126,180.4,661.5,0.0,0.0,661.5,2
Mon_00045,Monday,"Four Square Onehunga,Four Square Botany Junction",6,74.5,108,182.5,669.24,0.0,0.0,669.24,2
Mon_00046,Monday,"Four Square Lancaster,New World Metro Shore City",5,92.8,90,182.8,670.32,0.0,0.0,670.32,2
Mon_00047,Monday,"Four Square Pakuranga Heights,Four Square Eden Terrace",6,75.0,108,183.0,670.96,0.0,0.0,670.96,2
Mon_00048,Monday,Pak 'n Save Mt Albert,9,21.7,162,183.7,673.4,0.0,0.0,673.4,1
Mon_00049,Monday,"Four Square Cockle Bay,Four Square Pakuranga Heights",5,94.6,90,184.6,676.98,0.0,0.0,676.98,2
Mon_00050,Monday,"New World Metro Shore City,New World Metro Queen St",6,77.4,108,185.4,679.94,0.0,0.0,679.94,2
Mon_00051,Monday,"Four Square Ellerslie,Four Square Eden Terrace",7,60.3,126,186.3,683.08,0.0,0.0,683.08,2
Mon_00052,Monday,"Four Square Remuera,Four Square Eden Terrace",7,60.4,126,186.4,683.59,0.0,0.0,683.59,2
Mon_00053,Monday,"Four Square Britomart,Four Square Glen Eden",6,78.5,108,186.5,683.69,0.0,0.0,683.69,2
Mon_00054,Monday,"New World Metro Shore City,Four Square Eden Terrace",6,78.6,108,186.6,684.25,0.0,0.0,684.25,2
Mon_00055,Monday,"Four Square Fair Price Henderson,Four Square Britomart",6,79.5,108,187.5,687.5,0.0,0.0,687.5,2
Mon_00056,Monday,"Four Square Fair Price Henderson,New World Metro Shore City",5,98.4,90,188.4,690.68,0.0,0.0,690.68,2
Mon_00057,Monday,"New World Metro Shore City,Four Square Glen Eden",5,98.6,90,188.6,691.69,0.0,0.0,691.69,2
Mon_00058,Monday,New World Southmall,7,63.2,126,189.2,693.85,0.0,0.0,693.85,1
Mon_00059,Monday,New World Newmarket,8,45.6,144,189.6,695.13,0.0,0.0,695.13,1
Mon_00060,Monday,"Four Square Pakuranga Heights,New World Metro Queen St",6,82.2,108,190.2,697.42,0.0,0.0,697.42,2
Mon_00061,Monday,"Four Square Pakuranga Heights,Four Square Glen Eden",5,101.1,90,191.1,700.66,0.0,0.0,700.66,2
Mon_00062,Monday,Pak 'n Save Lincoln Road,8,47.4,144,191.4,701.67,0.0,0.0,701.67,1
Mon_00063,Monday,"Four Square Ellerslie,Four Square Botany Junction",6,83.5,108,191.5,702.04,0.0,0.0,702.04,2
Mon_00064,Monday,New World Stonefields,7,65.5,126,191.5,702.25,0.0,0.0,702.25,1
Mon_00065,Monday,"Four Square Pakuranga Heights,Four Square Fair Price Henderson",5,103.0,90,193.0,707.5,0.0,0.0,707.5,2
Mon_00066,Monday,"Four Square Ellerslie,New World Metro Queen St",7,67.5,126,193.5,709.54,0.0,0.0,709.54,2
Mon_00067,Monday,"Four Square Remuera,New World Metro Queen St",7,67.7,126,193.7,710.06,0.0,0.0,710.06,2
Mon_00068,Monday,"Four Square Ellerslie,Four Square Glen Eden",6,86.4,108,194.4,712.78,0.0,0.0,712.78,2
Mon_00069,Monday,"Four Square Cockle Bay,Four Square Onehunga",6,86.5,108,194.5,713.28,0.0,0.0,713.28,2
Mon_00070,Monday,"Four Square Remuera,Four Square Glen Eden",6,86.5,108,194.5,713.3,0.0,0.0,713.3,2
Mon_00071,Monday,New World Papatoetoe,8,50.8,144,194.8,714.14,0.0,0.0,714.14,1
Mon_00072,Monday,"Four Square Eden Terrace,New World Metro Queen St",8,51.3,144,195.3,715.93,0.0,0.0,715.93,2
Mon_00073,Monday,"Four Square Eden Terrace,Four Square Glen Eden",7,69.3,126,195.3,715.97,0.0,0.0,715.97,2
Mon_00074,Monday,"Four Square Fair Price Henderson,Four Square Ellerslie",6,87.4,108,195.4,716.58,0.0,0.0,716.58,2
Mon_00075,Monday,"Four Square Fair Price Henderson,Four Square Remuera",6,87.6,108,195.6,717.1,0.0,0.0,717.1,2
Mon_00076,Monday,"Four Square Fair Price Henderson,Four Square Eden Terrace",7,70.3,126,196.3,719.77,0.0,0.0,719.77,2
Mon_00077,Monday,New World Birkenhead,7,70.4,126,196.4,720.24,0.0,0.0,720.24,1
Mon_00078,Monday,"Four Square Remuera,Four Square Botany Junction",6,88.5,108,196.5,720.39,0.0,0.0,720.39,2
Mon_00079,Monday,"Four Square Onehunga,Four Square Lancaster",6,89.4,108,197.4,723.78,0.0,0.0,723.78,2
Mon_00080,Monday,"Four Square Britomart,Four Square Lancaster",6,90.3,108,198.3,727.05,0.0,0.0,727.05,2
Mon_00081,Monday,"Four Square Cockle Bay,Four Square Botany Junction",6,91.1,108,199.1,730.04,0.0,0.0,730.04,2
Mon_00082,Monday,"Four Square Hobsonville,New World Metro Shore City",6,91.4,108,199.4,731.29,0.0,0.0,731.29,2
Mon_00083,Monday,"Four Square Botany Junction,Four Square Britomart",6,91.7,108,199.7,732.26,0.0,0.0,732.26,2
Mon_00084,Monday,New World Devonport,6,91.8,108,199.8,732.6,0.0,0.0,732.6,1
Mon_00085,Monday,"Four Square Pakuranga Heights,Four Square St Heliers",6,92.0,108,200.0,733.2,0.0,0.0,733.2,2
Mon_00086,Monday,"Four Square Onehunga,Four Square St Heliers",7,75.2,126,201.2,737.57,0.0,0.0,737.57,2
Mon_00087,Monday,"Four Square Fair Price Henderson,Four Square Hobsonville",7,75.2,126,201.2,737.74,0.0,0.0,737.74,2
Mon_00088,Monday,New World Milford,7,75.5,126,201.5,738.66,0.0,0.0,738.66,1
Mon_00089,Monday,"New World Metro Shore City,Four Square Botany Junction",5,112.4,90,202.4,742.18,0.0,0.0,742.18,2
Mon_00090,Monday,"Four Square Onehunga,Four Square Hobsonville",7,76.9,126,202.9,743.81,0.0,0.0,743.81,2
Mon_00091,Monday,"New World Metro Queen St,Four Square Glen Eden",7,77.3,126,203.3,745.35,0.0,0.0,745.35,2
Mon_00092,Monday,"Four Square Fair Price Henderson,New World Metro Queen St",7,78.3,126,204.3,749.15,0.0,0.0,749.15,2
Mon_00093,Monday,New World Hobsonville,8,61.5,144,205.5,753.49,0.0,0.0,753.49,1
Mon_00094,Monday,"Four Square Remuera,Four Square St Heliers",7,80.6,126,206.6,757.35,0.0,0.0,757.35,2
Mon_00095,Monday,"New World Mt Roskill,Four Square Onehunga",10,26.6,180,206.6,757.53,0.0,0.0,757.53,2
Mon_00096,Monday,"Four Square Cockle Bay,Four Square Ellerslie",6,98.6,108,206.6,757.66,0.0,0.0,757.66,2
Mon_00097,Monday,Pak 'n Save Royal Oak,10,26.9,180,206.9,758.61,0.0,0.0,758.61,1
Mon_00098,Monday,"Four Square Pakuranga Heights,Four Square Lancaster",5,117.2,90,207.2,759.7,0.0,0.0,759.7,2
Mon_00099,Monday,"Four Square Ellerslie,Four Square St Heliers",7,81.4,126,207.4,760.55,0.0,0.0,760.55,2
Mon_00100,Monday,"Four Square Glen Eden,New World Green Bay",9,45.4,162,207.4,760.59,0.0,0.0,760.59,2
Mon_00101,Monday,"Four Square Glen Eden,New World New Lynn",9,45.7,162,207.7,761.7,0.0,0.0,761.7,2
Mon_00102,Monday,"Four Square Onehunga,New World New Lynn",9,46.2,162,208.2,763.24,0.0,0.0,763.24,2
Mon_00103,Monday,"Four Square Glen Eden,Four Square Hobsonville",7,82.4,126,208.4,764.18,0.0,0.0,764.18,2
Mon_00104,Monday,New World Victoria Park,9,46.5,162,208.5,764.58,0.0,0.0,764.58,1
Mon_00105,Monday,"Four Square Botany Junction,Four Square Eden Terrace",7,82.6,126,208.6,765.02,0.0,0.0,765.02,2
Mon_00106,Monday,"Four Square Britomart,Four Square St Heliers",7,82.7,126,208.7,765.17,0.0,0.0,765.17,2
Mon_00107,Monday,"Four Square Lancaster,Four Square Ellerslie",6,101.5,108,209.5,768.0,0.0,0.0,768.0,2
Mon_00108,Monday,"Four Square Lancaster,Four Square Remuera",6,101.6,108,209.6,768.51,0.0,0.0,768.51,2
Mon_00109,Monday,"Four Square Cockle Bay,Four Square Remuera",6,101.8,108,209.8,769.42,0.0,0.0,769.42,2
Mon_00110,Monday,"Four Square Onehunga,New World Green Bay",9,48.0,162,210.0,770.0,0.0,0.19,770.19,2
Mon_00111,Monday,"Four Square Botany Junction,Four Square Glen Eden",6,103.5,108,211.5,770.0,1.5,7.63,777.63,2
Mon_00112,Monday,New World Howick,7,85.8,126,211.8,770.0,1.8,9.46,779.46,1
Mon_00113,Monday,"Four Square Cockle Bay,Four Square Britomart",6,104.4,108,212.4,770.0,2.4,12.61,782.61,2
Mon_00114,Monday,"Four Square Fair Price Henderson,Four Square Lancaster",6,104.5,108,212.5,770.0,2.5,13.04,783.04,2
Mon_00115,Monday,"Four Square Hobsonville,Four Square Britomart",7,87.2,126,213.2,770.0,3.2,16.39,786.39,2
Mon_00116,Monday,New World Eastridge,8,69.3,144,213.3,770.0,3.3,16.83,786.83,1
Mon_00117,Monday,"Four Square Lancaster,New World Metro Queen St",7,89.3,126,215.3,770.0,5.3,27.29,797.29,2
Mon_00118,Monday,Pak 'n Save Wairau Road,8,71.3,144,215.3,770.0,5.3,27.64,797.64,1
Mon_00119,Monday,"Four Square Cockle Bay,New World Metro Shore City",5,125.7,90,215.7,770.0,5.7,29.63,799.63,2
Mon_00120,Monday,New World Remuera,9,53.8,162,215.8,770.0,5.8,30.17,800.17,1
Mon_00121,Monday,"Four Square Botany Junction,New World Metro Queen St",7,89.9,126,215.9,770.0,5.9,30.27,800.27,2
Mon_00122,Monday,New World Ormiston,8,72.3,144,216.3,770.0,6.3,32.43,802.43,1
Mon_00123,Monday,"Four Square Lancaster,Four Square Eden Terrace",7,90.5,126,216.5,770.0,6.5,33.37,803.37,2
Mon_00124,Monday,"Four Square Onehunga,Four Square Ellerslie,Four Square Remuera",9,55.0,162,217.0,770.0,7.0,36.22,806.22,3
Mon_00125,Monday,Pak 'n Save Manukau,9,55.9,162,217.9,770.0,7.9,41.05,811.05,1
Mon_00126,Monday,"Four Square Fair Price Henderson,Four Square Botany Junction",6,110.2,108,218.2,770.0,8.2,42.54,812.54,2
Mon_00127,Monday,"Four Square Pakuranga Heights,Four Square Hobsonville",6,110.6,108,218.6,770.0,8.6,44.58,814.58,2
Mon_00128,Monday,Pak 'n Save Mangere,10,38.7,180,218.7,770.0,8.7,44.74,814.74,1
Mon_00129,Monday,"Four Square Glen Eden,Four Square Lancaster",6,111.7,108,219.7,770.0,9.7,50.3,820.3,2
Mon_00130,Monday,"Four Square Torbay,New World Metro Shore City",6,112.5,108,220.5,770.0,10.5,54.44,824.44,2
Mon_00131,Monday,"New World Metro Shore City,Four Square St Heliers",6,112.9,108,220.9,770.0,10.9,56.32,826.32,2
Mon_00132,Monday,"Four Square Hobsonville,Four Square Ellerslie",7,95.1,126,221.1,770.0,11.1,57.38,827.38,2
Mon_00133,Monday,"Four Square Hobsonville,Four Square Remuera",7,95.2,126,221.2,770.0,11.2,58.1,828.1,2
Mon_00134,Monday,"Four Square Cockle Bay,Four Square Eden Terrace",7,95.4,126,221.4,770.0,11.4,58.77,828.77,2
Mon_00135,Monday,"Four Square Lancaster,Four Square Hobsonville",7,96.0,126,222.0,770.0,12.0,61.78,831.78,2
Mon_00136,Monday,"Four Square Hobsonville,Four Square Eden Terrace",8,78.0,144,222.0,770.0,12.0,61.87,831.87,2
Mon_00137,Monday,"New World Mt Roskill,Four Square Glen Eden",10,44.9,180,224.9,770.0,14.9,76.9,846.9,2
Mon_00138,Monday,"Four Square Britomart,New World New Lynn",9,64.1,162,226.1,770.0,16.1,83.42,853.42,2
Mon_00139,Monday,"New World Metro Queen St,Four Square St Heliers",8,83.5,144,227.5,770.0,17.5,90.63,860.63,2
Mon_00140,Monday,"Four Square Fair Price Henderson,New World New Lynn",9,65.8,162,227.8,770.0,17.8,92.22,862.22,2
Mon_00141,Monday,"New World Metro Shore City,New World New Lynn",8,84.3,144,228.3,770.0,18.3,94.69,864.69,2
Mon_00142,Monday,"Four Square Eden Terrace,Four Square St Heliers",8,84.5,144,228.5,770.0,18.5,95.57,865.57,2
Mon_00143,Monday,"Four Square Cockle Bay,New World Metro Queen St",7,102.6,126,228.6,770.0,18.6,96.06,866.06,2
Mon_00144,Monday,New World Long Bay,7,102.6,126,228.6,770.0,18.6,96.18,866.18,1
Mon_00145,Monday,"Four Square Fair Price Henderson,New World Green Bay",9,67.0,162,229.0,770.0,19.0,97.96,867.96,2
Mon_00146,Monday,"New World Green Bay,Four Square Britomart",9,67.3,162,229.3,770.0,19.3,99.51,869.51,2
Mon_00147,Monday,"New World Mt Roskill,Four Square Britomart",10,49.4,180,229.4,770.0,19.4,100.39,870.39,2
Mon_00148,Monday,"Four Square Cockle Bay,Four Square Glen Eden",6,121.5,108,229.5,770.0,19.5,100.62,870.62,2
Mon_00149,Monday,"Four Square Hobsonville,New World Metro Queen St",8,86.0,144,230.0,770.0,20.0,103.27,873.27,2
Mon_00150,Monday,"Four Square Pakuranga Heights,New World New Lynn",8,86.8,144,230.8,770.0,20.8,107.33,877.33,2
Mon_00151,Monday,"Four Square Cockle Bay,Four Square Fair Price Henderson",6,123.3,108,231.3,770.0,21.3,110.26,880.26,2
Mon_00152,Monday,"New World Green Bay,New World Metro Shore City",8,87.4,144,231.4,770.0,21.4,110.77,880.77,2
Mon_00153,Monday,"New World Mt Roskill,New World Metro Shore City",9,69.6,162,231.6,770.0,21.6,111.66,881.66,2
Mon_00154,Monday,"Four Square Lancaster,Four Square Botany Junction",6,124.3,108,232.3,770.0,22.3,114.99,884.99,2
Mon_00155,Monday,"Four Square Botany Junction,Four Square St Heliers",7,107.1,126,233.1,770.0,23.1,119.42,889.42,2
Mon_00156,Monday,Pak 'n Save Westgate,10,54.0,180,234.0,770.0,24.0,123.91,893.91,1
Mon_00157,Monday,"New World Mt Roskill,Four Square Pakuranga Heights",9,72.1,162,234.1,770.0,24.1,124.3,894.3,2
Mon_00158,Monday,"Four Square Ellerslie,New World New Lynn",9,72.1,162,234.1,770.0,24.1,124.41,894.41,2
Mon_00159,Monday,"Four Square Remuera,New World New Lynn",9,72.2,162,234.2,770.0,24.2,125.13,895.13,2
Mon_00160,Monday,"Four Square Pakuranga Heights,New World Green Bay",8,90.9,144,234.9,770.0,24.9,128.55,898.55,2
Mon_00161,Monday,"New World Mt Roskill,Four Square Fair Price Henderson",10,54.9,180,234.9,770.0,24.9,128.7,898.7,2
Mon_00162,Monday,"Four Square Eden Terrace,New World New Lynn",10,54.9,180,234.9,770.0,24.9,128.9,898.9,2
Mon_00163,Monday,"Four Square Onehunga,Four Square Ellerslie,Four Square Eden Terrace",10,55.0,180,235.0,770.0,25.0,129.3,899.3,3
Mon_00164,Monday,"Four Square St Heliers,Four Square Glen Eden",7,109.7,126,235.7,770.0,25.7,132.7,902.7,2
Mon_00165,Monday,"Four Square Fair Price Henderson,Four Square St Heliers",7,110.7,126,236.7,770.0,26.7,138.06,908.06,2
Mon_00166,Monday,"Four Square Onehunga,Four Square Remuera,Four Square Eden Terrace",10,56.8,180,236.8,770.0,26.8,138.51,908.51,3
Mon_00167,Monday,"Four Square Torbay,Four Square Britomart",7,110.8,126,236.8,770.0,26.8,138.55,908.55,2
Mon_00168,Monday,"New World Green Bay,Four Square Ellerslie",9,75.2,162,237.2,770.0,27.2,140.49,910.49,2
Mon_00169,Monday,"New World Green Bay,Four Square Remuera",9,75.3,162,237.3,770.0,27.3,141.22,911.22,2
Mon_00170,Monday,"New World Mt Roskill,Four Square Ellerslie",10,57.4,180,237.4,770.0,27.4,141.38,911.38,2
Mon_00171,Monday,"Four Square Torbay,Four Square Onehunga",7,111.4,126,237.4,770.0,27.4,141.7,911.7,2
Mon_00172,Monday,"New World Mt Roskill,Four Square Remuera",10,57.5,180,237.5,770.0,27.5,142.11,912.11,2
Mon_00173,Monday,"New World Green Bay,Four Square Eden Terrace",10,58.1,180,238.1,770.0,28.1,144.98,914.98,2
Mon_00174,Monday,"Four Square Cockle Bay,Four Square St Heliers",7,112.2,126,238.2,770.0,28.2,145.69,915.69,2
Mon_00175,Monday,"New World Mt Roskill,Four Square Eden Terrace",11,40.2,198,238.2,770.0,28.2,145.87,915.87,2
Mon_00176,Monday,"Four Square Onehunga,New World Mt Albert",11,41.1,198,239.1,770.0,29.1,150.23,920.23,2
Mon_00177,Monday,"New World Devonport,New World Metro Shore City",8,95.4,144,239.4,770.0,29.4,151.76,921.76,2
Mon_00178,Monday,New World Browns Bay,8,95.5,144,239.5,770.0,29.5,152.63,922.63,1
Mon_00179,Monday,Pak 'n Save Papakura,9,77.9,162,239.9,770.0,29.9,154.28,924.28,1
Mon_00180,Monday,"New World Metro Shore City,New World Milford",9,78.5,162,240.5,770.0,30.5,157.5,927.5,2
Mon_00181,Monday,"Four Square Onehunga,New World Stonefields",10,60.7,180,240.7,770.0,30.7,158.69,928.69,2
Mon_00182,Monday,"New World Metro Shore City,Four Square Britomart,New World Metro Queen St",9,79.5,162,241.5,770.0,31.5,162.97,932.97,3
Mon_00183,Monday,New World Botany,9,79.9,162,241.9,770.0,31.9,164.62,934.62,1
Mon_00184,Monday,"Four Square Pakuranga Heights,New World Stonefields",9,80.2,162,242.2,770.0,32.2,166.21,936.21,2
Mon_00185,Monday,New World Papakura,9,80.6,162,242.6,770.0,32.6,168.57,938.57,1
Mon_00186,Monday,"New World Metro Queen St,New World New Lynn",10,63.0,180,243.0,770.0,33.0,170.3,940.3,2
Mon_00187,Monday,"Four Square Fair Price Henderson,Four Square Torbay",7,117.6,126,243.6,770.0,33.6,173.52,943.52,2
Mon_00188,Monday,"Four Square Ellerslie,Four Square Remuera,Four Square Eden Terrace",10,63.9,180,243.9,770.0,33.9,175.15,945.15,3
Mon_00189,Monday,"Four Square Hobsonville,Four Square Botany Junction",7,117.9,126,243.9,770.0,33.9,175.19,945.19,2
Mon_00190,Monday,"Four Square Cockle Bay,Four Square Lancaster",6,137.6,108,245.6,770.0,35.6,183.82,953.82,2
Mon_00191,Monday,"New World Green Bay,New World Metro Queen St",10,66.1,180,246.1,770.0,36.1,186.39,956.39,2
Mon_00192,Monday,"New World Mt Roskill,New World Metro Queen St",11,48.2,198,246.2,770.0,36.2,187.28,957.28,2
Mon_00193,Monday,"Four Square Onehunga,New World Newmarket",11,48.6,198,246.6,770.0,36.6,189.34,959.34,2
Mon_00194,Monday,"Four Square Ellerslie,New World Stonefields",10,67.0,180,247.0,770.0,37.0,191.07,961.07,2
Mon_00195,Monday,"New World Birkenhead,New World Metro Shore City",9,85.3,162,247.3,770.0,37.3,192.66,962.66,2
Mon_00196,Monday,"Four Square Pakuranga Heights,Four Square Torbay",6,139.3,108,247.3,770.0,37.3,192.88,962.88,2
Mon_00197,Monday,"Four Square Onehunga,New World Point Chevalier",11,49.7,198,247.7,770.0,37.7,194.8,964.8,2
Mon_00198,Monday,"Four Square Lancaster,Four Square Torbay",7,122.0,126,248.0,770.0,38.0,196.14,966.14,2
Mon_00199,Monday,"Four Square Torbay,Four Square Ellerslie",7,122.0,126,248.0,770.0,38.0,196.21,966.21,2
Mon_00200,Monday,"New World Stonefields,Four Square Remuera",10,68.0,180,248.0,770.0,38.0,196.52,966.52,2
Mon_00201,Monday,"New World Mt Roskill,Four Square Botany Junction",10,68.0,180,248.0,770.0,38.0,196.54,966.54,2
Mon_00202,Monday,"Four Square Torbay,Four Square Remuera",7,122.1,126,248.1,770.0,38.1,196.93,966.93,2
Mon_00203,Monday,"Four Square Britomart,New World Mt Albert",11,51.4,198,249.4,770.0,39.4,203.72,973.72,2
Mon_00204,Monday,"Four Square Botany Junction,New World New Lynn",9,87.6,162,249.6,770.0,39.6,204.6,974.6,2
Mon_00205,Monday,Pak 'n Save Albany,9,87.7,162,249.7,770.0,39.7,204.94,974.94,1
Mon_00206,Monday,"Four Square Britomart,New World Metro Queen St,Four Square Ellerslie",10,70.0,180,250.0,770.0,40.0,206.7,976.7,3
Mon_00207,Monday,"Four Square Onehunga,New World Southmall",10,70.4,180,250.4,770.0,40.4,208.76,978.76,2
Mon_00208,Monday,"New World Howick,Four Square Pakuranga Heights",9,88.7,162,250.7,770.0,40.7,210.32,980.32,2
Mon_00209,Monday,"Four Square Lancaster,Four Square St Heliers",7,124.7,126,250.7,770.0,40.7,210.51,980.51,2
Mon_00210,Monday,"Four Square Glen Eden,Four Square Torbay",7,124.8,126,250.8,770.0,40.8,210.78,980.78,2
Mon_00211,Monday,"Four Square Ellerslie,Four Square Remuera,New World Metro Queen St",10,71.1,180,251.1,770.0,41.1,212.44,982.44,3
Mon_00212,Monday,New World Albany,9,89.3,162,251.3,770.0,41.3,213.24,983.24,1
Mon_00213,Monday,"Four Square Botany Junction,New World Green Bay",9,89.5,162,251.5,770.0,41.5,214.31,984.31,2
Mon_00214,Monday,"Four Square Britomart,New World Metro Queen St,Four Square Eden Terrace",11,53.6,198,251.6,770.0,41.6,214.71,984.71,3
Mon_00215,Monday,"New World Metro Shore City,New World Mt Albert",10,71.6,180,251.6,770.0,41.6,214.98,984.98,2
Mon_00216,Monday,"New World New Lynn,New World Green Bay",12,36.0,216,252.0,770.0,42.0,216.75,986.75,2
Mon_00217,Monday,"Four Square Pakuranga Heights,New World Southmall",9,90.1,162,252.1,770.0,42.1,217.55,987.55,2
Mon_00218,Monday,"Pak 'n Save Lincoln Road,Four Square Fair Price Henderson",11,54.8,198,252.8,770.0,42.8,221.01,991.01,2
Mon_00219,Monday,"Four Square Britomart,New World Point Chevalier",11,55.3,198,253.3,770.0,43.3,223.49,993.49,2
Mon_00220,Monday,"Four Square Hobsonville,New World New Lynn",10,73.5,180,253.5,770.0,43.5,224.87,994.87,2
Mon_00221,Monday,"Four Square Glen Eden,New World Mt Albert",11,55.6,198,253.6,770.0,43.6,225.12,995.12,2
Mon_00222,Monday,"Four Square Torbay,Four Square Hobsonville",8,109.7,144,253.7,770.0,43.7,225.93,995.93,2
Mon_00223,Monday,"Four Square Torbay,New World Metro Queen St",8,109.8,144,253.8,770.0,43.8,226.32,996.32,2
Mon_00224,Monday,Pak 'n Save Henderson,11,55.9,198,253.9,770.0,43.9,226.57,996.57,1
Mon_00225,Monday,"Four Square Pakuranga Heights,New World Mt Albert",10,74.1,180,254.1,770.0,44.1,227.62,997.62,2
Mon_00226,Monday,"Four Square Onehunga,Pak 'n Save Mt Albert",12,38.9,216,254.9,770.0,44.9,232.13,1002.13,2
Mon_00227,Monday,"Four Square Torbay,Four Square Eden Terrace",8,111.0,144,255.0,770.0,45.0,232.39,1002.39,2
Mon_00228,Monday,"New World Metro Shore City,New World Point Chevalier",10,75.4,180,255.4,770.0,45.4,234.75,1004.75,2
Mon_00229,Monday,"Four Square Britomart,New World Newmarket",11,57.8,198,255.8,770.0,45.8,236.74,1006.74,2
Mon_00230,Monday,"Four Square Onehunga,New World Papatoetoe",11,57.9,198,255.9,770.0,45.9,237.34,1007.34,2
Mon_00231,Monday,"New World Mt Albert,Four Square Eden Terrace",12,40.6,216,256.6,770.0,46.6,240.74,1010.74,2
Mon_00232,Monday,"Four Square Cockle Bay,Four Square Hobsonville",7,131.0,126,257.0,770.0,47.0,242.91,1012.91,2
Mon_00233,Monday,"Four Square Pakuranga Heights,New World Newmarket",10,77.2,180,257.2,770.0,47.2,243.8,1013.8,2
Mon_00234,Monday,"Four Square Glen Eden,New World Point Chevalier",11,59.2,198,257.2,770.0,47.2,244.05,1014.05,2
Mon_00235,Monday,"Four Square Ellerslie,New World Mt Albert",11,59.4,198,257.4,770.0,47.4,244.71,1014.71,2
Mon_00236,Monday,"Four Square Remuera,New World Mt Albert",11,59.5,198,257.5,770.0,47.5,245.43,1015.43,2
Mon_00237,Monday,"Four Square Britomart,New World Stonefields",10,77.8,180,257.8,770.0,47.8,246.78,1016.78,2
Mon_00238,Monday,"Four Square Pakuranga Heights,New World Point Chevalier",10,77.9,180,257.9,770.0,47.9,247.39,1017.39,2
Mon_00239,Monday,"Four Square Lancaster,New World New Lynn",9,96.2,162,258.2,770.0,48.2,248.88,1018.88,2
Mon_00240,Monday,"New World Newmarket,Four Square Ellerslie",11,60.4,198,258.4,770.0,48.4,249.84,1019.84,2
Mon_00241,Monday,"New World Newmarket,Four Square Remuera",11,60.5,198,258.5,770.0,48.5,250.56,1020.56,2
Mon_00242,Monday,"New World Metro Shore City,New World Newmarket",10,78.5,180,258.5,770.0,48.5,250.67,1020.67,2
Mon_00243,Monday,"New World Southmall,Four Square Botany Junction",10,78.7,180,258.7,770.0,48.7,251.71,1021.71,2
Mon_00244,Monday,"Four Square Pakuranga Heights,New World Papatoetoe",10,78.7,180,258.7,770.0,48.7,251.74,1021.74,2
Mon_00245,Monday,"Pak 'n Save Wairau Road,New World Metro Shore City",10,78.8,180,258.8,770.0,48.8,252.09,1022.09,2
Mon_00246,Monday,"New World Mt Albert,Four Square Fair Price Henderson",11,60.8,198,258.8,770.0,48.8,252.15,1022.15,2
Mon_00247,Monday,"Four Square Onehunga,New World Birkenhead",10,79.1,180,259.1,770.0,49.1,253.48,1023.48,2
Mon_00248,Monday,"Four Square Britomart,New World Birkenhead",10,80.0,180,260.0,770.0,50.0,258.08,1028.08,2
Mon_00249,Monday,"Four Square Fair Price Henderson,New World Point Chevalier",11,62.1,198,260.1,770.0,50.1,258.85,1028.85,2
Mon_00250,Monday,"Four Square Onehunga,Pak 'n Save Lincoln Road",11,62.3,198,260.3,770.0,50.3,260.04,1030.04,2
Mon_00251,Monday,"New World Green Bay,Four Square Hobsonville",10,80.4,180,260.4,770.0,50.4,260.46,1030.46,2
Mon_00252,Monday,"New World Metro Shore City,New World Stonefields",9,98.5,162,260.5,770.0,50.5,260.71,1030.71,2
Mon_00253,Monday,"New World Mt Roskill,Four Square Hobsonville",11,62.6,198,260.6,770.0,50.6,261.35,1031.35,2
Mon_00254,Monday,"New World Howick,Four Square Onehunga",10,80.6,180,260.6,770.0,50.6,261.47,1031.47,2
Mon_00255,Monday,Pak 'n Save Glen Innes,10,80.7,180,260.7,770.0,50.7,262.06,1032.06,1
Mon_00256,Monday,"Four Square Ellerslie,New World Point Chevalier",11,63.2,198,261.2,770.0,51.2,264.47,1034.47,2
Mon_00257,Monday,"New World Green Bay,Four Square Lancaster",9,99.3,162,261.3,770.0,51.3,264.96,1034.96,2
Mon_00258,Monday,"Four Square Remuera,New World Point Chevalier",11,63.3,198,261.3,770.0,51.3,265.2,1035.2,2
Mon_00259,Monday,"New World Mt Roskill,Four Square Lancaster",10,81.5,180,261.5,770.0,51.5,265.85,1035.85,2
Mon_00260,Monday,"Four Square Glen Eden,Pak 'n Save Lincoln Road",11,63.9,198,261.9,770.0,51.9,268.16,1038.16,2
Mon_00261,Monday,"Four Square Eden Terrace,New World Point Chevalier",12,46.1,216,262.1,770.0,52.1,268.96,1038.96,2
Mon_00262,Monday,"Four Square Hobsonville,Four Square St Heliers",8,118.4,144,262.4,770.0,52.4,270.71,1040.71,2
Mon_00263,Monday,"Four Square Onehunga,New World Devonport",9,100.4,162,262.4,770.0,52.4,270.9,1040.9,2
Mon_00264,Monday,"New World Birkenhead,Four Square Lancaster",10,82.8,180,262.8,770.0,52.8,272.55,1042.55,2
Mon_00265,Monday,"Four Square Ellerslie,New World Southmall",10,83.0,180,263.0,770.0,53.0,273.98,1043.98,2
Mon_00266,Monday,"Four Square Britomart,New World Devonport",9,101.3,162,263.3,770.0,53.3,275.5,1045.5,2
Mon_00267,Monday,Pak 'n Save Sylvia Park,11,65.5,198,263.5,770.0,53.5,276.38,1046.38,1
Mon_00268,Monday,"Four Square Pakuranga Heights,New World Ormiston",10,83.5,180,263.5,770.0,53.5,276.42,1046.42,2
Mon_00269,Monday,"Pak 'n Save Royal Oak,Four Square Onehunga",13,29.6,234,263.6,770.0,53.6,276.89,1046.89,2
Mon_00270,Monday,"New World New Lynn,New World Mt Roskill",13,29.8,234,263.8,770.0,53.8,278.08,1048.08,2
Mon_00271,Monday,"Four Square Ellerslie,Four Square Remuera,Four Square St Heliers",10,84.0,180,264.0,770.0,54.0,279.08,1049.08,3
Mon_00272,Monday,"Four Square Onehunga,New World Milford",10,84.1,180,264.1,770.0,54.1,279.44,1049.44,2
Mon_00273,Monday,"Four Square Onehunga,New World Eastridge",11,66.2,198,264.2,770.0,54.2,280.17,1050.17,2
Mon_00274,Monday,"Four Square Glen Eden,Pak 'n Save Mt Albert",12,48.6,216,264.6,770.0,54.6,282.09,1052.09,2
Mon_00275,Monday,"New World Green Bay,New World Mt Roskill",13,30.9,234,264.9,770.0,54.9,283.58,1053.58,2
Mon_00276,Monday,"Four Square Britomart,New World Milford",10,85.0,180,265.0,770.0,55.0,284.04,1054.04,2
Mon_00277,Monday,"New World Newmarket,Four Square Eden Terrace",12,49.2,216,265.2,770.0,55.2,285.21,1055.21,2
Mon_00278,Monday,"New World Metro Queen St,New World Mt Albert",12,50.2,216,266.2,770.0,56.2,290.6,1060.6,2
Mon_00279,Monday,"Four Square Britomart,Four Square St Heliers,Four Square Remuera",10,86.7,180,266.7,770.0,56.7,292.7,1062.7,3
Mon_00280,Monday,"New World Stonefields,Four Square Eden Terrace",11,69.1,198,267.1,770.0,57.1,295.24,1065.24,2
Mon_00281,Monday,"New World Southmall,Four Square Remuera",10,87.2,180,267.2,770.0,57.2,295.56,1065.56,2
Mon_00282,Monday,"Four Square Onehunga,New World Remuera",12,51.3,216,267.3,770.0,57.3,296.27,1066.27,2
Mon_00283,Monday,"Four Square Pakuranga Heights,New World Eastridge",10,88.3,180,268.3,770.0,58.3,301.01,1071.01,2
Mon_00284,Monday,"New World Papatoetoe,Four Square Botany Junction",11,70.4,198,268.4,770.0,58.4,301.96,1071.96,2
Mon_00285,Monday,"New World Howick,Four Square Botany Junction",10,88.7,180,268.7,770.0,58.7,303.25,1073.25,2
Mon_00286,Monday,"Four Square Pakuranga Heights,New World Birkenhead",9,106.9,162,268.9,770.0,58.9,304.1,1074.1,2
Mon_00287,Monday,"Four Square Cockle Bay,New World New Lynn",9,107.2,162,269.2,770.0,59.2,305.66,1075.66,2
Mon_00288,Monday,"Four Square Ellerslie,New World Metro Queen St,Four Square Eden Terrace",11,71.2,198,269.2,770.0,59.2,306.06,1076.06,3
Mon_00289,Monday,"Four Square Remuera,New World Metro Queen St,Four Square Eden Terrace",11,71.4,198,269.4,770.0,59.4,306.78,1076.78,3
Mon_00290,Monday,"Four Square Britomart,Pak 'n Save Mt Albert",12,53.5,216,269.5,770.0,59.5,307.46,1077.46,2
Mon_00291,Monday,"New World Southmall,Four Square Britomart",10,89.8,180,269.8,770.0,59.8,309.0,1079.0,2
Mon_00292,Monday,"New World Victoria Park,Four Square Britomart",12,53.8,216,269.8,770.0,59.8,309.2,1079.2,2
Mon_00293,Monday,"New World Metro Queen St,New World Point Chevalier",12,54.1,216,270.1,770.0,60.1,310.37,1080.37,2
Mon_00294,Monday,"Four Square Remuera,New World Eastridge",11,72.1,198,270.1,770.0,60.1,310.47,1080.47,2
Mon_00295,Monday,"New World Papatoetoe,Four Square Ellerslie",11,72.2,198,270.2,770.0,60.2,311.03,1081.03,2
Mon_00296,Monday,"Pak 'n Save Lincoln Road,Four Square Britomart",11,72.6,198,270.6,770.0,60.6,313.33,1083.33,2
Mon_00297,Monday,"Four Square Torbay,Four Square Botany Junction",7,144.8,126,270.8,770.0,60.8,314.02,1084.02,2
Mon_00298,Monday,"New World Ormiston,Four Square Botany Junction",11,72.8,198,270.8,770.0,60.8,314.13,1084.13,2
Mon_00299,Monday,"New World Birkenhead,Four Square Ellerslie",10,91.1,180,271.1,770.0,61.1,315.79,1085.79,2
Mon_00300,Monday,"New World Birkenhead,Four Square Remuera",10,91.3,180,271.3,770.0,61.3,316.51,1086.51,2
Mon_00301,Monday,"Four Square Onehunga,New World Victoria Park",12,55.4,216,271.4,770.0,61.4,317.24,1087.24,2
Mon_00302,Monday,"Pak 'n Save Lincoln Road,New World Metro Shore City",10,91.5,180,271.5,770.0,61.5,317.81,1087.81,2
Mon_00303,Monday,Pak 'n Save Ormiston,11,73.6,198,271.6,770.0,61.6,318.37,1088.37,1
Mon_00304,Monday,"Four Square Hobsonville,Four Square Lancaster,New World Metro Shore City",9,109.6,162,271.6,770.0,61.6,318.52,1088.52,3
Mon_00305,Monday,"New World Metro Shore City,Pak 'n Save Mt Albert",11,73.7,198,271.7,770.0,61.7,318.72,1088.72,2
Mon_00306,Monday,"New World Stonefields,Four Square Botany Junction",10,92.0,180,272.0,770.0,62.0,320.15,1090.15,2
Mon_00307,Monday,"Four Square Britomart,New World Eastridge",11,74.0,198,272.0,770.0,62.0,320.16,1090.16,2
Mon_00308,Monday,"New World Victoria Park,New World Metro Shore City",11,74.2,198,272.2,770.0,62.2,321.46,1091.46,2
Mon_00309,Monday,"Four Square Pakuranga Heights,New World Devonport",8,128.2,144,272.2,770.0,62.2,321.51,1091.51,2
Mon_00310,Monday,"New World Hobsonville,New World Metro Shore City",10,92.2,180,272.2,770.0,62.2,321.56,1091.56,2
Mon_00311,Monday,"New World Newmarket,New World Metro Queen St",12,56.4,216,272.4,770.0,62.4,322.5,1092.5,2
Mon_00312,Monday,"New World Mt Roskill,Four Square Cockle Bay",10,92.4,180,272.4,770.0,62.4,322.63,1092.63,2
Mon_00313,Monday,"Four Square Cockle Bay,New World Howick",10,92.6,180,272.6,770.0,62.6,323.18,1093.18,2
Mon_00314,Monday,"New World Howick,Four Square Ellerslie",10,92.7,180,272.7,770.0,62.7,324.01,1094.01,2
Mon_00315,Monday,"Four Square Fair Price Henderson,New World Hobsonville",11,74.8,198,272.8,770.0,62.8,324.49,1094.49,2
Mon_00316,Monday,"New World Long Bay,New World Metro Shore City",9,110.9,162,272.9,770.0,62.9,324.87,1094.87,2
Mon_00317,Monday,"New World Southmall,New World Metro Shore City",9,111.1,162,273.1,770.0,63.1,326.01,1096.01,2
Mon_00318,Monday,"Four Square Cockle Bay,New World Green Bay",9,111.3,162,273.3,770.0,63.3,326.88,1096.88,2
Mon_00319,Monday,"New World Newmarket,Four Square Glen Eden",11,75.3,198,273.3,770.0,63.3,327.06,1097.06,2
Mon_00320,Monday,"New World Papatoetoe,Four Square Remuera",11,75.4,198,273.4,770.0,63.4,327.6,1097.6,2
Mon_00321,Monday,"Four Square Ellerslie,New World Eastridge",11,75.6,198,273.6,770.0,63.6,328.38,1098.38,2
Mon_00322,Monday,"Four Square Lancaster,New World Milford",10,93.8,180,273.8,770.0,63.8,329.41,1099.41,2
Mon_00323,Monday,"Four Square Pakuranga Heights,New World Milford",9,111.9,162,273.9,770.0,63.9,330.05,1100.05,2
Mon_00324,Monday,"Four Square Pakuranga Heights,Pak 'n Save Mt Albert",11,76.1,198,274.1,770.0,64.1,331.36,1101.36,2
Mon_00325,Monday,"Four Square Fair Price Henderson,New World Newmarket",11,76.3,198,274.3,770.0,64.3,332.42,1102.42,2
Mon_00326,Monday,"New World Stonefields,New World Metro Queen St",11,76.4,198,274.4,770.0,64.4,332.53,1102.53,2
Mon_00327,Monday,"Four Square Onehunga,New World Hobsonville",11,76.5,198,274.5,770.0,64.5,333.05,1103.05,2
Mon_00328,Monday,"New World Devonport,Four Square Ellerslie",9,112.5,162,274.5,770.0,64.5,333.2,1103.2,2
Mon_00329,Monday,"New World Remuera,Four Square Remuera",12,58.5,216,274.5,770.0,64.5,333.24,1103.24,2
Mon_00330,Monday,"New World Devonport,Four Square Remuera",9,112.6,162,274.6,770.0,64.6,333.93,1103.93,2
Mon_00331,Monday,"New World Stonefields,Four Square Glen Eden",10,95.2,180,275.2,770.0,65.2,337.09,1107.09,2
Mon_00332,Monday,"Four Square St Heliers,New World New Lynn",10,95.4,180,275.4,770.0,65.4,337.74,1107.74,2
Mon_00333,Monday,"New World Howick,Four Square Remuera",10,95.9,180,275.9,770.0,65.9,340.58,1110.58,2
Mon_00334,Monday,"New World Papatoetoe,Four Square Britomart",11,78.0,198,276.0,770.0,66.0,341.03,1111.03,2
Mon_00335,Monday,"Four Square Pakuranga Heights,Pak 'n Save Lincoln Road",10,96.1,180,276.1,770.0,66.1,341.52,1111.52,2
Mon_00336,Monday,"New World Milford,Four Square Ellerslie",10,96.1,180,276.1,770.0,66.1,341.74,1111.74,2
Mon_00337,Monday,"Four Square Fair Price Henderson,New World Stonefields",10,96.3,180,276.3,770.0,66.3,342.45,1112.45,2
Mon_00338,Monday,"New World Milford,Four Square Remuera",10,96.3,180,276.3,770.0,66.3,342.47,1112.47,2
Mon_00339,Monday,"New World Birkenhead,New World Metro Queen St",11,78.9,198,276.9,770.0,66.9,345.9,1115.9,2
Mon_00340,Monday,"Four Square Fair Price Henderson,New World Milford",10,97.2,180,277.2,770.0,67.2,347.02,1117.02,2
Mon_00341,Monday,"Four Square Fair Price Henderson,Pak 'n Save Mt Albert",12,61.3,216,277.3,770.0,67.3,347.52,1117.52,2
Mon_00342,Monday,"Four Square Ellerslie,Pak 'n Save Mt Albert",12,61.4,216,277.4,770.0,67.4,348.44,1118.44,2
Mon_00343,Monday,"Four Square Onehunga,New World Ormiston",11,79.4,198,277.4,770.0,67.4,348.49,1118.49,2
Mon_00344,Monday,"Four Square Remuera,Pak 'n Save Mt Albert",12,61.6,216,277.6,770.0,67.6,349.17,1119.17,2
Mon_00345,Monday,"Four Square Pakuranga Heights,New World Botany",11,79.6,198,277.6,770.0,67.6,349.28,1119.28,2
Mon_00346,Monday,"Four Square Ellerslie,New World Remuera",12,62.0,216,278.0,770.0,68.0,351.22,1121.22,2
Mon_00347,Monday,"Four Square Onehunga,Pak 'n Save Wairau Road",11,80.0,198,278.0,770.0,68.0,351.23,1121.23,2
Mon_00348,Monday,"New World Birkenhead,Four Square Eden Terrace",11,80.1,198,278.1,770.0,68.1,351.97,1121.97,2
Mon_00349,Monday,"Pak 'n Save Mt Albert,Four Square Eden Terrace",13,44.1,234,278.1,770.0,68.1,352.01,1122.01,2
Mon_00350,Monday,"Four Square Lancaster,New World Devonport",9,116.4,162,278.4,770.0,68.4,353.24,1123.24,2
Mon_00351,Monday,"New World Green Bay,Four Square St Heliers",10,98.5,180,278.5,770.0,68.5,353.82,1123.82,2
Mon_00352,Monday,"New World Howick,Four Square Britomart",10,98.5,180,278.5,770.0,68.5,354.01,1124.01,2
Mon_00353,Monday,"Pak 'n Save Lincoln Road,Four Square Ellerslie",11,80.6,198,278.6,770.0,68.6,354.32,1124.32,2
Mon_00354,Monday,"New World Mt Roskill,Four Square St Heliers",11,80.7,198,278.7,770.0,68.7,354.71,1124.71,2
Mon_00355,Monday,"Pak 'n Save Lincoln Road,Four Square Remuera",11,80.7,198,278.7,770.0,68.7,355.04,1125.04,2
Mon_00356,Monday,"New World Southmall,Four Square Eden Terrace",11,80.7,198,278.7,770.0,68.7,355.15,1125.15,2
Mon_00357,Monday,"Four Square Pakuranga Heights,New World Remuera",11,80.8,198,278.8,770.0,68.8,355.64,1125.64,2
Mon_00358,Monday,"New World Hobsonville,Four Square Hobsonville",12,62.9,216,278.9,770.0,68.9,355.81,1125.81,2
Mon_00359,Monday,"Four Square Britomart,Pak 'n Save Wairau Road",11,80.9,198,278.9,770.0,68.9,355.83,1125.83,2
Mon_00360,Monday,"Four Square Onehunga,Pak 'n Save Manukau",12,63.1,216,279.1,770.0,69.1,357.1,1127.1,2
Mon_00361,Monday,"Four Square Pakuranga Heights,Pak 'n Save Manukau",11,81.1,198,279.1,770.0,69.1,357.19,1127.19,2
Mon_00362,Monday,"New World Papatoetoe,New World Metro Shore City",10,99.3,180,279.3,770.0,69.3,358.05,1128.05,2
Mon_00363,Monday,"New World Southmall,Four Square Glen Eden",10,99.4,180,279.4,770.0,69.4,358.36,1128.36,2
Mon_00364,Monday,"Pak 'n Save Lincoln Road,Four Square Eden Terrace",12,63.4,216,279.4,770.0,69.4,358.81,1128.81,2
Mon_00365,Monday,Pak 'n Save Clendon,12,63.5,216,279.5,770.0,69.5,358.85,1128.85,1
Mon_00366,Monday,"Four Square Botany Junction,New World Mt Albert",11,81.7,198,279.7,770.0,69.7,360.17,1130.17,2
Mon_00367,Monday,"Four Square Onehunga,Pak 'n Save Mangere",13,45.8,234,279.8,770.0,69.8,360.79,1130.79,2
Mon_00368,Monday,"Four Square Glen Eden,New World Hobsonville",11,82.0,198,280.0,770.0,70.0,361.75,1131.75,2
Mon_00369,Monday,"New World Birkenhead,Four Square Glen Eden",10,100.2,180,280.2,770.0,70.2,362.45,1132.45,2
Mon_00370,Monday,Pak 'n Save Botany,11,82.3,198,280.3,770.0,70.3,363.17,1133.17,1
Mon_00371,Monday,"New World Devonport,New World Metro Queen St",10,100.3,180,280.3,770.0,70.3,363.32,1133.32,2
Mon_00372,Monday,"Four Square Cockle Bay,New World Stonefields",10,100.4,180,280.4,770.0,70.4,363.76,1133.76,2
Mon_00373,Monday,"Four Square Onehunga,New World New Lynn,Four Square Glen Eden",12,64.5,216,280.5,770.0,70.5,364.1,1134.1,3
Mon_00374,Monday,"New World Newmarket,Four Square Botany Junction",11,83.2,198,281.2,770.0,71.2,367.65,1137.65,2
Mon_00375,Monday,"Four Square Fair Price Henderson,New World Birkenhead",10,101.2,180,281.2,770.0,71.2,367.8,1137.8,2
Mon_00376,Monday,"Four Square Pakuranga Heights,New World Victoria Park",11,83.2,198,281.2,770.0,71.2,367.86,1137.86,2
Mon_00377,Monday,"New World Stonefields,Four Square St Heliers",11,83.4,198,281.4,770.0,71.4,368.98,1138.98,2
Mon_00378,Monday,"Four Square Lancaster,New World Mt Albert",11,83.5,198,281.5,770.0,71.5,369.17,1139.17,2
Mon_00379,Monday,"New World Devonport,Four Square Eden Terrace",10,101.5,180,281.5,770.0,71.5,369.39,1139.39,2
Mon_00380,Monday,"New World Howick,New World Metro Shore City",9,119.8,162,281.8,770.0,71.8,371.03,1141.03,2
Mon_00381,Monday,"New World Milford,New World Metro Queen St",11,84.0,198,282.0,770.0,72.0,371.86,1141.86,2
Mon_00382,Monday,"Four Square Britomart,New World Remuera",12,66.1,216,282.1,770.0,72.1,372.41,1142.41,2
Mon_00383,Monday,"New World Metro Shore City,New World Eastridge",10,102.2,180,282.2,770.0,72.2,373.01,1143.01,2
Mon_00384,Monday,"New World Milford,Four Square Eden Terrace",11,85.1,198,283.1,770.0,73.1,377.93,1147.93,2
Mon_00385,Monday,"Four Square Fair Price Henderson,New World Devonport",9,121.2,162,283.2,770.0,73.2,378.44,1148.44,2
Mon_00386,Monday,"New World Devonport,Four Square Glen Eden",9,121.5,162,283.5,770.0,73.5,379.87,1149.87,2
Mon_00387,Monday,"Four Square Botany Junction,New World Point Chevalier",11,85.5,198,283.5,770.0,73.5,379.94,1149.94,2
Mon_00388,Monday,"Four Square Cockle Bay,New World Southmall",10,103.8,180,283.8,770.0,73.8,381.28,1151.28,2
Mon_00389,Monday,"New World Browns Bay,New World Metro Shore City",10,103.8,180,283.8,770.0,73.8,381.31,1151.31,2
Mon_00390,Monday,"Pak 'n Save Lincoln Road,Four Square Hobsonville",12,68.3,216,284.3,770.0,74.3,384.13,1154.13,2
Mon_00391,Monday,"Four Square Glen Eden,New World Milford",10,104.4,180,284.4,770.0,74.4,384.28,1154.28,2
Mon_00392,Monday,"New World Mt Albert,Four Square Hobsonville",12,68.5,216,284.5,770.0,74.5,384.8,1154.8,2
Mon_00393,Monday,"Four Square Ellerslie,New World Victoria Park",12,68.5,216,284.5,770.0,74.5,384.94,1154.94,2
Mon_00394,Monday,"Four Square Remuera,New World Victoria Park",12,68.6,216,284.6,770.0,74.6,385.66,1155.66,2
Mon_00395,Monday,"New World Hobsonville,Four Square Britomart",11,86.8,198,284.8,770.0,74.8,386.34,1156.34,2
Mon_00396,Monday,"New World Metro Shore City,New World Remuera",11,86.8,198,284.8,770.0,74.8,386.34,1156.34,2
Mon_00397,Monday,"New World Papatoetoe,Four Square Glen Eden",11,86.9,198,284.9,770.0,74.9,386.94,1156.94,2
Mon_00398,Monday,"New World Papatoetoe,Four Square Eden Terrace",12,68.9,216,284.9,770.0,74.9,387.19,1157.19,2
Mon_00399,Monday,"Pak 'n Save Manukau,Four Square Botany Junction",12,69.0,216,285.0,770.0,75.0,387.45,1157.45,2
Mon_00400,Monday,"Four Square Lancaster,Pak 'n Save Wairau Road",11,87.0,198,285.0,770.0,75.0,387.49,1157.49,2
Mon_00401,Monday,"Four Square Fair Price Henderson,Four Square Glen Eden,New World Green Bay",12,69.2,216,285.2,770.0,75.2,388.77,1158.77,3
Mon_00402,Monday,"Four Square Lancaster,New World Point Chevalier",11,87.3,198,285.3,770.0,75.3,388.94,1158.94,2
Mon_00403,Monday,"New World Mt Roskill,Four Square Ellerslie,Four Square Onehunga",13,51.4,234,285.4,770.0,75.4,389.61,1159.61,3
Mon_00404,Monday,"Four Square Pakuranga Heights,Pak 'n Save Royal Oak",12,69.4,216,285.4,770.0,75.4,389.68,1159.68,2
Mon_00405,Monday,"New World Victoria Park,Four Square Eden Terrace",13,51.7,234,285.7,770.0,75.7,391.18,1161.18,2
Mon_00406,Monday,"Four Square Cockle Bay,Four Square Torbay",7,159.7,126,285.7,770.0,75.7,391.21,1161.21,2
Mon_00407,Monday,"Four Square Hobsonville,New World Point Chevalier",12,69.8,216,285.8,770.0,75.8,391.5,1161.5,2
Mon_00408,Monday,"Pak 'n Save Royal Oak,Four Square Ellerslie",13,51.9,234,285.9,770.0,75.9,391.91,1161.91,2
Mon_00409,Monday,"New World Southmall,New World Metro Queen St",11,88.0,198,286.0,770.0,76.0,392.44,1162.44,2
Mon_00410,Monday,"New World Victoria Park,New World Metro Queen St",13,52.1,234,286.1,770.0,76.1,393.29,1163.29,2
Mon_00411,Monday,"New World Metro Queen St,Pak 'n Save Mt Albert",13,52.3,234,286.3,770.0,76.3,394.34,1164.34,2
Mon_00412,Monday,"Four Square Ellerslie,New World Ormiston",11,88.4,198,286.4,770.0,76.4,394.69,1164.69,2
Mon_00413,Monday,"New World Howick,Four Square Eden Terrace",11,89.5,198,287.5,770.0,77.5,400.17,1170.17,2
Mon_00414,Monday,"Pak 'n Save Lincoln Road,New World Metro Queen St",12,71.5,216,287.5,770.0,77.5,400.21,1170.21,2
Mon_00415,Monday,"Pak 'n Save Royal Oak,Four Square Remuera",13,53.6,234,287.6,770.0,77.6,401.12,1171.12,2
Mon_00416,Monday,"Four Square Pakuranga Heights,Pak 'n Save Wairau Road",10,107.8,180,287.8,770.0,77.8,401.85,1171.85,2
Mon_00417,Monday,"New World Mt Roskill,Four Square Onehunga,Four Square Remuera",13,53.9,234,287.9,770.0,77.9,402.37,1172.37,3
Mon_00418,Monday,"Four Square Hobsonville,New World Milford",11,90.2,198,288.2,770.0,78.2,404.25,1174.25,2
Mon_00419,Monday,"Four Square Lancaster,New World Newmarket",11,90.4,198,288.4,770.0,78.4,404.87,1174.87,2
Mon_00420,Monday,"New World Southmall,Four Square Fair Price Henderson",10,108.7,180,288.7,770.0,78.7,406.65,1176.65,2
Mon_00421,Monday,"New World Long Bay,Four Square Britomart",10,109.2,180,289.2,770.0,79.2,408.98,1178.98,2
Mon_00422,Monday,"Pak 'n Save Royal Oak,Four Square Britomart",13,55.3,234,289.3,770.0,79.3,409.5,1179.5,2
Mon_00423,Monday,"Four Square Torbay,Four Square St Heliers",8,145.3,144,289.3,770.0,79.3,409.54,1179.54,2
Mon_00424,Monday,"New World Long Bay,Four Square Onehunga",10,109.8,180,289.8,770.0,79.8,412.12,1182.12,2
Mon_00425,Monday,"Four Square Eden Terrace,New World Eastridge",12,73.8,216,289.8,770.0,79.8,412.26,1182.26,2
Mon_00426,Monday,"Pak 'n Save Wairau Road,Four Square Ellerslie",11,92.0,198,290.0,770.0,80.0,413.54,1183.54,2
Mon_00427,Monday,"Four Square Ellerslie,Pak 'n Save Manukau",12,74.1,216,290.1,770.0,80.1,413.63,1183.63,2
Mon_00428,Monday,"Pak 'n Save Wairau Road,Four Square Remuera",11,92.2,198,290.2,770.0,80.2,414.26,1184.26,2
Mon_00429,Monday,"Four Square Pakuranga Heights,New World Hobsonville",10,110.2,180,290.2,770.0,80.2,414.53,1184.53,2
Mon_00430,Monday,"Four Square Lancaster,New World Stonefields",10,110.3,180,290.3,770.0,80.3,414.9,1184.9,2
Mon_00431,Monday,"New World Metro Queen St,New World Eastridge",12,74.8,216,290.8,770.0,80.8,417.6,1187.6,2
Mon_00432,Monday,"Four Square Remuera,New World Ormiston",11,93.4,198,291.4,770.0,81.4,420.56,1190.56,2
Mon_00433,Monday,"New World Remuera,Four Square Eden Terrace",13,57.5,234,291.5,770.0,81.5,420.88,1190.88,2
Mon_00434,Monday,"Four Square Fair Price Henderson,Pak 'n Save Wairau Road",11,93.8,198,291.8,770.0,81.8,422.85,1192.85,2
Mon_00435,Monday,"New World New Lynn,New World Mt Albert",14,40.0,252,292.0,770.0,82.0,423.86,1193.86,2
Mon_00436,Monday,"New World Papatoetoe,Four Square Fair Price Henderson",11,94.0,198,292.0,770.0,82.0,423.89,1193.89,2
Mon_00437,Monday,"New World Papatoetoe,New World Metro Queen St",12,76.2,216,292.2,770.0,82.2,424.48,1194.48,2
Mon_00438,Monday,"New World Victoria Park,Four Square Glen Eden",12,76.2,216,292.2,770.0,82.2,424.93,1194.93,2
Mon_00439,Monday,"Four Square Cockle Bay,New World Mt Albert",11,94.4,198,292.4,770.0,82.4,425.96,1195.96,2
Mon_00440,Monday,"Four Square Cockle Bay,New World Papatoetoe",11,94.5,198,292.5,770.0,82.5,426.43,1196.43,2
Mon_00441,Monday,"Pak 'n Save Royal Oak,New World Metro Shore City",12,76.6,216,292.6,770.0,82.6,426.52,1196.52,2
Mon_00442,Monday,"New World Hobsonville,Four Square Ellerslie",11,94.7,198,292.7,770.0,82.7,427.33,1197.33,2
Mon_00443,Monday,"New World Hobsonville,Four Square Remuera",11,94.8,198,292.8,770.0,82.8,428.05,1198.05,2
Mon_00444,Monday,"Four Square Fair Price Henderson,New World Victoria Park",12,77.3,216,293.3,770.0,83.3,430.29,1200.29,2
Mon_00445,Monday,"Four Square Lancaster,New World Hobsonville",11,95.6,198,293.6,770.0,83.6,431.73,1201.73,2
Mon_00446,Monday,"New World Hobsonville,Four Square Eden Terrace",12,77.6,216,293.6,770.0,83.6,431.82,1201.82,2
Mon_00447,Monday,"Pak 'n Save Manukau,Four Square Remuera",12,77.6,216,293.6,770.0,83.6,431.9,1201.9,2
Mon_00448,Monday,"Four Square Cockle Bay,New World Ormiston",11,95.7,198,293.7,770.0,83.7,432.42,1202.42,2
Mon_00449,Monday,"New World Birkenhead,Four Square Botany Junction",10,113.9,180,293.9,770.0,83.9,433.6,1203.6,2
Mon_00450,Monday,"Pak 'n Save Albany,New World Metro Shore City",11,95.9,198,293.9,770.0,83.9,433.63,1203.63,2
Mon_00451,Monday,"New World Birkenhead,Four Square Hobsonville",11,96.1,198,294.1,770.0,84.1,434.67,1204.67,2
Mon_00452,Monday,"Four Square Hobsonville,New World Devonport",10,114.3,180,294.3,770.0,84.3,435.67,1205.67,2
Mon_00453,Monday,"New World Ormiston,Four Square Britomart",11,96.6,198,294.6,770.0,84.6,437.29,1207.29,2
Mon_00454,Monday,"Four Square Onehunga,New World Botany",12,78.6,216,294.6,770.0,84.6,437.29,1207.29,2
Mon_00455,Monday,"New World Howick,New World Metro Queen St",11,96.7,198,294.7,770.0,84.7,437.46,1207.46,2
Mon_00456,Monday,"New World Mt Roskill,New World Mt Albert",15,24.9,270,294.9,770.0,84.9,438.76,1208.76,2
Mon_00457,Monday,Pak 'n Save Highland Park,12,79.3,216,295.3,770.0,85.3,440.75,1210.75,1
Mon_00458,Monday,"New World Albany,New World Metro Shore City",11,97.5,198,295.5,770.0,85.5,441.93,1211.93,2
Mon_00459,Monday,"New World Howick,Four Square Glen Eden",10,115.6,180,295.6,770.0,85.6,442.02,1212.02,2
Mon_00460,Monday,"Four Square Cockle Bay,New World Newmarket",11,97.6,198,295.6,770.0,85.6,442.13,1212.13,2
Mon_00461,Monday,"New World Green Bay,New World Mt Albert",14,43.6,252,295.6,770.0,85.6,442.28,1212.28,2
Mon_00462,Monday,"Pak 'n Save Lincoln Road,Four Square Lancaster",11,97.7,198,295.7,770.0,85.7,442.62,1212.62,2
Mon_00463,Monday,"Four Square Onehunga,Four Square Ellerslie,New World Stonefields",13,61.7,234,295.7,770.0,85.7,442.85,1212.85,3
Mon_00464,Monday,"Pak 'n Save Wairau Road,New World Metro Queen St",12,79.9,216,295.9,770.0,85.9,443.65,1213.65,2
Mon_00465,Monday,"Four Square Torbay,New World New Lynn",10,115.9,180,295.9,770.0,85.9,443.85,1213.85,2
Mon_00466,Monday,"Four Square Fair Price Henderson,New World Long Bay",10,115.9,180,295.9,770.0,85.9,443.94,1213.94,2
Mon_00467,Monday,"Pak 'n Save Manukau,Four Square Britomart",12,80.2,216,296.2,770.0,86.2,445.33,1215.33,2
Mon_00468,Monday,"Four Square Cockle Bay,New World Point Chevalier",11,98.3,198,296.3,770.0,86.3,445.72,1215.72,2
Mon_00469,Monday,"Four Square Botany Junction,Pak 'n Save Mt Albert",12,80.4,216,296.4,770.0,86.4,446.25,1216.25,2
Mon_00470,Monday,"New World Botany,Four Square Botany Junction",12,80.4,216,296.4,770.0,86.4,446.31,1216.31,2
Mon_00471,Monday,"New World Newmarket,Four Square St Heliers",12,80.5,216,296.5,770.0,86.5,447.05,1217.05,2
Mon_00472,Monday,"New World Eastridge,Four Square Glen Eden",11,99.0,198,297.0,770.0,87.0,449.39,1219.39,2
Mon_00473,Monday,"Pak 'n Save Royal Oak,Four Square Glen Eden",13,63.0,234,297.0,770.0,87.0,449.6,1219.6,2
Mon_00474,Monday,"Pak 'n Save Wairau Road,Four Square Eden Terrace",12,81.0,216,297.0,770.0,87.0,449.72,1219.72,2
Mon_00475,Monday,"New World Devonport,Four Square Botany Junction",9,135.3,162,297.3,770.0,87.3,451.02,1221.02,2
Mon_00476,Monday,"New World New Lynn,New World Point Chevalier",14,45.3,252,297.3,770.0,87.3,451.12,1221.12,2
Mon_00477,Monday,"New World Metro Shore City,New World Ormiston",10,117.3,180,297.3,770.0,87.3,451.26,1221.26,2
Mon_00478,Monday,"New World Howick,Four Square Fair Price Henderson",10,117.4,180,297.4,770.0,87.4,451.66,1221.66,2
Mon_00479,Monday,"Four Square Fair Price Henderson,New World Eastridge",11,100.0,198,298.0,770.0,88.0,454.75,1224.75,2
Mon_00480,Monday,"Pak 'n Save Royal Oak,Four Square Eden Terrace",14,46.2,252,298.2,770.0,88.2,455.66,1225.66,2
Mon_00481,Monday,"Four Square St Heliers,New World Mt Albert",12,82.7,216,298.7,770.0,88.7,458.04,1228.04,2
Mon_00482,Monday,"New World Remuera,New World Metro Queen St",13,64.7,234,298.7,770.0,88.7,458.17,1228.17,2
Mon_00483,Monday,"New World Eastridge,Four Square St Heliers",12,82.7,216,298.7,770.0,88.7,458.24,1228.24,2
Mon_00484,Monday,"New World Milford,Four Square Botany Junction",10,118.9,180,298.9,770.0,88.9,459.55,1229.55,2
Mon_00485,Monday,"Four Square Glen Eden,Pak 'n Save Wairau Road",11,101.1,198,299.1,770.0,89.1,460.11,1230.11,2
Mon_00486,Monday,"Pak 'n Save Manukau,New World Metro Shore City",11,101.5,198,299.5,770.0,89.5,462.35,1232.35,2
Mon_00487,Monday,"New World Remuera,Four Square Glen Eden",12,83.6,216,299.6,770.0,89.6,462.73,1232.73,2
Mon_00488,Monday,"Four Square Pakuranga Heights,New World Long Bay",9,137.7,162,299.7,770.0,89.7,463.3,1233.3,2
Mon_00489,Monday,"New World Mt Roskill,Four Square Onehunga,Four Square Eden Terrace",14,47.9,252,299.9,770.0,89.9,464.4,1234.4,3
Mon_00490,Monday,"Four Square Hobsonville,New World Newmarket",12,84.0,216,300.0,770.0,90.0,465.06,1235.06,2
Mon_00491,Monday,"New World Browns Bay,Four Square Britomart",11,102.1,198,300.1,770.0,90.1,465.42,1235.42,2
Mon_00492,Monday,"Four Square Botany Junction,New World Eastridge",11,102.1,198,300.1,770.0,90.1,465.76,1235.76,2
Mon_00493,Monday,"Four Square Pakuranga Heights,New World Stonefields,Four Square Ellerslie",12,84.3,216,300.3,770.0,90.3,466.43,1236.43,3
Mon_00494,Monday,"Four Square Lancaster,New World Long Bay",10,120.3,180,300.3,770.0,90.3,466.57,1236.57,2
Mon_00495,Monday,"New World Long Bay,Four Square Ellerslie",10,120.3,180,300.3,770.0,90.3,466.63,1236.63,2
Mon_00496,Monday,"New World Long Bay,Four Square Remuera",10,120.5,180,300.5,770.0,90.5,467.35,1237.35,2
Mon_00497,Monday,"Four Square Fair Price Henderson,New World Remuera",12,84.6,216,300.6,770.0,90.6,468.09,1238.09,2
Mon_00498,Monday,"New World Browns Bay,Four Square Onehunga",11,102.7,198,300.7,770.0,90.7,468.57,1238.57,2
Mon_00499,Monday,"New World Green Bay,New World Point Chevalier",14,48.9,252,300.9,770.0,90.9,469.54,1239.54,2
Mon_00500,Monday,"Four Square Pakuranga Heights,Pak 'n Save Mangere",12,85.0,216,301.0,770.0,91.0,469.99,1239.99,2
Mon_00501,Monday,"Four Square Onehunga,Pak 'n Save Papakura",12,85.0,216,301.0,770.0,91.0,470.33,1240.33,2
Mon_00502,Monday,"Four Square Fair Price Henderson,Pak 'n Save Westgate",13,67.3,234,301.3,770.0,91.3,471.68,1241.68,2
Mon_00503,Monday,"Pak 'n Save Lincoln Road,Four Square Botany Junction",11,103.4,198,301.4,770.0,91.4,472.13,1242.13,2
Mon_00504,Monday,"New World Remuera,Four Square Botany Junction",12,85.5,216,301.5,770.0,91.5,472.73,1242.73,2
Mon_00505,Monday,"Four Square Lancaster,Pak 'n Save Mt Albert",12,85.5,216,301.5,770.0,91.5,472.91,1242.91,2
Mon_00506,Monday,"New World Hobsonville,New World Metro Queen St",12,85.6,216,301.6,770.0,91.6,473.22,1243.22,2
Mon_00507,Monday,"Pak 'n Save Wairau Road,Four Square Hobsonville",12,85.9,216,301.9,770.0,91.9,474.75,1244.75,2
Mon_00508,Monday,"Four Square Hobsonville,New World Stonefields",11,104.0,198,302.0,770.0,92.0,475.1,1245.1,2
Mon_00509,Monday,"New World Victoria Park,Four Square Lancaster",12,86.1,216,302.1,770.0,92.1,475.65,1245.65,2
Mon_00510,Monday,"Four Square St Heliers,New World Point Chevalier",12,86.5,216,302.5,770.0,92.5,477.8,1247.8,2
Mon_00511,Monday,"Four Square Pakuranga Heights,Pak 'n Save Papakura",11,104.7,198,302.7,770.0,92.7,479.12,1249.12,2
Mon_00512,Monday,"New World Green Bay,Four Square Torbay",10,122.8,180,302.8,770.0,92.8,479.44,1249.44,2
Mon_00513,Monday,"Four Square Britomart,New World Devonport,New World Metro Shore City",11,104.9,198,302.9,770.0,92.9,479.96,1249.96,3
Mon_00514,Monday,"Four Square Hobsonville,Pak 'n Save Mt Albert",13,68.9,234,302.9,770.0,92.9,480.17,1250.17,2
Mon_00515,Monday,"New World Southmall,Four Square Lancaster",10,122.9,180,302.9,770.0,92.9,480.2,1250.2,2
Mon_00516,Monday,"Four Square Onehunga,Pak 'n Save Westgate",13,68.9,234,302.9,770.0,92.9,480.24,1250.24,2
Mon_00517,Monday,"New World Mt Roskill,Four Square Torbay",11,105.0,198,303.0,770.0,93.0,480.32,1250.32,2
Mon_00518,Monday,"New World New Lynn,Pak 'n Save Mt Albert",15,33.1,270,303.1,770.0,93.1,480.83,1250.83,2
Mon_00519,Monday,"Four Square Glen Eden,New World Long Bay",10,123.1,180,303.1,770.0,93.1,481.2,1251.2,2
Mon_00520,Monday,"New World Southmall,Four Square St Heliers",11,105.2,198,303.2,770.0,93.2,481.59,1251.59,2
Mon_00521,Monday,"Four Square Ellerslie,New World Stonefields,Four Square Remuera",13,69.5,234,303.5,770.0,93.5,483.05,1253.05,3
Mon_00522,Monday,"New World Ormiston,Four Square Eden Terrace",12,87.6,216,303.6,770.0,93.6,483.44,1253.44,2
Mon_00523,Monday,"Four Square Onehunga,New World Papakura",12,87.8,216,303.8,770.0,93.8,484.62,1254.62,2
Mon_00524,Monday,"Four Square Britomart,New World Metro Shore City,New World Milford",12,88.0,216,304.0,770.0,94.0,485.69,1255.69,3
Mon_00525,Monday,"Pak 'n Save Royal Oak,Four Square Fair Price Henderson",13,70.2,234,304.2,770.0,94.2,486.55,1256.55,2
Mon_00526,Monday,"New World Howick,Four Square St Heliers",11,106.3,198,304.3,770.0,94.3,487.09,1257.09,2
Mon_00527,Monday,"New World Long Bay,Four Square Torbay",11,107.0,198,305.0,770.0,95.0,490.95,1260.95,2
Mon_00528,Monday,"Pak 'n Save Manukau,Four Square Eden Terrace",13,71.1,234,305.1,770.0,95.1,491.49,1261.49,2
Mon_00529,Monday,"Four Square Pakuranga Heights,Pak 'n Save Glen Innes",12,89.2,216,305.2,770.0,95.2,491.79,1261.79,2
Mon_00530,Monday,"Pak 'n Save Royal Oak,New World Metro Queen St",14,53.4,252,305.4,770.0,95.4,492.95,1262.95,2
Mon_00531,Monday,"New World Mt Roskill,New World Point Chevalier",15,35.4,270,305.4,770.0,95.4,493.04,1263.04,2
Mon_00532,Monday,"Four Square Ellerslie,New World Botany",12,89.5,216,305.5,770.0,95.5,493.29,1263.29,2
Mon_00533,Monday,"Four Square Pakuranga Heights,New World Papakura",11,107.5,198,305.5,770.0,95.5,493.41,1263.41,2
Mon_00534,Monday,"Pak 'n Save Westgate,New World Metro Shore City",12,89.9,216,305.9,770.0,95.9,495.52,1265.52,2
Mon_00535,Monday,"New World Long Bay,Four Square Hobsonville",11,108.1,198,306.1,770.0,96.1,496.36,1266.36,2
Mon_00536,Monday,"New World Long Bay,New World Metro Queen St",11,108.1,198,306.1,770.0,96.1,496.74,1266.74,2
Mon_00537,Monday,"New World Ormiston,Four Square Glen Eden",11,108.4,198,306.4,770.0,96.4,498.09,1268.09,2
Mon_00538,Monday,"Four Square Cockle Bay,New World Eastridge",11,108.5,198,306.5,770.0,96.5,498.56,1268.56,2
Mon_00539,Monday,"New World Green Bay,Pak 'n Save Mt Albert",15,36.6,270,306.6,770.0,96.6,499.25,1269.25,2
Mon_00540,Monday,"Four Square Fair Price Henderson,New World Browns Bay",11,108.8,198,306.8,770.0,96.8,500.39,1270.39,2
Mon_00541,Monday,"Four Square Botany Junction,New World Victoria Park",12,90.9,216,306.9,770.0,96.9,500.4,1270.4,2
Mon_00542,Monday,"Four Square Cockle Bay,New World Botany",12,91.1,216,307.1,770.0,97.1,501.88,1271.88,2
Mon_00543,Monday,"Four Square Cockle Bay,New World Birkenhead",10,127.2,180,307.2,770.0,97.2,502.43,1272.43,2
Mon_00544,Monday,"New World Long Bay,Four Square Eden Terrace",11,109.3,198,307.3,770.0,97.3,502.82,1272.82,2
Mon_00545,Monday,"Four Square Pakuranga Heights,Four Square Botany Junction,New World Southmall",12,92.0,216,308.0,770.0,98.0,506.47,1276.47,3
Mon_00546,Monday,"Pak 'n Save Manukau,Four Square Glen Eden",12,92.1,216,308.1,770.0,98.1,506.7,1276.7,2
Mon_00547,Monday,"Four Square Glen Eden,Pak 'n Save Westgate",13,74.5,234,308.5,770.0,98.5,508.94,1278.94,2
Mon_00548,Monday,"Four Square Pakuranga Heights,New World Howick,Four Square Botany Junction",12,92.6,216,308.6,770.0,98.6,509.37,1279.37,3
Mon_00549,Monday,"Four Square Remuera,Pak 'n Save Mangere",13,74.6,234,308.6,770.0,98.6,509.57,1279.57,2
Mon_00550,Monday,"Pak 'n Save Mangere,Four Square Glen Eden",13,74.8,234,308.8,770.0,98.8,510.39,1280.39,2
Mon_00551,Monday,"Four Square Botany Junction,Pak 'n Save Mangere",13,75.0,234,309.0,770.0,99.0,511.62,1281.62,2
Mon_00552,Monday,"New World Papatoetoe,Four Square Lancaster",11,111.1,198,309.1,770.0,99.1,512.24,1282.24,2
Mon_00553,Monday,"Pak 'n Save Royal Oak,Four Square Botany Junction",13,75.1,234,309.1,770.0,99.1,512.25,1282.25,2
Mon_00554,Monday,"Four Square Torbay,New World Milford",11,111.3,198,309.3,770.0,99.3,513.24,1283.24,2
Mon_00555,Monday,"New World Papatoetoe,Four Square St Heliers",12,93.4,216,309.4,770.0,99.4,513.63,1283.63,2
Mon_00556,Monday,"Four Square Cockle Bay,Pak 'n Save Manukau",12,93.5,216,309.5,770.0,99.5,513.95,1283.95,2
Mon_00557,Monday,"Four Square Onehunga,Four Square Remuera,New World Newmarket",14,57.6,252,309.6,770.0,99.6,514.84,1284.84,3
Mon_00558,Monday,"Four Square Onehunga,Pak 'n Save Glen Innes",13,75.9,234,309.9,770.0,99.9,516.22,1286.22,2
Mon_00559,Monday,"New World Mt Roskill,Pak 'n Save Mt Albert",16,22.1,288,310.1,770.0,100.1,517.05,1287.05,2
Mon_00560,Monday,"Pak 'n Save Albany,Four Square Britomart",12,94.2,216,310.2,770.0,100.2,517.74,1287.74,2
Mon_00561,Monday,"New World Botany,Four Square Remuera",12,94.3,216,310.3,770.0,100.3,518.33,1288.33,2
Mon_00562,Monday,"Pak 'n Save Mangere,Four Square Britomart",13,76.5,234,310.5,770.0,100.5,519.04,1289.04,2
Mon_00563,Monday,"Four Square Pakuranga Heights,New World Browns Bay",10,130.6,180,310.6,770.0,100.6,519.75,1289.75,2
Mon_00564,Monday,"Four Square Cockle Bay,New World Devonport",9,148.6,162,310.6,770.0,100.6,519.85,1289.85,2
Mon_00565,Monday,"New World Ormiston,New World Metro Queen St",12,94.8,216,310.8,770.0,100.8,520.73,1290.73,2
Mon_00566,Monday,"New World Birkenhead,Four Square Lancaster,New World Metro Shore City",12,94.8,216,310.8,770.0,100.8,520.81,1290.81,3
Mon_00567,Monday,"Pak 'n Save Albany,Four Square Onehunga",12,94.8,216,310.8,770.0,100.8,520.89,1290.89,2
Mon_00568,Monday,"Pak 'n Save Lincoln Road,New World New Lynn",14,59.0,252,311.0,770.0,101.0,521.81,1291.81,2
Mon_00569,Monday,"Four Square Botany Junction,Pak 'n Save Papakura",12,95.2,216,311.2,770.0,101.2,522.83,1292.83,2
Mon_00570,Monday,"Four Square Lancaster,New World Browns Bay",11,113.2,198,311.2,770.0,101.2,523.02,1293.02,2
Mon_00571,Monday,"New World Browns Bay,Four Square Ellerslie",11,113.2,198,311.2,770.0,101.2,523.08,1293.08,2
Mon_00572,Monday,"New World Browns Bay,Four Square Remuera",11,113.4,198,311.4,770.0,101.4,523.8,1293.8,2
Mon_00573,Monday,"Four Square Cockle Bay,New World Howick,Four Square Pakuranga Heights",12,95.4,216,311.4,770.0,101.4,524.03,1294.03,3
Mon_00574,Monday,"Four Square Pakuranga Heights,Pak 'n Save Sylvia Park",13,77.5,234,311.5,770.0,101.5,524.65,1294.65,2
Mon_00575,Monday,"New World Howick,Four Square Lancaster",10,131.7,180,311.7,770.0,101.7,525.22,1295.22,2
Mon_00576,Monday,"New World Albany,Four Square Britomart",12,95.8,216,311.8,770.0,101.8,526.04,1296.04,2
Mon_00577,Monday,"Four Square Ellerslie,Pak 'n Save Mangere",13,77.9,234,311.9,770.0,101.9,526.43,1296.43,2
Mon_00578,Monday,"Four Square Lancaster,New World Eastridge",11,114.0,198,312.0,770.0,102.0,527.2,1297.2,2
Mon_00579,Monday,"Four Square Onehunga,Pak 'n Save Sylvia Park",14,60.2,252,312.2,770.0,102.2,527.83,1297.83,2
Mon_00580,Monday,"Four Square Cockle Bay,New World Milford",10,132.3,180,312.3,770.0,102.3,528.38,1298.38,2
Mon_00581,Monday,"Pak 'n Save Manukau,New World Metro Queen St",13,78.3,234,312.3,770.0,102.3,528.78,1298.78,2
Mon_00582,Monday,"New World Birkenhead,Four Square St Heliers",11,114.4,198,312.4,770.0,102.4,529.11,1299.11,2
Mon_00583,Monday,"New World Albany,Four Square Onehunga",12,96.4,216,312.4,770.0,102.4,529.19,1299.19,2
Mon_00584,Monday,"Four Square Cockle Bay,Pak 'n Save Mt Albert",12,96.5,216,312.5,770.0,102.5,529.69,1299.69,2
Mon_00585,Monday,"New World Stonefields,Four Square Pakuranga Heights,Four Square Botany Junction",12,96.5,216,312.5,770.0,102.5,529.69,1299.69,3
Mon_00586,Monday,"Pak 'n Save Mangere,New World Metro Shore City",12,96.6,216,312.6,770.0,102.6,530.3,1300.3,2
Mon_00587,Monday,"Pak 'n Save Wairau Road,Four Square Botany Junction",11,114.8,198,312.8,770.0,102.8,531.35,1301.35,2
Mon_00588,Monday,"New World Botany,Four Square Britomart",12,96.9,216,312.9,770.0,102.9,531.76,1301.76,2
Mon_00589,Monday,"New World Newmarket,New World New Lynn",14,61.0,252,313.0,770.0,103.0,532.1,1302.1,2
Mon_00590,Monday,"Four Square Lancaster,New World Milford,New World Metro Shore City",12,97.0,216,313.0,770.0,103.0,532.34,1302.34,3
Mon_00591,Monday,"Four Square Fair Price Henderson,New World Ormiston",11,115.2,198,313.2,770.0,103.2,533.0,1303.0,2
Mon_00592,Monday,"Pak 'n Save Westgate,Four Square Britomart",13,79.3,234,313.3,770.0,103.3,533.53,1303.53,2
Mon_00593,Monday,"Four Square Fair Price Henderson,Pak 'n Save Henderson",14,61.5,252,313.5,770.0,103.5,534.5,1304.5,2
Mon_00594,Monday,"Four Square Ellerslie,Pak 'n Save Papakura",12,97.7,216,313.7,770.0,103.7,535.56,1305.56,2
Mon_00595,Monday,"Four Square Glen Eden,Pak 'n Save Henderson",14,61.8,252,313.8,770.0,103.8,536.38,1306.38,2
Mon_00596,Monday,"Four Square Botany Junction,New World Papakura",12,98.0,216,314.0,770.0,104.0,537.12,1307.12,2
Mon_00597,Monday,"Four Square Glen Eden,New World Browns Bay",11,116.1,198,314.1,770.0,104.1,537.65,1307.65,2
Mon_00598,Monday,"New World Southmall,Four Square Hobsonville",11,116.4,198,314.4,770.0,104.4,539.29,1309.29,2
Mon_00599,Monday,"Four Square Cockle Bay,Pak 'n Save Lincoln Road",11,116.5,198,314.5,770.0,104.5,539.85,1309.85,2
Mon_00600,Monday,"Four Square Lancaster,New World Remuera",12,98.6,216,314.6,770.0,104.6,540.54,1310.54,2
Mon_00601,Monday,"New World Stonefields,New World New Lynn",13,80.9,234,314.9,770.0,104.9,542.13,1312.13,2
Mon_00602,Monday,"Four Square Pakuranga Heights,Pak 'n Save Botany",13,80.9,234,314.9,770.0,104.9,542.14,1312.14,2
Mon_00603,Monday,"Pak 'n Save Manukau,Four Square Fair Price Henderson",12,99.1,216,315.1,770.0,105.1,542.98,1312.98,2
Mon_00604,Monday,"Four Square Remuera,Pak 'n Save Glen Innes",13,81.3,234,315.3,770.0,105.3,544.09,1314.09,2
Mon_00605,Monday,"Four Square Torbay,New World Devonport",10,135.4,180,315.4,770.0,105.4,544.66,1314.66,2
Mon_00606,Monday,"New World Hobsonville,Four Square Botany Junction",11,117.5,198,315.5,770.0,105.5,545.14,1315.14,2
Mon_00607,Monday,"New World Remuera,Four Square St Heliers",13,81.5,234,315.5,770.0,105.5,545.31,1315.31,2
Mon_00608,Monday,"New World Devonport,Four Square St Heliers",10,135.8,180,315.8,770.0,105.8,546.53,1316.53,2
Mon_00609,Monday,"New World Mt Roskill,New World Southmall",14,63.9,252,315.9,770.0,105.9,547.27,1317.27,2
Mon_00610,Monday,"Pak 'n Save Mangere,Four Square Fair Price Henderson",13,81.9,234,315.9,770.0,105.9,547.34,1317.34,2
Mon_00611,Monday,"New World Newmarket,Four Square Ellerslie,Four Square Remuera",14,64.0,252,316.0,770.0,106.0,547.46,1317.46,3
Mon_00612,Monday,"New World Green Bay,New World Newmarket",14,64.1,252,316.1,770.0,106.1,548.18,1318.18,2
Mon_00613,Monday,"Four Square Ellerslie,Pak 'n Save Glen Innes",13,82.2,234,316.2,770.0,106.2,548.59,1318.59,2
Mon_00614,Monday,"New World Botany,New World Metro Shore City",11,118.2,198,316.2,770.0,106.2,548.78,1318.78,2
Mon_00615,Monday,"New World Mt Roskill,New World Newmarket",15,46.3,270,316.3,770.0,106.3,549.07,1319.07,2
Mon_00616,Monday,"Four Square Ellerslie,New World Papakura",12,100.4,216,316.4,770.0,106.4,549.85,1319.85,2
Mon_00617,Monday,"Four Square Fair Price Henderson,Pak 'n Save Albany",12,101.0,216,317.0,770.0,107.0,552.71,1322.71,2
Mon_00618,Monday,"New World Browns Bay,Four Square Hobsonville",12,101.0,216,317.0,770.0,107.0,552.81,1322.81,2
Mon_00619,Monday,"New World Browns Bay,New World Metro Queen St",12,101.1,216,317.1,770.0,107.1,553.19,1323.19,2
Mon_00620,Monday,"Four Square Cockle Bay,New World Remuera",12,101.2,216,317.2,770.0,107.2,553.97,1323.97,2
Mon_00621,Monday,"New World Birkenhead,Four Square Torbay",11,119.3,198,317.3,770.0,107.3,554.24,1324.24,2
Mon_00622,Monday,"New World Milford,Four Square St Heliers",11,119.4,198,317.4,770.0,107.4,555.07,1325.07,2
Mon_00623,Monday,"New World Southmall,New World New Lynn",13,83.5,234,317.5,770.0,107.5,555.33,1325.33,2
Mon_00624,Monday,"New World Papatoetoe,Four Square Hobsonville",12,101.7,216,317.7,770.0,107.7,556.53,1326.53,2
Mon_00625,Monday,"Pak 'n Save Papakura,Four Square Remuera",12,101.8,216,317.8,770.0,107.8,557.14,1327.14,2
Mon_00626,Monday,"New World Green Bay,Pak 'n Save Lincoln Road",14,65.9,252,317.9,770.0,107.9,557.4,1327.4,2
Mon_00627,Monday,"Four Square Lancaster,New World Devonport,New World Metro Shore City",11,119.9,198,317.9,770.0,107.9,557.7,1327.7,3
Mon_00628,Monday,"Four Square Pakuranga Heights,New World Ormiston,Four Square Botany Junction",13,84.0,234,318.0,770.0,108.0,558.12,1328.12,3
Mon_00629,Monday,"New World Green Bay,New World Stonefields",13,84.0,234,318.0,770.0,108.0,558.21,1328.21,2
Mon_00630,Monday,"New World Mt Roskill,Pak 'n Save Lincoln Road",15,48.1,270,318.1,770.0,108.1,558.29,1328.29,2
Mon_00631,Monday,"New World Mt Roskill,New World Stonefields",14,66.2,252,318.2,770.0,108.2,559.1,1329.1,2
Mon_00632,Monday,"New World Browns Bay,Four Square Eden Terrace",12,102.2,216,318.2,770.0,108.2,559.26,1329.26,2
Mon_00633,Monday,"Four Square Fair Price Henderson,New World Albany",12,102.6,216,318.6,770.0,108.6,561.0,1331.0,2
Mon_00634,Monday,"New World New Lynn,Four Square Glen Eden,New World Green Bay",15,48.7,270,318.7,770.0,108.7,561.56,1331.56,3
Mon_00635,Monday,"Four Square Pakuranga Heights,Pak 'n Save Westgate",12,102.7,216,318.7,770.0,108.7,561.72,1331.72,2
Mon_00636,Monday,"Four Square St Heliers,Pak 'n Save Mt Albert",13,84.7,234,318.7,770.0,108.7,561.77,1331.77,2
Mon_00637,Monday,"Pak 'n Save Westgate,Four Square Hobsonville",14,66.7,252,318.7,770.0,108.7,561.83,1331.83,2
Mon_00638,Monday,"Four Square Pakuranga Heights,Pak 'n Save Ormiston",13,84.8,234,318.8,770.0,108.8,562.36,1332.36,2
Mon_00639,Monday,"Four Square Glen Eden,Four Square Fair Price Henderson,Pak 'n Save Lincoln Road",14,66.9,252,318.9,770.0,108.9,562.73,1332.73,3
Mon_00640,Monday,"Four Square Hobsonville,New World Victoria Park",13,85.0,234,319.0,770.0,109.0,562.93,1332.93,2
Mon_00641,Monday,"Pak 'n Save Mangere,Four Square Eden Terrace",14,67.3,252,319.3,770.0,109.3,564.52,1334.52,2
Mon_00642,Monday,"New World Southmall,New World Green Bay",13,85.4,234,319.4,770.0,109.4,565.04,1335.04,2
Mon_00643,Monday,"Four Square Cockle Bay,New World Victoria Park",12,103.6,216,319.6,770.0,109.6,566.19,1336.19,2
Mon_00644,Monday,"New World Birkenhead,New World New Lynn",13,85.8,234,319.8,770.0,109.8,567.48,1337.48,2
Mon_00645,Monday,"Pak 'n Save Lincoln Road,Four Square St Heliers",12,103.9,216,319.9,770.0,109.9,567.65,1337.65,2
Mon_00646,Monday,"New World Devonport,New World Metro Shore City,New World Metro Queen St",12,103.9,216,319.9,770.0,109.9,567.78,1337.78,3
Mon_00647,Monday,"Four Square Torbay,New World Mt Albert",12,104.0,216,320.0,770.0,110.0,568.2,1338.2,2
Mon_00648,Monday,"Pak 'n Save Papakura,Four Square Britomart",12,104.4,216,320.4,770.0,110.4,570.57,1340.57,2
Mon_00649,Monday,"Four Square Onehunga,Four Square Remuera,New World Eastridge",14,68.5,252,320.5,770.0,110.5,570.73,1340.73,3
Mon_00650,Monday,"New World Papakura,Four Square Remuera",12,104.6,216,320.6,770.0,110.6,571.42,1341.42,2
Mon_00651,Monday,"Four Square Pakuranga Heights,Pak 'n Save Albany",11,122.7,198,320.7,770.0,110.7,572.07,1342.07,2
Mon_00652,Monday,"New World Metro Shore City,New World Milford,New World Metro Queen St",13,87.0,234,321.0,770.0,111.0,573.51,1343.51,3
Mon_00653,Monday,"Pak 'n Save Westgate,Four Square Ellerslie",13,87.2,234,321.2,770.0,111.2,574.51,1344.51,2
Mon_00654,Monday,"Pak 'n Save Glen Innes,Four Square Britomart",13,87.2,234,321.2,770.0,111.2,574.54,1344.54,2
Mon_00655,Monday,"Pak 'n Save Westgate,Four Square Remuera",13,87.3,234,321.3,770.0,111.3,575.24,1345.24,2
Mon_00656,Monday,"Four Square Lancaster,Pak 'n Save Albany",12,105.4,216,321.4,770.0,111.4,575.33,1345.33,2
Mon_00657,Monday,"Pak 'n Save Albany,Four Square Ellerslie",12,105.4,216,321.4,770.0,111.4,575.39,1345.39,2
Mon_00658,Monday,"New World Mt Roskill,New World Papatoetoe",15,51.5,270,321.5,770.0,111.5,575.85,1345.85,2
Mon_00659,Monday,"Four Square Ellerslie,Pak 'n Save Sylvia Park",14,69.5,252,321.5,770.0,111.5,575.98,1345.98,2
Mon_00660,Monday,"Pak 'n Save Albany,Four Square Remuera",12,105.5,216,321.5,770.0,111.5,576.12,1346.12,2
Mon_00661,Monday,"New World Botany,Four Square Eden Terrace",13,87.9,234,321.9,770.0,111.9,577.92,1347.92,2
Mon_00662,Monday,"Pak 'n Save Westgate,Four Square Eden Terrace",14,70.1,252,322.1,770.0,112.1,579.0,1349.0,2
Mon_00663,Monday,"Four Square Onehunga,Four Square Ellerslie,New World Eastridge",14,70.3,252,322.3,770.0,112.3,580.16,1350.16,3
Mon_00664,Monday,"Four Square Pakuranga Heights,New World Albany",11,124.3,198,322.3,770.0,112.3,580.37,1350.37,2
Mon_00665,Monday,"Pak 'n Save Royal Oak,Four Square Lancaster",13,88.4,234,322.4,770.0,112.4,580.71,1350.71,2
Mon_00666,Monday,"Four Square Britomart,New World Metro Queen St,New World Mt Albert",15,52.5,270,322.5,770.0,112.5,581.36,1351.36,3
Mon_00667,Monday,"Four Square Ellerslie,New World Stonefields,Four Square Eden Terrace",14,70.6,252,322.6,770.0,112.6,581.78,1351.78,3
Mon_00668,Monday,"Four Square Onehunga,Pak 'n Save Henderson",14,70.8,252,322.8,770.0,112.8,582.89,1352.89,2
Mon_00669,Monday,"Four Square Torbay,New World Browns Bay",12,106.9,216,322.9,770.0,112.9,583.25,1353.25,2
Mon_00670,Monday,"New World Green Bay,New World Birkenhead",13,88.9,234,322.9,770.0,112.9,583.57,1353.57,2
Mon_00671,Monday,"Four Square Lancaster,New World Albany",12,107.0,216,323.0,770.0,113.0,583.63,1353.63,2
Mon_00672,Monday,"New World Albany,Four Square Ellerslie",12,107.0,216,323.0,770.0,113.0,583.69,1353.69,2
Mon_00673,Monday,"New World Papatoetoe,New World New Lynn",14,71.0,252,323.0,770.0,113.0,583.91,1353.91,2
Mon_00674,Monday,"New World Howick,Four Square Hobsonville",11,125.1,198,323.1,770.0,113.1,584.31,1354.31,2
Mon_00675,Monday,"New World Albany,Four Square Remuera",12,107.1,216,323.1,770.0,113.1,584.42,1354.42,2
Mon_00676,Monday,"New World Long Bay,Four Square Botany Junction",10,143.1,180,323.1,770.0,113.1,584.44,1354.44,2
Mon_00677,Monday,"New World Mt Roskill,New World Birkenhead",14,71.1,252,323.1,770.0,113.1,584.45,1354.45,2
Mon_00678,Monday,"New World Mt Albert,New World Point Chevalier",16,35.1,288,323.1,770.0,113.1,584.58,1354.58,2
Mon_00679,Monday,"New World Papakura,Four Square Britomart",12,107.2,216,323.2,770.0,113.2,584.86,1354.86,2
Mon_00680,Monday,"New World Devonport,New World New Lynn",12,107.2,216,323.2,770.0,113.2,584.9,1354.9,2
Mon_00681,Monday,"New World Stonefields,Four Square Remuera,Four Square Eden Terrace",14,71.7,252,323.7,770.0,113.7,587.22,1357.22,3
Mon_00682,Monday,"Four Square Hobsonville,New World Eastridge",12,107.7,216,323.7,770.0,113.7,587.39,1357.39,2
Mon_00683,Monday,"Pak 'n Save Papakura,New World Metro Shore City",11,125.7,198,323.7,770.0,113.7,587.59,1357.59,2
Mon_00684,Monday,"Four Square Torbay,New World Point Chevalier",12,107.8,216,323.8,770.0,113.8,587.97,1357.97,2
Mon_00685,Monday,"Four Square Cockle Bay,Pak 'n Save Royal Oak",13,89.8,234,323.8,770.0,113.8,588.01,1358.01,2
Mon_00686,Monday,"Four Square Torbay,Pak 'n Save Wairau Road",12,108.0,216,324.0,770.0,114.0,589.07,1359.07,2
Mon_00687,Monday,"Four Square Glen Eden,Pak 'n Save Albany",12,108.2,216,324.2,770.0,114.2,589.97,1359.97,2
Mon_00688,Monday,"Four Square Onehunga,New World New Lynn,New World Green Bay",15,54.4,270,324.4,770.0,114.4,591.14,1361.14,3
Mon_00689,Monday,"Four Square Britomart,New World Newmarket,Four Square Ellerslie",14,72.6,252,324.6,770.0,114.6,592.08,1362.08,3
Mon_00690,Monday,"New World Milford,New World New Lynn",13,90.9,234,324.9,770.0,114.9,593.44,1363.44,2
Mon_00691,Monday,"New World Papatoetoe,New World Green Bay",14,72.9,252,324.9,770.0,114.9,593.62,1363.62,2
Mon_00692,Monday,"New World Hobsonville,New World New Lynn",14,73.1,252,325.1,770.0,115.1,594.82,1364.82,2
Mon_00693,Monday,"New World Mt Albert,Four Square Fair Price Henderson,Four Square Glen Eden",14,73.1,252,325.1,770.0,115.1,594.94,1364.94,3
Mon_00694,Monday,"Four Square Torbay,New World Hobsonville",12,109.3,216,325.3,770.0,115.3,595.89,1365.89,2
Mon_00695,Monday,"Four Square Britomart,New World Metro Queen St,Four Square Ellerslie,Four Square Eden Terrace",14,73.6,252,325.6,770.0,115.6,597.41,1367.41,4
Mon_00696,Monday,"Four Square Britomart,New World Metro Queen St,Four Square Remuera,Four Square Eden Terrace",14,73.8,252,325.8,770.0,115.8,598.13,1368.13,4
Mon_00697,Monday,"Four Square Glen Eden,New World Albany",12,109.8,216,325.8,770.0,115.8,598.27,1368.27,2
Mon_00698,Monday,"Four Square Onehunga,New World Remuera,Four Square Remuera",15,56.0,270,326.0,770.0,116.0,599.34,1369.34,3
Mon_00699,Monday,"Pak 'n Save Ormiston,Four Square Botany Junction",14,74.1,252,326.1,770.0,116.1,600.07,1370.07,2
Mon_00700,Monday,"Four Square Cockle Bay,Pak 'n Save Wairau Road",11,128.2,198,326.2,770.0,116.2,600.18,1370.18,2
Mon_00701,Monday,"Four Square Glen Eden,Four Square Fair Price Henderson,New World Point Chevalier",14,74.2,252,326.2,770.0,116.2,600.58,1370.58,3
Mon_00702,Monday,"Four Square Hobsonville,New World Remuera",13,92.3,234,326.3,770.0,116.3,600.73,1370.73,2
Mon_00703,Monday,"New World Green Bay,New World Devonport",12,110.3,216,326.3,770.0,116.3,600.98,1370.98,2
Mon_00704,Monday,"Four Square Britomart,New World Metro Queen St,New World Point Chevalier",15,56.3,270,326.3,770.0,116.3,601.12,1371.12,3
Mon_00705,Monday,"Four Square Remuera,Pak 'n Save Sylvia Park",14,74.5,252,326.5,770.0,116.5,601.86,1371.86,2
Mon_00706,Monday,"New World Mt Roskill,New World Devonport",13,92.5,234,326.5,770.0,116.5,601.87,1371.87,2
Mon_00707,Monday,"New World Papakura,New World Metro Shore City",11,128.5,198,326.5,770.0,116.5,601.88,1371.88,2
Mon_00708,Monday,"Four Square Onehunga,Four Square Ellerslie,New World Remuera",15,56.7,270,326.7,770.0,116.7,603.0,1373.0,3
Mon_00709,Monday,"Pak 'n Save Lincoln Road,Four Square Torbay",12,110.7,216,326.7,770.0,116.7,603.1,1373.1,2
Mon_00710,Monday,"Four Square Torbay,New World Newmarket",12,110.9,216,326.9,770.0,116.9,603.89,1373.89,2
Mon_00711,Monday,"Pak 'n Save Albany,Four Square Hobsonville",13,93.1,234,327.1,770.0,117.1,605.12,1375.12,2
Mon_00712,Monday,"Four Square Lancaster,New World Ormiston",11,129.2,198,327.2,770.0,117.2,605.45,1375.45,2
Mon_00713,Monday,"Pak 'n Save Albany,New World Metro Queen St",13,93.2,234,327.2,770.0,117.2,605.51,1375.51,2
Mon_00714,Monday,"Pak 'n Save Mangere,New World Metro Queen St",14,75.3,252,327.3,770.0,117.3,605.92,1375.92,2
Mon_00715,Monday,"Four Square Britomart,Four Square Ellerslie,New World Point Chevalier",14,75.4,252,327.4,770.0,117.4,606.72,1376.72,3
Mon_00716,Monday,"Pak 'n Save Royal Oak,Four Square St Heliers",14,75.6,252,327.6,770.0,117.6,607.62,1377.62,2
Mon_00717,Monday,"New World Birkenhead,New World Metro Shore City,New World Metro Queen St",13,93.8,234,327.8,770.0,117.8,608.67,1378.67,3
Mon_00718,Monday,"New World Green Bay,New World Milford",13,94.0,234,328.0,770.0,118.0,609.52,1379.52,2
Mon_00719,Monday,"New World Ormiston,Four Square St Heliers",12,112.0,216,328.0,770.0,118.0,609.88,1379.88,2
Mon_00720,Monday,"New World Mt Roskill,New World Milford",14,76.1,252,328.1,770.0,118.1,610.41,1380.41,2
Mon_00721,Monday,"New World Victoria Park,Four Square St Heliers",13,94.4,234,328.4,770.0,118.4,611.52,1381.52,2
Mon_00722,Monday,"Pak 'n Save Albany,Four Square Eden Terrace",13,94.4,234,328.4,770.0,118.4,611.58,1381.58,2
Mon_00723,Monday,"Four Square Lancaster,Pak 'n Save Wairau Road,New World Metro Shore City",13,94.4,234,328.4,770.0,118.4,611.94,1381.94,3
Mon_00724,Monday,"Four Square Cockle Bay,New World Hobsonville",11,130.6,198,328.6,770.0,118.6,612.86,1382.86,2
Mon_00725,Monday,"New World Albany,Four Square Hobsonville",13,94.7,234,328.7,770.0,118.7,613.42,1383.42,2
Mon_00726,Monday,"New World Albany,New World Metro Queen St",13,94.8,234,328.8,770.0,118.8,613.81,1383.81,2
Mon_00727,Monday,"Four Square Torbay,New World Stonefields",11,130.8,198,328.8,770.0,118.8,613.93,1383.93,2
Mon_00728,Monday,"Four Square Britomart,New World Metro Queen St,New World Newmarket",15,58.9,270,328.9,770.0,118.9,614.38,1384.38,3
Mon_00729,Monday,"New World Botany,New World Metro Queen St",13,95.1,234,329.1,770.0,119.1,615.21,1385.21,2
Mon_00730,Monday,"Pak 'n Save Manukau,Four Square Lancaster",12,113.3,216,329.3,770.0,119.3,616.54,1386.54,2
Mon_00731,Monday,"Pak 'n Save Papakura,Four Square Eden Terrace",13,95.4,234,329.4,770.0,119.4,616.73,1386.73,2
Mon_00732,Monday,"Pak 'n Save Manukau,Four Square St Heliers",13,95.6,234,329.6,770.0,119.6,617.92,1387.92,2
Mon_00733,Monday,"New World Metro Shore City,Pak 'n Save Glen Innes",12,113.7,216,329.7,770.0,119.7,618.23,1388.23,2
Mon_00734,Monday,"Four Square Britomart,Pak 'n Save Sylvia Park",14,77.7,252,329.7,770.0,119.7,618.62,1388.62,2
Mon_00735,Monday,"Pak 'n Save Royal Oak,Four Square Hobsonville",14,77.8,252,329.8,770.0,119.8,619.19,1389.19,2
Mon_00736,Monday,"Four Square Britomart,New World Eastridge,Four Square Remuera",14,77.9,252,329.9,770.0,119.9,619.64,1389.64,3
Mon_00737,Monday,"New World Albany,Four Square Eden Terrace",13,96.0,234,330.0,770.0,120.0,619.88,1389.88,2
Mon_00738,Monday,"Pak 'n Save Papakura,Four Square Glen Eden",12,114.0,216,330.0,770.0,120.0,619.93,1389.93,2
Mon_00739,Monday,"Pak 'n Save Westgate,Four Square Lancaster",13,96.1,234,330.1,770.0,120.1,620.33,1390.33,2
Mon_00740,Monday,"Four Square Britomart,Four Square Eden Terrace,New World Point Chevalier",15,60.1,270,330.1,770.0,120.1,620.37,1390.37,3
Mon_00741,Monday,"Pak 'n Save Westgate,New World Metro Queen St",14,78.1,252,330.1,770.0,120.1,620.41,1390.41,2
Mon_00742,Monday,"Pak 'n Save Wairau Road,Four Square St Heliers",12,115.3,216,331.3,770.0,121.3,626.87,1396.87,2
Mon_00743,Monday,"Four Square Glen Eden,New World Botany",12,115.4,216,331.4,770.0,121.4,627.13,1397.13,2
Mon_00744,Monday,"Four Square Britomart,New World Newmarket,Four Square Eden Terrace",15,61.4,270,331.4,770.0,121.4,627.45,1397.45,3
Mon_00745,Monday,"New World Botany,Four Square Fair Price Henderson",12,115.8,216,331.8,770.0,121.8,629.41,1399.41,2
Mon_00746,Monday,"New World Victoria Park,New World New Lynn",15,61.9,270,331.9,770.0,121.9,629.97,1399.97,2
Mon_00747,Monday,"Four Square Onehunga,Pak 'n Save Botany",14,80.0,252,332.0,770.0,122.0,630.14,1400.14,2
Mon_00748,Monday,"New World Green Bay,New World Hobsonville",14,80.0,252,332.0,770.0,122.0,630.41,1400.41,2
Mon_00749,Monday,"Four Square Pakuranga Heights,New World Stonefields,Four Square St Heliers",13,98.1,234,332.1,770.0,122.1,630.66,1400.66,3
Mon_00750,Monday,"Four Square Pakuranga Heights,New World Botany,Four Square Botany Junction",14,80.1,252,332.1,770.0,122.1,630.98,1400.98,3
Mon_00751,Monday,"New World Papakura,Four Square Eden Terrace",13,98.1,234,332.1,770.0,122.1,631.02,1401.02,2
Mon_00752,Monday,"New World Mt Roskill,New World Hobsonville",15,62.2,270,332.2,770.0,122.2,631.3,1401.3,2
Mon_00753,Monday,"Four Square Cockle Bay,Pak 'n Save Mangere",13,98.3,234,332.3,770.0,122.3,631.64,1401.64,2
Mon_00754,Monday,"New World Mt Albert,Four Square Eden Terrace,Four Square Ellerslie",15,62.3,270,332.3,770.0,122.3,631.68,1401.68,3
Mon_00755,Monday,"New World Metro Shore City,Pak 'n Save Sylvia Park",13,98.4,234,332.4,770.0,122.4,632.55,1402.55,2
Mon_00756,Monday,"New World Papakura,Four Square Glen Eden",12,116.8,216,332.8,770.0,122.8,634.22,1404.22,2
Mon_00757,Monday,"Four Square Onehunga,Pak 'n Save Ormiston",14,80.8,252,332.8,770.0,122.8,634.43,1404.43,2
Mon_00758,Monday,"New World Birkenhead,Four Square Britomart,New World Metro Queen St",14,81.1,252,333.1,770.0,123.1,635.77,1405.77,3
Mon_00759,Monday,"Pak 'n Save Henderson,Four Square Britomart",14,81.1,252,333.1,770.0,123.1,636.18,1406.18,2
Mon_00760,Monday,"Four Square Pakuranga Heights,Four Square Cockle Bay,New World Ormiston",13,99.6,234,333.6,770.0,123.6,638.54,1408.54,3
Mon_00761,Monday,"Four Square Ellerslie,New World Eastridge,Four Square Britomart",14,81.7,252,333.7,770.0,123.7,639.2,1409.2,3
Mon_00762,Monday,"Four Square Ellerslie,Four Square Remuera,New World Remuera",15,63.8,270,333.8,770.0,123.8,639.51,1409.51,3
Mon_00763,Monday,"Four Square Britomart,New World Victoria Park,New World Metro Shore City",14,81.9,252,333.9,770.0,123.9,639.9,1409.9,3
Mon_00764,Monday,"Pak 'n Save Royal Oak,Four Square Ellerslie,Four Square Onehunga",16,45.9,288,333.9,770.0,123.9,640.13,1410.13,3
Mon_00765,Monday,"New World Hobsonville,Four Square St Heliers",12,118.0,216,334.0,770.0,124.0,640.66,1410.66,2
Mon_00766,Monday,"New World Browns Bay,Four Square Botany Junction",11,136.0,198,334.0,770.0,124.0,640.89,1410.89,2
Mon_00767,Monday,"New World Newmarket,Four Square Remuera,Four Square Eden Terrace",15,64.1,270,334.1,770.0,124.1,641.27,1411.27,3
Mon_00768,Monday,"Pak 'n Save Highland Park,Four Square Pakuranga Heights",14,82.2,252,334.2,770.0,124.2,641.61,1411.61,2
Mon_00769,Monday,"Four Square Cockle Bay,Pak 'n Save Papakura",12,118.4,216,334.4,770.0,124.4,642.85,1412.85,2
Mon_00770,Monday,"Pak 'n Save Botany,Four Square Botany Junction",14,82.8,252,334.8,770.0,124.8,644.86,1414.86,2
Mon_00771,Monday,"New World Green Bay,New World Victoria Park",15,65.0,270,335.0,770.0,125.0,646.05,1416.05,2
Mon_00772,Monday,"Pak 'n Save Royal Oak,New World New Lynn",16,47.1,288,335.1,770.0,125.1,646.57,1416.57,2
Mon_00773,Monday,"New World Mt Roskill,New World Victoria Park",16,47.2,288,335.2,770.0,125.2,646.94,1416.94,2
Mon_00774,Monday,"New World Howick,New World New Lynn",13,101.2,234,335.2,770.0,125.2,647.06,1417.06,2
Mon_00775,Monday,"Pak 'n Save Henderson,New World Metro Shore City",13,101.3,234,335.3,770.0,125.3,647.44,1417.44,2
Mon_00776,Monday,"Four Square Glen Eden,New World New Lynn,New World Mt Roskill",16,47.9,288,335.9,770.0,125.9,650.3,1420.3,3
Mon_00777,Monday,"Four Square Glen Eden,Pak 'n Save Mt Albert,Four Square Onehunga",15,66.0,270,336.0,770.0,126.0,650.82,1420.82,3
Mon_00778,Monday,"New World Newmarket,New World Mt Albert",16,48.3,288,336.3,770.0,126.3,652.39,1422.39,2
Mon_00779,Monday,"Pak 'n Save Glen Innes,Four Square Eden Terrace",14,84.3,252,336.3,770.0,126.3,652.77,1422.77,2
Mon_00780,Monday,"Pak 'n Save Papakura,New World Metro Queen St",13,102.6,234,336.6,770.0,126.6,654.02,1424.02,2
Mon_00781,Monday,"New World Eastridge,New World New Lynn",14,84.7,252,336.7,770.0,126.7,654.43,1424.43,2
Mon_00782,Monday,"Four Square Ellerslie,Four Square Eden Terrace,New World Point Chevalier",15,66.8,270,336.8,770.0,126.8,655.18,1425.18,3
Mon_00783,Monday,"Four Square Ellerslie,New World Stonefields,Four Square St Heliers",14,84.9,252,336.9,770.0,126.9,655.52,1425.52,3
Mon_00784,Monday,"Pak 'n Save Sylvia Park,Four Square Botany Junction",14,84.9,252,336.9,770.0,126.9,655.62,1425.62,2
Mon_00785,Monday,"Pak 'n Save Royal Oak,New World Green Bay",16,49.0,288,337.0,770.0,127.0,656.28,1426.28,2
Mon_00786,Monday,"Four Square Cockle Bay,New World Papakura",12,121.2,216,337.2,770.0,127.2,657.14,1427.14,2
Mon_00787,Monday,"New World Devonport,New World Milford",13,103.9,234,337.9,770.0,127.9,660.94,1430.94,2
Mon_00788,Monday,"Pak 'n Save Glen Innes,Four Square St Heliers",14,86.0,252,338.0,770.0,128.0,661.09,1431.09,2
Mon_00789,Monday,"Four Square Remuera,New World Stonefields,Four Square St Heliers",14,86.0,252,338.0,770.0,128.0,661.39,1431.39,3
Mon_00790,Monday,"Four Square Cockle Bay,New World Long Bay",10,158.1,180,338.1,770.0,128.1,661.64,1431.64,2
Mon_00791,Monday,"New World Stonefields,New World Mt Albert",15,68.2,270,338.2,770.0,128.2,662.43,1432.43,2
Mon_00792,Monday,"New World Mt Roskill,New World Howick",14,86.5,252,338.5,770.0,128.5,664.03,1434.03,2
Mon_00793,Monday,"Four Square Pakuranga Heights,Pak 'n Save Henderson",13,104.6,234,338.6,770.0,128.6,664.37,1434.37,2
Mon_00794,Monday,"Four Square Botany Junction,Pak 'n Save Glen Innes",13,104.7,234,338.7,770.0,128.7,664.79,1434.79,2
Mon_00795,Monday,"Pak 'n Save Wairau Road,New World New Lynn",14,86.8,252,338.8,770.0,128.8,665.23,1435.23,2
Mon_00796,Monday,"New World Botany,Four Square St Heliers",13,104.8,234,338.8,770.0,128.8,665.62,1435.62,2
Mon_00797,Monday,"Four Square Hobsonville,New World Ormiston",12,122.8,216,338.8,770.0,128.8,665.65,1435.65,2
Mon_00798,Monday,"Pak 'n Save Sylvia Park,Four Square Eden Terrace",15,69.1,270,339.1,770.0,129.1,667.09,1437.09,2
Mon_00799,Monday,"New World Newmarket,New World Stonefields",15,69.2,270,339.2,770.0,129.2,667.55,1437.55,2
Mon_00800,Monday,"New World Remuera,New World New Lynn",15,69.2,270,339.2,770.0,129.2,667.77,1437.77,2
Mon_00801,Monday,"Pak 'n Save Papakura,Four Square Fair Price Henderson",12,123.3,216,339.3,770.0,129.3,668.22,1438.22,2
Mon_00802,Monday,"New World Howick,New World Green Bay",13,105.3,234,339.3,770.0,129.3,668.28,1438.28,2
Mon_00803,Monday,"New World Papakura,New World Metro Queen St",13,105.3,234,339.3,770.0,129.3,668.3,1438.3,2
Mon_00804,Monday,"Pak 'n Save Royal Oak,Four Square Remuera,Four Square Onehunga",16,51.5,288,339.5,770.0,129.5,669.2,1439.2,3
Mon_00805,Monday,"Pak 'n Save Glen Innes,New World Metro Queen St",14,87.5,252,339.5,770.0,129.5,669.28,1439.28,2
Mon_00806,Monday,"New World Papatoetoe,New World Southmall",15,69.6,270,339.6,770.0,129.6,669.69,1439.69,2
Mon_00807,Monday,"New World Green Bay,New World Eastridge",14,87.8,252,339.8,770.0,129.8,670.51,1440.51,2
Mon_00808,Monday,"New World Mt Roskill,New World Eastridge",15,69.9,270,339.9,770.0,129.9,671.4,1441.4,2
Mon_00809,Monday,"Four Square Onehunga,Four Square Eden Terrace,Pak 'n Save Mt Albert",16,52.0,288,340.0,770.0,130.0,671.46,1441.46,3
Mon_00810,Monday,"Four Square Torbay,Pak 'n Save Mt Albert",13,106.1,234,340.1,770.0,130.1,671.94,1441.94,2
Mon_00811,Monday,"New World Newmarket,New World Point Chevalier",16,52.1,288,340.1,770.0,130.1,672.16,1442.16,2
Mon_00812,Monday,"New World Mt Albert,Four Square Eden Terrace,New World Metro Queen St",16,52.3,288,340.3,770.0,130.3,673.25,1443.25,3
Mon_00813,Monday,"Four Square Ellerslie,Four Square Botany Junction,New World Papatoetoe",14,88.5,252,340.5,770.0,130.5,674.18,1444.18,3
Mon_00814,Monday,"Four Square Onehunga,Pak 'n Save Clendon",15,70.6,270,340.6,770.0,130.6,674.91,1444.91,2
Mon_00815,Monday,"Pak 'n Save Manukau,Four Square Hobsonville",13,106.8,234,340.8,770.0,130.8,675.63,1445.63,2
Mon_00816,Monday,"New World Birkenhead,New World Milford",14,88.8,252,340.8,770.0,130.8,675.78,1445.78,2
Mon_00817,Monday,"Four Square Torbay,New World Victoria Park",13,107.0,234,341.0,770.0,131.0,676.72,1446.72,2
Mon_00818,Monday,"Pak 'n Save Henderson,Four Square Ellerslie",14,89.1,252,341.1,770.0,131.1,677.17,1447.17,2
Mon_00819,Monday,"New World Newmarket,Four Square Ellerslie,New World Metro Queen St",15,71.2,270,341.2,770.0,131.2,677.83,1447.83,3
Mon_00820,Monday,"Pak 'n Save Henderson,Four Square Remuera",14,89.2,252,341.2,770.0,131.2,677.89,1447.89,2
Mon_00821,Monday,"New World Newmarket,Four Square Remuera,New World Metro Queen St",15,71.3,270,341.3,770.0,131.3,678.56,1448.56,3
Mon_00822,Monday,"New World Long Bay,Four Square St Heliers",11,143.6,198,341.6,770.0,131.6,679.96,1449.96,2
Mon_00823,Monday,"Pak 'n Save Mangere,Four Square Hobsonville",14,89.6,252,341.6,770.0,131.6,679.99,1449.99,2
Mon_00824,Monday,"Four Square Ellerslie,Pak 'n Save Ormiston",14,89.7,252,341.7,770.0,131.7,680.63,1450.63,2
Mon_00825,Monday,"New World Green Bay,Pak 'n Save Wairau Road",14,89.9,252,341.9,770.0,131.9,681.32,1451.32,2
Mon_00826,Monday,"Four Square Britomart,Four Square Lancaster,New World Devonport",12,125.9,216,341.9,770.0,131.9,681.43,1451.43,3
Mon_00827,Monday,"Pak 'n Save Henderson,Four Square Eden Terrace",15,71.9,270,341.9,770.0,131.9,681.66,1451.66,2
Mon_00828,Monday,"New World Mt Albert,Pak 'n Save Lincoln Road",16,53.9,288,341.9,770.0,131.9,681.74,1451.74,2
Mon_00829,Monday,"New World Stonefields,New World Point Chevalier",15,72.0,270,342.0,770.0,132.0,682.19,1452.19,2
Mon_00830,Monday,"New World Mt Roskill,Pak 'n Save Wairau Road",15,72.0,270,342.0,770.0,132.0,682.21,1452.21,2
Mon_00831,Monday,"New World Papakura,Four Square Fair Price Henderson",12,126.1,216,342.1,770.0,132.1,682.51,1452.51,2
Mon_00832,Monday,"New World Birkenhead,New World Devonport",13,108.2,234,342.2,770.0,132.2,682.87,1452.87,2
Mon_00833,Monday,"Four Square Torbay,New World Southmall",11,144.3,198,342.3,770.0,132.3,683.77,1453.77,2
Mon_00834,Monday,"New World Green Bay,New World Remuera",15,72.4,270,342.4,770.0,132.4,683.85,1453.85,2
Mon_00835,Monday,"Four Square Fair Price Henderson,Four Square Glen Eden,Pak 'n Save Mt Albert",15,72.4,270,342.4,770.0,132.4,684.11,1454.11,3
Mon_00836,Monday,"New World Southmall,New World Stonefields",14,90.4,252,342.4,770.0,132.4,684.12,1454.12,2
Mon_00837,Monday,"Pak 'n Save Mangere,Four Square Lancaster",13,108.5,234,342.5,770.0,132.5,684.49,1454.49,2
Mon_00838,Monday,"New World Mt Roskill,New World Remuera",16,54.5,288,342.5,770.0,132.5,684.74,1454.74,2
Mon_00839,Monday,"Four Square Britomart,New World Metro Queen St,New World Victoria Park",16,54.7,288,342.7,770.0,132.7,685.77,1455.77,3
Mon_00840,Monday,"Four Square Ellerslie,Pak 'n Save Botany",14,90.8,252,342.8,770.0,132.8,686.15,1456.15,2
Mon_00841,Monday,"Four Square Onehunga,New World Remuera,Four Square Eden Terrace",16,55.0,288,343.0,770.0,133.0,686.98,1456.98,3
Mon_00842,Monday,"New World Mt Roskill,New World Ormiston",15,73.0,270,343.0,770.0,133.0,687.0,1457.0,2
Mon_00843,Monday,"New World Birkenhead,New World Mt Albert",15,73.1,270,343.1,770.0,133.1,687.78,1457.78,2
Mon_00844,Monday,"Pak 'n Save Lincoln Road,New World Point Chevalier",16,55.2,288,343.2,770.0,133.2,688.44,1458.44,2
Mon_00845,Monday,"Four Square Cockle Bay,Pak 'n Save Botany",14,91.3,252,343.3,770.0,133.3,688.6,1458.6,2
Mon_00846,Monday,"Four Square Cockle Bay,Pak 'n Save Glen Innes",13,109.4,234,343.4,770.0,133.4,689.34,1459.34,2
Mon_00847,Monday,"Pak 'n Save Westgate,Four Square Botany Junction",13,110.0,234,344.0,770.0,134.0,692.32,1462.32,2
Mon_00848,Monday,"Four Square Ellerslie,New World Metro Queen St,New World Point Chevalier",15,74.0,270,344.0,770.0,134.0,692.47,1462.47,3
Mon_00849,Monday,"Pak 'n Save Highland Park,Four Square Onehunga",15,74.1,270,344.1,770.0,134.1,692.76,1462.76,2
Mon_00850,Monday,"Four Square Remuera,New World Metro Queen St,New World Point Chevalier",15,74.2,270,344.2,770.0,134.2,693.19,1463.19,3
Mon_00851,Monday,"Pak 'n Save Albany,Four Square Botany Junction",12,128.2,216,344.2,770.0,134.2,693.2,1463.2,2
Mon_00852,Monday,"Pak 'n Save Glen Innes,Four Square Glen Eden",13,110.4,234,344.4,770.0,134.4,694.62,1464.62,2
Mon_00853,Monday,"New World Ormiston,New World New Lynn",14,92.5,252,344.5,770.0,134.5,695.06,1465.06,2
Mon_00854,Monday,"Four Square Torbay,New World Albany",13,110.6,234,344.6,770.0,134.6,695.22,1465.22,2
Mon_00855,Monday,"New World Mt Roskill,Pak 'n Save Manukau",16,56.6,288,344.6,770.0,134.6,695.62,1465.62,2
Mon_00856,Monday,"Pak 'n Save Albany,Four Square Torbay",13,111.1,234,345.1,770.0,135.1,698.05,1468.05,2
Mon_00857,Monday,"Four Square Fair Price Henderson,Pak 'n Save Glen Innes",13,111.5,234,345.5,770.0,135.5,699.97,1469.97,2
Mon_00858,Monday,"New World Metro Queen St,Four Square Britomart,New World Eastridge",15,75.6,270,345.6,770.0,135.6,700.38,1470.38,3
Mon_00859,Monday,"Pak 'n Save Lincoln Road,Four Square Fair Price Henderson,Four Square Hobsonville",15,75.8,270,345.8,770.0,135.8,701.41,1471.41,3
Mon_00860,Monday,"Four Square Eden Terrace,New World Metro Queen St,New World Point Chevalier",16,57.8,288,345.8,770.0,135.8,701.47,1471.47,3
Mon_00861,Monday,"New World Albany,Four Square Botany Junction",12,129.8,216,345.8,770.0,135.8,701.5,1471.5,2
Mon_00862,Monday,"New World Botany,Four Square Lancaster",12,130.1,216,346.1,770.0,136.1,702.97,1472.97,2
Mon_00863,Monday,"Four Square Fair Price Henderson,New World Hobsonville,Four Square Hobsonville",15,76.2,270,346.2,770.0,136.2,703.57,1473.57,3
Mon_00864,Monday,"Pak 'n Save Manukau,New World New Lynn",15,76.2,270,346.2,770.0,136.2,703.67,1473.67,2
Mon_00865,Monday,"Pak 'n Save Sylvia Park,New World Metro Queen St",15,76.3,270,346.3,770.0,136.3,704.38,1474.38,2
Mon_00866,Monday,"New World Ormiston,New World Green Bay",14,94.4,252,346.4,770.0,136.4,704.77,1474.77,2
Mon_00867,Monday,"New World Howick,New World Stonefields",14,94.5,252,346.5,770.0,136.5,705.16,1475.16,2
Mon_00868,Monday,"New World Devonport,New World Mt Albert",14,94.5,252,346.5,770.0,136.5,705.2,1475.2,2
Mon_00869,Monday,"Four Square Eden Terrace,Four Square Remuera,New World Eastridge",15,76.6,270,346.6,770.0,136.6,705.9,1475.9,3
Mon_00870,Monday,"New World Victoria Park,Four Square Britomart,Four Square Eden Terrace",16,58.7,288,346.7,770.0,136.7,706.08,1476.08,3
Mon_00871,Monday,"Four Square Remuera,Pak 'n Save Ormiston",14,94.7,252,346.7,770.0,136.7,706.5,1476.5,2
Mon_00872,Monday,"Pak 'n Save Mangere,New World New Lynn",16,58.9,288,346.9,770.0,136.9,707.36,1477.36,2
Mon_00873,Monday,"New World Birkenhead,New World Point Chevalier",15,76.9,270,346.9,770.0,136.9,707.54,1477.54,2
Mon_00874,Monday,"Pak 'n Save Sylvia Park,Four Square Glen Eden",14,95.2,252,347.2,770.0,137.2,708.94,1478.94,2
Mon_00875,Monday,"Pak 'n Save Botany,Four Square Remuera",14,95.3,252,347.3,770.0,137.3,709.27,1479.27,2
Mon_00876,Monday,"Pak 'n Save Manukau,New World Green Bay",15,78.1,270,348.1,770.0,138.1,713.39,1483.39,2
Mon_00877,Monday,"New World Milford,New World Mt Albert",15,78.1,270,348.1,770.0,138.1,713.74,1483.74,2
Mon_00878,Monday,"New World Newmarket,New World Metro Queen St,Four Square Eden Terrace",16,60.1,288,348.1,770.0,138.1,713.74,1483.74,3
Mon_00879,Monday,"New World Long Bay,New World New Lynn",13,114.2,234,348.2,770.0,138.2,714.27,1484.27,2
Mon_00880,Monday,"Four Square Fair Price Henderson,Pak 'n Save Sylvia Park",14,96.3,252,348.3,770.0,138.3,714.3,1484.3,2
Mon_00881,Monday,"Pak 'n Save Wairau Road,New World Milford",15,78.5,270,348.5,770.0,138.5,715.46,1485.46,2
Mon_00882,Monday,"Four Square Remuera,New World Eastridge,New World Metro Queen St",15,78.6,270,348.6,770.0,138.6,716.05,1486.05,3
Mon_00883,Monday,"New World Papatoetoe,New World Stonefields",15,78.6,270,348.6,770.0,138.6,716.16,1486.16,2
Mon_00884,Monday,"Pak 'n Save Mangere,New World Green Bay",16,60.8,288,348.8,770.0,138.8,717.08,1487.08,2
Mon_00885,Monday,"New World Stonefields,New World Eastridge",15,78.9,270,348.9,770.0,138.9,717.58,1487.58,2
Mon_00886,Monday,"Four Square Cockle Bay,New World Browns Bay",11,151.0,198,349.0,770.0,139.0,718.08,1488.08,2
Mon_00887,Monday,"Four Square Cockle Bay,Pak 'n Save Ormiston",14,97.0,252,349.0,770.0,139.0,718.36,1488.36,2
Mon_00888,Monday,"Four Square Eden Terrace,Four Square Britomart,New World Eastridge",15,79.3,270,349.3,770.0,139.3,719.48,1489.48,3
Mon_00889,Monday,"New World Papatoetoe,Four Square Torbay",12,133.3,216,349.3,770.0,139.3,719.63,1489.63,2
Mon_00890,Monday,"New World Long Bay,Four Square Torbay,New World Metro Shore City",13,115.3,234,349.3,770.0,139.3,719.64,1489.64,3
Mon_00891,Monday,"Pak 'n Save Henderson,Four Square Hobsonville",15,79.8,270,349.8,770.0,139.8,722.3,1492.3,2
Mon_00892,Monday,"New World Southmall,New World Mt Albert",15,79.8,270,349.8,770.0,139.8,722.34,1492.34,2
Mon_00893,Monday,"Pak 'n Save Botany,Four Square Britomart",14,97.9,252,349.9,770.0,139.9,722.7,1492.7,2
Mon_00894,Monday,"Four Square Pakuranga Heights,Pak 'n Save Clendon",14,97.9,252,349.9,770.0,139.9,722.72,1492.72,2
Mon_00895,Monday,"Four Square Cockle Bay,Pak 'n Save Sylvia Park",14,97.9,252,349.9,770.0,139.9,722.98,1492.98,2
Mon_00896,Monday,"Pak 'n Save Henderson,New World Metro Queen St",15,79.9,270,349.9,770.0,139.9,723.06,1493.06,2
Mon_00897,Monday,"Pak 'n Save Ormiston,Four Square Britomart",14,98.0,252,350.0,770.0,140.0,723.22,1493.22,2
Mon_00898,Monday,"New World Birkenhead,New World Newmarket",15,80.0,270,350.0,770.0,140.0,723.47,1493.47,2
Mon_00899,Monday,"Four Square Eden Terrace,Four Square Ellerslie,New World Eastridge",15,80.1,270,350.1,770.0,140.1,723.8,1493.8,3
Mon_00900,Monday,"New World Victoria Park,Four Square Lancaster,New World Metro Shore City",14,98.1,252,350.1,770.0,140.1,723.91,1493.91,3
Mon_00901,Monday,"New World Remuera,Four Square Remuera,Four Square Eden Terrace",16,62.1,288,350.1,770.0,140.1,723.94,1493.94,3
Mon_00902,Monday,"New World Metro Queen St,New World Victoria Park,New World Metro Shore City",15,80.1,270,350.1,770.0,140.1,724.1,1494.1,3
Mon_00903,Monday,"New World Devonport,New World Point Chevalier",14,98.3,252,350.3,770.0,140.3,724.96,1494.96,2
Mon_00904,Monday,"Four Square Torbay,New World Eastridge",12,134.6,216,350.6,770.0,140.6,726.22,1496.22,2
Mon_00905,Monday,"New World Howick,Four Square Torbay",11,153.8,198,351.8,770.0,141.8,732.61,1502.61,2
Mon_00906,Monday,"New World Milford,New World Point Chevalier",15,82.0,270,352.0,770.0,142.0,733.5,1503.5,2
Mon_00907,Monday,"New World Birkenhead,New World Stonefields",14,100.0,252,352.0,770.0,142.0,733.51,1503.51,2
Mon_00908,Monday,"New World Browns Bay,Four Square St Heliers",12,136.5,216,352.5,770.0,142.5,736.41,1506.41,2
Mon_00909,Monday,"New World Metro Shore City,Pak 'n Save Ormiston",13,118.7,234,352.7,770.0,142.7,737.2,1507.2,2
Mon_00910,Monday,"New World Newmarket,New World Southmall",15,82.7,270,352.7,770.0,142.7,737.4,1507.4,2
Mon_00911,Monday,"New World Birkenhead,Pak 'n Save Wairau Road",15,82.7,270,352.7,770.0,142.7,737.54,1507.54,2
Mon_00912,Monday,"Pak 'n Save Mangere,Four Square St Heliers",14,101.0,252,353.0,770.0,143.0,739.0,1509.0,2
Mon_00913,Monday,"New World Southmall,New World Ormiston",15,83.1,270,353.1,770.0,143.1,739.51,1509.51,2
Mon_00914,Monday,"Four Square Torbay,New World Remuera",13,119.1,234,353.1,770.0,143.1,739.56,1509.56,2
Mon_00915,Monday,"Pak 'n Save Botany,New World Metro Shore City",13,119.2,234,353.2,770.0,143.2,739.72,1509.72,2
Mon_00916,Monday,"New World Howick,New World Southmall",14,101.4,252,353.4,770.0,143.4,740.84,1510.84,2
Mon_00917,Monday,"New World Devonport,New World Newmarket",14,101.4,252,353.4,770.0,143.4,740.89,1510.89,2
Mon_00918,Monday,"Pak 'n Save Papakura,Four Square Lancaster",12,137.6,216,353.6,770.0,143.6,741.78,1511.78,2
Mon_00919,Monday,"Four Square Ellerslie,New World Remuera,Four Square Eden Terrace",16,65.6,288,353.6,770.0,143.6,741.93,1511.93,3
Mon_00920,Monday,"Pak 'n Save Westgate,New World New Lynn",16,65.6,288,353.6,770.0,143.6,742.0,1512.0,2
Mon_00921,Monday,"New World Southmall,New World Point Chevalier",15,83.6,270,353.6,770.0,143.6,742.1,1512.1,2
Mon_00922,Monday,"Four Square Remuera,Four Square St Heliers,New World Eastridge",15,83.7,270,353.7,770.0,143.7,742.51,1512.51,3
Mon_00923,Monday,"Pak 'n Save Papakura,Four Square St Heliers",13,119.8,234,353.8,770.0,143.8,743.17,1513.17,2
Mon_00924,Monday,"Pak 'n Save Clendon,Four Square Botany Junction",15,84.3,270,354.3,770.0,144.3,745.71,1515.71,2
Mon_00925,Monday,"Pak 'n Save Highland Park,Four Square Botany Junction",15,85.0,270,355.0,770.0,145.0,749.4,1519.4,2
Mon_00926,Monday,"New World Milford,New World Newmarket",15,85.1,270,355.1,770.0,145.1,749.43,1519.43,2
Mon_00927,Monday,"New World Green Bay,New World Long Bay",13,121.1,234,355.1,770.0,145.1,749.86,1519.86,2
Mon_00928,Monday,"Four Square Britomart,New World Metro Queen St,New World Remuera",16,67.2,288,355.2,770.0,145.2,750.06,1520.06,3
Mon_00929,Monday,"New World Mt Roskill,New World Long Bay",14,103.3,252,355.3,770.0,145.3,750.75,1520.75,2
Mon_00930,Monday,"New World Devonport,New World Stonefields",13,121.3,234,355.3,770.0,145.3,750.92,1520.92,2
Mon_00931,Monday,"Four Square Britomart,Four Square St Heliers,New World Eastridge",15,85.8,270,355.8,770.0,145.8,753.52,1523.52,3
Mon_00932,Monday,"Pak 'n Save Lincoln Road,New World Hobsonville",16,68.0,288,356.0,770.0,146.0,754.08,1524.08,2
Mon_00933,Monday,"New World Papatoetoe,New World Mt Albert",16,68.0,288,356.0,770.0,146.0,754.38,1524.38,2
Mon_00934,Monday,"Four Square Britomart,Pak 'n Save Albany,New World Metro Shore City",14,104.1,252,356.1,770.0,146.1,754.74,1524.74,3
Mon_00935,Monday,"New World Mt Albert,New World Hobsonville",16,68.1,288,356.1,770.0,146.1,754.75,1524.75,2
Mon_00936,Monday,"New World Papakura,Four Square Lancaster",12,140.3,216,356.3,770.0,146.3,756.07,1526.07,2
Mon_00937,Monday,"New World Remuera,New World Stonefields",16,68.5,288,356.5,770.0,146.5,757.06,1527.06,2
Mon_00938,Monday,"New World Milford,New World Stonefields",14,105.0,252,357.0,770.0,147.0,759.46,1529.46,2
Mon_00939,Monday,"Four Square Cockle Bay,Pak 'n Save Westgate",13,123.1,234,357.1,770.0,147.1,760.05,1530.05,2
Mon_00940,Monday,"New World Remuera,Four Square Remuera,New World Metro Queen St",16,69.3,288,357.3,770.0,147.3,761.23,1531.23,3
Mon_00941,Monday,"New World Hobsonville,New World Point Chevalier",16,69.4,288,357.4,770.0,147.4,761.45,1531.45,2
Mon_00942,Monday,"Pak 'n Save Wairau Road,New World Devonport",14,105.5,252,357.5,770.0,147.5,761.99,1531.99,2
Mon_00943,Monday,"Pak 'n Save Lincoln Road,New World Newmarket",16,69.5,288,357.5,770.0,147.5,762.0,1532.0,2
Mon_00944,Monday,"New World Botany,Four Square Hobsonville",13,123.5,234,357.5,770.0,147.5,762.06,1532.06,2
Mon_00945,Monday,"New World Stonefields,Pak 'n Save Mt Albert",16,70.3,288,358.3,770.0,148.3,766.16,1536.16,2
Mon_00946,Monday,"New World Howick,New World Mt Albert",15,88.5,270,358.5,770.0,148.5,767.36,1537.36,2
Mon_00947,Monday,"Pak 'n Save Manukau,New World Southmall",16,70.9,288,358.9,770.0,148.9,769.27,1539.27,2
Mon_00948,Monday,"Four Square Cockle Bay,Pak 'n Save Albany",12,143.1,216,359.1,770.0,149.1,770.4,1540.4,2
Mon_00949,Monday,"New World Browns Bay,New World New Lynn",14,107.2,252,359.2,770.0,149.2,770.72,1540.72,2
Mon_00950,Monday,"Four Square Lancaster,Pak 'n Save Glen Innes",13,125.5,234,359.5,770.0,149.5,772.42,1542.42,2
Mon_00951,Monday,"New World Papatoetoe,New World Point Chevalier",16,71.8,288,359.8,770.0,149.8,774.14,1544.14,2
Mon_00952,Monday,"New World Eastridge,New World Mt Albert",16,71.9,288,359.9,770.0,149.9,774.72,1544.72,2
