RouteID,Weekday,Stores,Pallets,DriveMin,UnloadMin,TotalMin,BaseCost,OvertimeMin,OvertimeCost,TotalCost,NStops
Mon_00001,Monday,Four Square Onehunga,3,25.9,54,79.9,292.99,0.0,0.0,292.99,1
Mon_00002,Monday,Four Square Glen Eden,3,42.8,54,96.8,354.77,0.0,0.0,354.77,1
Mon_00003,Monday,Four Square Britomart,3,48.7,54,102.7,376.72,0.0,0.0,376.72,1
Mon_00004,Monday,New World Metro Shore City,2,68.9,36,104.9,384.71,0.0,0.0,384.71,1
Mon_00005,Monday,Four Square Pakuranga Heights,2,71.4,36,107.4,393.68,0.0,0.0,393.68,1
Mon_00006,Monday,Four Square Fair Price Henderson,3,54.2,54,108.2,396.8,0.0,0.0,396.8,1
Mon_00007,Monday,Four Square Ellerslie,3,56.7,54,110.7,405.8,0.0,0.0,405.8,1
Mon_00008,Monday,Four Square Remuera,3,56.8,54,110.8,406.32,0.0,0.0,406.32,1
Mon_00009,Monday,Four Square Eden Terrace,4,39.5,72,111.5,408.99,0.0,0.0,408.99,1
Mon_00010,Monday,New World Metro Queen St,4,47.6,72,119.6,438.37,0.0,0.0,438.37,1
Mon_00011,Monday,Four Square Botany Junction,3,67.3,54,121.3,444.95,0.0,0.0,444.95,1
Mon_00012,Monday,New World Mt Roskill,7,6.5,126,132.5,486.0,0.0,0.0,486.0,1
Mon_00013,Monday,Four Square Hobsonville,4,61.9,72,133.9,490.94,0.0,0.0,490.94,1
Mon_00014,Monday,Four Square Lancaster,3,80.8,54,134.8,494.13,0.0,0.0,494.13,1
Mon_00015,Monday,New World New Lynn,6,27.7,108,135.7,497.55,0.0,0.0,497.55,1
Mon_00016,Monday,New World Green Bay,6,28.8,108,136.8,501.45,0.0,0.0,501.45,1
Mon_00017,Monday,Four Square Cockle Bay,3,91.8,54,145.8,534.43,0.0,0.0,534.43,1
Mon_00018,Monday,Four Square St Heliers,4,80.0,72,152.0,557.2,0.0,0.0,557.2,1
Mon_00019,Monday,"Four Square Onehunga,Four Square Ellerslie",6,51.4,108,159.4,584.49,0.0,0.0,584.49,2
Mon_00020,Monday,"Four Square Onehunga,Four Square Remuera",6,53.2,108,161.2,591.02,0.0,0.0,591.02,2
Mon_00021,Monday,"Four Square Onehunga,Four Square Pakuranga Heights",5,74.0,90,164.0,601.32,0.0,0.0,601.32,2
Mon_00022,Monday,"Four Square Onehunga,Four Square Britomart",6,56.3,108,164.3,602.28,0.0,0.0,602.28,2
Mon_00023,Monday,"Four Square Onehunga,New World Metro Shore City",5,77.6,90,167.6,614.36,0.0,0.0,614.36,2
Mon_00024,Monday,New World Mt Albert,8,24.2,144,168.2,616.84,0.0,0.0,616.84,1
Mon_00025,Monday,"Four Square Ellerslie,Four Square Remuera",6,60.3,108,168.3,617.02,0.0,0.0,617.02,2
Mon_00026,Monday,"Four Square Britomart,New World Metro Shore City",5,78.4,90,168.4,617.62,0.0,0.0,617.62,2
Mon_00027,Monday,"Four Square Pakuranga Heights,Four Square Botany Junction",5,78.8,90,168.8,618.97,0.0,0.0,618.97,2
Mon_00028,Monday,"Four Square Onehunga,Four Square Glen Eden",6,62.0,108,170.0,623.46,0.0,0.0,623.46,2
Mon_00029,Monday,"Four Square Onehunga,Four Square Eden Terrace",7,47.2,126,173.2,635.04,0.0,0.0,635.04,2
Mon_00030,Monday,"Four Square Glen Eden,Four Square Fair Price Henderson",6,66.4,108,174.4,639.32,0.0,0.0,639.32,2
Mon_00031,Monday,"Four Square Ellerslie,Four Square Pakuranga Heights",5,84.8,90,174.8,641.07,0.0,0.0,641.07,2
Mon_00032,Monday,Four Square Torbay,4,104.3,72,176.3,646.34,0.0,0.0,646.34,1
Mon_00033,Monday,"New World Metro Queen St,Four Square Britomart",7,50.3,126,176.3,646.55,0.0,0.0,646.55,2
Mon_00034,Monday,"Four Square Britomart,Four Square Ellerslie",6,68.9,108,176.9,648.69,0.0,0.0,648.69,2
Mon_00035,Monday,"Four Square Britomart,Four Square Remuera",6,69.1,108,177.1,649.2,0.0,0.0,649.2,2
Mon_00036,Monday,"Four Square Onehunga,Four Square Fair Price Henderson",6,69.2,108,177.2,649.68,0.0,0.0,649.68,2
Mon_00037,Monday,"Four Square Pakuranga Heights,New World Metro Shore City",4,105.3,72,177.3,650.28,0.0,0.0,650.28,2
Mon_00038,Monday,New World Point Chevalier,8,34.7,144,178.7,655.37,0.0,0.0,655.37,1
Mon_00039,Monday,"Four Square Remuera,Four Square Pakuranga Heights",5,89.8,90,179.8,659.43,0.0,0.0,659.43,2
Mon_00040,Monday,"Four Square Eden Terrace,Four Square Britomart",7,54.0,126,180.0,660.1,0.0,0.0,660.1,2
Mon_00041,Monday,"Four Square Onehunga,New World Metro Queen St",7,54.4,126,180.4,661.5,0.0,0.0,661.5,2
Mon_00042,Monday,"Four Square Ellerslie,New World Metro Shore City",5,90.7,90,180.7,662.4,0.0,0.0,662.4,2
Mon_00043,Monday,"Four Square Remuera,New World Metro Shore City",5,90.8,90,180.8,662.91,0.0,0.0,662.91,2
Mon_00044,Monday,"Four Square Onehunga,Four Square Botany Junction",6,74.5,108,182.5,669.24,0.0,0.0,669.24,2
Mon_00045,Monday,"Four Square Britomart,Four Square Pakuranga Heights",5,93.1,90,183.1,671.33,0.0,0.0,671.33,2
Mon_00046,Monday,Pak 'n Save Mt Albert,9,21.7,162,183.7,673.4,0.0,0.0,673.4,1
Mon_00047,Monday,"New World Metro Shore City,Four Square Lancaster",5,95.5,90,185.5,680.07,0.0,0.0,680.07,2
Mon_00048,Monday,"Four Square Pakuranga Heights,Four Square Cockle Bay",5,95.6,90,185.6,680.71,0.0,0.0,680.71,2
Mon_00049,Monday,"New World Metro Queen St,New World Metro Shore City",6,77.9,108,185.9,681.68,0.0,0.0,681.68,2
Mon_00050,Monday,"Four Square Glen Eden,Four Square Britomart",6,78.6,108,186.6,684.32,0.0,0.0,684.32,2
Mon_00051,Monday,"Four Square Eden Terrace,Four Square Ellerslie",7,61.2,126,187.2,686.43,0.0,0.0,686.43,2
Mon_00052,Monday,"Four Square Eden Terrace,Four Square Remuera",7,61.3,126,187.3,686.94,0.0,0.0,686.94,2
Mon_00053,Monday,"Four Square Britomart,Four Square Fair Price Henderson",6,80.3,108,188.3,690.54,0.0,0.0,690.54,2
Mon_00054,Monday,"Four Square Fair Price Henderson,New World Metro Shore City",5,98.4,90,188.4,690.68,0.0,0.0,690.68,2
Mon_00055,Monday,"Four Square Eden Terrace,New World Metro Shore City",6,80.6,108,188.6,691.43,0.0,0.0,691.43,2
Mon_00056,Monday,"Four Square Glen Eden,New World Metro Shore City",5,98.8,90,188.8,692.32,0.0,0.0,692.32,2
Mon_00057,Monday,New World Southmall,7,63.2,126,189.2,693.85,0.0,0.0,693.85,1
Mon_00058,Monday,New World Newmarket,8,45.6,144,189.6,695.13,0.0,0.0,695.13,1
Mon_00059,Monday,Pak 'n Save Lincoln Road,8,47.4,144,191.4,701.67,0.0,0.0,701.67,1
Mon_00060,Monday,"Four Square Ellerslie,Four Square Botany Junction",6,83.5,108,191.5,702.04,0.0,0.0,702.04,2
Mon_00061,Monday,New World Stonefields,7,65.5,126,191.5,702.25,0.0,0.0,702.25,1
Mon_00062,Monday,"Four Square Eden Terrace,Four Square Pakuranga Heights",6,85.4,108,193.4,709.07,0.0,0.0,709.07,2
Mon_00063,Monday,"New World Metro Queen St,Four Square Ellerslie",7,67.7,126,193.7,710.35,0.0,0.0,710.35,2
Mon_00064,Monday,"New World Metro Queen St,Four Square Remuera",7,67.9,126,193.9,710.86,0.0,0.0,710.86,2
Mon_00065,Monday,"Four Square Glen Eden,Four Square Ellerslie",6,86.6,108,194.6,713.41,0.0,0.0,713.41,2
Mon_00066,Monday,"Four Square Glen Eden,Four Square Remuera",6,86.7,108,194.7,713.92,0.0,0.0,713.92,2
Mon_00067,Monday,New World Papatoetoe,8,50.8,144,194.8,714.14,0.0,0.0,714.14,1
Mon_00068,Monday,"Four Square Eden Terrace,New World Metro Queen St",8,51.3,144,195.3,715.93,0.0,0.0,715.93,2
Mon_00069,Monday,"Four Square Eden Terrace,Four Square Glen Eden",7,69.3,126,195.3,715.97,0.0,0.0,715.97,2
Mon_00070,Monday,"Four Square Fair Price Henderson,Four Square Ellerslie",6,87.4,108,195.4,716.58,0.0,0.0,716.58,2
Mon_00071,Monday,"Four Square Fair Price Henderson,Four Square Remuera",6,87.6,108,195.6,717.1,0.0,0.0,717.1,2
Mon_00072,Monday,New World Birkenhead,7,70.4,126,196.4,720.24,0.0,0.0,720.24,1
Mon_00073,Monday,"Four Square Remuera,Four Square Botany Junction",6,88.5,108,196.5,720.39,0.0,0.0,720.39,2
Mon_00074,Monday,"Four Square Eden Terrace,Four Square Fair Price Henderson",7,71.1,126,197.1,722.81,0.0,0.0,722.81,2
Mon_00075,Monday,"Four Square Onehunga,Four Square Lancaster",6,89.4,108,197.4,723.78,0.0,0.0,723.78,2
Mon_00076,Monday,"Four Square Britomart,Four Square Lancaster",6,90.3,108,198.3,727.05,0.0,0.0,727.05,2
Mon_00077,Monday,"Four Square Hobsonville,New World Metro Shore City",6,91.4,108,199.4,731.29,0.0,0.0,731.29,2
Mon_00078,Monday,"Four Square Britomart,Four Square Botany Junction",6,91.7,108,199.7,732.29,0.0,0.0,732.29,2
Mon_00079,Monday,New World Devonport,6,91.8,108,199.8,732.6,0.0,0.0,732.6,1
Mon_00080,Monday,"New World Metro Queen St,Four Square Pakuranga Heights",6,91.9,108,199.9,732.99,0.0,0.0,732.99,2
Mon_00081,Monday,"Four Square Pakuranga Heights,Four Square St Heliers",6,92.0,108,200.0,733.2,0.0,0.0,733.2,2
Mon_00082,Monday,"Four Square Glen Eden,Four Square Pakuranga Heights",5,110.7,90,200.7,736.05,0.0,0.0,736.05,2
Mon_00083,Monday,"Four Square Onehunga,Four Square St Heliers",7,75.2,126,201.2,737.57,0.0,0.0,737.57,2
Mon_00084,Monday,"Four Square Fair Price Henderson,Four Square Hobsonville",7,75.2,126,201.2,737.74,0.0,0.0,737.74,2
Mon_00085,Monday,New World Milford,7,75.5,126,201.5,738.66,0.0,0.0,738.66,1
Mon_00086,Monday,"Four Square Fair Price Henderson,Four Square Pakuranga Heights",5,111.6,90,201.6,739.23,0.0,0.0,739.23,2
Mon_00087,Monday,"Four Square Onehunga,Four Square Cockle Bay",6,94.4,108,202.4,742.08,0.0,0.0,742.08,2
Mon_00088,Monday,"Four Square Onehunga,Four Square Hobsonville",7,76.9,126,202.9,743.81,0.0,0.0,743.81,2
Mon_00089,Monday,"Four Square Botany Junction,New World Metro Shore City",5,113.0,90,203.0,744.34,0.0,0.0,744.34,2
Mon_00090,Monday,"Four Square Glen Eden,New World Metro Queen St",7,77.4,126,203.4,745.98,0.0,0.0,745.98,2
Mon_00091,Monday,"New World Metro Queen St,Four Square Fair Price Henderson",7,79.1,126,205.1,752.19,0.0,0.0,752.19,2
Mon_00092,Monday,New World Hobsonville,8,61.5,144,205.5,753.49,0.0,0.0,753.49,1
Mon_00093,Monday,"Four Square Remuera,Four Square St Heliers",7,80.6,126,206.6,757.35,0.0,0.0,757.35,2
Mon_00094,Monday,"New World Mt Roskill,Four Square Onehunga",10,26.6,180,206.6,757.53,0.0,0.0,757.53,2
Mon_00095,Monday,Pak 'n Save Royal Oak,10,26.9,180,206.9,758.61,0.0,0.0,758.61,1
Mon_00096,Monday,"Four Square Pakuranga Heights,Four Square Lancaster",5,117.2,90,207.2,759.7,0.0,0.0,759.7,2
Mon_00097,Monday,"Four Square Ellerslie,Four Square St Heliers",7,81.4,126,207.4,760.55,0.0,0.0,760.55,2
Mon_00098,Monday,"New World New Lynn,Four Square Glen Eden",9,46.0,162,208.0,762.7,0.0,0.0,762.7,2
Mon_00099,Monday,"New World Green Bay,Four Square Glen Eden",9,46.1,162,208.1,762.92,0.0,0.0,762.92,2
Mon_00100,Monday,"Four Square Onehunga,New World New Lynn",9,46.2,162,208.2,763.24,0.0,0.0,763.24,2
Mon_00101,Monday,"Four Square Glen Eden,Four Square Hobsonville",7,82.4,126,208.4,764.18,0.0,0.0,764.18,2
Mon_00102,Monday,New World Victoria Park,9,46.5,162,208.5,764.58,0.0,0.0,764.58,1
Mon_00103,Monday,"Four Square Britomart,Four Square St Heliers",7,82.7,126,208.7,765.17,0.0,0.0,765.17,2
Mon_00104,Monday,"Four Square Botany Junction,Four Square Cockle Bay",6,101.2,108,209.2,767.17,0.0,0.0,767.17,2
Mon_00105,Monday,"Four Square Eden Terrace,Four Square Botany Junction",7,84.0,126,210.0,770.0,0.0,0.05,770.05,2
Mon_00106,Monday,"Four Square Onehunga,New World Green Bay",9,48.0,162,210.0,770.0,0.0,0.19,770.19,2
Mon_00107,Monday,"Four Square Ellerslie,Four Square Lancaster",6,102.5,108,210.5,770.0,0.5,2.57,772.57,2
Mon_00108,Monday,"Four Square Remuera,Four Square Lancaster",6,102.6,108,210.6,770.0,0.6,3.3,773.3,2
Mon_00109,Monday,New World Howick,7,85.8,126,211.8,770.0,1.8,9.46,779.46,1
Mon_00110,Monday,"Four Square Glen Eden,Four Square Botany Junction",6,104.3,108,212.3,770.0,2.3,11.74,781.74,2
Mon_00111,Monday,"Four Square Fair Price Henderson,Four Square Lancaster",6,104.5,108,212.5,770.0,2.5,13.04,783.04,2
Mon_00112,Monday,"Four Square Ellerslie,Four Square Cockle Bay",6,105.2,108,213.2,770.0,3.2,16.66,786.66,2
Mon_00113,Monday,New World Eastridge,8,69.3,144,213.3,770.0,3.3,16.83,786.83,1
Mon_00114,Monday,"Four Square Britomart,Four Square Hobsonville",7,88.0,126,214.0,770.0,4.0,20.67,790.67,2
Mon_00115,Monday,Pak 'n Save Wairau Road,8,71.3,144,215.3,770.0,5.3,27.64,797.64,1
Mon_00116,Monday,"New World Metro Queen St,Four Square Lancaster",7,89.8,126,215.8,770.0,5.8,29.74,799.74,2
Mon_00117,Monday,New World Remuera,9,53.8,162,215.8,770.0,5.8,30.17,800.17,1
Mon_00118,Monday,New World Ormiston,8,72.3,144,216.3,770.0,6.3,32.43,802.43,1
Mon_00119,Monday,"New World Metro Queen St,Four Square Botany Junction",7,90.5,126,216.5,770.0,6.5,33.75,803.75,2
Mon_00120,Monday,"Four Square Onehunga,Four Square Ellerslie,Four Square Remuera",9,55.0,162,217.0,770.0,7.0,36.22,806.22,3
Mon_00121,Monday,Pak 'n Save Manukau,9,55.9,162,217.9,770.0,7.9,41.05,811.05,1
Mon_00122,Monday,"Four Square Remuera,Four Square Cockle Bay",6,110.2,108,218.2,770.0,8.2,42.53,812.53,2
Mon_00123,Monday,"Four Square Fair Price Henderson,Four Square Botany Junction",6,110.2,108,218.2,770.0,8.2,42.54,812.54,2
Mon_00124,Monday,"Four Square Eden Terrace,Four Square Lancaster",7,92.4,126,218.4,770.0,8.4,43.48,813.48,2
Mon_00125,Monday,Pak 'n Save Mangere,10,38.7,180,218.7,770.0,8.7,44.74,814.74,1
Mon_00126,Monday,"Four Square Glen Eden,Four Square Lancaster",6,111.7,108,219.7,770.0,9.7,50.3,820.3,2
Mon_00127,Monday,"New World Metro Shore City,Four Square St Heliers",6,112.9,108,220.9,770.0,10.9,56.32,826.32,2
Mon_00128,Monday,"Four Square Britomart,Four Square Cockle Bay",6,113.5,108,221.5,770.0,11.5,59.3,829.3,2
Mon_00129,Monday,"Four Square Ellerslie,Four Square Hobsonville",7,95.9,126,221.9,770.0,11.9,61.66,831.66,2
Mon_00130,Monday,"Four Square Remuera,Four Square Hobsonville",7,96.1,126,222.1,770.0,12.1,62.38,832.38,2
Mon_00131,Monday,"Four Square Eden Terrace,Four Square Hobsonville",8,78.8,144,222.8,770.0,12.8,66.15,836.15,2
Mon_00132,Monday,"Four Square Hobsonville,Four Square Lancaster",7,97.6,126,223.6,770.0,13.6,70.27,840.27,2
Mon_00133,Monday,"New World Metro Shore City,Four Square Torbay",6,116.0,108,224.0,770.0,14.0,72.32,842.32,2
Mon_00134,Monday,"New World Metro Shore City,Four Square Cockle Bay",5,134.2,90,224.2,770.0,14.2,73.23,843.23,2
Mon_00135,Monday,"New World Mt Roskill,Four Square Glen Eden",10,44.9,180,224.9,770.0,14.9,76.9,846.9,2
Mon_00136,Monday,"New World New Lynn,Four Square Britomart",9,65.2,162,227.2,770.0,17.2,88.7,858.7,2
Mon_00137,Monday,"Four Square Hobsonville,Four Square Pakuranga Heights",6,119.3,108,227.3,770.0,17.3,89.28,859.28,2
Mon_00138,Monday,"New World Metro Queen St,Four Square St Heliers",8,83.5,144,227.5,770.0,17.5,90.63,860.63,2
Mon_00139,Monday,"New World New Lynn,Four Square Fair Price Henderson",9,65.9,162,227.9,770.0,17.9,92.23,862.23,2
Mon_00140,Monday,"Four Square Eden Terrace,Four Square St Heliers",8,84.5,144,228.5,770.0,18.5,95.57,865.57,2
Mon_00141,Monday,New World Long Bay,7,102.6,126,228.6,770.0,18.6,96.18,866.18,1
Mon_00142,Monday,"New World Green Bay,Four Square Britomart",9,67.3,162,229.3,770.0,19.3,99.51,869.51,2
Mon_00143,Monday,"New World New Lynn,New World Metro Shore City",8,85.3,144,229.3,770.0,19.3,99.97,869.97,2
Mon_00144,Monday,"New World Mt Roskill,Four Square Britomart",10,49.4,180,229.4,770.0,19.4,100.39,870.39,2
Mon_00145,Monday,"New World Green Bay,Four Square Fair Price Henderson",9,67.9,162,229.9,770.0,19.9,103.03,873.03,2
Mon_00146,Monday,"New World Metro Queen St,Four Square Hobsonville",8,86.8,144,230.8,770.0,20.8,107.55,877.55,2
Mon_00147,Monday,"New World Green Bay,New World Metro Shore City",8,87.4,144,231.4,770.0,21.4,110.77,880.77,2
Mon_00148,Monday,"New World Mt Roskill,New World Metro Shore City",9,69.6,162,231.6,770.0,21.6,111.66,881.66,2
Mon_00149,Monday,"Four Square Eden Terrace,Four Square Cockle Bay",7,105.8,126,231.8,770.0,21.8,112.48,882.48,2
Mon_00150,Monday,"Four Square Botany Junction,Four Square Lancaster",6,124.8,108,232.8,770.0,22.8,118.03,888.03,2
Mon_00151,Monday,"Four Square Botany Junction,Four Square St Heliers",7,107.1,126,233.1,770.0,23.1,119.42,889.42,2
Mon_00152,Monday,Pak 'n Save Westgate,10,54.0,180,234.0,770.0,24.0,123.91,893.91,1
Mon_00153,Monday,"New World Mt Roskill,Four Square Pakuranga Heights",9,72.1,162,234.1,770.0,24.1,124.3,894.3,2
Mon_00154,Monday,"New World Mt Roskill,Four Square Fair Price Henderson",10,54.9,180,234.9,770.0,24.9,128.7,898.7,2
Mon_00155,Monday,"Four Square Onehunga,Four Square Ellerslie,Four Square Eden Terrace",10,55.0,180,235.0,770.0,25.0,129.3,899.3,3
Mon_00156,Monday,"New World New Lynn,Four Square Ellerslie",9,73.1,162,235.1,770.0,25.1,129.69,899.69,2
Mon_00157,Monday,"New World New Lynn,Four Square Remuera",9,73.2,162,235.2,770.0,25.2,130.42,900.42,2
Mon_00158,Monday,"Four Square Glen Eden,Four Square St Heliers",7,109.9,126,235.9,770.0,25.9,133.59,903.59,2
Mon_00159,Monday,"New World New Lynn,Four Square Eden Terrace",10,56.0,180,236.0,770.0,26.0,134.18,904.18,2
Mon_00160,Monday,"Four Square Fair Price Henderson,Four Square St Heliers",7,110.7,126,236.7,770.0,26.7,138.06,908.06,2
Mon_00161,Monday,"Four Square Onehunga,Four Square Remuera,Four Square Eden Terrace",10,56.8,180,236.8,770.0,26.8,138.51,908.51,3
Mon_00162,Monday,"New World Green Bay,Four Square Ellerslie",9,75.2,162,237.2,770.0,27.2,140.49,910.49,2
Mon_00163,Monday,"New World Green Bay,Four Square Remuera",9,75.3,162,237.3,770.0,27.3,141.22,911.22,2
Mon_00164,Monday,"New World Mt Roskill,Four Square Ellerslie",10,57.4,180,237.4,770.0,27.4,141.38,911.38,2
Mon_00165,Monday,"New World Mt Roskill,Four Square Remuera",10,57.5,180,237.5,770.0,27.5,142.11,912.11,2
Mon_00166,Monday,"Four Square Onehunga,Four Square Torbay",7,111.5,126,237.5,770.0,27.5,142.27,912.27,2
Mon_00167,Monday,"New World Green Bay,Four Square Eden Terrace",10,58.1,180,238.1,770.0,28.1,144.98,914.98,2
Mon_00168,Monday,"Four Square Cockle Bay,Four Square St Heliers",7,112.2,126,238.2,770.0,28.2,145.69,915.69,2
Mon_00169,Monday,"New World Mt Roskill,Four Square Eden Terrace",11,40.2,198,238.2,770.0,28.2,145.87,915.87,2
Mon_00170,Monday,"New World Metro Queen St,Four Square Cockle Bay",7,112.3,126,238.3,770.0,28.3,146.18,916.18,2
Mon_00171,Monday,"Four Square Britomart,Four Square Torbay",7,112.4,126,238.4,770.0,28.4,146.86,916.86,2
Mon_00172,Monday,"Four Square Glen Eden,Four Square Cockle Bay",6,131.1,108,239.1,770.0,29.1,150.5,920.5,2
Mon_00173,Monday,New World Browns Bay,8,95.5,144,239.5,770.0,29.5,152.63,922.63,1
Mon_00174,Monday,Pak 'n Save Papakura,9,77.9,162,239.9,770.0,29.9,154.28,924.28,1
Mon_00175,Monday,"Four Square Fair Price Henderson,Four Square Cockle Bay",6,132.0,108,240.0,770.0,30.0,154.97,924.97,2
Mon_00176,Monday,"New World Metro Shore City,New World Devonport",8,96.3,144,240.3,770.0,30.3,156.79,926.79,2
Mon_00177,Monday,"New World Metro Shore City,New World Milford",9,78.5,162,240.5,770.0,30.5,157.5,927.5,2
Mon_00178,Monday,"Four Square Onehunga,New World Stonefields",10,60.7,180,240.7,770.0,30.7,158.69,928.69,2
Mon_00179,Monday,"New World New Lynn,Four Square Pakuranga Heights",8,97.3,144,241.3,770.0,31.3,161.6,931.6,2
Mon_00180,Monday,New World Botany,9,79.9,162,241.9,770.0,31.9,164.62,934.62,1
Mon_00181,Monday,"New World Metro Queen St,Four Square Britomart,New World Metro Shore City",9,80.0,162,242.0,770.0,32.0,165.5,935.5,3
Mon_00182,Monday,"Four Square Pakuranga Heights,New World Stonefields",9,80.2,162,242.2,770.0,32.2,166.21,936.21,2
Mon_00183,Monday,New World Papakura,9,80.6,162,242.6,770.0,32.6,168.57,938.57,1
Mon_00184,Monday,"New World Mt Albert,Four Square Onehunga",11,45.2,198,243.2,770.0,33.2,171.42,941.42,2
Mon_00185,Monday,"New World Green Bay,Four Square Pakuranga Heights",8,99.4,144,243.4,770.0,33.4,172.4,942.4,2
Mon_00186,Monday,"Four Square Fair Price Henderson,Four Square Torbay",7,117.6,126,243.6,770.0,33.6,173.52,943.52,2
Mon_00187,Monday,"Four Square Hobsonville,Four Square Botany Junction",7,117.9,126,243.9,770.0,33.9,175.19,945.19,2
Mon_00188,Monday,"New World New Lynn,New World Metro Queen St",10,64.0,180,244.0,770.0,34.0,175.59,945.59,2
Mon_00189,Monday,"Four Square Eden Terrace,Four Square Ellerslie,Four Square Remuera",10,64.8,180,244.8,770.0,34.8,179.87,949.87,3
Mon_00190,Monday,"New World Green Bay,New World Metro Queen St",10,66.1,180,246.1,770.0,36.1,186.39,956.39,2
Mon_00191,Monday,"New World Mt Roskill,New World Metro Queen St",11,48.2,198,246.2,770.0,36.2,187.28,957.28,2
Mon_00192,Monday,"Four Square Onehunga,New World Newmarket",11,48.6,198,246.6,770.0,36.6,189.34,959.34,2
Mon_00193,Monday,"Four Square Ellerslie,New World Stonefields",10,67.0,180,247.0,770.0,37.0,191.07,961.07,2
Mon_00194,Monday,"New World Birkenhead,New World Metro Shore City",9,85.3,162,247.3,770.0,37.3,192.66,962.66,2
Mon_00195,Monday,"Four Square Pakuranga Heights,Four Square Torbay",6,139.3,108,247.3,770.0,37.3,192.88,962.88,2
Mon_00196,Monday,"Four Square Onehunga,New World Point Chevalier",11,49.7,198,247.7,770.0,37.7,194.8,964.8,2
Mon_00197,Monday,"Four Square Lancaster,Four Square Torbay",7,122.0,126,248.0,770.0,38.0,196.14,966.14,2
Mon_00198,Monday,"New World Mt Roskill,Four Square Botany Junction",10,68.0,180,248.0,770.0,38.0,196.54,966.54,2
Mon_00199,Monday,"Four Square Remuera,New World Stonefields",10,68.1,180,248.1,770.0,38.1,196.94,966.94,2
Mon_00200,Monday,Pak 'n Save Albany,9,87.7,162,249.7,770.0,39.7,204.94,974.94,1
Mon_00201,Monday,"New World New Lynn,Four Square Botany Junction",9,88.2,162,250.2,770.0,40.2,207.63,977.63,2
Mon_00202,Monday,"Four Square Onehunga,New World Southmall",10,70.4,180,250.4,770.0,40.4,208.76,978.76,2
Mon_00203,Monday,"New World Mt Albert,Four Square Britomart",11,52.5,198,250.5,770.0,40.5,209.13,979.13,2
Mon_00204,Monday,"New World Metro Queen St,Four Square Britomart,Four Square Ellerslie",10,70.5,180,250.5,770.0,40.5,209.27,979.27,3
Mon_00205,Monday,"Four Square Ellerslie,Four Square Torbay",7,124.6,126,250.6,770.0,40.6,209.96,979.96,2
Mon_00206,Monday,"Four Square Lancaster,Four Square St Heliers",7,124.7,126,250.7,770.0,40.7,210.51,980.51,2
Mon_00207,Monday,"Four Square Remuera,Four Square Torbay",7,124.8,126,250.8,770.0,40.8,210.69,980.69,2
Mon_00208,Monday,"Four Square Glen Eden,Four Square Torbay",7,124.8,126,250.8,770.0,40.8,210.78,980.78,2
Mon_00209,Monday,New World Albany,9,89.3,162,251.3,770.0,41.3,213.24,983.24,1
Mon_00210,Monday,"New World Metro Queen St,Four Square Ellerslie,Four Square Remuera",10,71.3,180,251.3,770.0,41.3,213.57,983.57,3
Mon_00211,Monday,"Four Square Pakuranga Heights,New World Howick",9,89.7,162,251.7,770.0,41.7,215.59,985.59,2
Mon_00212,Monday,"New World New Lynn,New World Green Bay",12,36.0,216,252.0,770.0,42.0,216.75,986.75,2
Mon_00213,Monday,"Four Square Eden Terrace,New World Metro Queen St,Four Square Britomart",11,54.0,198,252.0,770.0,42.0,217.14,987.14,3
Mon_00214,Monday,"New World Green Bay,Four Square Botany Junction",9,90.3,162,252.3,770.0,42.3,218.43,988.43,2
Mon_00215,Monday,"New World Mt Albert,New World Metro Shore City",10,72.7,180,252.7,770.0,42.7,220.4,990.4,2
Mon_00216,Monday,"Pak 'n Save Lincoln Road,Four Square Fair Price Henderson",11,54.8,198,252.8,770.0,42.8,221.01,991.01,2
Mon_00217,Monday,"New World New Lynn,Four Square Hobsonville",10,73.5,180,253.5,770.0,43.5,224.88,994.88,2
Mon_00218,Monday,Pak 'n Save Henderson,11,55.9,198,253.9,770.0,43.9,226.57,996.57,1
Mon_00219,Monday,"Four Square Lancaster,Four Square Cockle Bay",6,146.0,108,254.0,770.0,44.0,227.42,997.42,2
Mon_00220,Monday,"New World Mt Albert,Four Square Glen Eden",11,56.3,198,254.3,770.0,44.3,228.91,998.91,2
Mon_00221,Monday,"Four Square Hobsonville,Four Square Torbay",8,110.7,144,254.7,770.0,44.7,230.75,1000.75,2
Mon_00222,Monday,"New World Point Chevalier,Four Square Britomart",11,56.7,198,254.7,770.0,44.7,230.88,1000.88,2
Mon_00223,Monday,"Pak 'n Save Mt Albert,Four Square Onehunga",12,39.0,216,255.0,770.0,45.0,232.61,1002.61,2
Mon_00224,Monday,"New World Metro Queen St,Four Square Torbay",8,111.9,144,255.9,770.0,45.9,237.13,1007.13,2
Mon_00225,Monday,"Four Square Onehunga,New World Papatoetoe",11,57.9,198,255.9,770.0,45.9,237.34,1007.34,2
Mon_00226,Monday,"New World Newmarket,Four Square Britomart",11,58.3,198,256.3,770.0,46.3,239.05,1009.05,2
Mon_00227,Monday,"New World Mt Albert,Four Square Eden Terrace",12,40.6,216,256.6,770.0,46.6,240.74,1010.74,2
Mon_00228,Monday,"New World Point Chevalier,New World Metro Shore City",10,76.9,180,256.9,770.0,46.9,242.14,1012.14,2
Mon_00229,Monday,"Four Square Britomart,New World Stonefields",10,77.8,180,257.8,770.0,47.8,246.78,1016.78,2
Mon_00230,Monday,"New World Newmarket,Four Square Ellerslie",11,60.4,198,258.4,770.0,48.4,249.84,1019.84,2
Mon_00231,Monday,"New World Mt Albert,Four Square Ellerslie",11,60.4,198,258.4,770.0,48.4,250.12,1020.12,2
Mon_00232,Monday,"New World Southmall,Four Square Pakuranga Heights",9,96.5,162,258.5,770.0,48.5,250.37,1020.37,2
Mon_00233,Monday,"New World Newmarket,Four Square Remuera",11,60.5,198,258.5,770.0,48.5,250.56,1020.56,2
Mon_00234,Monday,"New World Mt Albert,Four Square Remuera",11,60.6,198,258.6,770.0,48.6,250.85,1020.85,2
Mon_00235,Monday,"Four Square Eden Terrace,Four Square Torbay",8,114.6,144,258.6,770.0,48.6,250.87,1020.87,2
Mon_00236,Monday,"New World Southmall,Four Square Botany Junction",10,78.7,180,258.7,770.0,48.7,251.71,1021.71,2
Mon_00237,Monday,"New World Mt Albert,Four Square Fair Price Henderson",11,60.8,198,258.8,770.0,48.8,252.15,1022.15,2
Mon_00238,Monday,"Four Square Onehunga,New World Birkenhead",10,79.1,180,259.1,770.0,49.1,253.48,1023.48,2
Mon_00239,Monday,"New World New Lynn,Four Square Lancaster",9,97.2,162,259.2,770.0,49.2,254.16,1024.16,2
Mon_00240,Monday,"New World Newmarket,New World Metro Shore City",10,79.6,180,259.6,770.0,49.6,256.07,1026.07,2
Mon_00241,Monday,"New World Metro Shore City,Pak 'n Save Wairau Road",10,79.6,180,259.6,770.0,49.6,256.1,1026.1,2
Mon_00242,Monday,"New World Point Chevalier,Four Square Glen Eden",11,61.9,198,259.9,770.0,49.9,257.56,1027.56,2
Mon_00243,Monday,"Four Square Britomart,New World Birkenhead",10,80.0,180,260.0,770.0,50.0,258.08,1028.08,2
Mon_00244,Monday,"Four Square Onehunga,Pak 'n Save Lincoln Road",11,62.3,198,260.3,770.0,50.3,260.04,1030.04,2
Mon_00245,Monday,"New World Green Bay,Four Square Hobsonville",10,80.4,180,260.4,770.0,50.4,260.46,1030.46,2
Mon_00246,Monday,"New World Mt Roskill,Four Square Hobsonville",11,62.6,198,260.6,770.0,50.6,261.35,1031.35,2
Mon_00247,Monday,Pak 'n Save Glen Innes,10,80.7,180,260.7,770.0,50.7,262.06,1032.06,1
Mon_00248,Monday,"New World Green Bay,Four Square Lancaster",9,99.3,162,261.3,770.0,51.3,264.96,1034.96,2
Mon_00249,Monday,"New World Mt Roskill,Four Square Lancaster",10,81.5,180,261.5,770.0,51.5,265.85,1035.85,2
Mon_00250,Monday,"New World Stonefields,New World Metro Shore City",9,99.5,162,261.5,770.0,51.5,266.1,1036.1,2
Mon_00251,Monday,"Four Square Glen Eden,Pak 'n Save Lincoln Road",11,63.9,198,261.9,770.0,51.9,268.16,1038.16,2
Mon_00252,Monday,"Four Square Hobsonville,Four Square St Heliers",8,118.4,144,262.4,770.0,52.4,270.71,1040.71,2
Mon_00253,Monday,"Four Square Onehunga,New World Devonport",9,100.4,162,262.4,770.0,52.4,270.9,1040.9,2
Mon_00254,Monday,"New World Point Chevalier,Four Square Fair Price Henderson",11,64.4,198,262.4,770.0,52.4,270.92,1040.92,2
Mon_00255,Monday,"New World Point Chevalier,Four Square Ellerslie",11,64.6,198,262.6,770.0,52.6,271.87,1041.87,2
Mon_00256,Monday,"New World Birkenhead,Four Square Lancaster",10,82.8,180,262.8,770.0,52.8,272.55,1042.55,2
Mon_00257,Monday,"New World Point Chevalier,Four Square Remuera",11,64.8,198,262.8,770.0,52.8,272.59,1042.59,2
Mon_00258,Monday,"Four Square Ellerslie,New World Southmall",10,83.0,180,263.0,770.0,53.0,273.98,1043.98,2
Mon_00259,Monday,"Four Square Britomart,New World Devonport",9,101.3,162,263.3,770.0,53.3,275.5,1045.5,2
Mon_00260,Monday,"New World Point Chevalier,Four Square Eden Terrace",12,47.5,216,263.5,770.0,53.5,276.36,1046.36,2
Mon_00261,Monday,Pak 'n Save Sylvia Park,11,65.5,198,263.5,770.0,53.5,276.38,1046.38,1
Mon_00262,Monday,"Four Square Pakuranga Heights,New World Ormiston",10,83.5,180,263.5,770.0,53.5,276.42,1046.42,2
Mon_00263,Monday,"New World Mt Roskill,New World New Lynn",13,29.8,234,263.8,770.0,53.8,278.08,1048.08,2
Mon_00264,Monday,"Four Square Ellerslie,Four Square Remuera,Four Square St Heliers",10,84.0,180,264.0,770.0,54.0,279.08,1049.08,3
Mon_00265,Monday,"Four Square Onehunga,New World Milford",10,84.1,180,264.1,770.0,54.1,279.44,1049.44,2
Mon_00266,Monday,"Four Square Onehunga,New World Eastridge",11,66.2,198,264.2,770.0,54.2,280.17,1050.17,2
Mon_00267,Monday,"Four Square Onehunga,Pak 'n Save Royal Oak",13,30.3,234,264.3,770.0,54.3,280.64,1050.64,2
Mon_00268,Monday,"New World Newmarket,Four Square Pakuranga Heights",10,84.5,180,264.5,770.0,54.5,281.74,1051.74,2
Mon_00269,Monday,"New World Mt Albert,Four Square Pakuranga Heights",10,84.6,180,264.6,770.0,54.6,282.03,1052.03,2
Mon_00270,Monday,"New World Mt Roskill,New World Green Bay",13,30.9,234,264.9,770.0,54.9,283.58,1053.58,2
Mon_00271,Monday,"Four Square Britomart,New World Milford",10,85.0,180,265.0,770.0,55.0,284.04,1054.04,2
Mon_00272,Monday,"Pak 'n Save Mt Albert,Four Square Glen Eden",12,49.2,216,265.2,770.0,55.2,285.44,1055.44,2
Mon_00273,Monday,"Four Square Hobsonville,Four Square Cockle Bay",7,139.7,126,265.7,770.0,55.7,287.61,1057.61,2
Mon_00274,Monday,"New World Papatoetoe,Four Square Pakuranga Heights",10,85.7,180,265.7,770.0,55.7,287.87,1057.87,2
Mon_00275,Monday,"Four Square Eden Terrace,New World Newmarket",12,50.1,216,266.1,770.0,56.1,289.92,1059.92,2
Mon_00276,Monday,"New World Mt Albert,New World Metro Queen St",12,51.3,216,267.3,770.0,57.3,296.01,1066.01,2
Mon_00277,Monday,"Four Square Onehunga,New World Remuera",12,51.3,216,267.3,770.0,57.3,296.27,1066.27,2
Mon_00278,Monday,"Four Square Remuera,New World Southmall",10,88.0,180,268.0,770.0,58.0,299.86,1069.86,2
Mon_00279,Monday,"Four Square Eden Terrace,New World Stonefields",11,70.1,198,268.1,770.0,58.1,299.96,1069.96,2
Mon_00280,Monday,"Four Square Pakuranga Heights,New World Eastridge",10,88.3,180,268.3,770.0,58.3,301.01,1071.01,2
Mon_00281,Monday,"New World Papatoetoe,Four Square Botany Junction",11,70.4,198,268.4,770.0,58.4,301.96,1071.96,2
Mon_00282,Monday,"Four Square Onehunga,New World Howick",10,88.5,180,268.5,770.0,58.5,302.05,1072.05,2
Mon_00283,Monday,"New World Point Chevalier,Four Square Pakuranga Heights",10,88.8,180,268.8,770.0,58.8,303.77,1073.77,2
Mon_00284,Monday,"Four Square Pakuranga Heights,New World Birkenhead",9,106.9,162,268.9,770.0,58.9,304.1,1074.1,2
Mon_00285,Monday,"Four Square Eden Terrace,New World Metro Queen St,Four Square Ellerslie",11,71.4,198,269.4,770.0,59.4,307.04,1077.04,3
Mon_00286,Monday,"Four Square Eden Terrace,New World Metro Queen St,Four Square Remuera",11,71.6,198,269.6,770.0,59.6,307.77,1077.77,3
Mon_00287,Monday,"New World Victoria Park,Four Square Britomart",12,53.8,216,269.8,770.0,59.8,309.2,1079.2,2
Mon_00288,Monday,"Four Square Remuera,New World Eastridge",11,72.1,198,270.1,770.0,60.1,310.47,1080.47,2
Mon_00289,Monday,"New World Papatoetoe,Four Square Ellerslie",11,72.2,198,270.2,770.0,60.2,311.03,1081.03,2
Mon_00290,Monday,"Pak 'n Save Mt Albert,Four Square Britomart",12,54.5,216,270.5,770.0,60.5,312.4,1082.4,2
Mon_00291,Monday,"Pak 'n Save Lincoln Road,Four Square Britomart",11,72.6,198,270.6,770.0,60.6,313.33,1083.33,2
Mon_00292,Monday,"Four Square Britomart,New World Southmall",10,91.3,180,271.3,770.0,61.3,316.62,1086.62,2
Mon_00293,Monday,"Four Square Onehunga,New World Victoria Park",12,55.4,216,271.4,770.0,61.4,317.24,1087.24,2
Mon_00294,Monday,"New World Point Chevalier,New World Metro Queen St",12,55.5,216,271.5,770.0,61.5,317.76,1087.76,2
Mon_00295,Monday,"Pak 'n Save Lincoln Road,New World Metro Shore City",10,91.5,180,271.5,770.0,61.5,317.81,1087.81,2
Mon_00296,Monday,"Four Square Botany Junction,New World Ormiston",11,73.6,198,271.6,770.0,61.6,318.19,1088.19,2
Mon_00297,Monday,Pak 'n Save Ormiston,11,73.6,198,271.6,770.0,61.6,318.37,1088.37,1
Mon_00298,Monday,"Four Square Hobsonville,Four Square Lancaster,New World Metro Shore City",9,109.6,162,271.6,770.0,61.6,318.52,1088.52,3
Mon_00299,Monday,"New World Stonefields,Four Square Botany Junction",10,92.0,180,272.0,770.0,62.0,320.15,1090.15,2
Mon_00300,Monday,"Four Square Britomart,New World Eastridge",11,74.0,198,272.0,770.0,62.0,320.16,1090.16,2
Mon_00301,Monday,"Four Square Ellerslie,New World Birkenhead",10,92.2,180,272.2,770.0,62.2,321.18,1091.18,2
Mon_00302,Monday,"New World Victoria Park,New World Metro Shore City",11,74.2,198,272.2,770.0,62.2,321.46,1091.46,2
Mon_00303,Monday,"Four Square Pakuranga Heights,New World Devonport",8,128.2,144,272.2,770.0,62.2,321.51,1091.51,2
Mon_00304,Monday,"New World Hobsonville,New World Metro Shore City",10,92.2,180,272.2,770.0,62.2,321.56,1091.56,2
Mon_00305,Monday,"Four Square Remuera,New World Birkenhead",10,92.3,180,272.3,770.0,62.3,321.9,1091.9,2
Mon_00306,Monday,"New World Newmarket,New World Metro Queen St",12,56.4,216,272.4,770.0,62.4,322.5,1092.5,2
Mon_00307,Monday,"New World Mt Roskill,Four Square Cockle Bay",10,92.4,180,272.4,770.0,62.4,322.63,1092.63,2
Mon_00308,Monday,"New World Howick,Four Square Cockle Bay",10,92.6,180,272.6,770.0,62.6,323.18,1093.18,2
Mon_00309,Monday,"Pak 'n Save Mt Albert,New World Metro Shore City",11,74.6,198,272.6,770.0,62.6,323.67,1093.67,2
Mon_00310,Monday,"Four Square Britomart,Four Square Remuera,Four Square St Heliers",10,92.8,180,272.8,770.0,62.8,324.43,1094.43,3
Mon_00311,Monday,"Four Square Fair Price Henderson,New World Hobsonville",11,74.8,198,272.8,770.0,62.8,324.49,1094.49,2
Mon_00312,Monday,"Four Square Botany Junction,Four Square Torbay",7,147.0,126,273.0,770.0,63.0,325.42,1095.42,2
Mon_00313,Monday,"New World Southmall,New World Metro Shore City",9,111.1,162,273.1,770.0,63.1,326.01,1096.01,2
Mon_00314,Monday,"New World Papatoetoe,Four Square Remuera",11,75.4,198,273.4,770.0,63.4,327.6,1097.6,2
Mon_00315,Monday,"Four Square Glen Eden,New World Newmarket",11,75.5,198,273.5,770.0,63.5,327.95,1097.95,2
Mon_00316,Monday,"Four Square Ellerslie,New World Eastridge",11,75.6,198,273.6,770.0,63.6,328.38,1098.38,2
Mon_00317,Monday,"Four Square Pakuranga Heights,New World Milford",9,111.9,162,273.9,770.0,63.9,330.05,1100.05,2
Mon_00318,Monday,"Four Square Onehunga,New World Hobsonville",11,76.5,198,274.5,770.0,64.5,333.05,1103.05,2
Mon_00319,Monday,"New World Remuera,Four Square Remuera",12,58.5,216,274.5,770.0,64.5,333.24,1103.24,2
Mon_00320,Monday,"New World Metro Queen St,New World Stonefields",11,76.6,198,274.6,770.0,64.6,333.66,1103.66,2
Mon_00321,Monday,"New World Newmarket,Four Square Fair Price Henderson",11,77.2,198,275.2,770.0,65.2,336.7,1106.7,2
Mon_00322,Monday,"Four Square Glen Eden,New World Stonefields",10,95.4,180,275.4,770.0,65.4,337.98,1107.98,2
Mon_00323,Monday,"Four Square Ellerslie,New World Devonport",9,113.5,162,275.5,770.0,65.5,338.6,1108.6,2
Mon_00324,Monday,"Four Square Remuera,New World Devonport",9,113.7,162,275.7,770.0,65.7,339.32,1109.32,2
Mon_00325,Monday,"New World Papatoetoe,Four Square Britomart",11,78.0,198,276.0,770.0,66.0,341.03,1111.03,2
Mon_00326,Monday,"Four Square Fair Price Henderson,New World Stonefields",10,96.3,180,276.3,770.0,66.3,342.45,1112.45,2
Mon_00327,Monday,"New World Metro Shore City,New World Long Bay",9,114.3,162,276.3,770.0,66.3,342.75,1112.75,2
Mon_00328,Monday,"New World New Lynn,Four Square St Heliers",10,96.4,180,276.4,770.0,66.4,343.02,1113.02,2
Mon_00329,Monday,"New World Milford,Four Square Lancaster",10,97.0,180,277.0,770.0,67.0,345.99,1115.99,2
Mon_00330,Monday,"Four Square Fair Price Henderson,New World Milford",10,97.2,180,277.2,770.0,67.2,347.02,1117.02,2
Mon_00331,Monday,"Four Square Ellerslie,New World Milford",10,97.2,180,277.2,770.0,67.2,347.14,1117.14,2
Mon_00332,Monday,"Four Square Remuera,New World Milford",10,97.3,180,277.3,770.0,67.3,347.86,1117.86,2
Mon_00333,Monday,"New World Metro Queen St,New World Birkenhead",11,79.4,198,277.4,770.0,67.4,348.35,1118.35,2
Mon_00334,Monday,"Pak 'n Save Mt Albert,Four Square Fair Price Henderson",12,61.4,216,277.4,770.0,67.4,348.48,1118.48,2
Mon_00335,Monday,"Four Square Onehunga,New World Ormiston",11,79.4,198,277.4,770.0,67.4,348.49,1118.49,2
Mon_00336,Monday,"Four Square Pakuranga Heights,New World Botany",11,79.6,198,277.6,770.0,67.6,349.28,1119.28,2
Mon_00337,Monday,"Four Square Botany Junction,New World Howick",10,97.9,180,277.9,770.0,67.9,351.06,1121.06,2
Mon_00338,Monday,"Four Square Onehunga,Pak 'n Save Wairau Road",11,80.0,198,278.0,770.0,68.0,351.23,1121.23,2
Mon_00339,Monday,"Pak 'n Save Mt Albert,Four Square Eden Terrace",13,44.1,234,278.1,770.0,68.1,352.01,1122.01,2
Mon_00340,Monday,"Four Square Lancaster,New World Devonport",9,116.4,162,278.4,770.0,68.4,353.24,1123.24,2
Mon_00341,Monday,"Pak 'n Save Mt Albert,Four Square Ellerslie",12,62.4,216,278.4,770.0,68.4,353.39,1123.39,2
Mon_00342,Monday,"New World Green Bay,Four Square St Heliers",10,98.5,180,278.5,770.0,68.5,353.82,1123.82,2
Mon_00343,Monday,"Pak 'n Save Mt Albert,Four Square Remuera",12,62.5,216,278.5,770.0,68.5,354.11,1124.11,2
Mon_00344,Monday,"Pak 'n Save Lincoln Road,Four Square Ellerslie",11,80.6,198,278.6,770.0,68.6,354.32,1124.32,2
Mon_00345,Monday,"New World Mt Roskill,Four Square St Heliers",11,80.7,198,278.7,770.0,68.7,354.71,1124.71,2
Mon_00346,Monday,"New World Remuera,Four Square Ellerslie",12,62.7,216,278.7,770.0,68.7,354.92,1124.92,2
Mon_00347,Monday,"Pak 'n Save Lincoln Road,Four Square Remuera",11,80.7,198,278.7,770.0,68.7,355.04,1125.04,2
Mon_00348,Monday,"New World Hobsonville,Four Square Hobsonville",12,62.9,216,278.9,770.0,68.9,355.81,1125.81,2
Mon_00349,Monday,"Four Square Britomart,Pak 'n Save Wairau Road",11,80.9,198,278.9,770.0,68.9,355.83,1125.83,2
Mon_00350,Monday,"Four Square Onehunga,Pak 'n Save Manukau",12,63.1,216,279.1,770.0,69.1,357.1,1127.1,2
Mon_00351,Monday,"New World Papatoetoe,New World Metro Shore City",10,99.3,180,279.3,770.0,69.3,358.05,1128.05,2
Mon_00352,Monday,"Four Square Ellerslie,New World Howick",10,99.3,180,279.3,770.0,69.3,358.06,1128.06,2
Mon_00353,Monday,Pak 'n Save Clendon,12,63.5,216,279.5,770.0,69.5,358.85,1128.85,1
Mon_00354,Monday,"New World New Lynn,Four Square Cockle Bay",9,117.7,162,279.7,770.0,69.7,359.93,1129.93,2
Mon_00355,Monday,"Four Square Onehunga,Pak 'n Save Mangere",13,45.8,234,279.8,770.0,69.8,360.79,1130.79,2
Mon_00356,Monday,"Four Square Glen Eden,New World Hobsonville",11,82.0,198,280.0,770.0,70.0,361.75,1131.75,2
Mon_00357,Monday,"Four Square Eden Terrace,New World Birkenhead",11,82.1,198,280.1,770.0,70.1,362.08,1132.08,2
Mon_00358,Monday,"Four Square Glen Eden,New World Southmall",10,100.2,180,280.2,770.0,70.2,362.47,1132.47,2
Mon_00359,Monday,"Four Square Eden Terrace,Pak 'n Save Lincoln Road",12,64.3,216,280.3,770.0,70.3,363.09,1133.09,2
Mon_00360,Monday,Pak 'n Save Botany,11,82.3,198,280.3,770.0,70.3,363.17,1133.17,1
Mon_00361,Monday,"Four Square Glen Eden,New World Birkenhead",10,100.3,180,280.3,770.0,70.3,363.33,1133.33,2
Mon_00362,Monday,"Four Square Onehunga,New World New Lynn,Four Square Glen Eden",12,64.5,216,280.5,770.0,70.5,364.1,1134.1,3
Mon_00363,Monday,"New World Metro Queen St,New World Devonport",10,100.8,180,280.8,770.0,70.8,365.76,1135.76,2
Mon_00364,Monday,"New World Newmarket,Four Square Botany Junction",11,83.2,198,281.2,770.0,71.2,367.65,1137.65,2
Mon_00365,Monday,"Four Square Fair Price Henderson,New World Birkenhead",10,101.2,180,281.2,770.0,71.2,367.8,1137.8,2
Mon_00366,Monday,"New World Mt Albert,Four Square Botany Junction",11,83.2,198,281.2,770.0,71.2,367.93,1137.93,2
Mon_00367,Monday,"New World Stonefields,Four Square St Heliers",11,83.4,198,281.4,770.0,71.4,368.98,1138.98,2
Mon_00368,Monday,"Four Square Eden Terrace,New World Southmall",11,83.6,198,281.6,770.0,71.6,369.8,1139.8,2
Mon_00369,Monday,"New World Green Bay,Four Square Cockle Bay",9,119.8,162,281.8,770.0,71.8,370.73,1140.73,2
Mon_00370,Monday,"Four Square Britomart,New World Remuera",12,66.1,216,282.1,770.0,72.1,372.41,1142.41,2
Mon_00371,Monday,"New World Metro Shore City,New World Eastridge",10,102.2,180,282.2,770.0,72.2,373.01,1143.01,2
Mon_00372,Monday,"New World Metro Queen St,New World Milford",11,84.4,198,282.4,770.0,72.4,374.3,1144.3,2
Mon_00373,Monday,"New World Mt Albert,Four Square Lancaster",11,84.5,198,282.5,770.0,72.5,374.59,1144.59,2
Mon_00374,Monday,"Four Square Fair Price Henderson,New World Devonport",9,121.2,162,283.2,770.0,73.2,378.44,1148.44,2
Mon_00375,Monday,"Four Square Eden Terrace,New World Devonport",10,103.5,180,283.5,770.0,73.5,379.5,1149.5,2
Mon_00376,Monday,"Four Square Glen Eden,New World Devonport",9,121.7,162,283.7,770.0,73.7,380.75,1150.75,2
Mon_00377,Monday,"Four Square Remuera,New World Howick",10,104.3,180,284.3,770.0,74.3,383.93,1153.93,2
Mon_00378,Monday,"Pak 'n Save Lincoln Road,Four Square Hobsonville",12,68.3,216,284.3,770.0,74.3,384.13,1154.13,2
Mon_00379,Monday,"Four Square Glen Eden,New World Milford",10,104.4,180,284.4,770.0,74.4,384.28,1154.28,2
Mon_00380,Monday,"New World Mt Albert,Four Square Hobsonville",12,68.5,216,284.5,770.0,74.5,384.8,1154.8,2
Mon_00381,Monday,"Pak 'n Save Mt Albert,Four Square Pakuranga Heights",11,86.6,198,284.6,770.0,74.6,385.3,1155.3,2
Mon_00382,Monday,"Pak 'n Save Lincoln Road,Four Square Pakuranga Heights",10,104.8,180,284.8,770.0,74.8,386.22,1156.22,2
Mon_00383,Monday,"Pak 'n Save Manukau,Four Square Pakuranga Heights",11,86.8,198,284.8,770.0,74.8,386.71,1156.71,2
Mon_00384,Monday,"New World Remuera,Four Square Pakuranga Heights",11,86.9,198,284.9,770.0,74.9,386.83,1156.83,2
Mon_00385,Monday,"Pak 'n Save Manukau,Four Square Botany Junction",12,69.0,216,285.0,770.0,75.0,387.45,1157.45,2
Mon_00386,Monday,"Four Square Eden Terrace,New World Milford",11,87.1,198,285.1,770.0,75.1,388.04,1158.04,2
Mon_00387,Monday,"New World Point Chevalier,Four Square Botany Junction",11,87.4,198,285.4,770.0,75.4,389.68,1159.68,2
Mon_00388,Monday,"Four Square Britomart,New World Hobsonville",11,87.6,198,285.6,770.0,75.6,390.63,1160.63,2
Mon_00389,Monday,"New World Green Bay,Four Square Glen Eden,Four Square Fair Price Henderson",12,69.7,216,285.7,770.0,75.7,390.98,1160.98,3
Mon_00390,Monday,"Four Square Glen Eden,New World Papatoetoe",11,87.7,198,285.7,770.0,75.7,391.05,1161.05,2
Mon_00391,Monday,"Four Square Cockle Bay,Four Square Torbay",7,159.7,126,285.7,770.0,75.7,391.21,1161.21,2
Mon_00392,Monday,"New World Remuera,New World Metro Shore City",11,87.8,198,285.8,770.0,75.8,391.74,1161.74,2
Mon_00393,Monday,"Pak 'n Save Royal Oak,Four Square Ellerslie",13,51.9,234,285.9,770.0,75.9,391.91,1161.91,2
Mon_00394,Monday,"New World Mt Roskill,Four Square Onehunga,Four Square Ellerslie",13,52.1,234,286.1,770.0,76.1,393.16,1163.16,3
Mon_00395,Monday,"New World Victoria Park,New World Metro Queen St",13,52.1,234,286.1,770.0,76.1,393.29,1163.29,2
Mon_00396,Monday,"Four Square Eden Terrace,New World Victoria Park",13,52.3,234,286.3,770.0,76.3,394.1,1164.1,2
Mon_00397,Monday,"Four Square Ellerslie,New World Ormiston",11,88.4,198,286.4,770.0,76.4,394.69,1164.69,2
Mon_00398,Monday,"New World Point Chevalier,Four Square Lancaster",11,88.7,198,286.7,770.0,76.7,396.33,1166.33,2
Mon_00399,Monday,"Pak 'n Save Wairau Road,Four Square Lancaster",11,88.9,198,286.9,770.0,76.9,397.41,1167.41,2
Mon_00400,Monday,"New World Victoria Park,Four Square Ellerslie",12,71.1,216,287.1,770.0,77.1,398.19,1168.19,2
Mon_00401,Monday,"New World Victoria Park,Four Square Remuera",12,71.2,216,287.2,770.0,77.2,398.91,1168.91,2
Mon_00402,Monday,"New World Metro Shore City,New World Browns Bay",10,107.3,180,287.3,770.0,77.3,399.2,1169.2,2
Mon_00403,Monday,"Pak 'n Save Mt Albert,New World Metro Queen St",13,53.3,234,287.3,770.0,77.3,399.28,1169.28,2
Mon_00404,Monday,"Pak 'n Save Lincoln Road,New World Metro Queen St",12,71.5,216,287.5,770.0,77.5,400.21,1170.21,2
Mon_00405,Monday,"Four Square Britomart,New World Howick",10,107.6,180,287.6,770.0,77.6,400.7,1170.7,2
Mon_00406,Monday,"Pak 'n Save Royal Oak,Four Square Remuera",13,53.6,234,287.6,770.0,77.6,401.12,1171.12,2
Mon_00407,Monday,"Four Square Pakuranga Heights,Pak 'n Save Wairau Road",10,107.8,180,287.8,770.0,77.8,401.85,1171.85,2
Mon_00408,Monday,"New World Mt Roskill,Four Square Onehunga,Four Square Remuera",13,53.9,234,287.9,770.0,77.9,402.37,1172.37,3
Mon_00409,Monday,"New World Metro Queen St,New World Southmall",11,90.1,198,288.1,770.0,78.1,403.51,1173.51,2
Mon_00410,Monday,"New World Point Chevalier,Four Square Hobsonville",12,72.1,216,288.1,770.0,78.1,403.57,1173.57,2
Mon_00411,Monday,"Four Square Hobsonville,New World Milford",11,90.2,198,288.2,770.0,78.2,404.25,1174.25,2
Mon_00412,Monday,"Four Square Eden Terrace,New World Papatoetoe",12,72.9,216,288.9,770.0,78.9,407.5,1177.49,2
Mon_00413,Monday,"Pak 'n Save Royal Oak,Four Square Britomart",13,55.3,234,289.3,770.0,79.3,409.5,1179.5,2
Mon_00414,Monday,"New World Newmarket,Four Square Lancaster",11,91.4,198,289.4,770.0,79.4,410.26,1180.26,2
Mon_00415,Monday,"New World Stonefields,Four Square Cockle Bay",10,109.5,180,289.5,770.0,79.5,410.57,1180.57,2
Mon_00416,Monday,"Four Square Eden Terrace,New World Eastridge",12,73.8,216,289.8,770.0,79.8,412.26,1182.26,2
Mon_00417,Monday,"Four Square Fair Price Henderson,New World Southmall",10,109.8,180,289.8,770.0,79.8,412.3,1182.3,2
Mon_00418,Monday,"Four Square Onehunga,New World Long Bay",10,109.9,180,289.9,770.0,79.9,412.69,1182.69,2
Mon_00419,Monday,"New World Metro Shore City,New World Howick",9,128.3,162,290.3,770.0,80.3,414.63,1184.63,2
Mon_00420,Monday,"Pak 'n Save Manukau,Four Square Ellerslie",12,74.4,216,290.4,770.0,80.4,415.33,1185.33,2
Mon_00421,Monday,"New World Southmall,Four Square Cockle Bay",10,110.6,180,290.6,770.0,80.6,416.26,1186.26,2
Mon_00422,Monday,"Four Square Britomart,New World Long Bay",10,110.8,180,290.8,770.0,80.8,417.29,1187.29,2
Mon_00423,Monday,"New World Metro Queen St,New World Eastridge",12,74.8,216,290.8,770.0,80.8,417.6,1187.6,2
Mon_00424,Monday,"Four Square Ellerslie,Pak 'n Save Wairau Road",11,93.1,198,291.1,770.0,81.1,418.93,1188.93,2
Mon_00425,Monday,"Four Square Remuera,Pak 'n Save Wairau Road",11,93.2,198,291.2,770.0,81.2,419.65,1189.65,2
Mon_00426,Monday,"New World Stonefields,Four Square Lancaster",10,111.3,180,291.3,770.0,81.3,420.29,1190.29,2
Mon_00427,Monday,"Four Square Remuera,New World Ormiston",11,93.4,198,291.4,770.0,81.4,420.56,1190.56,2
Mon_00428,Monday,"Four Square Fair Price Henderson,Pak 'n Save Wairau Road",11,93.8,198,291.8,770.0,81.8,422.85,1192.85,2
Mon_00429,Monday,"New World Papatoetoe,Four Square Fair Price Henderson",11,94.0,198,292.0,770.0,82.0,423.89,1193.89,2
Mon_00430,Monday,"New World Mt Albert,New World New Lynn",14,40.3,252,292.3,770.0,82.3,425.02,1195.02,2
Mon_00431,Monday,"Four Square Eden Terrace,New World Remuera",13,58.4,234,292.4,770.0,82.4,425.59,1195.59,2
Mon_00432,Monday,"Four Square Glen Eden,New World Victoria Park",12,76.4,216,292.4,770.0,82.4,425.82,1195.82,2
Mon_00433,Monday,"Pak 'n Save Royal Oak,Four Square Pakuranga Heights",12,76.5,216,292.5,770.0,82.5,426.35,1196.35,2
Mon_00434,Monday,"Pak 'n Save Royal Oak,New World Metro Shore City",12,76.6,216,292.6,770.0,82.6,426.52,1196.52,2
Mon_00435,Monday,"New World Victoria Park,Four Square Pakuranga Heights",11,95.2,198,293.2,770.0,83.2,430.09,1200.09,2
Mon_00436,Monday,"Four Square Ellerslie,New World Hobsonville",11,95.5,198,293.5,770.0,83.5,431.61,1201.61,2
Mon_00437,Monday,"Pak 'n Save Manukau,Four Square Remuera",12,77.6,216,293.6,770.0,83.6,431.9,1201.9,2
Mon_00438,Monday,"Four Square Remuera,New World Hobsonville",11,95.7,198,293.7,770.0,83.7,432.34,1202.34,2
Mon_00439,Monday,"New World Victoria Park,Four Square Fair Price Henderson",12,78.1,216,294.1,770.0,84.1,434.57,1204.57,2
Mon_00440,Monday,"Four Square Hobsonville,New World Devonport",10,114.3,180,294.3,770.0,84.3,435.67,1205.67,2
Mon_00441,Monday,"Four Square Eden Terrace,New World Hobsonville",12,78.4,216,294.4,770.0,84.4,436.1,1206.1,2
Mon_00442,Monday,"Four Square Botany Junction,New World Birkenhead",10,114.5,180,294.5,770.0,84.5,436.64,1206.64,2
Mon_00443,Monday,"Four Square Onehunga,New World Botany",12,78.6,216,294.6,770.0,84.6,437.29,1207.29,2
Mon_00444,Monday,"Four Square Britomart,New World Ormiston",11,96.6,198,294.6,770.0,84.6,437.33,1207.33,2
Mon_00445,Monday,"New World Mt Roskill,New World Mt Albert",15,24.9,270,294.9,770.0,84.9,438.76,1208.76,2
Mon_00446,Monday,"Four Square St Heliers,Four Square Torbay",8,151.2,144,295.2,770.0,85.2,440.13,1210.13,2
Mon_00447,Monday,Pak 'n Save Highland Park,12,79.3,216,295.3,770.0,85.3,440.75,1210.75,1
Mon_00448,Monday,"New World Metro Queen St,New World Papatoetoe",12,79.4,216,295.4,770.0,85.4,441.2,1211.2,2
Mon_00449,Monday,"Pak 'n Save Lincoln Road,Four Square Lancaster",11,97.7,198,295.7,770.0,85.7,442.62,1212.62,2
Mon_00450,Monday,"Four Square Onehunga,Four Square Ellerslie,New World Stonefields",13,61.7,234,295.7,770.0,85.7,442.85,1212.85,3
Mon_00451,Monday,"New World New Lynn,Four Square Torbay",10,115.9,180,295.9,770.0,85.9,443.86,1213.86,2
Mon_00452,Monday,"Four Square Fair Price Henderson,New World Long Bay",10,115.9,180,295.9,770.0,85.9,443.94,1213.94,2
Mon_00453,Monday,"New World Mt Albert,New World Green Bay",14,44.0,252,296.0,770.0,86.0,444.31,1214.31,2
Mon_00454,Monday,"Four Square Hobsonville,New World Birkenhead",11,98.3,198,296.3,770.0,86.3,445.97,1215.97,2
Mon_00455,Monday,"New World Metro Queen St,Pak 'n Save Wairau Road",12,80.3,216,296.3,770.0,86.3,446.1,1216.1,2
Mon_00456,Monday,"New World Hobsonville,Four Square Lancaster",11,98.4,198,296.4,770.0,86.4,446.37,1216.37,2
Mon_00457,Monday,"Pak 'n Save Mt Albert,Four Square Botany Junction",12,80.5,216,296.5,770.0,86.5,446.73,1216.73,2
Mon_00458,Monday,"New World Newmarket,Four Square St Heliers",12,80.5,216,296.5,770.0,86.5,447.05,1217.05,2
Mon_00459,Monday,"Pak 'n Save Royal Oak,Four Square Glen Eden",13,63.0,234,297.0,770.0,87.0,449.6,1219.6,2
Mon_00460,Monday,"Four Square Glen Eden,New World Eastridge",11,99.2,198,297.2,770.0,87.2,450.28,1220.28,2
Mon_00461,Monday,"New World New Lynn,New World Point Chevalier",14,45.3,252,297.3,770.0,87.3,451.12,1221.12,2
Mon_00462,Monday,"New World Metro Shore City,New World Ormiston",10,117.3,180,297.3,770.0,87.3,451.26,1221.26,2
Mon_00463,Monday,"New World Metro Shore City,Pak 'n Save Albany",11,99.4,198,297.4,770.0,87.4,451.51,1221.51,2
Mon_00464,Monday,"Four Square Eden Terrace,New World Howick",11,99.8,198,297.8,770.0,87.8,453.88,1223.88,2
Mon_00465,Monday,"Four Square Botany Junction,New World Devonport",9,135.9,162,297.9,770.0,87.9,454.06,1224.06,2
Mon_00466,Monday,"Four Square Botany Junction,New World Botany",12,81.9,216,297.9,770.0,87.9,454.1,1224.1,2
Mon_00467,Monday,"Four Square Fair Price Henderson,New World Eastridge",11,100.0,198,298.0,770.0,88.0,454.75,1224.75,2
Mon_00468,Monday,"Pak 'n Save Royal Oak,Four Square Eden Terrace",14,46.2,252,298.2,770.0,88.2,455.66,1225.66,2
Mon_00469,Monday,"Four Square Britomart,Pak 'n Save Manukau",12,82.3,216,298.3,770.0,88.3,456.26,1226.26,2
Mon_00470,Monday,"New World Eastridge,Four Square St Heliers",12,82.7,216,298.7,770.0,88.7,458.24,1228.24,2
Mon_00471,Monday,"New World Hobsonville,Four Square Pakuranga Heights",10,118.9,180,298.9,770.0,88.9,459.24,1229.24,2
Mon_00472,Monday,"New World Metro Queen St,New World Remuera",13,64.9,234,298.9,770.0,88.9,459.3,1229.3,2
Mon_00473,Monday,"New World Metro Shore City,New World Albany",11,101.0,198,299.0,770.0,89.0,459.81,1229.81,2
Mon_00474,Monday,"Four Square Eden Terrace,Pak 'n Save Wairau Road",12,83.0,216,299.0,770.0,89.0,459.83,1229.83,2
Mon_00475,Monday,"Four Square Glen Eden,Pak 'n Save Wairau Road",11,101.1,198,299.1,770.0,89.1,460.11,1230.11,2
Mon_00476,Monday,"Pak 'n Save Manukau,New World Metro Shore City",11,101.5,198,299.5,770.0,89.5,462.35,1232.35,2
Mon_00477,Monday,"Four Square Botany Junction,New World Milford",10,119.5,180,299.5,770.0,89.5,462.6,1232.6,2
Mon_00478,Monday,"Four Square Pakuranga Heights,New World Long Bay",9,137.7,162,299.7,770.0,89.7,463.3,1233.3,2
Mon_00479,Monday,"New World Mt Albert,Four Square St Heliers",12,83.7,216,299.7,770.0,89.7,463.45,1233.45,2
Mon_00480,Monday,"Four Square Glen Eden,New World Remuera",12,83.7,216,299.7,770.0,89.7,463.62,1233.62,2
Mon_00481,Monday,"New World Mt Roskill,Four Square Onehunga,Four Square Eden Terrace",14,47.9,252,299.9,770.0,89.9,464.4,1234.4,3
Mon_00482,Monday,"Four Square Botany Junction,New World Eastridge",11,102.1,198,300.1,770.0,90.1,465.76,1235.76,2
Mon_00483,Monday,"Four Square Lancaster,New World Long Bay",10,120.3,180,300.3,770.0,90.3,466.57,1236.57,2
Mon_00484,Monday,"New World Papatoetoe,Four Square Cockle Bay",11,102.5,198,300.5,770.0,90.5,467.53,1237.53,2
Mon_00485,Monday,"Four Square Fair Price Henderson,New World Remuera",12,84.6,216,300.6,770.0,90.6,468.09,1238.09,2
Mon_00486,Monday,"Four Square Onehunga,New World Browns Bay",11,102.8,198,300.8,770.0,90.8,469.14,1239.14,2
Mon_00487,Monday,"New World Newmarket,Four Square Hobsonville",12,84.8,216,300.8,770.0,90.8,469.35,1239.35,2
Mon_00488,Monday,"New World Green Bay,New World Point Chevalier",14,48.9,252,300.9,770.0,90.9,469.54,1239.54,2
Mon_00489,Monday,"Four Square Onehunga,Pak 'n Save Papakura",12,85.0,216,301.0,770.0,91.0,470.33,1240.33,2
Mon_00490,Monday,"Four Square Fair Price Henderson,Pak 'n Save Westgate",13,67.3,234,301.3,770.0,91.3,471.68,1241.68,2
Mon_00491,Monday,"Pak 'n Save Lincoln Road,Four Square Botany Junction",11,103.4,198,301.4,770.0,91.4,472.13,1242.13,2
Mon_00492,Monday,"New World Remuera,Four Square Botany Junction",12,85.5,216,301.5,770.0,91.5,472.73,1242.73,2
Mon_00493,Monday,"Four Square Britomart,New World Browns Bay",11,103.7,198,301.7,770.0,91.7,473.74,1243.74,2
Mon_00494,Monday,"Four Square Hobsonville,New World Stonefields",11,104.0,198,302.0,770.0,92.0,475.1,1245.1,2
Mon_00495,Monday,"New World Victoria Park,Four Square Lancaster",12,86.1,216,302.1,770.0,92.1,475.65,1245.65,2
Mon_00496,Monday,"New World Metro Queen St,New World Hobsonville",12,86.4,216,302.4,770.0,92.4,477.51,1247.51,2
Mon_00497,Monday,"Pak 'n Save Mt Albert,Four Square Lancaster",12,86.5,216,302.5,770.0,92.5,477.86,1247.86,2
Mon_00498,Monday,"Four Square Pakuranga Heights,Pak 'n Save Papakura",11,104.7,198,302.7,770.0,92.7,479.12,1249.12,2
Mon_00499,Monday,"New World Green Bay,Four Square Torbay",10,122.8,180,302.8,770.0,92.8,479.44,1249.44,2
Mon_00500,Monday,"New World Ormiston,Four Square Cockle Bay",11,104.9,198,302.9,770.0,92.9,479.76,1249.76,2
Mon_00501,Monday,"New World Newmarket,Four Square Cockle Bay",11,104.9,198,302.9,770.0,92.9,480.07,1250.07,2
Mon_00502,Monday,"Four Square Hobsonville,Pak 'n Save Wairau Road",12,86.9,216,302.9,770.0,92.9,480.08,1250.08,2
Mon_00503,Monday,"New World Southmall,Four Square Lancaster",10,122.9,180,302.9,770.0,92.9,480.2,1250.2,2
Mon_00504,Monday,"Four Square Onehunga,Pak 'n Save Westgate",13,68.9,234,302.9,770.0,92.9,480.24,1250.24,2
Mon_00505,Monday,"New World Mt Roskill,Four Square Torbay",11,105.0,198,303.0,770.0,93.0,480.32,1250.32,2
Mon_00506,Monday,"New World Mt Albert,Four Square Cockle Bay",11,105.0,198,303.0,770.0,93.0,480.36,1250.36,2
Mon_00507,Monday,"Four Square Ellerslie,New World Long Bay",10,123.0,180,303.0,770.0,93.0,480.39,1250.39,2
Mon_00508,Monday,"Four Square Remuera,New World Long Bay",10,123.1,180,303.1,770.0,93.1,481.11,1251.11,2
Mon_00509,Monday,"Pak 'n Save Mt Albert,Four Square Hobsonville",13,69.1,234,303.1,770.0,93.1,481.12,1251.12,2
Mon_00510,Monday,"Four Square Glen Eden,New World Long Bay",10,123.1,180,303.1,770.0,93.1,481.2,1251.2,2
Mon_00511,Monday,"Pak 'n Save Mt Albert,New World New Lynn",15,33.2,270,303.2,770.0,93.2,481.55,1251.55,2
Mon_00512,Monday,"New World Southmall,Four Square St Heliers",11,105.2,198,303.2,770.0,93.2,481.59,1251.59,2
Mon_00513,Monday,"Four Square Onehunga,New World Papakura",12,87.8,216,303.8,770.0,93.8,484.62,1254.62,2
Mon_00514,Monday,"Four Square Britomart,New World Metro Shore City,New World Devonport",11,105.9,198,303.9,770.0,93.9,484.99,1254.99,3
Mon_00515,Monday,"New World Point Chevalier,Four Square St Heliers",12,87.9,216,303.9,770.0,93.9,485.2,1255.2,2
Mon_00516,Monday,"Four Square Britomart,New World Metro Shore City,New World Milford",12,88.0,216,304.0,770.0,94.0,485.69,1255.69,3
Mon_00517,Monday,"Pak 'n Save Royal Oak,Four Square Fair Price Henderson",13,70.2,234,304.2,770.0,94.2,486.55,1256.55,2
Mon_00518,Monday,"New World Howick,Four Square St Heliers",11,106.3,198,304.3,770.0,94.3,487.09,1257.09,2
Mon_00519,Monday,"New World Metro Queen St,New World Howick",11,106.4,198,304.4,770.0,94.4,487.58,1257.58,2
Mon_00520,Monday,"Four Square Eden Terrace,New World Ormiston",12,88.9,216,304.9,770.0,94.9,490.51,1260.51,2
Mon_00521,Monday,"New World Long Bay,Four Square Torbay",11,107.0,198,305.0,770.0,95.0,490.95,1260.95,2
Mon_00522,Monday,"Four Square Pakuranga Heights,Pak 'n Save Glen Innes",12,89.2,216,305.2,770.0,95.2,491.79,1261.79,2
Mon_00523,Monday,"Four Square Glen Eden,New World Howick",10,125.2,180,305.2,770.0,95.2,491.9,1261.9,2
Mon_00524,Monday,"Pak 'n Save Royal Oak,New World Metro Queen St",14,53.4,252,305.4,770.0,95.4,492.95,1262.95,2
Mon_00525,Monday,"New World Mt Roskill,New World Point Chevalier",15,35.4,270,305.4,770.0,95.4,493.04,1263.04,2
Mon_00526,Monday,"Four Square Ellerslie,New World Botany",12,89.5,216,305.5,770.0,95.5,493.29,1263.29,2
Mon_00527,Monday,"Four Square Pakuranga Heights,New World Papakura",11,107.5,198,305.5,770.0,95.5,493.41,1263.41,2
Mon_00528,Monday,"Four Square Ellerslie,Four Square Remuera,New World Stonefields",13,71.6,234,305.6,770.0,95.6,493.85,1263.85,3
Mon_00529,Monday,"Pak 'n Save Westgate,New World Metro Shore City",12,89.9,216,305.9,770.0,95.9,495.52,1265.52,2
Mon_00530,Monday,"Four Square Fair Price Henderson,New World Howick",10,126.1,180,306.1,770.0,96.1,496.37,1266.37,2
Mon_00531,Monday,"Four Square Ellerslie,New World Stonefields,Four Square Pakuranga Heights",12,90.5,216,306.5,770.0,96.5,498.78,1268.78,3
Mon_00532,Monday,"Four Square Fair Price Henderson,New World Browns Bay",11,108.8,198,306.8,770.0,96.8,500.39,1270.39,2
Mon_00533,Monday,"Pak 'n Save Mt Albert,New World Green Bay",15,36.9,270,306.9,770.0,96.9,500.84,1270.84,2
Mon_00534,Monday,"Four Square Hobsonville,New World Long Bay",11,109.0,198,307.0,770.0,97.0,501.17,1271.17,2
Mon_00535,Monday,"New World Point Chevalier,Four Square Cockle Bay",11,109.2,198,307.2,770.0,97.2,502.1,1272.1,2
Mon_00536,Monday,"Four Square Glen Eden,New World Ormiston",11,109.2,198,307.2,770.0,97.2,502.2,1272.2,2
Mon_00537,Monday,"New World Metro Queen St,New World Long Bay",11,110.2,198,308.2,770.0,98.2,507.55,1277.55,2
Mon_00538,Monday,"Pak 'n Save Mangere,Four Square Pakuranga Heights",12,92.3,216,308.3,770.0,98.3,507.78,1277.78,2
Mon_00539,Monday,"Four Square Glen Eden,Pak 'n Save Westgate",13,74.5,234,308.5,770.0,98.5,508.94,1278.94,2
Mon_00540,Monday,"Four Square Pakuranga Heights,New World Howick,Four Square Botany Junction",12,92.6,216,308.6,770.0,98.6,509.37,1279.37,3
Mon_00541,Monday,"Four Square Eden Terrace,Pak 'n Save Manukau",13,74.6,234,308.6,770.0,98.6,509.45,1279.45,2
Mon_00542,Monday,"Pak 'n Save Mangere,Four Square Glen Eden",13,74.8,234,308.8,770.0,98.8,510.39,1280.39,2
Mon_00543,Monday,"Four Square Glen Eden,Pak 'n Save Manukau",12,92.9,216,308.9,770.0,98.9,510.82,1280.82,2
Mon_00544,Monday,"New World Papatoetoe,Four Square Lancaster",11,111.1,198,309.1,770.0,99.1,512.24,1282.24,2
Mon_00545,Monday,"Pak 'n Save Royal Oak,Four Square Botany Junction",13,75.1,234,309.1,770.0,99.1,512.25,1282.25,2
Mon_00546,Monday,"New World Papatoetoe,Four Square St Heliers",12,93.4,216,309.4,770.0,99.4,513.63,1283.63,2
Mon_00547,Monday,"Four Square Onehunga,Four Square Remuera,New World Newmarket",14,57.6,252,309.6,770.0,99.6,514.84,1284.84,3
Mon_00548,Monday,"New World Victoria Park,Four Square Botany Junction",12,93.9,216,309.9,770.0,99.9,516.0,1286.0,2
Mon_00549,Monday,"Four Square Onehunga,Pak 'n Save Glen Innes",13,75.9,234,309.9,770.0,99.9,516.22,1286.22,2
Mon_00550,Monday,"New World Mt Roskill,Pak 'n Save Mt Albert",16,22.1,288,310.1,770.0,100.1,517.05,1287.05,2
Mon_00551,Monday,"Pak 'n Save Mangere,Four Square Britomart",13,76.5,234,310.5,770.0,100.5,519.04,1289.04,2
Mon_00552,Monday,"Four Square Remuera,New World Botany",12,94.5,216,310.5,770.0,100.5,519.16,1289.16,2
Mon_00553,Monday,"Four Square Pakuranga Heights,New World Browns Bay",10,130.6,180,310.6,770.0,100.6,519.75,1289.75,2
Mon_00554,Monday,"Four Square Cockle Bay,New World Devonport",9,148.6,162,310.6,770.0,100.6,519.85,1289.85,2
Mon_00555,Monday,"New World Birkenhead,Four Square Lancaster,New World Metro Shore City",12,94.8,216,310.8,770.0,100.8,520.81,1290.81,3
Mon_00556,Monday,"Pak 'n Save Mangere,Four Square Botany Junction",13,76.8,234,310.8,770.0,100.8,520.83,1290.83,2
Mon_00557,Monday,"Four Square Eden Terrace,New World Long Bay",11,112.9,198,310.9,770.0,100.9,521.29,1291.29,2
Mon_00558,Monday,"Four Square Onehunga,Pak 'n Save Albany",12,94.9,216,310.9,770.0,100.9,521.46,1291.46,2
Mon_00559,Monday,"New World New Lynn,Pak 'n Save Lincoln Road",14,59.0,252,311.0,770.0,101.0,521.82,1291.82,2
Mon_00560,Monday,"Four Square Botany Junction,Pak 'n Save Papakura",12,95.2,216,311.2,770.0,101.2,522.83,1292.83,2
Mon_00561,Monday,"Four Square Lancaster,New World Browns Bay",11,113.2,198,311.2,770.0,101.2,523.02,1293.02,2
Mon_00562,Monday,"New World Metro Queen St,New World Ormiston",12,95.5,216,311.5,770.0,101.5,524.21,1294.21,2
Mon_00563,Monday,"Four Square Pakuranga Heights,Pak 'n Save Sylvia Park",13,77.5,234,311.5,770.0,101.5,524.65,1294.65,2
Mon_00564,Monday,"New World Howick,Four Square Lancaster",10,131.7,180,311.7,770.0,101.7,525.22,1295.22,2
Mon_00565,Monday,"Four Square Britomart,Pak 'n Save Albany",12,95.8,216,311.8,770.0,101.8,526.05,1296.05,2
Mon_00566,Monday,"Four Square Onehunga,Pak 'n Save Sylvia Park",14,60.2,252,312.2,770.0,102.2,527.83,1297.83,2
Mon_00567,Monday,"New World Birkenhead,Four Square St Heliers",11,114.4,198,312.4,770.0,102.4,529.11,1299.11,2
Mon_00568,Monday,"Four Square Pakuranga Heights,New World Howick,Four Square Cockle Bay",12,96.4,216,312.4,770.0,102.4,529.3,1299.3,3
Mon_00569,Monday,"Four Square Onehunga,New World Albany",12,96.5,216,312.5,770.0,102.5,529.76,1299.76,2
Mon_00570,Monday,"Pak 'n Save Mangere,New World Metro Shore City",12,96.6,216,312.6,770.0,102.6,530.3,1300.3,2
Mon_00571,Monday,"New World Milford,Four Square Torbay",11,114.8,198,312.8,770.0,102.8,531.19,1301.19,2
Mon_00572,Monday,"Four Square Fair Price Henderson,New World Ormiston",11,115.2,198,313.2,770.0,103.2,533.0,1303.0,2
Mon_00573,Monday,"Four Square Britomart,New World Albany",12,97.4,216,313.4,770.0,103.4,534.35,1304.35,2
Mon_00574,Monday,"Four Square Botany Junction,Pak 'n Save Wairau Road",11,115.4,198,313.4,770.0,103.4,534.39,1304.39,2
Mon_00575,Monday,"Four Square Fair Price Henderson,Pak 'n Save Henderson",14,61.5,252,313.5,770.0,103.5,534.5,1304.5,2
Mon_00576,Monday,"Four Square Ellerslie,Pak 'n Save Papakura",12,97.7,216,313.7,770.0,103.7,535.56,1305.56,2
Mon_00577,Monday,"Four Square Britomart,New World Botany",12,97.7,216,313.7,770.0,103.7,535.93,1305.93,2
Mon_00578,Monday,"Four Square Glen Eden,Pak 'n Save Henderson",14,61.8,252,313.8,770.0,103.8,536.38,1306.38,2
Mon_00579,Monday,"Pak 'n Save Mangere,Four Square Ellerslie",13,79.8,234,313.8,770.0,103.8,536.4,1306.4,2
Mon_00580,Monday,"Four Square Ellerslie,New World Browns Bay",11,115.9,198,313.9,770.0,103.9,536.84,1306.84,2
Mon_00581,Monday,"Four Square Botany Junction,New World Papakura",12,98.0,216,314.0,770.0,104.0,537.12,1307.12,2
Mon_00582,Monday,"New World New Lynn,New World Newmarket",14,62.0,252,314.0,770.0,104.0,537.38,1307.38,2
Mon_00583,Monday,"Four Square Remuera,New World Browns Bay",11,116.0,198,314.0,770.0,104.0,537.56,1307.56,2
Mon_00584,Monday,"Four Square Glen Eden,New World Browns Bay",11,116.1,198,314.1,770.0,104.1,537.65,1307.65,2
Mon_00585,Monday,"Four Square Britomart,Pak 'n Save Westgate",13,80.1,234,314.1,770.0,104.1,537.81,1307.81,2
Mon_00586,Monday,"Four Square Pakuranga Heights,Pak 'n Save Botany",13,80.9,234,314.9,770.0,104.9,542.14,1312.14,2
Mon_00587,Monday,"New World Metro Queen St,Pak 'n Save Manukau",13,81.1,234,315.1,770.0,105.1,543.15,1313.15,2
Mon_00588,Monday,"Four Square Remuera,Pak 'n Save Glen Innes",13,81.3,234,315.3,770.0,105.3,544.09,1314.09,2
Mon_00589,Monday,"New World Eastridge,Four Square Lancaster",11,117.3,198,315.3,770.0,105.3,544.21,1314.21,2
Mon_00590,Monday,"Four Square Hobsonville,New World Southmall",11,117.5,198,315.5,770.0,105.5,544.94,1314.94,2
Mon_00591,Monday,"New World Hobsonville,Four Square Botany Junction",11,117.5,198,315.5,770.0,105.5,545.14,1315.14,2
Mon_00592,Monday,"New World Remuera,Four Square St Heliers",13,81.5,234,315.5,770.0,105.5,545.31,1315.31,2
Mon_00593,Monday,"New World Remuera,Four Square Lancaster",12,99.7,216,315.7,770.0,105.7,545.93,1315.93,2
Mon_00594,Monday,"New World Birkenhead,Four Square Cockle Bay",10,135.7,180,315.7,770.0,105.7,546.02,1316.02,2
Mon_00595,Monday,"New World Mt Roskill,New World Southmall",14,63.9,252,315.9,770.0,105.9,547.27,1317.27,2
Mon_00596,Monday,"Pak 'n Save Mangere,Four Square Fair Price Henderson",13,81.9,234,315.9,770.0,105.9,547.34,1317.34,2
Mon_00597,Monday,"New World New Lynn,New World Stonefields",13,82.0,234,316.0,770.0,106.0,547.41,1317.41,2
Mon_00598,Monday,"New World Newmarket,Four Square Ellerslie,Four Square Remuera",14,64.0,252,316.0,770.0,106.0,547.46,1317.46,3
Mon_00599,Monday,"New World Metro Shore City,New World Milford,Four Square Lancaster",12,100.0,216,316.0,770.0,106.0,547.65,1317.65,3
Mon_00600,Monday,"New World Green Bay,New World Newmarket",14,64.1,252,316.1,770.0,106.1,548.18,1318.18,2
Mon_00601,Monday,"Four Square Ellerslie,Pak 'n Save Glen Innes",13,82.2,234,316.2,770.0,106.2,548.59,1318.59,2
Mon_00602,Monday,"New World Botany,Four Square Cockle Bay",12,100.2,216,316.2,770.0,106.2,548.7,1318.7,2
Mon_00603,Monday,"New World Mt Roskill,New World Newmarket",15,46.3,270,316.3,770.0,106.3,549.07,1319.07,2
Mon_00604,Monday,"Four Square Ellerslie,New World Papakura",12,100.4,216,316.4,770.0,106.4,549.85,1319.85,2
Mon_00605,Monday,"New World Metro Shore City,New World Botany",11,118.4,198,316.4,770.0,106.4,549.86,1319.86,2
Mon_00606,Monday,"New World Southmall,Four Square Botany Junction,Four Square Pakuranga Heights",12,100.5,216,316.5,770.0,106.5,550.44,1320.44,3
Mon_00607,Monday,"Four Square Fair Price Henderson,Pak 'n Save Manukau",12,100.8,216,316.8,770.0,106.8,551.94,1321.94,2
Mon_00608,Monday,"Pak 'n Save Manukau,Four Square Cockle Bay",12,100.8,216,316.8,770.0,106.8,552.0,1322.0,2
Mon_00609,Monday,"Four Square Fair Price Henderson,Pak 'n Save Albany",12,101.0,216,317.0,770.0,107.0,552.71,1322.71,2
Mon_00610,Monday,"Pak 'n Save Mangere,Four Square Remuera",13,83.0,234,317.0,770.0,107.0,552.97,1322.97,2
Mon_00611,Monday,"New World Birkenhead,Four Square Torbay",11,119.3,198,317.3,770.0,107.3,554.24,1324.24,2
Mon_00612,Monday,"New World Milford,Four Square St Heliers",11,119.4,198,317.4,770.0,107.4,555.07,1325.07,2
Mon_00613,Monday,"New World Papatoetoe,Four Square Hobsonville",12,101.7,216,317.7,770.0,107.7,556.53,1326.53,2
Mon_00614,Monday,"New World Green Bay,Pak 'n Save Lincoln Road",14,65.9,252,317.9,770.0,107.9,557.4,1327.4,2
Mon_00615,Monday,"Four Square Hobsonville,New World Browns Bay",12,101.9,216,317.9,770.0,107.9,557.62,1327.62,2
Mon_00616,Monday,"New World Green Bay,New World Stonefields",13,84.0,234,318.0,770.0,108.0,558.21,1328.21,2
Mon_00617,Monday,"New World Mt Roskill,Pak 'n Save Lincoln Road",15,48.1,270,318.1,770.0,108.1,558.29,1328.29,2
Mon_00618,Monday,"New World New Lynn,New World Southmall",13,84.1,234,318.1,770.0,108.1,558.36,1328.36,2
Mon_00619,Monday,"New World Mt Roskill,New World Stonefields",14,66.2,252,318.2,770.0,108.2,559.1,1329.1,2
Mon_00620,Monday,"Four Square Fair Price Henderson,New World Albany",12,102.6,216,318.6,770.0,108.6,561.0,1331.0,2
Mon_00621,Monday,"Four Square Remuera,Pak 'n Save Papakura",12,102.7,216,318.7,770.0,108.7,561.43,1331.43,2
Mon_00622,Monday,"Pak 'n Save Westgate,Four Square Hobsonville",14,66.7,252,318.7,770.0,108.7,561.83,1331.83,2
Mon_00623,Monday,"Four Square Pakuranga Heights,Pak 'n Save Ormiston",13,84.8,234,318.8,770.0,108.8,562.36,1332.36,2
Mon_00624,Monday,"New World Devonport,Four Square Torbay",10,138.9,180,318.9,770.0,108.9,562.54,1332.54,2
Mon_00625,Monday,"Four Square Glen Eden,Four Square Fair Price Henderson,Pak 'n Save Lincoln Road",14,66.9,252,318.9,770.0,108.9,562.73,1332.73,3
Mon_00626,Monday,"Four Square Pakuranga Heights,Four Square Botany Junction,New World Ormiston",13,85.0,234,319.0,770.0,109.0,563.4,1333.4,3
Mon_00627,Monday,"New World Victoria Park,Four Square Hobsonville",13,85.1,234,319.1,770.0,109.1,563.47,1333.47,2
Mon_00628,Monday,"New World Eastridge,Four Square Cockle Bay",11,121.1,198,319.1,770.0,109.1,563.76,1333.76,2
Mon_00629,Monday,"New World Metro Queen St,New World Browns Bay",12,103.2,216,319.2,770.0,109.2,564.0,1334.0,2
Mon_00630,Monday,"Pak 'n Save Mangere,Four Square Eden Terrace",14,67.3,252,319.3,770.0,109.3,564.52,1334.52,2
Mon_00631,Monday,"Pak 'n Save Mt Albert,Four Square St Heliers",13,85.7,234,319.7,770.0,109.7,566.72,1336.72,2
Mon_00632,Monday,"Four Square Pakuranga Heights,Four Square Botany Junction,New World Stonefields",12,103.8,216,319.8,770.0,109.8,567.16,1337.16,3
Mon_00633,Monday,"Pak 'n Save Lincoln Road,Four Square St Heliers",12,103.9,216,319.9,770.0,109.9,567.65,1337.65,2
Mon_00634,Monday,"Four Square St Heliers,New World Devonport",10,140.1,180,320.1,770.0,110.1,568.77,1338.77,2
Mon_00635,Monday,"New World Green Bay,New World Southmall",13,86.2,234,320.2,770.0,110.2,569.16,1339.16,2
Mon_00636,Monday,"Four Square Onehunga,Four Square Remuera,New World Eastridge",14,68.5,252,320.5,770.0,110.5,570.73,1340.73,3
Mon_00637,Monday,"New World Milford,Four Square Cockle Bay",10,140.7,180,320.7,770.0,110.7,571.98,1341.98,2
Mon_00638,Monday,"Four Square Pakuranga Heights,Pak 'n Save Albany",11,122.7,198,320.7,770.0,110.7,572.07,1342.07,2
Mon_00639,Monday,"New World New Lynn,New World Birkenhead",13,86.9,234,320.9,770.0,110.9,572.76,1342.76,2
Mon_00640,Monday,"Pak 'n Save Westgate,Four Square Ellerslie",13,87.2,234,321.2,770.0,111.2,574.51,1344.51,2
Mon_00641,Monday,"Four Square Britomart,Pak 'n Save Glen Innes",13,87.3,234,321.3,770.0,111.3,574.94,1344.94,2
Mon_00642,Monday,"New World Metro Shore City,New World Devonport,Four Square Lancaster",11,123.3,198,321.3,770.0,111.3,575.12,1345.12,3
Mon_00643,Monday,"Pak 'n Save Westgate,Four Square Remuera",13,87.3,234,321.3,770.0,111.3,575.24,1345.24,2
Mon_00644,Monday,"New World Metro Queen St,New World Metro Shore City,New World Devonport",12,105.3,216,321.3,770.0,111.3,575.25,1345.25,3
Mon_00645,Monday,"Four Square Lancaster,Pak 'n Save Albany",12,105.4,216,321.4,770.0,111.4,575.33,1345.33,2
Mon_00646,Monday,"Four Square Remuera,New World Papakura",12,105.4,216,321.4,770.0,111.4,575.72,1345.72,2
Mon_00647,Monday,"New World Mt Roskill,New World Papatoetoe",15,51.5,270,321.5,770.0,111.5,575.85,1345.85,2
Mon_00648,Monday,"New World Metro Queen St,New World Metro Shore City,New World Milford",13,87.5,234,321.5,770.0,111.5,575.96,1345.96,3
Mon_00649,Monday,"Four Square Ellerslie,Pak 'n Save Sylvia Park",14,69.5,252,321.5,770.0,111.5,575.98,1345.98,2
Mon_00650,Monday,"Four Square Eden Terrace,New World Browns Bay",12,105.8,216,321.8,770.0,111.8,577.74,1347.74,2
Mon_00651,Monday,"Four Square Britomart,Pak 'n Save Papakura",12,105.9,216,321.9,770.0,111.9,578.2,1348.2,2
Mon_00652,Monday,"Four Square Onehunga,Four Square Ellerslie,New World Eastridge",14,70.3,252,322.3,770.0,112.3,580.16,1350.16,3
Mon_00653,Monday,"Four Square Pakuranga Heights,New World Albany",11,124.3,198,322.3,770.0,112.3,580.37,1350.37,2
Mon_00654,Monday,"Pak 'n Save Royal Oak,Four Square Lancaster",13,88.4,234,322.4,770.0,112.4,580.71,1350.71,2
Mon_00655,Monday,"Four Square Onehunga,Pak 'n Save Henderson",14,70.8,252,322.8,770.0,112.8,582.89,1352.89,2
Mon_00656,Monday,"Four Square Eden Terrace,Pak 'n Save Westgate",14,70.9,252,322.9,770.0,112.9,583.29,1353.29,2
Mon_00657,Monday,"New World Green Bay,New World Birkenhead",13,88.9,234,322.9,770.0,112.9,583.57,1353.57,2
Mon_00658,Monday,"Pak 'n Save Mt Albert,Four Square Cockle Bay",12,107.0,216,323.0,770.0,113.0,583.63,1353.63,2
Mon_00659,Monday,"Four Square Lancaster,New World Albany",12,107.0,216,323.0,770.0,113.0,583.63,1353.63,2
Mon_00660,Monday,"New World Mt Roskill,New World Birkenhead",14,71.1,252,323.1,770.0,113.1,584.45,1354.45,2
Mon_00661,Monday,"Pak 'n Save Lincoln Road,Four Square Cockle Bay",11,125.1,198,323.1,770.0,113.1,584.56,1354.56,2
Mon_00662,Monday,"New World Mt Albert,New World Point Chevalier",16,35.1,288,323.1,770.0,113.1,584.58,1354.58,2
Mon_00663,Monday,"New World Remuera,Four Square Cockle Bay",12,107.3,216,323.3,770.0,113.3,585.16,1355.16,2
Mon_00664,Monday,"New World New Lynn,New World Green Bay,Four Square Glen Eden",15,53.3,270,323.3,770.0,113.3,585.18,1355.18,3
Mon_00665,Monday,"New World Browns Bay,Four Square Torbay",12,107.5,216,323.5,770.0,113.5,586.19,1356.19,2
Mon_00666,Monday,"Four Square Eden Terrace,Four Square Ellerslie,New World Stonefields",14,71.5,252,323.5,770.0,113.5,586.5,1356.5,3
Mon_00667,Monday,"New World New Lynn,New World Papatoetoe",14,71.6,252,323.6,770.0,113.6,586.94,1356.94,2
Mon_00668,Monday,"Four Square Hobsonville,New World Eastridge",12,107.7,216,323.7,770.0,113.7,587.39,1357.39,2
Mon_00669,Monday,"Four Square Eden Terrace,New World Botany",13,90.0,234,324.0,770.0,114.0,589.11,1359.11,2
Mon_00670,Monday,"Four Square Ellerslie,Pak 'n Save Albany",12,108.0,216,324.0,770.0,114.0,589.15,1359.15,2
Mon_00671,Monday,"New World Mt Albert,New World Metro Queen St,Four Square Britomart",15,54.1,270,324.1,770.0,114.1,589.35,1359.35,3
Mon_00672,Monday,"Four Square Remuera,Pak 'n Save Albany",12,108.2,216,324.2,770.0,114.2,589.87,1359.87,2
Mon_00673,Monday,"Four Square Glen Eden,Pak 'n Save Albany",12,108.2,216,324.2,770.0,114.2,589.97,1359.97,2
Mon_00674,Monday,"New World New Lynn,New World Devonport",12,108.2,216,324.2,770.0,114.2,590.18,1360.18,2
Mon_00675,Monday,"Four Square Onehunga,New World New Lynn,New World Green Bay",15,54.4,270,324.4,770.0,114.4,591.14,1361.14,3
Mon_00676,Monday,"New World Metro Shore City,Pak 'n Save Papakura",11,126.6,198,324.6,770.0,114.6,592.13,1362.13,2
Mon_00677,Monday,"Four Square Eden Terrace,Four Square Remuera,New World Stonefields",14,72.7,252,324.7,770.0,114.7,592.37,1362.37,3
Mon_00678,Monday,"Four Square Britomart,New World Papakura",12,108.7,216,324.7,770.0,114.7,592.49,1362.49,2
Mon_00679,Monday,"Pak 'n Save Wairau Road,Four Square Torbay",12,109.0,216,325.0,770.0,115.0,594.31,1364.31,2
Mon_00680,Monday,"New World Newmarket,Four Square Ellerslie,Four Square Britomart",14,73.0,252,325.0,770.0,115.0,594.39,1364.39,3
Mon_00681,Monday,"New World New Lynn,New World Hobsonville",14,73.1,252,325.1,770.0,115.1,594.83,1364.83,2
Mon_00682,Monday,"New World Mt Albert,Four Square Fair Price Henderson,Four Square Glen Eden",14,73.1,252,325.1,770.0,115.1,594.94,1364.94,3
Mon_00683,Monday,"Four Square Botany Junction,New World Long Bay",10,145.3,180,325.3,770.0,115.3,595.85,1365.85,2
Mon_00684,Monday,"Four Square Ellerslie,New World Albany",12,109.6,216,325.6,770.0,115.6,597.45,1367.45,2
Mon_00685,Monday,"New World Green Bay,New World Papatoetoe",14,73.7,252,325.7,770.0,115.7,597.74,1367.74,2
Mon_00686,Monday,"Four Square Remuera,New World Albany",12,109.8,216,325.8,770.0,115.8,598.17,1368.17,2
Mon_00687,Monday,"Four Square Glen Eden,New World Albany",12,109.8,216,325.8,770.0,115.8,598.27,1368.27,2
Mon_00688,Monday,"New World New Lynn,New World Milford",13,91.9,234,325.9,770.0,115.9,598.72,1368.72,2
Mon_00689,Monday,"Four Square Onehunga,New World Remuera,Four Square Remuera",15,56.0,270,326.0,770.0,116.0,599.34,1369.34,3
Mon_00690,Monday,"Four Square Eden Terrace,New World Metro Queen St,Four Square Britomart,Four Square Ellerslie",14,74.2,252,326.2,770.0,116.2,600.37,1370.37,4
Mon_00691,Monday,"New World Green Bay,New World Devonport",12,110.3,216,326.3,770.0,116.3,600.98,1370.98,2
Mon_00692,Monday,"Four Square Eden Terrace,New World Metro Queen St,Four Square Britomart,Four Square Remuera",14,74.3,252,326.3,770.0,116.3,601.1,1371.1,4
Mon_00693,Monday,"Four Square Remuera,Pak 'n Save Sylvia Park",14,74.5,252,326.5,770.0,116.5,601.86,1371.86,2
Mon_00694,Monday,"New World Mt Roskill,New World Devonport",13,92.5,234,326.5,770.0,116.5,601.87,1371.87,2
Mon_00695,Monday,"Four Square Onehunga,Four Square Ellerslie,New World Remuera",15,56.7,270,326.7,770.0,116.7,603.0,1373.0,3
Mon_00696,Monday,"Pak 'n Save Lincoln Road,Four Square Torbay",12,110.7,216,326.7,770.0,116.7,603.1,1373.1,2
Mon_00697,Monday,"New World Mt Albert,Four Square Torbay",12,110.9,216,326.9,770.0,116.9,603.78,1373.78,2
Mon_00698,Monday,"Four Square Botany Junction,Pak 'n Save Ormiston",14,74.9,252,326.9,770.0,116.9,604.13,1374.13,2
Mon_00699,Monday,"New World Remuera,Four Square Hobsonville",13,93.1,234,327.1,770.0,117.1,605.02,1375.02,2
Mon_00700,Monday,"Pak 'n Save Mangere,New World Metro Queen St",14,75.3,252,327.3,770.0,117.3,605.92,1375.92,2
Mon_00701,Monday,"Pak 'n Save Westgate,Four Square Pakuranga Heights",12,111.4,216,327.4,770.0,117.4,606.42,1376.42,2
Mon_00702,Monday,"New World Metro Shore City,New World Papakura",11,129.4,198,327.4,770.0,117.4,606.42,1376.42,2
Mon_00703,Monday,"New World Hobsonville,Four Square Torbay",12,111.5,216,327.5,770.0,117.5,606.85,1376.85,2
Mon_00704,Monday,"Pak 'n Save Royal Oak,Four Square St Heliers",14,75.6,252,327.6,770.0,117.6,607.62,1377.62,2
Mon_00705,Monday,"New World Ormiston,Four Square Lancaster",11,129.8,198,327.8,770.0,117.8,608.49,1378.49,2
Mon_00706,Monday,"New World Green Bay,New World Milford",13,94.0,234,328.0,770.0,118.0,609.52,1379.52,2
Mon_00707,Monday,"New World Ormiston,Four Square St Heliers",12,112.0,216,328.0,770.0,118.0,609.88,1379.88,2
Mon_00708,Monday,"Four Square Hobsonville,Pak 'n Save Albany",13,94.1,234,328.1,770.0,118.1,609.94,1379.94,2
Mon_00709,Monday,"New World Mt Roskill,New World Milford",14,76.1,252,328.1,770.0,118.1,610.41,1380.41,2
Mon_00710,Monday,"New World Point Chevalier,New World Metro Queen St,Four Square Britomart",15,58.3,270,328.3,770.0,118.3,611.1,1381.1,3
Mon_00711,Monday,"New World Metro Queen St,New World Birkenhead,New World Metro Shore City",13,94.3,234,328.3,770.0,118.3,611.12,1381.12,3
Mon_00712,Monday,"New World Victoria Park,Four Square St Heliers",13,94.4,234,328.4,770.0,118.4,611.52,1381.52,2
Mon_00713,Monday,"New World Point Chevalier,Four Square Fair Price Henderson,Four Square Glen Eden",14,76.8,252,328.8,770.0,118.8,613.71,1383.71,3
Mon_00714,Monday,"New World Point Chevalier,Four Square Britomart,Four Square Ellerslie",14,76.9,252,328.9,770.0,118.9,614.11,1384.11,3
Mon_00715,Monday,"New World Newmarket,New World Metro Queen St,Four Square Britomart",15,59.2,270,329.2,770.0,119.2,615.83,1385.83,3
Mon_00716,Monday,"New World Metro Queen St,Pak 'n Save Albany",13,95.3,234,329.3,770.0,119.3,616.32,1386.32,2
Mon_00717,Monday,"Pak 'n Save Manukau,Four Square Lancaster",12,113.3,216,329.3,770.0,119.3,616.54,1386.54,2
Mon_00718,Monday,"New World Newmarket,Four Square Torbay",12,113.5,216,329.5,770.0,119.5,617.65,1387.65,2
Mon_00719,Monday,"Pak 'n Save Manukau,Four Square St Heliers",13,95.6,234,329.6,770.0,119.6,617.92,1387.92,2
Mon_00720,Monday,"New World Metro Shore City,Pak 'n Save Glen Innes",12,113.7,216,329.7,770.0,119.7,618.23,1388.23,2
Mon_00721,Monday,"Four Square Hobsonville,New World Albany",13,95.7,234,329.7,770.0,119.7,618.24,1388.24,2
Mon_00722,Monday,"Four Square Britomart,Pak 'n Save Sylvia Park",14,77.7,252,329.7,770.0,119.7,618.62,1388.62,2
Mon_00723,Monday,"Pak 'n Save Royal Oak,Four Square Hobsonville",14,77.8,252,329.8,770.0,119.8,619.19,1389.19,2
Mon_00724,Monday,"Four Square Britomart,New World Eastridge,Four Square Remuera",14,77.9,252,329.9,770.0,119.9,619.64,1389.64,3
Mon_00725,Monday,"Pak 'n Save Westgate,Four Square Lancaster",13,96.1,234,330.1,770.0,120.1,620.33,1390.33,2
Mon_00726,Monday,"New World Point Chevalier,Four Square Torbay",12,114.5,216,330.5,770.0,120.5,622.55,1392.55,2
Mon_00727,Monday,"New World Metro Queen St,New World Botany",13,96.5,234,330.5,770.0,120.5,622.81,1392.81,2
Mon_00728,Monday,"Four Square Glen Eden,Pak 'n Save Papakura",12,114.8,216,330.8,770.0,120.8,624.05,1394.05,2
Mon_00729,Monday,"New World Metro Queen St,New World Albany",13,96.9,234,330.9,770.0,120.9,624.62,1394.62,2
Mon_00730,Monday,"Pak 'n Save Royal Oak,Four Square Cockle Bay",13,96.9,234,330.9,770.0,120.9,624.68,1394.68,2
Mon_00731,Monday,"New World Metro Queen St,Pak 'n Save Westgate",14,78.9,252,330.9,770.0,120.9,624.69,1394.69,2
Mon_00732,Monday,"New World Metro Shore City,Pak 'n Save Wairau Road,Four Square Lancaster",13,97.1,234,331.1,770.0,121.1,625.87,1395.87,3
Mon_00733,Monday,"Pak 'n Save Wairau Road,Four Square St Heliers",12,115.3,216,331.3,770.0,121.3,626.87,1396.87,2
Mon_00734,Monday,"Four Square Glen Eden,New World Botany",12,115.4,216,331.4,770.0,121.4,627.13,1397.13,2
Mon_00735,Monday,"New World Stonefields,Four Square Torbay",11,133.5,198,331.5,770.0,121.5,627.68,1397.68,2
Mon_00736,Monday,"New World Victoria Park,Four Square Cockle Bay",12,115.6,216,331.6,770.0,121.6,628.42,1398.42,2
Mon_00737,Monday,"Four Square Hobsonville,New World Howick",11,133.7,198,331.7,770.0,121.7,629.02,1399.02,2
Mon_00738,Monday,"Four Square Eden Terrace,Pak 'n Save Albany",13,97.9,234,331.9,770.0,121.9,630.05,1400.05,2
Mon_00739,Monday,"Four Square Onehunga,Pak 'n Save Botany",14,80.0,252,332.0,770.0,122.0,630.14,1400.14,2
Mon_00740,Monday,"New World Point Chevalier,Four Square Eden Terrace,Four Square Britomart",15,62.0,270,332.0,770.0,122.0,630.19,1400.19,3
Mon_00741,Monday,"New World Green Bay,New World Hobsonville",14,80.0,252,332.0,770.0,122.0,630.41,1400.41,2
Mon_00742,Monday,"Four Square Pakuranga Heights,New World Stonefields,Four Square St Heliers",13,98.1,234,332.1,770.0,122.1,630.66,1400.66,3
Mon_00743,Monday,"Four Square Pakuranga Heights,New World Botany,Four Square Botany Junction",14,80.1,252,332.1,770.0,122.1,630.98,1400.98,3
Mon_00744,Monday,"New World Mt Roskill,New World Hobsonville",15,62.2,270,332.2,770.0,122.2,631.3,1401.3,2
Mon_00745,Monday,"Four Square Eden Terrace,Pak 'n Save Papakura",13,98.2,234,332.2,770.0,122.2,631.38,1401.38,2
Mon_00746,Monday,"Four Square Fair Price Henderson,New World Botany",12,116.2,216,332.2,770.0,122.2,631.6,1401.6,2
Mon_00747,Monday,"New World Mt Albert,Four Square Eden Terrace,Four Square Ellerslie",15,62.3,270,332.3,770.0,122.3,631.68,1401.68,3
Mon_00748,Monday,"Four Square Onehunga,Pak 'n Save Ormiston",14,80.8,252,332.8,770.0,122.8,634.43,1404.43,2
Mon_00749,Monday,"Four Square Eden Terrace,New World Newmarket,Four Square Britomart",15,62.8,270,332.8,770.0,122.8,634.48,1404.48,3
Mon_00750,Monday,"New World New Lynn,New World Victoria Park",15,63.0,270,333.0,770.0,123.0,635.25,1405.25,2
Mon_00751,Monday,"Pak 'n Save Sylvia Park,New World Metro Shore City",13,99.5,234,333.5,770.0,123.5,637.95,1407.95,2
Mon_00752,Monday,"New World Metro Queen St,Four Square Britomart,New World Birkenhead",14,81.5,252,333.5,770.0,123.5,638.3,1408.3,3
Mon_00753,Monday,"Four Square Glen Eden,New World Papakura",12,117.5,216,333.5,770.0,123.5,638.33,1408.33,2
Mon_00754,Monday,"Four Square Eden Terrace,New World Albany",13,99.6,234,333.6,770.0,123.6,638.35,1408.35,2
Mon_00755,Monday,"Four Square Pakuranga Heights,Four Square Cockle Bay,New World Ormiston",13,99.6,234,333.6,770.0,123.6,638.54,1408.54,3
Mon_00756,Monday,"Four Square Britomart,Pak 'n Save Henderson",14,82.0,252,334.0,770.0,124.0,640.46,1410.46,2
Mon_00757,Monday,"New World Hobsonville,Four Square St Heliers",12,118.0,216,334.0,770.0,124.0,640.66,1410.66,2
Mon_00758,Monday,"Pak 'n Save Wairau Road,Four Square Cockle Bay",11,136.6,198,334.6,770.0,124.6,643.78,1413.78,2
Mon_00759,Monday,"New World Remuera,Four Square Remuera,Four Square Ellerslie",15,64.6,270,334.6,770.0,124.6,643.82,1413.82,3
Mon_00760,Monday,"Four Square Eden Terrace,New World Papakura",13,101.0,234,335.0,770.0,125.0,645.67,1415.67,2
Mon_00761,Monday,"Four Square Eden Terrace,New World Newmarket,Four Square Remuera",15,65.0,270,335.0,770.0,125.0,645.98,1415.98,3
Mon_00762,Monday,"New World Green Bay,New World Victoria Park",15,65.0,270,335.0,770.0,125.0,646.05,1416.05,2
Mon_00763,Monday,"Pak 'n Save Royal Oak,New World New Lynn",16,47.1,288,335.1,770.0,125.1,646.57,1416.57,2
Mon_00764,Monday,"Four Square Pakuranga Heights,Pak 'n Save Highland Park",14,83.2,252,335.2,770.0,125.2,646.87,1416.87,2
Mon_00765,Monday,"New World Mt Roskill,New World Victoria Park",16,47.2,288,335.2,770.0,125.2,646.94,1416.94,2
Mon_00766,Monday,"Pak 'n Save Henderson,New World Metro Shore City",13,101.3,234,335.3,770.0,125.3,647.44,1417.44,2
Mon_00767,Monday,"New World Victoria Park,Four Square Britomart,New World Metro Shore City",14,83.5,252,335.5,770.0,125.5,648.66,1418.66,3
Mon_00768,Monday,"New World Mt Roskill,New World New Lynn,Four Square Glen Eden",16,48.1,288,336.1,770.0,126.1,651.71,1421.71,3
Mon_00769,Monday,"Four Square Botany Junction,New World Browns Bay",11,138.3,198,336.3,770.0,126.3,652.3,1422.3,2
Mon_00770,Monday,"Four Square Botany Junction,Pak 'n Save Botany",14,84.3,252,336.3,770.0,126.3,652.66,1422.66,2
Mon_00771,Monday,"Four Square Ellerslie,New World Stonefields,Four Square St Heliers",14,84.9,252,336.9,770.0,126.9,655.52,1425.52,3
Mon_00772,Monday,"Pak 'n Save Sylvia Park,Four Square Botany Junction",14,84.9,252,336.9,770.0,126.9,655.62,1425.62,2
Mon_00773,Monday,"Pak 'n Save Royal Oak,New World Green Bay",16,49.0,288,337.0,770.0,127.0,656.28,1426.28,2
Mon_00774,Monday,"Four Square Eden Terrace,Pak 'n Save Glen Innes",14,85.3,252,337.3,770.0,127.3,657.48,1427.48,2
Mon_00775,Monday,"New World Hobsonville,Four Square Cockle Bay",11,139.3,198,337.3,770.0,127.3,657.57,1427.57,2
Mon_00776,Monday,"New World Mt Albert,New World Newmarket",16,49.3,288,337.3,770.0,127.3,657.81,1427.81,2
Mon_00777,Monday,"New World New Lynn,New World Eastridge",14,85.7,252,337.7,770.0,127.7,659.71,1429.71,2
Mon_00778,Monday,"Pak 'n Save Glen Innes,Four Square St Heliers",14,86.0,252,338.0,770.0,128.0,661.09,1431.09,2
Mon_00779,Monday,"Four Square Remuera,New World Stonefields,Four Square St Heliers",14,86.0,252,338.0,770.0,128.0,661.39,1431.39,3
Mon_00780,Monday,"Four Square Cockle Bay,New World Long Bay",10,158.1,180,338.1,770.0,128.1,661.64,1431.64,2
Mon_00781,Monday,"New World Mt Roskill,New World Howick",14,86.5,252,338.5,770.0,128.5,664.03,1434.03,2
Mon_00782,Monday,"Four Square Botany Junction,Pak 'n Save Glen Innes",13,104.7,234,338.7,770.0,128.7,664.79,1434.79,2
Mon_00783,Monday,"New World Metro Queen St,Pak 'n Save Papakura",13,104.7,234,338.7,770.0,128.7,665.08,1435.08,2
Mon_00784,Monday,"New World Botany,Four Square St Heliers",13,104.8,234,338.8,770.0,128.8,665.62,1435.62,2
Mon_00785,Monday,"Four Square Hobsonville,New World Ormiston",12,122.8,216,338.8,770.0,128.8,665.65,1435.65,2
Mon_00786,Monday,"New World Milford,New World Devonport",13,104.9,234,338.9,770.0,128.9,666.05,1436.05,2
Mon_00787,Monday,"New World Point Chevalier,Four Square Eden Terrace,Four Square Ellerslie",15,69.2,270,339.2,770.0,129.2,667.29,1437.29,3
Mon_00788,Monday,"New World Newmarket,New World Stonefields",15,69.2,270,339.2,770.0,129.2,667.55,1437.55,2
Mon_00789,Monday,"New World Mt Albert,New World Stonefields",15,69.3,270,339.3,770.0,129.3,667.84,1437.84,2
Mon_00790,Monday,"New World Papatoetoe,New World Southmall",15,69.6,270,339.6,770.0,129.6,669.69,1439.69,2
Mon_00791,Monday,"New World Green Bay,New World Eastridge",14,87.8,252,339.8,770.0,129.8,670.51,1440.51,2
Mon_00792,Monday,"New World New Lynn,Pak 'n Save Wairau Road",14,87.8,252,339.8,770.0,129.8,670.52,1440.52,2
Mon_00793,Monday,"Four Square Britomart,Four Square Ellerslie,New World Eastridge",14,87.8,252,339.8,770.0,129.8,670.62,1440.62,3
Mon_00794,Monday,"New World Mt Roskill,New World Eastridge",15,69.9,270,339.9,770.0,129.9,671.4,1441.4,2
Mon_00795,Monday,"Four Square Eden Terrace,Pak 'n Save Sylvia Park",15,70.0,270,340.0,770.0,130.0,671.8,1441.8,2
Mon_00796,Monday,"New World New Lynn,New World Remuera",15,70.3,270,340.3,770.0,130.3,673.05,1443.05,2
Mon_00797,Monday,"New World Mt Albert,Four Square Eden Terrace,New World Metro Queen St",16,52.3,288,340.3,770.0,130.3,673.25,1443.25,3
Mon_00798,Monday,"Four Square Fair Price Henderson,Pak 'n Save Papakura",12,124.4,216,340.4,770.0,130.4,673.87,1443.87,2
Mon_00799,Monday,"Four Square Onehunga,Pak 'n Save Clendon",15,70.6,270,340.6,770.0,130.6,674.91,1444.91,2
Mon_00800,Monday,"Pak 'n Save Manukau,Four Square Hobsonville",13,106.8,234,340.8,770.0,130.8,675.63,1445.63,2
Mon_00801,Monday,"New World Birkenhead,New World Milford",14,88.8,252,340.8,770.0,130.8,675.78,1445.78,2
Mon_00802,Monday,"New World Papatoetoe,Four Square Botany Junction,Four Square Ellerslie",14,89.0,252,341.0,770.0,131.0,676.8,1446.8,3
Mon_00803,Monday,"Pak 'n Save Henderson,Four Square Ellerslie",14,89.1,252,341.1,770.0,131.1,677.17,1447.17,2
Mon_00804,Monday,"New World Newmarket,Four Square Ellerslie,New World Metro Queen St",15,71.2,270,341.2,770.0,131.2,677.83,1447.83,3
Mon_00805,Monday,"Pak 'n Save Henderson,Four Square Remuera",14,89.2,252,341.2,770.0,131.2,677.89,1447.89,2
Mon_00806,Monday,"New World Newmarket,Four Square Remuera,New World Metro Queen St",15,71.3,270,341.3,770.0,131.3,678.56,1448.56,3
Mon_00807,Monday,"New World Metro Queen St,New World Papakura",13,107.5,234,341.5,770.0,131.5,679.37,1449.37,2
Mon_00808,Monday,"New World Point Chevalier,New World Newmarket",16,53.5,288,341.5,770.0,131.5,679.55,1449.55,2
Mon_00809,Monday,"Pak 'n Save Mangere,Four Square Hobsonville",14,89.6,252,341.6,770.0,131.6,679.99,1449.99,2
Mon_00810,Monday,"Four Square Ellerslie,Pak 'n Save Ormiston",14,89.7,252,341.7,770.0,131.7,680.63,1450.63,2
Mon_00811,Monday,"New World Green Bay,Pak 'n Save Wairau Road",14,89.9,252,341.9,770.0,131.9,681.32,1451.32,2
Mon_00812,Monday,"Four Square Britomart,Four Square Lancaster,New World Devonport",12,125.9,216,341.9,770.0,131.9,681.43,1451.43,3
Mon_00813,Monday,"New World Mt Albert,Pak 'n Save Lincoln Road",16,53.9,288,341.9,770.0,131.9,681.74,1451.74,2
Mon_00814,Monday,"New World Mt Roskill,Pak 'n Save Wairau Road",15,72.0,270,342.0,770.0,132.0,682.21,1452.21,2
Mon_00815,Monday,"New World Birkenhead,New World Devonport",13,108.2,234,342.2,770.0,132.2,682.87,1452.87,2
Mon_00816,Monday,"New World Victoria Park,Four Square Torbay",13,108.2,234,342.2,770.0,132.2,683.04,1453.04,2
Mon_00817,Monday,"New World Green Bay,New World Remuera",15,72.4,270,342.4,770.0,132.4,683.85,1453.85,2
Mon_00818,Monday,"New World Southmall,New World Stonefields",14,90.4,252,342.4,770.0,132.4,684.12,1454.12,2
Mon_00819,Monday,"Pak 'n Save Mangere,Four Square Lancaster",13,108.5,234,342.5,770.0,132.5,684.49,1454.49,2
Mon_00820,Monday,"New World Mt Roskill,New World Remuera",16,54.5,288,342.5,770.0,132.5,684.74,1454.74,2
Mon_00821,Monday,"Pak 'n Save Mangere,Four Square Cockle Bay",13,108.7,234,342.7,770.0,132.7,685.38,1455.38,2
Mon_00822,Monday,"Four Square Eden Terrace,Pak 'n Save Henderson",15,72.8,270,342.8,770.0,132.8,685.94,1455.94,2
Mon_00823,Monday,"Pak 'n Save Papakura,Four Square Cockle Bay",12,126.8,216,342.8,770.0,132.8,686.08,1456.08,2
Mon_00824,Monday,"Four Square Ellerslie,Pak 'n Save Botany",14,90.8,252,342.8,770.0,132.8,686.15,1456.15,2
Mon_00825,Monday,"Pak 'n Save Mt Albert,Four Square Glen Eden,Four Square Fair Price Henderson",15,72.9,270,342.9,770.0,132.9,686.4,1456.4,3
Mon_00826,Monday,"New World Victoria Park,New World Metro Queen St,Four Square Britomart",16,54.9,288,342.9,770.0,132.9,686.62,1456.62,3
Mon_00827,Monday,"Four Square Onehunga,New World Remuera,Four Square Eden Terrace",16,55.0,288,343.0,770.0,133.0,686.98,1456.98,3
Mon_00828,Monday,"New World Mt Roskill,New World Ormiston",15,73.0,270,343.0,770.0,133.0,687.0,1457.0,2
Mon_00829,Monday,"New World Southmall,Four Square Torbay",11,145.1,198,343.1,770.0,133.1,687.59,1457.59,2
Mon_00830,Monday,"Four Square Fair Price Henderson,New World Papakura",12,127.2,216,343.2,770.0,133.2,688.16,1458.16,2
Mon_00831,Monday,"Pak 'n Save Mt Albert,Four Square Eden Terrace,Four Square Onehunga",16,55.2,288,343.2,770.0,133.2,688.44,1458.44,3
Mon_00832,Monday,"Four Square Onehunga,Pak 'n Save Royal Oak,Four Square Ellerslie",16,55.3,288,343.3,770.0,133.3,688.6,1458.6,3
Mon_00833,Monday,"New World Point Chevalier,New World Stonefields",15,73.5,270,343.5,770.0,133.5,689.59,1459.59,2
Mon_00834,Monday,"New World Metro Queen St,Pak 'n Save Glen Innes",14,91.8,252,343.8,770.0,133.8,691.19,1461.19,2
Mon_00835,Monday,"Pak 'n Save Westgate,Four Square Botany Junction",13,110.0,234,344.0,770.0,134.0,692.32,1462.32,2
Mon_00836,Monday,"New World Mt Albert,New World Birkenhead",15,74.2,270,344.2,770.0,134.2,693.19,1463.19,2
Mon_00837,Monday,"Four Square Glen Eden,Pak 'n Save Glen Innes",13,110.6,234,344.6,770.0,134.6,695.5,1465.5,2
Mon_00838,Monday,"New World Mt Roskill,Pak 'n Save Manukau",16,56.6,288,344.6,770.0,134.6,695.62,1465.62,2
Mon_00839,Monday,"New World Albany,Four Square Torbay",13,110.8,234,344.8,770.0,134.8,696.23,1466.23,2
Mon_00840,Monday,"Four Square Onehunga,Pak 'n Save Royal Oak,Four Square Remuera",16,57.1,288,345.1,770.0,135.1,697.81,1467.81,3
Mon_00841,Monday,"Pak 'n Save Albany,Four Square Torbay",13,111.1,234,345.1,770.0,135.1,698.05,1468.05,2
Mon_00842,Monday,"New World New Lynn,New World Ormiston",14,93.1,252,345.1,770.0,135.1,698.09,1468.09,2
Mon_00843,Monday,"Pak 'n Save Mt Albert,Four Square Onehunga,Four Square Glen Eden",15,75.1,270,345.1,770.0,135.1,698.27,1468.27,3
Mon_00844,Monday,"Four Square Fair Price Henderson,Pak 'n Save Glen Innes",13,111.5,234,345.5,770.0,135.5,699.97,1469.97,2
Mon_00845,Monday,"Pak 'n Save Mt Albert,Four Square Torbay",13,111.5,234,345.5,770.0,135.5,700.1,1470.1,2
Mon_00846,Monday,"New World Metro Queen St,Four Square Britomart,New World Eastridge",15,75.6,270,345.6,770.0,135.6,700.38,1470.38,3
Mon_00847,Monday,"New World Point Chevalier,Pak 'n Save Lincoln Road",16,57.6,288,345.6,770.0,135.6,700.51,1470.51,2
Mon_00848,Monday,"New World Point Chevalier,New World Metro Queen St,Four Square Ellerslie",15,75.7,270,345.7,770.0,135.7,701.0,1471.0,3
Mon_00849,Monday,"New World New Lynn,New World Howick",13,111.7,234,345.7,770.0,135.7,701.33,1471.33,2
Mon_00850,Monday,"Pak 'n Save Lincoln Road,Four Square Fair Price Henderson,Four Square Hobsonville",15,75.8,270,345.8,770.0,135.8,701.41,1471.41,3
Mon_00851,Monday,"New World Point Chevalier,New World Metro Queen St,Four Square Remuera",15,75.8,270,345.8,770.0,135.8,701.72,1471.72,3
Mon_00852,Monday,"Four Square Fair Price Henderson,New World Hobsonville,Four Square Hobsonville",15,76.2,270,346.2,770.0,136.2,703.57,1473.57,3
Mon_00853,Monday,"Four Square Lancaster,New World Botany",12,130.3,216,346.3,770.0,136.3,704.05,1474.05,2
Mon_00854,Monday,"Four Square Botany Junction,Pak 'n Save Albany",12,130.4,216,346.4,770.0,136.4,704.61,1474.61,2
Mon_00855,Monday,"New World Metro Queen St,Pak 'n Save Sylvia Park",15,76.5,270,346.5,770.0,136.5,705.51,1475.51,2
Mon_00856,Monday,"Four Square Eden Terrace,Four Square Remuera,New World Eastridge",15,76.6,270,346.6,770.0,136.6,705.9,1475.9,3
Mon_00857,Monday,"Four Square Remuera,Pak 'n Save Ormiston",14,94.7,252,346.7,770.0,136.7,706.5,1476.5,2
Mon_00858,Monday,"New World New Lynn,Pak 'n Save Manukau",15,76.8,270,346.8,770.0,136.8,706.7,1476.7,2
Mon_00859,Monday,"New World Point Chevalier,Four Square Eden Terrace,New World Metro Queen St",16,59.2,288,347.2,770.0,137.2,708.86,1478.86,3
Mon_00860,Monday,"New World Green Bay,New World Ormiston",14,95.2,252,347.2,770.0,137.2,708.89,1478.89,2
Mon_00861,Monday,"Pak 'n Save Henderson,Four Square Pakuranga Heights",13,113.2,234,347.2,770.0,137.2,709.07,1479.07,2
Mon_00862,Monday,"Four Square Glen Eden,Pak 'n Save Sylvia Park",14,95.4,252,347.4,770.0,137.4,709.83,1479.83,2
Mon_00863,Monday,"New World New Lynn,Pak 'n Save Mangere",16,59.5,288,347.5,770.0,137.5,710.39,1480.39,2
Mon_00864,Monday,"Four Square St Heliers,New World Long Bay",11,149.5,198,347.5,770.0,137.5,710.56,1480.56,2
Mon_00865,Monday,"New World Mt Albert,New World Devonport",14,95.5,252,347.5,770.0,137.5,710.61,1480.61,2
Mon_00866,Monday,"Four Square Eden Terrace,New World Victoria Park,Four Square Britomart",16,59.6,288,347.6,770.0,137.6,710.93,1480.93,3
Mon_00867,Monday,"Four Square Remuera,Pak 'n Save Botany",14,95.8,252,347.8,770.0,137.8,712.02,1482.02,2
Mon_00868,Monday,"New World Green Bay,New World Howick",13,113.8,234,347.8,770.0,137.8,712.13,1482.13,2
Mon_00869,Monday,"Four Square Botany Junction,New World Albany",12,132.0,216,348.0,770.0,138.0,712.91,1482.91,2
Mon_00870,Monday,"New World New Lynn,New World Long Bay",13,114.2,234,348.2,770.0,138.2,714.28,1484.28,2
Mon_00871,Monday,"Four Square Fair Price Henderson,Pak 'n Save Sylvia Park",14,96.3,252,348.3,770.0,138.3,714.3,1484.3,2
Mon_00872,Monday,"New World Point Chevalier,New World Birkenhead",15,78.4,270,348.4,770.0,138.4,714.94,1484.94,2
Mon_00873,Monday,"Pak 'n Save Wairau Road,New World Milford",15,78.5,270,348.5,770.0,138.5,715.46,1485.46,2
Mon_00874,Monday,"New World Papatoetoe,New World Stonefields",15,78.6,270,348.6,770.0,138.6,716.16,1486.16,2
Mon_00875,Monday,"New World Green Bay,Pak 'n Save Manukau",15,78.9,270,348.9,770.0,138.9,717.5,1487.5,2
Mon_00876,Monday,"New World Stonefields,New World Eastridge",15,78.9,270,348.9,770.0,138.9,717.58,1487.58,2
Mon_00877,Monday,"Four Square Eden Terrace,New World Newmarket,New World Metro Queen St",16,61.0,288,349.0,770.0,139.0,717.92,1487.92,3
Mon_00878,Monday,"Four Square Cockle Bay,New World Browns Bay",11,151.0,198,349.0,770.0,139.0,718.08,1488.08,2
Mon_00879,Monday,"New World Papakura,Four Square Cockle Bay",12,133.0,216,349.0,770.0,139.0,718.11,1488.11,2
Mon_00880,Monday,"New World Mt Albert,New World Milford",15,79.2,270,349.2,770.0,139.2,719.15,1489.15,2
Mon_00881,Monday,"Four Square Eden Terrace,Four Square Britomart,New World Eastridge",15,79.3,270,349.3,770.0,139.3,719.48,1489.48,3
Mon_00882,Monday,"New World Papatoetoe,Four Square Torbay",12,133.3,216,349.3,770.0,139.3,719.63,1489.63,2
Mon_00883,Monday,"New World Green Bay,Pak 'n Save Mangere",16,61.6,288,349.6,770.0,139.6,721.19,1491.19,2
Mon_00884,Monday,"Pak 'n Save Henderson,Four Square Hobsonville",15,79.8,270,349.8,770.0,139.8,722.3,1492.3,2
Mon_00885,Monday,"Four Square Pakuranga Heights,Pak 'n Save Clendon",14,97.9,252,349.9,770.0,139.9,722.72,1492.72,2
Mon_00886,Monday,"Four Square Britomart,Pak 'n Save Ormiston",14,98.0,252,350.0,770.0,140.0,723.27,1493.27,2
Mon_00887,Monday,"Four Square Eden Terrace,Four Square Ellerslie,New World Eastridge",15,80.1,270,350.1,770.0,140.1,723.8,1493.8,3
Mon_00888,Monday,"New World Metro Queen St,Pak 'n Save Henderson",15,80.8,270,350.8,770.0,140.8,727.34,1497.34,2
Mon_00889,Monday,"Four Square Eden Terrace,New World Remuera,Four Square Remuera",16,63.0,288,351.0,770.0,141.0,728.66,1498.66,3
Mon_00890,Monday,"Four Square Britomart,Pak 'n Save Botany",14,99.1,252,351.1,770.0,141.1,728.78,1498.78,2
Mon_00891,Monday,"New World Newmarket,New World Birkenhead",15,81.1,270,351.1,770.0,141.1,728.86,1498.86,2
Mon_00892,Monday,"New World Point Chevalier,New World Devonport",14,99.7,252,351.7,770.0,141.7,732.36,1502.36,2
Mon_00893,Monday,"New World Howick,Four Square Torbay",11,153.8,198,351.8,770.0,141.8,732.61,1502.61,2
Mon_00894,Monday,"Four Square Onehunga,Pak 'n Save Highland Park",15,81.9,270,351.9,770.0,141.9,733.34,1503.34,2
Mon_00895,Monday,"New World Victoria Park,New World Metro Queen St,New World Metro Shore City",15,82.5,270,352.5,770.0,142.5,736.13,1506.13,3
Mon_00896,Monday,"New World Mt Albert,New World Southmall",15,82.5,270,352.5,770.0,142.5,736.26,1506.26,2
Mon_00897,Monday,"Pak 'n Save Botany,Four Square Cockle Bay",14,100.6,252,352.6,770.0,142.6,736.71,1506.71,2
Mon_00898,Monday,"New World Metro Shore City,Pak 'n Save Ormiston",13,118.7,234,352.7,770.0,142.7,737.2,1507.2,2
Mon_00899,Monday,"New World Newmarket,New World Southmall",15,82.7,270,352.7,770.0,142.7,737.4,1507.4,2
Mon_00900,Monday,"New World Metro Shore City,New World Long Bay,Four Square Torbay",13,118.7,234,352.7,770.0,142.7,737.52,1507.52,3
Mon_00901,Monday,"New World Birkenhead,Pak 'n Save Wairau Road",15,82.7,270,352.7,770.0,142.7,737.54,1507.54,2
Mon_00902,Monday,"New World Victoria Park,New World Metro Shore City,Four Square Lancaster",14,100.8,252,352.8,770.0,142.8,737.65,1507.65,3
Mon_00903,Monday,"New World Stonefields,New World Birkenhead",14,101.0,252,353.0,770.0,143.0,738.9,1508.9,2
Mon_00904,Monday,"Pak 'n Save Mangere,Four Square St Heliers",14,101.0,252,353.0,770.0,143.0,739.0,1509.0,2
Mon_00905,Monday,"New World Southmall,New World Ormiston",15,83.1,270,353.1,770.0,143.1,739.51,1509.51,2
Mon_00906,Monday,"New World Metro Queen St,Four Square Remuera,New World Eastridge",15,83.1,270,353.1,770.0,143.1,739.6,1509.6,3
Mon_00907,Monday,"New World Point Chevalier,New World Milford",15,83.4,270,353.4,770.0,143.4,740.9,1510.9,2
Mon_00908,Monday,"Pak 'n Save Glen Innes,Four Square Cockle Bay",13,119.5,234,353.5,770.0,143.5,741.19,1511.19,2
Mon_00909,Monday,"Pak 'n Save Papakura,Four Square Lancaster",12,137.6,216,353.6,770.0,143.6,741.78,1511.78,2
Mon_00910,Monday,"New World New Lynn,Pak 'n Save Westgate",16,65.6,288,353.6,770.0,143.6,742.01,1512.01,2
Mon_00911,Monday,"New World Metro Shore City,Pak 'n Save Botany",13,119.8,234,353.8,770.0,143.8,742.71,1512.71,2
Mon_00912,Monday,"Pak 'n Save Papakura,Four Square St Heliers",13,119.8,234,353.8,770.0,143.8,743.17,1513.17,2
Mon_00913,Monday,"Pak 'n Save Clendon,Four Square Botany Junction",15,84.3,270,354.3,770.0,144.3,745.71,1515.71,2
Mon_00914,Monday,"New World Newmarket,New World Devonport",14,102.4,252,354.4,770.0,144.4,746.28,1516.28,2
Mon_00915,Monday,"New World Green Bay,New World Long Bay",13,121.1,234,355.1,770.0,145.1,749.86,1519.86,2
Mon_00916,Monday,"Four Square Eden Terrace,New World Remuera,Four Square Ellerslie",16,67.2,288,355.2,770.0,145.2,750.35,1520.35,3
Mon_00917,Monday,"New World Mt Roskill,New World Long Bay",14,103.3,252,355.3,770.0,145.3,750.75,1520.75,2
Mon_00918,Monday,"New World Eastridge,Four Square Torbay",12,139.5,216,355.5,770.0,145.5,751.6,1521.6,2
Mon_00919,Monday,"Four Square Remuera,New World Eastridge,Four Square St Heliers",15,85.5,270,355.5,770.0,145.5,751.88,1521.88,3
Mon_00920,Monday,"New World Stonefields,New World Howick",14,103.5,252,355.5,770.0,145.5,751.97,1521.97,2
Mon_00921,Monday,"New World Metro Queen St,Four Square Britomart,New World Remuera",16,67.7,288,355.7,770.0,145.7,752.63,1522.63,3
Mon_00922,Monday,"New World Remuera,Four Square Torbay",13,121.8,234,355.8,770.0,145.8,753.32,1523.32,2
Mon_00923,Monday,"Pak 'n Save Lincoln Road,New World Hobsonville",16,68.0,288,356.0,770.0,146.0,754.08,1524.08,2
Mon_00924,Monday,"New World Mt Albert,New World Hobsonville",16,68.1,288,356.1,770.0,146.1,754.75,1524.75,2
Mon_00925,Monday,"New World Newmarket,New World Milford",15,86.1,270,356.1,770.0,146.1,754.82,1524.82,2
Mon_00926,Monday,"New World Papakura,Four Square Lancaster",12,140.3,216,356.3,770.0,146.3,756.07,1526.07,2
Mon_00927,Monday,"New World Stonefields,New World Devonport",13,122.4,234,356.4,770.0,146.4,756.32,1526.32,2
Mon_00928,Monday,"New World Remuera,New World Stonefields",16,68.5,288,356.5,770.0,146.5,757.06,1527.06,2
Mon_00929,Monday,"New World Point Chevalier,New World Southmall",15,87.0,270,357.0,770.0,147.0,759.43,1529.43,2
Mon_00930,Monday,"Four Square Britomart,New World Eastridge,Four Square St Heliers",15,87.4,270,357.4,770.0,147.4,761.57,1531.57,3
Mon_00931,Monday,"Pak 'n Save Wairau Road,New World Devonport",14,105.5,252,357.5,770.0,147.5,761.99,1531.99,2
Mon_00932,Monday,"New World Metro Queen St,New World Remuera,Four Square Remuera",16,69.6,288,357.6,770.0,147.6,762.37,1532.37,3
Mon_00933,Monday,"Four Square Hobsonville,New World Botany",13,123.9,234,357.9,770.0,147.9,764.25,1534.25,2
Mon_00934,Monday,"New World Mt Albert,New World Papatoetoe",16,70.0,288,358.0,770.0,148.0,764.84,1534.84,2
Mon_00935,Monday,"New World Stonefields,New World Milford",14,106.0,252,358.0,770.0,148.0,764.85,1534.85,2
Mon_00936,Monday,"Pak 'n Save Ormiston,Four Square Cockle Bay",14,106.2,252,358.2,770.0,148.2,765.7,1535.7,2
Mon_00937,Monday,"New World Newmarket,Pak 'n Save Lincoln Road",16,70.3,288,358.3,770.0,148.3,766.29,1536.29,2
Mon_00938,Monday,"Four Square St Heliers,New World Browns Bay",12,142.5,216,358.5,770.0,148.5,767.01,1537.01,2
Mon_00939,Monday,"Pak 'n Save Manukau,New World Southmall",16,70.9,288,358.9,770.0,148.9,769.27,1539.27,2
Mon_00940,Monday,"Four Square Cockle Bay,Pak 'n Save Albany",12,143.1,216,359.1,770.0,149.1,770.4,1540.4,2
Mon_00941,Monday,"Pak 'n Save Sylvia Park,Four Square Cockle Bay",14,107.1,252,359.1,770.0,149.1,770.56,1540.56,2
Mon_00942,Monday,"New World New Lynn,New World Browns Bay",14,107.2,252,359.2,770.0,149.2,770.73,1540.73,2
Mon_00943,Monday,"Pak 'n Save Mt Albert,New World Stonefields",16,71.2,288,359.2,770.0,149.2,771.11,1541.11,2
Mon_00944,Monday,"New World Southmall,New World Howick",14,107.3,252,359.3,770.0,149.3,771.31,1541.31,2
Mon_00945,Monday,"Four Square Lancaster,Pak 'n Save Glen Innes",13,125.5,234,359.5,770.0,149.5,772.42,1542.42,2
Mon_00946,Monday,"New World Point Chevalier,New World Hobsonville",16,71.7,288,359.7,770.0,149.7,773.52,1543.52,2
Mon_00947,Monday,"Four Square Britomart,New World Metro Shore City,Pak 'n Save Albany",14,108.9,252,360.9,770.0,150.9,779.71,1549.71,3
Mon_00948,Monday,"New World Mt Albert,New World Eastridge",16,73.0,288,361.0,770.0,151.0,780.14,1550.14,2
Mon_00949,Monday,"New World Point Chevalier,New World Papatoetoe",16,75.6,288,363.6,770.0,153.6,793.36,1563.36,2
Mon_00950,Monday,"Four Square Botany Junction,Pak 'n Save Highland Park",15,95.1,270,365.1,770.0,155.1,801.52,1571.52,2
Mon_00951,Monday,"Pak 'n Save Westgate,Four Square Cockle Bay",13,131.8,234,365.8,770.0,155.8,804.75,1574.75,2
Mon_00952,Monday,"New World Mt Albert,New World Howick",15,99.1,270,369.1,770.0,159.1,821.76,1591.76,2
