RouteID,Weekday,Stores,Pallets,DriveMin,UnloadMin,TotalMin,BaseCost,OvertimeMin,OvertimeCost,TotalCost,NStops
Sat_00001,Saturday,New World Mt Roskill,2,6.5,36,42.5,156.0,0.0,0.0,156.0,1
Sat_00002,Saturday,Four Square Onehunga,1,25.9,18,43.9,160.99,0.0,0.0,160.99,1
Sat_00003,Saturday,Four Square Eden Terrace,1,39.5,18,57.5,210.99,0.0,0.0,210.99,1
Sat_00004,Saturday,Four Square Glen Eden,1,42.8,18,60.8,222.77,0.0,0.0,222.77,1
Sat_00005,Saturday,Four Square Fair Price Henderson,1,54.2,18,72.2,264.8,0.0,0.0,264.8,1
Sat_00006,Saturday,Four Square Ellerslie,1,56.7,18,74.7,273.8,0.0,0.0,273.8,1
Sat_00007,Saturday,Four Square Remuera,1,56.8,18,74.8,274.32,0.0,0.0,274.32,1
Sat_00008,Saturday,New World Mt Albert,3,24.2,54,78.2,286.84,0.0,0.0,286.84,1
Sat_00009,Saturday,Four Square Hobsonville,1,61.9,18,79.9,292.94,0.0,0.0,292.94,1
Sat_00010,Saturday,"New World Mt Roskill,Four Square Onehunga",3,26.6,54,80.6,295.53,0.0,0.0,295.53,2
Sat_00011,Saturday,New World New Lynn,3,27.7,54,81.7,299.55,0.0,0.0,299.55,1
Sat_00012,Saturday,New World Green Bay,3,28.8,54,82.8,303.45,0.0,0.0,303.45,1
Sat_00013,Saturday,"Four Square Onehunga,Four Square Eden Terrace",2,47.2,36,83.2,305.04,0.0,0.0,305.04,2
Sat_00014,Saturday,New World Metro Queen St,2,47.6,36,83.6,306.37,0.0,0.0,306.37,1
Sat_00015,Saturday,Four Square Botany Junction,1,67.3,18,85.3,312.95,0.0,0.0,312.95,1
Sat_00016,Saturday,New World Metro Shore City,1,68.9,18,86.9,318.71,0.0,0.0,318.71,1
Sat_00017,Saturday,"Four Square Onehunga,Four Square Ellerslie",2,51.4,36,87.4,320.49,0.0,0.0,320.49,2
Sat_00018,Saturday,New World Point Chevalier,3,34.7,54,88.7,325.37,0.0,0.0,325.37,1
Sat_00019,Saturday,"Four Square Onehunga,Four Square Remuera",2,53.2,36,89.2,327.02,0.0,0.0,327.02,2
Sat_00020,Saturday,New World Remuera,2,53.8,36,89.8,329.41,0.0,0.0,329.41,1
Sat_00021,Saturday,"New World Mt Roskill,Four Square Eden Terrace",3,40.2,54,94.2,345.52,0.0,0.0,345.52,2
Sat_00022,Saturday,"Four Square Ellerslie,Four Square Remuera",2,60.3,36,96.3,353.02,0.0,0.0,353.02,2
Sat_00023,Saturday,"Four Square Eden Terrace,Four Square Ellerslie",2,61.2,36,97.2,356.43,0.0,0.0,356.43,2
Sat_00024,Saturday,"Four Square Eden Terrace,Four Square Remuera",2,61.3,36,97.3,356.94,0.0,0.0,356.94,2
Sat_00025,Saturday,Four Square St Heliers,1,80.0,18,98.0,359.2,0.0,0.0,359.2,1
Sat_00026,Saturday,"Four Square Onehunga,Four Square Glen Eden",2,62.0,36,98.0,359.46,0.0,0.0,359.46,2
Sat_00027,Saturday,Four Square Lancaster,1,80.8,18,98.8,362.13,0.0,0.0,362.13,1
Sat_00028,Saturday,"New World Mt Roskill,Four Square Glen Eden",3,44.9,54,98.9,362.57,0.0,0.0,362.57,2
Sat_00029,Saturday,New World Newmarket,3,45.6,54,99.6,365.13,0.0,0.0,365.13,1
Sat_00030,Saturday,New World Victoria Park,3,46.5,54,100.5,368.58,0.0,0.0,368.58,1
Sat_00031,Saturday,"Four Square Glen Eden,Four Square Fair Price Henderson",2,66.4,36,102.4,375.32,0.0,0.0,375.32,2
Sat_00032,Saturday,New World Papatoetoe,3,50.8,54,104.8,384.14,0.0,0.0,384.14,1
Sat_00033,Saturday,"Four Square Onehunga,Four Square Fair Price Henderson",2,69.2,36,105.2,385.68,0.0,0.0,385.68,2
Sat_00034,Saturday,"Four Square Eden Terrace,New World Metro Queen St",3,51.3,54,105.3,385.93,0.0,0.0,385.93,2
Sat_00035,Saturday,"Four Square Eden Terrace,Four Square Glen Eden",2,69.3,36,105.3,385.97,0.0,0.0,385.97,2
Sat_00036,Saturday,"Four Square Onehunga,New World Remuera",3,51.3,54,105.3,386.25,0.0,0.0,386.25,2
Sat_00037,Saturday,"Four Square Eden Terrace,Four Square Fair Price Henderson",2,71.1,36,107.1,392.81,0.0,0.0,392.81,2
Sat_00038,Saturday,Four Square Pakuranga Heights,2,71.4,36,107.4,393.68,0.0,0.0,393.68,1
Sat_00039,Saturday,"Four Square Onehunga,New World Metro Queen St",3,54.4,54,108.4,397.5,0.0,0.0,397.5,2
Sat_00040,Saturday,"New World Mt Roskill,Four Square Fair Price Henderson",3,54.9,54,108.9,399.33,0.0,0.0,399.33,2
Sat_00041,Saturday,"Four Square Onehunga,Four Square Ellerslie,Four Square Remuera",3,55.0,54,109.0,399.71,0.0,0.0,399.71,3
Sat_00042,Saturday,"Four Square Onehunga,Four Square Ellerslie,Four Square Eden Terrace",3,55.0,54,109.0,399.76,0.0,0.0,399.76,3
Sat_00043,Saturday,"Four Square Onehunga,Four Square Botany Junction",2,74.5,36,110.5,405.24,0.0,0.0,405.24,2
Sat_00044,Saturday,"Four Square Onehunga,Four Square St Heliers",2,75.2,36,111.2,407.57,0.0,0.0,407.57,2
Sat_00045,Saturday,"Four Square Fair Price Henderson,Four Square Hobsonville",2,75.2,36,111.2,407.74,0.0,0.0,407.74,2
Sat_00046,Saturday,"New World Mt Roskill,Four Square Ellerslie",3,57.4,54,111.4,408.34,0.0,0.0,408.34,2
Sat_00047,Saturday,"New World Mt Roskill,Four Square Remuera",3,57.5,54,111.5,408.85,0.0,0.0,408.85,2
Sat_00048,Saturday,Pak 'n Save Mt Albert,5,21.7,90,111.7,409.4,0.0,0.0,409.4,1
Sat_00049,Saturday,"Four Square Eden Terrace,New World Remuera",3,58.4,54,112.4,412.03,0.0,0.0,412.03,2
Sat_00050,Saturday,"New World Remuera,Four Square Remuera",3,58.5,54,112.5,412.49,0.0,0.0,412.49,2
Sat_00051,Saturday,"New World Mt Albert,Four Square Eden Terrace",4,40.6,72,112.6,412.85,0.0,0.0,412.85,2
Sat_00052,Saturday,"Four Square Onehunga,Four Square Hobsonville",2,76.9,36,112.9,413.81,0.0,0.0,413.81,2
Sat_00053,Saturday,"Four Square Onehunga,New World Metro Shore City",2,77.6,36,113.6,416.36,0.0,0.0,416.36,2
Sat_00054,Saturday,"Four Square Eden Terrace,Four Square Hobsonville",2,78.8,36,114.8,420.95,0.0,0.0,420.95,2
Sat_00055,Saturday,"New World Mt Roskill,New World Mt Albert",5,24.9,90,114.9,421.37,0.0,0.0,421.37,2
Sat_00056,Saturday,New World Hobsonville,3,61.5,54,115.5,423.49,0.0,0.0,423.49,1
Sat_00057,Saturday,"Four Square Remuera,Four Square St Heliers",2,80.6,36,116.6,427.35,0.0,0.0,427.35,2
Sat_00058,Saturday,"Four Square Eden Terrace,New World Metro Shore City",2,80.6,36,116.6,427.43,0.0,0.0,427.43,2
Sat_00059,Saturday,"New World Mt Roskill,Four Square Hobsonville",3,62.6,54,116.6,427.47,0.0,0.0,427.47,2
Sat_00060,Saturday,"New World Remuera,Four Square Ellerslie",3,62.7,54,116.7,427.88,0.0,0.0,427.88,2
Sat_00061,Saturday,"New World Mt Albert,Four Square Onehunga",4,45.2,72,117.2,429.65,0.0,0.0,429.65,2
Sat_00062,Saturday,New World Southmall,3,63.2,54,117.2,429.85,0.0,0.0,429.85,1
Sat_00063,Saturday,"Four Square Ellerslie,Four Square St Heliers",2,81.4,36,117.4,430.55,0.0,0.0,430.55,2
Sat_00064,Saturday,"New World New Lynn,Four Square Glen Eden",4,46.0,72,118.0,432.7,0.0,0.0,432.7,2
Sat_00065,Saturday,"New World Green Bay,Four Square Glen Eden",4,46.1,72,118.1,432.92,0.0,0.0,432.92,2
Sat_00066,Saturday,"Four Square Onehunga,New World New Lynn",4,46.2,72,118.2,433.24,0.0,0.0,433.24,2
Sat_00067,Saturday,"Four Square Glen Eden,Four Square Hobsonville",2,82.4,36,118.4,434.18,0.0,0.0,434.18,2
Sat_00068,Saturday,"Four Square Eden Terrace,Four Square Ellerslie,Four Square Remuera",3,64.8,54,118.8,435.65,0.0,0.0,435.65,3
Sat_00069,Saturday,"Four Square Ellerslie,Four Square Botany Junction",2,83.5,36,119.5,438.04,0.0,0.0,438.04,2
Sat_00070,Saturday,"New World Point Chevalier,Four Square Eden Terrace",4,47.5,72,119.5,438.12,0.0,0.0,438.12,2
Sat_00071,Saturday,New World Stonefields,3,65.5,54,119.5,438.25,0.0,0.0,438.25,1
Sat_00072,Saturday,"New World Mt Roskill,New World New Lynn",5,29.8,90,119.8,439.35,0.0,0.0,439.35,2
Sat_00073,Saturday,"Four Square Eden Terrace,Four Square Botany Junction",2,84.0,36,120.0,440.04,0.0,0.0,440.04,2
Sat_00074,Saturday,"Four Square Onehunga,New World Green Bay",4,48.0,72,120.0,440.14,0.0,0.0,440.14,2
Sat_00075,Saturday,"New World Mt Roskill,New World Metro Queen St",4,48.2,72,120.2,440.91,0.0,0.0,440.91,2
Sat_00076,Saturday,"Four Square Eden Terrace,Four Square St Heliers",2,84.5,36,120.5,441.82,0.0,0.0,441.82,2
Sat_00077,Saturday,"Four Square Onehunga,New World Newmarket",4,48.6,72,120.6,442.37,0.0,0.0,442.37,2
Sat_00078,Saturday,"New World Mt Roskill,New World Green Bay",5,30.9,90,120.9,443.25,0.0,0.0,443.25,2
Sat_00079,Saturday,"Four Square Onehunga,New World Point Chevalier",4,49.7,72,121.7,446.24,0.0,0.0,446.24,2
Sat_00080,Saturday,"New World Metro Queen St,Four Square Ellerslie",3,67.7,54,121.7,446.35,0.0,0.0,446.35,2
Sat_00081,Saturday,"New World Metro Queen St,Four Square Remuera",3,67.9,54,121.9,446.86,0.0,0.0,446.86,2
Sat_00082,Saturday,"New World Mt Roskill,Four Square Botany Junction",3,68.0,54,122.0,447.48,0.0,0.0,447.48,2
Sat_00083,Saturday,"Four Square Eden Terrace,New World Newmarket",4,50.1,72,122.1,447.75,0.0,0.0,447.75,2
Sat_00084,Saturday,Four Square Torbay,1,104.3,18,122.3,448.34,0.0,0.0,448.34,1
Sat_00085,Saturday,"Four Square Glen Eden,Four Square Ellerslie",2,86.6,36,122.6,449.41,0.0,0.0,449.41,2
Sat_00086,Saturday,"Four Square Glen Eden,Four Square Remuera",2,86.7,36,122.7,449.92,0.0,0.0,449.92,2
Sat_00087,Saturday,New World Eastridge,3,69.3,54,123.3,451.94,0.0,0.0,451.94,1
Sat_00088,Saturday,"Four Square Fair Price Henderson,Four Square Ellerslie",2,87.4,36,123.4,452.58,0.0,0.0,452.58,2
Sat_00089,Saturday,"Four Square Fair Price Henderson,Four Square Remuera",2,87.6,36,123.6,453.1,0.0,0.0,453.1,2
Sat_00090,Saturday,"New World Mt Roskill,New World Metro Shore City",3,69.6,54,123.6,453.24,0.0,0.0,453.24,2
Sat_00091,Saturday,"Four Square Eden Terrace,New World Victoria Park",4,52.3,72,124.3,455.68,0.0,0.0,455.68,2
Sat_00092,Saturday,New World Birkenhead,3,70.4,54,124.4,456.24,0.0,0.0,456.24,1
Sat_00093,Saturday,"Four Square Remuera,Four Square Botany Junction",2,88.5,36,124.5,456.39,0.0,0.0,456.39,2
Sat_00094,Saturday,"Four Square Onehunga,Four Square Lancaster",2,89.4,36,125.4,459.78,0.0,0.0,459.78,2
Sat_00095,Saturday,"New World Mt Roskill,New World Point Chevalier",5,35.4,90,125.4,459.9,0.0,0.0,459.9,2
Sat_00096,Saturday,"New World Mt Roskill,Four Square Onehunga,Four Square Remuera",4,53.9,72,125.9,461.55,0.0,0.0,461.55,3
Sat_00097,Saturday,New World Ormiston,3,72.3,54,126.3,463.02,0.0,0.0,463.02,1
Sat_00098,Saturday,"New World Mt Roskill,New World Remuera",4,54.5,72,126.5,463.94,0.0,0.0,463.94,2
Sat_00099,Saturday,"Four Square Ellerslie,New World Metro Shore City",2,90.7,36,126.7,464.4,0.0,0.0,464.4,2
Sat_00100,Saturday,"Four Square Remuera,New World Metro Shore City",2,90.8,36,126.8,464.91,0.0,0.0,464.91,2
Sat_00101,Saturday,"Four Square Onehunga,New World Victoria Park",4,55.4,72,127.4,467.14,0.0,0.0,467.14,2
Sat_00102,Saturday,"Four Square Hobsonville,New World Metro Shore City",2,91.4,36,127.4,467.29,0.0,0.0,467.29,2
Sat_00103,Saturday,"New World New Lynn,Four Square Eden Terrace",4,56.0,72,128.0,469.23,0.0,0.0,469.23,2
Sat_00104,Saturday,"Four Square Onehunga,Four Square Pakuranga Heights",3,74.0,54,128.0,469.32,0.0,0.0,469.32,2
Sat_00105,Saturday,"Four Square Onehunga,New World Remuera,Four Square Remuera",4,56.0,72,128.0,469.33,0.0,0.0,469.33,3
Sat_00106,Saturday,"New World Mt Albert,Four Square Glen Eden",4,56.3,72,128.3,470.45,0.0,0.0,470.45,2
Sat_00107,Saturday,"Four Square Eden Terrace,Four Square Lancaster",2,92.4,36,128.4,470.85,0.0,0.0,470.85,2
Sat_00108,Saturday,New World Milford,3,75.5,54,129.5,474.66,0.0,0.0,474.66,1
Sat_00109,Saturday,"Four Square Onehunga,New World Papatoetoe",4,57.9,72,129.9,476.43,0.0,0.0,476.43,2
Sat_00110,Saturday,"New World Green Bay,Four Square Eden Terrace",4,58.1,72,130.1,476.89,0.0,0.0,476.89,2
Sat_00111,Saturday,"Four Square Onehunga,Four Square Ellerslie,Four Square Remuera,Four Square Eden Terrace",4,58.6,72,130.6,478.98,0.0,0.0,478.98,4
Sat_00112,Saturday,"Four Square Glen Eden,New World Metro Queen St",3,77.4,54,131.4,481.98,0.0,0.0,481.98,2
Sat_00113,Saturday,"New World Metro Shore City,Four Square Lancaster",2,95.5,36,131.5,482.07,0.0,0.0,482.07,2
Sat_00114,Saturday,New World Browns Bay,2,95.5,36,131.5,482.32,0.0,0.0,482.32,1
Sat_00115,Saturday,"New World Metro Queen St,New World Metro Shore City",3,77.9,54,131.9,483.68,0.0,0.0,483.68,2
Sat_00116,Saturday,"Four Square Ellerslie,Four Square Hobsonville",2,95.9,36,131.9,483.76,0.0,0.0,483.76,2
Sat_00117,Saturday,"Four Square Remuera,Four Square Hobsonville",2,96.1,36,132.1,484.27,0.0,0.0,484.27,2
Sat_00118,Saturday,"New World Newmarket,Four Square Ellerslie",4,60.4,72,132.4,485.3,0.0,0.0,485.3,2
Sat_00119,Saturday,"New World Mt Albert,Four Square Ellerslie",4,60.4,72,132.4,485.51,0.0,0.0,485.51,2
Sat_00120,Saturday,"New World Newmarket,Four Square Remuera",4,60.5,72,132.5,485.82,0.0,0.0,485.82,2
Sat_00121,Saturday,"New World Mt Albert,Four Square Remuera",4,60.6,72,132.6,486.02,0.0,0.0,486.02,2
Sat_00122,Saturday,"Four Square Onehunga,New World Stonefields",4,60.7,72,132.7,486.62,0.0,0.0,486.62,2
Sat_00123,Saturday,"New World Mt Albert,Four Square Fair Price Henderson",4,60.8,72,132.8,486.95,0.0,0.0,486.95,2
Sat_00124,Saturday,"Four Square Pakuranga Heights,Four Square Botany Junction",3,78.8,54,132.8,486.97,0.0,0.0,486.97,2
Sat_00125,Saturday,"New World Metro Queen St,Four Square Fair Price Henderson",3,79.1,54,133.1,488.19,0.0,0.0,488.19,2
Sat_00126,Saturday,"Four Square Hobsonville,Four Square Lancaster",2,97.6,36,133.6,489.87,0.0,0.0,489.87,2
Sat_00127,Saturday,"New World Point Chevalier,Four Square Glen Eden",4,61.9,72,133.9,490.79,0.0,0.0,490.79,2
Sat_00128,Saturday,New World Botany,3,79.9,54,133.9,490.82,0.0,0.0,490.82,1
Sat_00129,Saturday,"Four Square Fair Price Henderson,New World Metro Shore City",2,98.4,36,134.4,492.68,0.0,0.0,492.68,2
Sat_00130,Saturday,New World Papakura,3,80.6,54,134.6,493.63,0.0,0.0,493.63,1
Sat_00131,Saturday,"New World Mt Roskill,Four Square St Heliers",3,80.7,54,134.7,493.73,0.0,0.0,493.73,2
Sat_00132,Saturday,"Four Square Glen Eden,New World Metro Shore City",2,98.8,36,134.8,494.32,0.0,0.0,494.32,2
Sat_00133,Saturday,"New World Hobsonville,Four Square Hobsonville",4,62.9,72,134.9,494.51,0.0,0.0,494.51,2
Sat_00134,Saturday,Pak 'n Save Royal Oak,6,26.9,108,134.9,494.61,0.0,0.0,494.61,1
Sat_00135,Saturday,"Four Square Eden Terrace,New World Remuera,Four Square Remuera",4,63.0,72,135.0,495.12,0.0,0.0,495.12,3
Sat_00136,Saturday,"New World Mt Roskill,Four Square Lancaster",3,81.5,54,135.5,496.67,0.0,0.0,496.67,2
Sat_00137,Saturday,"New World Remuera,Four Square St Heliers",3,81.5,54,135.5,496.99,0.0,0.0,496.99,2
Sat_00138,Saturday,"New World Mt Roskill,New World Newmarket",5,46.3,90,136.3,499.66,0.0,0.0,499.66,2
Sat_00139,Saturday,"New World Point Chevalier,Four Square Fair Price Henderson",4,64.4,72,136.4,500.27,0.0,0.0,500.27,2
Sat_00140,Saturday,"New World Remuera,Four Square Remuera,Four Square Ellerslie",4,64.6,72,136.6,500.91,0.0,0.0,500.91,3
Sat_00141,Saturday,"New World Point Chevalier,Four Square Ellerslie",4,64.6,72,136.6,500.94,0.0,0.0,500.94,2
Sat_00142,Saturday,"New World Point Chevalier,Four Square Remuera",4,64.8,72,136.8,501.45,0.0,0.0,501.45,2
Sat_00143,Saturday,"New World Metro Queen St,New World Remuera",4,64.9,72,136.9,501.95,0.0,0.0,501.95,2
Sat_00144,Saturday,"New World Mt Roskill,New World Victoria Park",5,47.2,90,137.2,503.12,0.0,0.0,503.12,2
Sat_00145,Saturday,"New World Metro Queen St,Four Square St Heliers",3,83.5,54,137.5,504.32,0.0,0.0,504.32,2
Sat_00146,Saturday,"Four Square Glen Eden,New World Remuera",3,83.7,54,137.7,505.02,0.0,0.0,505.02,2
Sat_00147,Saturday,"New World New Lynn,Four Square Fair Price Henderson",4,65.9,72,137.9,505.45,0.0,0.0,505.45,2
Sat_00148,Saturday,"Four Square Ellerslie,Four Square Remuera,Four Square St Heliers",3,84.0,54,138.0,506.06,0.0,0.0,506.06,3
Sat_00149,Saturday,"Four Square Onehunga,New World Eastridge",4,66.2,72,138.2,506.83,0.0,0.0,506.83,2
Sat_00150,Saturday,"Four Square Ellerslie,Four Square Lancaster",2,102.5,36,138.5,507.83,0.0,0.0,507.83,2
Sat_00151,Saturday,"Four Square Fair Price Henderson,New World Remuera",3,84.6,54,138.6,508.19,0.0,0.0,508.19,2
Sat_00152,Saturday,"Four Square Remuera,Four Square Lancaster",2,102.6,36,138.6,508.34,0.0,0.0,508.34,2
Sat_00153,Saturday,"Four Square Ellerslie,Four Square Pakuranga Heights",3,84.8,54,138.8,509.07,0.0,0.0,509.07,2
Sat_00154,Saturday,"Four Square Ellerslie,New World Stonefields",4,67.0,72,139.0,509.6,0.0,0.0,509.6,2
Sat_00155,Saturday,"Four Square Eden Terrace,New World Remuera,Four Square Ellerslie",4,67.2,72,139.2,510.51,0.0,0.0,510.51,3
Sat_00156,Saturday,"Four Square Eden Terrace,Four Square Pakuranga Heights",3,85.4,54,139.4,511.07,0.0,0.0,511.07,2
Sat_00157,Saturday,"New World Remuera,Four Square Botany Junction",3,85.5,54,139.5,511.49,0.0,0.0,511.49,2
Sat_00158,Saturday,New World Howick,3,85.8,54,139.8,512.72,0.0,0.0,512.72,1
Sat_00159,Saturday,"New World Green Bay,Four Square Fair Price Henderson",4,67.9,72,139.9,513.12,0.0,0.0,513.12,2
Sat_00160,Saturday,"Four Square Remuera,New World Stonefields",4,68.1,72,140.1,513.77,0.0,0.0,513.77,2
Sat_00161,Saturday,"Four Square Glen Eden,Four Square Botany Junction",2,104.3,36,140.3,514.33,0.0,0.0,514.33,2
Sat_00162,Saturday,"New World Mt Albert,Four Square Hobsonville",4,68.5,72,140.5,515.08,0.0,0.0,515.08,2
Sat_00163,Saturday,"New World Mt Roskill,Four Square Glen Eden,Four Square Fair Price Henderson",4,68.5,72,140.5,515.12,0.0,0.0,515.12,3
Sat_00164,Saturday,"Four Square Fair Price Henderson,Four Square Lancaster",2,104.5,36,140.5,515.25,0.0,0.0,515.25,2
Sat_00165,Saturday,"New World Metro Queen St,Four Square Hobsonville",3,86.8,54,140.8,516.33,0.0,0.0,516.33,2
Sat_00166,Saturday,"New World Mt Albert,New World Metro Queen St",5,51.3,90,141.3,518.07,0.0,0.0,518.07,2
Sat_00167,Saturday,"New World Mt Roskill,New World Papatoetoe",5,51.5,90,141.5,518.67,0.0,0.0,518.67,2
Sat_00168,Saturday,"New World Remuera,New World Metro Shore City",3,87.8,54,141.8,520.01,0.0,0.0,520.01,2
Sat_00169,Saturday,"Four Square Eden Terrace,New World Stonefields",4,70.1,72,142.1,520.87,0.0,0.0,520.87,2
Sat_00170,Saturday,"New World Victoria Park,New World Metro Queen St",5,52.1,90,142.1,521.11,0.0,0.0,521.11,2
Sat_00171,Saturday,"Four Square Onehunga,New World Southmall",4,70.4,72,142.4,522.15,0.0,0.0,522.15,2
Sat_00172,Saturday,"New World Papatoetoe,Four Square Botany Junction",4,70.4,72,142.4,522.29,0.0,0.0,522.29,2
Sat_00173,Saturday,"New World Victoria Park,Four Square Ellerslie",4,71.1,72,143.1,524.58,0.0,0.0,524.58,2
Sat_00174,Saturday,"Four Square Botany Junction,Four Square St Heliers",2,107.1,36,143.1,524.75,0.0,0.0,524.75,2
Sat_00175,Saturday,"New World Mt Albert,New World Point Chevalier",6,35.1,108,143.1,524.87,0.0,0.0,524.87,2
Sat_00176,Saturday,"New World Victoria Park,Four Square Remuera",4,71.2,72,143.2,525.1,0.0,0.0,525.1,2
Sat_00177,Saturday,New World Albany,3,89.3,54,143.3,525.33,0.0,0.0,525.33,1
Sat_00178,Saturday,"New World Metro Queen St,Four Square Ellerslie,Four Square Remuera",4,71.3,72,143.3,525.57,0.0,0.0,525.57,3
Sat_00179,Saturday,"Four Square Eden Terrace,New World Metro Queen St,Four Square Ellerslie",4,71.4,72,143.4,525.9,0.0,0.0,525.9,3
Sat_00180,Saturday,"New World Metro Queen St,Four Square Lancaster",3,89.8,54,143.8,527.11,0.0,0.0,527.11,2
Sat_00181,Saturday,"Four Square Remuera,Four Square Pakuranga Heights",3,89.8,54,143.8,527.43,0.0,0.0,527.43,2
Sat_00182,Saturday,"New World New Lynn,New World Green Bay",6,36.0,108,144.0,527.82,0.0,0.0,527.82,2
Sat_00183,Saturday,Pak 'n Save Westgate,5,54.0,90,144.0,527.94,0.0,0.0,527.94,1
Sat_00184,Saturday,"New World Mt Roskill,Four Square Pakuranga Heights",4,72.1,72,144.1,528.21,0.0,0.0,528.21,2
Sat_00185,Saturday,"Four Square Remuera,New World Eastridge",4,72.1,72,144.1,528.33,0.0,0.0,528.33,2
Sat_00186,Saturday,"New World Point Chevalier,Four Square Hobsonville",4,72.1,72,144.1,528.41,0.0,0.0,528.41,2
Sat_00187,Saturday,"New World Papatoetoe,Four Square Ellerslie",4,72.2,72,144.2,528.73,0.0,0.0,528.73,2
Sat_00188,Saturday,"New World Metro Queen St,Four Square Botany Junction",3,90.5,54,144.5,529.95,0.0,0.0,529.95,2
Sat_00189,Saturday,"New World Mt Albert,New World Metro Shore City",4,72.7,72,144.7,530.41,0.0,0.0,530.41,2
Sat_00190,Saturday,"Four Square Eden Terrace,New World Papatoetoe",4,72.9,72,144.9,531.19,0.0,0.0,531.19,2
Sat_00191,Saturday,"New World New Lynn,Four Square Ellerslie",4,73.1,72,145.1,532.04,0.0,0.0,532.04,2
Sat_00192,Saturday,"New World New Lynn,Four Square Remuera",4,73.2,72,145.2,532.55,0.0,0.0,532.55,2
Sat_00193,Saturday,"New World Point Chevalier,New World Metro Queen St",5,55.5,90,145.5,533.51,0.0,0.0,533.51,2
Sat_00194,Saturday,"New World New Lynn,Four Square Hobsonville",4,73.5,72,145.5,533.59,0.0,0.0,533.59,2
Sat_00195,Saturday,"Four Square Botany Junction,New World Ormiston",4,73.6,72,145.6,533.81,0.0,0.0,533.81,2
Sat_00196,Saturday,"Four Square Eden Terrace,New World Eastridge",4,73.8,72,145.8,534.57,0.0,0.0,534.57,2
Sat_00197,Saturday,New World Devonport,3,91.8,54,145.8,534.6,0.0,0.0,534.6,1
Sat_00198,Saturday,"Four Square Glen Eden,Four Square St Heliers",2,109.9,36,145.9,534.81,0.0,0.0,534.81,2
Sat_00199,Saturday,"Four Square Pakuranga Heights,Four Square St Heliers",3,92.0,54,146.0,535.2,0.0,0.0,535.2,2
Sat_00200,Saturday,"New World Victoria Park,New World Metro Shore City",4,74.2,72,146.2,536.13,0.0,0.0,536.13,2
Sat_00201,Saturday,"Four Square Fair Price Henderson,Four Square Botany Junction",2,110.2,36,146.2,536.19,0.0,0.0,536.19,2
Sat_00202,Saturday,"New World Newmarket,New World Metro Queen St",5,56.4,90,146.4,536.87,0.0,0.0,536.87,2
Sat_00203,Saturday,Pak 'n Save Mangere,6,38.7,108,146.7,537.75,0.0,0.0,537.75,1
Sat_00204,Saturday,"Four Square Hobsonville,Four Square Torbay",2,110.7,36,146.7,537.76,0.0,0.0,537.76,2
Sat_00205,Saturday,"Four Square Fair Price Henderson,Four Square St Heliers",2,110.7,36,146.7,537.98,0.0,0.0,537.98,2
Sat_00206,Saturday,"Four Square Fair Price Henderson,New World Hobsonville",4,74.8,72,146.8,538.28,0.0,0.0,538.28,2
Sat_00207,Saturday,"New World Newmarket,New World Remuera",5,56.8,90,146.8,538.35,0.0,0.0,538.35,2
Sat_00208,Saturday,"Pak 'n Save Mt Albert,Four Square Onehunga",6,39.0,108,147.0,539.08,0.0,0.0,539.08,2
Sat_00209,Saturday,"New World Remuera,Four Square Hobsonville",3,93.1,54,147.1,539.37,0.0,0.0,539.37,2
Sat_00210,Saturday,"New World Green Bay,Four Square Ellerslie",4,75.2,72,147.2,539.71,0.0,0.0,539.71,2
Sat_00211,Saturday,"New World Green Bay,Four Square Remuera",4,75.3,72,147.3,540.22,0.0,0.0,540.22,2
Sat_00212,Saturday,"New World Papatoetoe,Four Square Remuera",4,75.4,72,147.4,540.49,0.0,0.0,540.49,2
Sat_00213,Saturday,"Four Square Glen Eden,New World Newmarket",4,75.5,72,147.5,540.74,0.0,0.0,540.74,2
Sat_00214,Saturday,"Four Square Onehunga,Four Square Torbay",2,111.5,36,147.5,540.96,0.0,0.0,540.96,2
Sat_00215,Saturday,"Four Square Ellerslie,New World Eastridge",4,75.6,72,147.6,541.04,0.0,0.0,541.04,2
Sat_00216,Saturday,"New World Mt Albert,New World Remuera",5,57.6,90,147.6,541.11,0.0,0.0,541.11,2
Sat_00217,Saturday,"Four Square Onehunga,Four Square Remuera,New World Newmarket",5,57.6,90,147.6,541.37,0.0,0.0,541.37,3
Sat_00218,Saturday,"Four Square Glen Eden,Four Square Lancaster",2,111.7,36,147.7,541.7,0.0,0.0,541.7,2
Sat_00219,Saturday,"New World Mt Roskill,Pak 'n Save Mt Albert",7,22.1,126,148.1,542.94,0.0,0.0,542.94,2
Sat_00220,Saturday,"New World Mt Albert,New World New Lynn",6,40.3,108,148.3,543.63,0.0,0.0,543.63,2
Sat_00221,Saturday,"Four Square Glen Eden,New World Victoria Park",4,76.4,72,148.4,544.19,0.0,0.0,544.19,2
Sat_00222,Saturday,"Four Square Onehunga,New World Hobsonville",4,76.5,72,148.5,544.36,0.0,0.0,544.36,2
Sat_00223,Saturday,"New World Point Chevalier,New World Metro Shore City",4,76.9,72,148.9,545.84,0.0,0.0,545.84,2
Sat_00224,Saturday,"New World Metro Shore City,Four Square St Heliers",2,112.9,36,148.9,545.97,0.0,0.0,545.97,2
Sat_00225,Saturday,"Four Square Botany Junction,New World Metro Shore City",2,113.0,36,149.0,546.34,0.0,0.0,546.34,2
Sat_00226,Saturday,"New World Newmarket,Four Square Fair Price Henderson",4,77.2,72,149.2,546.95,0.0,0.0,546.95,2
Sat_00227,Saturday,"New World Mt Roskill,New World Mt Albert,Four Square Eden Terrace",6,41.3,108,149.3,547.38,0.0,0.0,547.38,3
Sat_00228,Saturday,"Four Square Onehunga,New World Remuera,Four Square Remuera,Four Square Eden Terrace",5,59.6,90,149.6,548.61,0.0,0.0,548.61,4
Sat_00229,Saturday,"New World Victoria Park,Four Square Fair Price Henderson",4,78.1,72,150.1,550.41,0.0,0.0,550.41,2
Sat_00230,Saturday,"Four Square Eden Terrace,New World Hobsonville",4,78.4,72,150.4,551.49,0.0,0.0,551.49,2
Sat_00231,Saturday,"New World Metro Shore City,New World Milford",4,78.5,72,150.5,551.77,0.0,0.0,551.77,2
Sat_00232,Saturday,"Four Square Eden Terrace,Four Square Torbay",2,114.6,36,150.6,552.03,0.0,0.0,552.03,2
Sat_00233,Saturday,"Four Square Onehunga,New World Botany",4,78.6,72,150.6,552.33,0.0,0.0,552.33,2
Sat_00234,Saturday,"New World Southmall,Four Square Botany Junction",4,78.7,72,150.7,552.63,0.0,0.0,552.63,2
Sat_00235,Saturday,"Four Square Onehunga,New World Birkenhead",4,79.1,72,151.1,553.89,0.0,0.0,553.89,2
Sat_00236,Saturday,"Four Square Onehunga,New World Ormiston",4,79.4,72,151.4,555.31,0.0,0.0,555.31,2
Sat_00237,Saturday,"New World Newmarket,New World Metro Shore City",4,79.6,72,151.6,555.73,0.0,0.0,555.73,2
Sat_00238,Saturday,"New World Point Chevalier,New World Remuera",5,61.8,90,151.8,556.54,0.0,0.0,556.54,2
Sat_00239,Saturday,"New World Mt Albert,New World Green Bay",6,44.0,108,152.0,557.32,0.0,0.0,557.32,2
Sat_00240,Saturday,"New World Metro Shore City,Four Square Torbay",2,116.0,36,152.0,557.33,0.0,0.0,557.33,2
Sat_00241,Saturday,"Pak 'n Save Mt Albert,Four Square Eden Terrace",6,44.1,108,152.1,557.81,0.0,0.0,557.81,2
Sat_00242,Saturday,"New World Mt Roskill,New World Hobsonville",5,62.2,90,152.2,558.02,0.0,0.0,558.02,2
Sat_00243,Saturday,"New World Mt Albert,Four Square Eden Terrace,Four Square Ellerslie",5,62.3,90,152.3,558.29,0.0,0.0,558.29,3
Sat_00244,Saturday,"New World Mt Albert,Four Square Eden Terrace,Four Square Remuera",5,62.4,90,152.4,558.8,0.0,0.0,558.8,3
Sat_00245,Saturday,"New World Green Bay,Four Square Hobsonville",4,80.4,72,152.4,558.84,0.0,0.0,558.84,2
Sat_00246,Saturday,"New World Newmarket,Four Square St Heliers",4,80.5,72,152.5,559.26,0.0,0.0,559.26,2
Sat_00247,Saturday,"New World New Lynn,New World Point Chevalier",6,45.3,108,153.3,562.15,0.0,0.0,562.15,2
Sat_00248,Saturday,"Four Square Fair Price Henderson,Four Square Torbay",2,117.6,36,153.6,563.14,0.0,0.0,563.14,2
Sat_00249,Saturday,"New World Remuera,Four Square Lancaster",3,99.7,54,153.7,563.43,0.0,0.0,563.43,2
Sat_00250,Saturday,"Four Square Botany Junction,New World Botany",4,81.9,72,153.9,564.27,0.0,0.0,564.27,2
Sat_00251,Saturday,"Four Square Hobsonville,Four Square Botany Junction",2,117.9,36,153.9,564.33,0.0,0.0,564.33,2
Sat_00252,Saturday,"New World Mt Roskill,New World Southmall",5,63.9,90,153.9,564.39,0.0,0.0,564.39,2
Sat_00253,Saturday,"New World Newmarket,Four Square Ellerslie,Four Square Remuera",5,64.0,90,154.0,564.52,0.0,0.0,564.52,3
Sat_00254,Saturday,"New World New Lynn,New World Metro Queen St",5,64.0,90,154.0,564.61,0.0,0.0,564.61,2
Sat_00255,Saturday,"Four Square Glen Eden,New World Hobsonville",4,82.0,72,154.0,564.73,0.0,0.0,564.73,2
Sat_00256,Saturday,"Four Square Eden Terrace,New World Birkenhead",4,82.1,72,154.1,564.96,0.0,0.0,564.96,2
Sat_00257,Saturday,"New World Remuera,Four Square Remuera,Four Square St Heliers",4,82.2,72,154.2,565.53,0.0,0.0,565.53,3
Sat_00258,Saturday,"Four Square Hobsonville,Four Square St Heliers",2,118.4,36,154.4,566.11,0.0,0.0,566.11,2
Sat_00259,Saturday,"Four Square Onehunga,Four Square Remuera,New World Stonefields",5,64.5,90,154.5,566.47,0.0,0.0,566.47,3
Sat_00260,Saturday,"New World Eastridge,Four Square St Heliers",4,82.7,72,154.7,567.2,0.0,0.0,567.2,2
Sat_00261,Saturday,"New World Birkenhead,Four Square Lancaster",4,82.8,72,154.8,567.43,0.0,0.0,567.43,2
Sat_00262,Saturday,"Four Square Eden Terrace,New World Newmarket,Four Square Ellerslie",5,64.9,90,154.9,567.93,0.0,0.0,567.93,3
Sat_00263,Saturday,"Four Square Ellerslie,New World Southmall",4,83.0,72,155.0,568.44,0.0,0.0,568.44,2
Sat_00264,Saturday,"Four Square Eden Terrace,New World Newmarket,Four Square Remuera",5,65.0,90,155.0,568.44,0.0,0.0,568.44,3
Sat_00265,Saturday,"New World Newmarket,Four Square Botany Junction",4,83.2,72,155.2,568.91,0.0,0.0,568.91,2
Sat_00266,Saturday,"New World Mt Albert,Four Square Botany Junction",4,83.2,72,155.2,569.11,0.0,0.0,569.11,2
Sat_00267,Saturday,"Four Square Onehunga,New World Green Bay,Four Square Glen Eden",5,65.3,90,155.3,569.6,0.0,0.0,569.6,3
Sat_00268,Saturday,"New World Stonefields,Four Square St Heliers",4,83.4,72,155.4,569.86,0.0,0.0,569.86,2
Sat_00269,Saturday,"Four Square Eden Terrace,New World Southmall",4,83.6,72,155.6,570.44,0.0,0.0,570.44,2
Sat_00270,Saturday,"New World Mt Albert,Four Square St Heliers",4,83.7,72,155.7,570.9,0.0,0.0,570.9,2
Sat_00271,Saturday,"New World Mt Albert,New World Victoria Park",6,47.8,108,155.8,571.31,0.0,0.0,571.31,2
Sat_00272,Saturday,"Four Square Hobsonville,New World Browns Bay",3,101.9,54,155.9,571.73,0.0,0.0,571.73,2
Sat_00273,Saturday,"New World Green Bay,New World Metro Queen St",5,66.1,90,156.1,572.28,0.0,0.0,572.28,2
Sat_00274,Saturday,"Four Square Onehunga,New World Milford",4,84.1,72,156.1,572.31,0.0,0.0,572.31,2
Sat_00275,Saturday,"New World Mt Roskill,New World Green Bay,Four Square Glen Eden",6,48.2,108,156.2,572.72,0.0,0.0,572.72,3
Sat_00276,Saturday,"New World Mt Roskill,New World Stonefields",5,66.2,90,156.2,572.78,0.0,0.0,572.78,2
Sat_00277,Saturday,"Four Square Onehunga,Pak 'n Save Royal Oak",7,30.3,126,156.3,573.16,0.0,0.0,573.16,2
Sat_00278,Saturday,"New World Mt Albert,Four Square Lancaster",4,84.5,72,156.5,573.84,0.0,0.0,573.84,2
Sat_00279,Saturday,New World Long Bay,3,102.6,54,156.6,574.26,0.0,0.0,574.26,1
Sat_00280,Saturday,"Four Square Onehunga,New World Browns Bay",3,102.8,54,156.8,574.94,0.0,0.0,574.94,2
Sat_00281,Saturday,"New World Newmarket,Four Square Hobsonville",4,84.8,72,156.8,575.08,0.0,0.0,575.08,2
Sat_00282,Saturday,"New World Green Bay,New World Point Chevalier",6,48.9,108,156.9,575.22,0.0,0.0,575.22,2
Sat_00283,Saturday,"New World Victoria Park,Four Square Hobsonville",4,85.1,72,157.1,575.89,0.0,0.0,575.89,2
Sat_00284,Saturday,"Pak 'n Save Mt Albert,Four Square Glen Eden",6,49.2,108,157.2,576.57,0.0,0.0,576.57,2
Sat_00285,Saturday,"New World Birkenhead,New World Metro Shore City",4,85.3,72,157.3,576.72,0.0,0.0,576.72,2
Sat_00286,Saturday,"New World Mt Albert,New World Newmarket",6,49.3,108,157.3,576.83,0.0,0.0,576.83,2
Sat_00287,Saturday,"New World New Lynn,New World Metro Shore City",4,85.3,72,157.3,576.95,0.0,0.0,576.95,2
Sat_00288,Saturday,"Four Square Lancaster,Four Square Torbay",2,122.0,36,158.0,579.2,0.0,0.0,579.2,2
Sat_00289,Saturday,"New World Victoria Park,Four Square Lancaster",4,86.1,72,158.1,579.56,0.0,0.0,579.56,2
Sat_00290,Saturday,"New World Victoria Park,New World Remuera",5,68.2,90,158.2,580.19,0.0,0.0,580.19,2
Sat_00291,Saturday,"New World Mt Roskill,Four Square Onehunga,New World Point Chevalier",6,50.4,108,158.4,580.77,0.0,0.0,580.77,3
Sat_00292,Saturday,"New World Remuera,New World Stonefields",5,68.5,90,158.5,581.27,0.0,0.0,581.27,2
Sat_00293,Saturday,"Four Square Eden Terrace,New World Metro Queen St,New World Remuera",5,68.6,90,158.6,581.51,0.0,0.0,581.51,3
Sat_00294,Saturday,"New World Remuera,Four Square Pakuranga Heights",4,86.9,72,158.9,582.52,0.0,0.0,582.52,2
Sat_00295,Saturday,"New World Mt Roskill,Four Square Torbay",3,105.0,54,159.0,582.88,0.0,0.0,582.88,2
Sat_00296,Saturday,"Four Square Eden Terrace,New World Milford",4,87.1,72,159.1,583.38,0.0,0.0,583.38,2
Sat_00297,Saturday,"Four Square Eden Terrace,New World Remuera,Four Square Remuera,Four Square Ellerslie",5,69.1,90,159.1,583.53,0.0,0.0,583.53,4
Sat_00298,Saturday,"Four Square Pakuranga Heights,New World Metro Shore City",3,105.3,54,159.3,584.28,0.0,0.0,584.28,2
Sat_00299,Saturday,"New World Point Chevalier,Four Square Botany Junction",4,87.4,72,159.4,584.55,0.0,0.0,584.55,2
Sat_00300,Saturday,"New World Green Bay,New World Metro Shore City",4,87.4,72,159.4,584.61,0.0,0.0,584.61,2
Sat_00301,Saturday,"New World Remuera,Four Square Ellerslie,Four Square St Heliers",4,87.4,72,159.4,584.62,0.0,0.0,584.62,3
Sat_00302,Saturday,"New World New Lynn,Four Square Glen Eden,Four Square Fair Price Henderson",5,69.6,90,159.6,585.25,0.0,0.0,585.25,3
Sat_00303,Saturday,"New World Green Bay,Four Square Glen Eden,Four Square Fair Price Henderson",5,69.7,90,159.7,585.47,0.0,0.0,585.47,3
Sat_00304,Saturday,"Four Square Glen Eden,New World Papatoetoe",4,87.7,72,159.7,585.52,0.0,0.0,585.52,2
Sat_00305,Saturday,"Four Square Onehunga,New World Papakura",4,87.8,72,159.8,585.92,0.0,0.0,585.92,2
Sat_00306,Saturday,"Four Square Eden Terrace,New World Browns Bay",3,105.8,54,159.8,586.01,0.0,0.0,586.01,2
Sat_00307,Saturday,"New World Point Chevalier,Four Square St Heliers",4,87.9,72,159.9,586.33,0.0,0.0,586.33,2
Sat_00308,Saturday,"New World Mt Roskill,New World Eastridge",5,69.9,90,159.9,586.48,0.0,0.0,586.48,2
Sat_00309,Saturday,"Four Square Remuera,New World Southmall",4,88.0,72,160.0,586.8,0.0,0.0,586.8,2
Sat_00310,Saturday,"New World New Lynn,Four Square Botany Junction",4,88.2,72,160.2,587.35,0.0,0.0,587.35,2
Sat_00311,Saturday,"New World New Lynn,New World Remuera",5,70.3,90,160.3,587.65,0.0,0.0,587.65,2
Sat_00312,Saturday,"New World Mt Albert,Four Square Eden Terrace,New World Metro Queen St",6,52.3,108,160.3,587.79,0.0,0.0,587.79,3
Sat_00313,Saturday,"Four Square Ellerslie,New World Ormiston",4,88.4,72,160.4,588.1,0.0,0.0,588.1,2
Sat_00314,Saturday,"Four Square Onehunga,New World Howick",4,88.5,72,160.5,588.36,0.0,0.0,588.36,2
Sat_00315,Saturday,"Four Square Ellerslie,Four Square Torbay",2,124.6,36,160.6,589.01,0.0,0.0,589.01,2
Sat_00316,Saturday,"New World Point Chevalier,Four Square Lancaster",4,88.7,72,160.7,589.27,0.0,0.0,589.27,2
Sat_00317,Saturday,"Four Square Lancaster,Four Square St Heliers",2,124.7,36,160.7,589.39,0.0,0.0,589.39,2
Sat_00318,Saturday,"Four Square Remuera,Four Square Torbay",2,124.8,36,160.8,589.52,0.0,0.0,589.52,2
Sat_00319,Saturday,"Four Square Glen Eden,Four Square Torbay",2,124.8,36,160.8,589.59,0.0,0.0,589.59,2
Sat_00320,Saturday,"Four Square Botany Junction,Four Square Lancaster",2,124.8,36,160.8,589.77,0.0,0.0,589.77,2
Sat_00321,Saturday,"Four Square Eden Terrace,New World Ormiston",4,88.9,72,160.9,590.1,0.0,0.0,590.1,2
Sat_00322,Saturday,"New World Mt Roskill,New World Birkenhead",5,71.1,90,161.1,590.77,0.0,0.0,590.77,2
Sat_00323,Saturday,"New World Remuera,New World Eastridge",5,71.3,90,161.3,591.26,0.0,0.0,591.26,2
Sat_00324,Saturday,"New World Metro Shore City,New World Browns Bay",3,107.3,54,161.3,591.3,0.0,0.0,591.3,2
Sat_00325,Saturday,Pak 'n Save Wairau Road,5,71.3,90,161.3,591.61,0.0,0.0,591.61,1
Sat_00326,Saturday,"New World Browns Bay,Four Square Torbay",3,107.5,54,161.5,592.01,0.0,0.0,592.01,2
Sat_00327,Saturday,"Four Square Ellerslie,New World Botany",4,89.5,72,161.5,592.08,0.0,0.0,592.08,2
Sat_00328,Saturday,"Four Square Eden Terrace,Four Square Ellerslie,New World Stonefields",5,71.5,90,161.5,592.22,0.0,0.0,592.22,3
Sat_00329,Saturday,"New World Point Chevalier,New World Newmarket",6,53.5,108,161.5,592.26,0.0,0.0,592.26,2
Sat_00330,Saturday,"Four Square Ellerslie,Four Square Remuera,New World Stonefields",5,71.6,90,161.6,592.47,0.0,0.0,592.47,3
Sat_00331,Saturday,"Four Square Onehunga,New World Remuera,New World Newmarket",6,53.6,108,161.6,592.69,0.0,0.0,592.69,3
Sat_00332,Saturday,"Four Square Eden Terrace,New World Botany",4,90.0,72,162.0,594.08,0.0,0.0,594.08,2
Sat_00333,Saturday,"Four Square Hobsonville,New World Milford",4,90.2,72,162.2,594.89,0.0,0.0,594.89,2
Sat_00334,Saturday,"New World Green Bay,Four Square Botany Junction",4,90.3,72,162.3,595.01,0.0,0.0,595.01,2
Sat_00335,Saturday,"New World Green Bay,New World Remuera",5,72.4,90,162.4,595.31,0.0,0.0,595.31,2
Sat_00336,Saturday,"New World Point Chevalier,New World Victoria Park",6,54.5,108,162.5,595.72,0.0,0.0,595.72,2
Sat_00337,Saturday,"Four Square Fair Price Henderson,New World Browns Bay",3,108.8,54,162.8,597.11,0.0,0.0,597.11,2
Sat_00338,Saturday,"New World Mt Roskill,New World Ormiston",5,73.0,90,163.0,597.55,0.0,0.0,597.55,2
Sat_00339,Saturday,"New World Newmarket,Four Square Lancaster",4,91.4,72,163.4,599.15,0.0,0.0,599.15,2
Sat_00340,Saturday,"Four Square Hobsonville,Four Square Lancaster,New World Metro Shore City",3,109.6,54,163.6,600.05,0.0,0.0,600.05,3
Sat_00341,Saturday,"New World Metro Queen St,New World Remuera,Four Square Ellerslie",5,73.8,90,163.8,600.42,0.0,0.0,600.42,3
Sat_00342,Saturday,"New World Metro Queen St,Four Square Pakuranga Heights",4,91.9,72,163.9,600.99,0.0,0.0,600.99,2
Sat_00343,Saturday,Pak 'n Save Manukau,6,55.9,108,163.9,601.13,0.0,0.0,601.13,1
Sat_00344,Saturday,"New World Stonefields,Four Square Botany Junction",4,92.0,72,164.0,601.2,0.0,0.0,601.2,2
Sat_00345,Saturday,"Four Square Eden Terrace,New World Metro Queen St,New World Victoria Park",6,56.2,108,164.2,601.89,0.0,0.0,601.89,3
Sat_00346,Saturday,"Four Square Ellerslie,New World Birkenhead",4,92.2,72,164.2,601.93,0.0,0.0,601.93,2
Sat_00347,Saturday,"New World Hobsonville,New World Metro Shore City",4,92.2,72,164.2,602.21,0.0,0.0,602.21,2
Sat_00348,Saturday,"Four Square Remuera,New World Birkenhead",4,92.3,72,164.3,602.45,0.0,0.0,602.45,2
Sat_00349,Saturday,"Four Square Glen Eden,Four Square Pakuranga Heights",3,110.7,54,164.7,604.05,0.0,0.0,604.05,2
Sat_00350,Saturday,"New World Papatoetoe,New World Remuera",5,74.8,90,164.8,604.21,0.0,0.0,604.21,2
Sat_00351,Saturday,"New World Metro Queen St,New World Eastridge",5,74.8,90,164.8,604.36,0.0,0.0,604.36,2
Sat_00352,Saturday,"Four Square Eden Terrace,New World Metro Queen St,Four Square Ellerslie,Four Square Remuera",5,75.0,90,165.0,605.12,0.0,0.0,605.12,4
Sat_00353,Saturday,"Four Square Remuera,New World Ormiston",4,93.4,72,165.4,606.46,0.0,0.0,606.46,2
Sat_00354,Saturday,"New World Papatoetoe,Four Square St Heliers",4,93.4,72,165.4,606.51,0.0,0.0,606.51,2
Sat_00355,Saturday,"New World Newmarket,New World Victoria Park",6,57.4,108,165.4,606.51,0.0,0.0,606.51,2
Sat_00356,Saturday,"Four Square Fair Price Henderson,Four Square Pakuranga Heights",3,111.6,54,165.6,607.23,0.0,0.0,607.23,2
Sat_00357,Saturday,"New World Victoria Park,Four Square Botany Junction",4,93.9,72,165.9,608.19,0.0,0.0,608.19,2
Sat_00358,Saturday,"New World Metro Queen St,Four Square Torbay",3,111.9,54,165.9,608.29,0.0,0.0,608.29,2
Sat_00359,Saturday,"New World Papatoetoe,Four Square Fair Price Henderson",4,94.0,72,166.0,608.82,0.0,0.0,608.82,2
Sat_00360,Saturday,"New World Mt Roskill,New World New Lynn,Four Square Eden Terrace",6,58.1,108,166.1,609.03,0.0,0.0,609.03,3
Sat_00361,Saturday,"New World Mt Roskill,New World Milford",5,76.1,90,166.1,609.2,0.0,0.0,609.2,2
Sat_00362,Saturday,"Four Square Fair Price Henderson,New World Hobsonville,Four Square Hobsonville",5,76.2,90,166.2,609.31,0.0,0.0,609.31,3
Sat_00363,Saturday,"New World Victoria Park,Four Square St Heliers",4,94.4,72,166.4,609.98,0.0,0.0,609.98,2
Sat_00364,Saturday,"Four Square Remuera,New World Botany",4,94.5,72,166.5,610.44,0.0,0.0,610.44,2
Sat_00365,Saturday,"New World Metro Queen St,New World Stonefields",5,76.6,90,166.6,610.79,0.0,0.0,610.79,2
Sat_00366,Saturday,"Four Square Eden Terrace,Four Square Remuera,New World Eastridge",5,76.6,90,166.6,610.96,0.0,0.0,610.96,3
Sat_00367,Saturday,"New World Point Chevalier,Four Square Fair Price Henderson,Four Square Glen Eden",5,76.8,90,166.8,611.54,0.0,0.0,611.54,3
Sat_00368,Saturday,"Four Square Eden Terrace,New World Victoria Park,Four Square Ellerslie",5,76.8,90,166.8,611.68,0.0,0.0,611.68,3
Sat_00369,Saturday,"New World Point Chevalier,Four Square Eden Terrace,New World Metro Queen St",6,59.2,108,167.2,613.06,0.0,0.0,613.06,3
Sat_00370,Saturday,"Four Square Lancaster,New World Browns Bay",3,113.2,54,167.2,613.17,0.0,0.0,613.17,2
Sat_00371,Saturday,"Four Square Glen Eden,New World Stonefields",4,95.4,72,167.4,613.86,0.0,0.0,613.86,2
Sat_00372,Saturday,"Four Square Onehunga,Four Square Ellerslie,Four Square Remuera,New World Newmarket",6,59.5,108,167.5,614.05,0.0,0.0,614.05,4
Sat_00373,Saturday,"Four Square Ellerslie,New World Hobsonville",4,95.5,72,167.5,614.31,0.0,0.0,614.31,2
Sat_00374,Saturday,"Four Square Hobsonville,New World Albany",4,95.7,72,167.7,614.75,0.0,0.0,614.75,2
Sat_00375,Saturday,"Four Square Remuera,New World Hobsonville",4,95.7,72,167.7,614.82,0.0,0.0,614.82,2
Sat_00376,Saturday,"New World Mt Roskill,New World Green Bay,Four Square Eden Terrace",6,60.2,108,168.2,616.69,0.0,0.0,616.69,3
Sat_00377,Saturday,"New World Mt Roskill,New World Browns Bay",4,96.2,72,168.2,616.85,0.0,0.0,616.85,2
Sat_00378,Saturday,"Four Square Fair Price Henderson,New World Stonefields",4,96.3,72,168.3,617.03,0.0,0.0,617.03,2
Sat_00379,Saturday,"New World Metro Shore City,New World Devonport",4,96.3,72,168.3,617.27,0.0,0.0,617.27,2
Sat_00380,Saturday,"New World New Lynn,Four Square St Heliers",4,96.4,72,168.4,617.43,0.0,0.0,617.43,2
Sat_00381,Saturday,"Four Square Onehunga,New World Albany",4,96.5,72,168.5,617.96,0.0,0.0,617.96,2
Sat_00382,Saturday,"Four Square Eden Terrace,New World Newmarket,New World Metro Queen St",6,61.0,108,169.0,619.49,0.0,0.0,619.49,3
Sat_00383,Saturday,"New World Milford,Four Square Lancaster",4,97.0,72,169.0,619.54,0.0,0.0,619.54,2
Sat_00384,Saturday,"Four Square Fair Price Henderson,New World Milford",4,97.2,72,169.2,620.27,0.0,0.0,620.27,2
Sat_00385,Saturday,"Four Square Ellerslie,New World Milford",4,97.2,72,169.2,620.35,0.0,0.0,620.35,2
Sat_00386,Saturday,"New World New Lynn,Four Square Lancaster",4,97.2,72,169.2,620.37,0.0,0.0,620.37,2
Sat_00387,Saturday,Pak 'n Save Highland Park,5,79.3,90,169.3,620.79,0.0,0.0,620.79,1
Sat_00388,Saturday,"Four Square Remuera,New World Milford",4,97.3,72,169.3,620.87,0.0,0.0,620.87,2
Sat_00389,Saturday,"Four Square Eden Terrace,New World Newmarket,New World Remuera",6,61.4,108,169.4,620.98,0.0,0.0,620.98,3
Sat_00390,Saturday,"New World Metro Queen St,New World Papatoetoe",5,79.4,90,169.4,621.11,0.0,0.0,621.11,2
Sat_00391,Saturday,"New World Metro Queen St,New World Birkenhead",5,79.4,90,169.4,621.21,0.0,0.0,621.21,2
Sat_00392,Saturday,"Pak 'n Save Mt Albert,Four Square Fair Price Henderson",6,61.4,108,169.4,621.31,0.0,0.0,621.31,2
Sat_00393,Saturday,"New World Newmarket,New World Remuera,Four Square Remuera",6,61.5,108,169.5,621.43,0.0,0.0,621.43,3
Sat_00394,Saturday,"Four Square Pakuranga Heights,New World Botany",5,79.6,90,169.6,621.88,0.0,0.0,621.88,2
Sat_00395,Saturday,"Four Square Ellerslie,New World Browns Bay",3,115.9,54,169.9,622.98,0.0,0.0,622.98,2
Sat_00396,Saturday,"Four Square Botany Junction,New World Howick",4,97.9,72,169.9,623.14,0.0,0.0,623.14,2
Sat_00397,Saturday,"Four Square Botany Junction,New World Papakura",4,98.0,72,170.0,623.18,0.0,0.0,623.18,2
Sat_00398,Saturday,"New World New Lynn,New World Newmarket",6,62.0,108,170.0,623.37,0.0,0.0,623.37,2
Sat_00399,Saturday,"Four Square Remuera,New World Browns Bay",3,116.0,54,170.0,623.49,0.0,0.0,623.49,2
Sat_00400,Saturday,"Four Square Glen Eden,New World Browns Bay",3,116.1,54,170.1,623.56,0.0,0.0,623.56,2
Sat_00401,Saturday,"Four Square Eden Terrace,Four Square Ellerslie,New World Eastridge",5,80.1,90,170.1,623.67,0.0,0.0,623.67,3
Sat_00402,Saturday,"Four Square Onehunga,Four Square Ellerslie,Four Square Remuera,New World Remuera,Four Square Eden Terrace",6,62.1,108,170.1,623.8,0.0,0.0,623.8,5
Sat_00403,Saturday,"Four Square Pakuranga Heights,New World Stonefields",5,80.2,90,170.2,623.96,0.0,0.0,623.96,2
Sat_00404,Saturday,"Four Square Hobsonville,New World Birkenhead",4,98.3,72,170.3,624.49,0.0,0.0,624.49,2
Sat_00405,Saturday,"New World Hobsonville,Four Square Lancaster",4,98.4,72,170.4,624.78,0.0,0.0,624.78,2
Sat_00406,Saturday,"Pak 'n Save Mt Albert,Four Square Ellerslie",6,62.4,108,170.4,624.79,0.0,0.0,624.79,2
Sat_00407,Saturday,"New World Green Bay,Four Square St Heliers",4,98.5,72,170.5,625.1,0.0,0.0,625.1,2
Sat_00408,Saturday,"Pak 'n Save Mt Albert,Four Square Remuera",6,62.5,108,170.5,625.31,0.0,0.0,625.31,2
Sat_00409,Saturday,"New World Mt Roskill,New World Botany",5,80.6,90,170.6,625.36,0.0,0.0,625.36,2
Sat_00410,Saturday,"New World New Lynn,New World Victoria Park",6,63.0,108,171.0,626.82,0.0,0.0,626.82,2
Sat_00411,Saturday,"Four Square Glen Eden,New World Eastridge",4,99.2,72,171.2,627.55,0.0,0.0,627.55,2
Sat_00412,Saturday,"Four Square Pakuranga Heights,Four Square Lancaster",3,117.2,54,171.2,627.7,0.0,0.0,627.7,2
Sat_00413,Saturday,"New World Green Bay,Four Square Lancaster",4,99.3,72,171.3,628.04,0.0,0.0,628.04,2
Sat_00414,Saturday,"New World Papatoetoe,New World Metro Shore City",4,99.3,72,171.3,628.1,0.0,0.0,628.1,2
Sat_00415,Saturday,"Four Square Ellerslie,New World Howick",4,99.3,72,171.3,628.11,0.0,0.0,628.11,2
Sat_00416,Saturday,"New World Mt Roskill,New World Papakura",5,81.3,90,171.3,628.16,0.0,0.0,628.16,2
Sat_00417,Saturday,Pak 'n Save Clendon,6,63.5,108,171.5,628.67,0.0,0.0,628.67,1
Sat_00418,Saturday,"New World Stonefields,New World Metro Shore City",4,99.5,72,171.5,628.85,0.0,0.0,628.85,2
Sat_00419,Saturday,"Four Square Eden Terrace,New World Albany",4,99.6,72,171.6,629.03,0.0,0.0,629.03,2
Sat_00420,Saturday,"New World Mt Roskill,Pak 'n Save Royal Oak",8,27.6,144,171.6,629.14,0.0,0.0,629.14,2
Sat_00421,Saturday,"New World Mt Albert,Four Square Fair Price Henderson,Four Square Hobsonville",5,81.8,90,171.8,629.88,0.0,0.0,629.88,3
Sat_00422,Saturday,"Four Square Onehunga,Pak 'n Save Mangere",7,45.8,126,171.8,630.05,0.0,0.0,630.05,2
Sat_00423,Saturday,"Four Square Eden Terrace,New World Howick",4,99.8,72,171.8,630.11,0.0,0.0,630.11,2
Sat_00424,Saturday,"Four Square Fair Price Henderson,New World Eastridge",4,100.0,72,172.0,630.72,0.0,0.0,630.72,2
Sat_00425,Saturday,"New World Green Bay,New World Newmarket",6,64.1,108,172.1,631.03,0.0,0.0,631.03,2
Sat_00426,Saturday,"Four Square Glen Eden,New World Southmall",4,100.2,72,172.2,631.24,0.0,0.0,631.24,2
Sat_00427,Saturday,"Pak 'n Save Royal Oak,Four Square Eden Terrace",7,46.2,126,172.2,631.37,0.0,0.0,631.37,2
Sat_00428,Saturday,"Four Square Glen Eden,New World Birkenhead",4,100.3,72,172.3,631.85,0.0,0.0,631.85,2
Sat_00429,Saturday,"Four Square Ellerslie,New World Papakura",4,100.4,72,172.4,632.21,0.0,0.0,632.21,2
Sat_00430,Saturday,"Four Square Onehunga,New World Devonport",4,100.4,72,172.4,632.25,0.0,0.0,632.25,2
Sat_00431,Saturday,"Four Square Hobsonville,Four Square Torbay,New World Metro Shore City",3,118.9,54,172.9,634.05,0.0,0.0,634.05,3
Sat_00432,Saturday,"Four Square Eden Terrace,New World Papakura",4,101.0,72,173.0,634.22,0.0,0.0,634.22,2
Sat_00433,Saturday,"New World Metro Shore City,New World Albany",4,101.0,72,173.0,634.32,0.0,0.0,634.32,2
Sat_00434,Saturday,"New World Green Bay,New World Victoria Park",6,65.0,108,173.0,634.49,0.0,0.0,634.49,2
Sat_00435,Saturday,"Pak 'n Save Mt Albert,New World Mt Albert",8,29.1,144,173.1,634.68,0.0,0.0,634.68,2
Sat_00436,Saturday,"Four Square Fair Price Henderson,New World Birkenhead",4,101.2,72,173.2,635.02,0.0,0.0,635.02,2
Sat_00437,Saturday,"Four Square Hobsonville,Four Square Pakuranga Heights",3,119.3,54,173.3,635.36,0.0,0.0,635.36,2
Sat_00438,Saturday,Pak 'n Save Lincoln Road,7,47.4,126,173.4,635.67,0.0,0.0,635.67,1
Sat_00439,Saturday,Pak 'n Save Sylvia Park,6,65.5,108,173.5,636.14,0.0,0.0,636.14,1
Sat_00440,Saturday,"Four Square Pakuranga Heights,New World Ormiston",5,83.5,90,173.5,636.17,0.0,0.0,636.17,2
Sat_00441,Saturday,"New World Newmarket,New World Remuera,Four Square Ellerslie",6,65.7,108,173.7,636.82,0.0,0.0,636.82,3
Sat_00442,Saturday,"New World Papatoetoe,Four Square Hobsonville",4,101.7,72,173.7,636.96,0.0,0.0,636.96,2
Sat_00443,Saturday,"New World Mt Albert,Four Square Eden Terrace,Four Square Ellerslie,Four Square Remuera",6,65.9,108,173.9,637.51,0.0,0.0,637.51,4
Sat_00444,Saturday,"New World Mt Albert,New World Point Chevalier,Four Square Eden Terrace",7,47.9,126,173.9,637.62,0.0,0.0,637.62,3
Sat_00445,Saturday,"Four Square Onehunga,New World Remuera,New World Stonefields",6,66.0,108,174.0,638.11,0.0,0.0,638.11,3
Sat_00446,Saturday,"Four Square Botany Junction,New World Eastridge",4,102.1,72,174.1,638.54,0.0,0.0,638.54,2
Sat_00447,Saturday,"New World Metro Shore City,New World Eastridge",4,102.2,72,174.2,638.71,0.0,0.0,638.71,2
Sat_00448,Saturday,"New World Newmarket,Four Square Remuera,Four Square St Heliers",5,84.2,90,174.2,638.85,0.0,0.0,638.85,3
Sat_00449,Saturday,"Four Square Onehunga,Four Square Ellerslie,Four Square Remuera,New World Stonefields",6,66.3,108,174.3,639.16,0.0,0.0,639.16,4
Sat_00450,Saturday,"New World Metro Queen St,New World Milford",5,84.4,90,174.4,639.63,0.0,0.0,639.63,2
Sat_00451,Saturday,"New World Newmarket,Four Square Pakuranga Heights",5,84.5,90,174.5,639.95,0.0,0.0,639.95,2
Sat_00452,Saturday,"Four Square Fair Price Henderson,New World Albany",4,102.6,72,174.6,640.13,0.0,0.0,640.13,2
Sat_00453,Saturday,"New World Mt Albert,Four Square Pakuranga Heights",5,84.6,90,174.6,640.15,0.0,0.0,640.15,2
Sat_00454,Saturday,"Pak 'n Save Westgate,Four Square Hobsonville",6,66.7,108,174.7,640.72,0.0,0.0,640.72,2
Sat_00455,Saturday,"Four Square Ellerslie,New World Stonefields,Four Square St Heliers",5,84.9,90,174.9,641.21,0.0,0.0,641.21,3
Sat_00456,Saturday,"New World Remuera,New World Southmall",5,85.1,90,175.1,641.89,0.0,0.0,641.89,2
Sat_00457,Saturday,"New World Metro Queen St,New World Browns Bay",4,103.2,72,175.2,642.26,0.0,0.0,642.26,2
Sat_00458,Saturday,"Four Square Fair Price Henderson,Pak 'n Save Westgate",6,67.3,108,175.3,642.74,0.0,0.0,642.74,2
Sat_00459,Saturday,"New World Point Chevalier,Four Square Fair Price Henderson,Four Square Hobsonville",5,85.4,90,175.4,643.2,0.0,0.0,643.2,3
Sat_00460,Saturday,"Four Square Eden Terrace,New World Devonport",4,103.5,72,175.5,643.32,0.0,0.0,643.32,2
Sat_00461,Saturday,"Four Square Remuera,New World Eastridge,Four Square St Heliers",5,85.5,90,175.5,643.59,0.0,0.0,643.59,3
Sat_00462,Saturday,"New World Papatoetoe,Four Square Pakuranga Heights",5,85.7,90,175.7,644.29,0.0,0.0,644.29,2
Sat_00463,Saturday,"New World Remuera,Four Square Torbay",3,121.8,54,175.8,644.61,0.0,0.0,644.61,2
Sat_00464,Saturday,"Four Square Hobsonville,New World Stonefields",4,104.0,72,176.0,645.17,0.0,0.0,645.17,2
Sat_00465,Saturday,"New World Mt Albert,New World Hobsonville",6,68.1,108,176.1,645.63,0.0,0.0,645.63,2
Sat_00466,Saturday,"Four Square Remuera,New World Howick",4,104.3,72,176.3,646.47,0.0,0.0,646.47,2
Sat_00467,Saturday,"Four Square Glen Eden,New World Milford",4,104.4,72,176.4,646.72,0.0,0.0,646.72,2
Sat_00468,Saturday,"New World Metro Queen St,New World Hobsonville",5,86.4,90,176.4,646.88,0.0,0.0,646.88,2
Sat_00469,Saturday,"New World Mt Roskill,New World Howick",5,86.5,90,176.5,647.25,0.0,0.0,647.25,2
Sat_00470,Saturday,"New World Botany,Four Square St Heliers",4,104.8,72,176.8,648.38,0.0,0.0,648.38,2
Sat_00471,Saturday,"Four Square Glen Eden,Four Square Fair Price Henderson,New World Hobsonville",5,86.9,90,176.9,648.8,0.0,0.0,648.8,3
Sat_00472,Saturday,"Four Square Onehunga,Pak 'n Save Westgate",6,68.9,108,176.9,648.82,0.0,0.0,648.82,2
Sat_00473,Saturday,"Pak 'n Save Mt Albert,Four Square Hobsonville",6,69.1,108,177.1,649.44,0.0,0.0,649.44,2
Sat_00474,Saturday,"New World Mt Albert,Four Square Eden Terrace,New World Newmarket",7,51.2,126,177.2,649.61,0.0,0.0,649.61,3
Sat_00475,Saturday,"Pak 'n Save Mt Albert,New World New Lynn",8,33.2,144,177.2,649.75,0.0,0.0,649.75,2
Sat_00476,Saturday,"New World Newmarket,New World Stonefields",6,69.2,108,177.2,649.75,0.0,0.0,649.75,2
Sat_00477,Saturday,"New World Southmall,Four Square St Heliers",4,105.2,72,177.2,649.77,0.0,0.0,649.77,2
Sat_00478,Saturday,"New World Mt Albert,New World Stonefields",6,69.3,108,177.3,649.95,0.0,0.0,649.95,2
Sat_00479,Saturday,"Four Square Remuera,New World Papakura",4,105.4,72,177.4,650.57,0.0,0.0,650.57,2
Sat_00480,Saturday,"New World Papatoetoe,New World Southmall",6,69.6,108,177.6,651.26,0.0,0.0,651.26,2
Sat_00481,Saturday,"New World Remuera,Four Square Remuera,New World Stonefields",6,69.8,108,177.8,651.94,0.0,0.0,651.94,3
Sat_00482,Saturday,"Pak 'n Save Royal Oak,Four Square Ellerslie",7,51.9,126,177.9,652.13,0.0,0.0,652.13,2
Sat_00483,Saturday,"New World Mt Roskill,New World Mt Albert,New World Metro Queen St",7,52.0,126,178.0,652.61,0.0,0.0,652.61,3
Sat_00484,Saturday,"New World Mt Albert,New World Papatoetoe",6,70.0,108,178.0,652.79,0.0,0.0,652.79,2
Sat_00485,Saturday,"New World Newmarket,New World Eastridge",6,70.2,108,178.2,653.53,0.0,0.0,653.53,2
Sat_00486,Saturday,"Four Square Pakuranga Heights,New World Eastridge",5,88.3,90,178.3,653.62,0.0,0.0,653.62,2
Sat_00487,Saturday,"New World Howick,Four Square St Heliers",4,106.3,72,178.3,653.68,0.0,0.0,653.68,2
Sat_00488,Saturday,"Pak 'n Save Mt Albert,New World Point Chevalier",8,34.4,144,178.4,654.03,0.0,0.0,654.03,2
Sat_00489,Saturday,"New World Point Chevalier,Four Square Pakuranga Heights",5,88.8,90,178.8,655.58,0.0,0.0,655.58,2
Sat_00490,Saturday,"Four Square Eden Terrace,Pak 'n Save Westgate",6,70.9,108,178.9,655.95,0.0,0.0,655.95,2
Sat_00491,Saturday,"Four Square Lancaster,New World Albany",4,107.0,72,179.0,656.19,0.0,0.0,656.19,2
Sat_00492,Saturday,"New World Papatoetoe,Four Square Botany Junction,Four Square Ellerslie",5,89.0,90,179.0,656.31,0.0,0.0,656.31,3
Sat_00493,Saturday,"New World Long Bay,Four Square Torbay",4,107.0,72,179.0,656.42,0.0,0.0,656.42,2
Sat_00494,Saturday,"New World New Lynn,New World Green Bay,Four Square Glen Eden",7,53.3,126,179.3,657.29,0.0,0.0,657.29,3
Sat_00495,Saturday,"Pak 'n Save Mt Albert,New World Metro Queen St",7,53.3,126,179.3,657.36,0.0,0.0,657.36,2
Sat_00496,Saturday,"New World Remuera,New World Birkenhead",5,89.3,90,179.3,657.54,0.0,0.0,657.54,2
Sat_00497,Saturday,"New World Mt Albert,Four Square Eden Terrace,New World Victoria Park",7,53.3,126,179.3,657.54,0.0,0.0,657.54,3
Sat_00498,Saturday,"New World Newmarket,Four Square Remuera,New World Metro Queen St",6,71.3,108,179.3,657.56,0.0,0.0,657.56,3
Sat_00499,Saturday,"New World Remuera,Four Square Remuera,Four Square Ellerslie,Four Square St Heliers",5,89.4,90,179.4,657.65,0.0,0.0,657.65,4
Sat_00500,Saturday,"New World New Lynn,New World Papatoetoe",6,71.6,108,179.6,658.54,0.0,0.0,658.54,2
Sat_00501,Saturday,"Pak 'n Save Royal Oak,Four Square Remuera",7,53.6,126,179.6,658.66,0.0,0.0,658.66,2
Sat_00502,Saturday,"Four Square Hobsonville,New World Eastridge",4,107.7,72,179.7,658.86,0.0,0.0,658.86,2
Sat_00503,Saturday,"New World Point Chevalier,New World Hobsonville",6,71.7,108,179.7,658.95,0.0,0.0,658.95,2
Sat_00504,Saturday,"Four Square Pakuranga Heights,New World Howick",5,89.7,90,179.7,659.0,0.0,0.0,659.0,2
Sat_00505,Saturday,"New World Mt Roskill,New World Mt Albert,New World Point Chevalier",8,35.8,144,179.8,659.4,0.0,0.0,659.4,3
Sat_00506,Saturday,"New World Mt Roskill,New World Albany",5,90.0,90,180.0,659.87,0.0,0.0,659.87,2
Sat_00507,Saturday,"New World Newmarket,New World Papatoetoe",6,72.0,108,180.0,660.06,0.0,0.0,660.06,2
Sat_00508,Saturday,"New World Metro Queen St,New World Southmall",5,90.1,90,180.1,660.36,0.0,0.0,660.36,2
Sat_00509,Saturday,"New World Victoria Park,Four Square Torbay",4,108.2,72,180.2,660.74,0.0,0.0,660.74,2
Sat_00510,Saturday,"Four Square Onehunga,New World New Lynn,New World Green Bay",7,54.4,126,180.4,661.52,0.0,0.0,661.52,3
Sat_00511,Saturday,"New World Remuera,New World Ormiston",5,90.4,90,180.4,661.56,0.0,0.0,661.56,2
Sat_00512,Saturday,"New World Mt Roskill,Pak 'n Save Westgate",7,54.7,126,180.7,662.47,0.0,0.0,662.47,2
Sat_00513,Saturday,"Pak 'n Save Mt Albert,New World Green Bay",8,36.9,144,180.9,663.44,0.0,0.0,663.44,2
Sat_00514,Saturday,"New World Mt Albert,New World Eastridge",6,73.0,108,181.0,663.65,0.0,0.0,663.65,2
Sat_00515,Saturday,"Four Square Hobsonville,New World Long Bay",4,109.0,72,181.0,663.67,0.0,0.0,663.67,2
Sat_00516,Saturday,"New World New Lynn,New World Hobsonville",6,73.1,108,181.1,664.14,0.0,0.0,664.14,2
Sat_00517,Saturday,"Four Square Glen Eden,New World Ormiston",4,109.2,72,181.2,664.4,0.0,0.0,664.4,2
Sat_00518,Saturday,"New World Point Chevalier,New World Stonefields",6,73.5,108,181.5,665.38,0.0,0.0,665.38,2
Sat_00519,Saturday,"New World Remuera,New World Botany",5,91.5,90,181.5,665.53,0.0,0.0,665.53,2
Sat_00520,Saturday,Pak 'n Save Ormiston,6,73.6,108,181.6,665.94,0.0,0.0,665.94,1
Sat_00521,Saturday,"Four Square Ellerslie,New World Albany",4,109.6,72,181.6,666.0,0.0,0.0,666.0,2
Sat_00522,Saturday,"New World Green Bay,New World Papatoetoe",6,73.7,108,181.7,666.2,0.0,0.0,666.2,2
Sat_00523,Saturday,"Four Square Remuera,New World Albany",4,109.8,72,181.8,666.51,0.0,0.0,666.51,2
Sat_00524,Saturday,"New World Remuera,Four Square Remuera,New World Eastridge",6,73.8,108,181.8,666.51,0.0,0.0,666.51,3
Sat_00525,Saturday,"Four Square Glen Eden,New World Albany",4,109.8,72,181.8,666.58,0.0,0.0,666.58,2
Sat_00526,Saturday,"Four Square Fair Price Henderson,New World Southmall",4,109.8,72,181.8,666.6,0.0,0.0,666.6,2
Sat_00527,Saturday,Pak 'n Save Henderson,7,55.9,126,181.9,666.79,0.0,0.0,666.79,1
Sat_00528,Saturday,"Four Square Onehunga,New World Long Bay",4,109.9,72,181.9,666.88,0.0,0.0,666.88,2
Sat_00529,Saturday,"Four Square Eden Terrace,New World Victoria Park,New World Remuera",6,74.0,108,182.0,667.29,0.0,0.0,667.29,3
Sat_00530,Saturday,"New World Mt Roskill,New World New Lynn,New World Green Bay",8,38.1,144,182.1,667.63,0.0,0.0,667.63,3
Sat_00531,Saturday,"New World Mt Albert,New World Birkenhead",6,74.2,108,182.2,667.94,0.0,0.0,667.94,2
Sat_00532,Saturday,"New World Mt Roskill,New World Point Chevalier,New World Metro Queen St",7,56.2,126,182.2,668.04,0.0,0.0,668.04,3
Sat_00533,Saturday,"Four Square Onehunga,Four Square Remuera,New World Eastridge,Four Square Eden Terrace",6,74.3,108,182.3,668.56,0.0,0.0,668.56,4
Sat_00534,Saturday,"New World Mt Roskill,New World Devonport",5,92.5,90,182.5,669.14,0.0,0.0,669.14,2
Sat_00535,Saturday,"Four Square Glen Eden,Pak 'n Save Westgate",6,74.5,108,182.5,669.18,0.0,0.0,669.18,2
Sat_00536,Saturday,"New World Metro Queen St,New World Remuera,Four Square St Heliers",5,92.6,90,182.6,669.54,0.0,0.0,669.54,3
Sat_00537,Saturday,"Pak 'n Save Mt Albert,New World Metro Shore City",6,74.6,108,182.6,669.7,0.0,0.0,669.7,2
Sat_00538,Saturday,"New World Remuera,New World Hobsonville",5,92.7,90,182.7,669.91,0.0,0.0,669.91,2
Sat_00539,Saturday,"New World Albany,Four Square Torbay",4,110.8,72,182.8,670.1,0.0,0.0,670.1,2
Sat_00540,Saturday,"New World Mt Albert,Four Square Torbay",4,110.9,72,182.9,670.49,0.0,0.0,670.49,2
Sat_00541,Saturday,"Four Square Botany Junction,Four Square Torbay",2,147.0,36,183.0,670.95,0.0,0.0,670.95,2
Sat_00542,Saturday,"New World Southmall,New World Metro Shore City",4,111.1,72,183.1,671.36,0.0,0.0,671.36,2
Sat_00543,Saturday,"New World Papatoetoe,Four Square Lancaster",4,111.1,72,183.1,671.53,0.0,0.0,671.53,2
Sat_00544,Saturday,"New World Stonefields,Four Square Lancaster",4,111.3,72,183.3,672.27,0.0,0.0,672.27,2
Sat_00545,Saturday,"New World Mt Roskill,Pak 'n Save Mangere",8,39.4,144,183.4,672.28,0.0,0.0,672.28,2
Sat_00546,Saturday,"New World Papatoetoe,New World Ormiston",6,75.4,108,183.4,672.36,0.0,0.0,672.36,2
Sat_00547,Saturday,"New World Mt Roskill,Pak 'n Save Mt Albert,Four Square Onehunga",8,39.4,144,183.4,672.62,0.0,0.0,672.62,3
Sat_00548,Saturday,"New World Hobsonville,Four Square Torbay",4,111.5,72,183.5,672.67,0.0,0.0,672.67,2
Sat_00549,Saturday,"New World Point Chevalier,New World Papatoetoe",6,75.6,108,183.6,673.03,0.0,0.0,673.03,2
Sat_00550,Saturday,"New World Point Chevalier,New World Metro Queen St,Four Square Ellerslie",6,75.7,108,183.7,673.48,0.0,0.0,673.48,3
Sat_00551,Saturday,"New World Victoria Park,New World Birkenhead",6,75.7,108,183.7,673.67,0.0,0.0,673.67,2
Sat_00552,Saturday,"New World Point Chevalier,New World Metro Queen St,Four Square Remuera",6,75.8,108,183.8,674.0,0.0,0.0,674.0,3
Sat_00553,Saturday,"New World Mt Roskill,Four Square Onehunga,Four Square Ellerslie,New World Newmarket",7,57.9,126,183.9,674.35,0.0,0.0,674.35,4
Sat_00554,Saturday,"New World Ormiston,Four Square St Heliers",4,112.0,72,184.0,674.82,0.0,0.0,674.82,2
Sat_00555,Saturday,"New World Point Chevalier,Four Square Eden Terrace,New World Newmarket",7,58.1,126,184.1,674.89,0.0,0.0,674.89,3
Sat_00556,Saturday,"Four Square Eden Terrace,Four Square Ellerslie,Four Square Remuera,New World Stonefields",6,76.1,108,184.1,675.1,0.0,0.0,675.1,4
Sat_00557,Saturday,"New World Mt Roskill,Four Square Onehunga,Four Square Remuera,New World Newmarket",7,58.3,126,184.3,675.9,0.0,0.0,675.9,4
Sat_00558,Saturday,"New World Remuera,New World Milford",5,94.4,90,184.4,675.96,0.0,0.0,675.96,2
Sat_00559,Saturday,"New World Mt Albert,New World New Lynn,Four Square Glen Eden",7,58.6,126,184.6,676.78,0.0,0.0,676.78,3
Sat_00560,Saturday,"New World Birkenhead,Four Square Lancaster,New World Metro Shore City",5,94.8,90,184.8,677.61,0.0,0.0,677.61,3
Sat_00561,Saturday,"Four Square Eden Terrace,New World Long Bay",4,112.9,72,184.9,677.95,0.0,0.0,677.95,2
Sat_00562,Saturday,"New World Mt Roskill,New World Mt Albert,New World New Lynn",8,41.0,144,185.0,678.16,0.0,0.0,678.16,3
Sat_00563,Saturday,"New World Remuera,New World Browns Bay",4,113.1,72,185.1,678.59,0.0,0.0,678.59,2
Sat_00564,Saturday,"New World Point Chevalier,New World Eastridge",6,77.2,108,185.2,679.08,0.0,0.0,679.08,2
Sat_00565,Saturday,"New World Victoria Park,Four Square Pakuranga Heights",5,95.2,90,185.2,679.23,0.0,0.0,679.23,2
Sat_00566,Saturday,"New World Mt Albert,New World New Lynn,Four Square Onehunga",7,59.3,126,185.3,679.47,0.0,0.0,679.47,3
Sat_00567,Saturday,"New World Metro Queen St,New World Ormiston",5,95.5,90,185.5,680.02,0.0,0.0,680.02,2
Sat_00568,Saturday,"Four Square Ellerslie,New World Devonport",4,113.5,72,185.5,680.29,0.0,0.0,680.29,2
Sat_00569,Saturday,"New World Newmarket,Four Square Torbay",4,113.5,72,185.5,680.33,0.0,0.0,680.33,2
Sat_00570,Saturday,"Pak 'n Save Mt Albert,New World Remuera",7,59.6,126,185.6,680.4,0.0,0.0,680.4,2
Sat_00571,Saturday,"Four Square Remuera,New World Devonport",4,113.7,72,185.7,680.81,0.0,0.0,680.81,2
Sat_00572,Saturday,"Four Square Hobsonville,New World Browns Bay,Four Square Torbay",4,113.8,72,185.8,681.42,0.0,0.0,681.42,3
Sat_00573,Saturday,Pak 'n Save Papakura,6,77.9,108,185.9,681.49,0.0,0.0,681.49,1
Sat_00574,Saturday,"Four Square Onehunga,Pak 'n Save Sylvia Park",7,60.2,126,186.2,682.59,0.0,0.0,682.59,2
Sat_00575,Saturday,"New World Point Chevalier,Four Square Eden Terrace,New World Victoria Park",7,60.2,126,186.2,682.81,0.0,0.0,682.81,3
Sat_00576,Saturday,"Four Square Hobsonville,New World Devonport",4,114.3,72,186.3,683.19,0.0,0.0,683.19,2
Sat_00577,Saturday,"New World Metro Shore City,New World Long Bay",4,114.3,72,186.3,683.24,0.0,0.0,683.24,2
Sat_00578,Saturday,"New World Point Chevalier,New World Birkenhead",6,78.4,108,186.4,683.38,0.0,0.0,683.38,2
Sat_00579,Saturday,"New World Birkenhead,Four Square St Heliers",4,114.4,72,186.4,683.5,0.0,0.0,683.5,2
Sat_00580,Saturday,"New World Southmall,Four Square Pakuranga Heights",5,96.5,90,186.5,683.68,0.0,0.0,683.68,2
Sat_00581,Saturday,"Four Square Onehunga,New World Remuera,Four Square Remuera,New World Newmarket",7,60.5,126,186.5,683.68,0.0,0.0,683.68,4
Sat_00582,Saturday,"New World Point Chevalier,Four Square Torbay",4,114.5,72,186.5,683.81,0.0,0.0,683.81,2
Sat_00583,Saturday,"Four Square Botany Junction,New World Birkenhead",4,114.5,72,186.5,683.87,0.0,0.0,683.87,2
Sat_00584,Saturday,"Four Square Eden Terrace,New World Metro Queen St,New World Eastridge",6,78.5,108,186.5,683.92,0.0,0.0,683.92,3
Sat_00585,Saturday,"New World Metro Queen St,New World Botany",5,96.5,90,186.5,684.0,0.0,0.0,684.0,2
Sat_00586,Saturday,"New World Papatoetoe,New World Stonefields",6,78.6,108,186.6,684.24,0.0,0.0,684.24,2
Sat_00587,Saturday,"New World Milford,Four Square Torbay",4,114.8,72,186.8,684.97,0.0,0.0,684.97,2
Sat_00588,Saturday,"New World Stonefields,New World Eastridge",6,78.9,108,186.9,685.25,0.0,0.0,685.25,2
Sat_00589,Saturday,"New World Metro Queen St,New World Albany",5,96.9,90,186.9,685.28,0.0,0.0,685.28,2
Sat_00590,Saturday,"Four Square Fair Price Henderson,New World Ormiston",4,115.2,72,187.2,686.26,0.0,0.0,686.26,2
Sat_00591,Saturday,"Four Square St Heliers,Four Square Torbay",2,151.2,36,187.2,686.35,0.0,0.0,686.35,2
Sat_00592,Saturday,"New World Mt Albert,New World Milford",6,79.2,108,187.2,686.37,0.0,0.0,686.37,2
Sat_00593,Saturday,"New World New Lynn,Four Square Pakuranga Heights",5,97.3,90,187.3,686.68,0.0,0.0,686.68,2
Sat_00594,Saturday,"New World Mt Albert,New World Green Bay,Four Square Glen Eden",7,61.3,126,187.3,686.79,0.0,0.0,686.79,3
Sat_00595,Saturday,"Four Square Glen Eden,New World Botany",4,115.4,72,187.4,687.06,0.0,0.0,687.06,2
Sat_00596,Saturday,"New World Metro Shore City,Pak 'n Save Wairau Road",6,79.6,108,187.6,687.75,0.0,0.0,687.75,2
Sat_00597,Saturday,"New World New Lynn,Four Square Torbay",4,115.9,72,187.9,688.99,0.0,0.0,688.99,2
Sat_00598,Saturday,"New World Victoria Park,New World Stonefields",6,79.9,108,187.9,689.03,0.0,0.0,689.03,2
Sat_00599,Saturday,"Four Square Fair Price Henderson,New World Long Bay",4,115.9,72,187.9,689.05,0.0,0.0,689.05,2
Sat_00600,Saturday,"Four Square Eden Terrace,New World Newmarket,New World Victoria Park",7,61.9,126,187.9,689.13,0.0,0.0,689.13,3
Sat_00601,Saturday,"Four Square Onehunga,Pak 'n Save Wairau Road",6,80.0,108,188.0,689.26,0.0,0.0,689.26,2
Sat_00602,Saturday,"New World Green Bay,New World Hobsonville",6,80.0,108,188.0,689.39,0.0,0.0,689.39,2
Sat_00603,Saturday,"Four Square Eden Terrace,Four Square Ellerslie,Four Square Remuera,New World Eastridge",6,80.1,108,188.1,689.67,0.0,0.0,689.67,4
Sat_00604,Saturday,"Four Square Fair Price Henderson,New World Botany",4,116.2,72,188.2,690.23,0.0,0.0,690.23,2
Sat_00605,Saturday,"Four Square Lancaster,New World Devonport",4,116.4,72,188.4,690.69,0.0,0.0,690.69,2
Sat_00606,Saturday,"Pak 'n Save Mt Albert,Four Square Botany Junction",6,80.5,108,188.5,691.04,0.0,0.0,691.04,2
Sat_00607,Saturday,"New World Green Bay,Four Square Glen Eden,New World Point Chevalier",7,62.5,126,188.5,691.34,0.0,0.0,691.34,3
Sat_00608,Saturday,Pak 'n Save Glen Innes,6,80.7,108,188.7,691.98,0.0,0.0,691.98,1
Sat_00609,Saturday,"New World Victoria Park,New World Milford",6,80.8,108,188.8,692.09,0.0,0.0,692.09,2
Sat_00610,Saturday,"Pak 'n Save Royal Oak,Four Square Glen Eden",7,63.0,126,189.0,693.07,0.0,0.0,693.07,2
Sat_00611,Saturday,"New World Newmarket,New World Birkenhead",6,81.1,108,189.1,693.26,0.0,0.0,693.26,2
Sat_00612,Saturday,"Four Square Onehunga,Pak 'n Save Manukau",7,63.1,126,189.1,693.43,0.0,0.0,693.43,2
Sat_00613,Saturday,"New World Eastridge,Four Square Lancaster",4,117.3,72,189.3,694.21,0.0,0.0,694.21,2
Sat_00614,Saturday,"New World Metro Shore City,New World Ormiston",4,117.3,72,189.3,694.25,0.0,0.0,694.25,2
Sat_00615,Saturday,"New World Green Bay,Four Square Pakuranga Heights",5,99.4,90,189.4,694.35,0.0,0.0,694.35,2
Sat_00616,Saturday,"New World Victoria Park,New World Browns Bay",5,99.5,90,189.5,694.71,0.0,0.0,694.71,2
Sat_00617,Saturday,"Four Square Hobsonville,New World Southmall",4,117.5,72,189.5,694.73,0.0,0.0,694.73,2
Sat_00618,Saturday,"New World Hobsonville,Four Square Botany Junction",4,117.5,72,189.5,694.87,0.0,0.0,694.87,2
Sat_00619,Saturday,"Four Square Glen Eden,New World Papakura",4,117.5,72,189.5,695.01,0.0,0.0,695.01,2
Sat_00620,Saturday,"New World Remuera,Four Square Ellerslie,New World Eastridge",6,81.6,108,189.6,695.12,0.0,0.0,695.12,3
Sat_00621,Saturday,"Four Square Onehunga,New World New Lynn,New World Point Chevalier",7,63.8,126,189.8,695.85,0.0,0.0,695.85,3
Sat_00622,Saturday,"Four Square Onehunga,Pak 'n Save Highland Park",6,81.9,108,189.9,696.43,0.0,0.0,696.43,2
Sat_00623,Saturday,"New World New Lynn,New World Stonefields",6,82.0,108,190.0,696.49,0.0,0.0,696.49,2
Sat_00624,Saturday,"New World Metro Shore City,New World Milford,Four Square Lancaster",5,100.0,90,190.0,696.65,0.0,0.0,696.65,3
Sat_00625,Saturday,"New World Hobsonville,Four Square St Heliers",4,118.0,72,190.0,696.66,0.0,0.0,696.66,2
Sat_00626,Saturday,"New World Mt Albert,New World Green Bay,Four Square Onehunga",7,64.1,126,190.1,696.93,0.0,0.0,696.93,3
Sat_00627,Saturday,"New World Mt Albert,Four Square Eden Terrace,New World Remuera,Four Square Remuera",7,64.1,126,190.1,696.98,0.0,0.0,696.98,4
Sat_00628,Saturday,"New World Mt Albert,New World Newmarket,Four Square Remuera",7,64.2,126,190.2,697.52,0.0,0.0,697.52,3
Sat_00629,Saturday,"New World Albany,New World Browns Bay",5,100.2,90,190.2,697.57,0.0,0.0,697.57,2
Sat_00630,Saturday,Pak 'n Save Botany,6,82.3,108,190.3,697.73,0.0,0.0,697.73,1
Sat_00631,Saturday,"New World Metro Shore City,New World Botany",4,118.4,72,190.4,698.22,0.0,0.0,698.22,2
Sat_00632,Saturday,"New World Victoria Park,New World Metro Queen St,New World Metro Shore City",6,82.5,108,190.5,698.42,0.0,0.0,698.42,3
Sat_00633,Saturday,"New World Mt Albert,New World Southmall",6,82.5,108,190.5,698.51,0.0,0.0,698.51,2
Sat_00634,Saturday,"Pak 'n Save Mt Albert,Four Square Onehunga,Four Square Ellerslie",7,64.5,126,190.5,698.57,0.0,0.0,698.57,3
Sat_00635,Saturday,"New World Newmarket,New World Southmall",6,82.7,108,190.7,699.32,0.0,0.0,699.32,2
Sat_00636,Saturday,"New World Victoria Park,New World Papatoetoe",6,82.7,108,190.7,699.35,0.0,0.0,699.35,2
Sat_00637,Saturday,"New World Victoria Park,New World Metro Shore City,Four Square Lancaster",5,100.8,90,190.8,699.49,0.0,0.0,699.49,3
Sat_00638,Saturday,"New World Metro Queen St,New World Devonport",5,100.8,90,190.8,699.57,0.0,0.0,699.57,2
Sat_00639,Saturday,"Four Square Eden Terrace,Pak 'n Save Wairau Road",6,83.0,108,191.0,700.33,0.0,0.0,700.33,2
Sat_00640,Saturday,"New World Southmall,New World Ormiston",6,83.1,108,191.1,700.81,0.0,0.0,700.81,2
Sat_00641,Saturday,"New World Papatoetoe,New World Botany",6,83.2,108,191.2,700.89,0.0,0.0,700.89,2
Sat_00642,Saturday,"New World Metro Shore City,New World Browns Bay,Four Square Torbay",4,119.2,72,191.2,700.99,0.0,0.0,700.99,3
Sat_00643,Saturday,"New World Birkenhead,Four Square Torbay",4,119.3,72,191.3,701.33,0.0,0.0,701.33,2
Sat_00644,Saturday,"New World Remuera,New World Howick",5,101.3,90,191.3,701.56,0.0,0.0,701.56,2
Sat_00645,Saturday,"New World Point Chevalier,New World Milford",6,83.4,108,191.4,701.8,0.0,0.0,701.8,2
Sat_00646,Saturday,"New World Milford,Four Square St Heliers",4,119.4,72,191.4,701.92,0.0,0.0,701.92,2
Sat_00647,Saturday,"New World Mt Roskill,New World New Lynn,New World Point Chevalier",8,47.4,144,191.4,701.95,0.0,0.0,701.95,3
Sat_00648,Saturday,"Four Square Botany Junction,New World Milford",4,119.5,72,191.5,702.29,0.0,0.0,702.29,2
Sat_00649,Saturday,"New World Victoria Park,New World Eastridge",6,83.7,108,191.7,702.72,0.0,0.0,702.72,2
Sat_00650,Saturday,"Four Square Onehunga,New World Point Chevalier,New World Green Bay",7,65.9,126,191.9,703.46,0.0,0.0,703.46,3
Sat_00651,Saturday,"Four Square Eden Terrace,New World Newmarket,New World Remuera,Four Square Remuera",7,66.0,126,192.0,704.06,0.0,0.0,704.06,4
Sat_00652,Saturday,"New World Green Bay,New World Stonefields",6,84.0,108,192.0,704.15,0.0,0.0,704.15,2
Sat_00653,Saturday,"New World New Lynn,New World Southmall",6,84.1,108,192.1,704.25,0.0,0.0,704.25,2
Sat_00654,Saturday,"New World Mt Albert,New World Browns Bay",5,102.1,90,192.1,704.46,0.0,0.0,704.46,2
Sat_00655,Saturday,"Four Square Botany Junction,New World Browns Bay",3,138.3,54,192.3,704.92,0.0,0.0,704.92,2
Sat_00656,Saturday,"Four Square Lancaster,New World Long Bay",4,120.3,72,192.3,705.11,0.0,0.0,705.11,2
Sat_00657,Saturday,"Pak 'n Save Mt Albert,Four Square Onehunga,Four Square Remuera",7,66.3,126,192.3,705.11,0.0,0.0,705.11,3
Sat_00658,Saturday,"Four Square Onehunga,Four Square Ellerslie,New World Stonefields,New World Remuera",7,66.4,126,192.4,705.4,0.0,0.0,705.4,4
Sat_00659,Saturday,"New World Newmarket,New World Hobsonville",6,84.4,108,192.4,705.63,0.0,0.0,705.63,2
Sat_00660,Saturday,"New World Remuera,New World Papakura",5,102.5,90,192.5,705.67,0.0,0.0,705.67,2
Sat_00661,Saturday,"New World Mt Roskill,New World Mt Albert,New World Victoria Park",8,48.5,144,192.5,705.84,0.0,0.0,705.84,3
Sat_00662,Saturday,"New World Victoria Park,New World Hobsonville",6,84.7,108,192.7,706.43,0.0,0.0,706.43,2
Sat_00663,Saturday,"New World Remuera,New World Eastridge,Four Square St Heliers",6,84.7,108,192.7,706.52,0.0,0.0,706.52,3
Sat_00664,Saturday,"New World Hobsonville,New World Browns Bay",5,102.7,90,192.7,706.64,0.0,0.0,706.64,2
Sat_00665,Saturday,"New World Mt Roskill,Four Square Onehunga,Pak 'n Save Royal Oak",9,31.0,162,193.0,707.69,0.0,0.0,707.69,3
Sat_00666,Saturday,"Four Square Pakuranga Heights,Four Square Botany Junction,New World Ormiston",6,85.0,108,193.0,707.83,0.0,0.0,707.83,3
Sat_00667,Saturday,"Four Square Fair Price Henderson,New World Devonport",4,121.2,72,193.2,708.57,0.0,0.0,708.57,2
Sat_00668,Saturday,"Pak 'n Save Mangere,Four Square Eden Terrace",7,67.3,126,193.3,708.62,0.0,0.0,708.62,2
Sat_00669,Saturday,"New World Mt Roskill,New World Long Bay",5,103.3,90,193.3,708.79,0.0,0.0,708.79,2
Sat_00670,Saturday,"Four Square Pakuranga Heights,Four Square Torbay",3,139.3,54,193.3,708.88,0.0,0.0,708.88,2
Sat_00671,Saturday,"New World Mt Roskill,Four Square Onehunga,Four Square Eden Terrace,New World Green Bay",7,67.4,126,193.4,709.12,0.0,0.0,709.12,4
Sat_00672,Saturday,"New World Ormiston,New World Botany",6,85.5,108,193.5,709.57,0.0,0.0,709.57,2
Sat_00673,Saturday,"New World Newmarket,New World Remuera,Four Square Remuera,Four Square Ellerslie",7,67.6,126,193.6,709.85,0.0,0.0,709.85,4
Sat_00674,Saturday,"New World Newmarket,New World Remuera,New World Metro Queen St",7,67.7,126,193.7,710.09,0.0,0.0,710.09,3
Sat_00675,Saturday,"New World Mt Roskill,Pak 'n Save Mt Albert,Four Square Glen Eden",8,49.7,144,193.7,710.11,0.0,0.0,710.11,3
Sat_00676,Saturday,"New World New Lynn,New World Eastridge",6,85.7,108,193.7,710.18,0.0,0.0,710.18,2
Sat_00677,Saturday,"Pak 'n Save Mt Albert,Four Square St Heliers",6,85.7,108,193.7,710.19,0.0,0.0,710.19,2
Sat_00678,Saturday,"Four Square Glen Eden,New World Devonport",4,121.7,72,193.7,710.21,0.0,0.0,710.21,2
Sat_00679,Saturday,"Four Square Hobsonville,New World Albany,New World Metro Shore City",5,103.9,90,193.9,711.04,0.0,0.0,711.04,3
Sat_00680,Saturday,"Pak 'n Save Mt Albert,New World Victoria Park",8,50.0,144,194.0,711.36,0.0,0.0,711.36,2
Sat_00681,Saturday,"New World Mt Roskill,New World Mt Albert,New World Newmarket",8,50.0,144,194.0,711.36,0.0,0.0,711.36,3
Sat_00682,Saturday,"New World Newmarket,New World Milford",6,86.1,108,194.1,711.68,0.0,0.0,711.68,2
Sat_00683,Saturday,"New World Green Bay,New World Southmall",6,86.2,108,194.2,711.92,0.0,0.0,711.92,2
Sat_00684,Saturday,"New World Mt Albert,Four Square Eden Terrace,New World Remuera,Four Square Ellerslie",7,68.3,126,194.3,712.37,0.0,0.0,712.37,4
Sat_00685,Saturday,"New World Remuera,New World Stonefields,Four Square St Heliers",6,86.4,108,194.4,712.88,0.0,0.0,712.88,3
Sat_00686,Saturday,"Pak 'n Save Mt Albert,Four Square Lancaster",6,86.5,108,194.5,713.12,0.0,0.0,713.12,2
Sat_00687,Saturday,"New World Papakura,Four Square St Heliers",4,122.6,72,194.6,713.55,0.0,0.0,713.55,2
Sat_00688,Saturday,"New World Mt Albert,New World Metro Queen St,New World Remuera",7,68.6,126,194.6,713.66,0.0,0.0,713.66,3
Sat_00689,Saturday,"New World Newmarket,New World Metro Queen St,New World Metro Shore City",6,86.8,108,194.8,714.18,0.0,0.0,714.18,3
Sat_00690,Saturday,"New World Green Bay,Four Square Torbay",4,122.8,72,194.8,714.24,0.0,0.0,714.24,2
Sat_00691,Saturday,"New World Newmarket,New World Browns Bay",5,104.8,90,194.8,714.31,0.0,0.0,714.31,2
Sat_00692,Saturday,"Four Square Hobsonville,New World Ormiston",4,122.8,72,194.8,714.4,0.0,0.0,714.4,2
Sat_00693,Saturday,"New World New Lynn,New World Birkenhead",6,86.9,108,194.9,714.48,0.0,0.0,714.48,2
Sat_00694,Saturday,"Four Square Hobsonville,Pak 'n Save Wairau Road",6,86.9,108,194.9,714.7,0.0,0.0,714.7,2
Sat_00695,Saturday,"New World Southmall,Four Square Lancaster",4,122.9,72,194.9,714.79,0.0,0.0,714.79,2
Sat_00696,Saturday,"Four Square Ellerslie,New World Long Bay",4,123.0,72,195.0,714.92,0.0,0.0,714.92,2
Sat_00697,Saturday,"New World Point Chevalier,New World Southmall",6,87.0,108,195.0,714.95,0.0,0.0,714.95,2
Sat_00698,Saturday,"Pak 'n Save Manukau,Four Square Botany Junction",7,69.0,126,195.0,714.96,0.0,0.0,714.96,2
Sat_00699,Saturday,"New World Mt Roskill,New World Green Bay,New World Point Chevalier",8,51.0,144,195.0,715.03,0.0,0.0,715.03,3
Sat_00700,Saturday,"Four Square Remuera,New World Long Bay",4,123.1,72,195.1,715.43,0.0,0.0,715.43,2
Sat_00701,Saturday,"Four Square Glen Eden,New World Long Bay",4,123.1,72,195.1,715.5,0.0,0.0,715.5,2
Sat_00702,Saturday,"Pak 'n Save Westgate,Four Square Ellerslie",6,87.2,108,195.2,715.72,0.0,0.0,715.72,2
Sat_00703,Saturday,"Pak 'n Save Mt Albert,New World Newmarket",8,51.3,144,195.3,716.12,0.0,0.0,716.12,2
Sat_00704,Saturday,"Pak 'n Save Westgate,Four Square Remuera",6,87.3,108,195.3,716.23,0.0,0.0,716.23,2
Sat_00705,Saturday,"New World Victoria Park,New World Metro Queen St,New World Remuera",7,69.5,126,195.5,716.69,0.0,0.0,716.69,3
Sat_00706,Saturday,"New World Metro Queen St,New World Metro Shore City,New World Milford",6,87.5,108,195.5,716.74,0.0,0.0,716.74,3
Sat_00707,Saturday,"Four Square Ellerslie,Pak 'n Save Sylvia Park",7,69.5,126,195.5,716.76,0.0,0.0,716.76,2
Sat_00708,Saturday,Pak 'n Save Albany,6,87.7,108,195.7,717.44,0.0,0.0,717.44,1
Sat_00709,Saturday,"New World Point Chevalier,New World Browns Bay",5,105.8,90,195.8,717.78,0.0,0.0,717.78,2
Sat_00710,Saturday,"New World Green Bay,New World Eastridge",6,87.8,108,195.8,717.85,0.0,0.0,717.85,2
Sat_00711,Saturday,"Pak 'n Save Royal Oak,New World Remuera",8,51.8,144,195.8,717.9,0.0,0.0,717.9,2
Sat_00712,Saturday,"Four Square Hobsonville,New World Botany",4,123.9,72,195.9,718.37,0.0,0.0,718.37,2
Sat_00713,Saturday,"Four Square Onehunga,Four Square Ellerslie,Four Square Remuera,New World Stonefields,Four Square Eden Terrace",7,69.9,126,195.9,718.43,0.0,0.0,718.43,5
Sat_00714,Saturday,"New World Southmall,New World Papakura",6,88.0,108,196.0,718.52,0.0,0.0,718.52,2
Sat_00715,Saturday,"Four Square Eden Terrace,Pak 'n Save Sylvia Park",7,70.0,126,196.0,718.76,0.0,0.0,718.76,2
Sat_00716,Saturday,"New World Milford,New World Browns Bay",5,106.1,90,196.1,718.94,0.0,0.0,718.94,2
Sat_00717,Saturday,"New World Newmarket,New World Ormiston",6,88.1,108,196.1,718.98,0.0,0.0,718.98,2
Sat_00718,Saturday,"New World Newmarket,New World Metro Shore City,Four Square Lancaster",5,106.1,90,196.1,719.09,0.0,0.0,719.09,3
Sat_00719,Saturday,"New World Mt Albert,New World Ormiston",6,88.1,108,196.1,719.18,0.0,0.0,719.18,2
Sat_00720,Saturday,"Pak 'n Save Royal Oak,Four Square Fair Price Henderson",7,70.2,126,196.2,719.29,0.0,0.0,719.29,2
Sat_00721,Saturday,"Four Square Eden Terrace,New World Newmarket,New World Remuera,Four Square Ellerslie",7,70.2,126,196.2,719.45,0.0,0.0,719.45,4
Sat_00722,Saturday,"New World Metro Queen St,New World Eastridge,Four Square St Heliers",6,88.3,108,196.3,719.62,0.0,0.0,719.62,3
Sat_00723,Saturday,"New World Metro Queen St,New World Howick",5,106.4,90,196.4,720.03,0.0,0.0,720.03,2
Sat_00724,Saturday,"New World Papatoetoe,New World Eastridge",6,88.4,108,196.4,720.3,0.0,0.0,720.3,2
Sat_00725,Saturday,"Four Square St Heliers,New World Browns Bay",3,142.5,54,196.5,720.33,0.0,0.0,720.33,2
Sat_00726,Saturday,"Four Square Onehunga,Pak 'n Save Clendon",7,70.6,126,196.6,720.97,0.0,0.0,720.97,2
Sat_00727,Saturday,"New World Newmarket,Four Square Ellerslie,New World Stonefields",7,70.7,126,196.7,721.1,0.0,0.0,721.1,3
Sat_00728,Saturday,"New World Howick,New World Botany",6,88.7,108,196.7,721.35,0.0,0.0,721.35,2
Sat_00729,Saturday,"New World Birkenhead,New World Milford",6,88.8,108,196.8,721.59,0.0,0.0,721.59,2
Sat_00730,Saturday,"New World Remuera,New World Albany",5,106.8,90,196.8,721.6,0.0,0.0,721.6,2
Sat_00731,Saturday,"Four Square Pakuranga Heights,New World Birkenhead",5,106.9,90,196.9,721.81,0.0,0.0,721.81,2
Sat_00732,Saturday,"Pak 'n Save Wairau Road,Four Square Lancaster",6,88.9,108,196.9,722.03,0.0,0.0,722.03,2
Sat_00733,Saturday,"New World Green Bay,New World Birkenhead",6,88.9,108,196.9,722.14,0.0,0.0,722.14,2
Sat_00734,Saturday,"Four Square Ellerslie,Four Square Remuera,New World Eastridge,Four Square St Heliers",6,89.0,108,197.0,722.3,0.0,0.0,722.3,4
Sat_00735,Saturday,"New World Newmarket,New World Botany",6,89.2,108,197.2,722.95,0.0,0.0,722.95,2
Sat_00736,Saturday,"New World New Lynn,New World Browns Bay",5,107.2,90,197.2,722.97,0.0,0.0,722.97,2
Sat_00737,Saturday,"Four Square Glen Eden,New World Howick",4,125.2,72,197.2,723.09,0.0,0.0,723.09,2
Sat_00738,Saturday,"New World Mt Albert,New World Botany",6,89.2,108,197.2,723.16,0.0,0.0,723.16,2
Sat_00739,Saturday,"New World Mt Albert,New World Victoria Park,New World Metro Queen St",8,53.4,144,197.4,723.83,0.0,0.0,723.83,3
Sat_00740,Saturday,"Pak 'n Save Royal Oak,New World Metro Queen St",8,53.4,144,197.4,723.84,0.0,0.0,723.84,2
Sat_00741,Saturday,"New World Metro Queen St,New World Papakura",5,107.5,90,197.5,724.13,0.0,0.0,724.13,2
Sat_00742,Saturday,"Four Square Pakuranga Heights,New World Papakura",5,107.5,90,197.5,724.16,0.0,0.0,724.16,2
Sat_00743,Saturday,"New World Newmarket,Four Square Remuera,New World Stonefields",7,71.8,126,197.8,725.27,0.0,0.0,725.27,3
Sat_00744,Saturday,"New World Mt Roskill,New World Green Bay,Four Square Glen Eden,Four Square Fair Price Henderson",7,71.8,126,197.8,725.27,0.0,0.0,725.27,4
Sat_00745,Saturday,"Pak 'n Save Westgate,New World Metro Shore City",6,89.9,108,197.9,725.66,0.0,0.0,725.66,2
Sat_00746,Saturday,"New World Mt Roskill,Pak 'n Save Wairau Road",7,72.0,126,198.0,726.15,0.0,0.0,726.15,2
Sat_00747,Saturday,"New World Papatoetoe,New World Papakura",6,90.0,108,198.0,726.16,0.0,0.0,726.16,2
Sat_00748,Saturday,"Four Square Fair Price Henderson,New World Howick",4,126.1,72,198.1,726.26,0.0,0.0,726.26,2
Sat_00749,Saturday,"New World Mt Roskill,New World Point Chevalier,New World Newmarket",8,54.2,144,198.2,726.8,0.0,0.0,726.8,3
Sat_00750,Saturday,"New World Southmall,New World Stonefields",6,90.4,108,198.4,727.51,0.0,0.0,727.51,2
Sat_00751,Saturday,"New World Mt Albert,Four Square Eden Terrace,New World Metro Queen St,Four Square Ellerslie",7,72.5,126,198.5,727.76,0.0,0.0,727.76,4
Sat_00752,Saturday,"Four Square Ellerslie,New World Stonefields,Four Square Pakuranga Heights",6,90.5,108,198.5,727.97,0.0,0.0,727.97,3
Sat_00753,Saturday,"New World Mt Albert,Four Square Eden Terrace,New World Metro Queen St,Four Square Remuera",7,72.6,126,198.6,728.28,0.0,0.0,728.28,4
Sat_00754,Saturday,"Pak 'n Save Lincoln Road,Four Square Fair Price Henderson",8,54.8,144,198.8,728.84,0.0,0.0,728.84,2
Sat_00755,Saturday,"Pak 'n Save Mt Albert,Four Square Glen Eden,Four Square Fair Price Henderson",7,72.9,126,198.9,729.12,0.0,0.0,729.12,3
Sat_00756,Saturday,"Four Square Fair Price Henderson,Four Square Hobsonville,New World Albany",5,109.0,90,199.0,729.55,0.0,0.0,729.55,3
Sat_00757,Saturday,"New World Hobsonville,New World Milford",6,91.0,108,199.0,729.8,0.0,0.0,729.8,2
Sat_00758,Saturday,"New World Point Chevalier,New World Hobsonville,Four Square Hobsonville",7,73.1,126,199.1,729.98,0.0,0.0,729.98,3
Sat_00759,Saturday,"New World Mt Roskill,New World Point Chevalier,New World Victoria Park",8,55.2,144,199.2,730.25,0.0,0.0,730.25,3
Sat_00760,Saturday,"Four Square Fair Price Henderson,New World Papakura",4,127.2,72,199.2,730.37,0.0,0.0,730.37,2
Sat_00761,Saturday,"New World Southmall,New World Botany",6,91.2,108,199.2,730.51,0.0,0.0,730.51,2
Sat_00762,Saturday,"Four Square Onehunga,Pak 'n Save Royal Oak,Four Square Ellerslie",8,55.3,144,199.3,730.69,0.0,0.0,730.69,3
Sat_00763,Saturday,"Pak 'n Save Royal Oak,Four Square Ellerslie,Four Square Eden Terrace",8,55.5,144,199.5,731.41,0.0,0.0,731.41,3
Sat_00764,Saturday,"New World Browns Bay,New World Long Bay",5,109.7,90,199.7,732.09,0.0,0.0,732.09,2
Sat_00765,Saturday,"Four Square Remuera,New World Stonefields,Four Square Pakuranga Heights",6,91.7,108,199.7,732.14,0.0,0.0,732.14,3
Sat_00766,Saturday,"Pak 'n Save Mt Albert,Four Square Eden Terrace,New World Metro Queen St",8,55.8,144,199.8,732.75,0.0,0.0,732.75,3
Sat_00767,Saturday,"New World New Lynn,New World Milford",6,91.9,108,199.9,732.9,0.0,0.0,732.9,2
Sat_00768,Saturday,"New World Mt Albert,New World Point Chevalier,New World Metro Queen St",8,55.9,144,199.9,733.01,0.0,0.0,733.01,3
Sat_00769,Saturday,"New World Metro Queen St,New World Long Bay",5,110.2,90,200.2,734.2,0.0,0.0,734.2,2
Sat_00770,Saturday,"New World Metro Shore City,New World Howick",4,128.3,72,200.3,734.25,0.0,0.0,734.25,2
Sat_00771,Saturday,"New World Papatoetoe,Four Square Botany Junction,Four Square Pakuranga Heights",6,92.3,108,200.3,734.29,0.0,0.0,734.29,3
Sat_00772,Saturday,"Four Square Eden Terrace,New World Remuera,Four Square Remuera,New World Stonefields",7,74.3,126,200.3,734.57,0.0,0.0,734.57,4
Sat_00773,Saturday,"New World Point Chevalier,New World Ormiston",6,92.3,108,200.3,734.61,0.0,0.0,734.61,2
Sat_00774,Saturday,"Pak 'n Save Manukau,Four Square Ellerslie",7,74.4,126,200.4,734.75,0.0,0.0,734.75,2
Sat_00775,Saturday,"New World Newmarket,New World Metro Queen St,Four Square St Heliers",6,92.4,108,200.4,734.81,0.0,0.0,734.81,3
Sat_00776,Saturday,"New World Hobsonville,Four Square Lancaster,New World Metro Shore City",5,110.4,90,200.4,734.96,0.0,0.0,734.96,3
Sat_00777,Saturday,"Four Square Remuera,Pak 'n Save Sylvia Park",7,74.5,126,200.5,735.12,0.0,0.0,735.12,2
Sat_00778,Saturday,"New World Birkenhead,New World Browns Bay",5,110.5,90,200.5,735.3,0.0,0.0,735.3,2
Sat_00779,Saturday,"Four Square Pakuranga Heights,New World Howick,Four Square Botany Junction",6,92.6,108,200.6,735.49,0.0,0.0,735.49,3
Sat_00780,Saturday,"Four Square Eden Terrace,Pak 'n Save Manukau",7,74.6,126,200.6,735.54,0.0,0.0,735.54,2
Sat_00781,Saturday,"New World Mt Roskill,Pak 'n Save Manukau",8,56.6,144,200.6,735.66,0.0,0.0,735.66,2
Sat_00782,Saturday,"New World Remuera,New World Devonport",5,110.7,90,200.7,735.9,0.0,0.0,735.9,2
Sat_00783,Saturday,"Four Square Eden Terrace,New World Newmarket,New World Eastridge",7,74.8,126,200.8,736.15,0.0,0.0,736.15,3
Sat_00784,Saturday,"Four Square Ellerslie,Pak 'n Save Highland Park",6,92.8,108,200.8,736.18,0.0,0.0,736.18,2
Sat_00785,Saturday,"Pak 'n Save Mangere,Four Square Glen Eden",7,74.8,126,200.8,736.21,0.0,0.0,736.21,2
Sat_00786,Saturday,"New World Newmarket,Four Square Ellerslie,Four Square Remuera,New World Metro Queen St",7,74.8,126,200.8,736.26,0.0,0.0,736.26,4
Sat_00787,Saturday,"New World Remuera,Four Square Remuera,Four Square Ellerslie,New World Stonefields",7,74.9,126,200.9,736.7,0.0,0.0,736.7,4
Sat_00788,Saturday,"Four Square Botany Junction,Pak 'n Save Ormiston",7,74.9,126,200.9,736.74,0.0,0.0,736.74,2
Sat_00789,Saturday,"Four Square Ellerslie,Pak 'n Save Wairau Road",6,93.1,108,201.1,737.3,0.0,0.0,737.3,2
Sat_00790,Saturday,"New World New Lynn,New World Ormiston",6,93.1,108,201.1,737.42,0.0,0.0,737.42,2
Sat_00791,Saturday,"Pak 'n Save Royal Oak,Four Square Botany Junction",7,75.1,126,201.1,737.54,0.0,0.0,737.54,2
Sat_00792,Saturday,"Pak 'n Save Mt Albert,Four Square Onehunga,Four Square Glen Eden",7,75.1,126,201.1,737.54,0.0,0.0,737.54,3
Sat_00793,Saturday,"New World Victoria Park,New World Albany",6,93.2,108,201.2,737.73,0.0,0.0,737.73,2
Sat_00794,Saturday,"Four Square Remuera,Pak 'n Save Wairau Road",6,93.2,108,201.2,737.82,0.0,0.0,737.82,2
Sat_00795,Saturday,"Four Square Eden Terrace,Pak 'n Save Highland Park",6,93.3,108,201.3,738.18,0.0,0.0,738.18,2
Sat_00796,Saturday,"New World Metro Shore City,New World Papakura",4,129.4,72,201.4,738.36,0.0,0.0,738.36,2
Sat_00797,Saturday,"New World Point Chevalier,New World Botany",6,93.4,108,201.4,738.59,0.0,0.0,738.59,2
Sat_00798,Saturday,"New World Victoria Park,New World Southmall",6,93.4,108,201.4,738.6,0.0,0.0,738.6,2
Sat_00799,Saturday,"New World Mt Albert,New World Victoria Park,New World Metro Shore City",7,75.5,126,201.5,738.85,0.0,0.0,738.85,3
Sat_00800,Saturday,"Four Square Eden Terrace,Four Square Ellerslie,New World Eastridge,Four Square St Heliers",6,93.5,108,201.5,738.92,0.0,0.0,738.92,4
Sat_00801,Saturday,"Pak 'n Save Royal Oak,Four Square St Heliers",7,75.6,126,201.6,739.21,0.0,0.0,739.21,2
Sat_00802,Saturday,"Four Square Eden Terrace,New World Newmarket,Four Square Ellerslie,New World Metro Queen St",7,75.7,126,201.7,739.67,0.0,0.0,739.67,4
Sat_00803,Saturday,"New World Ormiston,Four Square Lancaster",4,129.8,72,201.8,739.83,0.0,0.0,739.83,2
Sat_00804,Saturday,"New World Newmarket,Four Square Remuera,New World Eastridge",7,75.8,126,201.8,739.83,0.0,0.0,739.83,3
Sat_00805,Saturday,"Four Square Fair Price Henderson,Pak 'n Save Wairau Road",6,93.8,108,201.8,740.09,0.0,0.0,740.09,2
Sat_00806,Saturday,"Four Square Eden Terrace,New World Newmarket,Four Square Remuera,New World Metro Queen St",7,75.9,126,201.9,740.18,0.0,0.0,740.18,4
Sat_00807,Saturday,"Four Square Pakuranga Heights,New World Milford",5,111.9,90,201.9,740.23,0.0,0.0,740.23,2
Sat_00808,Saturday,"Four Square Onehunga,Pak 'n Save Glen Innes",7,75.9,126,201.9,740.35,0.0,0.0,740.35,2
Sat_00809,Saturday,"New World Green Bay,New World Milford",6,94.0,108,202.0,740.57,0.0,0.0,740.57,2
Sat_00810,Saturday,"New World Stonefields,New World Botany",6,94.1,108,202.1,740.97,0.0,0.0,740.97,2
Sat_00811,Saturday,"Four Square Lancaster,New World Botany",4,130.3,72,202.3,741.65,0.0,0.0,741.65,2
Sat_00812,Saturday,"New World Mt Albert,Pak 'n Save Royal Oak",9,40.3,162,202.3,741.68,0.0,0.0,741.68,2
Sat_00813,Saturday,"Pak 'n Save Royal Oak,New World Metro Shore City",7,76.6,126,202.6,742.69,0.0,0.0,742.69,2
Sat_00814,Saturday,"Four Square Pakuranga Heights,New World Browns Bay",4,130.6,72,202.6,742.86,0.0,0.0,742.86,2
Sat_00815,Saturday,"New World Papatoetoe,Four Square Botany Junction,New World Ormiston",7,76.7,126,202.7,743.16,0.0,0.0,743.16,3
Sat_00816,Saturday,"Pak 'n Save Mangere,Four Square Botany Junction",7,76.8,126,202.8,743.62,0.0,0.0,743.62,2
Sat_00817,Saturday,"Four Square Botany Junction,Pak 'n Save Highland Park",6,95.1,108,203.1,744.82,0.0,0.0,744.82,2
Sat_00818,Saturday,"New World Green Bay,New World Ormiston",6,95.2,108,203.2,745.08,0.0,0.0,745.08,2
Sat_00819,Saturday,"Four Square Hobsonville,New World Long Bay,Four Square Torbay",5,113.4,90,203.4,745.83,0.0,0.0,745.83,3
Sat_00820,Saturday,"New World Mt Roskill,New World Point Chevalier,Four Square Fair Price Henderson,Four Square Glen Eden",7,77.5,126,203.5,746.07,0.0,0.0,746.07,4
Sat_00821,Saturday,"New World Mt Albert,New World Devonport",6,95.5,108,203.5,746.31,0.0,0.0,746.31,2
Sat_00822,Saturday,"Pak 'n Save Manukau,Four Square Remuera",7,77.6,126,203.6,746.51,0.0,0.0,746.51,2
Sat_00823,Saturday,"New World Howick,Four Square Lancaster",4,131.7,72,203.7,746.74,0.0,0.0,746.74,2
Sat_00824,Saturday,"Four Square Hobsonville,New World Albany,Four Square Lancaster",5,113.7,90,203.7,747.08,0.0,0.0,747.08,3
Sat_00825,Saturday,"Pak 'n Save Royal Oak,Four Square Hobsonville",7,77.8,126,203.8,747.43,0.0,0.0,747.43,2
Sat_00826,Saturday,"New World Mt Albert,New World Albany",6,95.9,108,203.9,747.48,0.0,0.0,747.48,2
Sat_00827,Saturday,"Four Square Botany Junction,New World Albany",4,132.0,72,204.0,747.94,0.0,0.0,747.94,2
Sat_00828,Saturday,"New World Green Bay,New World Browns Bay",5,114.1,90,204.1,748.22,0.0,0.0,748.22,2
Sat_00829,Saturday,"Pak 'n Save Westgate,Four Square Lancaster",6,96.1,108,204.1,748.23,0.0,0.0,748.23,2
Sat_00830,Saturday,"New World Point Chevalier,New World Victoria Park,New World Metro Queen St",8,60.1,144,204.1,748.24,0.0,0.0,748.24,3
Sat_00831,Saturday,"New World Mt Albert,New World Newmarket,New World Metro Queen St",8,60.2,144,204.2,748.57,0.0,0.0,748.57,3
Sat_00832,Saturday,"New World Hobsonville,New World Albany",6,96.5,108,204.5,749.66,0.0,0.0,749.66,2
Sat_00833,Saturday,"New World Mt Albert,Pak 'n Save Westgate",8,60.6,144,204.6,750.08,0.0,0.0,750.08,2
Sat_00834,Saturday,"Four Square Eden Terrace,New World Victoria Park,New World Remuera,Four Square Remuera",7,78.6,126,204.6,750.37,0.0,0.0,750.37,4
Sat_00835,Saturday,"New World Stonefields,New World Ormiston",6,96.9,108,204.9,751.27,0.0,0.0,751.27,2
Sat_00836,Saturday,"New World Metro Queen St,Pak 'n Save Westgate",7,78.9,126,204.9,751.33,0.0,0.0,751.33,2
Sat_00837,Saturday,"New World Victoria Park,New World Devonport",6,97.1,108,205.1,752.03,0.0,0.0,752.03,2
Sat_00838,Saturday,"New World Newmarket,Four Square Ellerslie,New World Eastridge",7,79.2,126,205.2,752.54,0.0,0.0,752.54,3
Sat_00839,Saturday,"New World Point Chevalier,New World Metro Queen St,Four Square Ellerslie,Four Square Remuera",7,79.3,126,205.3,752.7,0.0,0.0,752.7,4
Sat_00840,Saturday,"New World Papatoetoe,Four Square Torbay",4,133.3,72,205.3,752.71,0.0,0.0,752.71,2
Sat_00841,Saturday,"Four Square Eden Terrace,New World Metro Queen St,New World Remuera,Four Square Remuera,Four Square Ellerslie",7,79.4,126,205.4,753.01,0.0,0.0,753.01,5
Sat_00842,Saturday,"New World Point Chevalier,Four Square Eden Terrace,New World Metro Queen St,Four Square Ellerslie",7,79.4,126,205.4,753.04,0.0,0.0,753.04,4
Sat_00843,Saturday,"Four Square Fair Price Henderson,Pak 'n Save Henderson",8,61.5,144,205.5,753.32,0.0,0.0,753.32,2
Sat_00844,Saturday,"New World Stonefields,Four Square Torbay",4,133.5,72,205.5,753.45,0.0,0.0,753.45,2
Sat_00845,Saturday,"New World Point Chevalier,Four Square Eden Terrace,New World Metro Queen St,Four Square Remuera",7,79.5,126,205.5,753.55,0.0,0.0,753.55,4
Sat_00846,Saturday,"Four Square Hobsonville,New World Howick",4,133.7,72,205.7,754.4,0.0,0.0,754.4,2
Sat_00847,Saturday,"Four Square Remuera,Pak 'n Save Highland Park",6,97.8,108,205.8,754.54,0.0,0.0,754.54,2
Sat_00848,Saturday,"Four Square Glen Eden,Pak 'n Save Henderson",8,61.8,144,205.8,754.66,0.0,0.0,754.66,2
Sat_00849,Saturday,"Pak 'n Save Mangere,Four Square Ellerslie",7,79.8,126,205.8,754.67,0.0,0.0,754.67,2
Sat_00850,Saturday,"Four Square Onehunga,Pak 'n Save Botany",7,80.0,126,206.0,755.2,0.0,0.0,755.2,2
Sat_00851,Saturday,"New World Mt Roskill,Pak 'n Save Highland Park",7,80.0,126,206.0,755.32,0.0,0.0,755.32,2
Sat_00852,Saturday,"Four Square Fair Price Henderson,Pak 'n Save Westgate,Four Square Hobsonville",7,80.0,126,206.0,755.52,0.0,0.0,755.52,3
Sat_00853,Saturday,"Four Square Pakuranga Heights,New World Stonefields,Four Square St Heliers",6,98.1,108,206.1,755.56,0.0,0.0,755.56,3
Sat_00854,Saturday,"Four Square Onehunga,Pak 'n Save Lincoln Road",8,62.3,144,206.3,756.55,0.0,0.0,756.55,2
Sat_00855,Saturday,"New World Metro Queen St,Pak 'n Save Wairau Road",7,80.3,126,206.3,756.58,0.0,0.0,756.58,2
Sat_00856,Saturday,"Four Square Ellerslie,New World Stonefields,New World Eastridge",7,80.3,126,206.3,756.6,0.0,0.0,756.6,3
Sat_00857,Saturday,"New World Newmarket,New World Albany",6,98.5,108,206.5,757.32,0.0,0.0,757.32,2
Sat_00858,Saturday,"Four Square Onehunga,Pak 'n Save Ormiston",7,80.8,126,206.8,758.24,0.0,0.0,758.24,2
Sat_00859,Saturday,"New World Victoria Park,New World Ormiston",6,98.8,108,206.8,758.26,0.0,0.0,758.26,2
Sat_00860,Saturday,"Four Square Hobsonville,New World Papakura",4,134.9,72,206.9,758.51,0.0,0.0,758.51,2
Sat_00861,Saturday,"New World Newmarket,New World Howick",6,99.0,108,207.0,758.98,0.0,0.0,758.98,2
Sat_00862,Saturday,"New World Mt Albert,New World Howick",6,99.1,108,207.1,759.18,0.0,0.0,759.18,2
Sat_00863,Saturday,"New World Hobsonville,New World Birkenhead",6,99.1,108,207.1,759.41,0.0,0.0,759.41,2
Sat_00864,Saturday,"New World Papatoetoe,New World Howick",6,99.2,108,207.2,759.77,0.0,0.0,759.77,2
Sat_00865,Saturday,"Four Square Remuera,Pak 'n Save Glen Innes",7,81.3,126,207.3,760.13,0.0,0.0,760.13,2
Sat_00866,Saturday,"Pak 'n Save Mt Albert,New World Mt Albert,Four Square Eden Terrace",9,45.5,162,207.5,760.69,0.0,0.0,760.69,3
Sat_00867,Saturday,"Four Square Remuera,New World Stonefields,New World Eastridge",7,81.5,126,207.5,760.77,0.0,0.0,760.77,3
Sat_00868,Saturday,"New World Point Chevalier,New World Albany",6,99.5,108,207.5,760.8,0.0,0.0,760.8,2
Sat_00869,Saturday,"New World Point Chevalier,New World Devonport",6,99.7,108,207.7,761.74,0.0,0.0,761.74,2
Sat_00870,Saturday,"Pak 'n Save Highland Park,Four Square St Heliers",6,99.8,108,207.8,761.75,0.0,0.0,761.75,2
Sat_00871,Saturday,"New World Milford,New World Albany",6,99.8,108,207.8,761.96,0.0,0.0,761.96,2
Sat_00872,Saturday,"New World Metro Shore City,New World Milford,Four Square Torbay",5,117.8,90,207.8,762.08,0.0,0.0,762.08,3
Sat_00873,Saturday,"Pak 'n Save Mt Albert,New World Papatoetoe",8,63.9,144,207.9,762.22,0.0,0.0,762.22,2
Sat_00874,Saturday,"Four Square Botany Junction,New World Devonport",4,135.9,72,207.9,762.23,0.0,0.0,762.23,2
Sat_00875,Saturday,"New World Victoria Park,New World Botany",6,99.9,108,207.9,762.23,0.0,0.0,762.23,2
Sat_00876,Saturday,"New World Mt Albert,New World Papakura",6,99.9,108,207.9,762.28,0.0,0.0,762.28,2
Sat_00877,Saturday,"Four Square Glen Eden,Pak 'n Save Lincoln Road",8,63.9,144,207.9,762.3,0.0,0.0,762.3,2
Sat_00878,Saturday,"Pak 'n Save Mangere,Four Square Fair Price Henderson",7,81.9,126,207.9,762.44,0.0,0.0,762.44,2
Sat_00879,Saturday,"Four Square Onehunga,New World Remuera,Four Square Remuera,New World Newmarket,Four Square Eden Terrace",8,64.1,144,208.1,762.96,0.0,0.0,762.96,5
Sat_00880,Saturday,"New World Newmarket,New World Papakura",6,100.1,108,208.1,763.09,0.0,0.0,763.09,2
Sat_00881,Saturday,"New World Mt Roskill,Pak 'n Save Clendon",8,64.1,144,208.1,763.2,0.0,0.0,763.2,2
Sat_00882,Saturday,"New World Point Chevalier,New World Victoria Park,New World Metro Shore City",7,82.2,126,208.2,763.27,0.0,0.0,763.27,3
Sat_00883,Saturday,"Four Square Ellerslie,Pak 'n Save Glen Innes",7,82.2,126,208.2,763.32,0.0,0.0,763.32,2
Sat_00884,Saturday,"Four Square St Heliers,New World Albany",4,136.2,72,208.2,763.34,0.0,0.0,763.34,2
Sat_00885,Saturday,"New World Point Chevalier,Pak 'n Save Westgate",8,64.2,144,208.2,763.41,0.0,0.0,763.41,2
Sat_00886,Saturday,"Four Square Onehunga,Four Square Ellerslie,Pak 'n Save Sylvia Park",8,64.2,144,208.2,763.45,0.0,0.0,763.45,3
Sat_00887,Saturday,"New World Southmall,New World Eastridge",6,100.2,108,208.2,763.57,0.0,0.0,763.57,2
Sat_00888,Saturday,"Four Square Eden Terrace,Pak 'n Save Lincoln Road",8,64.3,144,208.3,763.68,0.0,0.0,763.68,2
Sat_00889,Saturday,"New World Point Chevalier,New World Newmarket,New World Metro Queen St",8,64.4,144,208.4,764.0,0.0,0.0,764.0,3
Sat_00890,Saturday,"New World Mt Roskill,Four Square Onehunga,Pak 'n Save Mangere",9,46.5,162,208.5,764.58,0.0,0.0,764.58,3
Sat_00891,Saturday,"New World Southmall,Four Square Botany Junction,Four Square Pakuranga Heights",6,100.5,108,208.5,764.63,0.0,0.0,764.63,3
Sat_00892,Saturday,"Pak 'n Save Royal Oak,New World Newmarket",9,46.7,162,208.7,765.21,0.0,0.0,765.21,2
Sat_00893,Saturday,"New World New Lynn,New World Botany",6,100.7,108,208.7,765.22,0.0,0.0,765.22,2
Sat_00894,Saturday,"New World Metro Shore City,New World Long Bay,Four Square Torbay",5,118.7,90,208.7,765.4,0.0,0.0,765.4,3
Sat_00895,Saturday,"New World Papatoetoe,New World Birkenhead",6,100.8,108,208.8,765.63,0.0,0.0,765.63,2
Sat_00896,Saturday,"New World Hobsonville,Four Square Pakuranga Heights",5,118.9,90,208.9,765.91,0.0,0.0,765.91,2
Sat_00897,Saturday,"New World Mt Roskill,Pak 'n Save Royal Oak,Four Square Eden Terrace",9,46.9,162,208.9,765.91,0.0,0.0,765.91,3
Sat_00898,Saturday,"New World New Lynn,New World Albany",6,100.9,108,208.9,765.99,0.0,0.0,765.99,2
Sat_00899,Saturday,"New World Stonefields,New World Birkenhead",6,101.0,108,209.0,766.38,0.0,0.0,766.38,2
Sat_00900,Saturday,"Pak 'n Save Mangere,Four Square Remuera",7,83.0,126,209.0,766.43,0.0,0.0,766.43,2
Sat_00901,Saturday,"Four Square Glen Eden,Pak 'n Save Wairau Road",6,101.1,108,209.1,766.53,0.0,0.0,766.53,2
Sat_00902,Saturday,"Pak 'n Save Mt Albert,New World Point Chevalier,Four Square Eden Terrace",9,47.1,162,209.1,766.78,0.0,0.0,766.78,3
Sat_00903,Saturday,"Pak 'n Save Royal Oak,New World New Lynn",9,47.1,162,209.1,766.85,0.0,0.0,766.85,2
Sat_00904,Saturday,"Four Square Pakuranga Heights,Pak 'n Save Highland Park",7,83.2,126,209.2,767.07,0.0,0.0,767.07,2
Sat_00905,Saturday,"New World Papatoetoe,New World Hobsonville",6,101.3,108,209.3,767.51,0.0,0.0,767.51,2
Sat_00906,Saturday,"New World New Lynn,New World Papakura",6,101.5,108,209.5,768.03,0.0,0.0,768.03,2
Sat_00907,Saturday,"New World Mt Roskill,Pak 'n Save Mt Albert,New World Mt Albert",10,29.5,180,209.5,768.23,0.0,0.0,768.23,3
Sat_00908,Saturday,"New World Mt Albert,New World Point Chevalier,New World New Lynn",9,47.6,162,209.6,768.39,0.0,0.0,768.39,3
Sat_00909,Saturday,"New World Ormiston,New World Howick",6,101.6,108,209.6,768.44,0.0,0.0,768.44,2
Sat_00910,Saturday,"New World New Lynn,Pak 'n Save Westgate",8,65.6,144,209.6,768.59,0.0,0.0,768.59,2
Sat_00911,Saturday,"New World Papatoetoe,Four Square Botany Junction,New World Southmall",7,83.7,126,209.7,768.75,0.0,0.0,768.75,3
Sat_00912,Saturday,"New World Mt Roskill,Pak 'n Save Lincoln Road",9,48.1,162,210.1,770.0,0.1,0.29,770.29,2
Sat_00913,Saturday,"New World Remuera,New World Long Bay",5,120.1,90,210.1,770.0,0.1,0.74,770.74,2
Sat_00914,Saturday,"New World Mt Roskill,Pak 'n Save Sylvia Park",8,66.2,144,210.2,770.0,0.2,0.95,770.95,2
Sat_00915,Saturday,"Four Square Botany Junction,Pak 'n Save Botany",7,84.3,126,210.3,770.0,0.3,1.66,771.66,2
Sat_00916,Saturday,"Pak 'n Save Clendon,Four Square Botany Junction",7,84.3,126,210.3,770.0,0.3,1.71,771.71,2
Sat_00917,Saturday,"Pak 'n Save Westgate,New World Hobsonville",8,66.3,144,210.3,770.0,0.3,1.78,771.78,2
Sat_00918,Saturday,"Pak 'n Save Westgate,New World Remuera",7,84.4,126,210.4,770.0,0.4,1.87,771.87,2
Sat_00919,Saturday,"New World Newmarket,New World Devonport",6,102.4,108,210.4,770.0,0.4,2.28,772.28,2
Sat_00920,Saturday,"New World Mt Roskill,New World Mt Albert,New World Point Chevalier,Four Square Eden Terrace",9,48.6,162,210.6,770.0,0.6,3.04,773.04,4
Sat_00921,Saturday,"New World Green Bay,New World Botany",6,102.8,108,210.8,770.0,0.8,4.07,774.07,2
Sat_00922,Saturday,"New World Devonport,Four Square Torbay",4,138.9,72,210.9,770.0,0.9,4.54,774.54,2
Sat_00923,Saturday,"New World Ormiston,New World Papakura",6,102.9,108,210.9,770.0,0.9,4.58,774.58,2
Sat_00924,Saturday,"Pak 'n Save Sylvia Park,Four Square Botany Junction",7,84.9,126,210.9,770.0,0.9,4.62,774.62,2
Sat_00925,Saturday,"New World Southmall,Four Square Botany Junction,New World Ormiston",7,85.0,126,211.0,770.0,1.0,4.93,774.93,3
Sat_00926,Saturday,"Pak 'n Save Royal Oak,New World Green Bay",9,49.0,162,211.0,770.0,1.0,5.28,775.28,2
Sat_00927,Saturday,"New World Point Chevalier,Four Square Fair Price Henderson,New World Hobsonville",7,85.0,126,211.0,770.0,1.0,5.28,775.28,3
Sat_00928,Saturday,"Four Square Onehunga,Pak 'n Save Papakura",7,85.0,126,211.0,770.0,1.0,5.33,775.33,2
Sat_00929,Saturday,"New World Newmarket,New World Victoria Park,New World Metro Shore City",7,85.1,126,211.1,770.0,1.1,5.72,775.72,3
Sat_00930,Saturday,"Four Square Eden Terrace,Pak 'n Save Glen Innes",7,85.3,126,211.3,770.0,1.3,6.48,776.48,2
Sat_00931,Saturday,"New World Point Chevalier,New World Howick",6,103.3,108,211.3,770.0,1.3,6.5,776.5,2
Sat_00932,Saturday,"New World Eastridge,Four Square Torbay",4,139.5,72,211.5,770.0,1.5,7.6,777.6,2
Sat_00933,Saturday,"New World Stonefields,New World Howick",6,103.5,108,211.5,770.0,1.5,7.97,777.97,2
Sat_00934,Saturday,"New World Green Bay,New World Papakura",6,103.6,108,211.6,770.0,1.6,8.02,778.02,2
Sat_00935,Saturday,"New World Hobsonville,New World Stonefields",6,103.6,108,211.6,770.0,1.6,8.05,778.05,2
Sat_00936,Saturday,"New World Metro Shore City,Four Square Lancaster,New World Albany",5,121.7,90,211.7,770.0,1.7,8.63,778.63,3
Sat_00937,Saturday,"New World Birkenhead,New World Eastridge",6,103.7,108,211.7,770.0,1.7,8.8,778.8,2
Sat_00938,Saturday,"Pak 'n Save Glen Innes,Four Square St Heliers",7,86.0,126,212.0,770.0,2.0,10.09,780.09,2
Sat_00939,Saturday,"Pak 'n Save Mt Albert,New World Mt Albert,Four Square Onehunga",9,50.0,162,212.0,770.0,2.0,10.56,780.56,3
Sat_00940,Saturday,"Four Square St Heliers,New World Devonport",4,140.1,72,212.1,770.0,2.1,10.77,780.77,2
Sat_00941,Saturday,"New World Birkenhead,New World Albany",6,104.3,108,212.3,770.0,2.3,11.72,781.72,2
Sat_00942,Saturday,"Pak 'n Save Mt Albert,New World Point Chevalier,Four Square Onehunga",9,50.3,162,212.3,770.0,2.3,12.05,782.05,3
Sat_00943,Saturday,"New World Papakura,Four Square Lancaster",4,140.3,72,212.3,770.0,2.3,12.07,782.07,2
Sat_00944,Saturday,"Pak 'n Save Lincoln Road,Four Square Hobsonville",8,68.3,144,212.3,770.0,2.3,12.13,782.13,2
Sat_00945,Saturday,"New World Point Chevalier,New World Papakura",6,104.4,108,212.4,770.0,2.4,12.29,782.29,2
Sat_00946,Saturday,"New World Metro Shore City,New World Albany,Four Square Torbay",5,122.5,90,212.5,770.0,2.5,12.8,782.8,3
Sat_00947,Saturday,"Pak 'n Save Mt Albert,Four Square Pakuranga Heights",7,86.6,126,212.6,770.0,2.6,13.3,783.3,2
Sat_00948,Saturday,"New World Stonefields,Four Square St Heliers,New World Eastridge",7,86.6,126,212.6,770.0,2.6,13.31,783.31,3
Sat_00949,Saturday,"New World Metro Queen St,Four Square Ellerslie,Four Square Remuera,New World Eastridge",7,86.6,126,212.6,770.0,2.6,13.5,783.5,4
Sat_00950,Saturday,"New World Newmarket,New World Remuera,New World Victoria Park",8,68.7,144,212.7,770.0,2.7,13.72,783.72,3
Sat_00951,Saturday,"Pak 'n Save Royal Oak,New World Point Chevalier",9,50.7,162,212.7,770.0,2.7,13.89,783.89,2
Sat_00952,Saturday,"Pak 'n Save Mt Albert,New World Hobsonville",8,68.7,144,212.7,770.0,2.7,14.08,784.08,2
Sat_00953,Saturday,"New World Milford,New World Devonport",6,104.9,108,212.9,770.0,2.9,15.05,785.05,2
Sat_00954,Saturday,"New World Metro Shore City,New World Devonport,Four Square Lancaster",5,123.3,90,213.3,770.0,3.3,17.12,787.12,3
Sat_00955,Saturday,"Pak 'n Save Mt Albert,New World New Lynn,Four Square Glen Eden",9,51.5,162,213.5,770.0,3.5,18.18,788.18,3
Sat_00956,Saturday,"New World Mt Albert,Four Square Eden Terrace,New World Metro Queen St,New World Remuera",8,69.6,144,213.6,770.0,3.6,18.84,788.84,4
Sat_00957,Saturday,"New World Remuera,Four Square Remuera,New World Stonefields,Four Square St Heliers",7,87.7,126,213.7,770.0,3.7,19.09,789.09,4
Sat_00958,Saturday,"New World Mt Albert,New World Point Chevalier,Four Square Eden Terrace,Four Square Remuera",8,69.7,144,213.7,770.0,3.7,19.13,789.13,4
Sat_00959,Saturday,"New World Eastridge,New World Botany",6,105.7,108,213.7,770.0,3.7,19.28,789.28,2
Sat_00960,Saturday,"New World Papatoetoe,New World Milford",6,105.8,108,213.8,770.0,3.8,19.81,789.81,2
Sat_00961,Saturday,"New World Mt Roskill,New World Mt Albert,Four Square Eden Terrace,New World Newmarket",9,51.9,162,213.9,770.0,3.9,19.93,789.93,4
Sat_00962,Saturday,"New World Stonefields,New World Milford",6,106.0,108,214.0,770.0,4.0,20.85,790.85,2
Sat_00963,Saturday,"New World Victoria Park,New World Birkenhead,Four Square Lancaster",7,88.0,126,214.0,770.0,4.1,20.93,790.92,3
Sat_00964,Saturday,"Pak 'n Save Mt Albert,New World New Lynn,Four Square Onehunga",9,52.3,162,214.3,770.0,4.3,21.97,791.97,3
Sat_00965,Saturday,"Four Square Pakuranga Heights,New World Albany",5,124.3,90,214.3,770.0,4.3,22.37,792.37,2
Sat_00966,Saturday,"Pak 'n Save Royal Oak,Four Square Lancaster",7,88.4,126,214.4,770.0,4.4,22.71,792.71,2
Sat_00967,Saturday,"New World Victoria Park,New World Long Bay",6,106.5,108,214.5,770.0,4.5,23.46,793.46,2
Sat_00968,Saturday,"New World Mt Roskill,Pak 'n Save Royal Oak,Four Square Ellerslie",9,52.5,162,214.5,770.0,4.5,23.48,793.48,3
Sat_00969,Saturday,"New World Papatoetoe,New World Browns Bay",5,124.5,90,214.5,770.0,4.5,23.51,793.51,2
Sat_00970,Saturday,"Four Square Hobsonville,New World Albany,New World Browns Bay",6,106.6,108,214.6,770.0,4.6,23.93,793.93,3
Sat_00971,Saturday,"New World Stonefields,New World Browns Bay",5,124.8,90,214.8,770.0,4.8,24.55,794.55,2
Sat_00972,Saturday,"Pak 'n Save Sylvia Park,Four Square St Heliers",7,88.8,126,214.8,770.0,4.8,24.7,794.7,2
Sat_00973,Saturday,"New World Mt Roskill,Pak 'n Save Mt Albert,New World Point Chevalier",10,34.8,180,214.8,770.0,4.8,24.76,794.76,3
Sat_00974,Saturday,"Four Square Onehunga,Pak 'n Save Henderson",8,70.8,144,214.8,770.0,4.8,24.89,794.89,2
Sat_00975,Saturday,"Four Square Onehunga,Four Square Remuera,Pak 'n Save Sylvia Park",8,70.9,144,214.9,770.0,4.9,25.12,795.12,3
Sat_00976,Saturday,"Four Square Onehunga,New World Remuera,Four Square Remuera,New World Stonefields,Four Square Eden Terrace",8,70.9,144,214.9,770.0,4.9,25.45,795.45,5
Sat_00977,Saturday,"Four Square Onehunga,Four Square Remuera,Pak 'n Save Mangere",8,71.0,144,215.0,770.0,5.0,25.83,795.83,3
Sat_00978,Saturday,"New World Newmarket,New World Metro Shore City,New World Milford",7,89.1,126,215.1,770.0,5.1,26.47,796.47,3
Sat_00979,Saturday,"Pak 'n Save Mt Albert,New World Stonefields",8,71.2,144,215.2,770.0,5.2,27.11,797.11,2
Sat_00980,Saturday,"New World Southmall,New World Howick",6,107.3,108,215.3,770.0,5.3,27.31,797.31,2
Sat_00981,Saturday,"New World Hobsonville,New World Eastridge",6,107.3,108,215.3,770.0,5.3,27.35,797.35,2
Sat_00982,Saturday,"New World Newmarket,New World Remuera,New World Stonefields",8,71.5,144,215.5,770.0,5.5,28.48,798.48,3
Sat_00983,Saturday,"New World Remuera,Pak 'n Save Sylvia Park",8,71.5,144,215.5,770.0,5.5,28.49,798.49,2
Sat_00984,Saturday,"Pak 'n Save Mangere,Four Square Hobsonville",7,89.6,126,215.6,770.0,5.6,28.99,798.99,2
Sat_00985,Saturday,"Four Square Ellerslie,Pak 'n Save Ormiston",7,89.7,126,215.7,770.0,5.7,29.63,799.63,2
Sat_00986,Saturday,"New World Green Bay,New World Albany",6,107.8,108,215.8,770.0,5.8,29.92,799.92,2
Sat_00987,Saturday,"New World Mt Albert,New World Point Chevalier,New World Newmarket",9,53.9,162,215.9,770.0,5.9,30.67,800.67,3
Sat_00988,Saturday,"New World Eastridge,New World Ormiston",6,108.1,108,216.1,770.0,6.1,31.48,801.48,2
Sat_00989,Saturday,"Four Square Eden Terrace,New World Newmarket,New World Remuera,Four Square Remuera,Four Square Ellerslie",8,72.1,144,216.1,770.0,6.1,31.67,801.67,5
Sat_00990,Saturday,"New World Birkenhead,New World Devonport",6,108.2,108,216.2,770.0,6.2,31.87,801.87,2
Sat_00991,Saturday,"Four Square Eden Terrace,New World Newmarket,New World Remuera,New World Metro Queen St",8,72.2,144,216.2,770.0,6.2,32.01,802.01,4
Sat_00992,Saturday,"New World New Lynn,New World Devonport",6,108.2,108,216.2,770.0,6.2,32.18,802.18,2
Sat_00993,Saturday,"New World Remuera,Pak 'n Save Wairau Road",7,90.2,126,216.2,770.0,6.2,32.28,802.28,2
Sat_00994,Saturday,"Four Square Eden Terrace,Pak 'n Save Ormiston",7,90.3,126,216.3,770.0,6.3,32.45,802.45,2
Sat_00995,Saturday,"New World Newmarket,New World Remuera,Four Square Remuera,New World Metro Queen St",8,72.3,144,216.3,770.0,6.3,32.66,802.66,4
Sat_00996,Saturday,"New World Mt Roskill,Pak 'n Save Royal Oak,Four Square Remuera",9,54.3,162,216.3,770.0,6.3,32.69,802.69,3
Sat_00997,Saturday,"Pak 'n Save Royal Oak,New World Victoria Park",9,54.4,162,216.4,770.0,6.4,33.08,803.08,2
Sat_00998,Saturday,"New World Green Bay,Pak 'n Save Westgate",8,72.5,144,216.5,770.0,6.5,33.59,803.59,2
Sat_00999,Saturday,"New World Victoria Park,New World Birkenhead,New World Metro Shore City",7,90.6,126,216.6,770.0,6.6,34.03,804.03,3
Sat_01000,Saturday,"Pak 'n Save Mangere,New World Remuera",8,72.6,144,216.6,770.0,6.6,34.33,804.33,2
Sat_01001,Saturday,"Pak 'n Save Mt Albert,Four Square Eden Terrace,New World Newmarket",9,54.7,162,216.7,770.0,6.7,34.63,804.63,3
Sat_01002,Saturday,"New World Newmarket,Four Square Remuera,Four Square St Heliers,New World Metro Queen St",7,90.7,126,216.7,770.0,6.7,34.78,804.78,4
Sat_01003,Saturday,"Four Square Eden Terrace,Pak 'n Save Henderson",8,72.8,144,216.8,770.0,6.8,34.94,804.94,2
Sat_01004,Saturday,"Four Square Ellerslie,Pak 'n Save Botany",7,90.8,126,216.8,770.0,6.8,35.15,805.15,2
Sat_01005,Saturday,"Four Square Ellerslie,Pak 'n Save Clendon",7,90.8,126,216.8,770.0,6.8,35.16,805.16,2
Sat_01006,Saturday,"New World Mt Albert,New World Point Chevalier,New World Victoria Park",9,54.9,162,216.9,770.0,6.9,35.54,805.54,3
Sat_01007,Saturday,"New World Remuera,Four Square Ellerslie,New World Stonefields,Four Square St Heliers",7,90.9,126,216.9,770.0,6.9,35.63,805.63,4
Sat_01008,Saturday,"New World Stonefields,New World Papakura",6,108.9,108,216.9,770.0,6.9,35.77,805.77,2
Sat_01009,Saturday,"Pak 'n Save Wairau Road,Four Square Torbay",6,109.0,108,217.0,770.0,7.0,36.31,806.31,2
Sat_01010,Saturday,"New World Southmall,Four Square Torbay",4,145.1,72,217.1,770.0,7.1,36.59,806.59,2
Sat_01011,Saturday,"New World Albany,New World Long Bay",6,109.1,108,217.1,770.0,7.1,36.65,806.65,2
Sat_01012,Saturday,"New World Metro Shore City,New World Milford,New World Browns Bay",6,109.1,108,217.1,770.0,7.1,36.71,806.71,3
Sat_01013,Saturday,"New World Mt Roskill,Four Square Onehunga,New World New Lynn,New World Green Bay",9,55.1,162,217.1,770.0,7.1,36.71,806.71,4
Sat_01014,Saturday,"Pak 'n Save Westgate,Four Square Torbay",6,109.1,108,217.1,770.0,7.1,36.81,806.81,2
Sat_01015,Saturday,"Four Square Onehunga,Four Square Ellerslie,Four Square Remuera,New World Remuera,New World Stonefields",8,73.2,144,217.2,770.0,7.2,37.18,807.18,5
Sat_01016,Saturday,"New World Mt Albert,New World Long Bay",6,109.2,108,217.2,770.0,7.2,37.2,807.2,2
Sat_01017,Saturday,"Four Square Onehunga,Pak 'n Save Royal Oak,New World Remuera",9,55.2,162,217.2,770.0,7.2,37.27,807.27,3
Sat_01018,Saturday,"Four Square Botany Junction,New World Long Bay",4,145.3,72,217.3,770.0,7.3,37.85,807.85,2
Sat_01019,Saturday,"Four Square Eden Terrace,Pak 'n Save Botany",7,91.3,126,217.3,770.0,7.3,37.96,807.96,2
Sat_01020,Saturday,"Four Square Eden Terrace,Pak 'n Save Clendon",7,91.4,126,217.4,770.0,7.4,37.98,807.98,2
Sat_01021,Saturday,"New World Mt Roskill,Pak 'n Save Mt Albert,New World Green Bay",10,37.4,180,217.4,770.0,7.4,38.02,808.02,3
Sat_01022,Saturday,"Pak 'n Save Mt Albert,New World Metro Queen St,Four Square Ellerslie",8,73.5,144,217.5,770.0,7.5,38.52,808.52,3
Sat_01023,Saturday,"New World Victoria Park,New World Howick",6,109.7,108,217.7,770.0,7.7,39.82,809.82,2
Sat_01024,Saturday,"New World Hobsonville,New World Long Bay",6,109.8,108,217.8,770.0,7.8,40.28,810.28,2
Sat_01025,Saturday,"Pak 'n Save Westgate,Four Square Botany Junction",6,110.0,108,218.0,770.0,8.0,41.32,811.32,2
Sat_01026,Saturday,"Four Square Pakuranga Heights,New World Devonport",5,128.2,90,218.2,770.0,8.2,42.51,812.51,2
Sat_01027,Saturday,"New World Browns Bay,Four Square Torbay,New World Long Bay",6,110.2,108,218.2,770.0,8.2,42.52,812.52,3
Sat_01028,Saturday,"New World Newmarket,New World Remuera,New World Eastridge",8,74.2,144,218.2,770.0,8.2,42.56,812.56,3
Sat_01029,Saturday,"New World Mt Roskill,Pak 'n Save Ormiston",8,74.3,144,218.3,770.0,8.3,42.94,812.94,2
Sat_01030,Saturday,"New World Green Bay,New World Devonport",6,110.3,108,218.3,770.0,8.3,42.98,812.98,2
Sat_01031,Saturday,"Pak 'n Save Royal Oak,New World Remuera,Four Square Remuera",9,56.4,162,218.4,770.0,8.4,43.65,813.65,3
Sat_01032,Saturday,"Pak 'n Save Westgate,Four Square St Heliers",6,110.5,108,218.5,770.0,8.5,43.84,813.84,2
Sat_01033,Saturday,"New World Mt Roskill,Pak 'n Save Henderson",9,56.5,162,218.5,770.0,8.5,44.13,814.13,2
Sat_01034,Saturday,"New World Mt Roskill,New World Mt Albert,Four Square Eden Terrace,New World New Lynn",9,56.7,162,218.7,770.0,8.7,44.91,814.91,4
Sat_01035,Saturday,"New World Victoria Park,New World Papakura",6,110.8,108,218.8,770.0,8.8,45.61,815.61,2
Sat_01036,Saturday,"Pak 'n Save Mt Albert,Four Square Eden Terrace,New World Victoria Park",9,56.9,162,218.9,770.0,8.9,45.8,815.8,3
Sat_01037,Saturday,"Four Square Glen Eden,Pak 'n Save Manukau",7,92.9,126,218.9,770.0,8.9,45.82,815.82,2
Sat_01038,Saturday,"Pak 'n Save Mt Albert,New World Eastridge",8,75.0,144,219.0,770.0,9.0,46.41,816.41,2
Sat_01039,Saturday,"New World Mt Albert,Pak 'n Save Wairau Road",8,75.1,144,219.1,770.0,9.1,46.95,816.95,2
Sat_01040,Saturday,"Pak 'n Save Royal Oak,Four Square Ellerslie,New World Remuera",9,57.2,162,219.2,770.0,9.2,47.31,817.31,3
Sat_01041,Saturday,"Four Square Eden Terrace,New World Newmarket,Four Square Ellerslie,New World Stonefields",8,75.2,144,219.2,770.0,9.2,47.52,817.52,4
Sat_01042,Saturday,"New World Mt Albert,Four Square Eden Terrace,New World Metro Queen St,New World Victoria Park",9,57.2,162,219.2,770.0,9.2,47.55,817.55,4
Sat_01043,Saturday,"New World Southmall,Four Square Botany Junction,New World Botany",7,93.3,126,219.3,770.0,9.3,47.84,817.84,3
Sat_01044,Saturday,"New World Newmarket,Four Square Ellerslie,Four Square Remuera,New World Stonefields",8,75.3,144,219.3,770.0,9.3,47.87,817.87,4
Sat_01045,Saturday,"Pak 'n Save Mangere,New World Metro Queen St",8,75.3,144,219.3,770.0,9.3,47.92,817.92,2
Sat_01046,Saturday,"Pak 'n Save Mt Albert,Four Square Torbay",6,111.5,108,219.5,770.0,9.5,49.1,819.1,2
Sat_01047,Saturday,"New World New Lynn,New World Howick",6,111.7,108,219.7,770.0,9.7,50.33,820.33,2
Sat_01048,Saturday,"New World Newmarket,New World Long Bay",6,111.9,108,219.9,770.0,9.9,51.07,821.07,2
Sat_01049,Saturday,"New World Mt Albert,Pak 'n Save Mangere",9,57.9,162,219.9,770.0,9.9,51.3,821.3,2
Sat_01050,Saturday,"New World Eastridge,New World Milford",6,112.0,108,220.0,770.0,10.0,51.77,821.77,2
Sat_01051,Saturday,"Four Square Hobsonville,Pak 'n Save Albany",7,94.1,126,220.1,770.0,10.1,51.94,821.94,2
Sat_01052,Saturday,"New World Remuera,Pak 'n Save Manukau",8,76.1,144,220.1,770.0,10.1,52.13,822.13,2
Sat_01053,Saturday,"New World Devonport,New World Browns Bay",5,130.1,90,220.1,770.0,10.1,52.41,822.41,2
Sat_01054,Saturday,"Pak 'n Save Mt Albert,New World Birkenhead",8,76.2,144,220.2,770.0,10.2,52.46,822.46,2
Sat_01055,Saturday,"New World Albany,New World Browns Bay,Four Square Torbay",6,112.2,108,220.2,770.0,10.2,52.5,822.5,3
Sat_01056,Saturday,"Pak 'n Save Mt Albert,New World Southmall",8,76.3,144,220.3,770.0,10.3,53.46,823.46,2
Sat_01057,Saturday,"Pak 'n Save Royal Oak,Four Square Pakuranga Heights",8,76.5,144,220.5,770.0,10.5,54.35,824.35,2
Sat_01058,Saturday,"New World Point Chevalier,Four Square Eden Terrace,New World Metro Queen St,New World Remuera",8,76.5,144,220.5,770.0,10.5,54.45,824.45,4
Sat_01059,Saturday,"New World Metro Queen St,Pak 'n Save Sylvia Park",8,76.5,144,220.5,770.0,10.5,54.51,824.51,2
Sat_01060,Saturday,"New World Southmall,New World Birkenhead",6,112.6,108,220.6,770.0,10.6,54.81,824.81,2
Sat_01061,Saturday,"New World Victoria Park,Pak 'n Save Wairau Road",8,76.6,144,220.6,770.0,10.6,55.01,825.01,2
Sat_01062,Saturday,"Pak 'n Save Mangere,New World Papatoetoe",9,58.7,162,220.7,770.0,10.7,55.21,825.21,2
Sat_01063,Saturday,"New World Eastridge,New World Browns Bay",5,130.7,90,220.7,770.0,10.7,55.47,825.47,2
Sat_01064,Saturday,"Four Square Remuera,Pak 'n Save Ormiston",7,94.7,126,220.7,770.0,10.7,55.5,825.5,2
Sat_01065,Saturday,"New World Remuera,Pak 'n Save Highland Park",7,94.8,126,220.8,770.0,10.8,55.85,825.85,2
Sat_01066,Saturday,"New World Point Chevalier,New World Long Bay",6,112.8,108,220.8,770.0,10.8,55.97,825.97,2
Sat_01067,Saturday,"New World Birkenhead,New World Metro Shore City,New World Milford",7,94.9,126,220.9,770.0,10.9,56.06,826.06,3
Sat_01068,Saturday,"Four Square Eden Terrace,New World Newmarket,Four Square Remuera,New World Victoria Park",8,76.9,144,220.9,770.0,10.9,56.11,826.11,4
Sat_01069,Saturday,"Four Square Onehunga,Pak 'n Save Albany",7,94.9,126,220.9,770.0,10.9,56.46,826.46,2
Sat_01070,Saturday,"New World Newmarket,Pak 'n Save Westgate",8,76.9,144,220.9,770.0,10.9,56.48,826.48,2
Sat_01071,Saturday,"Pak 'n Save Royal Oak,Four Square Ellerslie,Four Square Remuera,Four Square Eden Terrace",9,59.1,162,221.1,770.0,11.1,57.25,827.25,4
Sat_01072,Saturday,"New World Point Chevalier,Four Square Eden Terrace,New World Remuera,Four Square Remuera,Four Square Ellerslie",8,77.1,144,221.1,770.0,11.1,57.3,827.3,5
Sat_01073,Saturday,"New World Milford,New World Long Bay",6,113.2,108,221.2,770.0,11.2,57.61,827.61,2
Sat_01074,Saturday,"Four Square Botany Junction,Pak 'n Save Papakura",7,95.2,126,221.2,770.0,11.2,57.83,827.83,2
Sat_01075,Saturday,"Pak 'n Save Highland Park,New World Metro Shore City",6,113.3,108,221.3,770.0,11.3,58.32,828.32,2
Sat_01076,Saturday,"Four Square Glen Eden,Pak 'n Save Sylvia Park",7,95.4,126,221.4,770.0,11.4,58.83,828.83,2
Sat_01077,Saturday,"New World Mt Albert,New World Metro Queen St,New World Remuera,Four Square Ellerslie",8,77.5,144,221.5,770.0,11.5,59.36,829.36,4
Sat_01078,Saturday,"New World New Lynn,Pak 'n Save Mangere",9,59.5,162,221.5,770.0,11.5,59.39,829.39,2
Sat_01079,Saturday,"Four Square St Heliers,New World Long Bay",4,149.5,72,221.5,770.0,11.5,59.56,829.56,2
Sat_01080,Saturday,"Four Square Pakuranga Heights,Pak 'n Save Sylvia Park",8,77.5,144,221.5,770.0,11.5,59.65,829.65,2
Sat_01081,Saturday,"Pak 'n Save Manukau,Four Square St Heliers",7,95.6,126,221.6,770.0,11.6,59.92,829.92,2
Sat_01082,Saturday,"New World Mt Albert,New World Point Chevalier,Four Square Eden Terrace,New World Metro Queen St",9,59.6,162,221.6,770.0,11.6,59.97,829.97,4
Sat_01083,Saturday,"New World Papakura,New World Botany",6,113.7,108,221.7,770.0,11.7,60.2,830.2,2
Sat_01084,Saturday,"New World Mt Roskill,Four Square Onehunga,Four Square Ellerslie,New World Remuera,New World Newmarket",9,59.7,162,221.7,770.0,11.7,60.45,830.45,5
Sat_01085,Saturday,"Four Square Remuera,Pak 'n Save Botany",7,95.8,126,221.8,770.0,11.8,61.02,831.02,2
Sat_01086,Saturday,"Four Square Remuera,Pak 'n Save Clendon",7,95.8,126,221.8,770.0,11.8,61.03,831.03,2
Sat_01087,Saturday,"New World Green Bay,New World Howick",6,113.8,108,221.8,770.0,11.8,61.13,831.13,2
Sat_01088,Saturday,"Four Square Eden Terrace,New World Metro Queen St,New World Victoria Park,New World Remuera",8,77.9,144,221.9,770.0,11.9,61.29,831.29,4
Sat_01089,Saturday,"New World Victoria Park,Pak 'n Save Westgate",8,77.9,144,221.9,770.0,11.9,61.35,831.35,2
Sat_01090,Saturday,"New World Metro Queen St,Four Square Ellerslie,New World Stonefields,Four Square St Heliers",7,95.9,126,221.9,770.0,11.9,61.65,831.65,4
Sat_01091,Saturday,"Four Square Ellerslie,Four Square Remuera,Pak 'n Save Sylvia Park",8,78.0,144,222.0,770.0,12.0,61.76,831.76,3
Sat_01092,Saturday,"New World Papatoetoe,Pak 'n Save Manukau",9,60.0,162,222.0,770.0,12.0,61.99,831.99,2
Sat_01093,Saturday,"New World Mt Roskill,New World New Lynn,New World Point Chevalier,Four Square Eden Terrace",9,60.2,162,222.2,770.0,12.2,63.0,833.0,4
Sat_01094,Saturday,"New World New Lynn,New World Long Bay",6,114.2,108,222.2,770.0,12.2,63.28,833.28,2
Sat_01095,Saturday,"Four Square Fair Price Henderson,Pak 'n Save Sylvia Park",7,96.3,126,222.3,770.0,12.3,63.3,833.3,2
Sat_01096,Saturday,"Pak 'n Save Wairau Road,New World Milford",8,78.5,144,222.5,770.0,12.5,64.46,834.46,2
Sat_01097,Saturday,"New World Mt Roskill,Pak 'n Save Papakura",8,78.6,144,222.6,770.0,12.6,64.85,834.85,2
Sat_01098,Saturday,"New World Metro Queen St,Four Square Remuera,New World Eastridge,Four Square St Heliers",7,96.6,126,222.6,770.0,12.6,65.01,835.01,4
Sat_01099,Saturday,"New World Hobsonville,Four Square Hobsonville,New World Albany",7,96.6,126,222.6,770.0,12.6,65.27,835.27,3
Sat_01100,Saturday,"Pak 'n Save Mangere,New World Metro Shore City",7,96.6,126,222.6,770.0,12.6,65.3,835.3,2
Sat_01101,Saturday,"Four Square Hobsonville,Four Square Lancaster,New World Birkenhead,New World Metro Shore City",6,114.7,108,222.7,770.0,12.7,65.4,835.4,4
Sat_01102,Saturday,"New World Hobsonville,New World Devonport",6,115.1,108,223.1,770.0,13.1,67.78,837.78,2
Sat_01103,Saturday,"New World Metro Shore City,Pak 'n Save Wairau Road,Four Square Lancaster",7,97.1,126,223.1,770.0,13.1,67.87,837.87,3
Sat_01104,Saturday,"Pak 'n Save Royal Oak,New World Stonefields",9,61.2,162,223.2,770.0,13.2,68.01,838.01,2
Sat_01105,Saturday,"Pak 'n Save Mt Albert,New World Mt Albert,Four Square Glen Eden",9,61.2,162,223.2,770.0,13.2,68.05,838.05,3
Sat_01106,Saturday,"New World Eastridge,New World Howick",6,115.2,108,223.2,770.0,13.2,68.16,838.16,2
Sat_01107,Saturday,"New World Mt Albert,New World Victoria Park,New World Newmarket",9,61.3,162,223.3,770.0,13.3,68.52,838.52,3
Sat_01108,Saturday,"New World Point Chevalier,Pak 'n Save Wairau Road",8,79.3,144,223.3,770.0,13.3,68.69,838.69,2
Sat_01109,Saturday,"Pak 'n Save Wairau Road,Four Square St Heliers",6,115.3,108,223.3,770.0,13.3,68.87,838.87,2
Sat_01110,Saturday,"Pak 'n Save Royal Oak,New World Papatoetoe",9,61.4,162,223.4,770.0,13.4,69.27,839.27,2
Sat_01111,Saturday,"Four Square Botany Junction,Pak 'n Save Wairau Road",6,115.4,108,223.4,770.0,13.4,69.39,839.39,2
Sat_01112,Saturday,"Four Square Eden Terrace,New World Remuera,Four Square Remuera,Four Square Ellerslie,New World Stonefields",8,79.5,144,223.5,770.0,13.5,69.51,839.51,5
Sat_01113,Saturday,"Pak 'n Save Mt Albert,New World New Lynn,Four Square Eden Terrace",9,61.5,162,223.5,770.0,13.5,69.65,839.65,3
Sat_01114,Saturday,"Pak 'n Save Mt Albert,New World Point Chevalier,Four Square Glen Eden",9,61.5,162,223.5,770.0,13.5,69.68,839.68,3
Sat_01115,Saturday,"New World Green Bay,Pak 'n Save Mangere",9,61.6,162,223.6,770.0,13.6,70.19,840.19,2
Sat_01116,Saturday,"Four Square Ellerslie,Pak 'n Save Papakura",7,97.7,126,223.7,770.0,13.7,70.56,840.56,2
Sat_01117,Saturday,"Pak 'n Save Mt Albert,Four Square Onehunga,New World Newmarket",9,61.8,162,223.8,770.0,13.8,71.1,841.1,3
Sat_01118,Saturday,"Pak 'n Save Henderson,Four Square Hobsonville",8,79.8,144,223.8,770.0,13.8,71.3,841.3,2
Sat_01119,Saturday,"New World Ormiston,Four Square Torbay",4,151.9,72,223.9,770.0,13.9,71.88,841.88,2
Sat_01120,Saturday,"Four Square Eden Terrace,Pak 'n Save Albany",7,97.9,126,223.9,770.0,13.9,72.05,842.05,2
Sat_01121,Saturday,"New World Victoria Park,New World Metro Shore City,Four Square Lancaster,Four Square Hobsonville",6,116.0,108,224.0,770.0,14.0,72.15,842.15,4
Sat_01122,Saturday,"Four Square Hobsonville,New World Browns Bay,New World Long Bay",6,116.0,108,224.0,770.0,14.0,72.57,842.57,3
Sat_01123,Saturday,"New World Botany,Four Square Torbay",4,152.2,72,224.2,770.0,14.2,73.36,843.36,2
Sat_01124,Saturday,"Four Square Eden Terrace,Pak 'n Save Papakura",7,98.2,126,224.2,770.0,14.2,73.38,843.38,2
Sat_01125,Saturday,"Pak 'n Save Lincoln Road,Four Square Ellerslie",8,80.6,144,224.6,770.0,14.6,75.32,845.32,2
Sat_01126,Saturday,"Pak 'n Save Lincoln Road,Four Square Remuera",8,80.7,144,224.7,770.0,14.7,76.04,846.04,2
Sat_01127,Saturday,"Four Square Pakuranga Heights,Pak 'n Save Botany",8,80.9,144,224.9,770.0,14.9,77.14,847.14,2
Sat_01128,Saturday,"Four Square Botany Junction,New World Botany,New World Howick",7,98.9,126,224.9,770.0,14.9,77.24,847.24,3
Sat_01129,Saturday,"New World Hobsonville,New World Southmall",6,117.1,108,225.1,770.0,15.1,77.89,847.89,2
Sat_01130,Saturday,"New World Metro Queen St,Pak 'n Save Manukau",8,81.1,144,225.1,770.0,15.1,78.15,848.15,2
Sat_01131,Saturday,"Pak 'n Save Mt Albert,New World Milford",8,81.2,144,225.2,770.0,15.2,78.42,848.42,2
Sat_01132,Saturday,"New World Metro Shore City,Pak 'n Save Albany",7,99.4,126,225.4,770.0,15.4,79.51,849.51,2
Sat_01133,Saturday,"New World Mt Roskill,Pak 'n Save Glen Innes",8,81.4,144,225.4,770.0,15.4,79.63,849.63,2
Sat_01134,Saturday,"New World Point Chevalier,Pak 'n Save Mangere",9,63.4,162,225.4,770.0,15.4,79.82,849.82,2
Sat_01135,Saturday,"Pak 'n Save Sylvia Park,New World Metro Shore City",7,99.5,126,225.5,770.0,15.5,79.95,849.95,2
Sat_01136,Saturday,"New World Birkenhead,New World Long Bay",6,117.6,108,225.6,770.0,15.6,80.66,850.66,2
Sat_01137,Saturday,"New World Southmall,New World Milford",6,117.6,108,225.6,770.0,15.6,80.77,850.77,2
Sat_01138,Saturday,"New World Point Chevalier,New World Metro Queen St,New World Remuera,Four Square Ellerslie",8,81.7,144,225.7,770.0,15.7,81.11,851.11,4
Sat_01139,Saturday,"New World Mt Roskill,New World Green Bay,New World Point Chevalier,Four Square Eden Terrace",9,63.8,162,225.8,770.0,15.8,81.42,851.42,4
Sat_01140,Saturday,"New World Howick,Four Square Torbay",4,153.8,72,225.8,770.0,15.8,81.61,851.61,2
Sat_01141,Saturday,"New World Metro Queen St,Pak 'n Save Highland Park",7,99.8,126,225.8,770.0,15.8,81.87,851.87,2
Sat_01142,Saturday,"Four Square Onehunga,Four Square Ellerslie,New World Newmarket,New World Eastridge",8,81.9,144,225.9,770.0,15.9,82.04,852.04,4
Sat_01143,Saturday,"New World Remuera,New World Stonefields,New World Eastridge",8,81.9,144,225.9,770.0,15.9,82.11,852.11,3
Sat_01144,Saturday,"New World Newmarket,Pak 'n Save Wairau Road",8,82.0,144,226.0,770.0,16.0,82.62,852.62,2
Sat_01145,Saturday,"New World Metro Queen St,Four Square Ellerslie,New World Eastridge,Four Square St Heliers",7,100.0,126,226.0,770.0,16.0,82.91,852.91,4
Sat_01146,Saturday,"Pak 'n Save Mt Albert,New World Point Chevalier,Four Square Fair Price Henderson",9,64.1,162,226.1,770.0,16.1,83.04,853.04,3
Sat_01147,Saturday,"New World Point Chevalier,Four Square Eden Terrace,New World Metro Queen St,New World Victoria Park",9,64.1,162,226.1,770.0,16.1,83.17,853.17,4
Sat_01148,Saturday,"New World Papatoetoe,New World Albany",6,118.3,108,226.3,770.0,16.3,84.12,854.12,2
Sat_01149,Saturday,"Pak 'n Save Wairau Road,New World Browns Bay",7,100.3,126,226.3,770.0,16.3,84.18,854.18,2
Sat_01150,Saturday,"Four Square Onehunga,Four Square Remuera,New World Newmarket,New World Eastridge",8,82.3,144,226.3,770.0,16.3,84.22,854.22,4
Sat_01151,Saturday,"New World Southmall,New World Browns Bay",5,136.3,90,226.3,770.0,16.3,84.47,854.47,2
Sat_01152,Saturday,"Four Square Glen Eden,Pak 'n Save Clendon",7,100.4,126,226.4,770.0,16.4,84.62,854.62,2
Sat_01153,Saturday,"Pak 'n Save Westgate,New World Browns Bay",7,100.4,126,226.4,770.0,16.4,84.68,854.68,2
Sat_01154,Saturday,"Four Square Onehunga,Four Square Ellerslie,Four Square Remuera,New World Remuera,New World Newmarket,Four Square Eden Terrace",9,64.4,162,226.4,770.0,16.4,84.88,854.88,6
Sat_01155,Saturday,"New World Stonefields,New World Albany",6,118.5,108,226.5,770.0,16.5,85.17,855.17,2
Sat_01156,Saturday,"New World Mt Roskill,New World New Lynn,Four Square Glen Eden,New World Point Chevalier",9,64.6,162,226.6,770.0,16.6,85.86,855.86,4
Sat_01157,Saturday,"Four Square Glen Eden,Pak 'n Save Highland Park",6,118.7,108,226.7,770.0,16.7,86.18,856.18,2
Sat_01158,Saturday,"New World Birkenhead,Pak 'n Save Wairau Road",8,82.7,144,226.7,770.0,16.7,86.54,856.54,2
Sat_01159,Saturday,"New World Howick,New World Papakura",6,118.8,108,226.8,770.0,16.8,86.7,856.7,2
Sat_01160,Saturday,"Four Square Fair Price Henderson,Pak 'n Save Manukau",7,100.8,126,226.8,770.0,16.8,86.94,856.94,2
Sat_01161,Saturday,"New World Birkenhead,New World Ormiston",6,118.8,108,226.8,770.0,16.8,87.06,857.06,2
Sat_01162,Saturday,"New World Victoria Park,Four Square Lancaster,New World Hobsonville",7,100.9,126,226.9,770.0,16.9,87.1,857.1,3
Sat_01163,Saturday,"Four Square Fair Price Henderson,Pak 'n Save Albany",7,101.0,126,227.0,770.0,17.0,87.71,857.71,2
Sat_01164,Saturday,"New World Mt Roskill,Pak 'n Save Botany",8,83.0,144,227.0,770.0,17.0,87.74,857.74,2
Sat_01165,Saturday,"New World Remuera,Pak 'n Save Glen Innes",8,83.0,144,227.0,770.0,17.0,87.79,857.79,2
Sat_01166,Saturday,"Pak 'n Save Mangere,Four Square St Heliers",7,101.0,126,227.0,770.0,17.0,88.0,858.0,2
Sat_01167,Saturday,"New World Point Chevalier,New World Newmarket,New World Victoria Park",9,65.4,162,227.4,770.0,17.4,89.68,859.68,3
Sat_01168,Saturday,"Pak 'n Save Manukau,New World Metro Shore City",7,101.5,126,227.5,770.0,17.5,90.35,860.35,2
Sat_01169,Saturday,"Four Square Fair Price Henderson,Pak 'n Save Highland Park",6,119.5,108,227.5,770.0,17.5,90.65,860.65,2
Sat_01170,Saturday,"New World Victoria Park,New World Metro Shore City,New World Devonport",7,101.6,126,227.6,770.0,17.6,91.16,861.16,3
Sat_01171,Saturday,"Four Square Pakuranga Heights,New World Long Bay",5,137.7,90,227.7,770.0,17.7,91.3,861.3,2
Sat_01172,Saturday,"Four Square Eden Terrace,New World Newmarket,New World Metro Queen St,New World Victoria Park",9,65.9,162,227.9,770.0,17.9,92.23,862.23,4
Sat_01173,Saturday,"New World Birkenhead,New World Botany",6,119.9,108,227.9,770.0,17.9,92.66,862.66,2
Sat_01174,Saturday,"New World Victoria Park,New World Metro Queen St,New World Birkenhead",8,84.0,144,228.0,770.0,18.0,92.93,862.93,3
Sat_01175,Saturday,"New World Eastridge,New World Papakura",6,120.1,108,228.1,770.0,18.1,93.63,863.63,2
Sat_01176,Saturday,"New World Victoria Park,New World Milford,Four Square Lancaster",7,102.3,126,228.3,770.0,18.3,94.36,864.36,3
Sat_01177,Saturday,"New World Albany,New World Devonport",6,120.4,108,228.4,770.0,18.4,95.14,865.14,2
Sat_01178,Saturday,"Four Square Remuera,Pak 'n Save Papakura",7,102.7,126,228.7,770.0,18.7,96.43,866.43,2
Sat_01179,Saturday,"Pak 'n Save Royal Oak,New World Eastridge",9,66.7,162,228.7,770.0,18.7,96.49,866.49,2
Sat_01180,Saturday,"Four Square Hobsonville,New World Albany,New World Milford",7,102.7,126,228.7,770.0,18.7,96.71,866.71,3
Sat_01181,Saturday,"Four Square Eden Terrace,New World Victoria Park,New World Remuera,Four Square Remuera,Four Square Ellerslie",8,84.8,144,228.8,770.0,18.8,96.92,866.92,5
Sat_01182,Saturday,"Pak 'n Save Mt Albert,New World Browns Bay",7,102.8,126,228.8,770.0,18.8,96.97,866.97,2
Sat_01183,Saturday,"Four Square Ellerslie,Four Square Remuera,Pak 'n Save Glen Innes",8,84.8,144,228.8,770.0,18.8,97.0,867.0,3
Sat_01184,Saturday,"New World Metro Shore City,New World Milford,New World Albany",7,102.8,126,228.8,770.0,18.8,97.33,867.33,3
Sat_01185,Saturday,"Four Square Pakuranga Heights,Pak 'n Save Ormiston",8,84.8,144,228.8,770.0,18.8,97.36,867.36,2
Sat_01186,Saturday,"Four Square Botany Junction,New World Ormiston,New World Howick",7,102.9,126,228.9,770.0,18.9,97.56,867.56,3
Sat_01187,Saturday,"Four Square Glen Eden,Four Square Fair Price Henderson,Pak 'n Save Lincoln Road",9,66.9,162,228.9,770.0,18.9,97.73,867.73,3
Sat_01188,Saturday,"New World Mt Albert,Four Square Eden Terrace,Pak 'n Save Royal Oak",10,49.1,180,229.1,770.0,19.1,98.52,868.52,3
Sat_01189,Saturday,"Pak 'n Save Highland Park,New World Botany",8,85.1,144,229.1,770.0,19.1,98.59,868.59,2
Sat_01190,Saturday,"New World Green Bay,New World Long Bay",6,121.1,108,229.1,770.0,19.1,98.86,868.86,2
Sat_01191,Saturday,"New World Metro Shore City,New World Browns Bay,New World Long Bay",6,121.4,108,229.4,770.0,19.4,100.14,870.14,3
Sat_01192,Saturday,"Pak 'n Save Mt Albert,New World Ormiston",8,85.4,144,229.4,770.0,19.4,100.19,870.19,2
Sat_01193,Saturday,"Pak 'n Save Westgate,New World Hobsonville,Four Square Hobsonville",9,67.7,162,229.7,770.0,19.7,101.87,871.87,3
Sat_01194,Saturday,"New World Metro Queen St,New World Birkenhead,Four Square Lancaster,New World Metro Shore City",7,103.8,126,229.8,770.0,19.8,102.27,872.27,4
Sat_01195,Saturday,"Four Square Onehunga,Four Square Ellerslie,Pak 'n Save Sylvia Park,Four Square Eden Terrace",9,67.8,162,229.8,770.0,19.8,102.47,872.47,4
Sat_01196,Saturday,"Four Square Eden Terrace,Four Square Remuera,Pak 'n Save Glen Innes",8,85.8,144,229.8,770.0,19.8,102.52,872.52,3
Sat_01197,Saturday,"Four Square Hobsonville,Pak 'n Save Sylvia Park",7,103.9,126,229.9,770.0,19.9,102.94,872.94,2
Sat_01198,Saturday,"Four Square Onehunga,Pak 'n Save Royal Oak,New World Newmarket",10,50.1,180,230.1,770.0,20.1,103.95,873.95,3
Sat_01199,Saturday,"New World Papatoetoe,New World Devonport",6,122.2,108,230.2,770.0,20.2,104.27,874.27,2
Sat_01200,Saturday,"Pak 'n Save Royal Oak,New World Newmarket,Four Square Eden Terrace",10,50.3,180,230.3,770.0,20.3,104.96,874.96,3
Sat_01201,Saturday,"New World Stonefields,New World Devonport",6,122.4,108,230.4,770.0,20.4,105.32,875.32,2
Sat_01202,Saturday,"Four Square Glen Eden,Pak 'n Save Henderson,Four Square Fair Price Henderson",9,68.4,162,230.4,770.0,20.4,105.51,875.51,3
Sat_01203,Saturday,"New World Hobsonville,New World Ormiston",6,122.4,108,230.4,770.0,20.4,105.6,875.6,2
Sat_01204,Saturday,"Four Square Hobsonville,Pak 'n Save Wairau Road,Four Square Lancaster",7,104.5,126,230.5,770.0,20.5,105.85,875.85,3
Sat_01205,Saturday,"Four Square Remuera,Pak 'n Save Glen Innes,Four Square St Heliers",8,86.5,144,230.5,770.0,20.5,106.12,876.12,3
Sat_01206,Saturday,"Four Square Botany Junction,Pak 'n Save Glen Innes",7,104.7,126,230.7,770.0,20.7,106.79,876.79,2
Sat_01207,Saturday,"Pak 'n Save Highland Park,New World Howick",8,86.7,144,230.7,770.0,20.7,107.18,877.18,2
Sat_01208,Saturday,"Pak 'n Save Manukau,Four Square Pakuranga Heights",8,86.8,144,230.8,770.0,20.8,107.71,877.71,2
Sat_01209,Saturday,"New World Point Chevalier,Four Square Eden Terrace,New World Newmarket,New World Metro Queen St",9,68.9,162,230.9,770.0,20.9,107.98,877.98,4
Sat_01210,Saturday,"New World Newmarket,Pak 'n Save Sylvia Park",9,69.2,162,231.2,770.0,21.2,109.4,879.4,2
Sat_01211,Saturday,"New World Mt Albert,Pak 'n Save Sylvia Park",9,69.2,162,231.2,770.0,21.2,109.69,879.69,2
Sat_01212,Saturday,"New World Point Chevalier,Four Square Eden Terrace,New World Newmarket,New World Remuera",9,69.3,162,231.3,770.0,21.3,110.07,880.07,4
Sat_01213,Saturday,"Four Square Lancaster,Pak 'n Save Albany",7,105.4,126,231.4,770.0,21.4,110.33,880.33,2
Sat_01214,Saturday,"New World Point Chevalier,New World Newmarket,New World Remuera,Four Square Remuera",9,69.4,162,231.4,770.0,21.4,110.71,880.71,4
Sat_01215,Saturday,"New World Metro Queen St,New World Eastridge,New World Stonefields",8,87.5,144,231.5,770.0,21.5,110.98,880.98,3
Sat_01216,Saturday,"New World Hobsonville,New World Botany",6,123.5,108,231.5,770.0,21.5,111.2,881.2,2
Sat_01217,Saturday,"New World Mt Albert,Four Square Eden Terrace,New World Newmarket,Four Square Ellerslie,Four Square Remuera",9,69.5,162,231.5,770.0,21.5,111.33,881.33,5
Sat_01218,Saturday,"New World Hobsonville,Pak 'n Save Wairau Road",8,87.7,144,231.7,770.0,21.7,112.19,882.19,2
Sat_01219,Saturday,"New World New Lynn,New World Point Chevalier,Four Square Eden Terrace,New World Metro Queen St",9,69.8,162,231.8,770.0,21.8,112.51,882.51,4
Sat_01220,Saturday,"New World New Lynn,Pak 'n Save Wairau Road",8,87.8,144,231.8,770.0,21.8,112.52,882.52,2
Sat_01221,Saturday,"Pak 'n Save Botany,Four Square St Heliers",7,105.8,126,231.8,770.0,21.8,112.56,882.56,2
Sat_01222,Saturday,"Four Square Ellerslie,New World Stonefields,Four Square St Heliers,New World Eastridge",8,88.0,144,232.0,770.0,22.0,113.85,883.85,4
Sat_01223,Saturday,"New World Mt Roskill,Pak 'n Save Albany",8,88.4,144,232.4,770.0,22.4,115.51,885.51,2
Sat_01224,Saturday,"New World Ormiston,New World Milford",6,124.5,108,232.5,770.0,22.5,116.06,886.06,2
Sat_01225,Saturday,"New World Eastridge,New World Albany",6,124.5,108,232.5,770.0,22.5,116.09,886.09,2
Sat_01226,Saturday,"Pak 'n Save Westgate,New World Milford",8,88.7,144,232.7,770.0,22.7,117.31,887.31,2
Sat_01227,Saturday,"Pak 'n Save Manukau,Four Square Hobsonville",7,106.8,126,232.8,770.0,22.8,117.63,887.63,2
Sat_01228,Saturday,"Pak 'n Save Manukau,New World Southmall",9,70.9,162,232.9,770.0,22.9,118.27,888.27,2
Sat_01229,Saturday,"Four Square Pakuranga Heights,Pak 'n Save Highland Park,Four Square Botany Junction",8,88.9,144,232.9,770.0,22.9,118.52,888.52,3
Sat_01230,Saturday,"New World Milford,New World Botany",6,125.0,108,233.0,770.0,23.0,118.61,888.61,2
Sat_01231,Saturday,"New World Newmarket,New World Metro Shore City,New World Devonport",7,107.0,126,233.0,770.0,23.0,118.77,888.77,3
Sat_01232,Saturday,"Pak 'n Save Henderson,Four Square Ellerslie",8,89.1,144,233.1,770.0,23.1,119.17,889.17,2
Sat_01233,Saturday,"Pak 'n Save Highland Park,Four Square Lancaster",6,125.1,108,233.1,770.0,23.1,119.51,889.51,2
Sat_01234,Saturday,"New World Southmall,Pak 'n Save Clendon",9,71.2,162,233.2,770.0,23.2,119.64,889.64,2
Sat_01235,Saturday,"Four Square Remuera,New World Stonefields,Four Square St Heliers,New World Eastridge",8,89.2,144,233.2,770.0,23.2,119.73,889.73,4
Sat_01236,Saturday,"New World Ormiston,New World Browns Bay",5,143.2,90,233.2,770.0,23.2,119.76,889.76,2
Sat_01237,Saturday,"Four Square Pakuranga Heights,Pak 'n Save Glen Innes",8,89.2,144,233.2,770.0,23.2,119.79,889.79,2
Sat_01238,Saturday,"Pak 'n Save Henderson,Four Square Remuera",8,89.2,144,233.2,770.0,23.2,119.89,889.89,2
Sat_01239,Saturday,"New World Metro Queen St,Four Square Lancaster,New World Devonport",6,125.4,108,233.4,770.0,23.4,120.7,890.7,3
Sat_01240,Saturday,"Pak 'n Save Lincoln Road,New World Metro Queen St",9,71.5,162,233.5,770.0,23.5,121.21,891.21,2
Sat_01241,Saturday,"New World Botany,New World Browns Bay",5,143.5,90,233.5,770.0,23.5,121.23,891.23,2
Sat_01242,Saturday,"Pak 'n Save Highland Park,New World Ormiston",8,89.6,144,233.6,770.0,23.6,122.12,892.12,2
Sat_01243,Saturday,"New World Papatoetoe,Pak 'n Save Sylvia Park",9,71.7,162,233.7,770.0,23.7,122.38,892.38,2
Sat_01244,Saturday,"Four Square Fair Price Henderson,Pak 'n Save Clendon",7,107.7,126,233.7,770.0,23.7,122.6,892.6,2
Sat_01245,Saturday,"Four Square Pakuranga Heights,Pak 'n Save Wairau Road",7,107.8,126,233.8,770.0,23.8,122.85,892.85,2
Sat_01246,Saturday,"New World Green Bay,Pak 'n Save Wairau Road",8,89.9,144,233.9,770.0,23.9,123.32,893.32,2
Sat_01247,Saturday,"New World Metro Shore City,New World Milford,New World Devonport",7,107.9,126,233.9,770.0,23.9,123.7,893.7,3
Sat_01248,Saturday,"New World Mt Albert,Pak 'n Save Lincoln Road",10,53.9,180,233.9,770.0,23.9,123.74,893.74,2
Sat_01249,Saturday,"Four Square Ellerslie,Pak 'n Save Albany",7,108.0,126,234.0,770.0,24.0,124.15,894.15,2
Sat_01250,Saturday,"Four Square Onehunga,Four Square Ellerslie,Four Square Remuera,New World Stonefields,New World Newmarket",9,72.1,162,234.1,770.0,24.1,124.69,894.69,5
Sat_01251,Saturday,"Four Square Remuera,Pak 'n Save Albany",7,108.2,126,234.2,770.0,24.2,124.87,894.87,2
Sat_01252,Saturday,"Four Square Glen Eden,Pak 'n Save Albany",7,108.2,126,234.2,770.0,24.2,124.97,894.97,2
Sat_01253,Saturday,"New World Papatoetoe,Pak 'n Save Clendon",9,72.3,162,234.3,770.0,24.3,125.32,895.32,2
Sat_01254,Saturday,"New World Howick,New World Milford",6,126.3,108,234.3,770.0,24.3,125.79,895.79,2
Sat_01255,Saturday,"New World Papakura,Four Square Torbay",4,162.5,72,234.5,770.0,24.5,126.46,896.46,2
Sat_01256,Saturday,"Pak 'n Save Mangere,Four Square Lancaster",7,108.5,126,234.5,770.0,24.5,126.49,896.49,2
Sat_01257,Saturday,"Four Square Onehunga,Four Square Ellerslie,Four Square Remuera,Pak 'n Save Sylvia Park",9,72.7,162,234.7,770.0,24.7,127.54,897.54,4
Sat_01258,Saturday,"Pak 'n Save Mangere,New World Southmall",9,72.7,162,234.7,770.0,24.7,127.56,897.56,2
Sat_01259,Saturday,"New World Birkenhead,Four Square Lancaster,New World Albany",7,108.9,126,234.9,770.0,24.9,128.9,898.9,3
Sat_01260,Saturday,"New World Metro Queen St,New World Metro Shore City,New World Milford,Four Square Lancaster",7,109.0,126,235.0,770.0,25.0,129.11,899.11,4
Sat_01261,Saturday,"New World Howick,New World Browns Bay",5,145.1,90,235.1,770.0,25.1,129.48,899.48,2
Sat_01262,Saturday,"Four Square Eden Terrace,New World Stonefields,Four Square St Heliers,New World Eastridge",8,91.1,144,235.1,770.0,25.1,129.74,899.74,4
Sat_01263,Saturday,"Pak 'n Save Mt Albert,New World Point Chevalier,New World Metro Queen St",10,55.1,180,235.1,770.0,25.1,129.87,899.87,3
Sat_01264,Saturday,"Four Square Hobsonville,Pak 'n Save Highland Park",6,127.2,108,235.2,770.0,25.2,130.3,900.3,2
Sat_01265,Saturday,"Pak 'n Save Mangere,New World Newmarket",9,73.3,162,235.3,770.0,25.3,130.71,900.71,2
Sat_01266,Saturday,"New World Mt Albert,Pak 'n Save Westgate,Four Square Hobsonville",9,73.3,162,235.3,770.0,25.3,130.85,900.85,3
Sat_01267,Saturday,"New World Point Chevalier,Pak 'n Save Sylvia Park",9,73.4,162,235.4,770.0,25.4,131.43,901.43,2
Sat_01268,Saturday,"Pak 'n Save Lincoln Road,New World Metro Shore City",8,91.5,144,235.5,770.0,25.5,131.81,901.81,2
Sat_01269,Saturday,"New World Newmarket,Pak 'n Save Manukau",9,73.8,162,235.8,770.0,25.8,133.04,903.04,2
Sat_01270,Saturday,"New World Remuera,Pak 'n Save Ormiston",8,91.8,144,235.8,770.0,25.8,133.13,903.13,2
Sat_01271,Saturday,"New World Metro Queen St,Pak 'n Save Glen Innes",8,91.8,144,235.8,770.0,25.8,133.19,903.19,2
Sat_01272,Saturday,"New World Mt Albert,Pak 'n Save Manukau",9,73.8,162,235.8,770.0,25.8,133.33,903.33,2
Sat_01273,Saturday,"Pak 'n Save Royal Oak,New World Southmall",9,73.9,162,235.9,770.0,25.9,133.69,903.69,2
Sat_01274,Saturday,"New World Mt Albert,Four Square Fair Price Henderson,Pak 'n Save Westgate",9,73.9,162,235.9,770.0,25.9,133.7,903.7,3
Sat_01275,Saturday,"Pak 'n Save Manukau,New World Ormiston",9,73.9,162,235.9,770.0,25.9,133.91,903.91,2
Sat_01276,Saturday,"New World Mt Roskill,Four Square Onehunga,Pak 'n Save Royal Oak,Four Square Ellerslie",10,56.0,180,236.0,770.0,26.0,134.17,904.17,4
Sat_01277,Saturday,"New World Hobsonville,Four Square Hobsonville,New World Long Bay",7,110.0,126,236.0,770.0,26.0,134.21,904.21,3
Sat_01278,Saturday,"New World Mt Roskill,Pak 'n Save Royal Oak,Four Square Ellerslie,Four Square Remuera",10,56.1,180,236.1,770.0,26.1,135.11,905.11,4
Sat_01279,Saturday,"Pak 'n Save Mt Albert,New World Mt Albert,New World Metro Queen St",10,56.2,180,236.2,770.0,26.2,135.15,905.15,3
Sat_01280,Saturday,"Four Square Glen Eden,Four Square Fair Price Henderson,Pak 'n Save Westgate,Four Square Hobsonville",8,92.2,144,236.2,770.0,26.2,135.32,905.32,4
Sat_01281,Saturday,"Pak 'n Save Mangere,New World Victoria Park",9,74.2,162,236.2,770.0,26.2,135.58,905.58,2
Sat_01282,Saturday,"Pak 'n Save Mangere,Four Square Pakuranga Heights",8,92.3,144,236.3,770.0,26.3,135.78,905.78,2
Sat_01283,Saturday,"New World Eastridge,New World Devonport",6,128.4,108,236.4,770.0,26.4,136.23,906.23,2
Sat_01284,Saturday,"New World Newmarket,Pak 'n Save Highland Park",8,92.5,144,236.5,770.0,26.5,136.76,906.76,2
Sat_01285,Saturday,"New World Mt Albert,Pak 'n Save Highland Park",8,92.5,144,236.5,770.0,26.5,137.04,907.04,2
Sat_01286,Saturday,"Pak 'n Save Sylvia Park,New World Stonefields",9,74.5,162,236.5,770.0,26.5,137.09,907.09,2
Sat_01287,Saturday,"Pak 'n Save Royal Oak,Four Square Torbay",7,110.5,126,236.5,770.0,26.5,137.1,907.1,2
Sat_01288,Saturday,"Four Square Glen Eden,Pak 'n Save Ormiston",7,110.5,126,236.5,770.0,26.5,137.14,907.14,2
Sat_01289,Saturday,"Four Square Glen Eden,Pak 'n Save Glen Innes",7,110.6,126,236.6,770.0,26.6,137.5,907.5,2
Sat_01290,Saturday,"New World Ormiston,Pak 'n Save Ormiston",9,74.6,162,236.6,770.0,26.6,137.56,907.56,2
Sat_01291,Saturday,"New World Metro Queen St,New World Remuera,Four Square Ellerslie,New World Eastridge",8,92.6,144,236.6,770.0,26.6,137.61,907.61,4
Sat_01292,Saturday,"New World Newmarket,Four Square Ellerslie,New World Eastridge,Four Square St Heliers",8,92.7,144,236.7,770.0,26.7,137.81,907.81,4
Sat_01293,Saturday,"New World Newmarket,New World Stonefields,Four Square Pakuranga Heights",8,92.8,144,236.8,770.0,26.8,138.26,908.26,3
Sat_01294,Saturday,"Four Square Ellerslie,Pak 'n Save Sylvia Park,Four Square St Heliers",8,92.8,144,236.8,770.0,26.8,138.31,908.31,3
Sat_01295,Saturday,"New World Remuera,Pak 'n Save Botany",8,92.8,144,236.8,770.0,26.8,138.65,908.65,2
Sat_01296,Saturday,"New World Remuera,Pak 'n Save Clendon",8,92.8,144,236.8,770.0,26.8,138.66,908.66,2
Sat_01297,Saturday,"Pak 'n Save Mt Albert,New World Botany",8,93.0,144,237.0,770.0,27.0,139.37,909.37,2
Sat_01298,Saturday,"Pak 'n Save Albany,Four Square Torbay",7,111.1,126,237.1,770.0,27.1,140.05,910.05,2
Sat_01299,Saturday,"New World Hobsonville,Four Square Hobsonville,New World Browns Bay,New World Metro Shore City",7,111.2,126,237.2,770.0,27.2,140.34,910.34,4
Sat_01300,Saturday,"Pak 'n Save Sylvia Park,Four Square Lancaster",7,111.3,126,237.3,770.0,27.3,141.14,911.14,2
Sat_01301,Saturday,"Pak 'n Save Westgate,Four Square Pakuranga Heights",7,111.4,126,237.4,770.0,27.4,141.42,911.42,2
Sat_01302,Saturday,"New World Milford,Four Square Lancaster,New World Browns Bay",6,129.4,108,237.4,770.0,27.4,141.73,911.73,3
Sat_01303,Saturday,"Four Square Fair Price Henderson,Pak 'n Save Glen Innes",7,111.5,126,237.5,770.0,27.5,141.97,911.97,2
Sat_01304,Saturday,"New World Remuera,Four Square Ellerslie,Pak 'n Save Sylvia Park",9,75.5,162,237.5,770.0,27.5,142.09,912.09,3
Sat_01305,Saturday,"Four Square Pakuranga Heights,New World Stonefields,New World Eastridge",8,93.5,144,237.5,770.0,27.5,142.26,912.26,3
Sat_01306,Saturday,"New World Point Chevalier,Pak 'n Save Lincoln Road",10,57.6,180,237.6,770.0,27.6,142.51,912.51,2
Sat_01307,Saturday,"Pak 'n Save Royal Oak,Four Square Ellerslie,New World Newmarket",10,57.7,180,237.7,770.0,27.7,142.97,912.97,3
Sat_01308,Saturday,"Pak 'n Save Mt Albert,New World Papakura",8,93.7,144,237.7,770.0,27.7,143.33,913.33,2
Sat_01309,Saturday,"Pak 'n Save Lincoln Road,Four Square Fair Price Henderson,Four Square Hobsonville",9,75.8,162,237.8,770.0,27.8,143.41,913.41,3
Sat_01310,Saturday,"New World Birkenhead,New World Howick",6,129.8,108,237.8,770.0,27.8,143.42,913.42,2
Sat_01311,Saturday,"New World Papatoetoe,Pak 'n Save Westgate",8,93.8,144,237.8,770.0,27.8,143.67,913.67,2
Sat_01312,Saturday,"New World Newmarket,New World Remuera,Four Square Ellerslie,New World Stonefields",9,76.0,162,238.0,770.0,28.0,144.6,914.6,4
Sat_01313,Saturday,"Pak 'n Save Mt Albert,Pak 'n Save Royal Oak",11,40.0,198,238.0,770.0,28.0,144.7,914.7,2
Sat_01314,Saturday,"Pak 'n Save Mt Albert,New World Mt Albert,New World Point Chevalier",11,40.0,198,238.0,770.0,28.0,144.72,914.72,3
Sat_01315,Saturday,"Pak 'n Save Mt Albert,Four Square Eden Terrace,New World Metro Queen St,Four Square Ellerslie",9,76.0,162,238.0,770.0,28.0,144.75,914.75,4
Sat_01316,Saturday,"Pak 'n Save Wairau Road,New World Albany",8,94.0,144,238.0,770.0,28.0,144.8,914.8,2
Sat_01317,Saturday,"New World Southmall,New World Albany",6,130.1,108,238.1,770.0,28.1,145.08,915.08,2
Sat_01318,Saturday,"New World Mt Albert,New World Point Chevalier,New World Metro Queen St,Four Square Ellerslie",9,76.1,162,238.1,770.0,28.1,145.11,915.11,4
Sat_01319,Saturday,"New World Newmarket,Four Square Ellerslie,New World Metro Queen St,New World Victoria Park",9,76.1,162,238.1,770.0,28.1,145.14,915.14,4
Sat_01320,Saturday,"Pak 'n Save Westgate,New World Albany",8,94.1,144,238.1,770.0,28.1,145.3,915.3,2
Sat_01321,Saturday,"New World Remuera,Four Square Remuera,Pak 'n Save Sylvia Park",9,76.2,162,238.2,770.0,28.2,145.56,915.56,3
Sat_01322,Saturday,"New World Newmarket,Four Square Remuera,New World Metro Queen St,New World Victoria Park",9,76.2,162,238.2,770.0,28.2,145.86,915.86,4
Sat_01323,Saturday,"Pak 'n Save Mt Albert,New World Point Chevalier,Four Square Eden Terrace,Four Square Onehunga",10,58.2,180,238.2,770.0,28.2,145.9,915.9,4
Sat_01324,Saturday,"New World Victoria Park,Four Square Lancaster,New World Albany",7,112.3,126,238.3,770.0,28.3,146.0,916.0,3
Sat_01325,Saturday,"New World Point Chevalier,Four Square Eden Terrace,New World Newmarket,Four Square Ellerslie,Four Square Remuera",9,76.4,162,238.4,770.0,28.4,146.94,916.94,5
Sat_01326,Saturday,"New World Mt Albert,New World Point Chevalier,Four Square Eden Terrace,New World Newmarket",10,58.5,180,238.5,770.0,28.5,147.09,917.09,4
Sat_01327,Saturday,"New World Hobsonville,New World Milford,Four Square Lancaster",7,112.5,126,238.5,770.0,28.5,147.51,917.51,3
Sat_01328,Saturday,"Four Square Onehunga,Four Square Ellerslie,New World Remuera,Four Square Eden Terrace,New World Eastridge",8,94.6,144,238.6,770.0,28.6,147.66,917.66,5
Sat_01329,Saturday,"New World Papatoetoe,Pak 'n Save Ormiston",9,76.7,162,238.7,770.0,28.7,148.36,918.36,2
Sat_01330,Saturday,"New World Birkenhead,New World Metro Shore City,New World Devonport",7,112.7,126,238.7,770.0,28.7,148.36,918.36,3
Sat_01331,Saturday,"New World Newmarket,New World Remuera,Four Square Remuera,New World Eastridge",9,76.8,162,238.8,770.0,28.8,148.59,918.59,4
Sat_01332,Saturday,"New World New Lynn,Pak 'n Save Manukau",9,76.8,162,238.8,770.0,28.8,148.7,918.7,2
Sat_01333,Saturday,"New World Birkenhead,New World Papakura",6,130.9,108,238.9,770.0,28.9,149.21,919.21,2
Sat_01334,Saturday,"Pak 'n Save Royal Oak,Four Square Ellerslie,Four Square Remuera,New World Remuera",10,59.0,180,239.0,770.0,29.0,149.6,919.6,4
Sat_01335,Saturday,"New World Point Chevalier,Pak 'n Save Westgate,Four Square Hobsonville",9,77.0,162,239.0,770.0,29.0,149.62,919.62,3
Sat_01336,Saturday,"New World Mt Roskill,New World Mt Albert,Pak 'n Save Royal Oak",11,41.0,198,239.0,770.0,29.0,149.66,919.66,3
Sat_01337,Saturday,"New World New Lynn,Pak 'n Save Lincoln Road",10,59.0,180,239.0,770.0,29.0,149.82,919.82,2
Sat_01338,Saturday,"New World Metro Queen St,Pak 'n Save Albany",8,95.3,144,239.3,770.0,29.3,151.32,921.32,2
Sat_01339,Saturday,"Pak 'n Save Manukau,Four Square Lancaster",7,113.3,126,239.3,770.0,29.3,151.54,921.54,2
Sat_01340,Saturday,"Pak 'n Save Ormiston,Four Square St Heliers",7,113.4,126,239.4,770.0,29.4,151.82,921.82,2
Sat_01341,Saturday,"Pak 'n Save Royal Oak,New World Hobsonville",9,77.4,162,239.4,770.0,29.4,152.14,922.14,2
Sat_01342,Saturday,"Pak 'n Save Mt Albert,New World New Lynn,New World Green Bay",11,41.5,198,239.5,770.0,29.5,152.22,922.22,3
Sat_01343,Saturday,"New World Mt Roskill,Pak 'n Save Mangere,Four Square Botany Junction",9,77.5,162,239.5,770.0,29.5,152.4,922.4,3
Sat_01344,Saturday,"New World Albany,New World Long Bay,Four Square Torbay",7,113.5,126,239.5,770.0,29.5,152.42,922.42,3
Sat_01345,Saturday,"New World Newmarket,New World Remuera,Four Square Ellerslie,New World Victoria Park",9,77.5,162,239.5,770.0,29.5,152.47,922.47,4
Sat_01346,Saturday,"New World Papatoetoe,New World Long Bay",6,131.6,108,239.6,770.0,29.6,153.06,923.06,2
Sat_01347,Saturday,"New World Metro Shore City,Pak 'n Save Glen Innes",7,113.7,126,239.7,770.0,29.7,153.23,923.23,2
Sat_01348,Saturday,"Pak 'n Save Mt Albert,New World Victoria Park,New World Metro Shore City",9,77.7,162,239.7,770.0,29.7,153.46,923.46,3
Sat_01349,Saturday,"New World Mt Roskill,New World Mt Albert,New World Point Chevalier,Four Square Eden Terrace,Four Square Onehunga",10,59.7,180,239.7,770.0,29.7,153.47,923.47,5
Sat_01350,Saturday,"Pak 'n Save Lincoln Road,New World Remuera",9,77.7,162,239.7,770.0,29.7,153.67,923.67,2
Sat_01351,Saturday,"New World Metro Queen St,New World Remuera,New World Eastridge,Four Square St Heliers",8,95.7,144,239.7,770.0,29.7,153.68,923.68,4
Sat_01352,Saturday,"Pak 'n Save Clendon,Four Square St Heliers",7,113.8,126,239.8,770.0,29.8,154.02,924.02,2
Sat_01353,Saturday,"New World Stonefields,New World Long Bay",6,131.8,108,239.8,770.0,29.8,154.11,924.11,2
Sat_01354,Saturday,"Four Square Onehunga,Pak 'n Save Royal Oak,New World Remuera,Four Square Remuera",10,59.9,180,239.9,770.0,29.9,154.34,924.34,4
Sat_01355,Saturday,"New World Papatoetoe,New World Ormiston,Four Square Pakuranga Heights",8,95.9,144,239.9,770.0,29.9,154.43,924.43,3
Sat_01356,Saturday,"New World Point Chevalier,Pak 'n Save Manukau",9,78.0,162,240.0,770.0,30.0,155.07,925.07,2
Sat_01357,Saturday,"Pak 'n Save Westgate,New World Stonefields",8,96.0,144,240.0,770.0,30.0,155.23,925.23,2
Sat_01358,Saturday,"Pak 'n Save Highland Park,New World Eastridge",8,96.0,144,240.0,770.0,30.0,155.25,925.25,2
Sat_01359,Saturday,"Pak 'n Save Royal Oak,New World Birkenhead",9,78.1,162,240.1,770.0,30.1,155.32,925.32,2
Sat_01360,Saturday,"New World Hobsonville,New World Long Bay,Four Square Torbay",7,114.2,126,240.2,770.0,30.2,156.05,926.05,3
Sat_01361,Saturday,"Four Square Onehunga,New World Remuera,New World Newmarket,New World Eastridge",9,78.3,162,240.3,770.0,30.3,156.53,926.53,4
Sat_01362,Saturday,"New World Papatoetoe,Pak 'n Save Highland Park",8,96.4,144,240.4,770.0,30.4,157.04,927.04,2
Sat_01363,Saturday,"New World Newmarket,New World Remuera,Four Square Remuera,Four Square Ellerslie,New World Metro Queen St",9,78.4,162,240.4,770.0,30.4,157.24,927.24,5
Sat_01364,Saturday,"Pak 'n Save Mt Albert,New World Albany",8,96.5,144,240.5,770.0,30.5,157.59,927.59,2
Sat_01365,Saturday,"New World Remuera,Four Square Ellerslie,New World Stonefields,Four Square Pakuranga Heights",8,96.6,144,240.6,770.0,30.6,157.89,927.89,4
Sat_01366,Saturday,"Four Square Onehunga,Pak 'n Save Royal Oak,Four Square Ellerslie,New World Remuera",10,60.6,180,240.6,770.0,30.6,158.01,928.01,4
Sat_01367,Saturday,"New World Mt Albert,New World Point Chevalier,Four Square Eden Terrace,New World Victoria Park",10,60.6,180,240.6,770.0,30.6,158.26,928.26,4
Sat_01368,Saturday,"Four Square Pakuranga Heights,New World Botany,New World Howick",8,96.7,144,240.7,770.0,30.7,158.42,928.42,3
Sat_01369,Saturday,"New World Point Chevalier,Pak 'n Save Highland Park",8,96.7,144,240.7,770.0,30.7,158.79,928.79,2
Sat_01370,Saturday,"Pak 'n Save Westgate,New World Birkenhead",8,96.8,144,240.8,770.0,30.8,159.03,929.03,2
Sat_01371,Saturday,"Four Square Glen Eden,Pak 'n Save Papakura",7,114.8,126,240.8,770.0,30.8,159.05,929.05,2
Sat_01372,Saturday,"New World Metro Queen St,Pak 'n Save Ormiston",8,96.8,144,240.8,770.0,30.8,159.15,929.15,2
Sat_01373,Saturday,"New World Hobsonville,Four Square Hobsonville,New World Browns Bay,Four Square Torbay",7,114.8,126,240.8,770.0,30.8,159.22,929.22,4
Sat_01374,Saturday,"New World Green Bay,Pak 'n Save Manukau",9,78.9,162,240.9,770.0,30.9,159.5,929.5,2
Sat_01375,Saturday,"New World Remuera,Four Square Remuera,Four Square Ellerslie,New World Eastridge,Four Square St Heliers",8,96.9,144,240.9,770.0,30.9,159.79,929.79,5
Sat_01376,Saturday,"New World Stonefields,Pak 'n Save Highland Park",8,97.0,144,241.0,770.0,31.0,160.26,930.26,2
Sat_01377,Saturday,"New World New Lynn,Pak 'n Save Henderson",10,61.2,180,241.2,770.0,31.2,161.08,931.08,2
Sat_01378,Saturday,"Pak 'n Save Mt Albert,Pak 'n Save Westgate",10,61.2,180,241.2,770.0,31.2,161.26,931.26,2
Sat_01379,Saturday,"New World Hobsonville,New World Howick",6,133.3,108,241.3,770.0,31.3,161.97,931.97,2
Sat_01380,Saturday,"Four Square Hobsonville,Pak 'n Save Clendon",7,115.4,126,241.4,770.0,31.4,162.24,932.24,2
Sat_01381,Saturday,"Four Square Hobsonville,New World Albany,New World Long Bay",7,115.5,126,241.5,770.0,31.5,162.64,932.64,3
Sat_01382,Saturday,"Four Square Onehunga,Four Square Ellerslie,Four Square Remuera,Pak 'n Save Glen Innes",9,79.5,162,241.5,770.0,31.5,162.78,932.78,4
Sat_01383,Saturday,"Pak 'n Save Mt Albert,New World Devonport",8,97.5,144,241.5,770.0,31.5,162.88,932.88,2
Sat_01384,Saturday,"Pak 'n Save Royal Oak,New World Newmarket,Four Square Remuera",10,61.6,180,241.6,770.0,31.6,163.31,933.31,3
Sat_01385,Saturday,"Four Square Fair Price Henderson,Pak 'n Save Westgate,New World Hobsonville",9,79.7,162,241.7,770.0,31.7,163.54,933.54,3
Sat_01386,Saturday,"Pak 'n Save Lincoln Road,Four Square Lancaster",8,97.7,144,241.7,770.0,31.7,163.62,933.62,2
Sat_01387,Saturday,"Four Square Remuera,Pak 'n Save Sylvia Park,Four Square St Heliers",8,97.8,144,241.8,770.0,31.8,164.18,934.18,3
Sat_01388,Saturday,"New World Metro Queen St,New World Birkenhead,New World Milford",8,97.8,144,241.8,770.0,31.8,164.24,934.24,3
Sat_01389,Saturday,"New World Metro Queen St,Pak 'n Save Botany",8,97.9,144,241.9,770.0,31.9,164.67,934.67,2
Sat_01390,Saturday,"New World Metro Queen St,Pak 'n Save Clendon",8,97.9,144,241.9,770.0,31.9,164.68,934.68,2
Sat_01391,Saturday,"Four Square Pakuranga Heights,Pak 'n Save Clendon",8,97.9,144,241.9,770.0,31.9,164.72,934.72,2
Sat_01392,Saturday,"New World Victoria Park,Pak 'n Save Sylvia Park",9,79.9,162,241.9,770.0,31.9,164.75,934.75,2
Sat_01393,Saturday,"New World Southmall,New World Devonport",6,134.0,108,242.0,770.0,32.0,165.23,935.23,2
Sat_01394,Saturday,"Pak 'n Save Royal Oak,New World Ormiston",9,80.1,162,242.1,770.0,32.1,165.71,935.71,2
Sat_01395,Saturday,"New World Metro Shore City,New World Milford,New World Long Bay",7,116.2,126,242.2,770.0,32.2,166.26,936.26,3
Sat_01396,Saturday,"Four Square Pakuranga Heights,New World Howick,New World Stonefields",8,98.4,144,242.4,770.0,32.4,167.28,937.28,3
Sat_01397,Saturday,"New World Point Chevalier,New World Victoria Park,New World Metro Queen St,Four Square Remuera",9,80.4,162,242.4,770.0,32.4,167.3,937.3,4
Sat_01398,Saturday,"New World Mt Albert,Pak 'n Save Henderson",10,62.4,180,242.4,770.0,32.4,167.59,937.59,2
Sat_01399,Saturday,"New World Hobsonville,New World Papakura",6,134.5,108,242.5,770.0,32.5,167.76,937.76,2
Sat_01400,Saturday,"Four Square Fair Price Henderson,Pak 'n Save Ormiston",7,116.5,126,242.5,770.0,32.5,167.94,937.94,2
Sat_01401,Saturday,"Four Square Onehunga,Pak 'n Save Royal Oak,Four Square Ellerslie,Four Square Remuera,Four Square Eden Terrace",10,62.5,180,242.5,770.0,32.5,167.94,937.94,5
Sat_01402,Saturday,"Four Square Glen Eden,Pak 'n Save Botany",7,116.7,126,242.7,770.0,32.7,168.99,938.99,2
Sat_01403,Saturday,"New World Metro Queen St,Pak 'n Save Henderson",9,80.8,162,242.8,770.0,32.8,169.34,939.34,2
Sat_01404,Saturday,"Pak 'n Save Manukau,New World Stonefields",9,80.8,162,242.8,770.0,32.8,169.46,939.46,2
Sat_01405,Saturday,"Pak 'n Save Mt Albert,New World Mt Albert,New World New Lynn",11,45.1,198,243.1,770.0,33.1,171.16,941.16,3
Sat_01406,Saturday,"Pak 'n Save Royal Oak,New World Botany",9,81.2,162,243.2,770.0,33.2,171.31,941.31,2
Sat_01407,Saturday,"New World Metro Shore City,Pak 'n Save Wairau Road,Four Square Torbay",7,117.2,126,243.2,770.0,33.2,171.78,941.78,3
Sat_01408,Saturday,"New World Mt Albert,New World Point Chevalier,Four Square Eden Terrace,New World New Lynn",10,63.3,180,243.3,770.0,33.3,172.07,942.07,4
Sat_01409,Saturday,"New World Green Bay,Pak 'n Save Henderson",10,63.4,180,243.4,770.0,33.4,172.56,942.56,2
Sat_01410,Saturday,"Four Square Pakuranga Heights,Pak 'n Save Botany,Four Square Botany Junction",9,81.5,162,243.5,770.0,33.5,172.84,942.84,3
Sat_01411,Saturday,"Pak 'n Save Manukau,New World Botany",9,81.5,162,243.5,770.0,33.5,173.09,943.09,2
Sat_01412,Saturday,"Four Square Fair Price Henderson,Pak 'n Save Botany",7,117.6,126,243.6,770.0,33.6,173.46,943.46,2
Sat_01413,Saturday,"New World Remuera,Pak 'n Save Papakura",8,99.7,144,243.7,770.0,33.7,174.06,944.06,2
Sat_01414,Saturday,"Pak 'n Save Mangere,New World Ormiston",9,81.7,162,243.7,770.0,33.7,174.29,944.29,2
Sat_01415,Saturday,"New World Papakura,New World Browns Bay",5,153.7,90,243.7,770.0,33.7,174.33,944.33,2
Sat_01416,Saturday,"Pak 'n Save Westgate,New World Eastridge",8,99.8,144,243.8,770.0,33.8,174.53,944.53,2
Sat_01417,Saturday,"New World Mt Roskill,Pak 'n Save Mt Albert,New World Mt Albert,Four Square Eden Terrace",11,45.9,198,243.9,770.0,33.9,175.06,945.06,4
Sat_01418,Saturday,"New World Milford,New World Albany,Four Square Lancaster",7,117.9,126,243.9,770.0,33.9,175.14,945.14,3
Sat_01419,Saturday,"New World Milford,New World Papakura",6,135.9,108,243.9,770.0,33.9,175.17,945.17,2
Sat_01420,Saturday,"New World New Lynn,Pak 'n Save Sylvia Park",9,81.9,162,243.9,770.0,33.9,175.26,945.26,2
Sat_01421,Saturday,"New World Point Chevalier,Four Square Eden Terrace,New World Victoria Park,New World Remuera",9,81.9,162,243.9,770.0,33.9,175.32,945.32,4
Sat_01422,Saturday,"New World Hobsonville,New World Albany,Four Square Torbay",7,117.9,126,243.9,770.0,33.9,175.33,945.33,3
Sat_01423,Saturday,"New World Mt Roskill,Four Square Glen Eden,Pak 'n Save Henderson",10,63.9,180,243.9,770.0,33.9,175.38,945.38,3
Sat_01424,Saturday,"New World Hobsonville,New World Long Bay,New World Metro Shore City",7,118.1,126,244.1,770.0,34.1,175.96,945.96,3
Sat_01425,Saturday,"New World Victoria Park,New World Birkenhead,Four Square Lancaster,New World Metro Shore City",8,100.1,144,244.1,770.0,34.1,176.18,946.18,4
Sat_01426,Saturday,"New World Birkenhead,Four Square Lancaster,New World Devonport",7,118.4,126,244.4,770.0,34.4,177.51,947.51,3
Sat_01427,Saturday,"Pak 'n Save Albany,New World Browns Bay",8,100.4,144,244.4,770.0,34.4,177.62,947.62,2
Sat_01428,Saturday,"Four Square Hobsonville,New World Albany,New World Browns Bay,Four Square Torbay",7,118.5,126,244.5,770.0,34.5,178.49,948.49,4
Sat_01429,Saturday,"New World Metro Shore City,New World Milford,Pak 'n Save Wairau Road",9,82.6,162,244.6,770.0,34.6,178.6,948.6,3
Sat_01430,Saturday,"New World Newmarket,New World Stonefields,New World Eastridge",9,82.6,162,244.6,770.0,34.6,178.61,948.61,3
Sat_01431,Saturday,"New World Metro Shore City,Pak 'n Save Ormiston",7,118.7,126,244.7,770.0,34.7,179.2,949.2,2
Sat_01432,Saturday,"New World Mt Albert,Pak 'n Save Clendon",9,82.7,162,244.7,770.0,34.7,179.42,949.42,2
Sat_01433,Saturday,"New World Hobsonville,Four Square Hobsonville,Four Square Lancaster,New World Birkenhead",8,100.8,144,244.8,770.0,34.8,179.66,949.66,4
Sat_01434,Saturday,"Pak 'n Save Mt Albert,New World Point Chevalier,New World New Lynn",11,46.8,198,244.8,770.0,34.8,179.73,949.73,3
Sat_01435,Saturday,"New World Ormiston,New World Albany",6,136.9,108,244.9,770.0,34.9,180.37,950.37,2
Sat_01436,Saturday,"Pak 'n Save Royal Oak,Four Square Remuera,New World Stonefields",10,64.9,180,244.9,770.0,34.9,180.52,950.52,3
Sat_01437,Saturday,"New World Remuera,Four Square Remuera,Pak 'n Save Glen Innes",9,83.0,162,245.0,770.0,35.0,180.79,950.79,3
Sat_01438,Saturday,"Pak 'n Save Mt Albert,New World Howick",8,101.0,144,245.0,770.0,35.0,181.03,951.03,2
Sat_01439,Saturday,"New World Mt Roskill,New World Point Chevalier,New World Newmarket,New World Metro Queen St",10,65.1,180,245.1,770.0,35.1,181.12,951.12,4
Sat_01440,Saturday,"Pak 'n Save Royal Oak,New World Milford",9,83.1,162,245.1,770.0,35.1,181.28,951.28,2
Sat_01441,Saturday,"Four Square Hobsonville,Pak 'n Save Glen Innes",7,119.2,126,245.2,770.0,35.2,181.62,951.62,2
Sat_01442,Saturday,"New World Remuera,Four Square Remuera,New World Stonefields,New World Eastridge",9,83.2,162,245.2,770.0,35.2,181.7,951.7,4
Sat_01443,Saturday,"New World Botany,New World Albany",6,137.2,108,245.2,770.0,35.2,181.85,951.85,2
Sat_01444,Saturday,"New World Devonport,New World Long Bay",6,137.2,108,245.2,770.0,35.2,181.96,951.96,2
Sat_01445,Saturday,"New World Stonefields,Pak 'n Save Glen Innes",9,83.2,162,245.2,770.0,35.2,182.05,952.05,2
Sat_01446,Saturday,"New World Botany,Pak 'n Save Botany",9,83.3,162,245.3,770.0,35.3,182.35,952.35,2
Sat_01447,Saturday,"Pak 'n Save Henderson,New World Metro Shore City",8,101.3,144,245.3,770.0,35.3,182.44,952.44,2
Sat_01448,Saturday,"New World Mt Roskill,Pak 'n Save Royal Oak,New World Newmarket",11,47.4,198,245.4,770.0,35.4,182.82,952.82,3
Sat_01449,Saturday,"New World Southmall,Pak 'n Save Sylvia Park",9,83.5,162,245.5,770.0,35.5,183.34,953.34,2
Sat_01450,Saturday,"Pak 'n Save Papakura,New World Papakura",9,83.5,162,245.5,770.0,35.5,183.49,953.49,2
Sat_01451,Saturday,"New World Mt Roskill,Pak 'n Save Mt Albert,New World Point Chevalier,Four Square Eden Terrace",11,47.5,198,245.5,770.0,35.5,183.64,953.64,4
Sat_01452,Saturday,"New World Point Chevalier,New World Victoria Park,New World Birkenhead",9,83.7,162,245.7,770.0,35.7,184.31,954.31,3
Sat_01453,Saturday,"Pak 'n Save Clendon,New World Metro Shore City",7,119.7,126,245.7,770.0,35.7,184.44,954.44,2
Sat_01454,Saturday,"New World Papatoetoe,Pak 'n Save Wairau Road",8,101.7,144,245.7,770.0,35.7,184.6,954.6,2
Sat_01455,Saturday,"New World Metro Shore City,Pak 'n Save Botany",7,119.8,126,245.8,770.0,35.8,184.71,954.71,2
Sat_01456,Saturday,"Pak 'n Save Royal Oak,New World Browns Bay",8,101.8,144,245.8,770.0,35.8,184.98,954.98,2
Sat_01457,Saturday,"New World Eastridge,New World Long Bay",6,137.8,108,245.8,770.0,35.8,185.02,955.02,2
Sat_01458,Saturday,"New World Mt Roskill,Pak 'n Save Royal Oak,New World New Lynn",11,47.8,198,245.8,770.0,35.8,185.14,955.14,3
Sat_01459,Saturday,"Pak 'n Save Papakura,Four Square St Heliers",7,119.8,126,245.8,770.0,35.8,185.17,955.17,2
Sat_01460,Saturday,"Four Square Onehunga,Pak 'n Save Mangere,New World Papatoetoe",10,65.9,180,245.9,770.0,35.9,185.26,955.26,3
Sat_01461,Saturday,"New World Green Bay,Pak 'n Save Lincoln Road",10,65.9,180,245.9,770.0,35.9,185.4,955.4,2
Sat_01462,Saturday,"New World Stonefields,Pak 'n Save Wairau Road",8,101.9,144,245.9,770.0,35.9,185.65,955.65,2
Sat_01463,Saturday,"New World Southmall,Pak 'n Save Papakura",9,83.9,162,245.9,770.0,35.9,185.71,955.71,2
Sat_01464,Saturday,"New World Green Bay,Pak 'n Save Sylvia Park",9,84.0,162,246.0,770.0,36.0,186.06,956.06,2
Sat_01465,Saturday,"New World Point Chevalier,Pak 'n Save Henderson",10,66.1,180,246.1,770.0,36.1,186.36,956.36,2
Sat_01466,Saturday,"Four Square Onehunga,Four Square Ellerslie,Four Square Remuera,New World Newmarket,New World Eastridge",9,84.1,162,246.1,770.0,36.1,186.64,956.64,5
Sat_01467,Saturday,"New World Victoria Park,Four Square Lancaster,New World Hobsonville,Four Square Hobsonville",8,102.2,144,246.2,770.0,36.2,187.19,957.19,4
Sat_01468,Saturday,"Pak 'n Save Sylvia Park,New World Eastridge",9,84.3,162,246.3,770.0,36.3,187.3,957.3,2
Sat_01469,Saturday,"New World Mt Roskill,New World Mt Albert,New World Point Chevalier,New World New Lynn",11,48.3,198,246.3,770.0,36.3,187.3,957.3,4
Sat_01470,Saturday,"New World New Lynn,Pak 'n Save Clendon",9,84.3,162,246.3,770.0,36.3,187.51,957.51,2
Sat_01471,Saturday,"Four Square Hobsonville,Pak 'n Save Albany,New World Metro Shore City",8,102.3,144,246.3,770.0,36.3,187.62,957.62,3
Sat_01472,Saturday,"Pak 'n Save Royal Oak,New World Green Bay,Four Square Glen Eden",10,66.3,180,246.3,770.0,36.3,187.71,957.71,3
Sat_01473,Saturday,"New World Newmarket,Pak 'n Save Glen Innes",9,84.4,162,246.4,770.0,36.4,188.08,958.08,2
Sat_01474,Saturday,"New World Mt Albert,Pak 'n Save Glen Innes",9,84.5,162,246.5,770.0,36.5,188.36,958.36,2
Sat_01475,Saturday,"New World Victoria Park,Pak 'n Save Manukau",9,84.5,162,246.5,770.0,36.5,188.39,958.39,2
Sat_01476,Saturday,"New World Southmall,Pak 'n Save Ormiston",9,84.5,162,246.5,770.0,36.5,188.45,958.45,2
Sat_01477,Saturday,"New World Howick,New World Albany",6,138.8,108,246.8,770.0,36.8,190.1,960.1,2
Sat_01478,Saturday,"New World Metro Shore City,New World Albany,New World Long Bay",7,120.8,126,246.8,770.0,36.8,190.22,960.22,3
Sat_01479,Saturday,"New World Victoria Park,New World Metro Shore City,Pak 'n Save Wairau Road",9,84.9,162,246.9,770.0,36.9,190.47,960.47,3
Sat_01480,Saturday,"New World Victoria Park,Pak 'n Save Highland Park",8,103.2,144,247.2,770.0,37.2,192.11,962.11,2
Sat_01481,Saturday,"Pak 'n Save Lincoln Road,Four Square Botany Junction",8,103.4,144,247.4,770.0,37.4,193.13,963.13,2
Sat_01482,Saturday,"Four Square Fair Price Henderson,Pak 'n Save Henderson,Four Square Hobsonville",9,85.4,162,247.4,770.0,37.4,193.24,963.24,3
Sat_01483,Saturday,"New World Papatoetoe,Pak 'n Save Botany",9,85.6,162,247.6,770.0,37.6,194.17,964.17,2
Sat_01484,Saturday,"New World Eastridge,Pak 'n Save Glen Innes",9,85.7,162,247.7,770.0,37.7,194.85,964.85,2
Sat_01485,Saturday,"Pak 'n Save Lincoln Road,Four Square St Heliers",8,103.9,144,247.9,770.0,37.9,195.65,965.65,2
Sat_01486,Saturday,"Pak 'n Save Lincoln Road,New World Hobsonville",10,68.0,180,248.0,770.0,38.0,196.08,966.08,2
Sat_01487,Saturday,"Pak 'n Save Mangere,New World Stonefields",9,86.2,162,248.2,770.0,38.2,197.53,967.53,2
Sat_01488,Saturday,"Four Square Pakuranga Heights,New World Botany,Four Square Botany Junction,New World Ormiston",9,86.4,162,248.4,770.0,38.4,198.2,968.2,4
Sat_01489,Saturday,"New World Remuera,Four Square Ellerslie,New World Stonefields,New World Eastridge",9,86.4,162,248.4,770.0,38.4,198.23,968.23,4
Sat_01490,Saturday,"New World Green Bay,Pak 'n Save Clendon",9,86.4,162,248.4,770.0,38.4,198.31,968.31,2
Sat_01491,Saturday,"Four Square Pakuranga Heights,Four Square Botany Junction,Pak 'n Save Ormiston",9,86.4,162,248.4,770.0,38.4,198.34,968.34,3
Sat_01492,Saturday,"Four Square Onehunga,Pak 'n Save Sylvia Park,New World Papatoetoe",10,68.4,180,248.4,770.0,38.4,198.52,968.52,3
Sat_01493,Saturday,"New World Mt Roskill,Pak 'n Save Mt Albert,New World Mt Albert,Four Square Onehunga",11,50.5,198,248.5,770.0,38.5,198.73,968.73,4
Sat_01494,Saturday,"Pak 'n Save Mt Albert,New World Point Chevalier,New World Green Bay",11,50.5,198,248.5,770.0,38.5,199.02,969.02,3
Sat_01495,Saturday,"New World Mt Albert,New World New Lynn,New World Green Bay,Four Square Onehunga",10,68.6,180,248.6,770.0,38.6,199.4,969.4,4
Sat_01496,Saturday,"New World Mt Albert,New World Point Chevalier,New World Green Bay,Four Square Glen Eden",10,68.6,180,248.6,770.0,38.6,199.45,969.45,4
Sat_01497,Saturday,"New World Newmarket,New World Victoria Park,New World Birkenhead",9,86.6,162,248.6,770.0,38.6,199.51,969.51,3
Sat_01498,Saturday,"Pak 'n Save Wairau Road,New World Eastridge",8,104.6,144,248.6,770.0,38.6,199.56,969.56,2
Sat_01499,Saturday,"Four Square Eden Terrace,New World Metro Queen St,New World Victoria Park,New World Remuera,Four Square Ellerslie",9,86.7,162,248.7,770.0,38.7,200.04,970.04,5
Sat_01500,Saturday,"New World Metro Queen St,Pak 'n Save Papakura",8,104.7,144,248.7,770.0,38.7,200.08,970.08,2
Sat_01501,Saturday,"Four Square Pakuranga Heights,Pak 'n Save Papakura",8,104.7,144,248.7,770.0,38.7,200.12,970.12,2
Sat_01502,Saturday,"New World Mt Albert,Four Square Eden Terrace,New World Victoria Park,New World New Lynn",10,68.7,180,248.7,770.0,38.7,200.13,970.13,4
Sat_01503,Saturday,"New World Ormiston,New World Devonport",6,140.8,108,248.8,770.0,38.8,200.52,970.52,2
Sat_01504,Saturday,"Pak 'n Save Ormiston,New World Botany",9,86.9,162,248.9,770.0,38.9,200.79,970.79,2
Sat_01505,Saturday,"New World Remuera,Pak 'n Save Henderson",9,87.1,162,249.1,770.0,39.1,201.81,971.81,2
Sat_01506,Saturday,"New World Botany,New World Devonport",6,141.1,108,249.1,770.0,39.1,202.0,972.0,2
Sat_01507,Saturday,"New World Remuera,Pak 'n Save Albany",8,105.2,144,249.2,770.0,39.2,202.51,972.51,2
Sat_01508,Saturday,"New World New Lynn,Pak 'n Save Highland Park",8,105.2,144,249.2,770.0,39.2,202.62,972.62,2
Sat_01509,Saturday,"New World Papatoetoe,Pak 'n Save Papakura",9,87.3,162,249.3,770.0,39.3,202.94,972.94,2
Sat_01510,Saturday,"New World Victoria Park,New World Metro Queen St,New World Devonport",8,105.4,144,249.4,770.0,39.4,203.35,973.35,3
Sat_01511,Saturday,"New World Mt Roskill,Pak 'n Save Royal Oak,New World Point Chevalier",11,51.4,198,249.4,770.0,39.4,203.45,973.45,3
Sat_01512,Saturday,"Pak 'n Save Wairau Road,New World Devonport",8,105.5,144,249.5,770.0,39.5,203.99,973.99,2
Sat_01513,Saturday,"Pak 'n Save Mt Albert,Four Square Eden Terrace,New World Newmarket,Four Square Remuera",10,69.6,180,249.6,770.0,39.6,204.69,974.69,4
Sat_01514,Saturday,"Pak 'n Save Mt Albert,Pak 'n Save Mangere",11,51.8,198,249.8,770.0,39.8,205.5,975.5,2
Sat_01515,Saturday,"New World Metro Shore City,New World Albany,New World Browns Bay,Four Square Torbay",7,123.9,126,249.9,770.0,39.9,206.07,976.07,4
Sat_01516,Saturday,"New World Hobsonville,Four Square Hobsonville,Pak 'n Save Wairau Road",9,87.9,162,249.9,770.0,39.9,206.12,976.12,3
Sat_01517,Saturday,"New World Ormiston,Pak 'n Save Botany",9,87.9,162,249.9,770.0,39.9,206.4,976.4,2
Sat_01518,Saturday,"New World Mt Roskill,New World Mt Albert,New World Point Chevalier,New World Green Bay",11,52.0,198,250.0,770.0,40.0,206.59,976.59,4
Sat_01519,Saturday,"Four Square Hobsonville,New World Albany,New World Milford,New World Metro Shore City",8,106.0,144,250.0,770.0,40.0,206.64,976.64,4
Sat_01520,Saturday,"Four Square Hobsonville,Pak 'n Save Ormiston",7,124.2,126,250.2,770.0,40.2,207.59,977.59,2
Sat_01521,Saturday,"Four Square Eden Terrace,New World Newmarket,New World Metro Queen St,New World Eastridge",9,88.2,162,250.2,770.0,40.2,207.82,977.82,4
Sat_01522,Saturday,"New World Remuera,Pak 'n Save Glen Innes,Four Square St Heliers",9,88.2,162,250.2,770.0,40.2,207.82,977.82,3
Sat_01523,Saturday,"New World Point Chevalier,Pak 'n Save Clendon",9,88.2,162,250.2,770.0,40.2,207.94,977.94,2
Sat_01524,Saturday,"Pak 'n Save Manukau,New World Papakura",9,88.3,162,250.3,770.0,40.3,208.14,978.14,2
Sat_01525,Saturday,"Four Square Hobsonville,New World Browns Bay,New World Long Bay,New World Metro Shore City",7,124.3,126,250.3,770.0,40.3,208.26,978.26,4
Sat_01526,Saturday,"New World Newmarket,Pak 'n Save Lincoln Road",10,70.3,180,250.3,770.0,40.3,208.29,978.29,2
Sat_01527,Saturday,"Four Square Fair Price Henderson,Pak 'n Save Papakura",7,124.4,126,250.4,770.0,40.4,208.87,978.87,2
Sat_01528,Saturday,"Pak 'n Save Lincoln Road,New World Victoria Park",10,70.4,180,250.4,770.0,40.4,208.87,978.87,2
Sat_01529,Saturday,"Four Square Hobsonville,Pak 'n Save Wairau Road,Four Square Torbay",7,124.6,126,250.6,770.0,40.6,209.76,979.76,3
Sat_01530,Saturday,"New World Papatoetoe,New World Ormiston,New World Botany",9,88.6,162,250.6,770.0,40.6,209.83,979.83,3
Sat_01531,Saturday,"New World Point Chevalier,Pak 'n Save Glen Innes",9,88.7,162,250.7,770.0,40.7,210.11,980.11,2
Sat_01532,Saturday,"Pak 'n Save Mt Albert,New World Mt Albert,New World Victoria Park",11,52.7,198,250.7,770.0,40.7,210.16,980.16,3
Sat_01533,Saturday,"New World Howick,New World Devonport",6,142.7,108,250.7,770.0,40.7,210.25,980.25,2
Sat_01534,Saturday,"Pak 'n Save Clendon,New World Ormiston",9,88.7,162,250.7,770.0,40.7,210.51,980.51,2
Sat_01535,Saturday,"New World Mt Albert,New World Victoria Park,New World Metro Queen St,New World Remuera",10,70.7,180,250.7,770.0,40.7,210.53,980.53,4
Sat_01536,Saturday,"New World Howick,Pak 'n Save Botany",9,88.9,162,250.9,770.0,40.9,211.16,981.16,2
Sat_01537,Saturday,"New World Birkenhead,Four Square Lancaster,Pak 'n Save Wairau Road",9,89.0,162,251.0,770.0,41.0,211.77,981.77,3
Sat_01538,Saturday,"Pak 'n Save Mangere,New World Hobsonville",9,89.2,162,251.2,770.0,41.2,212.94,982.94,2
Sat_01539,Saturday,"Four Square Hobsonville,Pak 'n Save Botany",7,125.2,126,251.2,770.0,41.2,213.1,983.1,2
Sat_01540,Saturday,"New World Mt Albert,Four Square Eden Terrace,New World Newmarket,New World Remuera,Four Square Ellerslie",10,71.3,180,251.3,770.0,41.3,213.21,983.21,5
Sat_01541,Saturday,"New World Green Bay,Pak 'n Save Highland Park",8,107.3,144,251.3,770.0,41.3,213.42,983.42,2
Sat_01542,Saturday,"Pak 'n Save Mangere,New World Botany",9,89.3,162,251.3,770.0,41.3,213.47,983.47,2
Sat_01543,Saturday,"Four Square Fair Price Henderson,Four Square Hobsonville,Pak 'n Save Albany",8,107.4,144,251.4,770.0,41.4,213.7,983.7,3
Sat_01544,Saturday,"Pak 'n Save Wairau Road,New World Long Bay",8,107.4,144,251.4,770.0,41.4,213.74,983.74,2
Sat_01545,Saturday,"New World Mt Albert,New World Newmarket,New World Remuera,New World Metro Queen St",10,71.4,180,251.4,770.0,41.4,213.89,983.89,4
Sat_01546,Saturday,"New World Newmarket,New World Remuera,New World Stonefields,Four Square St Heliers",9,89.4,162,251.4,770.0,41.4,213.93,983.93,4
Sat_01547,Saturday,"New World Southmall,New World Long Bay",6,143.4,108,251.4,770.0,41.4,214.02,984.02,2
Sat_01548,Saturday,"New World Hobsonville,New World Albany,New World Browns Bay",8,107.4,144,251.4,770.0,41.4,214.04,984.04,3
Sat_01549,Saturday,"New World Newmarket,Pak 'n Save Ormiston",9,89.4,162,251.4,770.0,41.4,214.05,984.05,2
Sat_01550,Saturday,"Pak 'n Save Westgate,New World Long Bay",8,107.5,144,251.5,770.0,41.5,214.23,984.23,2
Sat_01551,Saturday,"New World Mt Albert,Pak 'n Save Ormiston",9,89.5,162,251.5,770.0,41.5,214.33,984.33,2
Sat_01552,Saturday,"Four Square Eden Terrace,Four Square Ellerslie,Four Square Remuera,New World Stonefields,New World Eastridge",9,89.5,162,251.5,770.0,41.5,214.33,984.33,5
Sat_01553,Saturday,"Four Square Lancaster,Pak 'n Save Glen Innes",7,125.5,126,251.5,770.0,41.5,214.42,984.42,2
Sat_01554,Saturday,"New World Papatoetoe,New World Southmall,New World Ormiston",9,89.5,162,251.5,770.0,41.5,214.5,984.5,3
Sat_01555,Saturday,"New World Remuera,New World Stonefields,Four Square St Heliers,New World Eastridge",9,89.6,162,251.6,770.0,41.6,214.84,984.84,4
Sat_01556,Saturday,"Pak 'n Save Sylvia Park,New World Ormiston",9,89.8,162,251.8,770.0,41.8,216.08,986.08,2
Sat_01557,Saturday,"Pak 'n Save Mangere,New World Papakura",9,90.1,162,252.1,770.0,42.1,217.42,987.42,2
Sat_01558,Saturday,"Pak 'n Save Mt Albert,New World Point Chevalier,New World Victoria Park",11,54.1,198,252.1,770.0,42.1,217.54,987.54,3
Sat_01559,Saturday,"Pak 'n Save Mt Albert,New World Mt Albert,New World Newmarket",11,54.2,198,252.2,770.0,42.2,217.95,987.95,3
Sat_01560,Saturday,"New World Birkenhead,Pak 'n Save Wairau Road,New World Metro Shore City",9,90.2,162,252.2,770.0,42.2,217.99,987.99,3
Sat_01561,Saturday,"Four Square Onehunga,New World Newmarket,Pak 'n Save Sylvia Park",10,72.2,180,252.2,770.0,42.2,218.24,988.24,3
Sat_01562,Saturday,"New World Point Chevalier,New World Victoria Park,New World Metro Queen St,New World Metro Shore City",9,90.4,162,252.4,770.0,42.4,219.18,989.18,4
Sat_01563,Saturday,"Four Square Pakuranga Heights,New World Ormiston,New World Stonefields",8,108.5,144,252.5,770.0,42.5,219.4,989.4,3
Sat_01564,Saturday,"New World Newmarket,Pak 'n Save Botany",9,90.5,162,252.5,770.0,42.5,219.56,989.56,2
Sat_01565,Saturday,"New World Newmarket,Pak 'n Save Clendon",9,90.5,162,252.5,770.0,42.5,219.58,989.58,2
Sat_01566,Saturday,"New World Metro Shore City,Pak 'n Save Wairau Road,New World Browns Bay",8,108.5,144,252.5,770.0,42.5,219.65,989.65,3
Sat_01567,Saturday,"New World Mt Albert,Pak 'n Save Botany",9,90.6,162,252.6,770.0,42.6,219.85,989.85,2
Sat_01568,Saturday,"New World Metro Shore City,Pak 'n Save Papakura",7,126.6,126,252.6,770.0,42.6,220.13,990.13,2
Sat_01569,Saturday,"New World Mt Roskill,New World Mt Albert,New World Point Chevalier,New World Newmarket",11,54.6,198,252.6,770.0,42.6,220.23,990.23,4
Sat_01570,Saturday,"Pak 'n Save Manukau,New World Eastridge",9,90.6,162,252.6,770.0,42.6,220.27,990.27,2
Sat_01571,Saturday,"Pak 'n Save Albany,New World Albany",9,90.8,162,252.8,770.0,42.8,220.91,990.91,2
Sat_01572,Saturday,"Pak 'n Save Manukau,Four Square Botany Junction,Four Square Pakuranga Heights",9,90.8,162,252.8,770.0,42.8,221.17,991.17,3
Sat_01573,Saturday,"New World Papatoetoe,Pak 'n Save Glen Innes",9,91.0,162,253.0,770.0,43.0,222.0,992.0,2
Sat_01574,Saturday,"Pak 'n Save Royal Oak,New World Howick",9,91.0,162,253.0,770.0,43.0,222.08,992.08,2
Sat_01575,Saturday,"New World Papatoetoe,Pak 'n Save Manukau,Four Square Botany Junction",10,73.0,180,253.0,770.0,43.0,222.39,992.39,3
Sat_01576,Saturday,"Pak 'n Save Henderson,Four Square Lancaster",8,109.1,144,253.1,770.0,43.1,222.8,992.8,2
Sat_01577,Saturday,"New World Mt Albert,New World Point Chevalier,New World Metro Queen St,New World Remuera",10,73.3,180,253.3,770.0,43.3,223.47,993.47,4
Sat_01578,Saturday,"Pak 'n Save Royal Oak,New World Papakura",9,91.3,162,253.3,770.0,43.3,223.55,993.55,2
Sat_01579,Saturday,"New World Southmall,Pak 'n Save Highland Park",8,109.3,144,253.3,770.0,43.3,223.76,993.76,2
Sat_01580,Saturday,"New World Mt Roskill,Four Square Onehunga,Four Square Ellerslie,Pak 'n Save Mangere",10,73.3,180,253.3,770.0,43.3,223.78,993.78,4
Sat_01581,Saturday,"Pak 'n Save Sylvia Park,New World Botany",9,91.4,162,253.4,770.0,43.4,224.2,994.2,2
Sat_01582,Saturday,"New World Metro Queen St,Four Square Ellerslie,New World Stonefields,New World Eastridge",9,91.4,162,253.4,770.0,43.4,224.25,994.25,4
Sat_01583,Saturday,"Pak 'n Save Westgate,New World Southmall",8,109.6,144,253.6,770.0,43.6,225.08,995.08,2
Sat_01584,Saturday,"New World Mt Roskill,New World Mt Albert,New World Point Chevalier,New World Victoria Park",11,55.6,198,253.6,770.0,43.6,225.1,995.1,4
Sat_01585,Saturday,"New World Victoria Park,Pak 'n Save Albany",9,91.6,162,253.6,770.0,43.6,225.23,995.23,2
Sat_01586,Saturday,"New World Newmarket,New World Metro Queen St,New World Devonport",8,109.7,144,253.7,770.0,43.7,225.55,995.55,3
Sat_01587,Saturday,"New World Newmarket,New World Remuera,Four Square Remuera,Four Square St Heliers,New World Metro Queen St",9,91.7,162,253.7,770.0,43.7,225.88,995.88,5
Sat_01588,Saturday,"Pak 'n Save Mt Albert,Four Square Eden Terrace,New World Remuera,Four Square Remuera,Four Square Ellerslie",10,73.7,180,253.7,770.0,43.7,225.96,995.96,5
Sat_01589,Saturday,"Pak 'n Save Mt Albert,New World Long Bay",8,109.8,144,253.8,770.0,43.8,226.53,996.53,2
Sat_01590,Saturday,"Four Square Fair Price Henderson,New World Hobsonville,Four Square Hobsonville,New World Albany",8,109.9,144,253.9,770.0,43.9,227.03,997.03,4
Sat_01591,Saturday,"New World Point Chevalier,Four Square Eden Terrace,New World Newmarket,New World Remuera,Four Square Remuera",10,74.0,180,254.0,770.0,44.0,227.14,997.14,5
Sat_01592,Saturday,"New World Mt Roskill,New World Mt Albert,Four Square Eden Terrace,Four Square Onehunga,New World Green Bay",10,74.5,180,254.5,770.0,44.5,230.08,1000.08,5
Sat_01593,Saturday,"Four Square Onehunga,New World New Lynn,New World Green Bay,New World Point Chevalier",10,74.5,180,254.5,770.0,44.5,230.09,1000.09,4
Sat_01594,Saturday,"New World Metro Queen St,Four Square St Heliers,Pak 'n Save Glen Innes",9,92.5,162,254.5,770.0,44.5,230.11,1000.11,3
Sat_01595,Saturday,"Four Square Ellerslie,Four Square Remuera,New World Stonefields,Four Square St Heliers,New World Eastridge",9,92.6,162,254.6,770.0,44.6,230.63,1000.63,5
Sat_01596,Saturday,"Pak 'n Save Lincoln Road,Four Square Torbay",8,110.7,144,254.7,770.0,44.7,231.11,1001.1,2
Sat_01597,Saturday,"New World Milford,New World Albany,New World Browns Bay",8,110.8,144,254.8,770.0,44.8,231.37,1001.37,3
Sat_01598,Saturday,"New World Mt Roskill,Pak 'n Save Royal Oak,New World Remuera,Four Square Remuera",11,57.1,198,255.1,770.0,45.1,233.22,1003.22,4
Sat_01599,Saturday,"New World Newmarket,Four Square Ellerslie,Four Square Remuera,New World Stonefields,Four Square St Heliers",9,93.2,162,255.2,770.0,45.2,233.32,1003.32,5
Sat_01600,Saturday,"Pak 'n Save Manukau,Four Square Botany Junction,New World Ormiston",10,75.2,180,255.2,770.0,45.2,233.67,1003.67,3
Sat_01601,Saturday,"Pak 'n Save Highland Park,Four Square Torbay",6,147.3,108,255.3,770.0,45.3,233.9,1003.9,2
Sat_01602,Saturday,"Pak 'n Save Clendon,New World Papakura",9,93.3,162,255.3,770.0,45.3,233.94,1003.94,2
Sat_01603,Saturday,"Pak 'n Save Mt Albert,New World Metro Queen St,New World Remuera,Four Square Remuera",10,75.3,180,255.3,770.0,45.3,233.94,1003.94,4
Sat_01604,Saturday,"New World Papakura,New World Albany",6,147.5,108,255.5,770.0,45.5,234.94,1004.94,2
Sat_01605,Saturday,"New World Southmall,Pak 'n Save Botany",9,93.7,162,255.7,770.0,45.7,235.91,1005.91,2
Sat_01606,Saturday,"New World Point Chevalier,Pak 'n Save Ormiston",9,93.7,162,255.7,770.0,45.7,236.08,1006.08,2
Sat_01607,Saturday,"Pak 'n Save Henderson,Four Square Botany Junction",8,111.9,144,255.9,770.0,45.9,236.98,1006.98,2
Sat_01608,Saturday,"New World Mt Roskill,New World Mt Albert,Four Square Eden Terrace,New World Metro Queen St,New World Victoria Park",11,57.9,198,255.9,770.0,45.9,237.12,1007.12,5
Sat_01609,Saturday,"Four Square Botany Junction,New World Ormiston,Pak 'n Save Ormiston",10,75.9,180,255.9,770.0,45.9,237.32,1007.32,3
Sat_01610,Saturday,"Pak 'n Save Royal Oak,New World Newmarket,New World Remuera",11,57.9,198,255.9,770.0,45.9,237.34,1007.34,3
Sat_01611,Saturday,"Four Square Ellerslie,New World Stonefields,Pak 'n Save Sylvia Park",10,76.1,180,256.1,770.0,46.1,238.09,1008.09,3
Sat_01612,Saturday,"New World Victoria Park,New World Birkenhead,New World Milford",9,94.1,162,256.1,770.0,46.1,238.15,1008.15,3
Sat_01613,Saturday,"New World Mt Roskill,New World New Lynn,New World Green Bay,New World Point Chevalier",11,58.2,198,256.2,770.0,46.2,238.7,1008.7,4
Sat_01614,Saturday,"Pak 'n Save Wairau Road,New World Browns Bay,Four Square Torbay",8,112.2,144,256.2,770.0,46.2,238.75,1008.75,3
Sat_01615,Saturday,"New World Victoria Park,Pak 'n Save Wairau Road,Four Square Lancaster",9,94.2,162,256.2,770.0,46.2,238.78,1008.78,3
Sat_01616,Saturday,"New World Mt Albert,Pak 'n Save Albany",9,94.3,162,256.3,770.0,46.3,238.96,1008.96,2
Sat_01617,Saturday,"Pak 'n Save Henderson,Four Square St Heliers",8,112.4,144,256.4,770.0,46.4,239.5,1009.5,2
Sat_01618,Saturday,"Four Square Botany Junction,Pak 'n Save Albany",7,130.4,126,256.4,770.0,46.4,239.61,1009.61,2
Sat_01619,Saturday,"Pak 'n Save Mt Albert,New World Point Chevalier,Four Square Fair Price Henderson,Four Square Glen Eden",10,76.4,180,256.4,770.0,46.4,239.83,1009.83,4
Sat_01620,Saturday,"New World New Lynn,Pak 'n Save Ormiston",9,94.5,162,256.5,770.0,46.5,240.02,1010.02,2
Sat_01621,Saturday,"New World Mt Roskill,New World Mt Albert,Pak 'n Save Mangere",11,58.6,198,256.6,770.0,46.6,240.87,1010.87,3
Sat_01622,Saturday,"New World Hobsonville,Four Square Hobsonville,New World Milford,Four Square Lancaster",8,112.7,144,256.7,770.0,46.7,241.44,1011.44,4
Sat_01623,Saturday,"New World Point Chevalier,Pak 'n Save Botany",9,94.8,162,256.8,770.0,46.8,241.59,1011.59,2
Sat_01624,Saturday,"Pak 'n Save Westgate,New World Devonport",8,112.8,144,256.8,770.0,46.8,241.73,1011.73,2
Sat_01625,Saturday,"New World Remuera,Pak 'n Save Sylvia Park,Four Square St Heliers",9,94.8,162,256.8,770.0,46.8,241.81,1011.81,3
Sat_01626,Saturday,"Pak 'n Save Mt Albert,New World Point Chevalier,Four Square Eden Terrace,New World Metro Queen St",11,58.8,198,256.8,770.0,46.8,241.97,1011.97,4
Sat_01627,Saturday,"New World Hobsonville,Pak 'n Save Albany",9,94.8,162,256.8,770.0,46.8,242.04,1012.04,2
Sat_01628,Saturday,"Pak 'n Save Mt Albert,Pak 'n Save Wairau Road",10,77.1,180,257.1,770.0,47.1,243.21,1013.21,2
Sat_01629,Saturday,"Pak 'n Save Ormiston,Four Square Lancaster",7,131.1,126,257.1,770.0,47.1,243.43,1013.43,2
Sat_01630,Saturday,"New World Victoria Park,Pak 'n Save Glen Innes",9,95.1,162,257.1,770.0,47.1,243.43,1013.43,2
Sat_01631,Saturday,"New World Hobsonville,Pak 'n Save Wairau Road,New World Metro Shore City",9,95.2,162,257.2,770.0,47.2,243.64,1013.64,3
Sat_01632,Saturday,"New World Mt Roskill,New World Mt Albert,New World New Lynn,New World Metro Queen St",10,77.2,180,257.2,770.0,47.2,244.09,1014.09,4
Sat_01633,Saturday,"New World Metro Queen St,New World Birkenhead,New World Albany",8,113.3,144,257.3,770.0,47.3,244.18,1014.18,3
Sat_01634,Saturday,"Four Square Eden Terrace,New World Newmarket,New World Remuera,Four Square Remuera,New World Stonefields",10,77.3,180,257.3,770.0,47.3,244.49,1014.49,5
Sat_01635,Saturday,"New World Mt Roskill,Pak 'n Save Mangere,New World Papatoetoe",11,59.4,198,257.4,770.0,47.4,244.78,1014.78,3
Sat_01636,Saturday,"New World Stonefields,Pak 'n Save Botany",9,95.4,162,257.4,770.0,47.4,244.95,1014.95,2
Sat_01637,Saturday,"New World Southmall,Pak 'n Save Wairau Road",8,113.5,144,257.5,770.0,47.5,245.56,1015.56,2
Sat_01638,Saturday,"Pak 'n Save Royal Oak,New World Albany",9,95.5,162,257.5,770.0,47.5,245.59,1015.59,2
Sat_01639,Saturday,"Pak 'n Save Clendon,Four Square Lancaster",7,131.5,126,257.5,770.0,47.5,245.63,1015.63,2
Sat_01640,Saturday,"New World Mt Roskill,Four Square Onehunga,Pak 'n Save Royal Oak,Four Square Ellerslie,Four Square Remuera",11,59.6,198,257.6,770.0,47.6,245.8,1015.8,5
Sat_01641,Saturday,"Four Square Lancaster,Pak 'n Save Botany",7,131.6,126,257.6,770.0,47.6,245.91,1015.91,2
Sat_01642,Saturday,"Four Square Eden Terrace,New World Newmarket,New World Remuera,Four Square Remuera,New World Victoria Park",10,77.8,180,257.8,770.0,47.8,247.21,1017.21,5
Sat_01643,Saturday,"New World Newmarket,New World Remuera,Four Square Remuera,Four Square Ellerslie,New World Stonefields",10,77.9,180,257.9,770.0,47.9,247.5,1017.5,5
Sat_01644,Saturday,"New World Metro Queen St,New World Milford,New World Devonport",8,113.9,144,257.9,770.0,47.9,247.51,1017.51,3
Sat_01645,Saturday,"Pak 'n Save Royal Oak,Four Square Ellerslie,Four Square Remuera,New World Newmarket",11,59.9,198,257.9,770.0,47.9,247.57,1017.57,4
Sat_01646,Saturday,"Pak 'n Save Mangere,Four Square Torbay",7,132.0,126,258.0,770.0,48.0,247.97,1017.97,2
Sat_01647,Saturday,"Pak 'n Save Mt Albert,New World Mt Albert,Four Square Fair Price Henderson,Four Square Glen Eden",10,78.0,180,258.0,770.0,48.0,248.08,1018.08,4
Sat_01648,Saturday,"New World Papatoetoe,Four Square Botany Junction,Pak 'n Save Ormiston",10,78.0,180,258.0,770.0,48.0,248.11,1018.11,3
Sat_01649,Saturday,"Pak 'n Save Mangere,New World Eastridge",9,96.1,162,258.1,770.0,48.1,248.34,1018.34,2
Sat_01650,Saturday,"Four Square Hobsonville,Pak 'n Save Papakura",7,132.1,126,258.1,770.0,48.1,248.52,1018.52,2
Sat_01651,Saturday,"New World Point Chevalier,Four Square Eden Terrace,New World Newmarket,New World Remuera,Four Square Ellerslie",10,78.2,180,258.2,770.0,48.2,248.82,1018.82,5
Sat_01652,Saturday,"New World Ormiston,New World Long Bay",6,150.3,108,258.3,770.0,48.3,249.31,1019.31,2
Sat_01653,Saturday,"New World Metro Queen St,New World Metro Shore City,New World Devonport,Four Square Lancaster",7,132.3,126,258.3,770.0,48.3,249.58,1019.58,4
Sat_01654,Saturday,"Pak 'n Save Mangere,New World Papatoetoe,Four Square Botany Junction",10,78.4,180,258.4,770.0,48.4,249.88,1019.88,3
Sat_01655,Saturday,"New World Albany,New World Browns Bay,New World Long Bay",8,114.4,144,258.4,770.0,48.4,249.89,1019.89,3
Sat_01656,Saturday,"New World Papatoetoe,Pak 'n Save Manukau,Four Square Ellerslie",10,78.4,180,258.4,770.0,48.4,250.26,1020.26,3
Sat_01657,Saturday,"New World Mt Albert,New World Newmarket,Four Square Ellerslie,Four Square Remuera,New World Metro Queen St",10,78.5,180,258.5,770.0,48.5,250.77,1020.77,5
Sat_01658,Saturday,"New World Botany,New World Long Bay",6,150.5,108,258.5,770.0,48.5,250.79,1020.79,2
Sat_01659,Saturday,"New World Green Bay,Pak 'n Save Ormiston",9,96.5,162,258.5,770.0,48.5,250.83,1020.83,2
Sat_01660,Saturday,"New World Newmarket,Pak 'n Save Henderson",10,78.8,180,258.8,770.0,48.8,252.14,1022.14,2
Sat_01661,Saturday,"Pak 'n Save Clendon,New World Botany",9,96.8,162,258.8,770.0,48.8,252.35,1022.35,2
Sat_01662,Saturday,"Pak 'n Save Westgate,New World Ormiston",8,114.9,144,258.9,770.0,48.9,252.79,1022.79,2
Sat_01663,Saturday,"New World Newmarket,Pak 'n Save Albany",9,96.9,162,258.9,770.0,48.9,252.84,1022.84,2
Sat_01664,Saturday,"Four Square Onehunga,Pak 'n Save Royal Oak,Four Square Ellerslie,New World Newmarket",11,61.1,198,259.1,770.0,49.1,253.67,1023.67,4
Sat_01665,Saturday,"New World Mt Albert,Pak 'n Save Papakura",9,97.1,162,259.1,770.0,49.1,253.84,1023.84,2
Sat_01666,Saturday,"Pak 'n Save Highland Park,New World Papakura",8,115.1,144,259.1,770.0,49.1,253.84,1023.84,2
Sat_01667,Saturday,"New World Point Chevalier,Four Square Hobsonville,Pak 'n Save Wairau Road",9,97.1,162,259.1,770.0,49.1,253.87,1023.87,3
Sat_01668,Saturday,"New World New Lynn,Pak 'n Save Glen Innes",9,97.1,162,259.1,770.0,49.1,253.94,1023.94,2
Sat_01669,Saturday,"New World Papatoetoe,Four Square Botany Junction,New World Ormiston,Four Square Pakuranga Heights",9,97.2,162,259.2,770.0,49.2,254.19,1024.19,4
Sat_01670,Saturday,"Four Square Eden Terrace,New World Newmarket,Four Square Ellerslie,New World Eastridge,Four Square St Heliers",9,97.2,162,259.2,770.0,49.2,254.23,1024.23,5
Sat_01671,Saturday,"New World Newmarket,Pak 'n Save Papakura",9,97.4,162,259.4,770.0,49.4,254.98,1024.98,2
Sat_01672,Saturday,"New World Mt Albert,Pak 'n Save Lincoln Road,Four Square Fair Price Henderson",11,61.4,198,259.4,770.0,49.4,255.03,1025.03,3
Sat_01673,Saturday,"New World Papakura,New World Devonport",6,151.4,108,259.4,770.0,49.4,255.09,1025.09,2
Sat_01674,Saturday,"Pak 'n Save Henderson,New World Hobsonville",10,79.4,180,259.4,770.0,49.4,255.25,1025.25,2
Sat_01675,Saturday,"New World Newmarket,New World Remuera,Four Square Remuera,Four Square Ellerslie,New World Victoria Park",10,79.4,180,259.4,770.0,49.4,255.37,1025.37,5
Sat_01676,Saturday,"Pak 'n Save Mt Albert,Four Square Onehunga,Pak 'n Save Royal Oak",12,43.4,216,259.4,770.0,49.4,255.4,1025.4,3
Sat_01677,Saturday,"New World Hobsonville,Four Square Lancaster,New World Birkenhead,New World Metro Shore City",8,115.5,144,259.5,770.0,49.5,255.5,1025.5,4
Sat_01678,Saturday,"Pak 'n Save Sylvia Park,Four Square Torbay",7,133.5,126,259.5,770.0,49.5,255.53,1025.53,2
Sat_01679,Saturday,"Pak 'n Save Manukau,New World Howick",9,97.6,162,259.6,770.0,49.6,256.05,1026.05,2
Sat_01680,Saturday,"New World Mt Roskill,Pak 'n Save Mt Albert,New World Mt Albert,Four Square Glen Eden",11,61.6,198,259.6,770.0,49.6,256.22,1026.22,4
Sat_01681,Saturday,"Pak 'n Save Mt Albert,Four Square Eden Terrace,New World Metro Queen St,Four Square Ellerslie,Four Square Remuera",10,79.6,180,259.6,770.0,49.6,256.38,1026.38,5
Sat_01682,Saturday,"New World Mt Roskill,New World Mt Albert,Pak 'n Save Royal Oak,Four Square Onehunga",12,43.7,216,259.7,770.0,49.7,256.61,1026.61,4
Sat_01683,Saturday,"New World Newmarket,Four Square Ellerslie,Four Square Remuera,New World Metro Queen St,New World Victoria Park",10,79.7,180,259.7,770.0,49.7,256.77,1026.77,5
Sat_01684,Saturday,"New World Victoria Park,Pak 'n Save Henderson",10,79.7,180,259.7,770.0,49.7,257.01,1027.01,2
Sat_01685,Saturday,"Four Square Hobsonville,Pak 'n Save Wairau Road,New World Browns Bay",8,115.9,144,259.9,770.0,49.9,257.63,1027.63,3
Sat_01686,Saturday,"New World Point Chevalier,Pak 'n Save Albany",9,97.9,162,259.9,770.0,49.9,257.74,1027.74,2
Sat_01687,Saturday,"Pak 'n Save Westgate,New World Botany",8,116.0,144,260.0,770.0,50.0,258.38,1028.38,2
Sat_01688,Saturday,"Four Square Eden Terrace,New World Remuera,Four Square Ellerslie,Pak 'n Save Sylvia Park",10,80.0,180,260.0,770.0,50.0,258.52,1028.52,4
Sat_01689,Saturday,"Pak 'n Save Mangere,New World Papatoetoe,Four Square Ellerslie",10,80.1,180,260.1,770.0,50.1,258.96,1028.96,3
Sat_01690,Saturday,"New World Howick,New World Long Bay",6,152.1,108,260.1,770.0,50.1,259.04,1029.04,2
Sat_01691,Saturday,"Pak 'n Save Mangere,New World Birkenhead",9,98.1,162,260.1,770.0,50.1,259.1,1029.1,2
Sat_01692,Saturday,"New World Milford,Pak 'n Save Albany",9,98.2,162,260.2,770.0,50.2,259.37,1029.37,2
Sat_01693,Saturday,"New World Stonefields,Pak 'n Save Ormiston",9,98.2,162,260.2,770.0,50.2,259.55,1029.55,2
Sat_01694,Saturday,"Four Square Onehunga,Pak 'n Save Royal Oak,Four Square Ellerslie,Four Square Remuera,New World Remuera",11,62.4,198,260.4,770.0,50.4,260.29,1030.29,5
Sat_01695,Saturday,"Pak 'n Save Royal Oak,Four Square Ellerslie,Four Square Remuera,New World Remuera,Four Square Eden Terrace",11,62.6,198,260.6,770.0,50.6,261.31,1031.31,5
Sat_01696,Saturday,"Four Square St Heliers,Pak 'n Save Albany",7,134.6,126,260.6,770.0,50.6,261.32,1031.32,2
Sat_01697,Saturday,"Four Square Eden Terrace,New World Newmarket,Four Square Ellerslie,New World Metro Queen St,New World Victoria Park",10,80.6,180,260.6,770.0,50.6,261.57,1031.57,5
Sat_01698,Saturday,"Four Square Onehunga,New World Remuera,Four Square Remuera,New World Stonefields,New World Eastridge",10,80.7,180,260.7,770.0,50.7,261.79,1031.79,5
Sat_01699,Saturday,"New World New Lynn,Pak 'n Save Papakura",9,98.7,162,260.7,770.0,50.7,261.93,1031.93,2
Sat_01700,Saturday,"Four Square Eden Terrace,New World Remuera,Four Square Remuera,Pak 'n Save Sylvia Park",10,80.7,180,260.7,770.0,50.7,261.98,1031.98,4
Sat_01701,Saturday,"Four Square Eden Terrace,New World Newmarket,Four Square Remuera,New World Metro Queen St,New World Victoria Park",10,80.8,180,260.8,770.0,50.8,262.29,1032.29,5
Sat_01702,Saturday,"New World Hobsonville,New World Browns Bay,New World Long Bay",8,116.8,144,260.8,770.0,50.8,262.68,1032.68,3
Sat_01703,Saturday,"Pak 'n Save Clendon,New World Stonefields",9,99.0,162,261.0,770.0,51.0,263.55,1033.55,2
Sat_01704,Saturday,"Four Square Fair Price Henderson,Pak 'n Save Westgate,New World Hobsonville,Four Square Hobsonville",10,81.0,180,261.0,770.0,51.0,263.63,1033.63,4
Sat_01705,Saturday,"New World Metro Queen St,New World Birkenhead,New World Devonport",8,117.2,144,261.2,770.0,51.2,264.33,1034.33,3
Sat_01706,Saturday,"Four Square Botany Junction,New World Howick,Pak 'n Save Highland Park",9,99.2,162,261.2,770.0,51.2,264.55,1034.55,3
Sat_01707,Saturday,"New World Green Bay,Pak 'n Save Glen Innes",9,99.2,162,261.2,770.0,51.2,264.74,1034.74,2
Sat_01708,Saturday,"New World New Lynn,Pak 'n Save Albany",9,99.3,162,261.3,770.0,51.3,265.04,1035.04,2
Sat_01709,Saturday,"Pak 'n Save Royal Oak,New World Devonport",9,99.4,162,261.4,770.0,51.4,265.74,1035.74,2
Sat_01710,Saturday,"New World Newmarket,New World Birkenhead,New World Milford",9,99.4,162,261.4,770.0,51.4,265.76,1035.76,3
Sat_01711,Saturday,"Pak 'n Save Mt Albert,New World Victoria Park,New World Newmarket",11,63.5,198,261.5,770.0,51.5,265.87,1035.87,3
Sat_01712,Saturday,"Pak 'n Save Manukau,Four Square Torbay",7,135.5,126,261.5,770.0,51.5,265.93,1035.93,2
Sat_01713,Saturday,"Four Square Hobsonville,Pak 'n Save Albany,Four Square Torbay",8,117.5,144,261.5,770.0,51.5,266.04,1036.04,3
Sat_01714,Saturday,"Four Square Remuera,Pak 'n Save Glen Innes,Four Square Pakuranga Heights",9,99.7,162,261.7,770.0,51.7,266.9,1036.9,3
Sat_01715,Saturday,"New World Mt Roskill,New World Green Bay,Pak 'n Save Mangere",11,63.7,198,261.7,770.0,51.7,267.19,1037.19,3
Sat_01716,Saturday,"New World Mt Albert,Four Square Eden Terrace,New World Metro Queen St,New World Victoria Park,Four Square Ellerslie",10,81.7,180,261.7,770.0,51.7,267.37,1037.37,5
Sat_01717,Saturday,"New World Papatoetoe,Pak 'n Save Sylvia Park,Four Square Remuera",10,81.8,180,261.8,770.0,51.8,267.49,1037.49,3
Sat_01718,Saturday,"Pak 'n Save Wairau Road,New World Milford,Four Square Lancaster",9,100.0,162,262.0,770.0,52.0,268.61,1038.61,3
Sat_01719,Saturday,"Four Square Botany Junction,New World Ormiston,Pak 'n Save Highland Park",9,100.1,162,262.1,770.0,52.1,269.03,1039.03,3
Sat_01720,Saturday,"New World Hobsonville,Four Square Hobsonville,New World Albany,Four Square Torbay",8,118.1,144,262.1,770.0,52.1,269.26,1039.26,4
Sat_01721,Saturday,"New World Ormiston,Pak 'n Save Papakura",9,100.1,162,262.1,770.0,52.1,269.29,1039.29,2
Sat_01722,Saturday,"New World Mt Roskill,New World Point Chevalier,Pak 'n Save Mangere",11,64.1,198,262.1,770.0,52.1,269.39,1039.39,3
Sat_01723,Saturday,"New World Victoria Park,Pak 'n Save Ormiston",9,100.1,162,262.1,770.0,52.1,269.4,1039.4,2
Sat_01724,Saturday,"Pak 'n Save Manukau,Four Square Botany Junction,New World Southmall",10,82.2,180,262.2,770.0,52.2,269.73,1039.73,3
Sat_01725,Saturday,"New World Hobsonville,Four Square Hobsonville,New World Long Bay,New World Metro Shore City",8,118.2,144,262.2,770.0,52.2,269.89,1039.89,4
Sat_01726,Saturday,"Four Square Ellerslie,Pak 'n Save Glen Innes,Four Square Pakuranga Heights",9,100.5,162,262.5,770.0,52.5,271.4,1041.4,3
Sat_01727,Saturday,"New World Point Chevalier,New World Newmarket,Four Square Ellerslie,Four Square Remuera,New World Metro Queen St",10,82.7,180,262.7,770.0,52.7,272.51,1042.51,5
Sat_01728,Saturday,"New World Mt Albert,New World Point Chevalier,New World Newmarket,New World Metro Queen St",11,64.8,198,262.8,770.0,52.8,272.66,1042.66,4
Sat_01729,Saturday,"New World Green Bay,Pak 'n Save Papakura",9,100.8,162,262.8,770.0,52.8,272.73,1042.73,2
Sat_01730,Saturday,"Four Square Eden Terrace,New World Newmarket,New World Remuera,Four Square Remuera,Four Square Ellerslie,New World Metro Queen St",10,83.0,180,263.0,770.0,53.0,273.67,1043.67,6
Sat_01731,Saturday,"Pak 'n Save Sylvia Park,New World Birkenhead",9,101.0,162,263.0,770.0,53.0,273.74,1043.74,2
Sat_01732,Saturday,"Four Square Fair Price Henderson,New World Hobsonville,Pak 'n Save Wairau Road",9,101.0,162,263.0,770.0,53.0,273.95,1043.95,3
Sat_01733,Saturday,"Four Square Onehunga,Pak 'n Save Royal Oak,New World Newmarket,Four Square Remuera",11,65.0,198,263.0,770.0,53.0,274.01,1044.01,4
Sat_01734,Saturday,"New World Green Bay,Four Square Glen Eden,Pak 'n Save Henderson",11,65.1,198,263.1,770.0,53.1,274.5,1044.5,3
Sat_01735,Saturday,"New World Mt Albert,New World Point Chevalier,New World Newmarket,New World Remuera",11,65.2,198,263.2,770.0,53.2,274.76,1044.76,4
Sat_01736,Saturday,"New World Victoria Park,Pak 'n Save Botany",9,101.2,162,263.2,770.0,53.2,274.91,1044.91,2
Sat_01737,Saturday,"New World Victoria Park,Pak 'n Save Clendon",9,101.2,162,263.2,770.0,53.2,274.93,1044.93,2
Sat_01738,Saturday,"Pak 'n Save Sylvia Park,New World Howick",9,101.2,162,263.2,770.0,53.2,274.96,1044.96,2
Sat_01739,Saturday,"Pak 'n Save Manukau,Four Square Botany Junction,New World Botany",10,83.5,180,263.5,770.0,53.5,276.58,1046.58,3
Sat_01740,Saturday,"New World Southmall,Four Square Botany Junction,New World Botany,Four Square Pakuranga Heights",9,101.5,162,263.5,770.0,53.5,276.62,1046.62,4
Sat_01741,Saturday,"Pak 'n Save Papakura,Four Square Lancaster",7,137.6,126,263.6,770.0,53.6,276.78,1046.78,2
Sat_01742,Saturday,"New World Point Chevalier,Pak 'n Save Papakura",9,101.6,162,263.6,770.0,53.6,277.01,1047.01,2
Sat_01743,Saturday,"Four Square Onehunga,Four Square Ellerslie,New World Remuera,New World Newmarket,New World Eastridge",10,83.7,180,263.7,770.0,53.7,277.26,1047.26,5
Sat_01744,Saturday,"Pak 'n Save Wairau Road,New World Ormiston",8,119.8,144,263.8,770.0,53.8,277.81,1047.81,2
Sat_01745,Saturday,"Pak 'n Save Highland Park,New World Milford",8,119.8,144,263.8,770.0,53.8,278.07,1048.07,2
Sat_01746,Saturday,"Pak 'n Save Sylvia Park,New World Papakura",9,101.9,162,263.9,770.0,53.9,278.24,1048.24,2
Sat_01747,Saturday,"New World Mt Albert,Four Square Eden Terrace,New World Victoria Park,New World Remuera,Four Square Ellerslie",10,83.9,180,263.9,770.0,53.9,278.46,1048.46,5
Sat_01748,Saturday,"Pak 'n Save Lincoln Road,New World Browns Bay",9,102.0,162,264.0,770.0,54.0,278.98,1048.98,2
Sat_01749,Saturday,"New World Newmarket,Four Square Ellerslie,New World Stonefields,New World Eastridge",10,84.0,180,264.0,770.0,54.0,279.14,1049.14,4
Sat_01750,Saturday,"New World Mt Roskill,New World Point Chevalier,New World Newmarket,New World Victoria Park",11,66.0,198,264.0,770.0,54.0,279.25,1049.25,4
Sat_01751,Saturday,"New World Botany,Pak 'n Save Glen Innes",9,102.1,162,264.1,770.0,54.1,279.27,1049.27,2
Sat_01752,Saturday,"New World Metro Shore City,Four Square Lancaster,Pak 'n Save Albany",8,120.1,144,264.1,770.0,54.1,279.33,1049.33,3
Sat_01753,Saturday,"New World Milford,New World Browns Bay,New World Long Bay",8,120.2,144,264.2,770.0,54.2,280.01,1050.01,3
Sat_01754,Saturday,"New World Metro Shore City,Pak 'n Save Wairau Road,New World Albany",9,102.2,162,264.2,770.0,54.2,280.26,1050.26,3
Sat_01755,Saturday,"Pak 'n Save Highland Park,New World Browns Bay",7,138.5,126,264.5,770.0,54.5,281.77,1051.77,2
Sat_01756,Saturday,"New World Ormiston,New World Botany,New World Howick",9,102.6,162,264.6,770.0,54.6,281.99,1051.99,3
Sat_01757,Saturday,"New World Metro Shore City,New World Milford,New World Long Bay,Four Square Torbay",8,120.6,144,264.6,770.0,54.6,282.03,1052.03,4
Sat_01758,Saturday,"New World Mt Roskill,Pak 'n Save Mt Albert,New World Green Bay,Four Square Eden Terrace",11,66.7,198,264.7,770.0,54.7,282.41,1052.41,4
Sat_01759,Saturday,"New World Birkenhead,Pak 'n Save Albany",9,102.7,162,264.7,770.0,54.7,282.42,1052.42,2
Sat_01760,Saturday,"Four Square Ellerslie,New World Stonefields,Pak 'n Save Glen Innes",10,84.7,180,264.7,770.0,54.7,282.59,1052.59,3
Sat_01761,Saturday,"Pak 'n Save Royal Oak,Four Square Ellerslie,Four Square Remuera,New World Stonefields",11,66.8,198,264.8,770.0,54.8,282.95,1052.95,4
Sat_01762,Saturday,"New World Southmall,Pak 'n Save Glen Innes",9,102.8,162,264.8,770.0,54.8,282.96,1052.96,2
Sat_01763,Saturday,"Pak 'n Save Wairau Road,New World Botany",8,120.9,144,264.9,770.0,54.9,283.41,1053.41,2
Sat_01764,Saturday,"Pak 'n Save Ormiston,New World Howick",9,102.9,162,264.9,770.0,54.9,283.75,1053.75,2
Sat_01765,Saturday,"New World Metro Shore City,New World Milford,New World Albany,Four Square Lancaster",8,120.9,144,264.9,770.0,54.9,283.79,1053.79,4
Sat_01766,Saturday,"New World Newmarket,Four Square Remuera,Pak 'n Save Glen Innes",10,85.0,180,265.0,770.0,55.0,284.12,1054.12,3
Sat_01767,Saturday,"Pak 'n Save Manukau,New World Birkenhead",9,103.0,162,265.0,770.0,55.0,284.14,1054.14,2
Sat_01768,Saturday,"New World New Lynn,Pak 'n Save Botany",9,103.1,162,265.1,770.0,55.1,284.82,1054.82,2
Sat_01769,Saturday,"New World Newmarket,Four Square Remuera,New World Stonefields,New World Eastridge",10,85.2,180,265.2,770.0,55.2,285.02,1055.02,4
Sat_01770,Saturday,"Pak 'n Save Mangere,New World Milford",9,103.2,162,265.2,770.0,55.2,285.06,1055.06,2
Sat_01771,Saturday,"New World Green Bay,Four Square Glen Eden,Pak 'n Save Lincoln Road",11,67.2,198,265.2,770.0,55.2,285.27,1055.27,3
Sat_01772,Saturday,"Four Square Onehunga,New World Remuera,New World Stonefields,New World Eastridge,Four Square Eden Terrace",10,85.3,180,265.3,770.0,55.3,285.54,1055.54,5
Sat_01773,Saturday,"Pak 'n Save Royal Oak,Pak 'n Save Mangere",12,49.3,216,265.3,770.0,55.3,285.73,1055.73,2
Sat_01774,Saturday,"Four Square Botany Junction,New World Botany,Pak 'n Save Botany",10,85.3,180,265.3,770.0,55.3,285.83,1055.83,3
Sat_01775,Saturday,"Pak 'n Save Westgate,Pak 'n Save Wairau Road",10,85.4,180,265.4,770.0,55.4,286.14,1056.14,2
Sat_01776,Saturday,"New World Mt Albert,New World Point Chevalier,Four Square Fair Price Henderson,New World Hobsonville",10,85.4,180,265.4,770.0,55.4,286.4,1056.4,4
Sat_01777,Saturday,"New World Howick,Pak 'n Save Glen Innes",9,103.5,162,265.5,770.0,55.5,286.75,1056.75,2
Sat_01778,Saturday,"New World Hobsonville,New World Albany,New World Milford",9,103.5,162,265.5,770.0,55.5,286.82,1056.82,3
Sat_01779,Saturday,"New World Hobsonville,Pak 'n Save Sylvia Park",9,103.5,162,265.5,770.0,55.5,286.89,1056.89,2
Sat_01780,Saturday,"New World Mt Roskill,New World Mt Albert,Four Square Eden Terrace,Pak 'n Save Royal Oak",12,49.8,216,265.8,770.0,55.8,288.08,1058.08,4
Sat_01781,Saturday,"Four Square Remuera,New World Stonefields,Pak 'n Save Glen Innes",10,85.8,180,265.8,770.0,55.8,288.46,1058.46,3
Sat_01782,Saturday,"New World Metro Queen St,New World Birkenhead,New World Metro Shore City,New World Milford",9,103.8,162,265.8,770.0,55.8,288.52,1058.52,4
Sat_01783,Saturday,"New World Newmarket,Four Square Ellerslie,Pak 'n Save Glen Innes",10,85.9,180,265.9,770.0,55.9,288.62,1058.62,3
Sat_01784,Saturday,"Pak 'n Save Mt Albert,New World Mt Albert,Four Square Onehunga,Four Square Glen Eden",10,86.2,180,266.2,770.0,56.2,290.21,1060.21,4
Sat_01785,Saturday,"Pak 'n Save Henderson,Four Square Torbay",8,122.2,144,266.2,770.0,56.2,290.28,1060.28,2
Sat_01786,Saturday,"Pak 'n Save Ormiston,New World Papakura",9,104.2,162,266.2,770.0,56.2,290.52,1060.52,2
Sat_01787,Saturday,"New World Southmall,Four Square Botany Junction,Pak 'n Save Ormiston",10,86.3,180,266.3,770.0,56.3,290.87,1060.87,3
Sat_01788,Saturday,"Pak 'n Save Mt Albert,New World Point Chevalier,Four Square Onehunga,Four Square Glen Eden",10,86.5,180,266.5,770.0,56.5,291.7,1061.7,4
Sat_01789,Saturday,"New World Hobsonville,New World Long Bay,Four Square Torbay,New World Metro Shore City",8,122.5,144,266.5,770.0,56.5,291.74,1061.74,4
Sat_01790,Saturday,"Four Square Pakuranga Heights,Pak 'n Save Albany",8,122.7,144,266.7,770.0,56.7,293.07,1063.07,2
Sat_01791,Saturday,"Pak 'n Save Lincoln Road,Four Square Pakuranga Heights",9,104.8,162,266.8,770.0,56.8,293.22,1063.22,2
Sat_01792,Saturday,"New World Mt Albert,New World Victoria Park,New World Metro Queen St,New World New Lynn",11,68.8,198,266.8,770.0,56.8,293.54,1063.54,4
Sat_01793,Saturday,"New World Metro Shore City,Pak 'n Save Albany,Four Square Torbay",8,122.8,144,266.8,770.0,56.8,293.62,1063.62,3
Sat_01794,Saturday,"Pak 'n Save Mt Albert,Pak 'n Save Manukau",11,69.1,198,267.1,770.0,57.1,294.81,1064.81,2
Sat_01795,Saturday,"Four Square Eden Terrace,New World Newmarket,New World Stonefields,New World Eastridge",10,87.1,180,267.1,770.0,57.1,295.03,1065.03,4
Sat_01796,Saturday,"New World Victoria Park,New World Milford,New World Albany",9,105.1,162,267.1,770.0,57.1,295.05,1065.05,3
Sat_01797,Saturday,"New World Green Bay,Pak 'n Save Botany",9,105.2,162,267.2,770.0,57.2,295.62,1065.62,2
Sat_01798,Saturday,"New World Birkenhead,Pak 'n Save Highland Park",8,123.2,144,267.2,770.0,57.2,295.71,1065.71,2
Sat_01799,Saturday,"Pak 'n Save Mangere,New World Browns Bay",8,123.3,144,267.3,770.0,57.3,295.84,1065.84,2
Sat_01800,Saturday,"New World Point Chevalier,New World Newmarket,New World Metro Queen St,New World Victoria Park",11,69.3,198,267.3,770.0,57.3,295.86,1065.86,4
Sat_01801,Saturday,"New World Hobsonville,Pak 'n Save Wairau Road,Four Square Lancaster",9,105.3,162,267.3,770.0,57.3,295.95,1065.95,3
Sat_01802,Saturday,"New World Point Chevalier,Four Square Eden Terrace,New World Metro Queen St,New World Remuera,Four Square Remuera,Four Square Ellerslie",10,87.3,180,267.3,770.0,57.3,296.11,1066.11,6
Sat_01803,Saturday,"Pak 'n Save Lincoln Road,New World Hobsonville,Four Square Hobsonville",11,69.3,198,267.3,770.0,57.3,296.16,1066.16,3
Sat_01804,Saturday,"Pak 'n Save Mangere,New World Howick",9,105.4,162,267.4,770.0,57.4,296.43,1066.43,2
Sat_01805,Saturday,"Four Square Eden Terrace,New World Remuera,Four Square Remuera,New World Stonefields,New World Eastridge",10,87.7,180,267.7,770.0,57.7,298.12,1068.12,5
Sat_01806,Saturday,"Four Square Onehunga,New World Remuera,New World Newmarket,Four Square Eden Terrace,New World Stonefields",10,87.8,180,267.8,770.0,57.8,298.51,1068.51,5
Sat_01807,Saturday,"Pak 'n Save Royal Oak,Pak 'n Save Westgate",11,69.9,198,267.9,770.0,57.9,299.33,1069.33,2
Sat_01808,Saturday,"New World Papatoetoe,New World Ormiston,New World Papakura",9,106.0,162,268.0,770.0,58.0,299.56,1069.56,3
Sat_01809,Saturday,"New World Green Bay,Pak 'n Save Henderson,Four Square Fair Price Henderson",11,70.0,198,268.0,770.0,58.0,299.68,1069.68,3
Sat_01810,Saturday,"Pak 'n Save Sylvia Park,New World Milford",9,106.0,162,268.0,770.0,58.0,299.7,1069.7,2
Sat_01811,Saturday,"Four Square Onehunga,Four Square Ellerslie,Pak 'n Save Sylvia Park,New World Newmarket",11,70.0,198,268.0,770.0,58.0,299.83,1069.83,4
Sat_01812,Saturday,"New World Stonefields,Pak 'n Save Papakura",9,106.2,162,268.2,770.0,58.2,300.48,1070.48,2
Sat_01813,Saturday,"Pak 'n Save Lincoln Road,New World Papatoetoe",10,88.2,180,268.2,770.0,58.2,300.61,1070.61,2
Sat_01814,Saturday,"New World Green Bay,Pak 'n Save Albany",9,106.2,162,268.2,770.0,58.2,300.62,1070.62,2
Sat_01815,Saturday,"New World Mt Albert,Pak 'n Save Royal Oak,Four Square Onehunga,Four Square Remuera",11,70.3,198,268.3,770.0,58.3,300.98,1070.98,4
Sat_01816,Saturday,"New World Metro Shore City,New World Milford,New World Albany,Four Square Torbay",8,124.3,144,268.3,770.0,58.3,301.31,1071.31,4
Sat_01817,Saturday,"Pak 'n Save Manukau,New World Hobsonville",9,106.4,162,268.4,770.0,58.4,301.58,1071.58,2
Sat_01818,Saturday,"New World Stonefields,Pak 'n Save Glen Innes,Four Square St Heliers",10,88.5,180,268.5,770.0,58.5,302.08,1072.08,3
Sat_01819,Saturday,"New World Papatoetoe,Four Square Botany Junction,Pak 'n Save Sylvia Park",10,88.5,180,268.5,770.0,58.5,302.15,1072.15,3
Sat_01820,Saturday,"Four Square Remuera,New World Eastridge,Pak 'n Save Glen Innes",10,88.5,180,268.5,770.0,58.5,302.49,1072.49,3
Sat_01821,Saturday,"Pak 'n Save Mt Albert,Four Square Eden Terrace,Pak 'n Save Royal Oak",12,52.6,216,268.6,770.0,58.6,302.78,1072.78,3
Sat_01822,Saturday,"Pak 'n Save Sylvia Park,New World Browns Bay",8,124.7,144,268.7,770.0,58.7,303.4,1073.4,2
Sat_01823,Saturday,"Pak 'n Save Mt Albert,New World Mt Albert,Four Square Eden Terrace,Four Square Ellerslie,Four Square Remuera",11,70.7,198,268.7,770.0,58.7,303.45,1073.45,5
Sat_01824,Saturday,"Pak 'n Save Mt Albert,New World Mt Albert,New World Point Chevalier,Four Square Eden Terrace",12,52.8,216,268.8,770.0,58.8,303.61,1073.61,4
Sat_01825,Saturday,"Four Square Hobsonville,Pak 'n Save Albany,New World Browns Bay",9,106.8,162,268.8,770.0,58.8,303.62,1073.62,3
Sat_01826,Saturday,"New World Papakura,New World Long Bay",6,160.8,108,268.8,770.0,58.8,303.88,1073.88,2
Sat_01827,Saturday,"New World Mt Albert,Pak 'n Save Lincoln Road,Four Square Glen Eden",11,70.8,198,268.8,770.0,58.8,303.98,1073.98,3
Sat_01828,Saturday,"Four Square Hobsonville,New World Browns Bay,Four Square Torbay,New World Long Bay,New World Metro Shore City",8,124.9,144,268.9,770.0,58.9,304.2,1074.2,5
Sat_01829,Saturday,"Four Square Pakuranga Heights,Pak 'n Save Highland Park,New World Botany",10,89.0,180,269.0,770.0,59.0,304.71,1074.71,3
Sat_01830,Saturday,"New World Eastridge,Pak 'n Save Botany",9,107.1,162,269.1,770.0,59.1,305.14,1075.14,2
Sat_01831,Saturday,"Pak 'n Save Mt Albert,Pak 'n Save Sylvia Park",11,71.2,198,269.2,770.0,59.2,305.96,1075.96,2
Sat_01832,Saturday,"New World Metro Shore City,New World Albany,New World Long Bay,Four Square Torbay",8,125.2,144,269.2,770.0,59.2,305.99,1075.99,4
Sat_01833,Saturday,"Four Square Botany Junction,New World Ormiston,Pak 'n Save Botany",10,89.3,180,269.3,770.0,59.3,306.16,1076.16,3
Sat_01834,Saturday,"Pak 'n Save Lincoln Road,New World Stonefields",10,89.4,180,269.4,770.0,59.4,307.04,1077.04,2
Sat_01835,Saturday,"New World Newmarket,Four Square St Heliers,Pak 'n Save Glen Innes",10,89.5,180,269.5,770.0,59.5,307.53,1077.53,3
Sat_01836,Saturday,"New World Point Chevalier,Four Square Fair Price Henderson,Pak 'n Save Henderson",11,71.7,198,269.7,770.0,59.7,308.3,1078.3,3
Sat_01837,Saturday,"Pak 'n Save Westgate,New World Howick",8,125.8,144,269.8,770.0,59.8,309.15,1079.15,2
Sat_01838,Saturday,"Pak 'n Save Papakura,New World Botany",9,107.9,162,269.9,770.0,59.9,309.4,1079.4,2
Sat_01839,Saturday,"New World Papatoetoe,Four Square Botany Junction,New World Ormiston,New World Botany",10,89.9,180,269.9,770.0,59.9,309.59,1079.59,4
Sat_01840,Saturday,"Pak 'n Save Manukau,New World Milford",9,108.0,162,270.0,770.0,60.0,310.1,1080.1,2
Sat_01841,Saturday,"New World Victoria Park,Pak 'n Save Papakura",9,108.1,162,270.1,770.0,60.1,310.33,1080.33,2
Sat_01842,Saturday,"Pak 'n Save Royal Oak,New World Newmarket,Four Square Eden Terrace,Four Square Remuera",11,72.1,198,270.1,770.0,60.1,310.62,1080.62,4
Sat_01843,Saturday,"New World Southmall,New World Papakura,New World Ormiston",9,108.2,162,270.2,770.0,60.2,310.9,1080.9,3
Sat_01844,Saturday,"New World Hobsonville,New World Albany,Four Square Torbay,New World Metro Shore City",8,126.2,144,270.2,770.0,60.2,311.01,1081.01,4
Sat_01845,Saturday,"Four Square Eden Terrace,New World Eastridge,Pak 'n Save Glen Innes",10,90.2,180,270.2,770.0,60.2,311.28,1081.28,3
Sat_01846,Saturday,"New World Point Chevalier,Four Square Fair Price Henderson,Pak 'n Save Westgate,Four Square Hobsonville",10,90.3,180,270.3,770.0,60.3,311.38,1081.38,4
Sat_01847,Saturday,"Pak 'n Save Lincoln Road,New World Milford",10,90.3,180,270.3,770.0,60.3,311.61,1081.61,2
Sat_01848,Saturday,"Four Square Onehunga,Pak 'n Save Royal Oak,Four Square Remuera,New World Eastridge",11,72.3,198,270.3,770.0,60.3,311.74,1081.74,4
Sat_01849,Saturday,"Four Square Onehunga,Four Square Ellerslie,Pak 'n Save Sylvia Park,New World Papatoetoe",11,72.5,198,270.5,770.0,60.5,312.45,1082.45,4
Sat_01850,Saturday,"New World Mt Albert,New World Victoria Park,New World Newmarket,New World Remuera",11,72.5,198,270.5,770.0,60.5,312.61,1082.61,4
Sat_01851,Saturday,"Pak 'n Save Mt Albert,Pak 'n Save Lincoln Road",12,54.6,216,270.6,770.0,60.6,313.07,1083.07,2
Sat_01852,Saturday,"Four Square Pakuranga Heights,Pak 'n Save Highland Park,New World Howick",10,90.6,180,270.6,770.0,60.6,313.3,1083.3,3
Sat_01853,Saturday,"Pak 'n Save Manukau,New World Browns Bay",8,126.7,144,270.7,770.0,60.7,313.8,1083.8,2
Sat_01854,Saturday,"New World Hobsonville,Pak 'n Save Highland Park",8,126.8,144,270.8,770.0,60.8,314.25,1084.25,2
Sat_01855,Saturday,"New World Point Chevalier,Pak 'n Save Henderson,Four Square Glen Eden",11,72.8,198,270.8,770.0,60.8,314.26,1084.26,3
Sat_01856,Saturday,"Pak 'n Save Clendon,New World Eastridge",9,108.8,162,270.8,770.0,60.8,314.36,1084.36,2
Sat_01857,Saturday,"Pak 'n Save Royal Oak,New World Long Bay",9,108.9,162,270.9,770.0,60.9,314.53,1084.53,2
Sat_01858,Saturday,"Pak 'n Save Westgate,New World Papakura",8,127.0,144,271.0,770.0,61.0,314.94,1084.94,2
Sat_01859,Saturday,"New World Papatoetoe,Four Square Botany Junction,Pak 'n Save Clendon",10,91.0,180,271.0,770.0,61.0,315.34,1085.34,3
Sat_01860,Saturday,"New World Mt Roskill,Pak 'n Save Mangere,New World Southmall",11,73.4,198,271.4,770.0,61.4,317.13,1087.13,3
Sat_01861,Saturday,"New World Eastridge,Pak 'n Save Ormiston",9,109.4,162,271.4,770.0,61.4,317.42,1087.42,2
Sat_01862,Saturday,"Pak 'n Save Albany,New World Long Bay",9,109.4,162,271.4,770.0,61.4,317.47,1087.47,2
Sat_01863,Saturday,"New World Ormiston,Pak 'n Save Glen Innes",9,109.6,162,271.6,770.0,61.6,318.25,1088.25,2
Sat_01864,Saturday,"New World Eastridge,Four Square St Heliers,Pak 'n Save Glen Innes",10,91.7,180,271.7,770.0,61.7,318.72,1088.72,3
Sat_01865,Saturday,"New World Mt Albert,New World Point Chevalier,New World New Lynn,New World Green Bay",12,55.8,216,271.8,770.0,61.8,319.39,1089.39,4
Sat_01866,Saturday,"Four Square Pakuranga Heights,Pak 'n Save Highland Park,New World Stonefields",10,91.9,180,271.9,770.0,61.9,319.57,1089.57,3
Sat_01867,Saturday,"New World Victoria Park,New World Metro Queen St,New World Metro Shore City,New World Devonport",9,109.9,162,271.9,770.0,61.9,319.84,1089.84,4
Sat_01868,Saturday,"Four Square Pakuranga Heights,Four Square Botany Junction,New World Ormiston,New World Stonefields",9,110.0,162,272.0,770.0,62.0,320.38,1090.38,4
Sat_01869,Saturday,"Four Square Ellerslie,New World Eastridge,Pak 'n Save Glen Innes",10,92.0,180,272.0,770.0,62.0,320.4,1090.4,3
Sat_01870,Saturday,"New World Southmall,Pak 'n Save Clendon,Four Square Botany Junction",10,92.0,180,272.0,770.0,62.0,320.5,1090.5,3
Sat_01871,Saturday,"Pak 'n Save Sylvia Park,New World Stonefields,Four Square St Heliers",10,92.4,180,272.4,770.0,62.4,322.54,1092.54,3
Sat_01872,Saturday,"New World Newmarket,New World Remuera,Pak 'n Save Sylvia Park",11,74.5,198,272.5,770.0,62.5,322.91,1092.91,3
Sat_01873,Saturday,"Pak 'n Save Mt Albert,Four Square Fair Price Henderson,Pak 'n Save Westgate",11,74.5,198,272.5,770.0,62.5,323.02,1093.02,3
Sat_01874,Saturday,"Four Square Pakuranga Heights,New World Botany,Four Square Botany Junction,New World Howick",9,110.7,162,272.7,770.0,62.7,324.07,1094.07,4
Sat_01875,Saturday,"Pak 'n Save Royal Oak,Four Square Remuera,New World Eastridge,Four Square Eden Terrace",11,74.8,198,272.8,770.0,62.8,324.38,1094.38,4
Sat_01876,Saturday,"New World Mt Albert,Pak 'n Save Lincoln Road,Four Square Hobsonville",11,74.9,198,272.9,770.0,62.9,325.15,1095.15,3
Sat_01877,Saturday,"New World New Lynn,New World Point Chevalier,New World Newmarket,New World Metro Queen St",11,74.9,198,272.9,770.0,62.9,325.2,1095.2,4
Sat_01878,Saturday,"New World Metro Queen St,New World Remuera,New World Stonefields,New World Eastridge",10,93.0,180,273.0,770.0,62.9,325.24,1095.24,4
Sat_01879,Saturday,"Pak 'n Save Lincoln Road,New World Eastridge",10,93.2,180,273.2,770.0,63.2,326.34,1096.34,2
Sat_01880,Saturday,"New World Mt Roskill,New World Mt Albert,New World New Lynn,New World Newmarket",11,75.3,198,273.3,770.0,63.3,326.88,1096.88,4
Sat_01881,Saturday,"Pak 'n Save Lincoln Road,Four Square Fair Price Henderson,New World Hobsonville",11,75.4,198,273.4,770.0,63.4,327.37,1097.37,3
Sat_01882,Saturday,"Pak 'n Save Mt Albert,Four Square Glen Eden,Four Square Fair Price Henderson,New World Hobsonville",10,93.4,180,273.4,770.0,63.4,327.76,1097.76,4
Sat_01883,Saturday,"Four Square Pakuranga Heights,Pak 'n Save Highland Park,New World Ormiston",10,93.5,180,273.5,770.0,63.5,328.25,1098.25,3
Sat_01884,Saturday,"Pak 'n Save Wairau Road,New World Long Bay,Four Square Torbay",9,111.8,162,273.8,770.0,63.8,329.51,1099.51,3
Sat_01885,Saturday,"New World Newmarket,New World Remuera,Four Square Ellerslie,New World Stonefields,Four Square St Heliers",10,93.9,180,273.9,770.0,63.9,330.05,1100.05,5
Sat_01886,Saturday,"New World Remuera,Four Square Ellerslie,New World Stonefields,Four Square St Heliers,New World Eastridge",10,94.1,180,274.1,770.0,64.1,330.96,1100.96,5
Sat_01887,Saturday,"Four Square Onehunga,Four Square Ellerslie,Four Square Remuera,New World Remuera,Pak 'n Save Sylvia Park",11,76.2,198,274.2,770.0,64.2,331.61,1101.61,5
Sat_01888,Saturday,"Pak 'n Save Mt Albert,New World Mt Albert,Four Square Eden Terrace,New World Victoria Park",12,58.2,216,274.2,770.0,64.2,331.68,1101.68,4
Sat_01889,Saturday,"New World Mt Roskill,New World Point Chevalier,Pak 'n Save Lincoln Road",12,58.3,216,274.3,770.0,64.3,332.08,1102.08,3
Sat_01890,Saturday,"Pak 'n Save Albany,New World Browns Bay,Four Square Torbay",9,112.3,162,274.3,770.0,64.3,332.19,1102.19,3
Sat_01891,Saturday,"Pak 'n Save Lincoln Road,New World Birkenhead",10,94.3,180,274.3,770.0,64.3,332.39,1102.39,2
Sat_01892,Saturday,"New World Mt Roskill,Pak 'n Save Mt Albert,Pak 'n Save Royal Oak",13,40.4,234,274.4,770.0,64.4,332.88,1102.88,3
Sat_01893,Saturday,"New World Mt Roskill,Pak 'n Save Mt Albert,New World Mt Albert,New World Point Chevalier",13,40.4,234,274.4,770.0,64.4,332.9,1102.9,4
Sat_01894,Saturday,"Pak 'n Save Mt Albert,Pak 'n Save Highland Park",10,94.5,180,274.5,770.0,64.5,333.31,1103.31,2
Sat_01895,Saturday,"New World Point Chevalier,Pak 'n Save Westgate,New World Hobsonville",11,76.6,198,274.6,770.0,64.6,333.58,1103.58,3
Sat_01896,Saturday,"Pak 'n Save Mt Albert,Pak 'n Save Clendon",11,76.6,198,274.6,770.0,64.6,333.61,1103.61,2
Sat_01897,Saturday,"New World Mt Albert,Four Square Eden Terrace,New World Remuera,Pak 'n Save Royal Oak",12,58.6,216,274.6,770.0,64.6,333.63,1103.63,4
Sat_01898,Saturday,"New World Mt Albert,New World Point Chevalier,New World Victoria Park,New World Remuera",11,76.6,198,274.6,770.0,64.6,333.71,1103.71,4
Sat_01899,Saturday,"New World Point Chevalier,New World Newmarket,New World Remuera,New World Victoria Park",11,76.6,198,274.6,770.0,64.6,333.77,1103.77,4
Sat_01900,Saturday,"Pak 'n Save Wairau Road,New World Howick",8,130.7,144,274.7,770.0,64.7,334.18,1104.18,2
Sat_01901,Saturday,"Pak 'n Save Glen Innes,Four Square Torbay",7,148.7,126,274.7,770.0,64.7,334.21,1104.21,2
Sat_01902,Saturday,"Four Square Onehunga,New World Remuera,Four Square Remuera,New World Stonefields,New World Newmarket,Four Square Eden Terrace",11,76.7,198,274.7,770.0,64.7,334.51,1104.51,6
Sat_01903,Saturday,"Pak 'n Save Mt Albert,New World New Lynn,New World Green Bay,Four Square Glen Eden",12,58.8,216,274.8,770.0,64.8,334.64,1104.64,4
Sat_01904,Saturday,"Pak 'n Save Clendon,New World Howick",9,112.9,162,274.9,770.0,64.9,335.31,1105.31,2
Sat_01905,Saturday,"Pak 'n Save Mt Albert,New World Newmarket,Four Square Ellerslie,New World Metro Queen St",11,76.9,198,274.9,770.0,64.9,335.41,1105.41,4
Sat_01906,Saturday,"Pak 'n Save Mt Albert,Four Square Onehunga,Pak 'n Save Mangere",12,58.9,216,274.9,770.0,64.9,335.55,1105.55,3
Sat_01907,Saturday,"New World Hobsonville,Four Square Hobsonville,Pak 'n Save Albany",10,95.0,180,275.0,770.0,65.0,335.97,1105.97,3
Sat_01908,Saturday,"Four Square Eden Terrace,New World Newmarket,New World Remuera,New World Metro Queen St,New World Victoria Park",11,77.1,198,275.1,770.0,65.1,336.32,1106.32,5
Sat_01909,Saturday,"New World Mt Roskill,New World Mt Albert,New World Point Chevalier,Four Square Eden Terrace,New World Newmarket",12,59.2,216,275.2,770.0,65.2,336.66,1106.66,5
Sat_01910,Saturday,"Pak 'n Save Henderson,Four Square Pakuranga Heights",9,113.2,162,275.2,770.0,65.2,337.07,1107.07,2
Sat_01911,Saturday,"Pak 'n Save Henderson,New World Browns Bay",9,113.4,162,275.4,770.0,65.4,338.15,1108.15,2
Sat_01912,Saturday,"Pak 'n Save Royal Oak,Four Square Ellerslie,New World Remuera,New World Newmarket",12,59.5,216,275.5,770.0,65.5,338.2,1108.2,4
Sat_01913,Saturday,"New World Mt Roskill,Four Square Onehunga,Pak 'n Save Royal Oak,New World Remuera,Four Square Eden Terrace",12,59.5,216,275.5,770.0,65.5,338.55,1108.55,5
Sat_01914,Saturday,"New World Remuera,New World Stonefields,Pak 'n Save Sylvia Park",11,77.6,198,275.6,770.0,65.6,339.09,1109.09,3
Sat_01915,Saturday,"New World Papatoetoe,Pak 'n Save Henderson",10,95.7,180,275.7,770.0,65.7,339.32,1109.32,2
Sat_01916,Saturday,"Pak 'n Save Lincoln Road,New World Albany",10,95.7,180,275.7,770.0,65.7,339.59,1109.59,2
Sat_01917,Saturday,"Pak 'n Save Wairau Road,New World Papakura",8,131.8,144,275.8,770.0,65.8,339.97,1109.97,2
Sat_01918,Saturday,"Pak 'n Save Mt Albert,New World Point Chevalier,Four Square Eden Terrace,New World Victoria Park",12,59.9,216,275.9,770.0,65.9,340.26,1110.26,4
Sat_01919,Saturday,"New World Mt Roskill,Pak 'n Save Mt Albert,New World New Lynn,New World Green Bay",13,41.9,234,275.9,770.0,65.9,340.39,1110.39,4
Sat_01920,Saturday,"New World Mt Albert,New World Point Chevalier,New World Metro Queen St,New World Remuera,Four Square Remuera",11,77.9,198,275.9,770.0,65.9,340.53,1110.53,5
Sat_01921,Saturday,"New World Mt Albert,Four Square Eden Terrace,New World Newmarket,Four Square Remuera,New World Victoria Park",11,77.9,198,275.9,770.0,65.9,340.55,1110.55,5
Sat_01922,Saturday,"New World Mt Albert,Four Square Fair Price Henderson,Pak 'n Save Westgate,Four Square Glen Eden",10,96.0,180,276.0,770.0,66.0,340.86,1110.86,4
Sat_01923,Saturday,"New World Mt Albert,Pak 'n Save Royal Oak,New World Newmarket",12,60.1,216,276.1,770.0,66.1,341.4,1111.4,3
Sat_01924,Saturday,"New World Newmarket,New World Metro Queen St,New World Metro Shore City,New World Devonport",9,114.2,162,276.2,770.0,66.2,342.04,1112.04,4
Sat_01925,Saturday,"Pak 'n Save Highland Park,New World Albany",8,132.3,144,276.3,770.0,66.3,342.39,1112.39,2
Sat_01926,Saturday,"Four Square Hobsonville,New World Milford,New World Long Bay,Four Square Torbay",8,132.3,144,276.3,770.0,66.3,342.79,1112.79,4
Sat_01927,Saturday,"New World Victoria Park,New World Metro Shore City,New World Milford,New World Browns Bay",9,114.4,162,276.4,770.0,66.4,343.08,1113.08,4
Sat_01928,Saturday,"New World Birkenhead,Four Square Lancaster,Pak 'n Save Wairau Road,New World Metro Shore City",10,96.4,180,276.4,770.0,66.4,343.22,1113.22,4
Sat_01929,Saturday,"Pak 'n Save Lincoln Road,Pak 'n Save Westgate",12,60.4,216,276.4,770.0,66.4,343.26,1113.26,2
Sat_01930,Saturday,"New World Mt Albert,Pak 'n Save Royal Oak,New World New Lynn",12,60.5,216,276.5,770.0,66.5,343.72,1113.72,3
Sat_01931,Saturday,"New World Mt Roskill,Four Square Onehunga,Pak 'n Save Royal Oak,New World Remuera,Four Square Remuera",12,60.6,216,276.6,770.0,66.6,343.91,1113.91,5
Sat_01932,Saturday,"New World Point Chevalier,Pak 'n Save Lincoln Road,Four Square Hobsonville",11,78.6,198,276.6,770.0,66.6,343.92,1113.92,3
Sat_01933,Saturday,"New World Mt Albert,Four Square Eden Terrace,Four Square Ellerslie,Four Square Onehunga,Pak 'n Save Royal Oak",12,60.7,216,276.7,770.0,66.7,344.69,1114.69,5
Sat_01934,Saturday,"New World Southmall,Four Square Botany Junction,Pak 'n Save Sylvia Park",10,96.8,180,276.8,770.0,66.8,344.91,1114.91,3
Sat_01935,Saturday,"New World Newmarket,New World Birkenhead,New World Albany",9,114.9,162,276.9,770.0,66.9,345.7,1115.7,3
Sat_01936,Saturday,"New World Albany,New World Browns Bay,Four Square Torbay,New World Long Bay",9,114.9,162,276.9,770.0,66.9,345.83,1115.83,4
Sat_01937,Saturday,"Pak 'n Save Royal Oak,Pak 'n Save Wairau Road",11,79.0,198,277.0,770.0,67.0,346.07,1116.07,2
Sat_01938,Saturday,"New World Hobsonville,Pak 'n Save Clendon",9,115.0,162,277.0,770.0,67.0,346.2,1116.2,2
Sat_01939,Saturday,"Four Square Onehunga,Four Square Remuera,Pak 'n Save Sylvia Park,New World Papatoetoe",11,79.1,198,277.1,770.0,67.1,346.8,1116.8,4
Sat_01940,Saturday,"Four Square Hobsonville,Pak 'n Save Albany,New World Albany",10,97.1,180,277.1,770.0,67.1,346.9,1116.9,3
Sat_01941,Saturday,"New World Mt Albert,New World Victoria Park,Pak 'n Save Royal Oak",12,61.1,216,277.1,770.0,67.1,346.9,1116.9,3
Sat_01942,Saturday,"Pak 'n Save Royal Oak,Pak 'n Save Sylvia Park",12,61.2,216,277.2,770.0,67.2,347.01,1117.01,2
Sat_01943,Saturday,"New World Birkenhead,Pak 'n Save Glen Innes",9,115.2,162,277.2,770.0,67.2,347.03,1117.03,2
Sat_01944,Saturday,"New World Mt Albert,Four Square Eden Terrace,New World Metro Queen St,Pak 'n Save Royal Oak",12,61.3,216,277.3,770.0,67.3,347.55,1117.55,4
Sat_01945,Saturday,"New World Mt Roskill,Four Square Onehunga,Pak 'n Save Royal Oak,Four Square Ellerslie,New World Remuera",12,61.3,216,277.3,770.0,67.3,347.58,1117.58,5
Sat_01946,Saturday,"Pak 'n Save Mt Albert,New World New Lynn,New World Green Bay,Four Square Onehunga",12,61.5,216,277.5,770.0,67.5,348.94,1118.94,4
Sat_01947,Saturday,"New World Newmarket,New World Milford,New World Devonport",9,115.6,162,277.6,770.0,67.6,349.02,1119.02,3
Sat_01948,Saturday,"Pak 'n Save Royal Oak,New World Newmarket,New World Remuera,Four Square Eden Terrace",12,61.6,216,277.6,770.0,67.6,349.05,1119.05,4
Sat_01949,Saturday,"New World Metro Shore City,Pak 'n Save Wairau Road,New World Long Bay",9,115.6,162,277.6,770.0,67.6,349.2,1119.2,3
Sat_01950,Saturday,"New World Hobsonville,New World Albany,New World Browns Bay,New World Metro Shore City",9,115.7,162,277.7,770.0,67.7,349.72,1119.72,4
Sat_01951,Saturday,"Pak 'n Save Henderson,New World Stonefields",10,97.9,180,277.9,770.0,67.9,350.89,1120.89,2
Sat_01952,Saturday,"New World Newmarket,New World Metro Shore City,New World Devonport,Four Square Lancaster",8,134.0,144,278.0,770.0,68.0,351.1,1121.1,4
Sat_01953,Saturday,"New World Papakura,Pak 'n Save Botany",9,116.1,162,278.1,770.0,68.1,351.75,1121.75,2
Sat_01954,Saturday,"New World Point Chevalier,Four Square Eden Terrace,New World Newmarket,New World Remuera,New World Metro Queen St",11,80.1,198,278.1,770.0,68.1,352.07,1122.07,5
Sat_01955,Saturday,"New World Mt Albert,New World Newmarket,New World Remuera,Four Square Ellerslie,New World Metro Queen St",11,80.3,198,278.3,770.0,68.3,352.65,1122.65,5
Sat_01956,Saturday,"New World Mt Roskill,Pak 'n Save Royal Oak,Four Square Eden Terrace,New World New Lynn",12,62.3,216,278.3,770.0,68.3,352.83,1122.83,4
Sat_01957,Saturday,"New World Mt Albert,Pak 'n Save Royal Oak,New World Green Bay",12,62.4,216,278.4,770.0,68.4,353.43,1123.43,3
Sat_01958,Saturday,"Pak 'n Save Royal Oak,New World Newmarket,New World Remuera,Four Square Remuera",12,62.6,216,278.6,770.0,68.6,354.41,1124.41,4
Sat_01959,Saturday,"Four Square Eden Terrace,Four Square Ellerslie,New World Stonefields,Pak 'n Save Sylvia Park",11,80.6,198,278.6,770.0,68.6,354.52,1124.52,4
Sat_01960,Saturday,"New World Papatoetoe,Pak 'n Save Albany",9,116.7,162,278.7,770.0,68.7,354.82,1124.82,2
Sat_01961,Saturday,"Four Square Ellerslie,Four Square Remuera,New World Stonefields,Pak 'n Save Sylvia Park",11,80.7,198,278.7,770.0,68.7,354.87,1124.87,4
Sat_01962,Saturday,"Pak 'n Save Henderson,New World Hobsonville,Four Square Hobsonville",11,80.8,198,278.8,770.0,68.8,355.33,1125.33,3
Sat_01963,Saturday,"New World Stonefields,Pak 'n Save Albany",9,116.9,162,278.9,770.0,68.9,355.87,1125.87,2
Sat_01964,Saturday,"New World Mt Albert,Four Square Eden Terrace,New World Victoria Park,New World Metro Shore City,New World Remuera",10,98.9,180,278.9,770.0,68.9,355.88,1125.88,5
Sat_01965,Saturday,"New World Papatoetoe,Four Square Botany Junction,New World Southmall,Four Square Pakuranga Heights",9,116.9,162,278.9,770.0,68.9,355.91,1125.91,4
Sat_01966,Saturday,"New World Metro Queen St,New World Metro Shore City,New World Milford,New World Devonport",9,116.9,162,278.9,770.0,68.9,356.16,1126.16,4
Sat_01967,Saturday,"New World Newmarket,New World Victoria Park,New World Birkenhead,Four Square Lancaster",10,98.9,180,278.9,770.0,68.9,356.18,1126.18,4
Sat_01968,Saturday,"Pak 'n Save Mangere,New World Albany",9,117.0,162,279.0,770.0,69.0,356.46,1126.46,2
Sat_01969,Saturday,"Pak 'n Save Mt Albert,Pak 'n Save Henderson",12,63.1,216,279.1,770.0,69.1,356.91,1126.91,2
Sat_01970,Saturday,"Pak 'n Save Botany,Four Square Torbay",7,153.2,126,279.2,770.0,69.2,357.3,1127.3,2
Sat_01971,Saturday,"New World Newmarket,Four Square Ellerslie,New World Eastridge,Four Square St Heliers,New World Metro Queen St",10,99.2,180,279.2,770.0,69.2,357.38,1127.38,5
Sat_01972,Saturday,"Four Square Ellerslie,Four Square Remuera,Pak 'n Save Sylvia Park,Four Square Pakuranga Heights",10,99.2,180,279.2,770.0,69.2,357.61,1127.61,4
Sat_01973,Saturday,"Four Square Onehunga,Four Square Remuera,New World Newmarket,Pak 'n Save Sylvia Park",11,81.2,198,279.2,770.0,69.2,357.74,1127.74,4
Sat_01974,Saturday,"Pak 'n Save Ormiston,Four Square Torbay",7,153.3,126,279.3,770.0,69.3,357.82,1127.82,2
Sat_01975,Saturday,"Four Square Botany Junction,Pak 'n Save Botany,New World Howick",10,99.3,180,279.3,770.0,69.3,358.25,1128.25,3
Sat_01976,Saturday,"New World Eastridge,Pak 'n Save Papakura",9,117.4,162,279.4,770.0,69.4,358.34,1128.34,2
Sat_01977,Saturday,"Pak 'n Save Mt Albert,New World Metro Queen St,New World Remuera,Four Square Remuera,Four Square Ellerslie",11,81.4,198,279.4,770.0,69.4,358.53,1128.53,5
Sat_01978,Saturday,"New World Hobsonville,New World Browns Bay,Four Square Torbay,New World Long Bay",9,117.4,162,279.4,770.0,69.4,358.62,1128.62,4
Sat_01979,Saturday,"Pak 'n Save Mt Albert,New World Mt Albert,New World New Lynn,Four Square Glen Eden",12,63.4,216,279.4,770.0,69.4,358.79,1128.79,4
Sat_01980,Saturday,"New World Mt Roskill,Pak 'n Save Mt Albert,New World Mt Albert,New World New Lynn",13,45.5,234,279.5,770.0,69.5,359.34,1129.34,4
Sat_01981,Saturday,"Four Square Pakuranga Heights,New World Howick,Four Square Botany Junction,New World Stonefields",9,117.6,162,279.6,770.0,69.6,359.35,1129.35,4
Sat_01982,Saturday,"New World Newmarket,Four Square Ellerslie,Four Square Remuera,Pak 'n Save Sylvia Park",11,81.6,198,279.6,770.0,69.6,359.78,1129.78,4
Sat_01983,Saturday,"Pak 'n Save Clendon,Four Square Torbay",7,153.7,126,279.7,770.0,69.7,360.02,1130.02,2
Sat_01984,Saturday,"Pak 'n Save Mangere,Pak 'n Save Westgate",11,81.7,198,279.7,770.0,69.7,360.13,1130.13,2
Sat_01985,Saturday,"New World Metro Shore City,New World Milford,Pak 'n Save Wairau Road,Four Square Lancaster",10,100.1,180,280.1,770.0,70.1,362.37,1132.37,4
Sat_01986,Saturday,"Pak 'n Save Highland Park,New World Devonport",8,136.2,144,280.2,770.0,70.2,362.53,1132.53,2
Sat_01987,Saturday,"Four Square Onehunga,Four Square Remuera,New World Stonefields,Pak 'n Save Glen Innes",11,82.2,198,280.2,770.0,70.2,362.73,1132.73,4
Sat_01988,Saturday,"Pak 'n Save Sylvia Park,New World Albany",9,118.5,162,280.5,770.0,70.5,364.01,1134.01,2
Sat_01989,Saturday,"New World Mt Albert,New World Point Chevalier,Four Square Eden Terrace,New World Metro Queen St,New World Victoria Park",12,64.5,216,280.5,770.0,70.5,364.28,1134.28,5
Sat_01990,Saturday,"New World Hobsonville,Pak 'n Save Glen Innes",9,118.8,162,280.8,770.0,70.8,365.57,1135.57,2
Sat_01991,Saturday,"Pak 'n Save Albany,New World Devonport",9,118.8,162,280.8,770.0,70.8,365.85,1135.85,2
Sat_01992,Saturday,"Four Square Botany Junction,Pak 'n Save Papakura,New World Papakura",10,100.8,180,280.8,770.0,70.8,366.04,1136.04,3
Sat_01993,Saturday,"Four Square Pakuranga Heights,New World Botany,Pak 'n Save Botany",11,83.0,198,281.0,770.0,71.0,367.02,1137.02,3
Sat_01994,Saturday,"New World Victoria Park,New World Birkenhead,Four Square Lancaster,New World Milford",10,101.0,180,281.0,770.0,71.0,367.06,1137.06,4
Sat_01995,Saturday,"Pak 'n Save Mt Albert,New World Point Chevalier,New World New Lynn,Four Square Glen Eden",12,65.1,216,281.1,770.0,71.1,367.36,1137.36,4
Sat_01996,Saturday,"Four Square Hobsonville,Pak 'n Save Albany,New World Milford",10,101.1,180,281.1,770.0,71.1,367.42,1137.42,3
Sat_01997,Saturday,"Four Square Fair Price Henderson,New World Hobsonville,Four Square Hobsonville,Pak 'n Save Wairau Road",10,101.2,180,281.2,770.0,71.2,367.88,1137.88,4
Sat_01998,Saturday,"New World Mt Roskill,Pak 'n Save Mt Albert,New World Point Chevalier,New World New Lynn",13,47.2,234,281.2,770.0,71.2,367.9,1137.9,4
Sat_01999,Saturday,"New World Metro Shore City,New World Milford,Pak 'n Save Albany",10,101.2,180,281.2,770.0,71.2,368.03,1138.03,3
Sat_02000,Saturday,"New World Remuera,Pak 'n Save Glen Innes,Four Square Pakuranga Heights",10,101.3,180,281.3,770.0,71.3,368.6,1138.6,3
Sat_02001,Saturday,"Pak 'n Save Mangere,Pak 'n Save Manukau",12,65.4,216,281.4,770.0,71.4,368.91,1138.91,2
Sat_02002,Saturday,"New World Southmall,Pak 'n Save Papakura,Four Square Botany Junction",10,101.5,180,281.5,770.0,71.5,369.2,1139.2,3
Sat_02003,Saturday,"Pak 'n Save Mangere,New World Devonport",9,119.5,162,281.5,770.0,71.5,369.52,1139.52,2
Sat_02004,Saturday,"New World Mt Roskill,New World Green Bay,Pak 'n Save Henderson",12,65.5,216,281.5,770.0,71.5,369.55,1139.55,3
Sat_02005,Saturday,"New World Milford,New World Albany,New World Long Bay",9,119.6,162,281.6,770.0,71.6,370.08,1140.08,3
Sat_02006,Saturday,"Pak 'n Save Henderson,New World Eastridge",10,101.6,180,281.6,770.0,71.6,370.18,1140.18,2
Sat_02007,Saturday,"Pak 'n Save Henderson,New World Milford",10,101.8,180,281.8,770.0,71.8,370.78,1140.78,2
Sat_02008,Saturday,"New World Mt Roskill,New World Mt Albert,Four Square Onehunga,Pak 'n Save Mangere",12,65.8,216,281.8,770.0,71.8,370.92,1140.92,4
Sat_02009,Saturday,"Four Square Eden Terrace,New World Newmarket,New World Remuera,Four Square Remuera,Four Square Ellerslie,New World Victoria Park",11,84.0,198,282.0,770.0,72.0,371.8,1141.8,6
Sat_02010,Saturday,"Four Square Onehunga,Pak 'n Save Royal Oak,Four Square Ellerslie,Four Square Remuera,New World Remuera,Four Square Eden Terrace",12,66.0,216,282.0,770.0,72.0,372.0,1142.0,6
Sat_02011,Saturday,"New World Mt Roskill,Pak 'n Save Royal Oak,New World New Lynn,Four Square Glen Eden",12,66.1,216,282.1,770.0,72.1,372.76,1142.76,4
Sat_02012,Saturday,"New World Papakura,Pak 'n Save Glen Innes",9,120.2,162,282.2,770.0,72.2,372.82,1142.82,2
Sat_02013,Saturday,"New World Milford,Pak 'n Save Glen Innes",9,120.2,162,282.2,770.0,72.2,372.99,1142.99,2
Sat_02014,Saturday,"New World Birkenhead,Pak 'n Save Ormiston",9,120.2,162,282.2,770.0,72.2,373.0,1143.0,2
Sat_02015,Saturday,"New World Mt Roskill,Pak 'n Save Royal Oak,Four Square Eden Terrace,New World Green Bay",12,66.4,216,282.4,770.0,72.4,374.05,1144.05,4
Sat_02016,Saturday,"Four Square Onehunga,Four Square Ellerslie,Four Square Remuera,New World Remuera,New World Newmarket,New World Stonefields",11,84.4,198,282.4,770.0,72.4,374.22,1144.22,6
Sat_02017,Saturday,"Pak 'n Save Royal Oak,Pak 'n Save Highland Park",11,84.5,198,282.5,770.0,72.5,374.37,1144.37,2
Sat_02018,Saturday,"Pak 'n Save Manukau,New World Albany",9,120.5,162,282.5,770.0,72.5,374.42,1144.42,2
Sat_02019,Saturday,"New World Metro Shore City,Pak 'n Save Albany,New World Albany",10,102.5,180,282.5,770.0,72.5,374.48,1144.48,3
Sat_02020,Saturday,"Four Square Glen Eden,Pak 'n Save Lincoln Road,New World Hobsonville",11,84.5,198,282.5,770.0,72.5,374.52,1144.52,3
Sat_02021,Saturday,"New World Mt Roskill,Four Square Onehunga,Pak 'n Save Mangere,New World Papatoetoe",12,66.5,216,282.5,770.0,72.5,374.83,1144.83,4
Sat_02022,Saturday,"New World Mt Roskill,New World Mt Albert,New World Point Chevalier,New World New Lynn,Four Square Glen Eden",12,66.6,216,282.6,770.0,72.6,374.93,1144.93,5
Sat_02023,Saturday,"Pak 'n Save Royal Oak,Pak 'n Save Manukau",12,66.6,216,282.6,770.0,72.6,375.04,1145.04,2
Sat_02024,Saturday,"New World Point Chevalier,Four Square Eden Terrace,New World Newmarket,Four Square Ellerslie,New World Victoria Park",11,84.7,198,282.7,770.0,72.7,375.44,1145.44,5
Sat_02025,Saturday,"New World New Lynn,New World Green Bay,Four Square Glen Eden,Four Square Fair Price Henderson,New World Point Chevalier",11,84.7,198,282.7,770.0,72.7,375.86,1145.86,5
Sat_02026,Saturday,"Four Square Hobsonville,New World Albany,New World Browns Bay,New World Long Bay",9,120.8,162,282.8,770.0,72.8,375.88,1145.88,4
Sat_02027,Saturday,"New World Point Chevalier,Four Square Eden Terrace,New World Newmarket,Four Square Remuera,New World Victoria Park",11,84.8,198,282.8,770.0,72.8,376.16,1146.16,5
Sat_02028,Saturday,"Pak 'n Save Henderson,New World Birkenhead",10,102.8,180,282.8,770.0,72.8,376.24,1146.24,2
Sat_02029,Saturday,"New World Victoria Park,New World Birkenhead,Four Square Lancaster,New World Hobsonville",10,102.8,180,282.8,770.0,72.8,376.38,1146.38,4
Sat_02030,Saturday,"New World Mt Albert,Four Square Eden Terrace,New World Newmarket,New World Metro Queen St,New World Victoria Park",12,66.9,216,282.9,770.0,72.9,376.67,1146.67,5
Sat_02031,Saturday,"Pak 'n Save Lincoln Road,New World Southmall",10,102.9,180,282.9,770.0,72.9,376.88,1146.88,2
Sat_02032,Saturday,"Four Square Fair Price Henderson,Pak 'n Save Henderson,New World Hobsonville",11,85.0,198,283.0,770.0,73.0,377.19,1147.19,3
Sat_02033,Saturday,"New World Mt Roskill,Pak 'n Save Royal Oak,New World Green Bay,Four Square Glen Eden",12,67.0,216,283.0,770.0,73.0,377.28,1147.28,4
Sat_02034,Saturday,"Pak 'n Save Mt Albert,New World Mt Albert,New World Point Chevalier,Four Square Glen Eden",12,67.1,216,283.1,770.0,73.1,377.82,1147.82,4
Sat_02035,Saturday,"Pak 'n Save Clendon,New World Birkenhead",9,121.2,162,283.2,770.0,73.2,378.24,1148.24,2
Sat_02036,Saturday,"Pak 'n Save Highland Park,Pak 'n Save Botany",11,85.2,198,283.2,770.0,73.2,378.3,1148.3,2
Sat_02037,Saturday,"New World Birkenhead,Pak 'n Save Botany",9,121.3,162,283.3,770.0,73.3,378.51,1148.51,2
Sat_02038,Saturday,"New World Mt Roskill,Pak 'n Save Mt Albert,New World Mt Albert,New World Green Bay",13,49.3,234,283.3,770.0,73.3,378.63,1148.63,4
Sat_02039,Saturday,"Four Square Onehunga,Four Square Ellerslie,Four Square Remuera,New World Remuera,New World Newmarket,New World Eastridge",11,85.5,198,283.5,770.0,73.5,379.55,1149.55,6
Sat_02040,Saturday,"Four Square Onehunga,Pak 'n Save Mangere,New World Papatoetoe,Four Square Botany Junction",11,85.5,198,283.5,770.0,73.5,379.94,1149.94,4
Sat_02041,Saturday,"Pak 'n Save Royal Oak,New World Remuera,Four Square Remuera,New World Stonefields",12,67.8,216,283.8,770.0,73.8,381.06,1151.06,4
Sat_02042,Saturday,"New World Point Chevalier,Four Square Eden Terrace,New World Metro Queen St,New World Victoria Park,New World Remuera",11,85.8,198,283.8,770.0,73.8,381.34,1151.34,5
Sat_02043,Saturday,"New World Mt Albert,Four Square Eden Terrace,New World Victoria Park,New World Remuera,Four Square Remuera,Four Square Ellerslie",11,85.8,198,283.8,770.0,73.8,381.36,1151.36,6
Sat_02044,Saturday,"Pak 'n Save Mt Albert,New World Point Chevalier,New World Green Bay,Four Square Glen Eden",12,67.8,216,283.8,770.0,73.8,381.45,1151.45,4
Sat_02045,Saturday,"New World Hobsonville,Four Square Hobsonville,New World Milford,New World Browns Bay",9,121.8,162,283.8,770.0,73.8,381.5,1151.5,4
Sat_02046,Saturday,"New World Metro Queen St,New World Remuera,Four Square Remuera,Four Square Ellerslie,New World Stonefields,Four Square St Heliers",10,103.9,180,283.9,770.0,73.9,381.66,1151.66,6
Sat_02047,Saturday,"Four Square Botany Junction,New World Ormiston,New World Botany,New World Howick",10,103.9,180,283.9,770.0,73.9,381.75,1151.75,4
Sat_02048,Saturday,"New World Mt Albert,New World New Lynn,New World Green Bay,Four Square Glen Eden,Four Square Onehunga",11,85.9,198,283.9,770.0,73.9,381.83,1151.83,5
Sat_02049,Saturday,"Four Square Onehunga,Four Square Ellerslie,New World Newmarket,Pak 'n Save Mangere",11,85.9,198,283.9,770.0,73.9,382.01,1152.01,4
Sat_02050,Saturday,"Pak 'n Save Glen Innes,New World Browns Bay",8,140.0,144,284.0,770.0,74.0,382.08,1152.08,2
Sat_02051,Saturday,"Four Square Pakuranga Heights,Pak 'n Save Botany,New World Ormiston",11,86.0,198,284.0,770.0,74.0,382.56,1152.56,3
Sat_02052,Saturday,"Four Square Pakuranga Heights,New World Botany,Pak 'n Save Ormiston",11,86.1,198,284.1,770.0,74.1,382.65,1152.65,3
Sat_02053,Saturday,"New World Mt Roskill,New World Mt Albert,New World Point Chevalier,Four Square Eden Terrace,New World Green Bay",12,68.1,216,284.1,770.0,74.1,382.86,1152.86,5
Sat_02054,Saturday,"Four Square Botany Junction,Pak 'n Save Ormiston,New World Howick",10,104.2,180,284.2,770.0,74.2,383.5,1153.5,3
Sat_02055,Saturday,"New World Remuera,New World Stonefields,Pak 'n Save Glen Innes",11,86.2,198,284.2,770.0,74.2,383.58,1153.58,3
Sat_02056,Saturday,"Pak 'n Save Sylvia Park,New World Devonport",9,122.4,162,284.4,770.0,74.4,384.16,1154.16,2
Sat_02057,Saturday,"Pak 'n Save Mt Albert,Pak 'n Save Glen Innes",11,86.4,198,284.4,770.0,74.4,384.63,1154.63,2
Sat_02058,Saturday,"Pak 'n Save Royal Oak,Four Square Ellerslie,New World Newmarket,New World Metro Queen St",12,68.5,216,284.5,770.0,74.5,384.97,1154.97,4
Sat_02059,Saturday,"Four Square Pakuranga Heights,Pak 'n Save Sylvia Park,New World Stonefields",11,86.6,198,284.6,770.0,74.6,385.36,1155.36,3
Sat_02060,Saturday,"New World Hobsonville,Four Square Hobsonville,New World Long Bay,Four Square Torbay,New World Metro Shore City",9,122.6,162,284.6,770.0,74.6,385.67,1155.67,5
Sat_02061,Saturday,"New World Mt Roskill,Four Square Onehunga,Pak 'n Save Mangere,New World Green Bay",12,68.7,216,284.7,770.0,74.7,385.7,1155.7,4
Sat_02062,Saturday,"New World Victoria Park,New World Metro Shore City,Pak 'n Save Albany",10,104.7,180,284.7,770.0,74.7,385.88,1155.88,3
Sat_02063,Saturday,"New World Milford,New World Albany,New World Browns Bay,Four Square Torbay",9,122.7,162,284.7,770.0,74.7,385.93,1155.93,4
Sat_02064,Saturday,"Pak 'n Save Mt Albert,Pak 'n Save Ormiston",11,86.7,198,284.7,770.0,74.7,386.13,1156.13,2
Sat_02065,Saturday,"New World Eastridge,Pak 'n Save Albany",9,122.9,162,284.9,770.0,74.9,386.79,1156.79,2
Sat_02066,Saturday,"Pak 'n Save Mt Albert,New World Mt Albert,New World Green Bay,Four Square Onehunga",12,68.9,216,284.9,770.0,74.9,387.17,1157.17,4
Sat_02067,Saturday,"Four Square Hobsonville,Pak 'n Save Wairau Road,New World Long Bay",9,122.9,162,284.9,770.0,74.9,387.18,1157.18,3
Sat_02068,Saturday,"Pak 'n Save Wairau Road,New World Albany,New World Browns Bay",10,105.0,180,285.0,770.0,75.0,387.49,1157.49,3
Sat_02069,Saturday,"New World Mt Roskill,New World Mt Albert,New World Point Chevalier,New World Green Bay,Four Square Glen Eden",12,69.3,216,285.3,770.0,75.3,389.02,1159.02,5
Sat_02070,Saturday,"New World Mt Albert,New World Point Chevalier,Four Square Eden Terrace,New World Newmarket,New World Metro Queen St",12,69.3,216,285.3,770.0,75.3,389.09,1159.09,5
Sat_02071,Saturday,"New World Mt Albert,New World Point Chevalier,New World Newmarket,New World New Lynn",12,69.3,216,285.3,770.0,75.3,389.26,1159.26,4
Sat_02072,Saturday,"New World Green Bay,Pak 'n Save Henderson,Four Square Hobsonville",11,87.3,198,285.3,770.0,75.3,389.29,1159.29,3
Sat_02073,Saturday,"Four Square Botany Junction,Pak 'n Save Ormiston,New World Papakura",10,105.5,180,285.5,770.0,75.5,390.28,1160.28,3
Sat_02074,Saturday,"New World Remuera,New World Eastridge,Pak 'n Save Glen Innes",11,87.7,198,285.7,770.0,75.7,391.16,1161.16,3
Sat_02075,Saturday,"Pak 'n Save Papakura,Four Square Torbay",7,159.7,126,285.7,770.0,75.7,391.17,1161.17,2
Sat_02076,Saturday,"New World Hobsonville,Pak 'n Save Ormiston",9,123.8,162,285.8,770.0,75.8,391.54,1161.54,2
Sat_02077,Saturday,"Pak 'n Save Papakura,New World Howick",9,123.9,162,285.9,770.0,75.9,392.36,1162.36,2
Sat_02078,Saturday,"New World Papatoetoe,Four Square Botany Junction,New World Ormiston,New World Howick",10,106.0,180,286.0,770.0,76.0,392.55,1162.55,4
Sat_02079,Saturday,"New World Victoria Park,New World Birkenhead,Pak 'n Save Wairau Road",11,88.0,198,286.0,770.0,76.0,392.91,1162.91,3
Sat_02080,Saturday,"New World Mt Roskill,Pak 'n Save Mt Albert,Pak 'n Save Mangere",13,52.2,234,286.2,770.0,76.2,393.67,1163.67,3
Sat_02081,Saturday,"Pak 'n Save Manukau,New World Devonport",9,124.4,162,286.4,770.0,76.4,394.56,1164.56,2
Sat_02082,Saturday,"Pak 'n Save Wairau Road,Four Square Lancaster,New World Devonport",9,124.5,162,286.5,770.0,76.5,395.36,1165.36,3
Sat_02083,Saturday,"Pak 'n Save Mt Albert,New World Point Chevalier,New World Green Bay,Four Square Onehunga",12,70.6,216,286.6,770.0,76.6,395.74,1165.74,4
Sat_02084,Saturday,"New World Newmarket,Four Square Ellerslie,Four Square Remuera,New World Stonefields,New World Eastridge",11,88.6,198,286.6,770.0,76.6,395.92,1165.92,5
Sat_02085,Saturday,"Four Square Onehunga,Pak 'n Save Royal Oak,Pak 'n Save Mangere",13,52.7,234,286.7,770.0,76.7,396.42,1166.42,3
Sat_02086,Saturday,"New World Hobsonville,Pak 'n Save Botany",9,124.8,162,286.8,770.0,76.8,397.05,1167.05,2
Sat_02087,Saturday,"Pak 'n Save Henderson,New World Albany",10,107.2,180,287.2,770.0,77.2,398.77,1168.77,2
Sat_02088,Saturday,"Four Square Ellerslie,Four Square Remuera,New World Stonefields,Pak 'n Save Glen Innes",11,89.3,198,287.3,770.0,77.3,399.37,1169.37,4
Sat_02089,Saturday,"New World Birkenhead,Four Square Lancaster,Pak 'n Save Albany",10,107.3,180,287.3,770.0,77.3,399.61,1169.61,3
Sat_02090,Saturday,"Pak 'n Save Highland Park,New World Howick,New World Botany",11,89.6,198,287.6,770.0,77.6,401.16,1171.16,3
Sat_02091,Saturday,"Four Square Eden Terrace,New World Newmarket,Four Square Remuera,New World Stonefields,New World Eastridge",11,89.7,198,287.7,770.0,77.7,401.44,1171.44,5
Sat_02092,Saturday,"New World Green Bay,Four Square Glen Eden,Pak 'n Save Henderson,Four Square Fair Price Henderson",12,71.7,216,287.7,770.0,77.7,401.62,1171.62,4
Sat_02093,Saturday,"New World Newmarket,New World Metro Shore City,Pak 'n Save Wairau Road,Four Square Lancaster",10,107.8,180,287.8,770.0,77.8,401.85,1171.85,4
Sat_02094,Saturday,"Pak 'n Save Manukau,New World Botany,Four Square Pakuranga Heights",11,89.8,198,287.8,770.0,77.8,401.87,1171.87,3
Sat_02095,Saturday,"Pak 'n Save Ormiston,New World Milford",9,125.8,162,287.8,770.0,77.8,402.0,1172.0,2
Sat_02096,Saturday,"New World Birkenhead,Pak 'n Save Wairau Road,New World Milford",11,89.9,198,287.9,770.0,77.9,402.36,1172.36,3
Sat_02097,Saturday,"Four Square Ellerslie,New World Stonefields,Pak 'n Save Glen Innes,Four Square St Heliers",11,89.9,198,287.9,770.0,77.9,402.62,1172.62,4
Sat_02098,Saturday,"New World Mt Roskill,Pak 'n Save Mt Albert,New World New Lynn,Four Square Glen Eden,Four Square Onehunga",12,72.0,216,288.0,770.0,78.0,403.07,1173.07,5
Sat_02099,Saturday,"New World Metro Queen St,New World Birkenhead,Four Square Lancaster,New World Milford,New World Metro Shore City",10,108.0,180,288.0,770.0,78.0,403.07,1173.07,5
Sat_02100,Saturday,"New World Point Chevalier,Pak 'n Save Henderson,Four Square Hobsonville",11,90.0,198,288.0,770.0,78.0,403.09,1173.09,3
Sat_02101,Saturday,"New World Papatoetoe,New World Southmall,New World Ormiston,Four Square Ellerslie",10,108.1,180,288.1,770.0,78.1,403.34,1173.34,4
Sat_02102,Saturday,"New World Metro Shore City,New World Albany,New World Browns Bay,New World Long Bay",9,126.1,162,288.1,770.0,78.1,403.45,1173.45,4
Sat_02103,Saturday,"Four Square Onehunga,New World Remuera,Four Square Remuera,Four Square Eden Terrace,Pak 'n Save Sylvia Park",11,90.1,198,288.1,770.0,78.1,403.54,1173.54,5
Sat_02104,Saturday,"New World Victoria Park,New World Metro Shore City,New World Milford,New World Albany",10,108.1,180,288.1,770.0,78.1,403.7,1173.7,4
Sat_02105,Saturday,"Four Square Pakuranga Heights,New World Botany,Pak 'n Save Sylvia Park",11,90.2,198,288.2,770.0,78.2,403.8,1173.8,3
Sat_02106,Saturday,"Four Square Fair Price Henderson,New World Hobsonville,Pak 'n Save Albany",10,108.2,180,288.2,770.0,78.2,403.8,1173.8,3
Sat_02107,Saturday,"Pak 'n Save Clendon,New World Milford",9,126.2,162,288.2,770.0,78.2,404.2,1174.2,2
Sat_02108,Saturday,"New World Milford,Pak 'n Save Botany",9,126.3,162,288.3,770.0,78.3,404.47,1174.47,2
Sat_02109,Saturday,"Pak 'n Save Lincoln Road,New World Ormiston",10,108.3,180,288.3,770.0,78.3,404.59,1174.59,2
Sat_02110,Saturday,"New World Birkenhead,Four Square Lancaster,New World Milford,New World Browns Bay",9,126.4,162,288.4,770.0,78.4,404.9,1174.9,4
Sat_02111,Saturday,"New World Papatoetoe,Four Square Botany Junction,New World Southmall,New World Papakura",10,108.4,180,288.4,770.0,78.4,404.99,1174.99,4
Sat_02112,Saturday,"Pak 'n Save Botany,New World Browns Bay",8,144.4,144,288.4,770.0,78.4,405.17,1175.17,2
Sat_02113,Saturday,"New World Mt Roskill,Four Square Onehunga,Pak 'n Save Royal Oak,New World Newmarket,Four Square Eden Terrace",13,54.4,234,288.4,770.0,78.4,405.22,1175.22,5
Sat_02114,Saturday,"Pak 'n Save Ormiston,New World Browns Bay",8,144.5,144,288.5,770.0,78.5,405.7,1175.7,2
Sat_02115,Saturday,"New World Mt Roskill,Pak 'n Save Mt Albert,New World Point Chevalier,New World Victoria Park",13,54.5,234,288.5,770.0,78.5,405.71,1175.71,4
Sat_02116,Saturday,"Pak 'n Save Mangere,Pak 'n Save Clendon",12,72.9,216,288.9,770.0,78.9,407.71,1177.71,2
Sat_02117,Saturday,"New World Mt Roskill,New World New Lynn,New World Point Chevalier,Four Square Eden Terrace,New World Victoria Park",12,72.9,216,288.9,770.0,78.9,407.8,1177.8,5
Sat_02118,Saturday,"Pak 'n Save Mt Albert,New World Victoria Park,New World Metro Queen St,New World Remuera",12,72.9,216,288.9,770.0,78.9,407.88,1177.88,4
Sat_02119,Saturday,"Pak 'n Save Clendon,New World Browns Bay",8,144.9,144,288.9,770.0,78.9,407.9,1177.9,2
Sat_02120,Saturday,"Pak 'n Save Mt Albert,Pak 'n Save Papakura",11,91.0,198,289.0,770.0,79.0,408.04,1178.04,2
Sat_02121,Saturday,"Pak 'n Save Highland Park,Pak 'n Save Ormiston",11,91.0,198,289.0,770.0,79.0,408.06,1178.06,2
Sat_02122,Saturday,"Four Square Eden Terrace,New World Newmarket,New World Remuera,Four Square Remuera,Four Square Ellerslie,New World Eastridge",11,91.0,198,289.0,770.0,79.0,408.23,1178.23,6
Sat_02123,Saturday,"Four Square Remuera,New World Stonefields,Pak 'n Save Glen Innes,Four Square St Heliers",11,91.1,198,289.1,770.0,79.1,408.49,1178.49,4
Sat_02124,Saturday,"Pak 'n Save Lincoln Road,New World Long Bay",10,109.1,180,289.1,770.0,79.1,408.53,1178.53,2
Sat_02125,Saturday,"New World Newmarket,Four Square Ellerslie,Pak 'n Save Glen Innes,Four Square St Heliers",11,91.1,198,289.1,770.0,79.1,408.65,1178.65,4
Sat_02126,Saturday,"New World Remuera,New World Eastridge,Pak 'n Save Sylvia Park",11,91.2,198,289.2,770.0,79.2,409.08,1179.08,3
Sat_02127,Saturday,"New World Metro Queen St,New World Eastridge,Pak 'n Save Glen Innes",11,91.3,198,289.3,770.0,79.3,409.62,1179.62,3
Sat_02128,Saturday,"Four Square Pakuranga Heights,Pak 'n Save Glen Innes,New World Eastridge",11,91.3,198,289.3,770.0,79.3,409.76,1179.76,3
Sat_02129,Saturday,"Pak 'n Save Lincoln Road,New World Botany",10,109.4,180,289.4,770.0,79.4,410.19,1180.19,2
Sat_02130,Saturday,"Pak 'n Save Mt Albert,New World Mt Albert,New World Metro Queen St,New World Remuera",12,73.5,216,289.5,770.0,79.5,410.75,1180.75,4
Sat_02131,Saturday,"New World Metro Queen St,New World Metro Shore City,New World Milford,Pak 'n Save Wairau Road",11,91.6,198,289.6,770.0,79.6,411.06,1181.06,4
Sat_02132,Saturday,"Pak 'n Save Highland Park,New World Long Bay",8,145.6,144,289.6,770.0,79.6,411.32,1181.32,2
Sat_02133,Saturday,"Pak 'n Save Westgate,Pak 'n Save Henderson",12,73.7,216,289.7,770.0,79.7,411.57,1181.57,2
Sat_02134,Saturday,"New World Point Chevalier,Four Square Eden Terrace,New World Newmarket,New World Metro Queen St,New World Victoria Park",12,73.8,216,289.8,770.0,79.8,412.28,1182.28,5
Sat_02135,Saturday,"Pak 'n Save Manukau,Pak 'n Save Sylvia Park",12,73.9,216,289.9,770.0,79.9,412.68,1182.68,2
Sat_02136,Saturday,"Pak 'n Save Royal Oak,Pak 'n Save Clendon",12,74.1,216,290.1,770.0,80.1,413.84,1183.84,2
Sat_02137,Saturday,"New World Birkenhead,Pak 'n Save Papakura",9,128.1,162,290.1,770.0,80.1,413.93,1183.93,2
Sat_02138,Saturday,"Pak 'n Save Wairau Road,Pak 'n Save Albany",11,92.4,198,290.4,770.0,80.4,415.5,1185.5,2
Sat_02139,Saturday,"New World Southmall,Pak 'n Save Albany",9,128.5,162,290.5,770.0,80.5,415.78,1185.78,2
Sat_02140,Saturday,"New World Mt Roskill,Four Square Onehunga,New World Remuera,Four Square Remuera,Pak 'n Save Mangere",12,74.5,216,290.5,770.0,80.5,415.93,1185.93,5
Sat_02141,Saturday,"Pak 'n Save Westgate,Pak 'n Save Albany",11,92.5,198,290.5,770.0,80.5,416.0,1186.0,2
Sat_02142,Saturday,"Pak 'n Save Royal Oak,Four Square Ellerslie,New World Remuera,New World Eastridge",12,74.6,216,290.6,770.0,80.6,416.28,1186.28,4
Sat_02143,Saturday,"New World Victoria Park,Four Square Lancaster,Pak 'n Save Albany",10,110.7,180,290.7,770.0,80.7,416.7,1186.7,3
Sat_02144,Saturday,"New World Mt Albert,Four Square Fair Price Henderson,Pak 'n Save Henderson,Four Square Glen Eden",12,74.8,216,290.8,770.0,80.8,417.42,1187.42,4
Sat_02145,Saturday,"Pak 'n Save Mt Albert,New World Point Chevalier,Four Square Eden Terrace,New World Remuera,Four Square Ellerslie",12,74.8,216,290.8,770.0,80.8,417.52,1187.52,5
Sat_02146,Saturday,"Pak 'n Save Royal Oak,New World Newmarket,Four Square Eden Terrace,New World Point Chevalier",13,56.8,234,290.8,770.0,80.8,417.62,1187.62,4
Sat_02147,Saturday,"New World Milford,New World Albany,New World Browns Bay,Four Square Lancaster",9,128.9,162,290.9,770.0,80.9,417.83,1187.83,4
Sat_02148,Saturday,"New World Papatoetoe,Pak 'n Save Manukau,New World Southmall",12,74.9,216,290.9,770.0,80.9,418.21,1188.21,3
Sat_02149,Saturday,"Four Square Eden Terrace,Four Square Remuera,New World Eastridge,Pak 'n Save Glen Innes",11,93.1,198,291.1,770.0,81.1,418.92,1188.92,4
Sat_02150,Saturday,"Four Square Onehunga,New World Remuera,New World Stonefields,Pak 'n Save Sylvia Park",12,75.1,216,291.1,770.0,81.1,419.18,1189.18,4
Sat_02151,Saturday,"Four Square Glen Eden,Four Square Fair Price Henderson,Pak 'n Save Westgate,New World Hobsonville,Four Square Hobsonville",11,93.2,198,291.2,770.0,81.2,419.36,1189.36,5
Sat_02152,Saturday,"Pak 'n Save Manukau,Pak 'n Save Ormiston",12,75.3,216,291.3,770.0,81.3,419.85,1189.85,2
Sat_02153,Saturday,"New World Newmarket,New World Birkenhead,Pak 'n Save Wairau Road",11,93.4,198,291.4,770.0,81.4,420.51,1190.51,3
Sat_02154,Saturday,"Pak 'n Save Henderson,New World Southmall",10,111.4,180,291.4,770.0,81.4,420.73,1190.73,2
Sat_02155,Saturday,"Four Square Ellerslie,Pak 'n Save Glen Innes,Four Square St Heliers,Four Square Pakuranga Heights",10,111.4,180,291.4,770.0,81.4,420.81,1190.81,4
Sat_02156,Saturday,"New World Mt Roskill,Pak 'n Save Mt Albert,New World New Lynn,Four Square Glen Eden,Four Square Fair Price Henderson",12,75.5,216,291.5,770.0,81.5,421.31,1191.31,5
Sat_02157,Saturday,"New World Mt Roskill,Pak 'n Save Mt Albert,New World Mt Albert,Four Square Eden Terrace,New World Metro Queen St",13,57.6,234,291.6,770.0,81.6,421.56,1191.56,5
Sat_02158,Saturday,"New World Metro Shore City,Pak 'n Save Wairau Road,Four Square Lancaster,New World Browns Bay",9,129.6,162,291.6,770.0,81.6,421.6,1191.6,4
Sat_02159,Saturday,"New World Birkenhead,Pak 'n Save Wairau Road,New World Browns Bay",10,111.7,180,291.7,770.0,81.7,422.08,1192.08,3
Sat_02160,Saturday,"Pak 'n Save Manukau,Pak 'n Save Clendon",12,75.8,216,291.8,770.0,81.8,422.85,1192.85,2
Sat_02161,Saturday,"New World Mt Albert,New World Point Chevalier,Pak 'n Save Lincoln Road",13,58.0,234,292.0,770.0,82.0,423.63,1193.63,3
Sat_02162,Saturday,"Pak 'n Save Mt Albert,Pak 'n Save Royal Oak,Four Square Glen Eden",12,76.1,216,292.1,770.0,82.1,424.36,1194.36,3
Sat_02163,Saturday,"Pak 'n Save Highland Park,New World Howick,New World Ormiston",11,94.2,198,292.2,770.0,82.2,424.69,1194.69,3
Sat_02164,Saturday,"Pak 'n Save Albany,New World Albany,Four Square Torbay",10,112.2,180,292.2,770.0,82.2,424.9,1194.9,3
Sat_02165,Saturday,"Pak 'n Save Mangere,New World Long Bay",9,130.3,162,292.3,770.0,82.3,425.39,1195.39,2
Sat_02166,Saturday,"Pak 'n Save Royal Oak,Pak 'n Save Glen Innes",12,76.4,216,292.4,770.0,82.4,425.53,1195.53,2
Sat_02167,Saturday,"Four Square Remuera,New World Eastridge,Four Square St Heliers,Pak 'n Save Glen Innes",11,94.5,198,292.5,770.0,82.5,426.36,1196.36,4
Sat_02168,Saturday,"New World Newmarket,New World Victoria Park,New World Metro Shore City,New World Devonport",10,112.5,180,292.5,770.0,82.5,426.42,1196.42,4
Sat_02169,Saturday,"New World Mt Roskill,Pak 'n Save Royal Oak,New World Newmarket,New World Remuera",13,58.6,234,292.6,770.0,82.6,426.91,1196.91,4
Sat_02170,Saturday,"Pak 'n Save Sylvia Park,Pak 'n Save Highland Park",11,94.7,198,292.7,770.0,82.7,427.25,1197.25,2
Sat_02171,Saturday,"Four Square Eden Terrace,New World Newmarket,New World Remuera,Four Square Remuera,New World Eastridge,Four Square St Heliers",11,94.7,198,292.7,770.0,82.7,427.43,1197.43,6
Sat_02172,Saturday,"Pak 'n Save Lincoln Road,Four Square Fair Price Henderson,New World Hobsonville,Four Square Hobsonville",12,76.7,216,292.7,770.0,82.7,427.45,1197.45,4
Sat_02173,Saturday,"Pak 'n Save Manukau,Pak 'n Save Highland Park",11,94.7,198,292.7,770.0,82.7,427.51,1197.51,2
Sat_02174,Saturday,"Four Square Onehunga,Pak 'n Save Royal Oak,New World New Lynn,New World Green Bay",13,58.8,234,292.8,770.0,82.8,427.92,1197.92,4
Sat_02175,Saturday,"Pak 'n Save Mt Albert,Pak 'n Save Albany",11,94.9,198,292.9,770.0,82.9,428.29,1198.29,2
Sat_02176,Saturday,"New World Hobsonville,Pak 'n Save Albany,Four Square Lancaster",10,112.9,180,292.9,770.0,82.9,428.51,1198.51,3
Sat_02177,Saturday,"New World Point Chevalier,Pak 'n Save Lincoln Road,Four Square Fair Price Henderson,Four Square Glen Eden",12,77.3,216,293.3,770.0,83.3,430.59,1200.59,4
Sat_02178,Saturday,"Pak 'n Save Mt Albert,New World Mt Albert,Four Square Eden Terrace,New World Metro Queen St,Four Square Ellerslie",12,77.3,216,293.3,770.0,83.3,430.62,1200.62,5
Sat_02179,Saturday,"Pak 'n Save Mt Albert,Pak 'n Save Botany",11,95.4,198,293.4,770.0,83.4,430.93,1200.93,2
Sat_02180,Saturday,"New World Hobsonville,Four Square Hobsonville,New World Albany,New World Metro Shore City,Four Square Lancaster",9,131.4,162,293.4,770.0,83.4,431.15,1201.15,5
Sat_02181,Saturday,"Pak 'n Save Mt Albert,New World Mt Albert,Four Square Eden Terrace,New World Metro Queen St,Four Square Remuera",12,77.5,216,293.5,770.0,83.5,431.35,1201.35,5
Sat_02182,Saturday,"Pak 'n Save Mangere,New World Papatoetoe,New World Southmall",12,77.5,216,293.5,770.0,83.5,431.62,1201.62,3
Sat_02183,Saturday,"New World Papatoetoe,New World Southmall,Pak 'n Save Clendon",12,77.5,216,293.5,770.0,83.5,431.63,1201.63,3
Sat_02184,Saturday,"Pak 'n Save Mt Albert,New World Victoria Park,New World Metro Shore City,New World Remuera",11,95.6,198,293.6,770.0,83.6,431.72,1201.72,4
Sat_02185,Saturday,"New World Hobsonville,Pak 'n Save Papakura",9,131.7,162,293.7,770.0,83.7,432.47,1202.47,2
Sat_02186,Saturday,"New World Papatoetoe,New World Ormiston,Pak 'n Save Ormiston",12,77.7,216,293.7,770.0,83.7,432.54,1202.54,3
Sat_02187,Saturday,"Pak 'n Save Sylvia Park,New World Long Bay",9,131.8,162,293.8,770.0,83.8,432.95,1202.95,2
Sat_02188,Saturday,"New World Newmarket,New World Remuera,Four Square Remuera,Four Square Ellerslie,New World Stonefields,Four Square St Heliers",11,95.8,198,293.8,770.0,83.8,432.95,1202.95,6
Sat_02189,Saturday,"Four Square Fair Price Henderson,Pak 'n Save Westgate,Four Square Hobsonville,New World Albany",10,113.8,180,293.8,770.0,83.8,433.05,1203.05,4
Sat_02190,Saturday,"Pak 'n Save Albany,New World Long Bay,Four Square Torbay",10,113.9,180,293.9,770.0,83.9,433.24,1203.24,3
Sat_02191,Saturday,"Four Square Pakuranga Heights,New World Howick,Pak 'n Save Sylvia Park",11,95.9,198,293.9,770.0,83.9,433.5,1203.5,3
Sat_02192,Saturday,"Four Square Ellerslie,Pak 'n Save Sylvia Park,Four Square St Heliers,New World Eastridge",11,95.9,198,293.9,770.0,83.9,433.64,1203.64,4
Sat_02193,Saturday,"New World Papatoetoe,Pak 'n Save Manukau,New World Ormiston",12,78.0,216,294.0,770.0,84.0,433.85,1203.85,3
Sat_02194,Saturday,"New World Remuera,Four Square Remuera,Four Square Ellerslie,New World Stonefields,Four Square St Heliers,New World Eastridge",11,96.0,198,294.0,770.0,84.0,433.86,1203.86,6
Sat_02195,Saturday,"Pak 'n Save Westgate,Pak 'n Save Sylvia Park",11,96.0,198,294.0,770.0,84.0,434.08,1204.08,2
Sat_02196,Saturday,"New World Newmarket,Pak 'n Save Sylvia Park,New World Stonefields",12,78.2,216,294.2,770.0,84.2,435.11,1205.11,3
Sat_02197,Saturday,"Pak 'n Save Papakura,New World Milford",9,132.3,162,294.3,770.0,84.3,435.34,1205.34,2
Sat_02198,Saturday,"New World Mt Roskill,Pak 'n Save Mt Albert,New World Green Bay,Four Square Glen Eden,Four Square Fair Price Henderson",12,78.3,216,294.3,770.0,84.3,435.4,1205.4,5
Sat_02199,Saturday,"New World Newmarket,New World Metro Queen St,New World Eastridge,New World Stonefields",11,96.3,198,294.3,770.0,84.3,435.77,1205.77,4
Sat_02200,Saturday,"Pak 'n Save Lincoln Road,New World Devonport",10,114.4,180,294.4,770.0,84.4,436.03,1206.03,2
Sat_02201,Saturday,"New World Metro Queen St,Pak 'n Save Wairau Road,New World Devonport",10,114.5,180,294.5,770.0,84.5,436.45,1206.45,3
Sat_02202,Saturday,"New World Newmarket,New World Remuera,Four Square Ellerslie,Pak 'n Save Sylvia Park",12,78.5,216,294.5,770.0,84.5,436.51,1206.51,4
Sat_02203,Saturday,"Four Square Eden Terrace,New World Metro Queen St,New World Remuera,New World Stonefields,New World Eastridge",11,96.6,198,294.6,770.0,84.6,437.34,1207.34,5
Sat_02204,Saturday,"New World Mt Roskill,Pak 'n Save Mt Albert,New World Green Bay,Four Square Onehunga,Four Square Eden Terrace",12,78.7,216,294.7,770.0,84.7,437.71,1207.71,5
Sat_02205,Saturday,"Pak 'n Save Mt Albert,New World Mt Albert,New World Point Chevalier,New World Metro Queen St",13,60.8,234,294.8,770.0,84.8,438.01,1208.01,4
Sat_02206,Saturday,"New World Remuera,Four Square Remuera,New World Stonefields,Pak 'n Save Sylvia Park",12,78.9,216,294.9,770.0,84.9,438.67,1208.67,4
Sat_02207,Saturday,"Pak 'n Save Mangere,New World Papatoetoe,Four Square Botany Junction,Four Square Ellerslie",11,96.9,198,294.9,770.0,84.9,438.73,1208.73,4
Sat_02208,Saturday,"Pak 'n Save Clendon,Four Square Botany Junction,New World Papakura",10,114.9,180,294.9,770.0,84.9,438.85,1208.85,3
Sat_02209,Saturday,"Pak 'n Save Highland Park,Pak 'n Save Glen Innes",11,97.0,198,295.0,770.0,85.0,439.03,1209.03,2
Sat_02210,Saturday,"Pak 'n Save Papakura,New World Browns Bay",8,151.0,144,295.0,770.0,85.0,439.04,1209.04,2
Sat_02211,Saturday,"New World Newmarket,New World Remuera,Four Square Remuera,Pak 'n Save Sylvia Park",12,79.2,216,295.2,770.0,85.2,439.98,1209.98,4
Sat_02212,Saturday,"Pak 'n Save Royal Oak,Four Square Ellerslie,Four Square Remuera,New World Remuera,New World Newmarket",13,61.3,234,295.3,770.0,85.3,440.48,1210.48,5
Sat_02213,Saturday,"Pak 'n Save Mangere,Pak 'n Save Sylvia Park",12,79.3,216,295.3,770.0,85.3,440.75,1210.75,2
Sat_02214,Saturday,"New World New Lynn,New World Point Chevalier,Four Square Eden Terrace,New World Newmarket,New World Metro Queen St",12,79.5,216,295.5,770.0,85.5,441.63,1211.63,5
Sat_02215,Saturday,"New World Southmall,Four Square Botany Junction,New World Ormiston,New World Papakura",10,115.6,180,295.6,770.0,85.6,442.08,1212.08,4
Sat_02216,Saturday,"New World Mt Albert,Four Square Eden Terrace,New World Remuera,Four Square Onehunga,Pak 'n Save Royal Oak",13,61.6,234,295.6,770.0,85.6,442.21,1212.21,5
Sat_02217,Saturday,"Pak 'n Save Glen Innes,New World Albany",9,133.7,162,295.7,770.0,85.7,442.69,1212.69,2
Sat_02218,Saturday,"Pak 'n Save Highland Park,Pak 'n Save Wairau Road",10,115.7,180,295.7,770.0,85.7,442.86,1212.86,2
Sat_02219,Saturday,"New World Birkenhead,New World Metro Shore City,Pak 'n Save Albany",10,115.8,180,295.8,770.0,85.8,443.08,1213.08,3
Sat_02220,Saturday,"New World Mt Roskill,Four Square Onehunga,Pak 'n Save Royal Oak,Four Square Ellerslie,New World Newmarket",13,61.8,234,295.8,770.0,85.8,443.23,1213.23,5
Sat_02221,Saturday,"Pak 'n Save Manukau,New World Long Bay",9,133.8,162,295.8,770.0,85.8,443.35,1213.35,2
Sat_02222,Saturday,"Four Square Hobsonville,Pak 'n Save Albany,New World Long Bay",10,115.8,180,295.8,770.0,85.8,443.47,1213.47,3
Sat_02223,Saturday,"New World Newmarket,New World Remuera,New World Victoria Park,New World Birkenhead",11,97.9,198,295.9,770.0,85.9,443.6,1213.6,4
Sat_02224,Saturday,"Four Square Remuera,New World Eastridge,Four Square St Heliers,Pak 'n Save Sylvia Park",11,97.9,198,295.9,770.0,85.9,443.61,1213.61,4
Sat_02225,Saturday,"New World Mt Roskill,Pak 'n Save Royal Oak,Four Square Ellerslie,New World Newmarket,Four Square Eden Terrace",13,62.0,234,296.0,770.0,86.0,444.25,1214.25,5
Sat_02226,Saturday,"Four Square Ellerslie,New World Eastridge,Four Square St Heliers,Pak 'n Save Glen Innes",11,98.0,198,296.0,770.0,86.0,444.27,1214.27,4
Sat_02227,Saturday,"New World Milford,Pak 'n Save Albany,Four Square Lancaster",10,116.3,180,296.3,770.0,86.3,445.84,1215.84,3
Sat_02228,Saturday,"Four Square Onehunga,New World Remuera,Four Square Remuera,New World Newmarket,Four Square Eden Terrace,New World Eastridge",11,98.3,198,296.3,770.0,86.3,446.03,1216.03,6
Sat_02229,Saturday,"Pak 'n Save Mt Albert,New World Mt Albert,New World Victoria Park,New World Metro Shore City",12,80.4,216,296.4,770.0,86.4,446.25,1216.25,4
Sat_02230,Saturday,"Four Square Ellerslie,Four Square Remuera,New World Stonefields,New World Eastridge,Four Square Pakuranga Heights",10,116.4,180,296.4,770.0,86.4,446.5,1216.5,5
Sat_02231,Saturday,"New World Hobsonville,Four Square Hobsonville,New World Albany,New World Long Bay",10,116.5,180,296.5,770.0,86.5,446.68,1216.68,4
Sat_02232,Saturday,"Four Square Pakuranga Heights,New World Howick,Pak 'n Save Ormiston",11,98.5,198,296.5,770.0,86.5,447.04,1217.04,3
Sat_02233,Saturday,"Four Square Eden Terrace,New World Remuera,Four Square Ellerslie,New World Stonefields,Four Square St Heliers,New World Eastridge",11,98.6,198,296.6,770.0,86.6,447.39,1217.39,6
Sat_02234,Saturday,"New World Hobsonville,Pak 'n Save Wairau Road,New World Browns Bay",10,116.7,180,296.7,770.0,86.7,447.73,1217.73,3
Sat_02235,Saturday,"New World Papatoetoe,Pak 'n Save Sylvia Park,New World Stonefields",12,80.7,216,296.7,770.0,86.7,448.09,1218.09,3
Sat_02236,Saturday,"Pak 'n Save Henderson,New World Ormiston",10,116.8,180,296.8,770.0,86.8,448.44,1218.44,2
Sat_02237,Saturday,"Four Square Onehunga,Pak 'n Save Royal Oak,Four Square Ellerslie,New World Remuera,New World Newmarket",13,62.9,234,296.9,770.0,86.9,448.89,1218.89,5
Sat_02238,Saturday,"Four Square Hobsonville,New World Albany,Pak 'n Save Wairau Road,Four Square Lancaster",10,117.0,180,297.0,770.0,87.0,449.31,1219.31,4
Sat_02239,Saturday,"Four Square Hobsonville,New World Milford,New World Browns Bay,New World Long Bay",9,135.0,162,297.0,770.0,87.0,449.41,1219.41,4
Sat_02240,Saturday,"Pak 'n Save Mangere,Pak 'n Save Wairau Road",11,99.1,198,297.1,770.0,87.1,449.85,1219.85,2
Sat_02241,Saturday,"New World Mt Roskill,Four Square Onehunga,Pak 'n Save Royal Oak,Four Square Ellerslie,Four Square Remuera,New World Remuera",13,63.1,234,297.1,770.0,87.1,449.86,1219.86,6
Sat_02242,Saturday,"Pak 'n Save Mt Albert,New World Mt Albert,Pak 'n Save Royal Oak",14,45.1,252,297.1,770.0,87.1,450.23,1220.23,3
Sat_02243,Saturday,"New World Mt Albert,Pak 'n Save Royal Oak,Four Square Onehunga,New World New Lynn",13,63.2,234,297.2,770.0,87.2,450.66,1220.66,4
Sat_02244,Saturday,"New World Point Chevalier,New World Newmarket,New World Remuera,Four Square Remuera,New World Victoria Park",12,81.3,216,297.3,770.0,87.3,450.84,1220.84,5
Sat_02245,Saturday,"New World Metro Queen St,New World Remuera,Pak 'n Save Glen Innes,Four Square St Heliers",11,99.3,198,297.3,770.0,87.3,450.95,1220.95,4
Sat_02246,Saturday,"New World Ormiston,Pak 'n Save Albany",9,135.3,162,297.3,770.0,87.3,451.07,1221.07,2
Sat_02247,Saturday,"Pak 'n Save Royal Oak,Pak 'n Save Lincoln Road",13,63.3,234,297.3,770.0,87.3,451.13,1221.13,2
Sat_02248,Saturday,"New World Victoria Park,Four Square Lancaster,New World Albany,New World Hobsonville",10,117.3,180,297.3,770.0,87.3,451.13,1221.13,4
Sat_02249,Saturday,"New World Mt Albert,Four Square Eden Terrace,New World Remuera,Four Square Remuera,Pak 'n Save Royal Oak",13,63.4,234,297.4,770.0,87.4,451.39,1221.39,5
Sat_02250,Saturday,"Four Square Ellerslie,New World Stonefields,Pak 'n Save Sylvia Park,Four Square St Heliers",11,99.4,198,297.4,770.0,87.4,451.42,1221.42,4
Sat_02251,Saturday,"New World Mt Albert,Four Square Eden Terrace,New World Newmarket,Four Square Ellerslie,Four Square Remuera,New World Victoria Park",12,81.4,216,297.4,770.0,87.4,451.45,1221.45,6
Sat_02252,Saturday,"Pak 'n Save Royal Oak,Pak 'n Save Ormiston",12,81.4,216,297.4,770.0,87.4,451.65,1221.65,2
Sat_02253,Saturday,"New World Botany,Pak 'n Save Albany",9,135.6,162,297.6,770.0,87.6,452.55,1222.55,2
Sat_02254,Saturday,"Pak 'n Save Henderson,New World Botany",10,117.9,180,297.9,770.0,87.9,454.04,1224.04,2
Sat_02255,Saturday,"Pak 'n Save Mt Albert,New World Point Chevalier,New World Newmarket,New World Metro Queen St",13,64.0,234,298.0,770.0,88.0,454.66,1224.66,4
Sat_02256,Saturday,"New World Remuera,Four Square Ellerslie,New World Stonefields,Pak 'n Save Sylvia Park",12,82.1,216,298.1,770.0,88.1,455.2,1225.2,4
Sat_02257,Saturday,"New World Mt Albert,Four Square Eden Terrace,New World Newmarket,New World Remuera,Four Square Ellerslie,New World Metro Queen St",12,82.1,216,298.1,770.0,88.1,455.21,1225.21,6
Sat_02258,Saturday,"New World Mt Albert,New World Newmarket,New World Remuera,Four Square Remuera,Four Square Ellerslie,New World Metro Queen St",12,82.2,216,298.2,770.0,88.2,455.55,1225.55,6
Sat_02259,Saturday,"New World Mt Roskill,Four Square Onehunga,Pak 'n Save Royal Oak,New World Remuera,Four Square Remuera,Four Square Eden Terrace",13,64.2,234,298.2,770.0,88.2,455.62,1225.62,6
Sat_02260,Saturday,"Four Square Eden Terrace,New World Newmarket,Four Square Remuera,New World Eastridge,Four Square St Heliers,New World Metro Queen St",11,100.2,198,298.2,770.0,88.2,455.9,1225.9,6
Sat_02261,Saturday,"New World Hobsonville,Pak 'n Save Albany,Four Square Torbay",10,118.3,180,298.3,770.0,88.3,456.15,1226.15,3
Sat_02262,Saturday,"New World Mt Albert,Pak 'n Save Lincoln Road,Four Square Fair Price Henderson,Four Square Hobsonville",12,82.3,216,298.3,770.0,88.3,456.43,1226.43,4
Sat_02263,Saturday,"Pak 'n Save Royal Oak,Pak 'n Save Botany",12,82.5,216,298.5,770.0,88.5,457.17,1227.17,2
Sat_02264,Saturday,"Four Square Remuera,New World Stonefields,Pak 'n Save Sylvia Park,Four Square St Heliers",11,100.5,198,298.5,770.0,88.5,457.29,1227.29,4
Sat_02265,Saturday,"New World Newmarket,New World Metro Shore City,New World Milford,New World Devonport",10,118.6,180,298.6,770.0,88.6,457.68,1227.68,4
Sat_02266,Saturday,"Pak 'n Save Westgate,Pak 'n Save Manukau",11,100.6,198,298.6,770.0,88.6,457.72,1227.72,2
Sat_02267,Saturday,"Pak 'n Save Royal Oak,Four Square Ellerslie,Pak 'n Save Sylvia Park",13,64.7,234,298.7,770.0,88.7,458.08,1228.08,3
Sat_02268,Saturday,"Four Square Hobsonville,Pak 'n Save Albany,New World Browns Bay,Four Square Torbay",10,118.7,180,298.7,770.0,88.7,458.18,1228.18,4
Sat_02269,Saturday,"New World Mt Roskill,Four Square Onehunga,Pak 'n Save Royal Oak,Four Square Ellerslie,New World Remuera,Four Square Eden Terrace",13,64.9,234,298.9,770.0,88.9,459.28,1229.28,6
Sat_02270,Saturday,"Four Square Onehunga,Pak 'n Save Royal Oak,New World Newmarket,New World Remuera,Four Square Eden Terrace",13,65.0,234,299.0,770.0,89.0,459.74,1229.74,5
Sat_02271,Saturday,"Pak 'n Save Mt Albert,New World Mt Albert,New World Newmarket,New World Metro Queen St",13,65.0,234,299.0,770.0,89.0,459.94,1229.94,4
Sat_02272,Saturday,"Four Square Onehunga,Four Square Ellerslie,Four Square Remuera,New World Newmarket,Pak 'n Save Sylvia Park",12,83.1,216,299.1,770.0,89.1,460.16,1230.16,5
Sat_02273,Saturday,"Pak 'n Save Mangere,Pak 'n Save Ormiston",12,83.1,216,299.1,770.0,89.1,460.23,1230.23,2
Sat_02274,Saturday,"New World Howick,Pak 'n Save Albany",9,137.2,162,299.2,770.0,89.2,460.8,1230.8,2
Sat_02275,Saturday,"Pak 'n Save Lincoln Road,New World Howick",10,119.2,180,299.2,770.0,89.2,460.96,1230.96,2
Sat_02276,Saturday,"Pak 'n Save Mangere,New World Papatoetoe,New World Ormiston",12,83.3,216,299.3,770.0,89.3,461.34,1231.34,3
Sat_02277,Saturday,"Pak 'n Save Westgate,New World Hobsonville,New World Albany",11,101.3,198,299.3,770.0,89.3,461.39,1231.39,3
Sat_02278,Saturday,"Pak 'n Save Westgate,Pak 'n Save Highland Park",10,119.3,180,299.3,770.0,89.3,461.44,1231.44,2
Sat_02279,Saturday,"Four Square Onehunga,New World New Lynn,Four Square Glen Eden,Pak 'n Save Henderson",12,83.5,216,299.5,770.0,89.5,462.59,1232.59,4
Sat_02280,Saturday,"Four Square Pakuranga Heights,New World Botany,Pak 'n Save Botany,Four Square Botany Junction",12,83.6,216,299.6,770.0,89.6,462.71,1232.71,4
Sat_02281,Saturday,"New World Mt Albert,Four Square Eden Terrace,New World Metro Queen St,New World Victoria Park,New World Remuera,Four Square Remuera",12,83.6,216,299.6,770.0,89.6,462.79,1232.79,6
Sat_02282,Saturday,"Pak 'n Save Glen Innes,New World Devonport",9,137.6,162,299.6,770.0,89.6,462.84,1232.84,2
Sat_02283,Saturday,"New World Mt Albert,Pak 'n Save Royal Oak,Four Square Onehunga,New World Newmarket",13,65.7,234,299.7,770.0,89.7,463.52,1233.52,4
Sat_02284,Saturday,"Pak 'n Save Albany,New World Albany,New World Browns Bay",11,101.7,198,299.7,770.0,89.7,463.61,1233.6,3
Sat_02285,Saturday,"New World Mt Roskill,New World Mt Albert,Pak 'n Save Royal Oak,New World Remuera",13,65.9,234,299.9,770.0,89.9,464.3,1234.3,4
Sat_02286,Saturday,"Pak 'n Save Sylvia Park,Pak 'n Save Wairau Road",11,101.9,198,299.9,770.0,89.9,464.49,1234.49,2
Sat_02287,Saturday,"Pak 'n Save Manukau,Pak 'n Save Botany",12,83.9,216,299.9,770.0,89.9,464.64,1234.64,2
Sat_02288,Saturday,"Pak 'n Save Lincoln Road,Four Square Hobsonville,New World Albany",11,102.1,198,300.1,770.0,90.1,465.58,1235.58,3
Sat_02289,Saturday,"Pak 'n Save Botany,New World Albany",9,138.2,162,300.2,770.0,90.2,465.79,1235.79,2
Sat_02290,Saturday,"Pak 'n Save Royal Oak,New World Newmarket,New World Remuera,Four Square Remuera,Four Square Eden Terrace",13,66.2,234,300.2,770.0,90.2,466.12,1236.12,5
Sat_02291,Saturday,"Pak 'n Save Ormiston,New World Albany",9,138.3,162,300.3,770.0,90.3,466.31,1236.31,2
Sat_02292,Saturday,"Pak 'n Save Lincoln Road,New World Papakura",10,120.3,180,300.3,770.0,90.3,466.75,1236.75,2
Sat_02293,Saturday,"New World Newmarket,Four Square Pakuranga Heights,Pak 'n Save Glen Innes",11,102.3,198,300.3,770.0,90.3,466.8,1236.8,3
Sat_02294,Saturday,"New World Victoria Park,New World Metro Queen St,New World Birkenhead,New World Milford",11,102.4,198,300.4,770.0,90.4,466.82,1236.82,4
Sat_02295,Saturday,"Four Square Onehunga,New World Green Bay,Four Square Glen Eden,Pak 'n Save Henderson",12,84.4,216,300.4,770.0,90.4,467.11,1237.11,4
Sat_02296,Saturday,"Pak 'n Save Henderson,New World Long Bay",10,120.5,180,300.5,770.0,90.5,467.7,1237.7,2
Sat_02297,Saturday,"Pak 'n Save Clendon,New World Albany",9,138.7,162,300.7,770.0,90.7,468.51,1238.51,2
Sat_02298,Saturday,"New World Stonefields,Pak 'n Save Highland Park,New World Botany",11,102.8,198,300.8,770.0,90.8,469.1,1239.1,3
Sat_02299,Saturday,"Pak 'n Save Wairau Road,New World Milford,New World Albany",11,102.8,198,300.8,770.0,90.8,469.29,1239.29,3
Sat_02300,Saturday,"Four Square Onehunga,Pak 'n Save Royal Oak,Four Square Ellerslie,Four Square Remuera,New World Newmarket,Four Square Eden Terrace",13,67.0,234,301.0,770.0,91.0,469.98,1239.98,6
Sat_02301,Saturday,"Pak 'n Save Mt Albert,Four Square Eden Terrace,New World Metro Queen St,New World Victoria Park,Four Square Ellerslie",12,85.3,216,301.3,770.0,91.3,471.64,1241.64,5
Sat_02302,Saturday,"Four Square Hobsonville,New World Albany,New World Browns Bay,Four Square Torbay,New World Long Bay",10,121.3,180,301.3,770.0,91.3,471.83,1241.83,5
Sat_02303,Saturday,"New World Southmall,New World Ormiston,Pak 'n Save Ormiston",12,85.5,216,301.5,770.0,91.5,472.64,1242.64,3
Sat_02304,Saturday,"Pak 'n Save Manukau,Pak 'n Save Papakura",12,85.5,216,301.5,770.0,91.5,472.85,1242.85,2
Sat_02305,Saturday,"New World Milford,Pak 'n Save Albany,Four Square Torbay",10,121.6,180,301.6,770.0,91.6,473.48,1243.48,3
Sat_02306,Saturday,"Pak 'n Save Lincoln Road,Four Square Fair Price Henderson,Pak 'n Save Westgate",13,67.8,234,301.8,770.0,91.8,474.55,1244.55,3
Sat_02307,Saturday,"Pak 'n Save Manukau,Pak 'n Save Wairau Road",11,103.9,198,301.9,770.0,91.9,474.9,1244.9,2
Sat_02308,Saturday,"Four Square Eden Terrace,New World Newmarket,New World Remuera,Four Square Ellerslie,New World Metro Queen St,New World Victoria Park",12,85.9,216,301.9,770.0,91.9,475.07,1245.07,6
Sat_02309,Saturday,"New World Point Chevalier,Pak 'n Save Lincoln Road,Four Square Fair Price Henderson,Four Square Hobsonville",12,86.0,216,302.0,770.0,92.0,475.21,1245.21,4
Sat_02310,Saturday,"New World Mt Roskill,Pak 'n Save Royal Oak,Pak 'n Save Mangere",14,50.0,252,302.0,770.0,92.0,475.3,1245.3,3
Sat_02311,Saturday,"Four Square Onehunga,Pak 'n Save Royal Oak,New World New Lynn,New World Point Chevalier",13,68.2,234,302.2,770.0,92.2,476.29,1246.29,4
Sat_02312,Saturday,"New World Metro Shore City,New World Milford,New World Browns Bay,New World Devonport",9,140.2,162,302.2,770.0,92.2,476.61,1246.61,4
Sat_02313,Saturday,"Four Square Onehunga,Four Square Ellerslie,New World Stonefields,New World Remuera,Four Square Eden Terrace,New World Eastridge",11,104.3,198,302.3,770.0,92.3,476.64,1246.64,6
Sat_02314,Saturday,"Pak 'n Save Sylvia Park,Pak 'n Save Glen Innes",12,86.3,216,302.3,770.0,92.3,477.07,1247.07,2
Sat_02315,Saturday,"New World Point Chevalier,Pak 'n Save Westgate,New World Albany",11,104.3,198,302.3,770.0,92.3,477.09,1247.09,3
Sat_02316,Saturday,"Four Square Fair Price Henderson,Pak 'n Save Henderson,New World Hobsonville,Four Square Hobsonville",12,86.4,216,302.4,770.0,92.4,477.27,1247.27,4
Sat_02317,Saturday,"Four Square Hobsonville,Pak 'n Save Albany,New World Milford,New World Metro Shore City",11,104.4,198,302.4,770.0,92.4,477.34,1247.34,4
Sat_02318,Saturday,"Pak 'n Save Mt Albert,Four Square Onehunga,Pak 'n Save Royal Oak,Four Square Ellerslie",13,68.4,234,302.4,770.0,92.4,477.36,1247.36,4
Sat_02319,Saturday,"New World Mt Albert,Four Square Eden Terrace,New World Metro Queen St,New World Victoria Park,New World Birkenhead",12,86.4,216,302.4,770.0,92.4,477.44,1247.44,5
Sat_02320,Saturday,"New World Stonefields,Pak 'n Save Highland Park,New World Howick",11,104.5,198,302.5,770.0,92.5,477.69,1247.69,3
Sat_02321,Saturday,"New World Southmall,New World Ormiston,New World Botany,Four Square Pakuranga Heights",11,104.7,198,302.7,770.0,92.7,478.7,1248.7,4
Sat_02322,Saturday,"Pak 'n Save Mt Albert,Four Square Fair Price Henderson,Pak 'n Save Henderson",13,68.7,234,302.7,770.0,92.7,478.85,1248.85,3
Sat_02323,Saturday,"New World Newmarket,New World Eastridge,Pak 'n Save Glen Innes",12,86.7,216,302.7,770.0,92.7,478.91,1248.91,3
Sat_02324,Saturday,"New World Mt Roskill,New World New Lynn,Four Square Eden Terrace,Pak 'n Save Mangere",12,86.8,216,302.8,770.0,92.8,479.53,1249.53,4
Sat_02325,Saturday,"Pak 'n Save Lincoln Road,Pak 'n Save Wairau Road",12,87.0,216,303.0,770.0,93.0,480.44,1250.44,2
Sat_02326,Saturday,"Pak 'n Save Mangere,Pak 'n Save Highland Park",11,105.1,198,303.1,770.0,93.1,481.16,1251.16,2
Sat_02327,Saturday,"Pak 'n Save Manukau,New World Ormiston,New World Southmall",12,87.1,216,303.1,770.0,93.1,481.19,1251.19,3
Sat_02328,Saturday,"Pak 'n Save Manukau,New World Ormiston,New World Botany",12,87.2,216,303.2,770.0,93.2,481.33,1251.33,3
Sat_02329,Saturday,"Four Square Pakuranga Heights,New World Botany,New World Howick,New World Stonefields",11,105.3,198,303.3,770.0,93.3,482.12,1252.12,4
Sat_02330,Saturday,"Pak 'n Save Mangere,Pak 'n Save Papakura",12,87.3,216,303.3,770.0,93.3,482.14,1252.14,2
Sat_02331,Saturday,"New World Metro Shore City,Pak 'n Save Wairau Road,Four Square Lancaster,New World Albany",10,123.3,180,303.3,770.0,93.3,482.22,1252.22,4
Sat_02332,Saturday,"New World Mt Roskill,New World Green Bay,Four Square Glen Eden,Pak 'n Save Lincoln Road",13,69.3,234,303.3,770.0,93.3,482.27,1252.27,4
Sat_02333,Saturday,"Four Square Pakuranga Heights,Four Square Botany Junction,New World Ormiston,Pak 'n Save Ormiston",12,87.4,216,303.4,770.0,93.4,482.53,1252.53,4
Sat_02334,Saturday,"New World Remuera,Four Square Remuera,New World Stonefields,Pak 'n Save Glen Innes",12,87.5,216,303.5,770.0,93.5,483.16,1253.16,4
Sat_02335,Saturday,"New World Metro Queen St,New World Remuera,Pak 'n Save Sylvia Park,Four Square St Heliers",11,105.9,198,303.9,770.0,93.9,484.94,1254.94,4
Sat_02336,Saturday,"New World Ormiston,Pak 'n Save Ormiston,New World Botany",12,87.9,216,303.9,770.0,93.9,484.98,1254.98,3
Sat_02337,Saturday,"New World Metro Shore City,Pak 'n Save Albany,New World Browns Bay,Four Square Torbay",10,124.0,180,304.0,770.0,94.0,485.75,1255.75,4
Sat_02338,Saturday,"New World Milford,New World Albany,New World Long Bay,Four Square Torbay",10,124.0,180,304.0,770.0,94.0,485.85,1255.85,4
Sat_02339,Saturday,"Pak 'n Save Botany,New World Devonport",9,142.1,162,304.1,770.0,94.1,485.94,1255.94,2
Sat_02340,Saturday,"Pak 'n Save Ormiston,New World Devonport",9,142.2,162,304.2,770.0,94.2,486.46,1256.46,2
Sat_02341,Saturday,"Pak 'n Save Henderson,New World Devonport",10,124.2,180,304.2,770.0,94.2,486.66,1256.66,2
Sat_02342,Saturday,"New World Point Chevalier,Four Square Eden Terrace,New World Newmarket,Four Square Ellerslie,Four Square Remuera,New World Victoria Park",12,88.3,216,304.3,770.0,94.3,487.07,1257.07,6
Sat_02343,Saturday,"Pak 'n Save Mt Albert,Four Square Glen Eden,Pak 'n Save Lincoln Road",13,70.4,234,304.4,770.0,94.4,487.69,1257.69,3
Sat_02344,Saturday,"Pak 'n Save Mt Albert,New World Mt Albert,New World Point Chevalier,New World New Lynn",14,52.4,252,304.4,770.0,94.4,487.87,1257.87,4
Sat_02345,Saturday,"Pak 'n Save Royal Oak,Pak 'n Save Papakura",12,88.5,216,304.5,770.0,94.5,488.27,1258.27,2
Sat_02346,Saturday,"Four Square Onehunga,Four Square Remuera,New World Eastridge,Pak 'n Save Glen Innes,Four Square Eden Terrace",12,88.5,216,304.5,770.0,94.5,488.47,1258.47,5
Sat_02347,Saturday,"Pak 'n Save Clendon,New World Devonport",9,142.6,162,304.6,770.0,94.6,488.66,1258.66,2
Sat_02348,Saturday,"New World New Lynn,New World Green Bay,Pak 'n Save Henderson",13,70.6,234,304.6,770.0,94.6,488.72,1258.72,3
Sat_02349,Saturday,"New World New Lynn,Pak 'n Save Henderson,Four Square Fair Price Henderson,Four Square Hobsonville",12,88.8,216,304.8,770.0,94.8,489.61,1259.61,4
Sat_02350,Saturday,"Four Square Onehunga,Pak 'n Save Sylvia Park,Four Square Pakuranga Heights,New World Papatoetoe",12,88.8,216,304.8,770.0,94.8,489.69,1259.69,4
Sat_02351,Saturday,"Pak 'n Save Mt Albert,New World Mt Albert,Four Square Eden Terrace,New World Newmarket,Four Square Remuera",13,70.9,234,304.9,770.0,94.9,490.57,1260.57,5
Sat_02352,Saturday,"New World Ormiston,New World Botany,Pak 'n Save Botany",12,89.0,216,305.0,770.0,95.0,490.58,1260.58,3
Sat_02353,Saturday,"New World Hobsonville,Four Square Hobsonville,New World Albany,New World Milford,New World Metro Shore City",11,107.0,198,305.0,770.0,95.0,490.68,1260.68,5
Sat_02354,Saturday,"New World Point Chevalier,Four Square Eden Terrace,New World Newmarket,New World Remuera,Four Square Ellerslie,New World Metro Queen St",12,89.0,216,305.0,770.0,95.0,490.82,1260.82,6
Sat_02355,Saturday,"Four Square Glen Eden,Pak 'n Save Henderson,Four Square Fair Price Henderson,New World Hobsonville",12,89.0,216,305.0,770.0,95.0,490.87,1260.87,4
Sat_02356,Saturday,"New World Mt Albert,Pak 'n Save Royal Oak,Four Square Ellerslie,New World Newmarket",13,71.1,234,305.1,770.0,95.1,491.12,1261.12,4
Sat_02357,Saturday,"New World Mt Roskill,Pak 'n Save Mt Albert,New World Mt Albert,New World Point Chevalier,Four Square Eden Terrace",14,53.2,252,305.2,770.0,95.2,491.78,1261.78,5
Sat_02358,Saturday,"Pak 'n Save Mt Albert,New World New Lynn,Pak 'n Save Royal Oak",14,53.2,252,305.2,770.0,95.2,492.06,1262.06,3
Sat_02359,Saturday,"Pak 'n Save Clendon,Pak 'n Save Papakura",12,89.3,216,305.3,770.0,95.3,492.2,1262.2,2
Sat_02360,Saturday,"Pak 'n Save Ormiston,Pak 'n Save Botany",12,89.3,216,305.3,770.0,95.3,492.34,1262.34,2
Sat_02361,Saturday,"New World Stonefields,Pak 'n Save Highland Park,New World Ormiston",11,107.3,198,305.3,770.0,95.3,492.63,1262.63,3
Sat_02362,Saturday,"New World Newmarket,New World Remuera,Four Square Ellerslie,New World Stonefields,New World Eastridge",12,89.4,216,305.4,770.0,95.4,492.65,1262.65,5
Sat_02363,Saturday,"Pak 'n Save Mt Albert,New World Mt Albert,New World New Lynn,New World Green Bay",14,53.4,252,305.4,770.0,95.4,492.83,1262.83,4
Sat_02364,Saturday,"New World Howick,Pak 'n Save Botany,New World Botany",12,89.4,216,305.4,770.0,95.4,493.05,1263.05,3
Sat_02365,Saturday,"Pak 'n Save Westgate,Pak 'n Save Clendon",11,107.5,198,305.5,770.0,95.5,493.38,1263.38,2
Sat_02366,Saturday,"New World Mt Albert,New World Point Chevalier,Four Square Fair Price Henderson,New World Hobsonville,Four Square Glen Eden",11,107.5,198,305.5,770.0,95.5,493.56,1263.56,5
Sat_02367,Saturday,"New World Hobsonville,Pak 'n Save Albany,New World Browns Bay",11,107.6,198,305.6,770.0,95.6,493.72,1263.72,3
Sat_02368,Saturday,"New World Hobsonville,Four Square Hobsonville,Pak 'n Save Wairau Road,Four Square Torbay",10,125.6,180,305.6,770.0,95.6,493.79,1263.79,4
Sat_02369,Saturday,"New World Southmall,Pak 'n Save Papakura,New World Papakura",12,89.6,216,305.6,770.0,95.6,493.92,1263.92,3
Sat_02370,Saturday,"Four Square Hobsonville,New World Albany,New World Browns Bay,Four Square Torbay,New World Milford",10,125.6,180,305.6,770.0,95.6,493.97,1263.97,5
Sat_02371,Saturday,"New World Hobsonville,New World Browns Bay,Four Square Torbay,New World Long Bay,New World Metro Shore City",10,125.7,180,305.7,770.0,95.7,494.31,1264.31,5
Sat_02372,Saturday,"New World Metro Shore City,New World Milford,New World Albany,New World Browns Bay,Four Square Torbay",10,125.7,180,305.7,770.0,95.7,494.58,1264.58,5
Sat_02373,Saturday,"Pak 'n Save Royal Oak,Pak 'n Save Henderson",13,71.8,234,305.8,770.0,95.8,494.98,1264.98,2
Sat_02374,Saturday,"New World Papatoetoe,New World Southmall,Pak 'n Save Sylvia Park",12,89.9,216,305.9,770.0,95.9,495.33,1265.33,3
Sat_02375,Saturday,"Pak 'n Save Clendon,Pak 'n Save Ormiston",12,90.1,216,306.1,770.0,96.1,496.45,1266.45,2
Sat_02376,Saturday,"New World Papatoetoe,New World Southmall,Pak 'n Save Papakura",12,90.3,216,306.3,770.0,96.3,497.7,1267.7,3
Sat_02377,Saturday,"Pak 'n Save Papakura,New World Albany",9,144.7,162,306.7,770.0,96.7,499.66,1269.66,2
Sat_02378,Saturday,"Pak 'n Save Royal Oak,New World New Lynn,New World Green Bay,Four Square Glen Eden",13,72.7,234,306.7,770.0,96.7,499.66,1269.66,4
Sat_02379,Saturday,"New World Metro Shore City,New World Devonport,Pak 'n Save Albany",10,126.8,180,306.8,770.0,96.8,500.22,1270.22,3
Sat_02380,Saturday,"New World Papatoetoe,New World Southmall,Pak 'n Save Ormiston",12,90.9,216,306.9,770.0,96.9,500.44,1270.44,3
Sat_02381,Saturday,"Pak 'n Save Mt Albert,New World Point Chevalier,New World New Lynn,New World Green Bay",14,55.0,252,307.0,770.0,97.0,501.39,1271.39,4
Sat_02382,Saturday,"New World Mt Albert,New World Point Chevalier,New World New Lynn,New World Green Bay,Four Square Glen Eden",13,73.1,234,307.1,770.0,97.1,501.82,1271.82,5
Sat_02383,Saturday,"Pak 'n Save Sylvia Park,Pak 'n Save Ormiston",12,91.2,216,307.2,770.0,97.2,502.02,1272.02,2
Sat_02384,Saturday,"New World Newmarket,New World Remuera,Pak 'n Save Glen Innes,Four Square St Heliers",12,91.2,216,307.2,770.0,97.2,502.24,1272.24,4
Sat_02385,Saturday,"Four Square Hobsonville,Pak 'n Save Wairau Road,New World Long Bay,Four Square Torbay",10,127.3,180,307.3,770.0,97.3,502.95,1272.95,4
Sat_02386,Saturday,"New World Remuera,New World Stonefields,Pak 'n Save Glen Innes,Four Square St Heliers",12,91.5,216,307.5,770.0,97.5,503.61,1273.61,4
Sat_02387,Saturday,"New World Hobsonville,New World Albany,New World Browns Bay,Four Square Torbay,New World Metro Shore City",10,127.6,180,307.6,770.0,97.6,504.28,1274.28,5
Sat_02388,Saturday,"New World Newmarket,New World Birkenhead,Four Square Lancaster,New World Milford,New World Metro Shore City",11,109.7,198,307.7,770.0,97.7,504.59,1274.59,5
Sat_02389,Saturday,"Pak 'n Save Henderson,New World Howick",10,127.7,180,307.7,770.0,97.7,504.8,1274.8,2
Sat_02390,Saturday,"New World Papatoetoe,Four Square Botany Junction,New World Southmall,New World Howick",10,127.7,180,307.7,770.0,97.7,504.85,1274.85,4
Sat_02391,Saturday,"Pak 'n Save Mangere,Pak 'n Save Botany",12,91.7,216,307.7,770.0,97.7,505.02,1275.02,2
Sat_02392,Saturday,"New World Papakura,Pak 'n Save Albany",9,145.9,162,307.9,770.0,97.9,505.64,1275.64,2
Sat_02393,Saturday,"New World Newmarket,New World Birkenhead,New World Metro Shore City,New World Albany",10,128.0,180,308.0,770.0,98.0,506.35,1276.35,4
Sat_02394,Saturday,"Pak 'n Save Clendon,Pak 'n Save Highland Park",11,110.1,198,308.1,770.0,98.1,506.77,1276.77,2
Sat_02395,Saturday,"Pak 'n Save Clendon,Pak 'n Save Sylvia Park",12,92.1,216,308.1,770.0,98.1,506.77,1276.77,2
Sat_02396,Saturday,"New World Mt Roskill,Pak 'n Save Royal Oak,New World New Lynn,New World Green Bay",14,56.1,252,308.1,770.0,98.1,506.8,1276.8,4
Sat_02397,Saturday,"Pak 'n Save Mt Albert,New World Mt Albert,New World Point Chevalier,New World Green Bay",14,56.2,252,308.2,770.0,98.2,507.16,1277.16,4
Sat_02398,Saturday,"Four Square Eden Terrace,New World Remuera,New World Eastridge,Pak 'n Save Glen Innes",12,92.2,216,308.2,770.0,98.2,507.59,1277.59,4
Sat_02399,Saturday,"Four Square Hobsonville,New World Albany,New World Browns Bay,Pak 'n Save Wairau Road",11,110.4,198,308.4,770.0,98.4,508.24,1278.24,4
Sat_02400,Saturday,"New World Mt Roskill,Pak 'n Save Mt Albert,New World Mt Albert,New World Point Chevalier,Four Square Onehunga",14,56.4,252,308.4,770.0,98.4,508.36,1278.36,5
Sat_02401,Saturday,"Four Square Fair Price Henderson,Four Square Hobsonville,Pak 'n Save Albany,New World Albany",11,110.5,198,308.5,770.0,98.5,508.66,1278.66,4
Sat_02402,Saturday,"New World Mt Roskill,New World Mt Albert,New World Point Chevalier,New World New Lynn,New World Green Bay",14,56.5,252,308.5,770.0,98.5,508.96,1278.96,5
Sat_02403,Saturday,"New World Mt Albert,Pak 'n Save Lincoln Road,New World Hobsonville",13,74.5,234,308.5,770.0,98.5,509.1,1279.1,3
Sat_02404,Saturday,"New World Newmarket,New World Remuera,New World Stonefields,Four Square St Heliers,New World Eastridge",12,92.6,216,308.6,770.0,98.6,509.26,1279.26,5
Sat_02405,Saturday,"Pak 'n Save Sylvia Park,Pak 'n Save Botany",12,92.7,216,308.7,770.0,98.7,510.05,1280.05,2
Sat_02406,Saturday,"New World Victoria Park,Pak 'n Save Wairau Road,New World Devonport",11,110.8,198,308.8,770.0,98.8,510.36,1280.36,3
Sat_02407,Saturday,"Pak 'n Save Henderson,New World Papakura",10,128.8,180,308.8,770.0,98.8,510.59,1280.59,2
Sat_02408,Saturday,"New World Milford,Pak 'n Save Albany,New World Browns Bay",11,110.9,198,308.9,770.0,98.9,511.05,1281.05,3
Sat_02409,Saturday,"New World Papatoetoe,Pak 'n Save Papakura,New World Papakura",12,92.9,216,308.9,770.0,98.9,511.15,1281.15,3
Sat_02410,Saturday,"New World Newmarket,New World Remuera,Four Square Remuera,Four Square Ellerslie,New World Eastridge,New World Metro Queen St",12,93.0,216,309.0,770.0,99.0,511.38,1281.38,6
Sat_02411,Saturday,"Four Square Eden Terrace,New World Newmarket,Four Square Ellerslie,Four Square Remuera,Pak 'n Save Glen Innes",12,93.0,216,309.0,770.0,99.0,511.45,1281.45,5
Sat_02412,Saturday,"Pak 'n Save Glen Innes,New World Long Bay",9,147.0,162,309.0,770.0,99.0,511.63,1281.63,2
Sat_02413,Saturday,"Pak 'n Save Mangere,Pak 'n Save Lincoln Road",13,75.1,234,309.1,770.0,99.1,511.93,1281.93,2
Sat_02414,Saturday,"New World Birkenhead,Pak 'n Save Wairau Road,New World Milford,New World Metro Shore City",12,93.2,216,309.2,770.0,99.2,512.29,1282.29,4
Sat_02415,Saturday,"Pak 'n Save Manukau,Pak 'n Save Glen Innes",12,93.2,216,309.2,770.0,99.2,512.3,1282.3,2
Sat_02416,Saturday,"Pak 'n Save Westgate,Pak 'n Save Glen Innes",11,111.2,198,309.2,770.0,99.2,512.76,1282.76,2
Sat_02417,Saturday,"New World Metro Shore City,New World Milford,Pak 'n Save Wairau Road,New World Browns Bay",11,111.5,198,309.5,770.0,99.5,514.15,1284.15,4
Sat_02418,Saturday,"Pak 'n Save Royal Oak,Pak 'n Save Albany",12,93.9,216,309.9,770.0,99.9,516.29,1286.29,2
Sat_02419,Saturday,"Pak 'n Save Mt Albert,New World Green Bay,Pak 'n Save Royal Oak",14,58.0,252,310.0,770.0,100.0,516.65,1286.65,3
Sat_02420,Saturday,"New World Remuera,Four Square Ellerslie,Pak 'n Save Sylvia Park,New World Eastridge",12,94.3,216,310.3,770.0,100.3,518.02,1288.02,4
Sat_02421,Saturday,"Pak 'n Save Highland Park,Pak 'n Save Papakura",11,112.4,198,310.4,770.0,100.4,518.56,1288.56,2
Sat_02422,Saturday,"Pak 'n Save Manukau,Four Square Botany Junction,Pak 'n Save Ormiston",13,76.6,234,310.6,770.0,100.6,519.6,1289.6,3
Sat_02423,Saturday,"Pak 'n Save Papakura,New World Devonport",9,148.6,162,310.6,770.0,100.6,519.8,1289.8,2
Sat_02424,Saturday,"New World Point Chevalier,Four Square Eden Terrace,New World Metro Queen St,New World Victoria Park,New World Remuera,Four Square Ellerslie",12,94.7,216,310.7,770.0,100.7,520.09,1290.09,6
Sat_02425,Saturday,"Pak 'n Save Mt Albert,Four Square Eden Terrace,New World Newmarket,New World Remuera,New World Metro Queen St",13,76.8,234,310.8,770.0,100.8,520.72,1290.72,5
Sat_02426,Saturday,"Pak 'n Save Mt Albert,New World Mt Albert,New World Point Chevalier,New World Newmarket",14,58.8,252,310.8,770.0,100.8,520.81,1290.81,4
Sat_02427,Saturday,"Four Square Glen Eden,Pak 'n Save Lincoln Road,Pak 'n Save Westgate",13,77.0,234,311.0,770.0,101.0,521.7,1291.7,3
Sat_02428,Saturday,"New World Mt Roskill,Pak 'n Save Mt Albert,New World New Lynn,New World Green Bay,Four Square Glen Eden",14,59.2,252,311.2,770.0,101.2,522.82,1292.82,5
Sat_02429,Saturday,"New World Metro Shore City,Pak 'n Save Wairau Road,New World Albany,New World Browns Bay",11,113.2,198,311.2,770.0,101.2,522.96,1292.96,4
Sat_02430,Saturday,"Pak 'n Save Mt Albert,Four Square Onehunga,Four Square Ellerslie,Pak 'n Save Sylvia Park",13,77.3,234,311.3,770.0,101.3,523.52,1293.52,4
Sat_02431,Saturday,"New World Mt Roskill,Pak 'n Save Mt Albert,Four Square Onehunga,Pak 'n Save Mangere",14,59.4,252,311.4,770.0,101.4,523.73,1293.73,4
Sat_02432,Saturday,"New World Victoria Park,New World Birkenhead,Pak 'n Save Wairau Road,New World Metro Shore City",12,95.5,216,311.5,770.0,101.5,524.36,1294.36,4
Sat_02433,Saturday,"Four Square Fair Price Henderson,Pak 'n Save Henderson,Pak 'n Save Westgate",13,77.5,234,311.5,770.0,101.5,524.37,1294.37,3
Sat_02434,Saturday,"Pak 'n Save Henderson,Four Square Hobsonville,New World Albany",11,113.6,198,311.6,770.0,101.6,524.76,1294.76,3
Sat_02435,Saturday,"Pak 'n Save Mt Albert,New World Victoria Park,New World Metro Queen St,New World Remuera,Four Square Remuera",13,77.6,234,311.6,770.0,101.6,524.95,1294.95,5
Sat_02436,Saturday,"Pak 'n Save Lincoln Road,Pak 'n Save Henderson",14,59.7,252,311.7,770.0,101.7,525.45,1295.45,2
Sat_02437,Saturday,"Pak 'n Save Manukau,Four Square Botany Junction,New World Ormiston,Four Square Pakuranga Heights",12,95.7,216,311.7,770.0,101.7,525.68,1295.68,4
Sat_02438,Saturday,"New World Mt Albert,New World Point Chevalier,New World Victoria Park,New World Metro Queen St,New World Remuera",13,77.8,234,311.8,770.0,101.8,526.05,1296.05,5
Sat_02439,Saturday,"Pak 'n Save Wairau Road,New World Albany,New World Long Bay",11,113.8,198,311.8,770.0,101.8,526.21,1296.21,3
Sat_02440,Saturday,"New World Papatoetoe,Pak 'n Save Sylvia Park,New World Ormiston",12,96.0,216,312.0,770.0,102.0,527.08,1297.08,3
Sat_02441,Saturday,"Four Square Pakuranga Heights,New World Botany,New World Ormiston,New World Howick",11,114.0,198,312.0,770.0,102.0,527.09,1297.09,4
Sat_02442,Saturday,"Pak 'n Save Manukau,Pak 'n Save Sylvia Park,Four Square Ellerslie",13,78.0,234,312.0,770.0,102.0,527.21,1297.21,3
Sat_02443,Saturday,"Four Square Ellerslie,Four Square Remuera,Pak 'n Save Glen Innes,Four Square St Heliers,Four Square Pakuranga Heights",11,114.0,198,312.0,770.0,102.0,527.22,1297.22,5
Sat_02444,Saturday,"Pak 'n Save Mt Albert,New World Newmarket,New World Remuera,Four Square Remuera,New World Metro Queen St",13,78.0,234,312.0,770.0,102.0,527.23,1297.23,5
Sat_02445,Saturday,"New World Birkenhead,Four Square Lancaster,Pak 'n Save Wairau Road,New World Milford",12,96.1,216,312.1,770.0,102.1,527.59,1297.59,4
Sat_02446,Saturday,"Pak 'n Save Royal Oak,Four Square Remuera,Pak 'n Save Glen Innes",13,78.1,234,312.1,770.0,102.1,527.67,1297.67,3
Sat_02447,Saturday,"New World Point Chevalier,Pak 'n Save Lincoln Road,New World Hobsonville",13,78.2,234,312.2,770.0,102.2,527.87,1297.87,3
Sat_02448,Saturday,"New World Mt Roskill,Pak 'n Save Mt Albert,New World Point Chevalier,Four Square Eden Terrace,New World Victoria Park",14,60.3,252,312.3,770.0,102.3,528.43,1298.43,5
Sat_02449,Saturday,"New World Mt Albert,Four Square Eden Terrace,New World Newmarket,New World Victoria Park,New World New Lynn",13,78.4,234,312.4,770.0,102.4,529.09,1299.09,5
Sat_02450,Saturday,"Pak 'n Save Mangere,Pak 'n Save Manukau,Four Square Botany Junction",13,78.4,234,312.4,770.0,102.4,529.3,1299.3,3
Sat_02451,Saturday,"Pak 'n Save Mt Albert,New World Point Chevalier,Four Square Eden Terrace,Four Square Onehunga,New World New Lynn",13,78.5,234,312.5,770.0,102.5,529.52,1299.52,5
Sat_02452,Saturday,"Pak 'n Save Albany,New World Browns Bay,New World Long Bay",11,114.5,198,312.5,770.0,102.5,529.57,1299.57,3
Sat_02453,Saturday,"Pak 'n Save Sylvia Park,New World Botany,New World Ormiston",12,96.5,216,312.5,770.0,102.5,529.62,1299.62,3
Sat_02454,Saturday,"Four Square Botany Junction,Pak 'n Save Botany,Pak 'n Save Highland Park",12,96.5,216,312.5,770.0,102.5,529.71,1299.71,3
Sat_02455,Saturday,"Four Square Eden Terrace,Four Square Ellerslie,Four Square Remuera,New World Eastridge,Pak 'n Save Glen Innes",12,96.5,216,312.5,770.0,102.5,529.82,1299.82,5
Sat_02456,Saturday,"New World Mt Albert,New World Point Chevalier,Four Square Eden Terrace,New World Newmarket,New World Remuera,Four Square Ellerslie",13,78.6,234,312.6,770.0,102.6,529.94,1299.94,6
Sat_02457,Saturday,"New World Mt Roskill,New World Mt Albert,Pak 'n Save Royal Oak,New World Newmarket",14,60.8,252,312.8,770.0,102.8,530.97,1300.97,4
Sat_02458,Saturday,"New World Point Chevalier,New World Newmarket,New World Metro Queen St,New World Victoria Park,New World Metro Shore City",12,97.0,216,313.0,770.0,103.0,531.95,1301.95,5
Sat_02459,Saturday,"New World Papatoetoe,Four Square Botany Junction,New World Ormiston,Pak 'n Save Ormiston",13,79.0,234,313.0,770.0,103.0,532.3,1302.3,4
Sat_02460,Saturday,"New World Hobsonville,New World Milford,New World Long Bay,Four Square Torbay",10,133.1,180,313.1,770.0,103.1,532.89,1302.89,4
Sat_02461,Saturday,"New World Point Chevalier,New World Victoria Park,Pak 'n Save Lincoln Road",13,79.2,234,313.2,770.0,103.2,533.21,1303.21,3
Sat_02462,Saturday,"New World Papatoetoe,Pak 'n Save Manukau,Four Square Botany Junction,New World Ormiston",13,79.3,234,313.3,770.0,103.3,533.6,1303.6,4
Sat_02463,Saturday,"New World Mt Roskill,Pak 'n Save Mt Albert,New World Mt Albert,Four Square Eden Terrace,New World New Lynn",14,61.3,252,313.3,770.0,103.3,533.65,1303.65,5
Sat_02464,Saturday,"Pak 'n Save Mt Albert,New World Victoria Park,New World Newmarket,New World Metro Shore City",12,97.4,216,313.4,770.0,103.4,534.44,1304.44,4
Sat_02465,Saturday,"Pak 'n Save Botany,New World Long Bay",9,151.5,162,313.5,770.0,103.5,534.73,1304.73,2
Sat_02466,Saturday,"Four Square Pakuranga Heights,Pak 'n Save Glen Innes,Four Square St Heliers,New World Eastridge",12,97.6,216,313.6,770.0,103.6,535.16,1305.16,4
Sat_02467,Saturday,"Pak 'n Save Ormiston,New World Long Bay",9,151.6,162,313.6,770.0,103.6,535.25,1305.25,2
Sat_02468,Saturday,"New World Southmall,Pak 'n Save Ormiston,New World Botany",12,97.7,216,313.7,770.0,103.7,535.87,1305.87,3
Sat_02469,Saturday,"New World Newmarket,New World Remuera,Pak 'n Save Sylvia Park,Four Square St Heliers",12,97.8,216,313.8,770.0,103.8,536.23,1306.23,4
Sat_02470,Saturday,"Four Square Hobsonville,Pak 'n Save Albany,Pak 'n Save Wairau Road",12,97.8,216,313.8,770.0,103.8,536.25,1306.25,3
Sat_02471,Saturday,"New World Mt Roskill,Pak 'n Save Royal Oak,Pak 'n Save Sylvia Park",14,61.9,252,313.9,770.0,103.9,536.58,1306.58,3
Sat_02472,Saturday,"New World Hobsonville,Pak 'n Save Albany,New World Albany",12,97.9,216,313.9,770.0,103.9,537.01,1307.01,3
Sat_02473,Saturday,"New World Metro Shore City,New World Milford,New World Albany,New World Devonport",10,134.0,180,314.0,770.0,104.0,537.23,1307.23,4
Sat_02474,Saturday,"Pak 'n Save Clendon,New World Long Bay",9,152.0,162,314.0,770.0,104.0,537.45,1307.45,2
Sat_02475,Saturday,"New World Remuera,Four Square Ellerslie,New World Eastridge,Pak 'n Save Glen Innes",12,98.0,216,314.0,770.0,104.0,537.51,1307.51,4
Sat_02476,Saturday,"New World Mt Roskill,Four Square Onehunga,Pak 'n Save Royal Oak,New World Newmarket,New World Remuera",14,62.1,252,314.1,770.0,104.1,537.6,1307.6,5
Sat_02477,Saturday,"Pak 'n Save Mt Albert,New World Mt Albert,Four Square Eden Terrace,New World Metro Queen St,New World Victoria Park",14,62.1,252,314.1,770.0,104.1,537.69,1307.69,5
Sat_02478,Saturday,"Four Square Onehunga,Pak 'n Save Mangere,Pak 'n Save Clendon",13,80.1,234,314.1,770.0,104.1,537.76,1307.76,3
Sat_02479,Saturday,"Pak 'n Save Wairau Road,Pak 'n Save Glen Innes",11,116.1,198,314.1,770.0,104.1,537.78,1307.78,2
Sat_02480,Saturday,"Four Square Pakuranga Heights,New World Botany,Four Square Botany Junction,Pak 'n Save Sylvia Park",12,98.2,216,314.2,770.0,104.2,538.18,1308.18,4
Sat_02481,Saturday,"Pak 'n Save Wairau Road,New World Milford,New World Long Bay",11,116.2,198,314.2,770.0,104.2,538.23,1308.23,3
Sat_02482,Saturday,"New World Green Bay,New World Point Chevalier,Pak 'n Save Henderson",13,80.2,234,314.2,770.0,104.2,538.43,1308.43,3
Sat_02483,Saturday,"Pak 'n Save Westgate,Pak 'n Save Ormiston",11,116.3,198,314.3,770.0,104.3,538.72,1308.72,2
Sat_02484,Saturday,"New World Mt Albert,New World Victoria Park,New World Metro Queen St,Pak 'n Save Royal Oak",14,62.4,252,314.4,770.0,104.4,539.24,1309.24,4
Sat_02485,Saturday,"Pak 'n Save Henderson,Pak 'n Save Wairau Road",12,98.4,216,314.4,770.0,104.4,539.61,1309.61,2
Sat_02486,Saturday,"New World New Lynn,New World Point Chevalier,Four Square Eden Terrace,New World Newmarket,New World Victoria Park",13,80.5,234,314.5,770.0,104.5,539.76,1309.76,5
Sat_02487,Saturday,"New World Point Chevalier,New World Newmarket,New World Remuera,New World Metro Queen St,New World Victoria Park",13,80.5,234,314.5,770.0,104.5,539.95,1309.95,5
Sat_02488,Saturday,"New World Papatoetoe,Four Square Botany Junction,Pak 'n Save Ormiston,Four Square Pakuranga Heights",12,98.5,216,314.5,770.0,104.5,540.13,1310.13,4
Sat_02489,Saturday,"Pak 'n Save Manukau,New World Botany,New World Howick",12,98.6,216,314.6,770.0,104.6,540.23,1310.23,3
Sat_02490,Saturday,"Pak 'n Save Mangere,Pak 'n Save Glen Innes",12,98.6,216,314.6,770.0,104.6,540.37,1310.37,2
Sat_02491,Saturday,"New World Southmall,New World Ormiston,Pak 'n Save Botany",12,98.8,216,314.8,770.0,104.8,541.48,1311.48,3
Sat_02492,Saturday,"New World Birkenhead,Pak 'n Save Wairau Road,New World Devonport",11,116.9,198,314.9,770.0,104.9,541.89,1311.89,3
Sat_02493,Saturday,"Pak 'n Save Wairau Road,New World Albany,New World Browns Bay,Four Square Torbay",11,116.9,198,314.9,770.0,104.9,542.06,1312.06,4
Sat_02494,Saturday,"Four Square Onehunga,Pak 'n Save Sylvia Park,Pak 'n Save Glen Innes",13,81.0,234,315.0,770.0,105.0,542.53,1312.53,3
Sat_02495,Saturday,"Pak 'n Save Sylvia Park,Pak 'n Save Papakura",12,99.1,216,315.1,770.0,105.1,542.95,1312.95,2
Sat_02496,Saturday,"New World Victoria Park,New World Birkenhead,Four Square Lancaster,New World Milford,Four Square Hobsonville",11,117.3,198,315.3,770.0,105.3,543.83,1313.83,5
Sat_02497,Saturday,"Pak 'n Save Clendon,Pak 'n Save Botany",12,99.3,216,315.3,770.0,105.3,543.9,1313.9,2
Sat_02498,Saturday,"Pak 'n Save Westgate,Pak 'n Save Botany",11,117.3,198,315.3,770.0,105.3,544.24,1314.24,2
Sat_02499,Saturday,"Four Square Hobsonville,New World Milford,New World Browns Bay,Four Square Torbay,New World Long Bay",10,135.6,180,315.6,770.0,105.6,545.36,1315.36,5
Sat_02500,Saturday,"Pak 'n Save Mt Albert,New World Mt Albert,Four Square Fair Price Henderson,Four Square Glen Eden,Four Square Hobsonville",11,117.7,198,315.7,770.0,105.7,545.98,1315.98,5
Sat_02501,Saturday,"Pak 'n Save Mt Albert,New World Point Chevalier,Four Square Eden Terrace,New World Metro Queen St,New World Victoria Park",14,63.7,252,315.7,770.0,105.7,546.28,1316.28,5
Sat_02502,Saturday,"Pak 'n Save Ormiston,Pak 'n Save Papakura",12,99.8,216,315.8,770.0,105.8,546.74,1316.74,2
Sat_02503,Saturday,"New World Mt Roskill,New World Mt Albert,New World Point Chevalier,Four Square Eden Terrace,Four Square Onehunga,New World Green Bay",13,81.8,234,315.8,770.0,105.8,546.81,1316.81,6
Sat_02504,Saturday,"New World Metro Queen St,New World Birkenhead,Four Square Lancaster,New World Metro Shore City,New World Albany",10,135.9,180,315.9,770.0,105.9,546.99,1316.99,5
Sat_02505,Saturday,"Pak 'n Save Royal Oak,New World New Lynn,Four Square Glen Eden,New World Point Chevalier",13,81.9,234,315.9,770.0,105.9,547.34,1317.34,4
Sat_02506,Saturday,"New World Mt Roskill,Four Square Onehunga,Pak 'n Save Royal Oak,Four Square Ellerslie,Four Square Remuera,New World Newmarket",14,64.0,252,316.0,770.0,106.0,547.84,1317.84,6
Sat_02507,Saturday,"Four Square Pakuranga Heights,New World Howick,Four Square Botany Junction,Pak 'n Save Ormiston",12,100.2,216,316.2,770.0,106.2,548.53,1318.53,4
Sat_02508,Saturday,"Four Square Botany Junction,New World Botany,New World Howick,Pak 'n Save Highland Park",12,100.2,216,316.2,770.0,106.2,548.73,1318.73,4
Sat_02509,Saturday,"Pak 'n Save Mt Albert,New World Newmarket,New World Remuera,Four Square Ellerslie,New World Metro Queen St",13,82.2,234,316.2,770.0,106.2,548.92,1318.92,5
Sat_02510,Saturday,"Pak 'n Save Mt Albert,New World New Lynn,New World Green Bay,Four Square Glen Eden,Four Square Fair Price Henderson",13,82.4,234,316.4,770.0,106.4,549.6,1319.6,5
Sat_02511,Saturday,"New World Newmarket,New World Remuera,Four Square Ellerslie,New World Stonefields,Four Square St Heliers,New World Metro Queen St",12,100.4,216,316.4,770.0,106.4,549.62,1319.62,6
Sat_02512,Saturday,"Pak 'n Save Mt Albert,Four Square Eden Terrace,New World Metro Queen St,New World Victoria Park,New World Remuera",13,82.4,234,316.4,770.0,106.4,549.99,1319.99,5
Sat_02513,Saturday,"Pak 'n Save Mt Albert,New World Mt Albert,New World Point Chevalier,Four Square Eden Terrace,Four Square Glen Eden",13,82.5,234,316.5,770.0,106.5,550.17,1320.17,5
Sat_02514,Saturday,"Four Square Lancaster,Pak 'n Save Albany,New World Devonport",10,136.5,180,316.5,770.0,106.5,550.23,1320.23,3
Sat_02515,Saturday,"New World Mt Roskill,Pak 'n Save Mt Albert,New World Mt Albert,New World New Lynn,Four Square Onehunga",14,64.6,252,316.6,770.0,106.6,550.75,1320.75,5
Sat_02516,Saturday,"Four Square Hobsonville,Pak 'n Save Albany,New World Albany,Four Square Torbay",11,118.6,198,316.6,770.0,106.6,550.89,1320.89,4
Sat_02517,Saturday,"New World Metro Shore City,Pak 'n Save Wairau Road,Pak 'n Save Albany",12,100.6,216,316.6,770.0,106.6,550.96,1320.96,3
Sat_02518,Saturday,"Four Square Onehunga,Pak 'n Save Royal Oak,Four Square Ellerslie,Four Square Remuera,New World Remuera,New World Newmarket",14,64.7,252,316.7,770.0,106.7,551.18,1321.18,6
Sat_02519,Saturday,"New World Newmarket,New World Birkenhead,Pak 'n Save Wairau Road,New World Metro Shore City",12,100.8,216,316.8,770.0,106.8,551.96,1321.96,4
Sat_02520,Saturday,"Pak 'n Save Royal Oak,Four Square Ellerslie,Four Square Remuera,New World Remuera,New World Newmarket,Four Square Eden Terrace",14,64.9,252,316.9,770.0,106.9,552.19,1322.19,6
Sat_02521,Saturday,"New World Southmall,Pak 'n Save Clendon,New World Papakura",12,101.0,216,317.0,770.0,107.0,552.73,1322.73,3
Sat_02522,Saturday,"Four Square Eden Terrace,New World Newmarket,New World Remuera,Four Square Ellerslie,Pak 'n Save Sylvia Park",13,83.0,234,317.0,770.0,107.0,552.94,1322.94,5
Sat_02523,Saturday,"New World Mt Albert,Four Square Eden Terrace,New World Newmarket,New World Remuera,Four Square Ellerslie,New World Victoria Park",13,83.1,234,317.1,770.0,107.1,553.34,1323.34,6
Sat_02524,Saturday,"New World Southmall,New World Ormiston,Pak 'n Save Sylvia Park",12,101.2,216,317.2,770.0,107.2,553.71,1323.71,3
Sat_02525,Saturday,"New World Milford,Pak 'n Save Albany,New World Albany",12,101.3,216,317.3,770.0,107.3,554.34,1324.34,3
Sat_02526,Saturday,"New World Metro Shore City,New World Milford,Pak 'n Save Albany,Four Square Lancaster",11,119.3,198,317.3,770.0,107.3,554.49,1324.49,4
Sat_02527,Saturday,"New World Mt Roskill,Four Square Onehunga,Pak 'n Save Royal Oak,Four Square Ellerslie,New World Newmarket,Four Square Eden Terrace",14,65.4,252,317.4,770.0,107.4,554.94,1324.94,6
Sat_02528,Saturday,"Four Square Eden Terrace,New World Remuera,Four Square Remuera,New World Stonefields,Pak 'n Save Sylvia Park",13,83.4,234,317.4,770.0,107.4,555.1,1325.1,5
Sat_02529,Saturday,"Pak 'n Save Westgate,New World Hobsonville,Four Square Hobsonville,New World Albany",12,101.5,216,317.5,770.0,107.5,555.32,1325.32,4
Sat_02530,Saturday,"Pak 'n Save Mangere,Pak 'n Save Henderson",13,83.6,234,317.6,770.0,107.6,555.78,1325.78,2
Sat_02531,Saturday,"New World Victoria Park,New World Milford,Four Square Lancaster,New World Devonport",10,137.9,180,317.9,770.0,107.9,557.32,1327.32,4
Sat_02532,Saturday,"New World Hobsonville,Pak 'n Save Albany,New World Milford",12,101.9,216,317.9,770.0,107.9,557.52,1327.52,3
Sat_02533,Saturday,"New World Point Chevalier,Four Square Eden Terrace,New World Metro Queen St,Pak 'n Save Lincoln Road",13,83.9,234,317.9,770.0,107.9,557.65,1327.65,4
Sat_02534,Saturday,"Pak 'n Save Manukau,Pak 'n Save Sylvia Park,Four Square Remuera",13,84.0,234,318.0,770.0,108.0,557.79,1327.79,3
Sat_02535,Saturday,"New World Remuera,Four Square Remuera,Four Square Ellerslie,New World Stonefields,Pak 'n Save Sylvia Park",13,84.0,234,318.0,770.0,108.0,558.11,1328.11,5
Sat_02536,Saturday,"Four Square Onehunga,New World Remuera,Four Square Remuera,New World Newmarket,Pak 'n Save Sylvia Park",13,84.1,234,318.1,770.0,108.1,558.27,1328.27,5
Sat_02537,Saturday,"New World Papatoetoe,Pak 'n Save Clendon,New World Papakura",12,102.1,216,318.1,770.0,108.1,558.41,1328.41,3
Sat_02538,Saturday,"New World Mt Albert,New World Point Chevalier,Four Square Eden Terrace,New World Newmarket,Four Square Ellerslie,New World Metro Queen St",13,84.1,234,318.1,770.0,108.1,558.43,1328.43,6
Sat_02539,Saturday,"Pak 'n Save Mt Albert,New World Mt Albert,New World Victoria Park,New World Newmarket",14,66.1,252,318.1,770.0,108.1,558.66,1328.66,4
Sat_02540,Saturday,"New World Papatoetoe,Four Square Botany Junction,Pak 'n Save Clendon,Four Square Ellerslie",11,120.2,198,318.2,770.0,108.2,558.9,1328.9,4
Sat_02541,Saturday,"Four Square Onehunga,New World Remuera,Four Square Remuera,New World Stonefields,New World Eastridge,New World Newmarket",13,84.2,234,318.2,770.0,108.2,559.1,1329.1,6
Sat_02542,Saturday,"New World Mt Roskill,New World Mt Albert,New World Point Chevalier,New World Newmarket,New World Victoria Park",14,66.5,252,318.5,770.0,108.5,560.36,1330.36,5
Sat_02543,Saturday,"Pak 'n Save Mangere,New World Papatoetoe,Four Square Botany Junction,New World Ormiston",13,84.6,234,318.6,770.0,108.6,561.1,1331.1,4
Sat_02544,Saturday,"Pak 'n Save Mt Albert,New World Mt Albert,Four Square Eden Terrace,New World Newmarket,New World Metro Queen St",14,66.9,252,318.9,770.0,108.9,562.5,1332.5,5
Sat_02545,Saturday,"New World Ormiston,Pak 'n Save Botany,New World Howick",12,103.0,216,319.0,770.0,109.0,563.0,1333.0,3
Sat_02546,Saturday,"Pak 'n Save Botany,Pak 'n Save Glen Innes",12,103.0,216,319.0,770.0,109.0,563.21,1333.21,2
Sat_02547,Saturday,"Pak 'n Save Wairau Road,New World Milford,New World Browns Bay,Four Square Torbay",11,121.0,198,319.0,770.0,109.0,563.24,1333.24,4
Sat_02548,Saturday,"New World Papatoetoe,Pak 'n Save Sylvia Park,Four Square Pakuranga Heights,Four Square Remuera",12,103.0,216,319.0,770.0,109.0,563.35,1333.35,4
Sat_02549,Saturday,"Four Square Ellerslie,New World Stonefields,Pak 'n Save Glen Innes,Four Square Pakuranga Heights",12,103.0,216,319.0,770.0,109.0,563.39,1333.39,4
Sat_02550,Saturday,"New World Mt Roskill,Pak 'n Save Mt Albert,New World Point Chevalier,Four Square Eden Terrace,New World Green Bay",14,67.1,252,319.1,770.0,109.1,563.46,1333.46,5
Sat_02551,Saturday,"Pak 'n Save Wairau Road,Pak 'n Save Ormiston",11,121.1,198,319.1,770.0,109.1,563.75,1333.75,2
Sat_02552,Saturday,"New World Papatoetoe,New World Ormiston,Pak 'n Save Papakura",12,103.2,216,319.2,770.0,109.2,564.28,1334.28,3
Sat_02553,Saturday,"New World Stonefields,Pak 'n Save Highland Park,New World Botany,Four Square Botany Junction",12,103.3,216,319.3,770.0,109.3,564.8,1334.8,4
Sat_02554,Saturday,"New World Victoria Park,New World Milford,Pak 'n Save Albany",12,103.5,216,319.5,770.0,109.5,565.74,1335.74,3
Sat_02555,Saturday,"New World Mt Roskill,Pak 'n Save Royal Oak,New World Point Chevalier,New World Green Bay",14,67.5,252,319.5,770.0,109.5,565.89,1335.89,4
Sat_02556,Saturday,"New World Hobsonville,New World Albany,New World Browns Bay,New World Long Bay",11,121.5,198,319.5,770.0,109.5,565.98,1335.98,4
Sat_02557,Saturday,"Pak 'n Save Ormiston,New World Botany,New World Howick",12,103.9,216,319.9,770.0,109.9,567.93,1337.93,3
Sat_02558,Saturday,"New World Ormiston,Pak 'n Save Ormiston,New World Howick",12,103.9,216,319.9,770.0,109.9,567.93,1337.93,3
Sat_02559,Saturday,"Pak 'n Save Papakura,New World Long Bay",9,158.1,162,320.1,770.0,110.1,568.59,1338.59,2
Sat_02560,Saturday,"Four Square Onehunga,Pak 'n Save Royal Oak,Four Square Ellerslie,Pak 'n Save Sylvia Park",14,68.1,252,320.1,770.0,110.1,568.77,1338.77,4
Sat_02561,Saturday,"New World Mt Roskill,New World Mt Albert,New World New Lynn,New World Newmarket,New World Metro Queen St",13,86.1,234,320.1,770.0,110.1,568.88,1338.88,5
Sat_02562,Saturday,"Pak 'n Save Clendon,Pak 'n Save Wairau Road",11,122.1,198,320.1,770.0,110.1,568.99,1338.99,2
Sat_02563,Saturday,"Four Square Botany Junction,New World Ormiston,New World Howick,Pak 'n Save Highland Park",12,104.1,216,320.1,770.0,110.1,569.06,1339.06,4
Sat_02564,Saturday,"New World Papatoetoe,Pak 'n Save Sylvia Park,Four Square Ellerslie,New World Stonefields",13,86.2,234,320.2,770.0,110.2,569.17,1339.17,4
Sat_02565,Saturday,"Pak 'n Save Wairau Road,Pak 'n Save Botany",11,122.2,198,320.2,770.0,110.2,569.26,1339.26,2
Sat_02566,Saturday,"Pak 'n Save Mt Albert,New World Mt Albert,New World Green Bay,Four Square Glen Eden,Four Square Onehunga",13,86.2,234,320.2,770.0,110.2,569.6,1339.6,5
Sat_02567,Saturday,"New World Mt Roskill,Pak 'n Save Mt Albert,New World Point Chevalier,New World Green Bay,Four Square Glen Eden",14,68.2,252,320.2,770.0,110.2,569.62,1339.62,5
Sat_02568,Saturday,"New World Papatoetoe,Pak 'n Save Manukau,Four Square Botany Junction,New World Southmall",13,86.3,234,320.3,770.0,110.3,569.67,1339.67,4
Sat_02569,Saturday,"Pak 'n Save Royal Oak,Four Square Ellerslie,Pak 'n Save Sylvia Park,Four Square Eden Terrace",14,68.3,252,320.3,770.0,110.3,569.79,1339.79,4
Sat_02570,Saturday,"New World Southmall,Pak 'n Save Papakura,New World Ormiston",12,104.3,216,320.3,770.0,110.3,569.92,1339.92,3
Sat_02571,Saturday,"Four Square Eden Terrace,New World Metro Queen St,New World Remuera,New World Stonefields,Four Square St Heliers,New World Eastridge",12,104.3,216,320.3,770.0,110.3,570.07,1340.07,6
Sat_02572,Saturday,"Pak 'n Save Westgate,Four Square Hobsonville,Pak 'n Save Henderson",13,86.4,234,320.4,770.0,110.4,570.49,1340.49,3
Sat_02573,Saturday,"Four Square Onehunga,Pak 'n Save Mangere,Pak 'n Save Sylvia Park",13,86.5,234,320.5,770.0,110.5,570.8,1340.8,3
Sat_02574,Saturday,"Pak 'n Save Mt Albert,New World Point Chevalier,Four Square Eden Terrace,New World Newmarket,New World Metro Queen St",14,68.5,252,320.5,770.0,110.5,571.09,1341.09,5
Sat_02575,Saturday,"New World Mt Roskill,New World Mt Albert,New World Point Chevalier,New World New Lynn,Four Square Glen Eden,Four Square Onehunga",13,86.6,234,320.6,770.0,110.6,571.65,1341.65,6
Sat_02576,Saturday,"Four Square Ellerslie,New World Stonefields,Pak 'n Save Glen Innes,New World Eastridge",13,86.8,234,320.8,770.0,110.8,572.56,1342.56,4
Sat_02577,Saturday,"New World Newmarket,New World Victoria Park,New World Birkenhead,New World Milford",12,105.0,216,321.0,770.0,111.0,573.41,1343.41,4
Sat_02578,Saturday,"Pak 'n Save Mt Albert,New World Mt Albert,New World New Lynn,Four Square Glen Eden,Four Square Fair Price Henderson",13,87.0,234,321.0,770.0,111.0,573.75,1343.75,5
Sat_02579,Saturday,"New World Metro Queen St,New World Remuera,Four Square Ellerslie,New World Stonefields,Four Square St Heliers,New World Eastridge",12,105.1,216,321.1,770.0,111.1,574.09,1344.09,6
Sat_02580,Saturday,"New World Metro Shore City,Four Square Lancaster,Pak 'n Save Albany,New World Albany",11,123.2,198,321.2,770.0,111.2,574.3,1344.3,4
Sat_02581,Saturday,"New World Ormiston,Pak 'n Save Ormiston,New World Papakura",12,105.2,216,321.2,770.0,111.2,574.7,1344.7,3
Sat_02582,Saturday,"New World Point Chevalier,New World Newmarket,New World Remuera,Four Square Remuera,Four Square Ellerslie,New World Victoria Park",13,87.4,234,321.4,770.0,111.4,575.42,1345.42,6
Sat_02583,Saturday,"New World Metro Queen St,New World Birkenhead,Four Square Lancaster,Pak 'n Save Wairau Road,New World Metro Shore City",12,105.4,216,321.4,770.0,111.4,575.68,1345.68,5
Sat_02584,Saturday,"Pak 'n Save Royal Oak,Pak 'n Save Mangere,Four Square Botany Junction",13,87.4,234,321.4,770.0,111.4,575.82,1345.82,3
Sat_02585,Saturday,"Pak 'n Save Royal Oak,New World Remuera,Pak 'n Save Sylvia Park",14,69.5,252,321.5,770.0,111.5,575.9,1345.9,3
Sat_02586,Saturday,"Pak 'n Save Mt Albert,New World Point Chevalier,New World Victoria Park,New World New Lynn",14,69.5,252,321.5,770.0,111.5,576.13,1346.13,4
Sat_02587,Saturday,"New World Point Chevalier,New World Newmarket,Four Square Ellerslie,Four Square Remuera,New World Metro Queen St,New World Victoria Park",13,87.6,234,321.6,770.0,111.6,576.82,1346.82,6
Sat_02588,Saturday,"Four Square Onehunga,New World Remuera,New World Newmarket,Four Square Eden Terrace,Pak 'n Save Sylvia Park",13,87.7,234,321.7,770.0,111.7,577.36,1347.36,5
Sat_02589,Saturday,"New World Metro Shore City,Pak 'n Save Albany,New World Albany,Four Square Torbay",11,124.0,198,322.0,770.0,112.0,578.46,1348.46,4
Sat_02590,Saturday,"New World Mt Roskill,New World Mt Albert,New World Point Chevalier,New World Newmarket,New World New Lynn",14,70.0,252,322.0,770.0,112.0,578.83,1348.83,5
Sat_02591,Saturday,"Pak 'n Save Westgate,Pak 'n Save Papakura",11,124.2,198,322.2,770.0,112.2,579.65,1349.65,2
Sat_02592,Saturday,"Four Square Remuera,Pak 'n Save Glen Innes,Pak 'n Save Sylvia Park",13,88.2,234,322.2,770.0,112.2,579.83,1349.83,3
Sat_02593,Saturday,"New World Hobsonville,Pak 'n Save Wairau Road,New World Metro Shore City,Four Square Torbay",10,142.2,180,322.2,770.0,112.2,579.87,1349.87,4
Sat_02594,Saturday,"New World Newmarket,Four Square Ellerslie,New World Stonefields,Pak 'n Save Glen Innes",13,88.4,234,322.4,770.0,112.4,580.61,1350.61,4
Sat_02595,Saturday,"Pak 'n Save Mt Albert,Four Square Eden Terrace,New World Newmarket,New World Metro Queen St,New World Victoria Park",14,70.4,252,322.4,770.0,112.4,580.94,1350.94,5
Sat_02596,Saturday,"Pak 'n Save Manukau,Four Square Botany Junction,New World Ormiston,New World Southmall",13,88.4,234,322.4,770.0,112.4,580.95,1350.95,4
Sat_02597,Saturday,"Pak 'n Save Manukau,Four Square Botany Junction,New World Ormiston,New World Botany",13,88.5,234,322.5,770.0,112.5,581.08,1351.08,4
Sat_02598,Saturday,"Four Square Hobsonville,New World Albany,Pak 'n Save Wairau Road,New World Milford",12,106.5,216,322.5,770.0,112.5,581.37,1351.37,4
Sat_02599,Saturday,"New World Milford,Four Square Lancaster,New World Browns Bay,New World Devonport",9,160.6,162,322.6,770.0,112.6,581.63,1351.63,4
Sat_02600,Saturday,"New World Metro Shore City,New World Milford,Pak 'n Save Albany,Four Square Torbay",11,124.7,198,322.7,770.0,112.7,582.13,1352.13,4
Sat_02601,Saturday,"New World Point Chevalier,Four Square Eden Terrace,New World Newmarket,Four Square Remuera,New World Metro Queen St,New World Victoria Park",13,88.7,234,322.7,770.0,112.7,582.34,1352.34,6
Sat_02602,Saturday,"New World Victoria Park,New World Birkenhead,New World Milford,New World Browns Bay",11,124.7,198,322.7,770.0,112.7,582.37,1352.37,4
Sat_02603,Saturday,"New World Southmall,Four Square Botany Junction,Pak 'n Save Ormiston,Four Square Pakuranga Heights",12,106.8,216,322.8,770.0,112.8,582.88,1352.88,4
Sat_02604,Saturday,"New World Milford,New World Albany,New World Browns Bay,New World Long Bay",11,124.9,198,322.9,770.0,112.9,583.32,1353.32,4
Sat_02605,Saturday,"New World Mt Albert,Pak 'n Save Royal Oak,New World Newmarket,New World Metro Queen St",14,70.9,252,322.9,770.0,112.9,583.4,1353.4,4
Sat_02606,Saturday,"New World Mt Roskill,New World Mt Albert,New World Point Chevalier,New World Victoria Park,New World New Lynn",14,71.0,252,323.0,770.0,113.0,583.7,1353.7,5
Sat_02607,Saturday,"Four Square Pakuranga Heights,Pak 'n Save Highland Park,Pak 'n Save Botany",13,89.1,234,323.1,770.0,113.1,584.42,1354.42,3
Sat_02608,Saturday,"Four Square Botany Junction,New World Ormiston,Pak 'n Save Ormiston,New World Botany",13,89.2,234,323.2,770.0,113.2,584.73,1354.73,4
Sat_02609,Saturday,"New World Mt Albert,Pak 'n Save Royal Oak,New World Newmarket,New World Remuera",14,71.3,252,323.3,770.0,113.3,585.49,1355.49,4
Sat_02610,Saturday,"New World Papatoetoe,Pak 'n Save Ormiston,New World Papakura",12,107.3,216,323.3,770.0,113.3,585.5,1355.5,3
Sat_02611,Saturday,"Pak 'n Save Mt Albert,Four Square Eden Terrace,New World Victoria Park,New World Remuera,Four Square Remuera,Four Square Ellerslie",13,89.3,234,323.3,770.0,113.3,585.63,1355.63,6
Sat_02612,Saturday,"New World Mt Roskill,New World Mt Albert,New World Point Chevalier,New World Green Bay,Four Square Glen Eden,Four Square Onehunga",13,89.4,234,323.4,770.0,113.4,585.74,1355.74,6
Sat_02613,Saturday,"Four Square Pakuranga Heights,Pak 'n Save Highland Park,Pak 'n Save Sylvia Park",13,89.4,234,323.4,770.0,113.4,585.79,1355.79,3
Sat_02614,Saturday,"Pak 'n Save Lincoln Road,Pak 'n Save Sylvia Park",13,89.4,234,323.4,770.0,113.4,585.88,1355.88,2
Sat_02615,Saturday,"New World Newmarket,Four Square Remuera,New World Stonefields,Pak 'n Save Glen Innes",13,89.5,234,323.5,770.0,113.5,586.49,1356.49,4
Sat_02616,Saturday,"Pak 'n Save Manukau,Four Square Botany Junction,Pak 'n Save Clendon",13,89.6,234,323.6,770.0,113.6,586.83,1356.83,3
Sat_02617,Saturday,"Pak 'n Save Royal Oak,Four Square Ellerslie,New World Stonefields,New World Newmarket,Four Square Eden Terrace",14,71.6,252,323.6,770.0,113.6,586.94,1356.94,5
Sat_02618,Saturday,"New World Point Chevalier,Pak 'n Save Henderson,New World Hobsonville",13,89.6,234,323.6,770.0,113.6,587.05,1357.05,3
Sat_02619,Saturday,"New World Mt Albert,New World Point Chevalier,Four Square Eden Terrace,New World Victoria Park,New World Birkenhead",13,89.8,234,323.8,770.0,113.8,588.15,1358.15,5
Sat_02620,Saturday,"Four Square Onehunga,Four Square Ellerslie,Four Square Remuera,New World Remuera,Four Square Eden Terrace,Pak 'n Save Glen Innes",12,107.8,216,323.8,770.0,113.8,588.18,1358.18,6
Sat_02621,Saturday,"New World Newmarket,Four Square St Heliers,Pak 'n Save Glen Innes,Four Square Pakuranga Heights",12,107.9,216,323.9,770.0,113.9,588.34,1358.34,4
Sat_02622,Saturday,"Pak 'n Save Mt Albert,New World Mt Albert,Four Square Eden Terrace,Pak 'n Save Royal Oak",15,53.9,270,323.9,770.0,113.9,588.66,1358.66,4
Sat_02623,Saturday,"New World Papatoetoe,Pak 'n Save Sylvia Park,New World Papakura",12,108.0,216,324.0,770.0,114.0,589.24,1359.24,3
Sat_02624,Saturday,"Four Square Hobsonville,Pak 'n Save Albany,New World Albany,New World Browns Bay",12,108.1,216,324.1,770.0,114.1,589.6,1359.6,4
Sat_02625,Saturday,"New World Southmall,New World Papakura,Pak 'n Save Sylvia Park",12,108.2,216,324.2,770.0,114.2,590.09,1360.09,3
Sat_02626,Saturday,"New World Victoria Park,New World Metro Shore City,New World Milford,New World Albany,Four Square Lancaster",11,126.2,198,324.2,770.0,114.2,590.16,1360.16,5
Sat_02627,Saturday,"New World Southmall,New World Papakura,Pak 'n Save Ormiston",12,108.2,216,324.2,770.0,114.2,590.18,1360.18,3
Sat_02628,Saturday,"Four Square Botany Junction,New World Ormiston,New World Botany,Pak 'n Save Botany",13,90.3,234,324.3,770.0,114.3,590.34,1360.34,4
Sat_02629,Saturday,"New World New Lynn,New World Green Bay,Four Square Glen Eden,Pak 'n Save Henderson",14,72.3,252,324.3,770.0,114.3,590.66,1360.66,4
Sat_02630,Saturday,"New World Birkenhead,Four Square Lancaster,New World Milford,New World Metro Shore City,New World Devonport",11,126.4,198,324.4,770.0,114.4,591.32,1361.32,5
Sat_02631,Saturday,"New World Mt Roskill,New World Mt Albert,Four Square Eden Terrace,New World Newmarket,Pak 'n Save Royal Oak",15,54.5,270,324.5,770.0,114.5,591.46,1361.46,5
Sat_02632,Saturday,"Four Square Botany Junction,Pak 'n Save Ormiston,Pak 'n Save Botany",13,90.6,234,324.6,770.0,114.6,592.1,1362.1,3
Sat_02633,Saturday,"Pak 'n Save Royal Oak,New World Newmarket,New World Remuera,New World Stonefields",14,72.6,252,324.6,770.0,114.6,592.24,1362.24,4
Sat_02634,Saturday,"New World Mt Albert,New World Point Chevalier,Four Square Fair Price Henderson,Pak 'n Save Westgate,Four Square Hobsonville",13,90.7,234,324.7,770.0,114.7,592.5,1362.5,5
Sat_02635,Saturday,"New World Mt Roskill,New World Mt Albert,New World New Lynn,Pak 'n Save Mangere",14,72.8,252,324.8,770.0,114.8,592.9,1362.9,4
Sat_02636,Saturday,"New World Green Bay,Four Square Glen Eden,Pak 'n Save Henderson,New World Point Chevalier",14,73.0,252,325.0,770.0,115.0,594.22,1364.22,4
Sat_02637,Saturday,"Pak 'n Save Royal Oak,Four Square Ellerslie,Four Square Remuera,Pak 'n Save Sylvia Park",14,73.1,252,325.1,770.0,115.1,594.86,1364.86,4
Sat_02638,Saturday,"New World Newmarket,New World Remuera,Four Square Remuera,Pak 'n Save Glen Innes,Four Square St Heliers",13,91.2,234,325.2,770.0,115.2,595.24,1365.24,5
Sat_02639,Saturday,"New World Point Chevalier,Four Square Fair Price Henderson,Pak 'n Save Westgate,New World Hobsonville,Four Square Hobsonville",13,91.2,234,325.2,770.0,115.2,595.42,1365.42,5
Sat_02640,Saturday,"New World Metro Queen St,New World Birkenhead,New World Milford,New World Devonport",11,127.2,198,325.2,770.0,115.2,595.44,1365.44,4
Sat_02641,Saturday,"New World Papatoetoe,Four Square Botany Junction,Pak 'n Save Ormiston,New World Botany",13,91.3,234,325.3,770.0,115.3,595.53,1365.53,4
Sat_02642,Saturday,"New World Newmarket,New World Remuera,Four Square Remuera,Four Square Ellerslie,New World Stonefields,New World Eastridge",13,91.3,234,325.3,770.0,115.3,595.55,1365.55,6
Sat_02643,Saturday,"New World Mt Albert,Pak 'n Save Royal Oak,Four Square Ellerslie,Four Square Remuera,New World Newmarket",14,73.3,252,325.3,770.0,115.3,595.72,1365.72,5
Sat_02644,Saturday,"Pak 'n Save Sylvia Park,Pak 'n Save Glen Innes,Four Square St Heliers",13,91.6,234,325.6,770.0,115.6,597.1,1367.1,3
Sat_02645,Saturday,"Pak 'n Save Mangere,New World Papatoetoe,Four Square Botany Junction,New World Southmall",13,91.6,234,325.6,770.0,115.6,597.17,1367.17,4
Sat_02646,Saturday,"New World Papatoetoe,Four Square Botany Junction,New World Southmall,Pak 'n Save Clendon",13,91.6,234,325.6,770.0,115.6,597.18,1367.18,4
Sat_02647,Saturday,"New World Point Chevalier,Four Square Hobsonville,New World Albany,Pak 'n Save Wairau Road",12,109.6,216,325.6,770.0,115.6,597.34,1367.34,4
Sat_02648,Saturday,"New World Stonefields,Pak 'n Save Glen Innes,Four Square St Heliers,New World Eastridge",13,91.6,234,325.6,770.0,115.6,597.41,1367.41,4
Sat_02649,Saturday,"New World Mt Albert,New World Victoria Park,New World Birkenhead,New World Metro Shore City,New World Remuera",12,109.7,216,325.7,770.0,115.7,597.93,1367.93,5
Sat_02650,Saturday,"New World Newmarket,Four Square Ellerslie,Pak 'n Save Sylvia Park,New World Eastridge",13,91.9,234,325.9,770.0,115.9,598.93,1368.93,4
Sat_02651,Saturday,"New World Metro Queen St,New World Metro Shore City,New World Milford,Pak 'n Save Albany",12,110.2,216,326.2,770.0,116.2,600.49,1370.49,4
Sat_02652,Saturday,"Pak 'n Save Papakura,Pak 'n Save Botany",12,110.3,216,326.3,770.0,116.3,600.96,1370.96,2
Sat_02653,Saturday,"Pak 'n Save Westgate,New World Hobsonville,Pak 'n Save Wairau Road",13,92.6,234,326.6,770.0,116.6,602.24,1372.24,3
Sat_02654,Saturday,"Pak 'n Save Albany,New World Albany,New World Long Bay",12,110.6,216,326.6,770.0,116.6,602.32,1372.32,3
Sat_02655,Saturday,"Four Square Pakuranga Heights,New World Howick,Four Square Botany Junction,Pak 'n Save Sylvia Park",12,110.6,216,326.6,770.0,116.6,602.57,1372.57,4
Sat_02656,Saturday,"Pak 'n Save Mt Albert,New World New Lynn,Four Square Onehunga,Pak 'n Save Royal Oak",15,56.7,270,326.7,770.0,116.7,602.75,1372.75,4
Sat_02657,Saturday,"New World Newmarket,New World Eastridge,Four Square St Heliers,Pak 'n Save Glen Innes",13,92.7,234,326.7,770.0,116.7,602.78,1372.78,4
Sat_02658,Saturday,"Pak 'n Save Ormiston,Pak 'n Save Glen Innes",12,110.9,216,326.9,770.0,116.9,604.19,1374.19,2
Sat_02659,Saturday,"Pak 'n Save Wairau Road,Pak 'n Save Papakura",11,129.0,198,327.0,770.0,117.0,604.68,1374.68,2
Sat_02660,Saturday,"Four Square Onehunga,Pak 'n Save Royal Oak,New World Remuera,Four Square Eden Terrace,New World Eastridge",13,93.1,234,327.1,770.0,117.1,604.94,1374.94,5
Sat_02661,Saturday,"New World Newmarket,New World Remuera,Four Square Remuera,Four Square Ellerslie,Pak 'n Save Glen Innes",13,93.1,234,327.1,770.0,117.1,605.02,1375.02,5
Sat_02662,Saturday,"New World Mt Roskill,Pak 'n Save Mt Albert,New World Mt Albert,Four Square Eden Terrace,Four Square Onehunga,Four Square Glen Eden",13,93.1,234,327.1,770.0,117.1,605.14,1375.14,6
Sat_02663,Saturday,"Pak 'n Save Royal Oak,New World Newmarket,New World Remuera,New World Eastridge",14,75.4,252,327.4,770.0,117.4,606.31,1376.31,4
Sat_02664,Saturday,"Four Square Pakuranga Heights,Four Square Botany Junction,Pak 'n Save Ormiston,New World Stonefields",12,111.4,216,327.4,770.0,117.4,606.32,1376.32,4
Sat_02665,Saturday,"Pak 'n Save Clendon,Pak 'n Save Glen Innes",12,111.4,216,327.4,770.0,117.4,606.39,1376.39,2
Sat_02666,Saturday,"Pak 'n Save Lincoln Road,Four Square Hobsonville,Pak 'n Save Wairau Road",13,93.4,234,327.4,770.0,117.4,606.43,1376.43,3
Sat_02667,Saturday,"Four Square Pakuranga Heights,Pak 'n Save Highland Park,New World Howick,New World Botany",13,93.5,234,327.5,770.0,117.5,607.28,1377.28,4
Sat_02668,Saturday,"New World Birkenhead,New World Milford,Pak 'n Save Albany",12,111.5,216,327.5,770.0,117.5,607.31,1377.31,3
Sat_02669,Saturday,"New World Birkenhead,Four Square Lancaster,Pak 'n Save Wairau Road,New World Albany",12,111.7,216,327.7,770.0,117.7,607.93,1377.93,4
Sat_02670,Saturday,"New World Papatoetoe,Four Square Botany Junction,New World Ormiston,Pak 'n Save Clendon",13,93.7,234,327.7,770.0,117.7,608.08,1378.08,4
Sat_02671,Saturday,"Pak 'n Save Mangere,Pak 'n Save Clendon,Four Square Botany Junction",13,93.8,234,327.8,770.0,117.8,608.57,1378.57,3
Sat_02672,Saturday,"Four Square Eden Terrace,New World Newmarket,New World Remuera,Four Square Ellerslie,New World Stonefields,New World Eastridge",13,93.9,234,327.9,770.0,117.9,609.08,1379.08,6
Sat_02673,Saturday,"Pak 'n Save Lincoln Road,Pak 'n Save Manukau",13,94.0,234,328.0,770.0,118.0,609.53,1379.53,2
Sat_02674,Saturday,"Four Square Hobsonville,Pak 'n Save Wairau Road,New World Browns Bay,New World Long Bay",11,130.0,198,328.0,770.0,118.0,609.58,1379.58,4
Sat_02675,Saturday,"New World Papatoetoe,New World Southmall,Pak 'n Save Sylvia Park,Four Square Ellerslie",13,94.0,234,328.0,770.0,118.0,609.86,1379.86,4
Sat_02676,Saturday,"Four Square Onehunga,Four Square Ellerslie,New World Remuera,New World Eastridge,Pak 'n Save Sylvia Park",13,94.0,234,328.0,770.0,118.0,609.91,1379.91,5
Sat_02677,Saturday,"Four Square Pakuranga Heights,Pak 'n Save Botany,Four Square Botany Junction,New World Howick",12,112.0,216,328.0,770.0,118.0,609.92,1379.92,4
Sat_02678,Saturday,"Pak 'n Save Lincoln Road,Pak 'n Save Albany",13,94.1,234,328.1,770.0,118.1,610.29,1380.29,2
Sat_02679,Saturday,"New World Mt Roskill,New World New Lynn,New World Point Chevalier,Pak 'n Save Mangere",14,76.2,252,328.2,770.0,118.2,610.47,1380.47,4
Sat_02680,Saturday,"Four Square Onehunga,Pak 'n Save Royal Oak,Four Square Ellerslie,Pak 'n Save Mangere",14,76.5,252,328.5,770.0,118.5,612.22,1382.22,4
Sat_02681,Saturday,"Pak 'n Save Sylvia Park,New World Stonefields,New World Howick",12,112.6,216,328.6,770.0,118.6,612.53,1382.53,3
Sat_02682,Saturday,"New World Mt Roskill,Pak 'n Save Mt Albert,Pak 'n Save Royal Oak,Four Square Glen Eden",14,76.6,252,328.6,770.0,118.6,612.53,1382.53,4
Sat_02683,Saturday,"Pak 'n Save Highland Park,Pak 'n Save Albany",11,130.7,198,328.7,770.0,118.7,613.09,1383.09,2
Sat_02684,Saturday,"Pak 'n Save Lincoln Road,Pak 'n Save Highland Park",12,112.7,216,328.7,770.0,118.7,613.24,1383.24,2
Sat_02685,Saturday,"New World Newmarket,New World Metro Queen St,New World Birkenhead,New World Metro Shore City,New World Milford",12,112.7,216,328.7,770.0,118.7,613.31,1383.31,5
Sat_02686,Saturday,"New World Newmarket,New World Remuera,New World Victoria Park,New World Birkenhead,New World Metro Shore City",12,112.7,216,328.7,770.0,118.7,613.37,1383.37,5
Sat_02687,Saturday,"Four Square Onehunga,Pak 'n Save Royal Oak,Four Square Ellerslie,Four Square Remuera,New World Remuera,New World Stonefields",14,77.1,252,329.1,770.0,119.1,615.19,1385.19,6
Sat_02688,Saturday,"New World Newmarket,Four Square Ellerslie,Four Square Remuera,New World Stonefields,New World Eastridge,New World Metro Queen St",13,95.1,234,329.1,770.0,119.1,615.5,1385.5,6
Sat_02689,Saturday,"New World Newmarket,New World Birkenhead,Pak 'n Save Albany",12,113.3,216,329.3,770.0,119.3,616.4,1386.4,3
Sat_02690,Saturday,"Pak 'n Save Clendon,New World Papakura,New World Ormiston",12,113.5,216,329.5,770.0,119.5,617.38,1387.38,3
Sat_02691,Saturday,"Pak 'n Save Wairau Road,Four Square Lancaster,Pak 'n Save Albany",12,113.5,216,329.5,770.0,119.5,617.46,1387.46,3
Sat_02692,Saturday,"Pak 'n Save Albany,New World Albany,New World Browns Bay,Four Square Torbay",12,113.6,216,329.6,770.0,119.6,618.17,1388.17,4
Sat_02693,Saturday,"New World Southmall,Pak 'n Save Ormiston,New World Howick",12,113.8,216,329.8,770.0,119.8,618.82,1388.82,3
Sat_02694,Saturday,"New World Mt Roskill,New World Point Chevalier,Pak 'n Save Lincoln Road,Four Square Fair Price Henderson,Four Square Glen Eden",14,78.0,252,330.0,770.0,120.0,620.16,1390.16,5
Sat_02695,Saturday,"Four Square Onehunga,Four Square Ellerslie,Pak 'n Save Sylvia Park,Pak 'n Save Mangere",14,78.0,252,330.0,770.0,120.0,620.21,1390.21,4
Sat_02696,Saturday,"New World Newmarket,Pak 'n Save Sylvia Park,New World Stonefields,Four Square St Heliers",13,96.1,234,330.1,770.0,120.1,620.56,1390.56,4
Sat_02697,Saturday,"New World Mt Albert,Four Square Eden Terrace,New World Newmarket,New World Remuera,New World Metro Queen St,New World Victoria Park",14,78.1,252,330.1,770.0,120.1,620.76,1390.76,6
Sat_02698,Saturday,"New World Remuera,Four Square Remuera,New World Eastridge,Four Square St Heliers,Pak 'n Save Glen Innes",13,96.2,234,330.2,770.0,120.2,621.06,1391.06,5
Sat_02699,Saturday,"Pak 'n Save Wairau Road,New World Milford,Four Square Lancaster,New World Browns Bay",11,132.5,198,330.5,770.0,120.5,622.34,1392.34,4
Sat_02700,Saturday,"Four Square Fair Price Henderson,Pak 'n Save Westgate,New World Hobsonville,New World Albany",12,114.6,216,330.6,770.0,120.6,623.16,1393.16,4
Sat_02701,Saturday,"Pak 'n Save Mt Albert,New World Mt Albert,Four Square Fair Price Henderson,Pak 'n Save Westgate",14,78.7,252,330.7,770.0,120.7,623.84,1393.84,4
Sat_02702,Saturday,"Four Square Onehunga,Four Square Ellerslie,New World Stonefields,Pak 'n Save Sylvia Park,New World Papatoetoe",14,79.1,252,331.1,770.0,121.1,625.56,1395.56,5
Sat_02703,Saturday,"New World Mt Roskill,Pak 'n Save Mt Albert,New World Mt Albert,New World Point Chevalier,New World Metro Queen St",15,61.2,270,331.2,770.0,121.2,626.19,1396.19,5
Sat_02704,Saturday,"New World Hobsonville,Four Square Hobsonville,New World Milford,New World Long Bay,Four Square Torbay",11,133.3,198,331.3,770.0,121.3,626.82,1396.82,5
Sat_02705,Saturday,"Pak 'n Save Mangere,Pak 'n Save Albany",12,115.4,216,331.4,770.0,121.4,627.16,1397.16,2
Sat_02706,Saturday,"Pak 'n Save Mt Albert,New World Green Bay,Four Square Onehunga,Pak 'n Save Royal Oak",15,61.4,270,331.4,770.0,121.4,627.35,1397.35,4
Sat_02707,Saturday,"Pak 'n Save Manukau,Four Square Botany Junction,New World Southmall,Four Square Pakuranga Heights",12,115.4,216,331.4,770.0,121.4,627.4,1397.4,4
Sat_02708,Saturday,"New World Newmarket,Four Square Ellerslie,New World Stonefields,New World Eastridge,Four Square Pakuranga Heights",12,115.5,216,331.5,770.0,121.5,627.74,1397.74,5
Sat_02709,Saturday,"New World Hobsonville,Pak 'n Save Wairau Road,New World Metro Shore City,New World Browns Bay",11,133.5,198,331.5,770.0,121.5,627.74,1397.74,4
Sat_02710,Saturday,"New World Mt Roskill,New World Green Bay,New World Point Chevalier,Pak 'n Save Mangere",14,79.7,252,331.7,770.0,121.7,628.89,1398.89,4
Sat_02711,Saturday,"Four Square Onehunga,Pak 'n Save Royal Oak,Four Square Ellerslie,Four Square Remuera,New World Remuera,New World Eastridge",14,79.8,252,331.8,770.0,121.8,629.26,1399.26,6
Sat_02712,Saturday,"New World Hobsonville,Pak 'n Save Albany,New World Browns Bay,New World Metro Shore City",12,115.8,216,331.8,770.0,121.8,629.41,1399.41,4
Sat_02713,Saturday,"Pak 'n Save Henderson,Pak 'n Save Sylvia Park",13,97.9,234,331.9,770.0,121.9,629.73,1399.73,2
Sat_02714,Saturday,"Four Square Glen Eden,Four Square Fair Price Henderson,Pak 'n Save Lincoln Road,Pak 'n Save Westgate",14,80.0,252,332.0,770.0,122.0,630.28,1400.28,4
Sat_02715,Saturday,"Pak 'n Save Lincoln Road,Four Square Fair Price Henderson,Pak 'n Save Henderson",15,62.0,270,332.0,770.0,122.0,630.38,1400.38,3
Sat_02716,Saturday,"Pak 'n Save Mt Albert,New World Point Chevalier,New World Victoria Park,New World Metro Queen St,Four Square Remuera",14,80.0,252,332.0,770.0,122.0,630.42,1400.42,5
Sat_02717,Saturday,"Four Square Onehunga,Pak 'n Save Royal Oak,Four Square Eden Terrace,Pak 'n Save Sylvia Park",14,80.1,252,332.1,770.0,122.1,630.85,1400.85,4
Sat_02718,Saturday,"New World Mt Albert,New World Point Chevalier,New World Newmarket,New World Metro Queen St,New World New Lynn",14,80.2,252,332.2,770.0,122.2,631.26,1401.26,5
Sat_02719,Saturday,"New World Southmall,Pak 'n Save Clendon,Four Square Botany Junction,New World Ormiston",13,98.3,234,332.3,770.0,122.3,631.72,1401.72,4
Sat_02720,Saturday,"New World Hobsonville,Pak 'n Save Wairau Road,New World Milford,Four Square Lancaster",12,116.4,216,332.4,770.0,122.4,632.16,1402.16,4
Sat_02721,Saturday,"New World Mt Albert,New World Point Chevalier,Four Square Eden Terrace,New World Newmarket,New World Remuera,New World Metro Queen St",14,80.6,252,332.6,770.0,122.6,633.18,1403.18,6
Sat_02722,Saturday,"Pak 'n Save Lincoln Road,Four Square Fair Price Henderson,Pak 'n Save Westgate,Four Square Hobsonville",14,80.6,252,332.6,770.0,122.6,633.47,1403.47,4
Sat_02723,Saturday,"New World Metro Shore City,New World Milford,Pak 'n Save Wairau Road,New World Devonport",12,116.7,216,332.7,770.0,122.7,633.96,1403.96,4
Sat_02724,Saturday,"Pak 'n Save Sylvia Park,Pak 'n Save Albany",12,116.8,216,332.8,770.0,122.8,634.72,1404.72,2
Sat_02725,Saturday,"New World Mt Albert,New World Point Chevalier,New World Victoria Park,New World Birkenhead,New World Metro Shore City",13,98.9,234,332.9,770.0,122.9,635.19,1405.19,5
Sat_02726,Saturday,"Four Square Pakuranga Heights,Pak 'n Save Highland Park,New World Howick,New World Stonefields",13,99.3,234,333.3,770.0,123.3,637.0,1407.0,4
Sat_02727,Saturday,"Pak 'n Save Mt Albert,New World Mt Albert,New World Point Chevalier,Four Square Eden Terrace,New World Newmarket",15,63.3,270,333.3,770.0,123.3,637.23,1407.23,5
Sat_02728,Saturday,"New World Birkenhead,Four Square Lancaster,Pak 'n Save Wairau Road,New World Milford,New World Metro Shore City",13,99.4,234,333.4,770.0,123.4,637.51,1407.51,5
Sat_02729,Saturday,"Pak 'n Save Papakura,Pak 'n Save Glen Innes",12,117.4,216,333.4,770.0,123.4,637.54,1407.54,2
Sat_02730,Saturday,"New World Remuera,Pak 'n Save Sylvia Park,Pak 'n Save Manukau",14,81.5,252,333.5,770.0,123.5,638.12,1408.12,3
Sat_02731,Saturday,"New World Mt Roskill,Pak 'n Save Mt Albert,New World Mt Albert,Pak 'n Save Royal Oak",16,45.6,288,333.6,770.0,123.6,638.4,1408.4,4
Sat_02732,Saturday,"New World Birkenhead,Pak 'n Save Wairau Road,New World Metro Shore City,New World Devonport",12,117.6,216,333.6,770.0,123.6,638.69,1408.69,4
Sat_02733,Saturday,"Pak 'n Save Manukau,Pak 'n Save Sylvia Park,Four Square Ellerslie,Four Square Remuera",14,81.6,252,333.6,770.0,123.6,638.84,1408.84,4
Sat_02734,Saturday,"New World Mt Roskill,New World Mt Albert,Pak 'n Save Royal Oak,Four Square Onehunga,New World New Lynn",15,63.9,270,333.9,770.0,123.9,640.23,1410.23,5
Sat_02735,Saturday,"Pak 'n Save Mt Albert,Four Square Onehunga,New World Remuera,Pak 'n Save Sylvia Park",14,82.1,252,334.1,770.0,124.1,641.34,1411.34,4
Sat_02736,Saturday,"Four Square Onehunga,Four Square Ellerslie,Four Square Remuera,New World Remuera,New World Stonefields,Pak 'n Save Sylvia Park",14,82.3,252,334.3,770.0,124.3,642.2,1412.2,6
Sat_02737,Saturday,"New World Mt Roskill,Pak 'n Save Mt Albert,New World Mt Albert,New World Point Chevalier,Four Square Eden Terrace,Four Square Onehunga",15,64.3,270,334.3,770.0,124.3,642.21,1412.21,6
Sat_02738,Saturday,"Four Square Botany Junction,New World Botany,Pak 'n Save Botany,New World Howick",13,100.3,234,334.3,770.0,124.3,642.43,1412.43,4
Sat_02739,Saturday,"New World Newmarket,New World Metro Queen St,New World Birkenhead,Pak 'n Save Wairau Road",13,100.6,234,334.6,770.0,124.6,643.79,1413.79,4
Sat_02740,Saturday,"Pak 'n Save Manukau,Pak 'n Save Henderson",13,100.7,234,334.7,770.0,124.7,644.42,1414.42,2
Sat_02741,Saturday,"Pak 'n Save Manukau,Pak 'n Save Albany",12,118.9,216,334.9,770.0,124.9,645.12,1415.12,2
Sat_02742,Saturday,"Pak 'n Save Lincoln Road,Pak 'n Save Clendon",13,100.9,234,334.9,770.0,124.9,645.18,1415.18,2
Sat_02743,Saturday,"Pak 'n Save Mt Albert,Four Square Onehunga,New World Remuera,Pak 'n Save Mangere",14,83.0,252,335.0,770.0,125.0,645.9,1415.9,4
Sat_02744,Saturday,"Four Square Botany Junction,Pak 'n Save Ormiston,Pak 'n Save Papakura",13,101.1,234,335.1,770.0,125.1,646.5,1416.5,3
Sat_02745,Saturday,"Four Square Fair Price Henderson,Pak 'n Save Henderson,Four Square Hobsonville,New World Albany",12,119.2,216,335.2,770.0,125.2,646.69,1416.69,4
Sat_02746,Saturday,"Pak 'n Save Mt Albert,New World Point Chevalier,New World Victoria Park,New World Birkenhead",14,83.3,252,335.3,770.0,125.3,647.42,1417.42,4
Sat_02747,Saturday,"Pak 'n Save Mt Albert,New World Mt Albert,New World Point Chevalier,Four Square Eden Terrace,New World Victoria Park",15,65.5,270,335.5,770.0,125.5,648.4,1418.4,5
Sat_02748,Saturday,"New World Hobsonville,Pak 'n Save Wairau Road,Four Square Lancaster,New World Browns Bay",11,137.7,198,335.7,770.0,125.7,649.69,1419.69,4
Sat_02749,Saturday,"New World Newmarket,New World Remuera,New World Metro Queen St,New World Victoria Park,New World Birkenhead",13,101.8,234,335.8,770.0,125.8,649.78,1419.78,5
Sat_02750,Saturday,"Four Square Glen Eden,Pak 'n Save Henderson,Pak 'n Save Lincoln Road",15,66.0,270,336.0,770.0,126.0,650.79,1420.79,3
Sat_02751,Saturday,"New World Milford,Pak 'n Save Albany,New World Long Bay",12,120.0,216,336.0,770.0,126.0,650.9,1420.9,3
Sat_02752,Saturday,"Four Square Pakuranga Heights,Pak 'n Save Highland Park,New World Botany,New World Stonefields",13,102.2,234,336.2,770.0,126.2,651.79,1421.79,4
Sat_02753,Saturday,"Four Square Eden Terrace,New World Newmarket,Four Square Ellerslie,New World Stonefields,Pak 'n Save Sylvia Park",14,84.3,252,336.3,770.0,126.3,652.54,1422.54,5
Sat_02754,Saturday,"Pak 'n Save Sylvia Park,New World Ormiston,New World Papakura",12,120.4,216,336.4,770.0,126.4,653.23,1423.23,3
Sat_02755,Saturday,"New World Newmarket,New World Victoria Park,New World Birkenhead,New World Albany",12,120.5,216,336.5,770.0,126.5,653.35,1423.35,4
Sat_02756,Saturday,"Pak 'n Save Mt Albert,New World New Lynn,Pak 'n Save Henderson",15,66.7,270,336.7,770.0,126.7,654.55,1424.55,3
Sat_02757,Saturday,"Four Square Hobsonville,Pak 'n Save Albany,New World Browns Bay,New World Long Bay",12,120.9,216,336.9,770.0,126.9,655.57,1425.57,4
Sat_02758,Saturday,"Pak 'n Save Wairau Road,New World Milford,New World Albany,Four Square Lancaster",12,120.9,216,336.9,770.0,126.9,655.75,1425.75,4
Sat_02759,Saturday,"Pak 'n Save Henderson,Pak 'n Save Highland Park",12,121.2,216,337.2,770.0,127.2,657.09,1427.09,2
Sat_02760,Saturday,"New World Mt Albert,New World Point Chevalier,Four Square Eden Terrace,New World Newmarket,Four Square Remuera,New World Victoria Park",14,85.2,252,337.2,770.0,127.2,657.28,1427.28,6
Sat_02761,Saturday,"Four Square Eden Terrace,New World Metro Queen St,Four Square Remuera,New World Eastridge,Pak 'n Save Glen Innes",13,103.3,234,337.3,770.0,127.3,657.72,1427.72,5
Sat_02762,Saturday,"Four Square Onehunga,Pak 'n Save Mangere,Pak 'n Save Manukau,Four Square Botany Junction",14,85.6,252,337.6,770.0,127.6,659.36,1429.36,4
Sat_02763,Saturday,"Pak 'n Save Highland Park,Pak 'n Save Botany,New World Botany",14,85.8,252,337.8,770.0,127.8,660.19,1430.19,3
Sat_02764,Saturday,"New World Green Bay,New World Point Chevalier,Four Square Fair Price Henderson,Pak 'n Save Henderson",14,85.8,252,337.8,770.0,127.8,660.37,1430.37,4
Sat_02765,Saturday,"Pak 'n Save Mt Albert,New World Mt Albert,Four Square Eden Terrace,New World Newmarket,New World Victoria Park",15,67.9,270,337.9,770.0,127.9,660.63,1430.63,5
Sat_02766,Saturday,"New World Metro Shore City,Pak 'n Save Wairau Road,New World Albany,New World Long Bay",12,122.1,216,338.1,770.0,128.1,661.67,1431.67,4
Sat_02767,Saturday,"Four Square Hobsonville,Pak 'n Save Albany,New World Albany,New World Milford",13,104.2,234,338.2,770.0,128.2,662.38,1432.38,4
Sat_02768,Saturday,"New World Birkenhead,Pak 'n Save Wairau Road,New World Metro Shore City,New World Albany",12,122.3,216,338.3,770.0,128.3,662.71,1432.71,4
Sat_02769,Saturday,"New World Papatoetoe,Four Square Botany Junction,New World Southmall,Pak 'n Save Papakura",13,104.4,234,338.4,770.0,128.4,663.25,1433.25,4
Sat_02770,Saturday,"New World Remuera,New World Stonefields,Pak 'n Save Glen Innes,Four Square Pakuranga Heights",13,104.6,234,338.6,770.0,128.6,664.38,1434.38,4
Sat_02771,Saturday,"Pak 'n Save Lincoln Road,Pak 'n Save Glen Innes",13,104.6,234,338.6,770.0,128.6,664.56,1434.56,2
Sat_02772,Saturday,"New World Victoria Park,Pak 'n Save Albany,New World Devonport",12,122.7,216,338.7,770.0,128.7,665.13,1435.13,3
Sat_02773,Saturday,"Pak 'n Save Henderson,Four Square Hobsonville,Pak 'n Save Wairau Road",13,104.8,234,338.8,770.0,128.8,665.6,1435.6,3
Sat_02774,Saturday,"New World Milford,Pak 'n Save Albany,New World Browns Bay,Four Square Torbay",12,122.8,216,338.8,770.0,128.8,665.62,1435.62,4
Sat_02775,Saturday,"Four Square Pakuranga Heights,New World Botany,New World Ormiston,Pak 'n Save Ormiston",14,87.1,252,339.1,770.0,129.1,666.84,1436.84,4
Sat_02776,Saturday,"Pak 'n Save Wairau Road,Pak 'n Save Albany,New World Browns Bay",13,105.1,234,339.1,770.0,129.1,667.18,1437.18,3
Sat_02777,Saturday,"Four Square Botany Junction,Pak 'n Save Ormiston,New World Botany,New World Howick",13,105.2,234,339.2,770.0,129.2,667.68,1437.68,4
Sat_02778,Saturday,"Four Square Botany Junction,New World Ormiston,Pak 'n Save Ormiston,New World Howick",13,105.2,234,339.2,770.0,129.2,667.69,1437.69,4
Sat_02779,Saturday,"Pak 'n Save Royal Oak,Pak 'n Save Mangere,New World Papatoetoe",15,69.3,270,339.3,770.0,129.3,668.2,1438.2,3
Sat_02780,Saturday,"New World Hobsonville,New World Albany,New World Long Bay,New World Milford",12,123.3,216,339.3,770.0,129.3,668.23,1438.23,4
Sat_02781,Saturday,"Four Square Pakuranga Heights,Pak 'n Save Botany,Pak 'n Save Ormiston",14,87.4,252,339.4,770.0,129.4,668.5,1438.5,3
Sat_02782,Saturday,"New World Remuera,Four Square Ellerslie,New World Stonefields,Pak 'n Save Sylvia Park,Four Square St Heliers",13,105.4,234,339.4,770.0,129.4,668.53,1438.53,5
Sat_02783,Saturday,"New World Victoria Park,New World Birkenhead,New World Milford,New World Devonport",12,123.6,216,339.6,770.0,129.6,669.35,1439.35,4
Sat_02784,Saturday,"Pak 'n Save Henderson,Pak 'n Save Albany",13,105.6,234,339.6,770.0,129.6,669.47,1439.47,2
Sat_02785,Saturday,"New World Mt Roskill,Pak 'n Save Mt Albert,New World Point Chevalier,Pak 'n Save Royal Oak",16,51.7,288,339.7,770.0,129.7,670.31,1440.31,4
Sat_02786,Saturday,"New World Southmall,Four Square Botany Junction,New World Ormiston,Four Square Pakuranga Heights,New World Howick",12,123.8,216,339.8,770.0,129.8,670.8,1440.8,5
Sat_02787,Saturday,"Pak 'n Save Manukau,Four Square Botany Junction,New World Ormiston,New World Papakura",13,105.8,234,339.8,770.0,129.8,670.81,1440.81,4
Sat_02788,Saturday,"Pak 'n Save Wairau Road,New World Milford,New World Albany,Four Square Torbay",12,124.3,216,340.3,770.0,130.3,673.27,1443.27,4
Sat_02789,Saturday,"New World Newmarket,New World Metro Shore City,Pak 'n Save Wairau Road,New World Devonport",12,124.3,216,340.3,770.0,130.3,673.43,1443.43,4
Sat_02790,Saturday,"New World Remuera,New World Stonefields,Pak 'n Save Glen Innes,New World Eastridge",14,88.4,252,340.4,770.0,130.4,673.55,1443.55,4
Sat_02791,Saturday,"New World Victoria Park,New World Metro Shore City,New World Milford,Pak 'n Save Albany",13,106.5,234,340.5,770.0,130.5,674.4,1444.4,4
Sat_02792,Saturday,"New World Point Chevalier,Pak 'n Save Lincoln Road,Pak 'n Save Westgate",15,70.7,270,340.7,770.0,130.7,675.06,1445.06,3
Sat_02793,Saturday,"New World Papatoetoe,New World Southmall,Pak 'n Save Clendon,Four Square Ellerslie",13,106.7,234,340.7,770.0,130.7,675.19,1445.19,4
Sat_02794,Saturday,"Pak 'n Save Mt Albert,New World Mt Albert,New World New Lynn,New World Green Bay,Four Square Glen Eden",15,70.7,270,340.7,770.0,130.7,675.25,1445.25,5
Sat_02795,Saturday,"New World Mt Albert,Pak 'n Save Royal Oak,Four Square Onehunga,New World Remuera,New World Newmarket",15,70.7,270,340.7,770.0,130.7,675.33,1445.33,5
Sat_02796,Saturday,"Pak 'n Save Clendon,Pak 'n Save Papakura,Four Square Botany Junction",13,106.8,234,340.8,770.0,130.8,675.68,1445.68,3
Sat_02797,Saturday,"New World Mt Roskill,Pak 'n Save Mt Albert,New World Mt Albert,New World Point Chevalier,New World New Lynn",16,52.8,288,340.8,770.0,130.8,676.04,1446.04,5
Sat_02798,Saturday,"New World Mt Albert,Four Square Eden Terrace,New World Newmarket,New World Metro Queen St,Pak 'n Save Royal Oak",15,71.0,270,341.0,770.0,131.0,676.67,1446.67,5
Sat_02799,Saturday,"Four Square Onehunga,New World New Lynn,New World Green Bay,Pak 'n Save Henderson",14,89.1,252,341.1,770.0,131.1,677.11,1447.11,4
Sat_02800,Saturday,"New World Newmarket,New World Remuera,New World Stonefields,Pak 'n Save Glen Innes",14,89.2,252,341.2,770.0,131.2,678.0,1448.0,4
Sat_02801,Saturday,"Four Square Pakuranga Heights,Pak 'n Save Highland Park,Pak 'n Save Botany,Four Square Botany Junction",14,89.6,252,341.6,770.0,131.6,680.12,1450.12,4
Sat_02802,Saturday,"New World Mt Roskill,Pak 'n Save Mt Albert,New World New Lynn,Pak 'n Save Royal Oak",16,53.7,288,341.7,770.0,131.7,680.23,1450.23,4
Sat_02803,Saturday,"New World Mt Albert,New World New Lynn,Pak 'n Save Henderson,Four Square Onehunga",14,89.7,252,341.7,770.0,131.7,680.48,1450.48,4
Sat_02804,Saturday,"New World Mt Roskill,New World Mt Albert,Pak 'n Save Royal Oak,Four Square Ellerslie,New World Newmarket",15,71.7,270,341.7,770.0,131.7,680.69,1450.69,5
Sat_02805,Saturday,"Pak 'n Save Highland Park,New World Howick,Pak 'n Save Botany",14,89.8,252,341.8,770.0,131.8,680.87,1450.87,3
Sat_02806,Saturday,"New World Mt Roskill,Pak 'n Save Mt Albert,New World Mt Albert,New World New Lynn,New World Green Bay",16,53.8,288,341.8,770.0,131.8,681.0,1451.0,5
Sat_02807,Saturday,"Four Square Fair Price Henderson,Pak 'n Save Henderson,Pak 'n Save Westgate,Four Square Hobsonville",14,90.2,252,342.2,770.0,132.2,683.29,1453.29,4
Sat_02808,Saturday,"Pak 'n Save Highland Park,Pak 'n Save Botany,New World Ormiston",14,90.3,252,342.3,770.0,132.3,683.73,1453.73,3
Sat_02809,Saturday,"Pak 'n Save Mt Albert,New World Mt Albert,Four Square Fair Price Henderson,New World Hobsonville,Four Square Glen Eden",13,108.4,234,342.4,770.0,132.4,683.81,1453.81,5
Sat_02810,Saturday,"New World Southmall,Pak 'n Save Papakura,New World Papakura,Four Square Botany Junction",13,108.4,234,342.4,770.0,132.4,684.02,1454.02,4
Sat_02811,Saturday,"Pak 'n Save Mt Albert,New World New Lynn,Four Square Glen Eden,Pak 'n Save Royal Oak",15,72.6,270,342.6,770.0,132.6,684.99,1454.99,4
Sat_02812,Saturday,"New World Newmarket,New World Remuera,New World Eastridge,Pak 'n Save Glen Innes",14,90.7,252,342.7,770.0,132.7,685.58,1455.58,4
Sat_02813,Saturday,"Pak 'n Save Manukau,Pak 'n Save Botany,Four Square Pakuranga Heights",14,90.7,252,342.7,770.0,132.7,685.81,1455.81,3
Sat_02814,Saturday,"Pak 'n Save Lincoln Road,Pak 'n Save Westgate,New World Hobsonville",15,72.8,270,342.8,770.0,132.8,686.13,1456.13,3
Sat_02815,Saturday,"Pak 'n Save Henderson,Pak 'n Save Clendon",13,109.4,234,343.4,770.0,133.4,689.03,1459.03,2
Sat_02816,Saturday,"New World Papatoetoe,New World Southmall,Pak 'n Save Ormiston,Four Square Ellerslie",13,109.4,234,343.4,770.0,133.4,689.28,1459.28,4
Sat_02817,Saturday,"Four Square Ellerslie,Four Square Remuera,New World Stonefields,Pak 'n Save Glen Innes,New World Eastridge",14,91.4,252,343.4,770.0,133.4,689.33,1459.33,5
Sat_02818,Saturday,"Pak 'n Save Mt Albert,New World Mt Albert,New World New Lynn,New World Green Bay,Four Square Onehunga",15,73.5,270,343.5,770.0,133.5,689.55,1459.55,5
Sat_02819,Saturday,"Pak 'n Save Highland Park,New World Botany,Pak 'n Save Ormiston",14,91.5,252,343.5,770.0,133.5,689.96,1459.96,3
Sat_02820,Saturday,"Pak 'n Save Lincoln Road,Pak 'n Save Ormiston",13,109.7,234,343.7,770.0,133.7,690.53,1460.53,2
Sat_02821,Saturday,"Four Square Ellerslie,Four Square Remuera,Pak 'n Save Glen Innes,Pak 'n Save Sylvia Park",14,91.7,252,343.7,770.0,133.7,690.74,1460.74,4
Sat_02822,Saturday,"Four Square Onehunga,Pak 'n Save Royal Oak,New World Remuera,Pak 'n Save Mangere",15,73.8,270,343.8,770.0,133.8,691.14,1461.14,4
Sat_02823,Saturday,"Pak 'n Save Highland Park,New World Ormiston,Pak 'n Save Ormiston",14,92.0,252,344.0,770.0,134.0,692.25,1462.25,3
Sat_02824,Saturday,"New World Mt Albert,New World Point Chevalier,Four Square Eden Terrace,New World Newmarket,New World Metro Queen St,New World Victoria Park",15,74.2,270,344.2,770.0,134.2,693.4,1463.4,6
Sat_02825,Saturday,"New World Remuera,Pak 'n Save Sylvia Park,Pak 'n Save Glen Innes",14,92.4,252,344.4,770.0,134.4,694.18,1464.18,3
Sat_02826,Saturday,"New World Stonefields,New World Botany,New World Ormiston,New World Howick",12,128.5,216,344.5,770.0,134.5,694.89,1464.89,4
Sat_02827,Saturday,"New World Mt Albert,Pak 'n Save Royal Oak,Pak 'n Save Sylvia Park",15,74.5,270,344.5,770.0,134.5,695.16,1465.16,3
Sat_02828,Saturday,"Pak 'n Save Lincoln Road,Pak 'n Save Botany",13,110.7,234,344.7,770.0,134.7,696.04,1466.04,2
Sat_02829,Saturday,"New World Newmarket,Four Square Ellerslie,Four Square Remuera,New World Stonefields,Pak 'n Save Glen Innes",14,93.0,252,345.0,770.0,135.0,697.39,1467.39,5
Sat_02830,Saturday,"Pak 'n Save Mt Albert,New World Green Bay,Four Square Glen Eden,Pak 'n Save Royal Oak",15,75.3,270,345.3,770.0,135.3,699.08,1469.08,4
Sat_02831,Saturday,"New World Milford,Pak 'n Save Albany,New World Devonport",12,129.3,216,345.3,770.0,135.3,699.28,1469.28,3
Sat_02832,Saturday,"Pak 'n Save Royal Oak,New World New Lynn,New World Green Bay,New World Point Chevalier",15,75.5,270,345.5,770.0,135.5,700.18,1470.18,4
Sat_02833,Saturday,"New World Metro Queen St,Four Square Remuera,New World Stonefields,Pak 'n Save Sylvia Park,Four Square St Heliers",13,111.6,234,345.6,770.0,135.6,700.42,1470.42,5
Sat_02834,Saturday,"New World Mt Roskill,Pak 'n Save Royal Oak,Four Square Eden Terrace,Pak 'n Save Mangere",15,75.6,270,345.6,770.0,135.6,700.58,1470.58,4
Sat_02835,Saturday,"Pak 'n Save Mt Albert,New World Mt Albert,New World Victoria Park,New World Metro Queen St,New World Remuera",15,75.6,270,345.6,770.0,135.6,700.67,1470.67,5
Sat_02836,Saturday,"New World Victoria Park,Pak 'n Save Wairau Road,Four Square Lancaster,New World Devonport",12,129.8,216,345.8,770.0,135.8,701.73,1471.73,4
Sat_02837,Saturday,"Four Square Remuera,New World Stonefields,Pak 'n Save Glen Innes,Four Square St Heliers,New World Eastridge",14,94.2,252,346.2,770.0,136.2,703.83,1473.83,5
Sat_02838,Saturday,"Pak 'n Save Manukau,New World Ormiston,Pak 'n Save Ormiston",15,76.3,270,346.3,770.0,136.3,704.03,1474.03,3
Sat_02839,Saturday,"New World Mt Roskill,Pak 'n Save Mt Albert,New World Green Bay,Pak 'n Save Royal Oak",16,58.4,288,346.4,770.0,136.4,704.83,1474.83,4
Sat_02840,Saturday,"Four Square Hobsonville,Pak 'n Save Wairau Road,New World Browns Bay,Four Square Torbay,New World Long Bay",12,130.6,216,346.6,770.0,136.6,705.52,1475.52,5
Sat_02841,Saturday,"Four Square Onehunga,Pak 'n Save Royal Oak,Four Square Ellerslie,Four Square Remuera,Pak 'n Save Mangere",15,76.7,270,346.7,770.0,136.7,706.26,1476.26,5
Sat_02842,Saturday,"Pak 'n Save Sylvia Park,Four Square Botany Junction,Pak 'n Save Papakura",13,112.7,234,346.7,770.0,136.7,706.48,1476.48,3
Sat_02843,Saturday,"New World Newmarket,Four Square Remuera,New World Stonefields,Pak 'n Save Glen Innes,Four Square St Heliers",14,94.7,252,346.7,770.0,136.7,706.52,1476.52,5
Sat_02844,Saturday,"Pak 'n Save Henderson,Pak 'n Save Glen Innes",13,113.1,234,347.1,770.0,137.1,708.41,1478.41,2
Sat_02845,Saturday,"Pak 'n Save Manukau,Pak 'n Save Sylvia Park,Four Square Pakuranga Heights",14,95.1,252,347.1,770.0,137.1,708.53,1478.53,3
Sat_02846,Saturday,"New World Mt Albert,Pak 'n Save Lincoln Road,Four Square Fair Price Henderson,Four Square Glen Eden,Four Square Hobsonville",13,113.4,234,347.4,770.0,137.4,709.72,1479.72,5
Sat_02847,Saturday,"Pak 'n Save Wairau Road,Pak 'n Save Albany,New World Albany",14,95.5,252,347.5,770.0,137.5,710.47,1480.47,3
Sat_02848,Saturday,"Four Square Hobsonville,Pak 'n Save Wairau Road,New World Milford,New World Long Bay",12,131.7,216,347.7,770.0,137.7,711.67,1481.67,4
Sat_02849,Saturday,"New World Papatoetoe,Pak 'n Save Manukau,Pak 'n Save Sylvia Park",15,77.9,270,347.9,770.0,137.9,712.62,1482.62,3
Sat_02850,Saturday,"New World Stonefields,New World Howick,Four Square Botany Junction,Pak 'n Save Ormiston",13,114.0,234,348.0,770.0,138.0,712.92,1482.92,4
Sat_02851,Saturday,"Pak 'n Save Glen Innes,Pak 'n Save Albany",12,132.1,216,348.1,770.0,138.1,713.39,1483.39,2
Sat_02852,Saturday,"New World Remuera,New World Stonefields,Pak 'n Save Sylvia Park,New World Eastridge",14,96.4,252,348.4,770.0,138.4,715.01,1485.01,4
Sat_02853,Saturday,"New World Metro Queen St,New World Birkenhead,Pak 'n Save Wairau Road,New World Albany",13,114.4,234,348.4,770.0,138.4,715.16,1485.16,4
Sat_02854,Saturday,"New World Birkenhead,New World Milford,New World Browns Bay,New World Devonport",11,150.6,198,348.6,770.0,138.6,715.9,1485.9,4
Sat_02855,Saturday,"Pak 'n Save Mt Albert,New World Point Chevalier,Four Square Eden Terrace,Four Square Onehunga,New World New Lynn,Four Square Glen Eden",14,96.8,252,348.8,770.0,138.8,717.15,1487.15,6
Sat_02856,Saturday,"Pak 'n Save Manukau,New World Southmall,Pak 'n Save Clendon",15,78.8,270,348.8,770.0,138.8,717.21,1487.21,3
Sat_02857,Saturday,"Pak 'n Save Mt Albert,Four Square Onehunga,Pak 'n Save Mangere,New World Papatoetoe",15,79.0,270,349.0,770.0,139.0,718.02,1488.02,4
Sat_02858,Saturday,"Pak 'n Save Albany,New World Albany,New World Long Bay,Four Square Torbay",13,115.0,234,349.0,770.0,139.0,718.09,1488.09,4
Sat_02859,Saturday,"New World Mt Albert,New World Point Chevalier,Four Square Eden Terrace,New World Newmarket,Pak 'n Save Royal Oak",16,61.1,288,349.1,770.0,139.1,718.61,1488.61,5
Sat_02860,Saturday,"New World Papatoetoe,Pak 'n Save Manukau,Pak 'n Save Ormiston",15,79.3,270,349.3,770.0,139.3,719.79,1489.79,3
Sat_02861,Saturday,"New World Southmall,Four Square Botany Junction,Pak 'n Save Ormiston,New World Howick",13,115.6,234,349.6,770.0,139.6,721.24,1491.24,4
Sat_02862,Saturday,"Pak 'n Save Mangere,New World Papatoetoe,Pak 'n Save Sylvia Park",15,79.6,270,349.6,770.0,139.6,721.31,1491.31,3
Sat_02863,Saturday,"New World Victoria Park,Pak 'n Save Wairau Road,Pak 'n Save Albany",14,97.7,252,349.7,770.0,139.7,721.87,1491.87,3
Sat_02864,Saturday,"New World Birkenhead,Pak 'n Save Albany,New World Devonport",12,133.8,216,349.8,770.0,139.8,722.33,1492.33,3
Sat_02865,Saturday,"New World Papatoetoe,Pak 'n Save Manukau,Pak 'n Save Clendon",15,79.9,270,349.9,770.0,139.9,722.79,1492.79,3
Sat_02866,Saturday,"New World Victoria Park,New World Milford,New World Albany,New World Browns Bay,Four Square Lancaster",12,134.2,216,350.2,770.0,140.2,724.2,1494.2,5
Sat_02867,Saturday,"Pak 'n Save Mangere,New World Papatoetoe,Pak 'n Save Clendon",15,80.2,270,350.2,770.0,140.2,724.25,1494.25,3
Sat_02868,Saturday,"Four Square Pakuranga Heights,Pak 'n Save Sylvia Park,Pak 'n Save Glen Innes",14,98.4,252,350.4,770.0,140.4,725.34,1495.34,3
Sat_02869,Saturday,"New World Point Chevalier,New World Newmarket,New World Metro Queen St,New World Victoria Park,New World Birkenhead",14,98.5,252,350.5,770.0,140.5,725.74,1495.74,5
Sat_02870,Saturday,"New World Hobsonville,Pak 'n Save Albany,Pak 'n Save Wairau Road",14,98.6,252,350.6,770.0,140.6,726.35,1496.35,3
Sat_02871,Saturday,"Pak 'n Save Mangere,New World Southmall,Pak 'n Save Clendon",15,80.6,270,350.6,770.0,140.6,726.5,1496.5,3
Sat_02872,Saturday,"New World Hobsonville,Four Square Hobsonville,Pak 'n Save Albany,New World Long Bay",13,116.8,234,350.8,770.0,140.8,727.5,1497.5,4
Sat_02873,Saturday,"Four Square Remuera,Pak 'n Save Glen Innes,Four Square St Heliers,Pak 'n Save Sylvia Park",14,98.9,252,350.9,770.0,140.9,727.85,1497.85,4
Sat_02874,Saturday,"New World Metro Queen St,Pak 'n Save Wairau Road,New World Milford,New World Devonport",13,116.9,234,350.9,770.0,140.9,728.12,1498.12,4
Sat_02875,Saturday,"Pak 'n Save Mt Albert,New World Mt Albert,Pak 'n Save Royal Oak,Four Square Glen Eden",15,81.3,270,351.3,770.0,141.3,729.88,1499.88,4
Sat_02876,Saturday,"New World Mt Albert,New World Victoria Park,Pak 'n Save Royal Oak,New World New Lynn",15,81.4,270,351.4,770.0,141.4,730.53,1500.53,4
Sat_02877,Saturday,"Pak 'n Save Lincoln Road,Pak 'n Save Papakura",13,117.6,234,351.6,770.0,141.6,731.46,1501.46,2
Sat_02878,Saturday,"New World Birkenhead,New World Metro Shore City,New World Milford,Pak 'n Save Albany",13,117.6,234,351.6,770.0,141.6,731.59,1501.59,4
Sat_02879,Saturday,"Four Square Pakuranga Heights,Pak 'n Save Highland Park,New World Howick,Four Square Botany Junction,New World Ormiston",14,99.7,252,351.7,770.0,141.7,732.31,1502.31,5
Sat_02880,Saturday,"Four Square Ellerslie,New World Stonefields,Pak 'n Save Sylvia Park,Four Square Pakuranga Heights,Four Square St Heliers",13,117.9,234,351.9,770.0,141.9,733.36,1503.36,5
Sat_02881,Saturday,"Pak 'n Save Mt Albert,New World Mt Albert,New World Point Chevalier,Four Square Eden Terrace,Four Square Onehunga,Four Square Glen Eden",14,100.0,252,352.0,770.0,142.0,733.69,1503.69,6
Sat_02882,Saturday,"Pak 'n Save Henderson,Pak 'n Save Ormiston",13,118.1,234,352.1,770.0,142.1,734.38,1504.38,2
Sat_02883,Saturday,"New World Birkenhead,Four Square Lancaster,New World Milford,Pak 'n Save Albany",13,118.5,234,352.5,770.0,142.5,736.22,1506.22,4
Sat_02884,Saturday,"Pak 'n Save Botany,Pak 'n Save Albany",12,136.5,216,352.5,770.0,142.5,736.49,1506.49,2
Sat_02885,Saturday,"Pak 'n Save Ormiston,Pak 'n Save Albany",12,136.6,216,352.6,770.0,142.6,737.01,1507.01,2
Sat_02886,Saturday,"Pak 'n Save Clendon,Pak 'n Save Albany",12,137.1,216,353.1,770.0,143.1,739.21,1509.21,2
Sat_02887,Saturday,"Pak 'n Save Wairau Road,New World Albany,New World Browns Bay,New World Long Bay",13,119.1,234,353.1,770.0,143.1,739.44,1509.44,4
Sat_02888,Saturday,"Pak 'n Save Henderson,Pak 'n Save Botany",13,119.2,234,353.2,770.0,143.2,739.89,1509.89,2
Sat_02889,Saturday,"Pak 'n Save Wairau Road,New World Milford,Pak 'n Save Albany",14,101.2,252,353.2,770.0,143.2,739.99,1509.99,3
Sat_02890,Saturday,"Pak 'n Save Royal Oak,Pak 'n Save Mangere,New World Southmall",15,83.3,270,353.3,770.0,143.3,740.55,1510.55,3
Sat_02891,Saturday,"Pak 'n Save Lincoln Road,Pak 'n Save Henderson,Four Square Hobsonville",15,83.6,270,353.6,770.0,143.6,742.18,1512.18,3
Sat_02892,Saturday,"New World Hobsonville,New World Albany,Pak 'n Save Wairau Road,Four Square Torbay",12,137.9,216,353.9,770.0,143.9,743.33,1513.33,4
Sat_02893,Saturday,"New World Mt Roskill,New World Point Chevalier,Four Square Eden Terrace,New World Metro Queen St,Pak 'n Save Lincoln Road",15,84.6,270,354.6,770.0,144.6,747.22,1517.22,5
Sat_02894,Saturday,"New World Mt Roskill,New World Mt Albert,New World Green Bay,Four Square Onehunga,Pak 'n Save Mangere",15,84.7,270,354.7,770.0,144.7,747.54,1517.54,5
Sat_02895,Saturday,"Four Square Pakuranga Heights,New World Botany,New World Ormiston,Pak 'n Save Sylvia Park",14,102.8,252,354.8,770.0,144.8,747.91,1517.91,4
Sat_02896,Saturday,"Pak 'n Save Lincoln Road,New World Hobsonville,Four Square Hobsonville,New World Albany",14,103.1,252,355.1,770.0,145.1,749.62,1519.62,4
Sat_02897,Saturday,"New World Papatoetoe,New World Ormiston,Pak 'n Save Clendon,Four Square Ellerslie",13,121.5,234,355.5,770.0,145.5,751.89,1521.89,4
Sat_02898,Saturday,"New World Metro Shore City,Pak 'n Save Wairau Road,Four Square Lancaster,Pak 'n Save Albany",13,121.7,234,355.7,770.0,145.7,752.92,1522.92,4
Sat_02899,Saturday,"Pak 'n Save Westgate,New World Hobsonville,Pak 'n Save Henderson",15,86.0,270,356.0,770.0,146.0,754.44,1524.44,3
Sat_02900,Saturday,"Pak 'n Save Sylvia Park,New World Botany,Four Square Botany Junction,New World Howick",13,122.5,234,356.5,770.0,146.5,756.98,1526.98,4
Sat_02901,Saturday,"New World Southmall,Pak 'n Save Clendon,Four Square Botany Junction,New World Papakura",13,122.6,234,356.6,770.0,146.6,757.64,1527.64,4
Sat_02902,Saturday,"Pak 'n Save Sylvia Park,Pak 'n Save Highland Park,New World Ormiston",14,105.0,252,357.0,770.0,147.0,759.62,1529.62,3
Sat_02903,Saturday,"New World Papatoetoe,Pak 'n Save Manukau,Pak 'n Save Botany",15,88.0,270,358.0,770.0,148.0,764.58,1534.58,3
Sat_02904,Saturday,"New World Mt Roskill,Pak 'n Save Mt Albert,New World Green Bay,Pak 'n Save Mangere",16,70.2,288,358.2,770.0,148.2,765.62,1535.62,4
Sat_02905,Saturday,"Pak 'n Save Manukau,Pak 'n Save Ormiston,New World Southmall",15,88.5,270,358.5,770.0,148.5,767.13,1537.13,3
Sat_02906,Saturday,"Pak 'n Save Manukau,Pak 'n Save Ormiston,New World Botany",15,88.5,270,358.5,770.0,148.5,767.26,1537.26,3
Sat_02907,Saturday,"Pak 'n Save Papakura,Pak 'n Save Albany",12,143.1,216,359.1,770.0,149.1,770.36,1540.36,2
Sat_02908,Saturday,"Pak 'n Save Manukau,New World Ormiston,Pak 'n Save Botany",15,89.6,270,359.6,770.0,149.6,772.88,1542.88,3
Sat_02909,Saturday,"New World Victoria Park,Pak 'n Save Wairau Road,New World Milford,New World Albany",14,108.1,252,360.1,770.0,150.1,775.66,1545.66,4
Sat_02910,Saturday,"Pak 'n Save Ormiston,New World Botany,Pak 'n Save Botany",15,90.3,270,360.3,770.0,150.3,776.52,1546.52,3
Sat_02911,Saturday,"Pak 'n Save Mt Albert,New World Point Chevalier,Four Square Eden Terrace,New World Victoria Park,New World Remuera,Four Square Ellerslie",15,90.4,270,360.4,770.0,150.4,777.19,1547.19,6
Sat_02912,Saturday,"Four Square Onehunga,Pak 'n Save Royal Oak,Pak 'n Save Mangere,New World Papatoetoe",16,72.8,288,360.8,770.0,150.8,778.89,1548.89,4
