route_id,stops,num_stops,total_pallets,total_duration_sec,cost,over_policy_35h,overtime_4h,total_duration_hms
Sat_00001,Four Square Botany Junction,1,1,5120.98,312.95,False,False,01:25:20.980000
Sat_00002,Four Square Pakuranga Heights;Four Square Botany Junction,2,3,7968.59,486.97,False,False,02:12:48.590000
Sat_00003,Four Square Pakuranga Heights;New World Botany;Four Square Botany Junction,3,6,11287.53,689.79,False,False,03:08:07.530000
Sat_00004,Four Square Pakuranga Heights;New World Howick;New World Botany;Four Square Botany Junction,4,9,15308.88,1190.0,True,True,04:15:08.880000
Sat_00005,Four Square Pakuranga Heights;New World Howick;New World Botany;New World Ormiston;Four Square Botany Junction,5,12,18855.77,1500.0,True,True,05:14:15.770000
Sat_00006,Four Square Pakuranga Heights;New World Howick;New World Botany;Four Square Botany Junction;New World Papatoetoe,5,12,18850.17,1500.0,True,True,05:14:10.170000
Sat_00007,Four Square Pakuranga Heights;New World Howick;New World Botany;Four Square Botany Junction;New World Southmall,5,12,19341.84,1500.0,True,True,05:22:21.840000
Sat_00008,Four Square Pakuranga Heights;Pak 'n Save Highland Park;New World Howick;New World Botany;Four Square Botany Junction,5,14,20763.65,1500.0,True,True,05:46:03.650000
Sat_00009,Four Square Pakuranga Heights;New World Howick;Pak 'n Save Botany;New World Botany;Four Square Botany Junction,5,15,21830.74,1810.0,True,True,06:03:50.740000
Sat_00010,Four Square Pakuranga Heights;New World Howick;New World Botany;Four Square Botany Junction;Pak 'n Save Manukau,5,15,21962.56,1810.0,True,True,06:06:02.560000
Sat_00011,Four Square Pakuranga Heights;New World Howick;New World Botany;Pak 'n Save Ormiston;Four Square Botany Junction,5,15,22176.35,1810.0,True,True,06:09:36.350000
Sat_00012,Four Square Botany Junction;New World Botany;New World Howick;Four Square Pakuranga Heights;Pak 'n Save Sylvia Park,5,15,22680.13,1810.0,True,True,06:18:00.130000
Sat_00013,Four Square Pakuranga Heights;New World Botany;New World Ormiston;Four Square Botany Junction,4,9,14834.42,1190.0,True,True,04:07:14.420000
Sat_00014,Four Square Pakuranga Heights;New World Botany;New World Ormiston;Four Square Botany Junction;New World Papatoetoe,5,12,18375.71,1500.0,True,True,05:06:15.710000
Sat_00015,Four Square Pakuranga Heights;New World Botany;New World Ormiston;Four Square Botany Junction;New World Southmall,5,12,18867.38,1500.0,True,True,05:14:27.380000
Sat_00016,Four Square Pakuranga Heights;Pak 'n Save Highland Park;New World Botany;New World Ormiston;Four Square Botany Junction,5,14,20796.81,1500.0,True,True,05:46:36.810000
Sat_00017,Four Square Pakuranga Heights;Pak 'n Save Botany;New World Botany;New World Ormiston;Four Square Botany Junction,5,15,21427.61,1500.0,True,True,05:57:07.610000
Sat_00018,Four Square Pakuranga Heights;New World Botany;New World Ormiston;Four Square Botany Junction;Pak 'n Save Manukau,5,15,21488.1,1500.0,True,True,05:58:08.100000
Sat_00019,Four Square Pakuranga Heights;New World Botany;New World Ormiston;Pak 'n Save Ormiston;Four Square Botany Junction,5,15,21455.24,1500.0,True,True,05:57:35.240000
Sat_00020,Pak 'n Save Sylvia Park;Four Square Pakuranga Heights;New World Botany;New World Ormiston;Four Square Botany Junction,5,15,22237.65,1810.0,True,True,06:10:37.650000
Sat_00021,Four Square Pakuranga Heights;New World Botany;Four Square Botany Junction;New World Papatoetoe,4,9,14828.82,1190.0,True,True,04:07:08.820000
Sat_00022,Four Square Pakuranga Heights;New World Botany;Four Square Botany Junction;New World Southmall;New World Papatoetoe,5,12,19173.87,1500.0,True,True,05:19:33.870000
Sat_00023,Four Square Pakuranga Heights;Pak 'n Save Highland Park;New World Botany;Four Square Botany Junction;New World Papatoetoe,5,14,20791.21,1500.0,True,True,05:46:31.210000
Sat_00024,Four Square Pakuranga Heights;Pak 'n Save Botany;New World Botany;Four Square Botany Junction;New World Papatoetoe,5,15,21422.01,1500.0,True,True,05:57:02.010000
Sat_00025,Four Square Pakuranga Heights;New World Botany;Four Square Botany Junction;New World Papatoetoe;Pak 'n Save Mangere,5,15,21674.28,1810.0,True,True,06:01:14.280000
Sat_00026,Four Square Pakuranga Heights;New World Botany;Four Square Botany Junction;Pak 'n Save Manukau;New World Papatoetoe,5,15,21412.54,1500.0,True,True,05:56:52.540000
Sat_00027,Four Square Pakuranga Heights;New World Botany;Pak 'n Save Ormiston;Four Square Botany Junction;New World Papatoetoe,5,15,21696.29,1810.0,True,True,06:01:36.290000
Sat_00028,New World Papatoetoe;Four Square Botany Junction;New World Botany;Four Square Pakuranga Heights;Pak 'n Save Sylvia Park,5,15,22166.44,1810.0,True,True,06:09:26.440000
Sat_00029,Four Square Pakuranga Heights;New World Botany;Four Square Botany Junction;New World Southmall,4,9,15320.49,1190.0,True,True,04:15:20.490000
Sat_00030,Four Square Pakuranga Heights;Pak 'n Save Highland Park;New World Botany;Four Square Botany Junction;New World Southmall,5,14,21282.88,1500.0,True,True,05:54:42.880000
Sat_00031,Four Square Pakuranga Heights;Pak 'n Save Botany;New World Botany;Four Square Botany Junction;New World Southmall,5,15,21913.68,1810.0,True,True,06:05:13.680000
Sat_00032,Four Square Pakuranga Heights;New World Botany;Four Square Botany Junction;New World Southmall;Pak 'n Save Clendon,5,15,22275.92,1810.0,True,True,06:11:15.920000
Sat_00033,Four Square Pakuranga Heights;New World Botany;Four Square Botany Junction;Pak 'n Save Manukau;New World Southmall,5,15,22078.0,1810.0,True,True,06:07:58
Sat_00034,Four Square Pakuranga Heights;New World Botany;Pak 'n Save Ormiston;Four Square Botany Junction;New World Southmall,5,15,22187.96,1810.0,True,True,06:09:47.960000
Sat_00035,Four Square Pakuranga Heights;New World Botany;Four Square Botany Junction;Pak 'n Save Papakura;New World Southmall,5,15,22937.01,1810.0,True,True,06:22:17.010000
Sat_00036,New World Southmall;Four Square Botany Junction;New World Botany;Four Square Pakuranga Heights;Pak 'n Save Sylvia Park,5,15,22662.95,1810.0,True,True,06:17:42.950000
Sat_00037,Four Square Pakuranga Heights;Pak 'n Save Highland Park;New World Botany;Four Square Botany Junction,4,11,17249.92,1190.0,True,True,04:47:29.920000
Sat_00038,Four Square Pakuranga Heights;Pak 'n Save Botany;New World Botany;Four Square Botany Junction,4,12,17880.72,1190.0,True,True,04:58:00.720000
Sat_00039,Four Square Pakuranga Heights;New World Botany;Four Square Botany Junction;Pak 'n Save Manukau,4,12,17941.21,1190.0,True,True,04:59:01.210000
Sat_00040,Four Square Pakuranga Heights;New World Botany;Pak 'n Save Ormiston;Four Square Botany Junction,4,12,18155.0,1500.0,True,True,05:02:35
Sat_00041,Pak 'n Save Sylvia Park;Four Square Pakuranga Heights;New World Botany;Four Square Botany Junction,4,12,18690.76,1500.0,True,True,05:11:30.760000
Sat_00042,Four Square Pakuranga Heights;New World Howick;Four Square Botany Junction,3,6,12035.29,735.49,False,False,03:20:35.290000
Sat_00043,Four Square Pakuranga Heights;New World Howick;New World Ormiston;Four Square Botany Junction,4,9,15582.17,1190.0,True,True,04:19:42.170000
Sat_00044,Four Square Pakuranga Heights;New World Howick;New World Ormiston;Four Square Botany Junction;New World Papatoetoe,5,12,19123.46,1500.0,True,True,05:18:43.460000
Sat_00045,Four Square Pakuranga Heights;New World Howick;New World Ormiston;Four Square Botany Junction;New World Southmall,5,12,19615.13,1500.0,True,True,05:26:55.130000
Sat_00046,Four Square Pakuranga Heights;Pak 'n Save Highland Park;New World Howick;New World Ormiston;Four Square Botany Junction,5,14,21036.94,1500.0,True,True,05:50:36.940000
Sat_00047,Four Square Pakuranga Heights;New World Howick;Pak 'n Save Botany;New World Ormiston;Four Square Botany Junction,5,15,22104.03,1810.0,True,True,06:08:24.030000
Sat_00048,Four Square Pakuranga Heights;New World Howick;New World Ormiston;Four Square Botany Junction;Pak 'n Save Manukau,5,15,22235.85,1810.0,True,True,06:10:35.850000
Sat_00049,Four Square Pakuranga Heights;New World Howick;New World Ormiston;Pak 'n Save Ormiston;Four Square Botany Junction,5,15,22202.99,1810.0,True,True,06:10:02.990000
Sat_00050,Four Square Botany Junction;New World Ormiston;New World Howick;Four Square Pakuranga Heights;Pak 'n Save Sylvia Park,5,15,22916.17,1810.0,True,True,06:21:56.170000
Sat_00051,Four Square Pakuranga Heights;New World Howick;Four Square Botany Junction;New World Papatoetoe,4,9,15576.58,1190.0,True,True,04:19:36.580000
Sat_00052,Four Square Pakuranga Heights;New World Howick;Four Square Botany Junction;New World Southmall;New World Papatoetoe,5,12,19921.63,1500.0,True,True,05:32:01.630000
Sat_00053,Four Square Pakuranga Heights;Pak 'n Save Highland Park;New World Howick;Four Square Botany Junction;New World Papatoetoe,5,14,21031.35,1500.0,True,True,05:50:31.350000
Sat_00054,Four Square Pakuranga Heights;New World Howick;Pak 'n Save Botany;Four Square Botany Junction;New World Papatoetoe,5,15,22098.44,1810.0,True,True,06:08:18.440000
Sat_00055,Four Square Pakuranga Heights;New World Howick;Four Square Botany Junction;New World Papatoetoe;Pak 'n Save Mangere,5,15,22422.04,1810.0,True,True,06:13:42.040000
Sat_00056,Four Square Pakuranga Heights;New World Howick;Four Square Botany Junction;Pak 'n Save Manukau;New World Papatoetoe,5,15,22160.3,1810.0,True,True,06:09:20.300000
Sat_00057,Four Square Pakuranga Heights;New World Howick;Pak 'n Save Ormiston;Four Square Botany Junction;New World Papatoetoe,5,15,22444.04,1810.0,True,True,06:14:04.040000
Sat_00058,New World Papatoetoe;Four Square Botany Junction;New World Howick;Four Square Pakuranga Heights;Pak 'n Save Sylvia Park,5,15,22805.59,1810.0,True,True,06:20:05.590000
Sat_00059,Four Square Pakuranga Heights;New World Howick;Four Square Botany Junction;New World Southmall,4,9,16068.25,1190.0,True,True,04:27:48.250000
Sat_00060,Four Square Pakuranga Heights;Pak 'n Save Highland Park;New World Howick;Four Square Botany Junction;New World Southmall,5,14,21523.02,1500.0,True,True,05:58:43.020000
Sat_00061,Four Square Pakuranga Heights;New World Howick;Pak 'n Save Botany;Four Square Botany Junction;New World Southmall,5,15,22590.11,1810.0,True,True,06:16:30.110000
Sat_00062,Four Square Pakuranga Heights;New World Howick;Four Square Botany Junction;New World Southmall;Pak 'n Save Clendon,5,15,23023.68,1810.0,True,True,06:23:43.680000
Sat_00063,Four Square Pakuranga Heights;New World Howick;Four Square Botany Junction;Pak 'n Save Manukau;New World Southmall,5,15,22825.76,1810.0,True,True,06:20:25.760000
Sat_00064,Four Square Pakuranga Heights;New World Howick;Pak 'n Save Ormiston;Four Square Botany Junction;New World Southmall,5,15,22935.71,1810.0,True,True,06:22:15.710000
Sat_00065,Four Square Pakuranga Heights;New World Howick;Four Square Botany Junction;Pak 'n Save Papakura;New World Southmall,5,15,23684.77,1810.0,True,True,06:34:44.770000
Sat_00066,New World Southmall;Four Square Botany Junction;New World Howick;Four Square Pakuranga Heights;Pak 'n Save Sylvia Park,5,15,23302.1,1810.0,True,True,06:28:22.100000
Sat_00067,Four Square Pakuranga Heights;Pak 'n Save Highland Park;New World Howick;Four Square Botany Junction,4,11,17490.06,1190.0,True,True,04:51:30.060000
Sat_00068,Four Square Pakuranga Heights;New World Howick;Pak 'n Save Botany;Four Square Botany Junction,4,12,18557.15,1500.0,True,True,05:09:17.150000
Sat_00069,Four Square Pakuranga Heights;New World Howick;Four Square Botany Junction;Pak 'n Save Manukau,4,12,18688.97,1500.0,True,True,05:11:28.970000
Sat_00070,Four Square Pakuranga Heights;New World Howick;Pak 'n Save Ormiston;Four Square Botany Junction,4,12,18902.75,1500.0,True,True,05:15:02.750000
Sat_00071,Four Square Botany Junction;New World Howick;Four Square Pakuranga Heights;Pak 'n Save Sylvia Park,4,12,19379.97,1500.0,True,True,05:22:59.970000
Sat_00072,Four Square Pakuranga Heights;New World Ormiston;Four Square Botany Junction,3,6,11521.36,704.08,False,False,03:12:01.360000
Sat_00073,Four Square Pakuranga Heights;New World Ormiston;Four Square Botany Junction;New World Papatoetoe,4,9,15062.65,1190.0,True,True,04:11:02.650000
Sat_00074,Four Square Pakuranga Heights;New World Ormiston;Four Square Botany Junction;New World Southmall;New World Papatoetoe,5,12,19407.7,1500.0,True,True,05:23:27.700000
Sat_00075,Four Square Pakuranga Heights;Pak 'n Save Highland Park;New World Ormiston;Four Square Botany Junction;New World Papatoetoe,5,14,21064.51,1500.0,True,True,05:51:04.510000
Sat_00076,Four Square Pakuranga Heights;Pak 'n Save Botany;New World Ormiston;Four Square Botany Junction;New World Papatoetoe,5,15,21695.3,1810.0,True,True,06:01:35.300000
Sat_00077,Four Square Pakuranga Heights;New World Ormiston;Four Square Botany Junction;New World Papatoetoe;Pak 'n Save Mangere,5,15,21908.11,1810.0,True,True,06:05:08.110000
Sat_00078,Four Square Pakuranga Heights;New World Ormiston;Four Square Botany Junction;Pak 'n Save Manukau;New World Papatoetoe,5,15,21646.37,1810.0,True,True,06:00:46.370000
Sat_00079,Four Square Pakuranga Heights;New World Ormiston;Pak 'n Save Ormiston;Four Square Botany Junction;New World Papatoetoe,5,15,21683.47,1810.0,True,True,06:01:23.470000
Sat_00080,New World Papatoetoe;Four Square Botany Junction;New World Ormiston;Four Square Pakuranga Heights;Pak 'n Save Sylvia Park,5,15,22402.48,1810.0,True,True,06:13:22.480000
Sat_00081,Four Square Pakuranga Heights;New World Ormiston;Four Square Botany Junction;New World Southmall,4,9,15554.32,1190.0,True,True,04:19:14.320000
Sat_00082,Four Square Pakuranga Heights;Pak 'n Save Highland Park;New World Ormiston;Four Square Botany Junction;New World Southmall,5,14,21556.18,1500.0,True,True,05:59:16.180000
Sat_00083,Four Square Pakuranga Heights;Pak 'n Save Botany;New World Ormiston;Four Square Botany Junction;New World Southmall,5,15,22186.97,1810.0,True,True,06:09:46.970000
Sat_00084,Four Square Pakuranga Heights;New World Ormiston;Four Square Botany Junction;New World Southmall;Pak 'n Save Clendon,5,15,22509.75,1810.0,True,True,06:15:09.750000
Sat_00085,Four Square Pakuranga Heights;New World Ormiston;Four Square Botany Junction;Pak 'n Save Manukau;New World Southmall,5,15,22311.83,1810.0,True,True,06:11:51.830000
Sat_00086,Four Square Pakuranga Heights;New World Ormiston;Pak 'n Save Ormiston;Four Square Botany Junction;New World Southmall,5,15,22175.14,1810.0,True,True,06:09:35.140000
Sat_00087,Four Square Pakuranga Heights;New World Ormiston;Four Square Botany Junction;Pak 'n Save Papakura;New World Southmall,5,15,23170.84,1810.0,True,True,06:26:10.840000
Sat_00088,New World Southmall;New World Ormiston;Four Square Botany Junction;Four Square Pakuranga Heights;Pak 'n Save Sylvia Park,5,15,22898.86,1810.0,True,True,06:21:38.860000
Sat_00089,Four Square Pakuranga Heights;Pak 'n Save Highland Park;New World Ormiston;Four Square Botany Junction,4,11,17523.22,1190.0,True,True,04:52:03.220000
Sat_00090,Four Square Pakuranga Heights;Pak 'n Save Botany;New World Ormiston;Four Square Botany Junction,4,12,18154.01,1500.0,True,True,05:02:34.010000
Sat_00091,Four Square Pakuranga Heights;New World Ormiston;Four Square Botany Junction;Pak 'n Save Manukau,4,12,18175.04,1500.0,True,True,05:02:55.040000
Sat_00092,Four Square Pakuranga Heights;New World Ormiston;Pak 'n Save Ormiston;Four Square Botany Junction,4,12,18142.18,1500.0,True,True,05:02:22.180000
Sat_00093,Pak 'n Save Sylvia Park;Four Square Pakuranga Heights;New World Ormiston;Four Square Botany Junction,4,12,18924.59,1500.0,True,True,05:15:24.590000
Sat_00094,Four Square Pakuranga Heights;Four Square Botany Junction;New World Papatoetoe,3,6,11509.88,703.38,False,False,03:11:49.880000
Sat_00095,Four Square Pakuranga Heights;Four Square Botany Junction;New World Southmall;New World Papatoetoe,4,9,15854.93,1190.0,True,True,04:24:14.930000
Sat_00096,Four Square Pakuranga Heights;Pak 'n Save Highland Park;Four Square Botany Junction;New World Southmall;New World Papatoetoe,5,14,21862.68,1810.0,True,True,06:04:22.680000
Sat_00097,Four Square Pakuranga Heights;Pak 'n Save Botany;Four Square Botany Junction;New World Southmall;New World Papatoetoe,5,15,22493.47,1810.0,True,True,06:14:53.470000
Sat_00098,Four Square Pakuranga Heights;Four Square Botany Junction;New World Southmall;Pak 'n Save Clendon;New World Papatoetoe,5,15,22826.78,1810.0,True,True,06:20:26.780000
Sat_00099,Four Square Pakuranga Heights;Four Square Botany Junction;New World Southmall;New World Papatoetoe;Pak 'n Save Mangere,5,15,22700.39,1810.0,True,True,06:18:20.390000
Sat_00100,Four Square Pakuranga Heights;Four Square Botany Junction;New World Southmall;Pak 'n Save Manukau;New World Papatoetoe,5,15,22440.26,1810.0,True,True,06:14:00.260000
Sat_00101,Four Square Pakuranga Heights;Pak 'n Save Ormiston;Four Square Botany Junction;New World Southmall;New World Papatoetoe,5,15,22728.28,1810.0,True,True,06:18:48.280000
Sat_00102,Four Square Pakuranga Heights;Four Square Botany Junction;Pak 'n Save Papakura;New World Southmall;New World Papatoetoe,5,15,23471.45,1810.0,True,True,06:31:11.450000
Sat_00103,New World Papatoetoe;New World Southmall;Four Square Botany Junction;Four Square Pakuranga Heights;Pak 'n Save Sylvia Park,5,15,22985.86,1810.0,True,True,06:23:05.860000
Sat_00104,Four Square Pakuranga Heights;Pak 'n Save Highland Park;Four Square Botany Junction;New World Papatoetoe,4,11,17517.63,1190.0,True,True,04:51:57.630000
Sat_00105,Four Square Pakuranga Heights;Pak 'n Save Botany;Four Square Botany Junction;New World Papatoetoe,4,12,18148.42,1500.0,True,True,05:02:28.420000
Sat_00106,Four Square Pakuranga Heights;Four Square Botany Junction;New World Papatoetoe;Pak 'n Save Mangere,4,12,18355.34,1500.0,True,True,05:05:55.340000
Sat_00107,Four Square Pakuranga Heights;Four Square Botany Junction;Pak 'n Save Manukau;New World Papatoetoe,4,12,18093.6,1500.0,True,True,05:01:33.600000
Sat_00108,Four Square Pakuranga Heights;Pak 'n Save Ormiston;Four Square Botany Junction;New World Papatoetoe,4,12,18383.23,1500.0,True,True,05:06:23.230000
Sat_00109,New World Papatoetoe;Four Square Botany Junction;Four Square Pakuranga Heights;Pak 'n Save Sylvia Park,4,12,18866.28,1500.0,True,True,05:14:26.280000
Sat_00110,Four Square Pakuranga Heights;Four Square Botany Junction;New World Southmall,3,6,12001.55,733.43,False,False,03:20:01.550000
Sat_00111,Four Square Pakuranga Heights;Pak 'n Save Highland Park;Four Square Botany Junction;New World Southmall,4,11,18009.3,1500.0,True,True,05:00:09.300000
Sat_00112,Four Square Pakuranga Heights;Pak 'n Save Botany;Four Square Botany Junction;New World Southmall,4,12,18640.09,1500.0,True,True,05:10:40.090000
Sat_00113,Four Square Pakuranga Heights;Four Square Botany Junction;New World Southmall;Pak 'n Save Clendon,4,12,18956.98,1500.0,True,True,05:15:56.980000
Sat_00114,Four Square Pakuranga Heights;Four Square Botany Junction;Pak 'n Save Manukau;New World Southmall,4,12,18759.06,1500.0,True,True,05:12:39.060000
Sat_00115,Four Square Pakuranga Heights;Pak 'n Save Ormiston;Four Square Botany Junction;New World Southmall,4,12,18874.9,1500.0,True,True,05:14:34.900000
Sat_00116,Four Square Pakuranga Heights;Four Square Botany Junction;Pak 'n Save Papakura;New World Southmall,4,12,19618.07,1500.0,True,True,05:26:58.070000
Sat_00117,New World Southmall;Four Square Botany Junction;Four Square Pakuranga Heights;Pak 'n Save Sylvia Park,4,12,19362.79,1500.0,True,True,05:22:42.790000
Sat_00118,Four Square Pakuranga Heights;Pak 'n Save Highland Park;Four Square Botany Junction,3,8,13976.34,854.11,True,False,03:52:56.340000
Sat_00119,Four Square Pakuranga Heights;Pak 'n Save Highland Park;Pak 'n Save Botany;Four Square Botany Junction,4,14,20498.19,1500.0,True,True,05:41:38.190000
Sat_00120,Four Square Pakuranga Heights;Pak 'n Save Highland Park;Four Square Botany Junction;Pak 'n Save Manukau,4,14,20630.02,1500.0,True,True,05:43:50.020000
Sat_00121,Four Square Pakuranga Heights;Pak 'n Save Highland Park;Pak 'n Save Ormiston;Four Square Botany Junction,4,14,20843.8,1500.0,True,True,05:47:23.800000
Sat_00122,Four Square Botany Junction;Pak 'n Save Highland Park;Four Square Pakuranga Heights;Pak 'n Save Sylvia Park,4,14,21371.17,1500.0,True,True,05:56:11.170000
Sat_00123,Four Square Pakuranga Heights;Pak 'n Save Botany;Four Square Botany Junction,3,9,14607.13,1190.0,True,True,04:03:27.130000
Sat_00124,Four Square Pakuranga Heights;Pak 'n Save Botany;Four Square Botany Junction;Pak 'n Save Manukau,4,15,21260.81,1500.0,True,True,05:54:20.810000
Sat_00125,Four Square Pakuranga Heights;Pak 'n Save Botany;Pak 'n Save Ormiston;Four Square Botany Junction,4,15,21474.59,1500.0,True,True,05:57:54.590000
Sat_00126,Pak 'n Save Sylvia Park;Four Square Pakuranga Heights;Pak 'n Save Botany;Four Square Botany Junction,4,15,22010.36,1810.0,True,True,06:06:50.360000
Sat_00127,Four Square Pakuranga Heights;Four Square Botany Junction;Pak 'n Save Manukau,3,9,14622.27,1190.0,True,True,04:03:42.270000
Sat_00128,Four Square Pakuranga Heights;Pak 'n Save Ormiston;Four Square Botany Junction;Pak 'n Save Manukau,4,15,21495.62,1500.0,True,True,05:58:15.620000
Sat_00129,Pak 'n Save Manukau;Four Square Botany Junction;Four Square Pakuranga Heights;Pak 'n Save Sylvia Park,4,15,22019.07,1810.0,True,True,06:06:59.070000
Sat_00130,Four Square Pakuranga Heights;Pak 'n Save Ormiston;Four Square Botany Junction,3,9,14841.94,1190.0,True,True,04:07:21.940000
Sat_00131,Pak 'n Save Sylvia Park;Four Square Pakuranga Heights;Pak 'n Save Ormiston;Four Square Botany Junction,4,15,22245.17,1810.0,True,True,06:10:45.170000
Sat_00132,Pak 'n Save Sylvia Park;Four Square Pakuranga Heights;Four Square Botany Junction,3,9,15371.82,1190.0,True,True,04:16:11.820000
Sat_00133,New World Botany;Four Square Botany Junction,2,4,9142.98,558.74,False,False,02:32:22.980000
Sat_00134,New World Howick;New World Botany;Four Square Botany Junction,3,7,12915.2,789.26,True,False,03:35:15.200000
Sat_00135,New World Howick;New World Botany;New World Ormiston;Four Square Botany Junction,4,10,16462.09,1190.0,True,True,04:34:22.090000
Sat_00136,New World Howick;New World Botany;New World Ormiston;Four Square Botany Junction;New World Papatoetoe,5,13,20003.38,1500.0,True,True,05:33:23.380000
Sat_00137,New World Howick;New World Botany;New World Ormiston;Four Square Botany Junction;New World Southmall,5,13,20495.05,1500.0,True,True,05:41:35.050000
Sat_00138,Pak 'n Save Highland Park;New World Howick;New World Botany;New World Ormiston;Four Square Botany Junction,5,15,21916.86,1810.0,True,True,06:05:16.860000
Sat_00139,New World Howick;Pak 'n Save Botany;New World Botany;New World Ormiston;Four Square Botany Junction,5,16,22983.95,1810.0,True,True,06:23:03.950000
Sat_00140,New World Howick;New World Botany;New World Ormiston;Four Square Botany Junction;Pak 'n Save Manukau,5,16,23115.77,1810.0,True,True,06:25:15.770000
Sat_00141,New World Howick;New World Botany;New World Ormiston;Pak 'n Save Ormiston;Four Square Botany Junction,5,16,23082.91,1810.0,True,True,06:24:42.910000
Sat_00142,New World Howick;New World Botany;Four Square Botany Junction;New World Papatoetoe,4,10,16456.49,1190.0,True,True,04:34:16.490000
Sat_00143,New World Howick;New World Botany;Four Square Botany Junction;New World Southmall;New World Papatoetoe,5,13,20801.54,1500.0,True,True,05:46:41.540000
Sat_00144,Pak 'n Save Highland Park;New World Howick;New World Botany;Four Square Botany Junction;New World Papatoetoe,5,15,21911.26,1810.0,True,True,06:05:11.260000
Sat_00145,New World Howick;Pak 'n Save Botany;New World Botany;Four Square Botany Junction;New World Papatoetoe,5,16,22978.35,1810.0,True,True,06:22:58.350000
Sat_00146,New World Howick;New World Botany;Four Square Botany Junction;New World Papatoetoe;Pak 'n Save Mangere,5,16,23301.95,1810.0,True,True,06:28:21.950000
Sat_00147,New World Howick;New World Botany;Four Square Botany Junction;Pak 'n Save Manukau;New World Papatoetoe,5,16,23040.21,1810.0,True,True,06:24:00.210000
Sat_00148,New World Howick;New World Botany;Pak 'n Save Ormiston;Four Square Botany Junction;New World Papatoetoe,5,16,23323.96,1810.0,True,True,06:28:43.960000
Sat_00149,New World Papatoetoe;Four Square Botany Junction;New World Botany;New World Howick;Pak 'n Save Sylvia Park,5,16,23773.2,1810.0,True,True,06:36:13.200000
Sat_00150,New World Howick;New World Botany;Four Square Botany Junction;New World Southmall,4,10,16948.16,1190.0,True,True,04:42:28.160000
Sat_00151,Pak 'n Save Highland Park;New World Howick;New World Botany;Four Square Botany Junction;New World Southmall,5,15,22402.93,1810.0,True,True,06:13:22.930000
Sat_00152,New World Howick;Pak 'n Save Botany;New World Botany;Four Square Botany Junction;New World Southmall,5,16,23470.02,1810.0,True,True,06:31:10.020000
Sat_00153,New World Howick;New World Botany;Four Square Botany Junction;New World Southmall;Pak 'n Save Clendon,5,16,23903.59,1810.0,True,True,06:38:23.590000
Sat_00154,New World Howick;New World Botany;Four Square Botany Junction;Pak 'n Save Manukau;New World Southmall,5,16,23705.67,1810.0,True,True,06:35:05.670000
Sat_00155,New World Howick;New World Botany;Pak 'n Save Ormiston;Four Square Botany Junction;New World Southmall,5,16,23815.63,1810.0,True,True,06:36:55.630000
Sat_00156,New World Howick;New World Botany;Four Square Botany Junction;Pak 'n Save Papakura;New World Southmall,5,16,24564.68,1810.0,True,True,06:49:24.680000
Sat_00157,Pak 'n Save Highland Park;New World Howick;New World Botany;Four Square Botany Junction,4,12,18369.97,1500.0,True,True,05:06:09.970000
Sat_00158,New World Howick;Pak 'n Save Botany;New World Botany;Four Square Botany Junction,4,13,19437.06,1500.0,True,True,05:23:57.060000
Sat_00159,New World Howick;New World Botany;Four Square Botany Junction;Pak 'n Save Manukau,4,13,19568.88,1500.0,True,True,05:26:08.880000
Sat_00160,New World Howick;New World Botany;Pak 'n Save Ormiston;Four Square Botany Junction,4,13,19782.67,1500.0,True,True,05:29:42.670000
Sat_00161,New World Botany;New World Ormiston;Four Square Botany Junction,3,7,12689.87,775.49,True,False,03:31:29.870000
Sat_00162,New World Papatoetoe;New World Botany;New World Ormiston;Four Square Botany Junction,4,10,16127.37,1190.0,True,True,04:28:47.370000
Sat_00163,New World Southmall;New World Botany;New World Ormiston;Four Square Botany Junction;New World Papatoetoe,5,13,20153.29,1500.0,True,True,05:35:53.290000
Sat_00164,Pak 'n Save Highland Park;New World Botany;New World Ormiston;Four Square Botany Junction;New World Papatoetoe,5,15,21944.42,1810.0,True,True,06:05:44.420000
Sat_00165,New World Papatoetoe;Pak 'n Save Botany;New World Botany;New World Ormiston;Four Square Botany Junction,5,16,22786.72,1810.0,True,True,06:19:46.720000
Sat_00166,New World Papatoetoe;New World Botany;New World Ormiston;Four Square Botany Junction;Pak 'n Save Mangere,5,16,23067.78,1810.0,True,True,06:24:27.780000
Sat_00167,New World Papatoetoe;Pak 'n Save Manukau;New World Botany;New World Ormiston;Four Square Botany Junction,5,16,22751.45,1810.0,True,True,06:19:11.450000
Sat_00168,New World Papatoetoe;New World Botany;New World Ormiston;Pak 'n Save Ormiston;Four Square Botany Junction,5,16,22748.19,1810.0,True,True,06:19:08.190000
Sat_00169,New World Papatoetoe;Four Square Botany Junction;New World Ormiston;New World Botany;Pak 'n Save Sylvia Park,5,16,23308.31,1810.0,True,True,06:28:28.310000
Sat_00170,New World Southmall;New World Botany;New World Ormiston;Four Square Botany Junction,4,10,16612.0,1190.0,True,True,04:36:52
Sat_00171,Pak 'n Save Highland Park;New World Botany;New World Ormiston;Four Square Botany Junction;New World Southmall,5,15,22436.09,1810.0,True,True,06:13:56.090000
Sat_00172,New World Southmall;Pak 'n Save Botany;New World Botany;New World Ormiston;Four Square Botany Junction,5,16,23271.36,1810.0,True,True,06:27:51.360000
Sat_00173,Pak 'n Save Clendon;New World Southmall;New World Botany;New World Ormiston;Four Square Botany Junction,5,16,23605.86,1810.0,True,True,06:33:25.860000
Sat_00174,New World Southmall;New World Botany;New World Ormiston;Four Square Botany Junction;Pak 'n Save Manukau,5,16,23265.68,1810.0,True,True,06:27:45.680000
Sat_00175,New World Southmall;New World Botany;New World Ormiston;Pak 'n Save Ormiston;Four Square Botany Junction,5,16,23232.82,1810.0,True,True,06:27:12.820000
Sat_00176,Pak 'n Save Papakura;New World Southmall;New World Botany;New World Ormiston;Four Square Botany Junction,5,16,24228.51,1810.0,True,True,06:43:48.510000
Sat_00177,Pak 'n Save Highland Park;New World Botany;New World Ormiston;Four Square Botany Junction,4,12,18403.13,1500.0,True,True,05:06:43.130000
Sat_00178,Pak 'n Save Botany;New World Botany;New World Ormiston;Four Square Botany Junction,4,13,19349.22,1500.0,True,True,05:22:29.220000
Sat_00179,Pak 'n Save Manukau;New World Botany;New World Ormiston;Four Square Botany Junction,4,13,19268.28,1500.0,True,True,05:21:08.280000
Sat_00180,New World Botany;New World Ormiston;Pak 'n Save Ormiston;Four Square Botany Junction,4,13,19310.69,1500.0,True,True,05:21:50.690000
Sat_00181,New World Papatoetoe;New World Botany;Four Square Botany Junction,3,7,12580.48,768.81,False,False,03:29:40.480000
Sat_00182,New World Southmall;New World Botany;Four Square Botany Junction;New World Papatoetoe,4,10,16606.4,1190.0,True,True,04:36:46.400000
Sat_00183,Pak 'n Save Highland Park;New World Botany;Four Square Botany Junction;New World Southmall;New World Papatoetoe,5,15,22742.58,1810.0,True,True,06:19:02.580000
Sat_00184,New World Southmall;Pak 'n Save Botany;New World Botany;Four Square Botany Junction;New World Papatoetoe,5,16,23265.76,1810.0,True,True,06:27:45.760000
Sat_00185,New World Papatoetoe;New World Botany;Four Square Botany Junction;New World Southmall;Pak 'n Save Clendon,5,16,23568.87,1810.0,True,True,06:32:48.870000
Sat_00186,New World Southmall;New World Botany;Four Square Botany Junction;New World Papatoetoe;Pak 'n Save Mangere,5,16,23451.86,1810.0,True,True,06:30:51.860000
Sat_00187,New World Southmall;New World Botany;Four Square Botany Junction;Pak 'n Save Manukau;New World Papatoetoe,5,16,23190.12,1810.0,True,True,06:26:30.120000
Sat_00188,New World Southmall;New World Botany;Pak 'n Save Ormiston;Four Square Botany Junction;New World Papatoetoe,5,16,23473.87,1810.0,True,True,06:31:13.870000
Sat_00189,Pak 'n Save Papakura;New World Southmall;New World Botany;Four Square Botany Junction;New World Papatoetoe,5,16,24222.91,1810.0,True,True,06:43:42.910000
Sat_00190,New World Papatoetoe;New World Southmall;Four Square Botany Junction;New World Botany;Pak 'n Save Sylvia Park,5,16,23891.69,1810.0,True,True,06:38:11.690000
Sat_00191,Pak 'n Save Highland Park;New World Botany;Four Square Botany Junction;New World Papatoetoe,4,12,18397.53,1500.0,True,True,05:06:37.530000
Sat_00192,New World Papatoetoe;Pak 'n Save Botany;New World Botany;Four Square Botany Junction,4,13,19239.83,1500.0,True,True,05:20:39.830000
Sat_00193,New World Papatoetoe;New World Botany;Four Square Botany Junction;Pak 'n Save Mangere,4,13,19520.89,1500.0,True,True,05:25:20.890000
Sat_00194,New World Papatoetoe;Pak 'n Save Manukau;New World Botany;Four Square Botany Junction,4,13,19204.56,1500.0,True,True,05:20:04.560000
Sat_00195,New World Papatoetoe;New World Botany;Pak 'n Save Ormiston;Four Square Botany Junction,4,13,19447.95,1500.0,True,True,05:24:07.950000
Sat_00196,New World Papatoetoe;Four Square Botany Junction;New World Botany;Pak 'n Save Sylvia Park,4,13,19772.11,1500.0,True,True,05:29:32.110000
Sat_00197,New World Southmall;New World Botany;Four Square Botany Junction,3,7,13065.11,798.42,True,False,03:37:45.110000
Sat_00198,Pak 'n Save Highland Park;New World Botany;Four Square Botany Junction;New World Southmall,4,12,18889.2,1500.0,True,True,05:14:49.200000
Sat_00199,New World Southmall;Pak 'n Save Botany;New World Botany;Four Square Botany Junction,4,13,19724.47,1500.0,True,True,05:28:44.470000
Sat_00200,Pak 'n Save Clendon;New World Southmall;New World Botany;Four Square Botany Junction,4,13,20058.97,1500.0,True,True,05:34:18.970000
Sat_00201,New World Southmall;New World Botany;Four Square Botany Junction;Pak 'n Save Manukau,4,13,19718.79,1500.0,True,True,05:28:38.790000
Sat_00202,New World Southmall;New World Botany;Pak 'n Save Ormiston;Four Square Botany Junction,4,13,19932.58,1500.0,True,True,05:32:12.580000
Sat_00203,Pak 'n Save Papakura;New World Southmall;New World Botany;Four Square Botany Junction,4,13,20681.62,1500.0,True,True,05:44:41.620000
Sat_00204,Pak 'n Save Highland Park;New World Botany;Four Square Botany Junction,3,9,14856.24,1190.0,True,True,04:07:36.240000
Sat_00205,Pak 'n Save Highland Park;Pak 'n Save Botany;New World Botany;Four Square Botany Junction,4,15,21378.1,1500.0,True,True,05:56:18.100000
Sat_00206,Pak 'n Save Highland Park;New World Botany;Four Square Botany Junction;Pak 'n Save Manukau,4,15,21509.92,1500.0,True,True,05:58:29.920000
Sat_00207,Pak 'n Save Highland Park;New World Botany;Pak 'n Save Ormiston;Four Square Botany Junction,4,15,21723.71,1810.0,True,True,06:02:03.710000
Sat_00208,Pak 'n Save Botany;New World Botany;Four Square Botany Junction,3,10,15802.33,1190.0,True,True,04:23:22.330000
Sat_00209,Pak 'n Save Manukau;Pak 'n Save Botany;New World Botany;Four Square Botany Junction,4,16,22380.75,1810.0,True,True,06:13:00.750000
Sat_00210,Pak 'n Save Botany;New World Botany;Pak 'n Save Ormiston;Four Square Botany Junction,4,16,22669.8,1810.0,True,True,06:17:49.800000
Sat_00211,Pak 'n Save Manukau;New World Botany;Four Square Botany Junction,3,10,15721.39,1190.0,True,True,04:22:01.390000
Sat_00212,Pak 'n Save Manukau;New World Botany;Pak 'n Save Ormiston;Four Square Botany Junction,4,16,22588.86,1810.0,True,True,06:16:28.860000
Sat_00213,Pak 'n Save Manukau;Four Square Botany Junction;New World Botany;Pak 'n Save Sylvia Park,4,16,22924.9,1810.0,True,True,06:22:04.900000
Sat_00214,New World Botany;Pak 'n Save Ormiston;Four Square Botany Junction,3,10,16010.45,1190.0,True,True,04:26:50.450000
Sat_00215,New World Ormiston;Four Square Botany Junction,2,4,8687.96,530.93,False,False,02:24:47.960000
Sat_00216,New World Papatoetoe;New World Ormiston;Four Square Botany Junction,3,7,12113.58,740.27,False,False,03:21:53.580000
Sat_00217,New World Southmall;New World Ormiston;Four Square Botany Junction;New World Papatoetoe,4,10,16120.47,1190.0,True,True,04:28:40.470000
Sat_00218,New World Southmall;Pak 'n Save Botany;New World Ormiston;Four Square Botany Junction;New World Papatoetoe,5,16,23539.05,1810.0,True,True,06:32:19.050000
Sat_00219,New World Papatoetoe;New World Ormiston;Four Square Botany Junction;New World Southmall;Pak 'n Save Clendon,5,16,23101.97,1810.0,True,True,06:25:01.970000
Sat_00220,New World Southmall;New World Ormiston;Four Square Botany Junction;New World Papatoetoe;Pak 'n Save Mangere,5,16,22965.93,1810.0,True,True,06:22:45.930000
Sat_00221,New World Southmall;New World Ormiston;Four Square Botany Junction;Pak 'n Save Manukau;New World Papatoetoe,5,16,22704.19,1810.0,True,True,06:18:24.190000
Sat_00222,New World Southmall;New World Ormiston;Pak 'n Save Ormiston;Four Square Botany Junction;New World Papatoetoe,5,16,22741.29,1810.0,True,True,06:19:01.290000
Sat_00223,Pak 'n Save Papakura;New World Southmall;New World Ormiston;Four Square Botany Junction;New World Papatoetoe,5,16,23736.98,1810.0,True,True,06:35:36.980000
Sat_00224,New World Papatoetoe;New World Southmall;New World Ormiston;Four Square Botany Junction;Pak 'n Save Sylvia Park,5,16,23764.54,1810.0,True,True,06:36:04.540000
Sat_00225,New World Papatoetoe;Pak 'n Save Botany;New World Ormiston;Four Square Botany Junction,4,13,19513.12,1500.0,True,True,05:25:13.120000
Sat_00226,New World Papatoetoe;New World Ormiston;Four Square Botany Junction;Pak 'n Save Mangere,4,13,19053.99,1500.0,True,True,05:17:33.990000
Sat_00227,New World Papatoetoe;Pak 'n Save Manukau;New World Ormiston;Four Square Botany Junction,4,13,18749.55,1500.0,True,True,05:12:29.550000
Sat_00228,New World Papatoetoe;New World Ormiston;Pak 'n Save Ormiston;Four Square Botany Junction,4,13,18734.4,1500.0,True,True,05:12:14.400000
Sat_00229,New World Papatoetoe;New World Ormiston;Four Square Botany Junction;Pak 'n Save Sylvia Park,4,13,19675.87,1500.0,True,True,05:27:55.870000
Sat_00230,New World Southmall;New World Ormiston;Four Square Botany Junction,3,7,12579.18,768.73,False,False,03:29:39.180000
Sat_00231,New World Southmall;Pak 'n Save Botany;New World Ormiston;Four Square Botany Junction,4,13,19997.76,1500.0,True,True,05:33:17.760000
Sat_00232,Pak 'n Save Clendon;New World Southmall;New World Ormiston;Four Square Botany Junction,4,13,19573.04,1500.0,True,True,05:26:13.040000
Sat_00233,New World Southmall;New World Ormiston;Four Square Botany Junction;Pak 'n Save Manukau,4,13,19232.86,1500.0,True,True,05:20:32.860000
Sat_00234,New World Southmall;New World Ormiston;Pak 'n Save Ormiston;Four Square Botany Junction,4,13,19200.0,1500.0,True,True,05:20:00
Sat_00235,Pak 'n Save Papakura;New World Southmall;New World Ormiston;Four Square Botany Junction,4,13,20195.69,1500.0,True,True,05:36:35.690000
Sat_00236,Pak 'n Save Botany;New World Ormiston;Four Square Botany Junction,3,10,16075.62,1190.0,True,True,04:27:55.620000
Sat_00237,Pak 'n Save Manukau;Pak 'n Save Botany;New World Ormiston;Four Square Botany Junction,4,16,22654.04,1810.0,True,True,06:17:34.040000
Sat_00238,Pak 'n Save Botany;New World Ormiston;Pak 'n Save Ormiston;Four Square Botany Junction,4,16,22696.44,1810.0,True,True,06:18:16.440000
Sat_00239,Pak 'n Save Manukau;New World Ormiston;Four Square Botany Junction,3,10,15266.38,1190.0,True,True,04:14:26.380000
Sat_00240,Pak 'n Save Manukau;New World Ormiston;Pak 'n Save Ormiston;Four Square Botany Junction,4,16,21887.2,1810.0,True,True,06:04:47.200000
Sat_00241,Pak 'n Save Manukau;New World Ormiston;Four Square Botany Junction;Pak 'n Save Sylvia Park,4,16,22828.67,1810.0,True,True,06:20:28.670000
Sat_00242,New World Ormiston;Pak 'n Save Ormiston;Four Square Botany Junction,3,10,15308.78,1190.0,True,True,04:15:08.780000
Sat_00243,New World Papatoetoe;Four Square Botany Junction,2,4,8546.6,522.29,False,False,02:22:26.600000
Sat_00244,New World Papatoetoe;Four Square Botany Junction;New World Southmall,3,7,12579.56,768.75,False,False,03:29:39.560000
Sat_00245,New World Southmall;Pak 'n Save Botany;Four Square Botany Junction;New World Papatoetoe,4,13,19992.17,1500.0,True,True,05:33:12.170000
Sat_00246,New World Papatoetoe;Four Square Botany Junction;New World Southmall;Pak 'n Save Clendon,4,13,19534.99,1500.0,True,True,05:25:34.990000
Sat_00247,New World Southmall;Four Square Botany Junction;New World Papatoetoe;Pak 'n Save Mangere,4,13,19429.86,1500.0,True,True,05:23:49.860000
Sat_00248,New World Southmall;Four Square Botany Junction;Pak 'n Save Manukau;New World Papatoetoe,4,13,19168.12,1500.0,True,True,05:19:28.120000
Sat_00249,New World Southmall;Pak 'n Save Ormiston;Four Square Botany Junction;New World Papatoetoe,4,13,19441.05,1500.0,True,True,05:24:01.050000
Sat_00250,New World Papatoetoe;Four Square Botany Junction;Pak 'n Save Papakura;New World Southmall,4,13,20196.08,1500.0,True,True,05:36:36.080000
Sat_00251,New World Papatoetoe;New World Southmall;Four Square Botany Junction;Pak 'n Save Sylvia Park,4,13,20228.47,1500.0,True,True,05:37:08.470000
Sat_00252,New World Papatoetoe;Pak 'n Save Botany;Four Square Botany Junction,3,10,15966.24,1190.0,True,True,04:26:06.240000
Sat_00253,New World Papatoetoe;Pak 'n Save Botany;Four Square Botany Junction;Pak 'n Save Mangere,4,16,22906.65,1810.0,True,True,06:21:46.650000
Sat_00254,New World Papatoetoe;Pak 'n Save Manukau;Pak 'n Save Botany;Four Square Botany Junction,4,16,22590.33,1810.0,True,True,06:16:30.330000
Sat_00255,New World Papatoetoe;Pak 'n Save Botany;Pak 'n Save Ormiston;Four Square Botany Junction,4,16,22833.7,1810.0,True,True,06:20:33.700000
Sat_00256,New World Papatoetoe;Four Square Botany Junction;Pak 'n Save Botany;Pak 'n Save Sylvia Park,4,16,23069.49,1810.0,True,True,06:24:29.490000
Sat_00257,New World Papatoetoe;Four Square Botany Junction;Pak 'n Save Mangere,3,10,15487.01,1190.0,True,True,04:18:07.010000
Sat_00258,Pak 'n Save Manukau;Four Square Botany Junction;New World Papatoetoe;Pak 'n Save Mangere,4,16,22086.14,1810.0,True,True,06:08:06.140000
Sat_00259,New World Papatoetoe;Pak 'n Save Ormiston;Four Square Botany Junction;Pak 'n Save Mangere,4,16,22374.58,1810.0,True,True,06:12:54.580000
Sat_00260,Pak 'n Save Sylvia Park;Four Square Botany Junction;New World Papatoetoe;Pak 'n Save Mangere,4,16,23040.39,1810.0,True,True,06:24:00.390000
Sat_00261,New World Papatoetoe;Pak 'n Save Manukau;Four Square Botany Junction,3,10,15182.56,1190.0,True,True,04:13:02.560000
Sat_00262,New World Papatoetoe;Pak 'n Save Manukau;Pak 'n Save Ormiston;Four Square Botany Junction,4,16,22070.14,1810.0,True,True,06:07:50.140000
Sat_00263,New World Papatoetoe;Pak 'n Save Manukau;Four Square Botany Junction;Pak 'n Save Sylvia Park,4,16,22744.85,1810.0,True,True,06:19:04.850000
Sat_00264,New World Papatoetoe;Pak 'n Save Ormiston;Four Square Botany Junction,3,10,15434.17,1190.0,True,True,04:17:14.170000
Sat_00265,New World Papatoetoe;Pak 'n Save Ormiston;Four Square Botany Junction;Pak 'n Save Sylvia Park,4,16,22996.46,1810.0,True,True,06:23:16.460000
Sat_00266,New World Papatoetoe;Four Square Botany Junction;Pak 'n Save Sylvia Park,3,10,16108.89,1190.0,True,True,04:28:28.890000
Sat_00267,New World Southmall;Four Square Botany Junction,2,4,9043.11,552.63,False,False,02:30:43.110000
Sat_00268,New World Southmall;Pak 'n Save Botany;Four Square Botany Junction,3,10,16450.88,1190.0,True,True,04:34:10.880000
Sat_00269,Pak 'n Save Clendon;New World Southmall;Pak 'n Save Botany;Four Square Botany Junction,4,16,23444.74,1810.0,True,True,06:30:44.740000
Sat_00270,New World Southmall;Pak 'n Save Botany;Four Square Botany Junction;Pak 'n Save Manukau,4,16,23104.56,1810.0,True,True,06:25:04.560000
Sat_00271,New World Southmall;Pak 'n Save Botany;Pak 'n Save Ormiston;Four Square Botany Junction,4,16,23318.34,1810.0,True,True,06:28:38.340000
Sat_00272,Pak 'n Save Papakura;New World Southmall;Pak 'n Save Botany;Four Square Botany Junction,4,16,24067.39,1810.0,True,True,06:41:07.390000
Sat_00273,Pak 'n Save Clendon;New World Southmall;Four Square Botany Junction,3,10,16036.97,1190.0,True,True,04:27:16.970000
Sat_00274,Pak 'n Save Manukau;Four Square Botany Junction;New World Southmall;Pak 'n Save Clendon,4,16,22687.78,1810.0,True,True,06:18:07.780000
Sat_00275,Pak 'n Save Clendon;New World Southmall;Pak 'n Save Ormiston;Four Square Botany Junction,4,16,22893.62,1810.0,True,True,06:21:33.620000
Sat_00276,Four Square Botany Junction;Pak 'n Save Papakura;New World Southmall;Pak 'n Save Clendon,4,16,23725.89,1810.0,True,True,06:35:25.890000
Sat_00277,New World Southmall;Four Square Botany Junction;Pak 'n Save Manukau,3,10,15696.79,1190.0,True,True,04:21:36.790000
Sat_00278,New World Southmall;Pak 'n Save Ormiston;Four Square Botany Junction;Pak 'n Save Manukau,4,16,22553.44,1810.0,True,True,06:15:53.440000
Sat_00279,Pak 'n Save Papakura;New World Southmall;Four Square Botany Junction;Pak 'n Save Manukau,4,16,23313.3,1810.0,True,True,06:28:33.300000
Sat_00280,New World Southmall;Four Square Botany Junction;Pak 'n Save Manukau;Pak 'n Save Sylvia Park,4,16,23252.45,1810.0,True,True,06:27:32.450000
Sat_00281,New World Southmall;Pak 'n Save Ormiston;Four Square Botany Junction,3,10,15899.76,1190.0,True,True,04:24:59.760000
Sat_00282,Pak 'n Save Papakura;New World Southmall;Pak 'n Save Ormiston;Four Square Botany Junction,4,16,23516.27,1810.0,True,True,06:31:56.270000
Sat_00283,Pak 'n Save Papakura;New World Southmall;Four Square Botany Junction,3,10,16659.62,1190.0,True,True,04:37:39.620000
Sat_00284,Pak 'n Save Botany;Four Square Botany Junction,2,7,12528.74,765.65,False,False,03:28:48.740000
Sat_00285,Pak 'n Save Manukau;Pak 'n Save Botany;Four Square Botany Junction,3,13,19107.16,1500.0,True,True,05:18:27.160000
Sat_00286,Pak 'n Save Botany;Pak 'n Save Ormiston;Four Square Botany Junction,3,13,19396.2,1500.0,True,True,05:23:16.200000
Sat_00287,Pak 'n Save Manukau;Four Square Botany Junction,2,7,11699.39,714.96,False,False,03:14:59.390000
Sat_00288,Pak 'n Save Manukau;Pak 'n Save Ormiston;Four Square Botany Junction,3,13,18586.97,1500.0,True,True,05:09:46.970000
Sat_00289,Pak 'n Save Manukau;Four Square Botany Junction;Pak 'n Save Sylvia Park,3,13,19261.68,1500.0,True,True,05:21:01.680000
Sat_00290,Pak 'n Save Ormiston;Four Square Botany Junction,2,7,12008.55,733.86,False,False,03:20:08.550000
Sat_00291,Four Square Eden Terrace,1,1,3452.55,210.99,False,False,00:57:32.550000
Sat_00292,Four Square Ellerslie;Four Square Eden Terrace,2,2,5777.67,353.08,False,False,01:36:17.670000
Sat_00293,Four Square Onehunga;Four Square Ellerslie;Four Square Eden Terrace,3,3,6541.58,399.76,False,False,01:49:01.580000
Sat_00294,Four Square Onehunga;Four Square Ellerslie;Four Square Remuera;Four Square Eden Terrace,4,4,7837.9,478.98,False,False,02:10:37.900000
Sat_00295,Four Square Onehunga;Four Square Ellerslie;Four Square St Heliers;Four Square Remuera;Four Square Eden Terrace,5,5,10424.62,637.06,False,False,02:53:44.620000
Sat_00296,Four Square Onehunga;Four Square Ellerslie;Four Square Remuera;New World Metro Queen St;Four Square Eden Terrace,5,6,10654.42,651.1,False,False,02:57:34.420000
Sat_00297,New World Mt Roskill;Four Square Onehunga;Four Square Ellerslie;Four Square Remuera;Four Square Eden Terrace,5,6,10039.34,613.52,False,False,02:47:19.340000
Sat_00298,Four Square Onehunga;Four Square Ellerslie;Four Square Remuera;New World Remuera;Four Square Eden Terrace,5,6,10207.69,623.8,False,False,02:50:07.690000
Sat_00299,Four Square Onehunga;Four Square Ellerslie;Four Square Remuera;New World Eastridge;Four Square Eden Terrace,5,7,12129.49,741.25,False,False,03:22:09.490000
Sat_00300,Four Square Onehunga;Four Square Ellerslie;Four Square Remuera;Four Square Eden Terrace;New World Mt Albert,5,7,11239.24,686.84,False,False,03:07:19.240000
Sat_00301,Four Square Onehunga;Four Square Ellerslie;Four Square Remuera;New World Newmarket;Four Square Eden Terrace,5,7,11345.43,693.33,False,False,03:09:05.430000
Sat_00302,Four Square Onehunga;Four Square Ellerslie;Four Square Remuera;Four Square Eden Terrace;New World Point Chevalier,5,7,11468.79,700.87,False,False,03:11:08.790000
Sat_00303,Four Square Onehunga;Four Square Ellerslie;New World Stonefields;Four Square Remuera;Four Square Eden Terrace,5,7,11630.81,710.77,False,False,03:13:50.810000
Sat_00304,Four Square Onehunga;Four Square Ellerslie;Four Square Remuera;Four Square Eden Terrace;New World Victoria Park,5,7,11841.94,723.67,False,False,03:17:21.940000
Sat_00305,Four Square Onehunga;Four Square Ellerslie;Four Square Remuera;Four Square Eden Terrace;Pak 'n Save Mt Albert,5,9,13523.92,826.46,True,False,03:45:23.920000
Sat_00306,Four Square Onehunga;Four Square Ellerslie;Pak 'n Save Glen Innes;Four Square Remuera;Four Square Eden Terrace,5,10,15674.5,1190.0,True,True,04:21:14.500000
Sat_00307,Pak 'n Save Mangere;Four Square Onehunga;Four Square Ellerslie;Four Square Remuera;Four Square Eden Terrace,5,10,15591.78,1190.0,True,True,04:19:51.780000
Sat_00308,Pak 'n Save Royal Oak;Four Square Onehunga;Four Square Ellerslie;Four Square Remuera;Four Square Eden Terrace,5,10,14538.96,1190.0,True,True,04:02:18.960000
Sat_00309,Four Square Onehunga;Pak 'n Save Sylvia Park;Four Square Ellerslie;Four Square Remuera;Four Square Eden Terrace,5,10,15093.33,1190.0,True,True,04:11:33.330000
Sat_00310,Four Square Eden Terrace;New World Metro Queen St;Four Square Ellerslie;Four Square Onehunga,4,5,9328.26,570.06,False,False,02:35:28.260000
Sat_00311,New World Mt Roskill;Four Square Eden Terrace;New World Metro Queen St;Four Square Ellerslie;Four Square Onehunga,5,7,11529.7,704.59,False,False,03:12:09.700000
Sat_00312,Four Square Onehunga;Four Square Ellerslie;New World Remuera;New World Metro Queen St;Four Square Eden Terrace,5,7,11836.35,723.33,False,False,03:17:16.350000
Sat_00313,Four Square Onehunga;Four Square Ellerslie;New World Eastridge;New World Metro Queen St;Four Square Eden Terrace,5,8,13470.68,823.21,True,False,03:44:30.680000
Sat_00314,New World Mt Albert;Four Square Eden Terrace;New World Metro Queen St;Four Square Ellerslie;Four Square Onehunga,5,8,12631.44,771.92,True,False,03:30:31.440000
Sat_00315,Four Square Eden Terrace;New World Metro Queen St;New World Newmarket;Four Square Ellerslie;Four Square Onehunga,5,8,12789.15,781.56,True,False,03:33:09.150000
Sat_00316,Four Square Onehunga;Four Square Ellerslie;New World Metro Queen St;Four Square Eden Terrace;New World Point Chevalier,5,8,12988.99,793.77,True,False,03:36:28.990000
Sat_00317,Four Square Onehunga;Four Square Ellerslie;New World Stonefields;New World Metro Queen St;Four Square Eden Terrace,5,8,13216.55,807.68,True,False,03:40:16.550000
Sat_00318,New World Victoria Park;New World Metro Queen St;Four Square Eden Terrace;Four Square Ellerslie;Four Square Onehunga,5,8,12933.21,790.36,True,False,03:35:33.210000
Sat_00319,Pak 'n Save Mt Albert;Four Square Eden Terrace;New World Metro Queen St;Four Square Ellerslie;Four Square Onehunga,5,10,15003.56,1190.0,True,True,04:10:03.560000
Sat_00320,Four Square Onehunga;Four Square Ellerslie;Pak 'n Save Glen Innes;New World Metro Queen St;Four Square Eden Terrace,5,11,17127.21,1190.0,True,True,04:45:27.210000
Sat_00321,Four Square Eden Terrace;New World Metro Queen St;Four Square Ellerslie;Four Square Onehunga;Pak 'n Save Mangere,5,11,17003.7,1190.0,True,True,04:43:23.700000
Sat_00322,Four Square Eden Terrace;New World Metro Queen St;Four Square Ellerslie;Pak 'n Save Royal Oak;Four Square Onehunga,5,11,16053.78,1190.0,True,True,04:27:33.780000
Sat_00323,Four Square Eden Terrace;New World Metro Queen St;Pak 'n Save Sylvia Park;Four Square Ellerslie;Four Square Onehunga,5,11,16587.49,1190.0,True,True,04:36:27.490000
Sat_00324,New World Mt Roskill;Four Square Onehunga;Four Square Ellerslie;Four Square Eden Terrace,4,5,8743.02,534.3,False,False,02:25:43.020000
Sat_00325,New World Mt Roskill;Four Square Onehunga;Four Square Ellerslie;New World Remuera;Four Square Eden Terrace,5,7,11221.27,685.74,False,False,03:07:01.270000
Sat_00326,New World Mt Roskill;Four Square Onehunga;Four Square Ellerslie;New World Eastridge;Four Square Eden Terrace,5,8,13250.93,809.78,True,False,03:40:50.930000
Sat_00327,New World Green Bay;Four Square Eden Terrace;Four Square Ellerslie;Four Square Onehunga;New World Mt Roskill,5,8,13133.75,802.62,True,False,03:38:53.750000
Sat_00328,New World Mt Roskill;New World Mt Albert;Four Square Eden Terrace;Four Square Ellerslie;Four Square Onehunga,5,8,12059.68,736.98,False,False,03:20:59.680000
Sat_00329,New World Mt Roskill;Four Square Onehunga;Four Square Ellerslie;Four Square Eden Terrace;New World New Lynn,5,8,12907.36,788.78,True,False,03:35:07.360000
Sat_00330,New World Mt Roskill;Four Square Eden Terrace;New World Newmarket;Four Square Ellerslie;Four Square Onehunga,5,8,12217.4,746.62,False,False,03:23:37.400000
Sat_00331,New World Mt Roskill;Four Square Onehunga;Four Square Ellerslie;Four Square Eden Terrace;New World Point Chevalier,5,8,12373.91,756.18,False,False,03:26:13.910000
Sat_00332,New World Mt Roskill;Four Square Onehunga;Four Square Ellerslie;New World Stonefields;Four Square Eden Terrace,5,8,12601.48,770.09,True,False,03:30:01.480000
Sat_00333,New World Mt Roskill;New World Victoria Park;Four Square Eden Terrace;Four Square Ellerslie;Four Square Onehunga,5,8,12726.71,777.74,True,False,03:32:06.710000
Sat_00334,New World Mt Roskill;Pak 'n Save Mt Albert;Four Square Eden Terrace;Four Square Ellerslie;Four Square Onehunga,5,10,14415.59,1190.0,True,True,04:00:15.590000
Sat_00335,New World Mt Roskill;Four Square Onehunga;Four Square Ellerslie;Pak 'n Save Glen Innes;Four Square Eden Terrace,5,11,16753.37,1190.0,True,True,04:39:13.370000
Sat_00336,New World Mt Roskill;Four Square Eden Terrace;Four Square Ellerslie;Four Square Onehunga;Pak 'n Save Mangere,5,11,16431.94,1190.0,True,True,04:33:51.940000
Sat_00337,New World Mt Roskill;Pak 'n Save Royal Oak;Four Square Onehunga;Four Square Ellerslie;Four Square Eden Terrace,5,11,15444.09,1190.0,True,True,04:17:24.090000
Sat_00338,New World Mt Roskill;Four Square Onehunga;Four Square Ellerslie;Pak 'n Save Sylvia Park;Four Square Eden Terrace,5,11,15991.46,1190.0,True,True,04:26:31.460000
Sat_00339,Four Square Onehunga;Four Square Ellerslie;New World Remuera;Four Square Eden Terrace,4,5,9019.83,551.21,False,False,02:30:19.830000
Sat_00340,Four Square Onehunga;Four Square Ellerslie;New World Eastridge;New World Remuera;Four Square Eden Terrace,5,8,13382.78,817.84,True,False,03:43:02.780000
Sat_00341,New World Mt Albert;Four Square Eden Terrace;New World Remuera;Four Square Ellerslie;Four Square Onehunga,5,8,12379.51,756.53,False,False,03:26:19.510000
Sat_00342,Four Square Onehunga;Four Square Ellerslie;New World Remuera;New World Newmarket;Four Square Eden Terrace,5,8,12397.81,757.64,False,False,03:26:37.810000
Sat_00343,Four Square Onehunga;Four Square Ellerslie;New World Remuera;Four Square Eden Terrace;New World Point Chevalier,5,8,12650.72,773.1,True,False,03:30:50.720000
Sat_00344,Four Square Onehunga;Four Square Ellerslie;New World Stonefields;New World Remuera;Four Square Eden Terrace,5,8,12840.24,784.68,True,False,03:34:00.240000
Sat_00345,Four Square Onehunga;Four Square Ellerslie;New World Remuera;Four Square Eden Terrace;New World Victoria Park,5,8,13023.87,795.9,True,False,03:37:03.870000
Sat_00346,Four Square Onehunga;Four Square Ellerslie;New World Remuera;Four Square Eden Terrace;Pak 'n Save Mt Albert,5,10,14705.85,1190.0,True,True,04:05:05.850000
Sat_00347,Four Square Onehunga;Four Square Ellerslie;Pak 'n Save Glen Innes;New World Remuera;Four Square Eden Terrace,5,11,16964.28,1190.0,True,True,04:42:44.280000
Sat_00348,Four Square Eden Terrace;New World Remuera;Four Square Ellerslie;Four Square Onehunga;Pak 'n Save Mangere,5,11,16751.77,1190.0,True,True,04:39:11.770000
Sat_00349,Pak 'n Save Royal Oak;Four Square Onehunga;Four Square Ellerslie;New World Remuera;Four Square Eden Terrace,5,11,15720.89,1190.0,True,True,04:22:00.890000
Sat_00350,Four Square Onehunga;Pak 'n Save Sylvia Park;Four Square Ellerslie;New World Remuera;Four Square Eden Terrace,5,11,16275.26,1190.0,True,True,04:31:15.260000
Sat_00351,Four Square Onehunga;Four Square Ellerslie;New World Eastridge;Four Square Eden Terrace,4,6,11049.49,675.25,False,False,03:04:09.490000
Sat_00352,Four Square Onehunga;Four Square Ellerslie;New World Eastridge;Four Square Eden Terrace;New World Mt Albert,5,9,14450.83,1190.0,True,True,04:00:50.830000
Sat_00353,Four Square Onehunga;Four Square Ellerslie;New World Eastridge;New World Newmarket;Four Square Eden Terrace,5,9,14367.17,877.99,True,False,03:59:27.170000
Sat_00354,Four Square Onehunga;Four Square Ellerslie;New World Eastridge;Four Square Eden Terrace;New World Point Chevalier,5,9,14680.38,1190.0,True,True,04:04:40.380000
Sat_00355,Four Square Onehunga;Four Square Ellerslie;New World Stonefields;New World Eastridge;Four Square Eden Terrace,5,9,14576.86,1190.0,True,True,04:02:56.860000
Sat_00356,Four Square Onehunga;Four Square Ellerslie;New World Eastridge;Four Square Eden Terrace;New World Victoria Park,5,9,15053.53,1190.0,True,True,04:10:53.530000
Sat_00357,Four Square Onehunga;Four Square Ellerslie;New World Eastridge;Four Square Eden Terrace;Pak 'n Save Mt Albert,5,11,16735.51,1190.0,True,True,04:38:55.510000
Sat_00358,Four Square Onehunga;Four Square Ellerslie;Pak 'n Save Glen Innes;New World Eastridge;Four Square Eden Terrace,5,12,18054.22,1500.0,True,True,05:00:54.220000
Sat_00359,Pak 'n Save Mangere;Four Square Onehunga;Four Square Ellerslie;New World Eastridge;Four Square Eden Terrace,5,12,18803.37,1500.0,True,True,05:13:23.370000
Sat_00360,Pak 'n Save Royal Oak;Four Square Onehunga;Four Square Ellerslie;New World Eastridge;Four Square Eden Terrace,5,12,17750.55,1190.0,True,True,04:55:50.550000
Sat_00361,Four Square Onehunga;Four Square Ellerslie;Pak 'n Save Sylvia Park;New World Eastridge;Four Square Eden Terrace,5,12,18290.52,1500.0,True,True,05:04:50.520000
Sat_00362,New World Mt Albert;Four Square Eden Terrace;Four Square Ellerslie;Four Square Onehunga,4,6,9858.24,602.45,False,False,02:44:18.240000
Sat_00363,New World New Lynn;New World Mt Albert;Four Square Eden Terrace;Four Square Ellerslie;Four Square Onehunga,5,9,14046.76,858.41,True,False,03:54:06.760000
Sat_00364,New World Mt Albert;Four Square Eden Terrace;New World Newmarket;Four Square Ellerslie;Four Square Onehunga,5,9,13319.14,813.95,True,False,03:41:59.140000
Sat_00365,New World Mt Albert;New World Point Chevalier;Four Square Eden Terrace;Four Square Ellerslie;Four Square Onehunga,5,9,13536.35,827.22,True,False,03:45:36.350000
Sat_00366,Four Square Onehunga;Four Square Ellerslie;New World Stonefields;Four Square Eden Terrace;New World Mt Albert,5,9,13801.38,843.42,True,False,03:50:01.380000
Sat_00367,New World Mt Albert;New World Victoria Park;Four Square Eden Terrace;Four Square Ellerslie;Four Square Onehunga,5,9,13842.52,845.93,True,False,03:50:42.520000
Sat_00368,Pak 'n Save Mt Albert;New World Mt Albert;Four Square Eden Terrace;Four Square Ellerslie;Four Square Onehunga,5,11,15550.19,1190.0,True,True,04:19:10.190000
Sat_00369,Four Square Onehunga;Four Square Ellerslie;Pak 'n Save Glen Innes;Four Square Eden Terrace;New World Mt Albert,5,12,17953.27,1190.0,True,True,04:59:13.270000
Sat_00370,New World Mt Albert;Four Square Eden Terrace;Four Square Ellerslie;Four Square Onehunga;Pak 'n Save Mangere,5,12,17533.68,1190.0,True,True,04:52:13.680000
Sat_00371,New World Mt Albert;Four Square Eden Terrace;Four Square Ellerslie;Pak 'n Save Royal Oak;Four Square Onehunga,5,12,16583.76,1190.0,True,True,04:36:23.760000
Sat_00372,New World Mt Albert;Four Square Eden Terrace;Pak 'n Save Sylvia Park;Four Square Ellerslie;Four Square Onehunga,5,12,17117.47,1190.0,True,True,04:45:17.470000
Sat_00373,Four Square Eden Terrace;New World Newmarket;Four Square Ellerslie;Four Square Onehunga,4,6,10015.96,612.09,False,False,02:46:55.960000
Sat_00374,New World Point Chevalier;Four Square Eden Terrace;New World Newmarket;Four Square Ellerslie;Four Square Onehunga,5,9,13732.7,839.22,True,False,03:48:52.700000
Sat_00375,Four Square Onehunga;Four Square Ellerslie;New World Stonefields;New World Newmarket;Four Square Eden Terrace,5,9,13989.16,854.89,True,False,03:53:09.160000
Sat_00376,New World Victoria Park;Four Square Eden Terrace;New World Newmarket;Four Square Ellerslie;Four Square Onehunga,5,9,13986.17,854.71,True,False,03:53:06.170000
Sat_00377,Pak 'n Save Mt Albert;Four Square Eden Terrace;New World Newmarket;Four Square Ellerslie;Four Square Onehunga,5,11,15691.26,1190.0,True,True,04:21:31.260000
Sat_00378,Four Square Onehunga;Four Square Ellerslie;Pak 'n Save Glen Innes;New World Newmarket;Four Square Eden Terrace,5,12,18023.7,1500.0,True,True,05:00:23.700000
Sat_00379,Four Square Eden Terrace;New World Newmarket;Four Square Ellerslie;Four Square Onehunga;Pak 'n Save Mangere,5,12,17691.4,1190.0,True,True,04:54:51.400000
Sat_00380,Four Square Eden Terrace;New World Newmarket;Four Square Ellerslie;Pak 'n Save Royal Oak;Four Square Onehunga,5,12,16741.48,1190.0,True,True,04:39:01.480000
Sat_00381,Four Square Eden Terrace;New World Newmarket;Pak 'n Save Sylvia Park;Four Square Ellerslie;Four Square Onehunga,5,12,17275.19,1190.0,True,True,04:47:55.190000
Sat_00382,Four Square Onehunga;Four Square Ellerslie;Four Square Eden Terrace;New World Point Chevalier,4,6,10172.47,621.65,False,False,02:49:32.470000
Sat_00383,Four Square Onehunga;Four Square Ellerslie;New World Stonefields;Four Square Eden Terrace;New World Point Chevalier,5,9,14030.93,857.45,True,False,03:53:50.930000
Sat_00384,Four Square Onehunga;Four Square Ellerslie;Four Square Eden Terrace;New World Victoria Park;New World Point Chevalier,5,9,14176.51,866.34,True,False,03:56:16.510000
Sat_00385,Pak 'n Save Mt Albert;New World Point Chevalier;Four Square Eden Terrace;Four Square Ellerslie;Four Square Onehunga,5,11,15649.9,1190.0,True,True,04:20:49.900000
Sat_00386,Four Square Onehunga;Four Square Ellerslie;Pak 'n Save Glen Innes;Four Square Eden Terrace;New World Point Chevalier,5,12,18182.82,1500.0,True,True,05:03:02.820000
Sat_00387,Pak 'n Save Mangere;Four Square Onehunga;Four Square Ellerslie;Four Square Eden Terrace;New World Point Chevalier,5,12,17926.35,1190.0,True,True,04:58:46.350000
Sat_00388,Pak 'n Save Royal Oak;Four Square Onehunga;Four Square Ellerslie;Four Square Eden Terrace;New World Point Chevalier,5,12,16873.53,1190.0,True,True,04:41:13.530000
Sat_00389,Four Square Onehunga;Four Square Ellerslie;Pak 'n Save Sylvia Park;Four Square Eden Terrace;New World Point Chevalier,5,12,17420.91,1190.0,True,True,04:50:20.910000
Sat_00390,Four Square Onehunga;Four Square Ellerslie;New World Stonefields;Four Square Eden Terrace,4,6,10400.04,635.56,False,False,02:53:20.040000
Sat_00391,Four Square Onehunga;Four Square Ellerslie;New World Stonefields;Four Square Eden Terrace;New World Victoria Park,5,9,14404.08,1190.0,True,True,04:00:04.080000
Sat_00392,Four Square Onehunga;Four Square Ellerslie;New World Stonefields;Four Square Eden Terrace;Pak 'n Save Mt Albert,5,11,16086.06,1190.0,True,True,04:28:06.060000
Sat_00393,Four Square Onehunga;Four Square Ellerslie;New World Stonefields;Pak 'n Save Glen Innes;Four Square Eden Terrace,5,12,17942.84,1190.0,True,True,04:59:02.840000
Sat_00394,Pak 'n Save Mangere;Four Square Onehunga;Four Square Ellerslie;New World Stonefields;Four Square Eden Terrace,5,12,18153.92,1500.0,True,True,05:02:33.920000
Sat_00395,Pak 'n Save Royal Oak;Four Square Onehunga;Four Square Ellerslie;New World Stonefields;Four Square Eden Terrace,5,12,17101.1,1190.0,True,True,04:45:01.100000
Sat_00396,Four Square Onehunga;Four Square Ellerslie;New World Stonefields;Pak 'n Save Sylvia Park;Four Square Eden Terrace,5,12,17426.14,1190.0,True,True,04:50:26.140000
Sat_00397,New World Victoria Park;Four Square Eden Terrace;Four Square Ellerslie;Four Square Onehunga,4,6,10525.27,643.21,False,False,02:55:25.270000
Sat_00398,Pak 'n Save Mt Albert;New World Victoria Park;Four Square Eden Terrace;Four Square Ellerslie;Four Square Onehunga,5,11,16134.35,1190.0,True,True,04:28:54.350000
Sat_00399,Four Square Onehunga;Four Square Ellerslie;Pak 'n Save Glen Innes;Four Square Eden Terrace;New World Victoria Park,5,12,18555.97,1500.0,True,True,05:09:15.970000
Sat_00400,New World Victoria Park;Four Square Eden Terrace;Four Square Ellerslie;Four Square Onehunga;Pak 'n Save Mangere,5,12,18200.71,1500.0,True,True,05:03:20.710000
Sat_00401,Pak 'n Save Royal Oak;Four Square Onehunga;Four Square Ellerslie;Four Square Eden Terrace;New World Victoria Park,5,12,17246.68,1190.0,True,True,04:47:26.680000
Sat_00402,New World Victoria Park;Four Square Eden Terrace;Pak 'n Save Sylvia Park;Four Square Ellerslie;Four Square Onehunga,5,12,17784.5,1190.0,True,True,04:56:24.500000
Sat_00403,Four Square Onehunga;Four Square Ellerslie;Four Square Eden Terrace;Pak 'n Save Mt Albert,4,8,12227.6,747.24,False,False,03:23:47.600000
Sat_00404,Four Square Onehunga;Four Square Ellerslie;Pak 'n Save Glen Innes;Four Square Eden Terrace;Pak 'n Save Mt Albert,5,14,20237.95,1500.0,True,True,05:37:17.950000
Sat_00405,Pak 'n Save Mt Albert;Four Square Eden Terrace;Four Square Ellerslie;Four Square Onehunga;Pak 'n Save Mangere,5,14,19905.8,1500.0,True,True,05:31:45.800000
Sat_00406,Pak 'n Save Royal Oak;Four Square Onehunga;Four Square Ellerslie;Four Square Eden Terrace;Pak 'n Save Mt Albert,5,14,18928.66,1500.0,True,True,05:15:28.660000
Sat_00407,Four Square Onehunga;Four Square Ellerslie;Pak 'n Save Sylvia Park;Four Square Eden Terrace;Pak 'n Save Mt Albert,5,14,19476.04,1500.0,True,True,05:24:36.040000
Sat_00408,Four Square Onehunga;Four Square Ellerslie;Pak 'n Save Glen Innes;Four Square Eden Terrace,4,9,14551.93,1190.0,True,True,04:02:31.930000
Sat_00409,Pak 'n Save Mangere;Four Square Onehunga;Four Square Ellerslie;Pak 'n Save Glen Innes;Four Square Eden Terrace,5,15,22305.81,1810.0,True,True,06:11:45.810000
Sat_00410,Pak 'n Save Royal Oak;Four Square Onehunga;Four Square Ellerslie;Pak 'n Save Glen Innes;Four Square Eden Terrace,5,15,21252.99,1500.0,True,True,05:54:12.990000
Sat_00411,Four Square Onehunga;Four Square Ellerslie;Pak 'n Save Glen Innes;Pak 'n Save Sylvia Park;Four Square Eden Terrace,5,15,21446.97,1500.0,True,True,05:57:26.970000
Sat_00412,Four Square Eden Terrace;Four Square Ellerslie;Four Square Onehunga;Pak 'n Save Mangere,4,9,14230.5,869.64,True,False,03:57:10.500000
Sat_00413,Four Square Eden Terrace;Four Square Ellerslie;Pak 'n Save Royal Oak;Four Square Onehunga;Pak 'n Save Mangere,5,15,20956.02,1500.0,True,True,05:49:16.020000
Sat_00414,Four Square Eden Terrace;Pak 'n Save Sylvia Park;Four Square Ellerslie;Four Square Onehunga;Pak 'n Save Mangere,5,15,21489.73,1500.0,True,True,05:58:09.730000
Sat_00415,Pak 'n Save Royal Oak;Four Square Onehunga;Four Square Ellerslie;Four Square Eden Terrace,4,9,13242.64,809.27,True,False,03:40:42.640000
Sat_00416,Pak 'n Save Royal Oak;Four Square Onehunga;Four Square Ellerslie;Pak 'n Save Sylvia Park;Four Square Eden Terrace,5,15,20491.08,1500.0,True,True,05:41:31.080000
Sat_00417,Four Square Onehunga;Four Square Ellerslie;Pak 'n Save Sylvia Park;Four Square Eden Terrace,4,9,13790.02,842.72,True,False,03:49:50.020000
Sat_00418,Four Square Ellerslie;Four Square Remuera;Four Square Eden Terrace,3,3,7073.99,432.3,False,False,01:57:53.990000
Sat_00419,Four Square Eden Terrace;Four Square Ellerslie;Four Square Remuera;Four Square St Heliers,4,4,9633.02,588.68,False,False,02:40:33.020000
Sat_00420,Four Square Ellerslie;Four Square Remuera;Four Square St Heliers;New World Metro Queen St;Four Square Eden Terrace,5,6,12134.36,741.54,False,False,03:22:14.360000
Sat_00421,Four Square Ellerslie;Four Square St Heliers;Four Square Remuera;New World Remuera;Four Square Eden Terrace,5,6,12030.5,735.2,False,False,03:20:30.500000
Sat_00422,Four Square Eden Terrace;Four Square Ellerslie;Four Square Remuera;Four Square St Heliers;New World Eastridge,5,7,13062.68,798.27,True,False,03:37:42.680000
Sat_00423,New World Mt Albert;Four Square Eden Terrace;Four Square Ellerslie;Four Square Remuera;Four Square St Heliers,5,7,12936.2,790.55,True,False,03:35:36.200000
Sat_00424,Four Square Eden Terrace;New World Newmarket;Four Square Ellerslie;Four Square Remuera;Four Square St Heliers,5,7,13093.92,800.18,True,False,03:38:13.920000
Sat_00425,Four Square Eden Terrace;Four Square Ellerslie;Four Square Remuera;Four Square St Heliers;New World Point Chevalier,5,7,13263.91,810.57,True,False,03:41:03.910000
Sat_00426,Four Square Ellerslie;New World Stonefields;Four Square St Heliers;Four Square Remuera;Four Square Eden Terrace,5,7,13107.88,801.04,True,False,03:38:27.880000
Sat_00427,New World Victoria Park;Four Square Eden Terrace;Four Square Ellerslie;Four Square Remuera;Four Square St Heliers,5,7,13603.23,831.31,True,False,03:46:43.230000
Sat_00428,Pak 'n Save Mt Albert;Four Square Eden Terrace;Four Square Ellerslie;Four Square Remuera;Four Square St Heliers,5,9,15308.32,1190.0,True,True,04:15:08.320000
Sat_00429,Four Square Eden Terrace;Four Square Ellerslie;Four Square Remuera;Pak 'n Save Glen Innes;Four Square St Heliers,5,10,16472.37,1190.0,True,True,04:34:32.370000
Sat_00430,Pak 'n Save Royal Oak;Four Square Ellerslie;Four Square St Heliers;Four Square Remuera;Four Square Eden Terrace,5,10,15851.51,1190.0,True,True,04:24:11.510000
Sat_00431,Four Square Ellerslie;Four Square Remuera;Four Square St Heliers;Pak 'n Save Sylvia Park;Four Square Eden Terrace,5,10,16798.33,1190.0,True,True,04:39:58.330000
Sat_00432,Four Square Ellerslie;Four Square Remuera;New World Metro Queen St;Four Square Eden Terrace,4,5,9890.51,604.42,False,False,02:44:50.510000
Sat_00433,Four Square Ellerslie;Four Square Remuera;New World Remuera;New World Metro Queen St;Four Square Eden Terrace,5,7,12260.3,749.24,False,False,03:24:20.300000
Sat_00434,Four Square Ellerslie;Four Square Remuera;New World Eastridge;New World Metro Queen St;Four Square Eden Terrace,5,8,13786.77,842.52,True,False,03:49:46.770000
Sat_00435,New World Mt Albert;Four Square Eden Terrace;New World Metro Queen St;Four Square Ellerslie;Four Square Remuera,5,8,13205.16,806.98,True,False,03:40:05.160000
Sat_00436,New World Newmarket;Four Square Ellerslie;Four Square Remuera;New World Metro Queen St;Four Square Eden Terrace,5,8,13351.41,815.92,True,False,03:42:31.410000
Sat_00437,Four Square Ellerslie;Four Square Remuera;New World Metro Queen St;Four Square Eden Terrace;New World Point Chevalier,5,8,13521.4,826.31,True,False,03:45:21.400000
Sat_00438,Four Square Ellerslie;New World Stonefields;Four Square Remuera;New World Metro Queen St;Four Square Eden Terrace,5,8,13683.42,836.21,True,False,03:48:03.420000
Sat_00439,New World Victoria Park;New World Metro Queen St;Four Square Ellerslie;Four Square Remuera;Four Square Eden Terrace,5,8,13411.28,819.58,True,False,03:43:31.280000
Sat_00440,Four Square Ellerslie;Four Square Remuera;New World Metro Queen St;Four Square Eden Terrace;Pak 'n Save Mt Albert,5,10,15576.53,1190.0,True,True,04:19:36.530000
Sat_00441,Four Square Ellerslie;Four Square Remuera;Pak 'n Save Glen Innes;New World Metro Queen St;Four Square Eden Terrace,5,11,17598.97,1190.0,True,True,04:53:18.970000
Sat_00442,Pak 'n Save Royal Oak;Four Square Ellerslie;Four Square Remuera;New World Metro Queen St;Four Square Eden Terrace,5,11,16081.31,1190.0,True,True,04:28:01.310000
Sat_00443,Pak 'n Save Sylvia Park;Four Square Ellerslie;Four Square Remuera;New World Metro Queen St;Four Square Eden Terrace,5,11,17149.74,1190.0,True,True,04:45:49.740000
Sat_00444,Four Square Ellerslie;Four Square Remuera;New World Remuera;Four Square Eden Terrace,4,5,9443.78,577.12,False,False,02:37:23.780000
Sat_00445,Four Square Ellerslie;Four Square Remuera;New World Eastridge;New World Remuera;Four Square Eden Terrace,5,8,13698.87,837.15,True,False,03:48:18.870000
Sat_00446,New World Mt Albert;Four Square Eden Terrace;Four Square Ellerslie;Four Square Remuera;New World Remuera,5,8,12801.74,782.33,True,False,03:33:21.740000
Sat_00447,Four Square Ellerslie;Four Square Remuera;New World Remuera;New World Newmarket;Four Square Eden Terrace,5,8,12821.76,783.55,True,False,03:33:41.760000
Sat_00448,Four Square Ellerslie;Four Square Remuera;New World Remuera;Four Square Eden Terrace;New World Point Chevalier,5,8,13074.67,799.01,True,False,03:37:54.670000
Sat_00449,Four Square Ellerslie;New World Stonefields;Four Square Remuera;New World Remuera;Four Square Eden Terrace,5,8,13236.69,808.91,True,False,03:40:36.690000
Sat_00450,Four Square Ellerslie;Four Square Remuera;New World Remuera;Four Square Eden Terrace;New World Victoria Park,5,8,13447.82,821.81,True,False,03:44:07.820000
Sat_00451,Four Square Ellerslie;Four Square Remuera;New World Remuera;Four Square Eden Terrace;Pak 'n Save Mt Albert,5,10,15129.8,1190.0,True,True,04:12:09.800000
Sat_00452,Four Square Ellerslie;Pak 'n Save Glen Innes;Four Square Remuera;New World Remuera;Four Square Eden Terrace,5,11,17280.38,1190.0,True,True,04:48:00.380000
Sat_00453,Pak 'n Save Royal Oak;Four Square Ellerslie;Four Square Remuera;New World Remuera;Four Square Eden Terrace,5,11,15634.58,1190.0,True,True,04:20:34.580000
Sat_00454,Pak 'n Save Sylvia Park;Four Square Ellerslie;Four Square Remuera;New World Remuera;Four Square Eden Terrace,5,11,16703.01,1190.0,True,True,04:38:23.010000
Sat_00455,Four Square Eden Terrace;Four Square Ellerslie;Four Square Remuera;New World Eastridge,4,6,11285.43,689.67,False,False,03:08:05.430000
Sat_00456,New World Mt Albert;Four Square Eden Terrace;Four Square Ellerslie;Four Square Remuera;New World Eastridge,5,9,14588.61,1190.0,True,True,04:03:08.610000
Sat_00457,Four Square Ellerslie;Four Square Remuera;New World Eastridge;New World Newmarket;Four Square Eden Terrace,5,9,14683.26,1190.0,True,True,04:04:43.260000
Sat_00458,Four Square Eden Terrace;Four Square Ellerslie;Four Square Remuera;New World Eastridge;New World Point Chevalier,5,9,14916.32,1190.0,True,True,04:08:36.320000
Sat_00459,Four Square Ellerslie;New World Stonefields;New World Eastridge;Four Square Remuera;Four Square Eden Terrace,5,9,14995.82,1190.0,True,True,04:09:55.820000
Sat_00460,New World Victoria Park;Four Square Eden Terrace;Four Square Ellerslie;Four Square Remuera;New World Eastridge,5,9,15255.64,1190.0,True,True,04:14:15.640000
Sat_00461,Pak 'n Save Mt Albert;Four Square Eden Terrace;Four Square Ellerslie;Four Square Remuera;New World Eastridge,5,11,16960.73,1190.0,True,True,04:42:40.730000
Sat_00462,Four Square Eden Terrace;Four Square Ellerslie;Four Square Remuera;Pak 'n Save Glen Innes;New World Eastridge,5,12,18445.83,1500.0,True,True,05:07:25.830000
Sat_00463,Pak 'n Save Royal Oak;Four Square Ellerslie;Four Square Remuera;New World Eastridge;Four Square Eden Terrace,5,12,17556.38,1190.0,True,True,04:52:36.380000
Sat_00464,Four Square Eden Terrace;Pak 'n Save Sylvia Park;Four Square Ellerslie;Four Square Remuera;New World Eastridge,5,12,18544.66,1500.0,True,True,05:09:04.660000
Sat_00465,New World Mt Albert;Four Square Eden Terrace;Four Square Ellerslie;Four Square Remuera,4,6,10431.96,637.51,False,False,02:53:51.960000
Sat_00466,New World Mt Albert;Four Square Eden Terrace;Four Square Ellerslie;Four Square Remuera;New World New Lynn,5,9,14596.3,1190.0,True,True,04:03:16.300000
Sat_00467,New World Mt Albert;Four Square Eden Terrace;New World Newmarket;Four Square Ellerslie;Four Square Remuera,5,9,13892.86,849.01,True,False,03:51:32.860000
Sat_00468,New World Mt Albert;New World Point Chevalier;Four Square Ellerslie;Four Square Remuera;Four Square Eden Terrace,5,9,14055.28,858.93,True,False,03:54:15.280000
Sat_00469,New World Mt Albert;Four Square Eden Terrace;Four Square Ellerslie;New World Stonefields;Four Square Remuera,5,9,14224.87,869.3,True,False,03:57:04.870000
Sat_00470,New World Mt Albert;Four Square Eden Terrace;Four Square Ellerslie;Four Square Remuera;New World Victoria Park,5,9,14381.8,878.89,True,False,03:59:41.800000
Sat_00471,New World Mt Albert;Four Square Eden Terrace;Four Square Ellerslie;Four Square Remuera;Pak 'n Save Mt Albert,5,11,16117.98,1190.0,True,True,04:28:37.980000
Sat_00472,New World Mt Albert;Four Square Eden Terrace;Four Square Ellerslie;Pak 'n Save Glen Innes;Four Square Remuera,5,12,18268.56,1500.0,True,True,05:04:28.560000
Sat_00473,Pak 'n Save Royal Oak;Four Square Ellerslie;Four Square Remuera;Four Square Eden Terrace;New World Mt Albert,5,12,16666.13,1190.0,True,True,04:37:46.130000
Sat_00474,New World Mt Albert;Four Square Eden Terrace;Pak 'n Save Sylvia Park;Four Square Ellerslie;Four Square Remuera,5,12,17691.19,1190.0,True,True,04:54:51.190000
Sat_00475,New World Newmarket;Four Square Ellerslie;Four Square Remuera;Four Square Eden Terrace,4,6,10534.89,643.8,False,False,02:55:34.890000
Sat_00476,New World Newmarket;Four Square Ellerslie;Four Square Remuera;Four Square Eden Terrace;New World Point Chevalier,5,9,14165.78,865.69,True,False,03:56:05.780000
Sat_00477,New World Newmarket;Four Square Ellerslie;New World Stonefields;Four Square Remuera;Four Square Eden Terrace,5,9,14327.8,875.59,True,False,03:58:47.800000
Sat_00478,New World Newmarket;Four Square Ellerslie;Four Square Remuera;Four Square Eden Terrace;New World Victoria Park,5,9,14538.93,1190.0,True,True,04:02:18.930000
Sat_00479,New World Newmarket;Four Square Ellerslie;Four Square Remuera;Four Square Eden Terrace;Pak 'n Save Mt Albert,5,11,16220.91,1190.0,True,True,04:30:20.910000
Sat_00480,New World Newmarket;Four Square Ellerslie;Pak 'n Save Glen Innes;Four Square Remuera;Four Square Eden Terrace,5,12,18371.49,1500.0,True,True,05:06:11.490000
Sat_00481,Pak 'n Save Royal Oak;Four Square Ellerslie;Four Square Remuera;New World Newmarket;Four Square Eden Terrace,5,12,16772.32,1190.0,True,True,04:39:32.320000
Sat_00482,New World Newmarket;Pak 'n Save Sylvia Park;Four Square Ellerslie;Four Square Remuera;Four Square Eden Terrace,5,12,17794.12,1190.0,True,True,04:56:34.120000
Sat_00483,Four Square Ellerslie;Four Square Remuera;Four Square Eden Terrace;New World Point Chevalier,4,6,10704.88,654.19,False,False,02:58:24.880000
Sat_00484,Four Square Ellerslie;New World Stonefields;Four Square Remuera;Four Square Eden Terrace;New World Point Chevalier,5,9,14497.79,1190.0,True,True,04:01:37.790000
Sat_00485,Four Square Ellerslie;Four Square Remuera;Four Square Eden Terrace;New World Victoria Park;New World Point Chevalier,5,9,14708.92,1190.0,True,True,04:05:08.920000
Sat_00486,Pak 'n Save Mt Albert;New World Point Chevalier;Four Square Ellerslie;Four Square Remuera;Four Square Eden Terrace,5,11,16168.83,1190.0,True,True,04:29:28.830000
Sat_00487,Four Square Ellerslie;Pak 'n Save Glen Innes;Four Square Remuera;Four Square Eden Terrace;New World Point Chevalier,5,12,18541.48,1500.0,True,True,05:09:01.480000
Sat_00488,Pak 'n Save Royal Oak;Four Square Ellerslie;Four Square Remuera;Four Square Eden Terrace;New World Point Chevalier,5,12,16895.68,1190.0,True,True,04:41:35.680000
Sat_00489,Pak 'n Save Sylvia Park;Four Square Ellerslie;Four Square Remuera;Four Square Eden Terrace;New World Point Chevalier,5,12,17964.11,1190.0,True,True,04:59:24.110000
Sat_00490,Four Square Ellerslie;New World Stonefields;Four Square Remuera;Four Square Eden Terrace,4,6,10866.9,664.09,False,False,03:01:06.900000
Sat_00491,Four Square Ellerslie;New World Stonefields;Four Square Remuera;Four Square Eden Terrace;New World Victoria Park,5,9,14870.94,1190.0,True,True,04:07:50.940000
Sat_00492,Four Square Ellerslie;New World Stonefields;Four Square Remuera;Four Square Eden Terrace;Pak 'n Save Mt Albert,5,11,16552.92,1190.0,True,True,04:35:52.920000
Sat_00493,Four Square Ellerslie;New World Stonefields;Pak 'n Save Glen Innes;Four Square Remuera;Four Square Eden Terrace,5,12,18301.5,1500.0,True,True,05:05:01.500000
Sat_00494,Pak 'n Save Royal Oak;Four Square Ellerslie;New World Stonefields;Four Square Remuera;Four Square Eden Terrace,5,12,17057.7,1190.0,True,True,04:44:17.700000
Sat_00495,Four Square Ellerslie;Four Square Remuera;New World Stonefields;Pak 'n Save Sylvia Park;Four Square Eden Terrace,5,12,18018.38,1500.0,True,True,05:00:18.380000
Sat_00496,Four Square Ellerslie;Four Square Remuera;Four Square Eden Terrace;New World Victoria Park,4,6,11078.03,676.99,False,False,03:04:38.030000
Sat_00497,Pak 'n Save Mt Albert;New World Victoria Park;Four Square Eden Terrace;Four Square Ellerslie;Four Square Remuera,5,11,16708.07,1190.0,True,True,04:38:28.070000
Sat_00498,Four Square Ellerslie;Pak 'n Save Glen Innes;Four Square Remuera;Four Square Eden Terrace;New World Victoria Park,5,12,18914.63,1500.0,True,True,05:15:14.630000
Sat_00499,Pak 'n Save Royal Oak;Four Square Ellerslie;Four Square Remuera;Four Square Eden Terrace;New World Victoria Park,5,12,17268.83,1190.0,True,True,04:47:48.830000
Sat_00500,Pak 'n Save Sylvia Park;Four Square Ellerslie;Four Square Remuera;Four Square Eden Terrace;New World Victoria Park,5,12,18337.26,1500.0,True,True,05:05:37.260000
Sat_00501,Four Square Ellerslie;Four Square Remuera;Four Square Eden Terrace;Pak 'n Save Mt Albert,4,8,12760.01,779.78,True,False,03:32:40.010000
Sat_00502,Four Square Ellerslie;Pak 'n Save Glen Innes;Four Square Remuera;Four Square Eden Terrace;Pak 'n Save Mt Albert,5,14,20596.61,1500.0,True,True,05:43:16.610000
Sat_00503,Pak 'n Save Royal Oak;Four Square Ellerslie;Four Square Remuera;Four Square Eden Terrace;Pak 'n Save Mt Albert,5,14,18950.81,1500.0,True,True,05:15:50.810000
Sat_00504,Pak 'n Save Sylvia Park;Four Square Ellerslie;Four Square Remuera;Four Square Eden Terrace;Pak 'n Save Mt Albert,5,14,20019.24,1500.0,True,True,05:33:39.240000
Sat_00505,Four Square Ellerslie;Pak 'n Save Glen Innes;Four Square Remuera;Four Square Eden Terrace,4,9,14910.59,1190.0,True,True,04:08:30.590000
Sat_00506,Pak 'n Save Royal Oak;Four Square Ellerslie;Pak 'n Save Glen Innes;Four Square Remuera;Four Square Eden Terrace,5,15,21101.39,1500.0,True,True,05:51:41.390000
Sat_00507,Four Square Ellerslie;Pak 'n Save Sylvia Park;Pak 'n Save Glen Innes;Four Square Remuera;Four Square Eden Terrace,5,15,21879.33,1810.0,True,True,06:04:39.330000
Sat_00508,Pak 'n Save Royal Oak;Four Square Ellerslie;Four Square Remuera;Four Square Eden Terrace,4,9,13264.79,810.63,True,False,03:41:04.790000
Sat_00509,Pak 'n Save Royal Oak;Pak 'n Save Sylvia Park;Four Square Ellerslie;Four Square Remuera;Four Square Eden Terrace,5,15,20553.44,1500.0,True,True,05:42:33.440000
Sat_00510,Pak 'n Save Sylvia Park;Four Square Ellerslie;Four Square Remuera;Four Square Eden Terrace,4,9,14333.22,875.92,True,False,03:58:53.220000
Sat_00511,Four Square Ellerslie;New World Metro Queen St;Four Square Eden Terrace,3,4,8594.19,525.2,False,False,02:23:14.190000
Sat_00512,Four Square Ellerslie;New World Remuera;New World Metro Queen St;Four Square Eden Terrace,4,6,11072.44,676.65,False,False,03:04:32.440000
Sat_00513,Four Square Ellerslie;New World Remuera;New World Eastridge;New World Metro Queen St;Four Square Eden Terrace,5,9,15096.84,1190.0,True,True,04:11:36.840000
Sat_00514,New World Mt Albert;Four Square Eden Terrace;New World Metro Queen St;Four Square Ellerslie;New World Remuera,5,9,14387.08,879.21,True,False,03:59:47.080000
Sat_00515,Four Square Ellerslie;New World Remuera;New World Newmarket;New World Metro Queen St;Four Square Eden Terrace,5,9,14450.42,1190.0,True,True,04:00:50.420000
Sat_00516,Four Square Ellerslie;New World Remuera;New World Metro Queen St;Four Square Eden Terrace;New World Point Chevalier,5,9,14703.33,1190.0,True,True,04:05:03.330000
Sat_00517,Four Square Ellerslie;New World Stonefields;New World Remuera;New World Metro Queen St;Four Square Eden Terrace,5,9,14892.85,1190.0,True,True,04:08:12.850000
Sat_00518,New World Victoria Park;New World Metro Queen St;Four Square Ellerslie;New World Remuera;Four Square Eden Terrace,5,9,14593.21,1190.0,True,True,04:03:13.210000
Sat_00519,Four Square Ellerslie;New World Remuera;New World Metro Queen St;Four Square Eden Terrace;Pak 'n Save Mt Albert,5,11,16758.46,1190.0,True,True,04:39:18.460000
Sat_00520,New World Remuera;Four Square Ellerslie;Pak 'n Save Glen Innes;New World Metro Queen St;Four Square Eden Terrace,5,12,18884.57,1500.0,True,True,05:14:44.570000
Sat_00521,Pak 'n Save Royal Oak;Four Square Ellerslie;New World Remuera;New World Metro Queen St;Four Square Eden Terrace,5,12,17263.24,1190.0,True,True,04:47:43.240000
Sat_00522,Pak 'n Save Sylvia Park;Four Square Ellerslie;New World Remuera;New World Metro Queen St;Four Square Eden Terrace,5,12,18331.67,1500.0,True,True,05:05:31.670000
Sat_00523,Four Square Ellerslie;New World Eastridge;New World Metro Queen St;Four Square Eden Terrace,4,7,12706.77,776.52,True,False,03:31:46.770000
Sat_00524,New World Mt Albert;Four Square Eden Terrace;Four Square Ellerslie;New World Eastridge;New World Metro Queen St,5,10,16058.51,1190.0,True,True,04:27:38.510000
Sat_00525,New World Newmarket;Four Square Ellerslie;New World Eastridge;New World Metro Queen St;Four Square Eden Terrace,5,10,16167.67,1190.0,True,True,04:29:27.670000
Sat_00526,Four Square Ellerslie;New World Eastridge;New World Metro Queen St;Four Square Eden Terrace;New World Point Chevalier,5,10,16337.66,1190.0,True,True,04:32:17.660000
Sat_00527,Four Square Ellerslie;New World Stonefields;New World Eastridge;New World Metro Queen St;Four Square Eden Terrace,5,10,16234.14,1190.0,True,True,04:30:34.140000
Sat_00528,Four Square Eden Terrace;Four Square Ellerslie;New World Eastridge;New World Metro Queen St;New World Victoria Park,5,10,16289.22,1190.0,True,True,04:31:29.220000
Sat_00529,Four Square Ellerslie;New World Eastridge;New World Metro Queen St;Four Square Eden Terrace;Pak 'n Save Mt Albert,5,12,18392.79,1500.0,True,True,05:06:32.790000
Sat_00530,Four Square Ellerslie;Pak 'n Save Glen Innes;New World Eastridge;New World Metro Queen St;Four Square Eden Terrace,5,13,19711.5,1500.0,True,True,05:28:31.500000
Sat_00531,Pak 'n Save Royal Oak;Four Square Ellerslie;New World Eastridge;New World Metro Queen St;Four Square Eden Terrace,5,13,18897.57,1500.0,True,True,05:14:57.570000
Sat_00532,Four Square Ellerslie;Pak 'n Save Sylvia Park;New World Eastridge;New World Metro Queen St;Four Square Eden Terrace,5,13,19947.8,1500.0,True,True,05:32:27.800000
Sat_00533,New World Mt Albert;Four Square Eden Terrace;New World Metro Queen St;Four Square Ellerslie,4,7,11908.84,727.76,False,False,03:18:28.840000
Sat_00534,New World Mt Albert;Four Square Eden Terrace;New World Metro Queen St;Four Square Ellerslie;New World New Lynn,5,10,16073.18,1190.0,True,True,04:27:53.180000
Sat_00535,New World Mt Albert;Four Square Eden Terrace;New World Metro Queen St;New World Newmarket;Four Square Ellerslie,5,10,15369.73,1190.0,True,True,04:16:09.730000
Sat_00536,New World Mt Albert;Four Square Eden Terrace;New World Metro Queen St;Four Square Ellerslie;New World Point Chevalier,5,10,15539.73,1190.0,True,True,04:18:59.730000
Sat_00537,New World Mt Albert;Four Square Eden Terrace;New World Metro Queen St;Four Square Ellerslie;New World Stonefields,5,10,15767.29,1190.0,True,True,04:22:47.290000
Sat_00538,New World Mt Albert;New World Victoria Park;New World Metro Queen St;Four Square Ellerslie;Four Square Eden Terrace,5,10,15432.21,1190.0,True,True,04:17:12.210000
Sat_00539,New World Mt Albert;Four Square Eden Terrace;New World Metro Queen St;Four Square Ellerslie;Pak 'n Save Mt Albert,5,12,17594.86,1190.0,True,True,04:53:14.860000
Sat_00540,New World Mt Albert;Four Square Eden Terrace;Four Square Ellerslie;Pak 'n Save Glen Innes;New World Metro Queen St,5,13,19715.04,1500.0,True,True,05:28:35.040000
Sat_00541,New World Mt Albert;Four Square Eden Terrace;New World Metro Queen St;Four Square Ellerslie;Pak 'n Save Royal Oak,5,13,18115.01,1500.0,True,True,05:01:55.010000
Sat_00542,New World Mt Albert;Four Square Eden Terrace;New World Metro Queen St;Four Square Ellerslie;Pak 'n Save Sylvia Park,5,13,19157.27,1500.0,True,True,05:19:17.270000
Sat_00543,New World Newmarket;Four Square Ellerslie;New World Metro Queen St;Four Square Eden Terrace,4,7,12055.09,736.7,False,False,03:20:55.090000
Sat_00544,New World Newmarket;Four Square Ellerslie;New World Metro Queen St;Four Square Eden Terrace;New World Point Chevalier,5,10,15685.98,1190.0,True,True,04:21:25.980000
Sat_00545,New World Newmarket;Four Square Ellerslie;New World Stonefields;New World Metro Queen St;Four Square Eden Terrace,5,10,15913.54,1190.0,True,True,04:25:13.540000
Sat_00546,New World Victoria Park;New World Metro Queen St;New World Newmarket;Four Square Ellerslie;Four Square Eden Terrace,5,10,15575.85,1190.0,True,True,04:19:35.850000
Sat_00547,New World Newmarket;Four Square Ellerslie;New World Metro Queen St;Four Square Eden Terrace;Pak 'n Save Mt Albert,5,12,17741.11,1190.0,True,True,04:55:41.110000
Sat_00548,New World Newmarket;Four Square Ellerslie;Pak 'n Save Glen Innes;New World Metro Queen St;Four Square Eden Terrace,5,13,19824.2,1500.0,True,True,05:30:24.200000
Sat_00549,Four Square Eden Terrace;New World Metro Queen St;New World Newmarket;Four Square Ellerslie;Pak 'n Save Royal Oak,5,13,18272.72,1500.0,True,True,05:04:32.720000
Sat_00550,New World Newmarket;Four Square Ellerslie;Pak 'n Save Sylvia Park;New World Metro Queen St;Four Square Eden Terrace,5,13,19303.53,1500.0,True,True,05:21:43.530000
Sat_00551,Four Square Ellerslie;New World Metro Queen St;Four Square Eden Terrace;New World Point Chevalier,4,7,12225.08,747.09,False,False,03:23:45.080000
Sat_00552,Four Square Ellerslie;New World Stonefields;New World Metro Queen St;Four Square Eden Terrace;New World Point Chevalier,5,10,16083.53,1190.0,True,True,04:28:03.530000
Sat_00553,New World Victoria Park;New World Metro Queen St;Four Square Ellerslie;Four Square Eden Terrace;New World Point Chevalier,5,10,15745.85,1190.0,True,True,04:22:25.850000
Sat_00554,Pak 'n Save Mt Albert;New World Point Chevalier;Four Square Ellerslie;New World Metro Queen St;Four Square Eden Terrace,5,12,17689.03,1190.0,True,True,04:54:49.030000
Sat_00555,Four Square Ellerslie;Pak 'n Save Glen Innes;New World Metro Queen St;Four Square Eden Terrace;New World Point Chevalier,5,13,19994.19,1500.0,True,True,05:33:14.190000
Sat_00556,Pak 'n Save Royal Oak;Four Square Ellerslie;New World Metro Queen St;Four Square Eden Terrace;New World Point Chevalier,5,13,18415.88,1500.0,True,True,05:06:55.880000
Sat_00557,Four Square Ellerslie;Pak 'n Save Sylvia Park;New World Metro Queen St;Four Square Eden Terrace;New World Point Chevalier,5,13,19473.52,1500.0,True,True,05:24:33.520000
Sat_00558,Four Square Ellerslie;New World Stonefields;New World Metro Queen St;Four Square Eden Terrace,4,7,12452.64,760.99,False,False,03:27:32.640000
Sat_00559,New World Victoria Park;New World Metro Queen St;Four Square Ellerslie;New World Stonefields;Four Square Eden Terrace,5,10,15973.42,1190.0,True,True,04:26:13.420000
Sat_00560,Four Square Ellerslie;New World Stonefields;New World Metro Queen St;Four Square Eden Terrace;Pak 'n Save Mt Albert,5,12,18138.66,1500.0,True,True,05:02:18.660000
Sat_00561,Four Square Ellerslie;New World Stonefields;Pak 'n Save Glen Innes;New World Metro Queen St;Four Square Eden Terrace,5,13,19754.21,1500.0,True,True,05:29:14.210000
Sat_00562,Pak 'n Save Royal Oak;Four Square Ellerslie;New World Stonefields;New World Metro Queen St;Four Square Eden Terrace,5,13,18643.44,1500.0,True,True,05:10:43.440000
Sat_00563,Four Square Ellerslie;New World Stonefields;Pak 'n Save Sylvia Park;New World Metro Queen St;Four Square Eden Terrace,5,13,19478.75,1500.0,True,True,05:24:38.750000
Sat_00564,New World Victoria Park;New World Metro Queen St;Four Square Ellerslie;Four Square Eden Terrace,4,7,12114.96,740.36,False,False,03:21:54.960000
Sat_00565,Pak 'n Save Mt Albert;New World Victoria Park;New World Metro Queen St;Four Square Ellerslie;Four Square Eden Terrace,5,12,17724.04,1190.0,True,True,04:55:24.040000
Sat_00566,Four Square Eden Terrace;Four Square Ellerslie;Pak 'n Save Glen Innes;New World Metro Queen St;New World Victoria Park,5,13,19945.75,1500.0,True,True,05:32:25.750000
Sat_00567,Pak 'n Save Royal Oak;Four Square Ellerslie;Four Square Eden Terrace;New World Metro Queen St;New World Victoria Park,5,13,18364.98,1500.0,True,True,05:06:04.980000
Sat_00568,New World Victoria Park;New World Metro Queen St;Four Square Ellerslie;Pak 'n Save Sylvia Park;Four Square Eden Terrace,5,13,19363.4,1500.0,True,True,05:22:43.400000
Sat_00569,Four Square Ellerslie;New World Metro Queen St;Four Square Eden Terrace;Pak 'n Save Mt Albert,4,9,14280.21,872.68,True,False,03:58:00.210000
Sat_00570,Four Square Ellerslie;Pak 'n Save Glen Innes;New World Metro Queen St;Four Square Eden Terrace;Pak 'n Save Mt Albert,5,15,22049.32,1810.0,True,True,06:07:29.320000
Sat_00571,Pak 'n Save Royal Oak;Four Square Ellerslie;New World Metro Queen St;Four Square Eden Terrace;Pak 'n Save Mt Albert,5,15,20471.01,1500.0,True,True,05:41:11.010000
Sat_00572,Four Square Ellerslie;Pak 'n Save Sylvia Park;New World Metro Queen St;Four Square Eden Terrace;Pak 'n Save Mt Albert,5,15,21528.65,1500.0,True,True,05:58:48.650000
Sat_00573,Four Square Ellerslie;Pak 'n Save Glen Innes;New World Metro Queen St;Four Square Eden Terrace,4,10,16363.3,1190.0,True,True,04:32:43.300000
Sat_00574,Pak 'n Save Royal Oak;Four Square Ellerslie;Pak 'n Save Glen Innes;New World Metro Queen St;Four Square Eden Terrace,5,16,22554.1,1810.0,True,True,06:15:54.100000
Sat_00575,Four Square Ellerslie;Pak 'n Save Sylvia Park;Pak 'n Save Glen Innes;New World Metro Queen St;Four Square Eden Terrace,5,16,23332.04,1810.0,True,True,06:28:52.040000
Sat_00576,Pak 'n Save Royal Oak;Four Square Ellerslie;New World Metro Queen St;Four Square Eden Terrace,4,10,14784.99,1190.0,True,True,04:06:24.990000
Sat_00577,Pak 'n Save Royal Oak;Four Square Ellerslie;Pak 'n Save Sylvia Park;New World Metro Queen St;Four Square Eden Terrace,5,16,22033.43,1810.0,True,True,06:07:13.430000
Sat_00578,Four Square Ellerslie;Pak 'n Save Sylvia Park;New World Metro Queen St;Four Square Eden Terrace,4,10,15842.63,1190.0,True,True,04:24:02.630000
Sat_00579,Four Square Ellerslie;New World Remuera;Four Square Eden Terrace,3,4,8255.92,504.53,False,False,02:17:35.920000
Sat_00580,Four Square Eden Terrace;Four Square Ellerslie;New World Remuera;New World Eastridge,4,7,12595.5,769.72,False,False,03:29:55.500000
Sat_00581,New World Mt Albert;Four Square Eden Terrace;Four Square Ellerslie;New World Remuera;New World Eastridge,5,10,15898.68,1190.0,True,True,04:24:58.680000
Sat_00582,Four Square Ellerslie;New World Remuera;New World Eastridge;New World Newmarket;Four Square Eden Terrace,5,10,15993.33,1190.0,True,True,04:26:33.330000
Sat_00583,Four Square Eden Terrace;Four Square Ellerslie;New World Remuera;New World Eastridge;New World Point Chevalier,5,10,16226.39,1190.0,True,True,04:30:26.390000
Sat_00584,Four Square Ellerslie;New World Stonefields;New World Eastridge;New World Remuera;Four Square Eden Terrace,5,10,16146.24,1190.0,True,True,04:29:06.240000
Sat_00585,New World Victoria Park;Four Square Eden Terrace;Four Square Ellerslie;New World Remuera;New World Eastridge,5,10,16565.71,1190.0,True,True,04:36:05.710000
Sat_00586,Pak 'n Save Mt Albert;Four Square Eden Terrace;Four Square Ellerslie;New World Remuera;New World Eastridge,5,12,18270.8,1500.0,True,True,05:04:30.800000
Sat_00587,Four Square Ellerslie;Pak 'n Save Glen Innes;New World Eastridge;New World Remuera;Four Square Eden Terrace,5,13,19623.6,1500.0,True,True,05:27:03.600000
Sat_00588,Pak 'n Save Royal Oak;Four Square Ellerslie;New World Eastridge;New World Remuera;Four Square Eden Terrace,5,13,18809.67,1500.0,True,True,05:13:29.670000
Sat_00589,Four Square Eden Terrace;Pak 'n Save Sylvia Park;Four Square Ellerslie;New World Remuera;New World Eastridge,5,13,19854.73,1500.0,True,True,05:30:54.730000
Sat_00590,New World Mt Albert;Four Square Eden Terrace;Four Square Ellerslie;New World Remuera,4,7,11613.88,709.74,False,False,03:13:33.880000
Sat_00591,New World Mt Albert;Four Square Eden Terrace;Four Square Ellerslie;New World Remuera;New World New Lynn,5,10,15778.23,1190.0,True,True,04:22:58.230000
Sat_00592,New World Mt Albert;Four Square Eden Terrace;Four Square Ellerslie;New World Remuera;New World Newmarket,5,10,14991.86,1190.0,True,True,04:09:51.860000
Sat_00593,New World Mt Albert;New World Point Chevalier;Four Square Ellerslie;New World Remuera;Four Square Eden Terrace,5,10,15237.21,1190.0,True,True,04:13:57.210000
Sat_00594,New World Mt Albert;Four Square Eden Terrace;Four Square Ellerslie;New World Stonefields;New World Remuera,5,10,15434.29,1190.0,True,True,04:17:14.290000
Sat_00595,New World Mt Albert;Four Square Eden Terrace;Four Square Ellerslie;New World Remuera;New World Victoria Park,5,10,15563.73,1190.0,True,True,04:19:23.730000
Sat_00596,New World Mt Albert;Four Square Eden Terrace;Four Square Ellerslie;New World Remuera;Pak 'n Save Mt Albert,5,12,17299.91,1190.0,True,True,04:48:19.910000
Sat_00597,New World Mt Albert;Four Square Eden Terrace;Four Square Ellerslie;Pak 'n Save Glen Innes;New World Remuera,5,13,19558.33,1500.0,True,True,05:25:58.330000
Sat_00598,Pak 'n Save Royal Oak;Four Square Ellerslie;New World Remuera;Four Square Eden Terrace;New World Mt Albert,5,13,17848.06,1190.0,True,True,04:57:28.060000
Sat_00599,New World Mt Albert;Four Square Eden Terrace;Pak 'n Save Sylvia Park;Four Square Ellerslie;New World Remuera,5,13,18873.11,1500.0,True,True,05:14:33.110000
Sat_00600,Four Square Ellerslie;New World Remuera;New World Newmarket;Four Square Eden Terrace,4,7,11633.9,710.96,False,False,03:13:53.900000
Sat_00601,Four Square Ellerslie;New World Remuera;New World Newmarket;Four Square Eden Terrace;New World Point Chevalier,5,10,15264.79,1190.0,True,True,04:14:24.790000
Sat_00602,Four Square Ellerslie;New World Stonefields;New World Remuera;New World Newmarket;Four Square Eden Terrace,5,10,15454.31,1190.0,True,True,04:17:34.310000
Sat_00603,Four Square Ellerslie;New World Remuera;New World Newmarket;Four Square Eden Terrace;New World Victoria Park,5,10,15637.94,1190.0,True,True,04:20:37.940000
Sat_00604,Four Square Ellerslie;New World Remuera;New World Newmarket;Four Square Eden Terrace;Pak 'n Save Mt Albert,5,12,17319.92,1190.0,True,True,04:48:39.920000
Sat_00605,Four Square Ellerslie;Pak 'n Save Glen Innes;New World Remuera;New World Newmarket;Four Square Eden Terrace,5,13,19578.35,1500.0,True,True,05:26:18.350000
Sat_00606,Pak 'n Save Royal Oak;Four Square Ellerslie;New World Remuera;New World Newmarket;Four Square Eden Terrace,5,13,17824.7,1190.0,True,True,04:57:04.700000
Sat_00607,Pak 'n Save Sylvia Park;Four Square Ellerslie;New World Remuera;New World Newmarket;Four Square Eden Terrace,5,13,18893.13,1500.0,True,True,05:14:53.130000
Sat_00608,Four Square Ellerslie;New World Remuera;Four Square Eden Terrace;New World Point Chevalier,4,7,11886.81,726.42,False,False,03:18:06.810000
Sat_00609,Four Square Ellerslie;New World Stonefields;New World Remuera;Four Square Eden Terrace;New World Point Chevalier,5,10,15707.22,1190.0,True,True,04:21:47.220000
Sat_00610,Four Square Ellerslie;New World Remuera;Four Square Eden Terrace;New World Victoria Park;New World Point Chevalier,5,10,15890.85,1190.0,True,True,04:24:50.850000
Sat_00611,Pak 'n Save Mt Albert;New World Point Chevalier;Four Square Ellerslie;New World Remuera;Four Square Eden Terrace,5,12,17350.76,1190.0,True,True,04:49:10.760000
Sat_00612,Four Square Ellerslie;Pak 'n Save Glen Innes;New World Remuera;Four Square Eden Terrace;New World Point Chevalier,5,13,19831.26,1500.0,True,True,05:30:31.260000
Sat_00613,Pak 'n Save Royal Oak;Four Square Ellerslie;New World Remuera;Four Square Eden Terrace;New World Point Chevalier,5,13,18077.61,1500.0,True,True,05:01:17.610000
Sat_00614,Pak 'n Save Sylvia Park;Four Square Ellerslie;New World Remuera;Four Square Eden Terrace;New World Point Chevalier,5,13,19146.04,1500.0,True,True,05:19:06.040000
Sat_00615,Four Square Ellerslie;New World Stonefields;New World Remuera;Four Square Eden Terrace,4,7,12076.33,738.0,False,False,03:21:16.330000
Sat_00616,Four Square Ellerslie;New World Stonefields;New World Remuera;Four Square Eden Terrace;New World Victoria Park,5,10,16080.37,1190.0,True,True,04:28:00.370000
Sat_00617,Four Square Ellerslie;New World Stonefields;New World Remuera;Four Square Eden Terrace;Pak 'n Save Mt Albert,5,12,17762.35,1190.0,True,True,04:56:02.350000
Sat_00618,Four Square Ellerslie;New World Stonefields;Pak 'n Save Glen Innes;New World Remuera;Four Square Eden Terrace,5,13,19591.28,1500.0,True,True,05:26:31.280000
Sat_00619,Pak 'n Save Royal Oak;Four Square Ellerslie;New World Stonefields;New World Remuera;Four Square Eden Terrace,5,13,18267.13,1500.0,True,True,05:04:27.130000
Sat_00620,New World Remuera;New World Stonefields;Pak 'n Save Sylvia Park;Four Square Ellerslie;Four Square Eden Terrace,5,13,19165.12,1500.0,True,True,05:19:25.120000
Sat_00621,Four Square Ellerslie;New World Remuera;Four Square Eden Terrace;New World Victoria Park,4,7,12259.96,749.22,False,False,03:24:19.960000
Sat_00622,Pak 'n Save Mt Albert;New World Victoria Park;Four Square Eden Terrace;Four Square Ellerslie;New World Remuera,5,12,17889.99,1190.0,True,True,04:58:09.990000
Sat_00623,Four Square Ellerslie;Pak 'n Save Glen Innes;New World Remuera;Four Square Eden Terrace;New World Victoria Park,5,13,20204.41,1500.0,True,True,05:36:44.410000
Sat_00624,Pak 'n Save Royal Oak;Four Square Ellerslie;New World Remuera;Four Square Eden Terrace;New World Victoria Park,5,13,18450.76,1500.0,True,True,05:07:30.760000
Sat_00625,Pak 'n Save Sylvia Park;Four Square Ellerslie;New World Remuera;Four Square Eden Terrace;New World Victoria Park,5,13,19519.19,1500.0,True,True,05:25:19.190000
Sat_00626,Four Square Ellerslie;New World Remuera;Four Square Eden Terrace;Pak 'n Save Mt Albert,4,9,13941.94,852.01,True,False,03:52:21.940000
Sat_00627,Four Square Ellerslie;Pak 'n Save Glen Innes;New World Remuera;Four Square Eden Terrace;Pak 'n Save Mt Albert,5,15,21886.39,1810.0,True,True,06:04:46.390000
Sat_00628,Pak 'n Save Royal Oak;Four Square Ellerslie;New World Remuera;Four Square Eden Terrace;Pak 'n Save Mt Albert,5,15,20132.74,1500.0,True,True,05:35:32.740000
Sat_00629,Pak 'n Save Sylvia Park;Four Square Ellerslie;New World Remuera;Four Square Eden Terrace;Pak 'n Save Mt Albert,5,15,21201.17,1500.0,True,True,05:53:21.170000
Sat_00630,Four Square Ellerslie;Pak 'n Save Glen Innes;New World Remuera;Four Square Eden Terrace,4,10,16200.37,1190.0,True,True,04:30:00.370000
Sat_00631,Pak 'n Save Royal Oak;Four Square Ellerslie;Pak 'n Save Glen Innes;New World Remuera;Four Square Eden Terrace,5,16,22391.17,1810.0,True,True,06:13:11.170000
Sat_00632,New World Remuera;Pak 'n Save Glen Innes;Pak 'n Save Sylvia Park;Four Square Ellerslie;Four Square Eden Terrace,5,16,23141.93,1810.0,True,True,06:25:41.930000
Sat_00633,Pak 'n Save Royal Oak;Four Square Ellerslie;New World Remuera;Four Square Eden Terrace,4,10,14446.72,1190.0,True,True,04:00:46.720000
Sat_00634,Pak 'n Save Royal Oak;Pak 'n Save Sylvia Park;Four Square Ellerslie;New World Remuera;Four Square Eden Terrace,5,16,21735.37,1810.0,True,True,06:02:15.370000
Sat_00635,Pak 'n Save Sylvia Park;Four Square Ellerslie;New World Remuera;Four Square Eden Terrace,4,10,15515.15,1190.0,True,True,04:18:35.150000
Sat_00636,Four Square Eden Terrace;Four Square Ellerslie;New World Eastridge,3,5,10205.43,623.67,False,False,02:50:05.430000
Sat_00637,New World Mt Albert;Four Square Eden Terrace;Four Square Ellerslie;New World Eastridge,4,8,13508.61,825.53,True,False,03:45:08.610000
Sat_00638,New World Mt Albert;Four Square Eden Terrace;Four Square Ellerslie;New World Eastridge;New World New Lynn,5,11,17672.95,1190.0,True,True,04:54:32.950000
Sat_00639,New World Mt Albert;Four Square Eden Terrace;Four Square Ellerslie;New World Eastridge;New World Newmarket,5,11,16961.22,1190.0,True,True,04:42:41.220000
Sat_00640,New World Mt Albert;Four Square Eden Terrace;Four Square Ellerslie;New World Eastridge;New World Point Chevalier,5,11,17139.5,1190.0,True,True,04:45:39.500000
Sat_00641,New World Mt Albert;Four Square Eden Terrace;Four Square Ellerslie;New World Stonefields;New World Eastridge,5,11,17035.98,1190.0,True,True,04:43:55.980000
Sat_00642,New World Mt Albert;New World Victoria Park;Four Square Eden Terrace;Four Square Ellerslie;New World Eastridge,5,11,17492.89,1190.0,True,True,04:51:32.890000
Sat_00643,New World Mt Albert;Four Square Eden Terrace;Four Square Ellerslie;New World Eastridge;Pak 'n Save Mt Albert,5,13,19194.63,1500.0,True,True,05:19:54.630000
Sat_00644,New World Mt Albert;Four Square Eden Terrace;Four Square Ellerslie;Pak 'n Save Glen Innes;New World Eastridge,5,14,20513.34,1500.0,True,True,05:41:53.340000
Sat_00645,Pak 'n Save Royal Oak;Four Square Ellerslie;New World Eastridge;Four Square Eden Terrace;New World Mt Albert,5,14,19877.72,1500.0,True,True,05:31:17.720000
Sat_00646,New World Mt Albert;Four Square Eden Terrace;Four Square Ellerslie;Pak 'n Save Sylvia Park;New World Eastridge,5,14,20749.64,1500.0,True,True,05:45:49.640000
Sat_00647,Four Square Ellerslie;New World Eastridge;New World Newmarket;Four Square Eden Terrace,4,8,13603.26,831.31,True,False,03:46:43.260000
Sat_00648,Four Square Ellerslie;New World Eastridge;New World Newmarket;Four Square Eden Terrace;New World Point Chevalier,5,11,17234.15,1190.0,True,True,04:47:14.150000
Sat_00649,Four Square Ellerslie;New World Stonefields;New World Eastridge;New World Newmarket;Four Square Eden Terrace,5,11,17130.63,1190.0,True,True,04:45:30.630000
Sat_00650,Four Square Ellerslie;New World Eastridge;New World Newmarket;Four Square Eden Terrace;New World Victoria Park,5,11,17607.3,1190.0,True,True,04:53:27.300000
Sat_00651,Four Square Ellerslie;New World Eastridge;New World Newmarket;Four Square Eden Terrace;Pak 'n Save Mt Albert,5,13,19289.28,1500.0,True,True,05:21:29.280000
Sat_00652,Four Square Ellerslie;Pak 'n Save Glen Innes;New World Eastridge;New World Newmarket;Four Square Eden Terrace,5,14,20607.99,1500.0,True,True,05:43:27.990000
Sat_00653,Pak 'n Save Royal Oak;Four Square Ellerslie;New World Eastridge;New World Newmarket;Four Square Eden Terrace,5,14,19794.06,1500.0,True,True,05:29:54.060000
Sat_00654,Four Square Ellerslie;Pak 'n Save Sylvia Park;New World Eastridge;New World Newmarket;Four Square Eden Terrace,5,14,20844.29,1500.0,True,True,05:47:24.290000
Sat_00655,Four Square Eden Terrace;Four Square Ellerslie;New World Eastridge;New World Point Chevalier,4,8,13836.32,845.55,True,False,03:50:36.320000
Sat_00656,Four Square Eden Terrace;Four Square Ellerslie;New World Stonefields;New World Eastridge;New World Point Chevalier,5,11,17363.69,1190.0,True,True,04:49:23.690000
Sat_00657,New World Victoria Park;Four Square Eden Terrace;Four Square Ellerslie;New World Eastridge;New World Point Chevalier,5,11,17806.53,1190.0,True,True,04:56:46.530000
Sat_00658,Pak 'n Save Mt Albert;New World Point Chevalier;Four Square Eden Terrace;Four Square Ellerslie;New World Eastridge,5,13,19300.27,1500.0,True,True,05:21:40.270000
Sat_00659,Four Square Eden Terrace;Four Square Ellerslie;Pak 'n Save Glen Innes;New World Eastridge;New World Point Chevalier,5,14,20841.05,1500.0,True,True,05:47:21.050000
Sat_00660,Pak 'n Save Royal Oak;Four Square Ellerslie;New World Eastridge;Four Square Eden Terrace;New World Point Chevalier,5,14,20107.27,1500.0,True,True,05:35:07.270000
Sat_00661,Four Square Eden Terrace;Four Square Ellerslie;Pak 'n Save Sylvia Park;New World Eastridge;New World Point Chevalier,5,14,21077.35,1500.0,True,True,05:51:17.350000
Sat_00662,Four Square Eden Terrace;Four Square Ellerslie;New World Stonefields;New World Eastridge,4,8,13732.8,839.23,True,False,03:48:52.800000
Sat_00663,New World Victoria Park;Four Square Eden Terrace;Four Square Ellerslie;New World Stonefields;New World Eastridge,5,11,17703.01,1190.0,True,True,04:55:03.010000
Sat_00664,Pak 'n Save Mt Albert;Four Square Eden Terrace;Four Square Ellerslie;New World Stonefields;New World Eastridge,5,13,19408.1,1500.0,True,True,05:23:28.100000
Sat_00665,Four Square Eden Terrace;Four Square Ellerslie;New World Stonefields;Pak 'n Save Glen Innes;New World Eastridge,5,14,20601.07,1500.0,True,True,05:43:21.070000
Sat_00666,Pak 'n Save Royal Oak;Four Square Ellerslie;New World Stonefields;New World Eastridge;Four Square Eden Terrace,5,14,20003.75,1500.0,True,True,05:33:23.750000
Sat_00667,Four Square Eden Terrace;Four Square Ellerslie;Pak 'n Save Sylvia Park;New World Stonefields;New World Eastridge,5,14,20905.23,1500.0,True,True,05:48:25.230000
Sat_00668,New World Victoria Park;Four Square Eden Terrace;Four Square Ellerslie;New World Eastridge,4,8,14175.64,866.29,True,False,03:56:15.640000
Sat_00669,Pak 'n Save Mt Albert;New World Victoria Park;Four Square Eden Terrace;Four Square Ellerslie;New World Eastridge,5,13,19784.72,1500.0,True,True,05:29:44.720000
Sat_00670,New World Victoria Park;Four Square Eden Terrace;Four Square Ellerslie;Pak 'n Save Glen Innes;New World Eastridge,5,14,21180.37,1500.0,True,True,05:53:00.370000
Sat_00671,Pak 'n Save Royal Oak;Four Square Ellerslie;New World Eastridge;Four Square Eden Terrace;New World Victoria Park,5,14,20480.42,1500.0,True,True,05:41:20.420000
Sat_00672,New World Victoria Park;Four Square Eden Terrace;Four Square Ellerslie;Pak 'n Save Sylvia Park;New World Eastridge,5,14,21416.67,1500.0,True,True,05:56:56.670000
Sat_00673,Pak 'n Save Mt Albert;Four Square Eden Terrace;Four Square Ellerslie;New World Eastridge,4,10,15880.73,1190.0,True,True,04:24:40.730000
Sat_00674,Pak 'n Save Mt Albert;Four Square Eden Terrace;Four Square Ellerslie;Pak 'n Save Glen Innes;New World Eastridge,5,16,22885.46,1810.0,True,True,06:21:25.460000
Sat_00675,Pak 'n Save Royal Oak;Four Square Ellerslie;New World Eastridge;Four Square Eden Terrace;Pak 'n Save Mt Albert,5,16,22162.4,1810.0,True,True,06:09:22.400000
Sat_00676,Pak 'n Save Mt Albert;Four Square Eden Terrace;Four Square Ellerslie;Pak 'n Save Sylvia Park;New World Eastridge,5,16,23121.76,1810.0,True,True,06:25:21.760000
Sat_00677,Four Square Eden Terrace;Four Square Ellerslie;Pak 'n Save Glen Innes;New World Eastridge,4,11,17210.16,1190.0,True,True,04:46:50.160000
Sat_00678,Pak 'n Save Royal Oak;Four Square Ellerslie;New World Eastridge;Four Square Eden Terrace,4,11,16476.38,1190.0,True,True,04:34:36.380000
Sat_00679,Four Square Eden Terrace;Four Square Ellerslie;Pak 'n Save Sylvia Park;New World Eastridge,4,11,17446.46,1190.0,True,True,04:50:46.460000
Sat_00680,New World Mt Albert;Four Square Eden Terrace;Four Square Ellerslie,3,5,9135.64,558.29,False,False,02:32:15.640000
Sat_00681,New World Mt Albert;Four Square Eden Terrace;Four Square Ellerslie;New World New Lynn,4,8,13299.98,812.78,True,False,03:41:39.980000
Sat_00682,New World Mt Albert;Four Square Eden Terrace;New World Newmarket;Four Square Ellerslie;New World New Lynn,5,11,16760.88,1190.0,True,True,04:39:20.880000
Sat_00683,New World Mt Albert;Four Square Eden Terrace;Four Square Ellerslie;New World Point Chevalier;New World New Lynn,5,11,16751.47,1190.0,True,True,04:39:11.470000
Sat_00684,New World Mt Albert;Four Square Eden Terrace;Four Square Ellerslie;New World Stonefields;New World New Lynn,5,11,17158.43,1190.0,True,True,04:45:58.430000
Sat_00685,New World Mt Albert;Four Square Eden Terrace;Four Square Ellerslie;New World Victoria Park;New World New Lynn,5,11,17249.82,1190.0,True,True,04:47:29.820000
Sat_00686,New World Mt Albert;Four Square Eden Terrace;Four Square Ellerslie;Pak 'n Save Glen Innes;New World New Lynn,5,14,21310.33,1500.0,True,True,05:55:10.330000
Sat_00687,New World New Lynn;New World Mt Albert;Four Square Eden Terrace;Four Square Ellerslie;Pak 'n Save Royal Oak,5,14,19530.33,1500.0,True,True,05:25:30.330000
Sat_00688,New World Mt Albert;Four Square Eden Terrace;Four Square Ellerslie;Pak 'n Save Sylvia Park;New World New Lynn,5,14,20548.42,1500.0,True,True,05:42:28.420000
Sat_00689,New World Mt Albert;Four Square Eden Terrace;New World Newmarket;Four Square Ellerslie,4,8,12596.54,769.79,False,False,03:29:56.540000
Sat_00690,New World Mt Albert;New World Point Chevalier;New World Newmarket;Four Square Ellerslie;Four Square Eden Terrace,5,11,16219.86,1190.0,True,True,04:30:19.860000
Sat_00691,New World Mt Albert;Four Square Eden Terrace;New World Newmarket;Four Square Ellerslie;New World Stonefields,5,11,16454.99,1190.0,True,True,04:34:14.990000
Sat_00692,New World Mt Albert;Four Square Eden Terrace;New World Newmarket;Four Square Ellerslie;New World Victoria Park,5,11,16546.38,1190.0,True,True,04:35:46.380000
Sat_00693,New World Mt Albert;Four Square Eden Terrace;New World Newmarket;Four Square Ellerslie;Pak 'n Save Mt Albert,5,13,18282.56,1500.0,True,True,05:04:42.560000
Sat_00694,New World Mt Albert;Four Square Eden Terrace;New World Newmarket;Four Square Ellerslie;Pak 'n Save Glen Innes,5,14,20606.88,1500.0,True,True,05:43:26.880000
Sat_00695,New World Mt Albert;Four Square Eden Terrace;New World Newmarket;Four Square Ellerslie;Pak 'n Save Royal Oak,5,14,18802.71,1500.0,True,True,05:13:22.710000
Sat_00696,New World Mt Albert;Four Square Eden Terrace;New World Newmarket;Four Square Ellerslie;Pak 'n Save Sylvia Park,5,14,19844.97,1500.0,True,True,05:30:44.970000
Sat_00697,New World Mt Albert;New World Point Chevalier;Four Square Ellerslie;Four Square Eden Terrace,4,8,12758.96,779.71,True,False,03:32:38.960000
Sat_00698,New World Mt Albert;New World Point Chevalier;Four Square Ellerslie;New World Stonefields;Four Square Eden Terrace,5,11,16617.42,1190.0,True,True,04:36:57.420000
Sat_00699,New World Mt Albert;Four Square Eden Terrace;Four Square Ellerslie;New World Victoria Park;New World Point Chevalier,5,11,16716.37,1190.0,True,True,04:38:36.370000
Sat_00700,New World Mt Albert;Four Square Eden Terrace;Four Square Ellerslie;New World Point Chevalier;Pak 'n Save Mt Albert,5,13,18255.88,1500.0,True,True,05:04:15.880000
Sat_00701,New World Mt Albert;New World Point Chevalier;Four Square Ellerslie;Pak 'n Save Glen Innes;Four Square Eden Terrace,5,14,20769.31,1500.0,True,True,05:46:09.310000
Sat_00702,Pak 'n Save Royal Oak;Four Square Ellerslie;Four Square Eden Terrace;New World Point Chevalier;New World Mt Albert,5,14,18963.71,1500.0,True,True,05:16:03.710000
Sat_00703,New World Mt Albert;New World Point Chevalier;Four Square Ellerslie;Pak 'n Save Sylvia Park;Four Square Eden Terrace,5,14,20007.4,1500.0,True,True,05:33:27.400000
Sat_00704,New World Mt Albert;Four Square Eden Terrace;Four Square Ellerslie;New World Stonefields,4,8,12994.09,794.08,True,False,03:36:34.090000
Sat_00705,New World Mt Albert;Four Square Eden Terrace;Four Square Ellerslie;New World Stonefields;New World Victoria Park,5,11,16943.93,1190.0,True,True,04:42:23.930000
Sat_00706,New World Mt Albert;Four Square Eden Terrace;Four Square Ellerslie;New World Stonefields;Pak 'n Save Mt Albert,5,13,18680.11,1500.0,True,True,05:11:20.110000
Sat_00707,New World Mt Albert;Four Square Eden Terrace;Four Square Ellerslie;New World Stonefields;Pak 'n Save Glen Innes,5,14,20536.89,1500.0,True,True,05:42:16.890000
Sat_00708,Pak 'n Save Royal Oak;Four Square Ellerslie;New World Stonefields;Four Square Eden Terrace;New World Mt Albert,5,14,19228.27,1500.0,True,True,05:20:28.270000
Sat_00709,New World Mt Albert;Four Square Eden Terrace;Four Square Ellerslie;New World Stonefields;Pak 'n Save Sylvia Park,5,14,20020.19,1500.0,True,True,05:33:40.190000
Sat_00710,New World Mt Albert;Four Square Eden Terrace;Four Square Ellerslie;New World Victoria Park,4,8,13085.48,799.67,True,False,03:38:05.480000
Sat_00711,New World Mt Albert;Four Square Eden Terrace;Four Square Ellerslie;New World Victoria Park;Pak 'n Save Mt Albert,5,13,18771.5,1500.0,True,True,05:12:51.500000
Sat_00712,New World Mt Albert;Four Square Eden Terrace;Four Square Ellerslie;Pak 'n Save Glen Innes;New World Victoria Park,5,14,21095.83,1500.0,True,True,05:51:35.830000
Sat_00713,New World Mt Albert;New World Victoria Park;Four Square Eden Terrace;Four Square Ellerslie;Pak 'n Save Royal Oak,5,14,19326.09,1500.0,True,True,05:22:06.090000
Sat_00714,New World Mt Albert;Four Square Eden Terrace;Four Square Ellerslie;Pak 'n Save Sylvia Park;New World Victoria Park,5,14,20333.92,1500.0,True,True,05:38:53.920000
Sat_00715,New World Mt Albert;Four Square Eden Terrace;Four Square Ellerslie;Pak 'n Save Glen Innes;Pak 'n Save Mt Albert,5,16,22832.01,1810.0,True,True,06:20:32.010000
Sat_00716,Pak 'n Save Mt Albert;New World Mt Albert;Four Square Eden Terrace;Four Square Ellerslie;Pak 'n Save Royal Oak,5,16,21033.76,1500.0,True,True,05:50:33.760000
Sat_00717,New World Mt Albert;Four Square Eden Terrace;Four Square Ellerslie;Pak 'n Save Sylvia Park;Pak 'n Save Mt Albert,5,16,22070.1,1810.0,True,True,06:07:50.100000
Sat_00718,New World Mt Albert;Four Square Eden Terrace;Four Square Ellerslie;Pak 'n Save Glen Innes,4,11,17145.98,1190.0,True,True,04:45:45.980000
Sat_00719,New World Mt Albert;Four Square Eden Terrace;Four Square Ellerslie;Pak 'n Save Royal Oak,4,11,15341.81,1190.0,True,True,04:15:41.810000
Sat_00720,New World Mt Albert;Four Square Eden Terrace;Four Square Ellerslie;Pak 'n Save Sylvia Park,4,11,16384.07,1190.0,True,True,04:33:04.070000
Sat_00721,New World Newmarket;Four Square Ellerslie;Four Square Eden Terrace,3,5,9238.57,564.58,False,False,02:33:58.570000
Sat_00722,New World Newmarket;Four Square Ellerslie;Four Square Eden Terrace;New World Point Chevalier,4,8,12869.46,786.47,True,False,03:34:29.460000
Sat_00723,New World Newmarket;Four Square Ellerslie;New World Stonefields;Four Square Eden Terrace;New World Point Chevalier,5,11,16727.92,1190.0,True,True,04:38:47.920000
Sat_00724,New World Newmarket;Four Square Ellerslie;Four Square Eden Terrace;New World Victoria Park;New World Point Chevalier,5,11,16873.5,1190.0,True,True,04:41:13.500000
Sat_00725,Pak 'n Save Mt Albert;New World Point Chevalier;New World Newmarket;Four Square Ellerslie;Four Square Eden Terrace,5,13,18333.41,1500.0,True,True,05:05:33.410000
Sat_00726,New World Newmarket;Four Square Ellerslie;Pak 'n Save Glen Innes;Four Square Eden Terrace;New World Point Chevalier,5,14,20879.81,1500.0,True,True,05:47:59.810000
Sat_00727,Pak 'n Save Royal Oak;Four Square Ellerslie;New World Newmarket;Four Square Eden Terrace;New World Point Chevalier,5,14,19188.49,1500.0,True,True,05:19:48.490000
Sat_00728,New World Newmarket;Four Square Ellerslie;Pak 'n Save Sylvia Park;Four Square Eden Terrace;New World Point Chevalier,5,14,20117.9,1500.0,True,True,05:35:17.900000
Sat_00729,New World Newmarket;Four Square Ellerslie;New World Stonefields;Four Square Eden Terrace,4,8,13097.03,800.37,True,False,03:38:17.030000
Sat_00730,New World Newmarket;Four Square Ellerslie;New World Stonefields;Four Square Eden Terrace;New World Victoria Park,5,11,17101.07,1190.0,True,True,04:45:01.070000
Sat_00731,New World Newmarket;Four Square Ellerslie;New World Stonefields;Four Square Eden Terrace;Pak 'n Save Mt Albert,5,13,18783.05,1500.0,True,True,05:13:03.050000
Sat_00732,New World Newmarket;Four Square Ellerslie;New World Stonefields;Pak 'n Save Glen Innes;Four Square Eden Terrace,5,14,20639.83,1500.0,True,True,05:43:59.830000
Sat_00733,Pak 'n Save Royal Oak;Four Square Ellerslie;New World Stonefields;New World Newmarket;Four Square Eden Terrace,5,14,19416.05,1500.0,True,True,05:23:36.050000
Sat_00734,New World Newmarket;Four Square Ellerslie;New World Stonefields;Pak 'n Save Sylvia Park;Four Square Eden Terrace,5,14,20123.13,1500.0,True,True,05:35:23.130000
Sat_00735,New World Newmarket;Four Square Ellerslie;Four Square Eden Terrace;New World Victoria Park,4,8,13242.61,809.27,True,False,03:40:42.610000
Sat_00736,Pak 'n Save Mt Albert;New World Victoria Park;Four Square Eden Terrace;New World Newmarket;Four Square Ellerslie,5,13,18872.65,1500.0,True,True,05:14:32.650000
Sat_00737,New World Newmarket;Four Square Ellerslie;Pak 'n Save Glen Innes;Four Square Eden Terrace;New World Victoria Park,5,14,21252.96,1500.0,True,True,05:54:12.960000
Sat_00738,New World Victoria Park;Four Square Eden Terrace;New World Newmarket;Four Square Ellerslie;Pak 'n Save Royal Oak,5,14,19469.74,1500.0,True,True,05:24:29.740000
Sat_00739,New World Newmarket;Four Square Ellerslie;Pak 'n Save Sylvia Park;Four Square Eden Terrace;New World Victoria Park,5,14,20491.05,1500.0,True,True,05:41:31.050000
Sat_00740,New World Newmarket;Four Square Ellerslie;Four Square Eden Terrace;Pak 'n Save Mt Albert,4,10,14924.59,1190.0,True,True,04:08:44.590000
Sat_00741,New World Newmarket;Four Square Ellerslie;Pak 'n Save Glen Innes;Four Square Eden Terrace;Pak 'n Save Mt Albert,5,16,22934.94,1810.0,True,True,06:22:14.940000
Sat_00742,Pak 'n Save Mt Albert;Four Square Eden Terrace;New World Newmarket;Four Square Ellerslie;Pak 'n Save Royal Oak,5,16,21174.83,1500.0,True,True,05:52:54.830000
Sat_00743,New World Newmarket;Four Square Ellerslie;Pak 'n Save Sylvia Park;Four Square Eden Terrace;Pak 'n Save Mt Albert,5,16,22173.03,1810.0,True,True,06:09:33.030000
Sat_00744,New World Newmarket;Four Square Ellerslie;Pak 'n Save Glen Innes;Four Square Eden Terrace,4,11,17248.92,1190.0,True,True,04:47:28.920000
Sat_00745,Four Square Eden Terrace;New World Newmarket;Four Square Ellerslie;Pak 'n Save Royal Oak,4,11,15499.53,1190.0,True,True,04:18:19.530000
Sat_00746,New World Newmarket;Four Square Ellerslie;Pak 'n Save Sylvia Park;Four Square Eden Terrace,4,11,16487.01,1190.0,True,True,04:34:47.010000
Sat_00747,Four Square Ellerslie;Four Square Eden Terrace;New World Point Chevalier,3,5,9408.56,574.97,False,False,02:36:48.560000
Sat_00748,Four Square Ellerslie;New World Stonefields;Four Square Eden Terrace;New World Point Chevalier,4,8,13267.02,810.76,True,False,03:41:07.020000
Sat_00749,Four Square Ellerslie;New World Stonefields;Four Square Eden Terrace;New World Victoria Park;New World Point Chevalier,5,11,17271.06,1190.0,True,True,04:47:51.060000
Sat_00750,Pak 'n Save Mt Albert;New World Point Chevalier;Four Square Ellerslie;New World Stonefields;Four Square Eden Terrace,5,13,18730.97,1500.0,True,True,05:12:10.970000
Sat_00751,Four Square Ellerslie;New World Stonefields;Pak 'n Save Glen Innes;Four Square Eden Terrace;New World Point Chevalier,5,14,20809.82,1500.0,True,True,05:46:49.820000
Sat_00752,Pak 'n Save Royal Oak;Four Square Ellerslie;New World Stonefields;Four Square Eden Terrace;New World Point Chevalier,5,14,19457.82,1500.0,True,True,05:24:17.820000
Sat_00753,Four Square Ellerslie;New World Stonefields;Pak 'n Save Sylvia Park;Four Square Eden Terrace;New World Point Chevalier,5,14,20293.12,1500.0,True,True,05:38:13.120000
Sat_00754,Four Square Ellerslie;Four Square Eden Terrace;New World Victoria Park;New World Point Chevalier,4,8,13412.6,819.66,True,False,03:43:32.600000
Sat_00755,Pak 'n Save Mt Albert;New World Point Chevalier;Four Square Ellerslie;Four Square Eden Terrace;New World Victoria Park,5,13,18876.55,1500.0,True,True,05:14:36.550000
Sat_00756,Four Square Ellerslie;Pak 'n Save Glen Innes;Four Square Eden Terrace;New World Victoria Park;New World Point Chevalier,5,14,21422.95,1500.0,True,True,05:57:02.950000
Sat_00757,Pak 'n Save Royal Oak;Four Square Ellerslie;Four Square Eden Terrace;New World Victoria Park;New World Point Chevalier,5,14,19603.4,1500.0,True,True,05:26:43.400000
Sat_00758,Four Square Ellerslie;Pak 'n Save Sylvia Park;Four Square Eden Terrace;New World Victoria Park;New World Point Chevalier,5,14,20661.04,1500.0,True,True,05:44:21.040000
Sat_00759,Pak 'n Save Mt Albert;New World Point Chevalier;Four Square Ellerslie;Four Square Eden Terrace,4,10,14872.51,1190.0,True,True,04:07:52.510000
Sat_00760,Pak 'n Save Mt Albert;New World Point Chevalier;Four Square Ellerslie;Pak 'n Save Glen Innes;Four Square Eden Terrace,5,16,22882.86,1810.0,True,True,06:21:22.860000
Sat_00761,Pak 'n Save Royal Oak;Four Square Ellerslie;Four Square Eden Terrace;New World Point Chevalier;Pak 'n Save Mt Albert,5,16,21088.71,1500.0,True,True,05:51:28.710000
Sat_00762,Pak 'n Save Mt Albert;New World Point Chevalier;Four Square Ellerslie;Pak 'n Save Sylvia Park;Four Square Eden Terrace,5,16,22120.95,1810.0,True,True,06:08:40.950000
Sat_00763,Four Square Ellerslie;Pak 'n Save Glen Innes;Four Square Eden Terrace;New World Point Chevalier,4,11,17418.91,1190.0,True,True,04:50:18.910000
Sat_00764,Pak 'n Save Royal Oak;Four Square Ellerslie;Four Square Eden Terrace;New World Point Chevalier,4,11,15599.36,1190.0,True,True,04:19:59.360000
Sat_00765,Four Square Ellerslie;Pak 'n Save Sylvia Park;Four Square Eden Terrace;New World Point Chevalier,4,11,16657.0,1190.0,True,True,04:37:37
Sat_00766,Four Square Ellerslie;New World Stonefields;Four Square Eden Terrace,3,5,9636.13,588.87,False,False,02:40:36.130000
Sat_00767,Four Square Ellerslie;New World Stonefields;Four Square Eden Terrace;New World Victoria Park,4,8,13640.17,833.57,True,False,03:47:20.170000
Sat_00768,Pak 'n Save Mt Albert;New World Victoria Park;Four Square Eden Terrace;Four Square Ellerslie;New World Stonefields,5,13,19270.2,1500.0,True,True,05:21:10.200000
Sat_00769,Four Square Ellerslie;New World Stonefields;Pak 'n Save Glen Innes;Four Square Eden Terrace;New World Victoria Park,5,14,21182.97,1500.0,True,True,05:53:02.970000
Sat_00770,Pak 'n Save Royal Oak;Four Square Ellerslie;New World Stonefields;Four Square Eden Terrace;New World Victoria Park,5,14,19830.97,1500.0,True,True,05:30:30.970000
Sat_00771,Four Square Ellerslie;New World Stonefields;Pak 'n Save Sylvia Park;Four Square Eden Terrace;New World Victoria Park,5,14,20666.27,1500.0,True,True,05:44:26.270000
Sat_00772,Four Square Ellerslie;New World Stonefields;Four Square Eden Terrace;Pak 'n Save Mt Albert,4,10,15322.15,1190.0,True,True,04:15:22.150000
Sat_00773,Four Square Ellerslie;New World Stonefields;Pak 'n Save Glen Innes;Four Square Eden Terrace;Pak 'n Save Mt Albert,5,16,22864.95,1810.0,True,True,06:21:04.950000
Sat_00774,Pak 'n Save Royal Oak;Four Square Ellerslie;New World Stonefields;Four Square Eden Terrace;Pak 'n Save Mt Albert,5,16,21512.95,1500.0,True,True,05:58:32.950000
Sat_00775,Four Square Ellerslie;New World Stonefields;Pak 'n Save Sylvia Park;Four Square Eden Terrace;Pak 'n Save Mt Albert,5,16,22348.25,1810.0,True,True,06:12:28.250000
Sat_00776,Four Square Ellerslie;New World Stonefields;Pak 'n Save Glen Innes;Four Square Eden Terrace,4,11,17178.93,1190.0,True,True,04:46:18.930000
Sat_00777,Pak 'n Save Royal Oak;Four Square Ellerslie;New World Stonefields;Four Square Eden Terrace,4,11,15826.93,1190.0,True,True,04:23:46.930000
Sat_00778,Four Square Ellerslie;New World Stonefields;Pak 'n Save Sylvia Park;Four Square Eden Terrace,4,11,16662.23,1190.0,True,True,04:37:42.230000
Sat_00779,Four Square Ellerslie;Four Square Eden Terrace;New World Victoria Park,3,5,9781.71,597.77,False,False,02:43:01.710000
Sat_00780,Pak 'n Save Mt Albert;New World Victoria Park;Four Square Eden Terrace;Four Square Ellerslie,4,10,15411.75,1190.0,True,True,04:16:51.750000
Sat_00781,Pak 'n Save Mt Albert;New World Victoria Park;Four Square Eden Terrace;Four Square Ellerslie;Pak 'n Save Glen Innes,5,16,23422.09,1810.0,True,True,06:30:22.090000
Sat_00782,Pak 'n Save Mt Albert;New World Victoria Park;Four Square Eden Terrace;Four Square Ellerslie;Pak 'n Save Sylvia Park,5,16,22660.18,1810.0,True,True,06:17:40.180000
Sat_00783,Four Square Ellerslie;Pak 'n Save Glen Innes;Four Square Eden Terrace;New World Victoria Park,4,11,17792.06,1190.0,True,True,04:56:32.060000
Sat_00784,Pak 'n Save Royal Oak;Four Square Ellerslie;Four Square Eden Terrace;New World Victoria Park,4,11,15972.51,1190.0,True,True,04:26:12.510000
Sat_00785,Four Square Ellerslie;Pak 'n Save Sylvia Park;Four Square Eden Terrace;New World Victoria Park,4,11,17030.15,1190.0,True,True,04:43:50.150000
Sat_00786,Four Square Ellerslie;Four Square Eden Terrace;Pak 'n Save Mt Albert,3,7,11463.69,700.56,False,False,03:11:03.690000
Sat_00787,Four Square Ellerslie;Pak 'n Save Glen Innes;Four Square Eden Terrace;Pak 'n Save Mt Albert,4,13,19474.04,1500.0,True,True,05:24:34.040000
Sat_00788,Pak 'n Save Royal Oak;Four Square Ellerslie;Four Square Eden Terrace;Pak 'n Save Mt Albert,4,13,17654.49,1190.0,True,True,04:54:14.490000
Sat_00789,Four Square Ellerslie;Pak 'n Save Sylvia Park;Four Square Eden Terrace;Pak 'n Save Mt Albert,4,13,18712.13,1500.0,True,True,05:11:52.130000
Sat_00790,Four Square Ellerslie;Pak 'n Save Glen Innes;Four Square Eden Terrace,3,8,13788.02,842.6,True,False,03:49:48.020000
Sat_00791,Pak 'n Save Royal Oak;Four Square Ellerslie;Pak 'n Save Glen Innes;Four Square Eden Terrace,4,14,19978.82,1500.0,True,True,05:32:58.820000
Sat_00792,Four Square Ellerslie;Pak 'n Save Glen Innes;Pak 'n Save Sylvia Park;Four Square Eden Terrace,4,14,20683.06,1500.0,True,True,05:44:43.060000
Sat_00793,Pak 'n Save Royal Oak;Four Square Ellerslie;Four Square Eden Terrace,3,8,11968.47,731.41,False,False,03:19:28.470000
Sat_00794,Pak 'n Save Royal Oak;Four Square Ellerslie;Pak 'n Save Sylvia Park;Four Square Eden Terrace,4,14,19216.91,1500.0,True,True,05:20:16.910000
Sat_00795,Four Square Ellerslie;Pak 'n Save Sylvia Park;Four Square Eden Terrace,3,8,13026.11,796.04,True,False,03:37:06.110000
Sat_00796,Four Square Remuera;Four Square Eden Terrace,2,2,5786.07,353.59,False,False,01:36:26.070000
Sat_00797,Four Square Eden Terrace;Four Square Remuera;Four Square St Heliers,3,3,8345.1,509.98,False,False,02:19:05.100000
Sat_00798,Four Square Remuera;Four Square St Heliers;New World Metro Queen St;Four Square Eden Terrace,4,5,10846.44,662.84,False,False,03:00:46.440000
Sat_00799,New World Remuera;Four Square Remuera;Four Square St Heliers;New World Metro Queen St;Four Square Eden Terrace,5,7,13107.47,801.01,True,False,03:38:27.470000
Sat_00800,Four Square Remuera;Four Square St Heliers;New World Eastridge;New World Metro Queen St;Four Square Eden Terrace,5,8,14276.1,872.43,True,False,03:57:56.100000
Sat_00801,New World Mt Albert;Four Square Eden Terrace;New World Metro Queen St;Four Square St Heliers;Four Square Remuera,5,8,14175.58,866.29,True,False,03:56:15.580000
Sat_00802,New World Newmarket;Four Square Remuera;Four Square St Heliers;New World Metro Queen St;Four Square Eden Terrace,5,8,14307.34,874.34,True,False,03:58:27.340000
Sat_00803,Four Square Remuera;Four Square St Heliers;New World Metro Queen St;Four Square Eden Terrace;New World Point Chevalier,5,8,14477.33,1190.0,True,True,04:01:17.330000
Sat_00804,Four Square Remuera;New World Stonefields;Four Square St Heliers;New World Metro Queen St;Four Square Eden Terrace,5,8,14414.09,1190.0,True,True,04:00:14.090000
Sat_00805,New World Victoria Park;New World Metro Queen St;Four Square St Heliers;Four Square Remuera;Four Square Eden Terrace,5,8,14381.7,878.88,True,False,03:59:41.700000
Sat_00806,Four Square Remuera;Four Square St Heliers;New World Metro Queen St;Four Square Eden Terrace;Pak 'n Save Mt Albert,5,10,16532.46,1190.0,True,True,04:35:32.460000
Sat_00807,Four Square Remuera;Pak 'n Save Glen Innes;Four Square St Heliers;New World Metro Queen St;Four Square Eden Terrace,5,11,17685.79,1190.0,True,True,04:54:45.790000
Sat_00808,Pak 'n Save Royal Oak;Four Square Remuera;Four Square St Heliers;New World Metro Queen St;Four Square Eden Terrace,5,11,17135.74,1190.0,True,True,04:45:35.740000
Sat_00809,Pak 'n Save Sylvia Park;Four Square St Heliers;Four Square Remuera;New World Metro Queen St;Four Square Eden Terrace,5,11,18318.76,1500.0,True,True,05:05:18.760000
Sat_00810,Four Square Eden Terrace;New World Remuera;Four Square Remuera;Four Square St Heliers,4,5,10606.13,648.15,False,False,02:56:46.130000
Sat_00811,Four Square Eden Terrace;New World Remuera;Four Square Remuera;Four Square St Heliers;New World Eastridge,5,8,14035.79,857.74,True,False,03:53:55.790000
Sat_00812,New World Mt Albert;Four Square Eden Terrace;New World Remuera;Four Square Remuera;Four Square St Heliers,5,8,13909.31,850.01,True,False,03:51:49.310000
Sat_00813,Four Square Eden Terrace;New World Newmarket;New World Remuera;Four Square Remuera;Four Square St Heliers,5,8,14025.21,857.1,True,False,03:53:45.210000
Sat_00814,Four Square Eden Terrace;New World Remuera;Four Square Remuera;Four Square St Heliers;New World Point Chevalier,5,8,14237.02,870.04,True,False,03:57:17.020000
Sat_00815,Four Square Eden Terrace;New World Remuera;Four Square Remuera;New World Stonefields;Four Square St Heliers,5,8,14173.78,866.18,True,False,03:56:13.780000
Sat_00816,New World Victoria Park;Four Square Eden Terrace;New World Remuera;Four Square Remuera;Four Square St Heliers,5,8,14576.34,1190.0,True,True,04:02:56.340000
Sat_00817,Pak 'n Save Mt Albert;Four Square Eden Terrace;New World Remuera;Four Square Remuera;Four Square St Heliers,5,10,16281.43,1190.0,True,True,04:31:21.430000
Sat_00818,Four Square Eden Terrace;New World Remuera;Four Square Remuera;Pak 'n Save Glen Innes;Four Square St Heliers,5,11,17445.48,1190.0,True,True,04:50:45.480000
Sat_00819,Pak 'n Save Royal Oak;Four Square St Heliers;Four Square Remuera;New World Remuera;Four Square Eden Terrace,5,11,17081.39,1190.0,True,True,04:44:41.390000
Sat_00820,New World Remuera;Four Square Remuera;Four Square St Heliers;Pak 'n Save Sylvia Park;Four Square Eden Terrace,5,11,17771.44,1190.0,True,True,04:56:11.440000
Sat_00821,Four Square Eden Terrace;Four Square Remuera;Four Square St Heliers;New World Eastridge,4,6,11774.76,719.57,False,False,03:16:14.760000
Sat_00822,New World Mt Albert;Four Square Eden Terrace;Four Square Remuera;Four Square St Heliers;New World Eastridge,5,9,15077.94,1190.0,True,True,04:11:17.940000
Sat_00823,Four Square Remuera;Four Square St Heliers;New World Eastridge;New World Newmarket;Four Square Eden Terrace,5,9,15172.59,1190.0,True,True,04:12:52.590000
Sat_00824,Four Square Eden Terrace;Four Square Remuera;Four Square St Heliers;New World Eastridge;New World Point Chevalier,5,9,15405.65,1190.0,True,True,04:16:45.650000
Sat_00825,Four Square Eden Terrace;Four Square Remuera;New World Stonefields;Four Square St Heliers;New World Eastridge,5,9,15342.41,1190.0,True,True,04:15:42.410000
Sat_00826,New World Victoria Park;Four Square Eden Terrace;Four Square Remuera;Four Square St Heliers;New World Eastridge,5,9,15744.97,1190.0,True,True,04:22:24.970000
Sat_00827,Pak 'n Save Mt Albert;Four Square Eden Terrace;Four Square Remuera;Four Square St Heliers;New World Eastridge,5,11,17450.06,1190.0,True,True,04:50:50.060000
Sat_00828,Four Square Eden Terrace;Four Square Remuera;Pak 'n Save Glen Innes;Four Square St Heliers;New World Eastridge,5,12,18614.11,1500.0,True,True,05:10:14.110000
Sat_00829,Pak 'n Save Royal Oak;Four Square St Heliers;New World Eastridge;Four Square Remuera;Four Square Eden Terrace,5,12,18140.92,1500.0,True,True,05:02:20.920000
Sat_00830,Pak 'n Save Sylvia Park;Four Square St Heliers;New World Eastridge;Four Square Remuera;Four Square Eden Terrace,5,12,18931.56,1500.0,True,True,05:15:31.560000
Sat_00831,New World Mt Albert;Four Square Eden Terrace;Four Square Remuera;Four Square St Heliers,4,6,11648.28,711.84,False,False,03:14:08.280000
Sat_00832,New World Mt Albert;Four Square Eden Terrace;Four Square Remuera;Four Square St Heliers;New World New Lynn,5,9,15812.62,1190.0,True,True,04:23:32.620000
Sat_00833,New World Mt Albert;Four Square Eden Terrace;New World Newmarket;Four Square Remuera;Four Square St Heliers,5,9,15109.18,1190.0,True,True,04:11:49.180000
Sat_00834,New World Mt Albert;Four Square Eden Terrace;Four Square Remuera;Four Square St Heliers;New World Point Chevalier,5,9,15279.17,1190.0,True,True,04:14:39.170000
Sat_00835,New World Mt Albert;Four Square Eden Terrace;Four Square Remuera;New World Stonefields;Four Square St Heliers,5,9,15215.93,1190.0,True,True,04:13:35.930000
Sat_00836,New World Mt Albert;New World Victoria Park;Four Square Eden Terrace;Four Square Remuera;Four Square St Heliers,5,9,15632.56,1190.0,True,True,04:20:32.560000
Sat_00837,New World Mt Albert;Four Square Eden Terrace;Four Square Remuera;Four Square St Heliers;Pak 'n Save Mt Albert,5,11,17334.3,1190.0,True,True,04:48:54.300000
Sat_00838,New World Mt Albert;Four Square Eden Terrace;Four Square Remuera;Pak 'n Save Glen Innes;Four Square St Heliers,5,12,18487.63,1500.0,True,True,05:08:07.630000
Sat_00839,Pak 'n Save Royal Oak;Four Square St Heliers;Four Square Remuera;Four Square Eden Terrace;New World Mt Albert,5,12,18112.94,1500.0,True,True,05:01:52.940000
Sat_00840,New World Mt Albert;Four Square Eden Terrace;Pak 'n Save Sylvia Park;Four Square St Heliers;Four Square Remuera,5,12,18860.21,1500.0,True,True,05:14:20.210000
Sat_00841,New World Newmarket;Four Square St Heliers;Four Square Remuera;Four Square Eden Terrace,4,6,11766.96,719.09,False,False,03:16:06.960000
Sat_00842,New World Newmarket;Four Square St Heliers;Four Square Remuera;Four Square Eden Terrace;New World Point Chevalier,5,9,15397.85,1190.0,True,True,04:16:37.850000
Sat_00843,New World Newmarket;Four Square St Heliers;New World Stonefields;Four Square Remuera;Four Square Eden Terrace,5,9,15315.95,1190.0,True,True,04:15:15.950000
Sat_00844,New World Newmarket;Four Square St Heliers;Four Square Remuera;Four Square Eden Terrace;New World Victoria Park,5,9,15771.0,1190.0,True,True,04:22:51
Sat_00845,New World Newmarket;Four Square St Heliers;Four Square Remuera;Four Square Eden Terrace;Pak 'n Save Mt Albert,5,11,17452.98,1190.0,True,True,04:50:52.980000
Sat_00846,New World Newmarket;Four Square St Heliers;Pak 'n Save Glen Innes;Four Square Remuera;Four Square Eden Terrace,5,12,18591.2,1500.0,True,True,05:09:51.200000
Sat_00847,Pak 'n Save Royal Oak;Four Square Remuera;Four Square St Heliers;New World Newmarket;Four Square Eden Terrace,5,12,18113.69,1500.0,True,True,05:01:53.690000
Sat_00848,New World Newmarket;Pak 'n Save Sylvia Park;Four Square St Heliers;Four Square Remuera;Four Square Eden Terrace,5,12,18963.14,1500.0,True,True,05:16:03.140000
Sat_00849,Four Square Eden Terrace;Four Square Remuera;Four Square St Heliers;New World Point Chevalier,4,6,11975.99,731.87,False,False,03:19:35.990000
Sat_00850,Four Square Eden Terrace;Four Square Remuera;New World Stonefields;Four Square St Heliers;New World Point Chevalier,5,9,15543.64,1190.0,True,True,04:19:03.640000
Sat_00851,New World Victoria Park;Four Square Eden Terrace;Four Square Remuera;Four Square St Heliers;New World Point Chevalier,5,9,15946.2,1190.0,True,True,04:25:46.200000
Sat_00852,Pak 'n Save Mt Albert;New World Point Chevalier;Four Square Eden Terrace;Four Square Remuera;Four Square St Heliers,5,11,17439.94,1190.0,True,True,04:50:39.940000
Sat_00853,Four Square Eden Terrace;Four Square Remuera;Pak 'n Save Glen Innes;Four Square St Heliers;New World Point Chevalier,5,12,18815.34,1500.0,True,True,05:13:35.340000
Sat_00854,Pak 'n Save Royal Oak;Four Square St Heliers;Four Square Remuera;Four Square Eden Terrace;New World Point Chevalier,5,12,18342.49,1500.0,True,True,05:05:42.490000
Sat_00855,Pak 'n Save Sylvia Park;Four Square St Heliers;Four Square Remuera;Four Square Eden Terrace;New World Point Chevalier,5,12,19133.13,1500.0,True,True,05:18:53.130000
Sat_00856,Four Square Eden Terrace;Four Square Remuera;New World Stonefields;Four Square St Heliers,4,6,11912.75,728.0,False,False,03:18:32.750000
Sat_00857,New World Victoria Park;Four Square Eden Terrace;Four Square Remuera;New World Stonefields;Four Square St Heliers,5,9,15882.96,1190.0,True,True,04:24:42.960000
Sat_00858,Pak 'n Save Mt Albert;Four Square Eden Terrace;Four Square Remuera;New World Stonefields;Four Square St Heliers,5,11,17588.05,1190.0,True,True,04:53:08.050000
Sat_00859,Four Square Eden Terrace;Four Square Remuera;New World Stonefields;Pak 'n Save Glen Innes;Four Square St Heliers,5,12,18695.84,1500.0,True,True,05:11:35.840000
Sat_00860,Pak 'n Save Royal Oak;New World Stonefields;Four Square St Heliers;Four Square Remuera;Four Square Eden Terrace,5,12,18158.77,1500.0,True,True,05:02:38.770000
Sat_00861,Four Square Remuera;Four Square St Heliers;New World Stonefields;Pak 'n Save Sylvia Park;Four Square Eden Terrace,5,12,18952.78,1500.0,True,True,05:15:52.780000
Sat_00862,New World Victoria Park;Four Square Eden Terrace;Four Square Remuera;Four Square St Heliers,4,6,12315.31,752.6,False,False,03:25:15.310000
Sat_00863,Pak 'n Save Mt Albert;New World Victoria Park;Four Square Eden Terrace;Four Square Remuera;Four Square St Heliers,5,11,17924.39,1190.0,True,True,04:58:44.390000
Sat_00864,New World Victoria Park;Four Square Eden Terrace;Four Square Remuera;Pak 'n Save Glen Innes;Four Square St Heliers,5,12,19154.66,1500.0,True,True,05:19:14.660000
Sat_00865,Pak 'n Save Royal Oak;Four Square St Heliers;Four Square Remuera;Four Square Eden Terrace;New World Victoria Park,5,12,18715.64,1500.0,True,True,05:11:55.640000
Sat_00866,Pak 'n Save Sylvia Park;Four Square St Heliers;Four Square Remuera;Four Square Eden Terrace;New World Victoria Park,5,12,19506.28,1500.0,True,True,05:25:06.280000
Sat_00867,Pak 'n Save Mt Albert;Four Square Eden Terrace;Four Square Remuera;Four Square St Heliers,4,8,14020.4,856.8,True,False,03:53:40.400000
Sat_00868,Pak 'n Save Mt Albert;Four Square Eden Terrace;Four Square Remuera;Pak 'n Save Glen Innes;Four Square St Heliers,5,14,20859.75,1500.0,True,True,05:47:39.750000
Sat_00869,Pak 'n Save Royal Oak;Four Square St Heliers;Four Square Remuera;Four Square Eden Terrace;Pak 'n Save Mt Albert,5,14,20397.62,1500.0,True,True,05:39:57.620000
Sat_00870,Pak 'n Save Sylvia Park;Four Square St Heliers;Four Square Remuera;Four Square Eden Terrace;Pak 'n Save Mt Albert,5,14,21188.26,1500.0,True,True,05:53:08.260000
Sat_00871,Four Square Eden Terrace;Four Square Remuera;Pak 'n Save Glen Innes;Four Square St Heliers,4,9,15184.45,1190.0,True,True,04:13:04.450000
Sat_00872,Pak 'n Save Royal Oak;Four Square St Heliers;Pak 'n Save Glen Innes;Four Square Remuera;Four Square Eden Terrace,5,15,21535.84,1500.0,True,True,05:58:55.840000
Sat_00873,Pak 'n Save Sylvia Park;Pak 'n Save Glen Innes;Four Square St Heliers;Four Square Remuera;Four Square Eden Terrace,5,15,22149.5,1810.0,True,True,06:09:09.500000
Sat_00874,Pak 'n Save Royal Oak;Four Square St Heliers;Four Square Remuera;Four Square Eden Terrace,4,9,14711.6,1190.0,True,True,04:05:11.600000
Sat_00875,Pak 'n Save Royal Oak;Pak 'n Save Sylvia Park;Four Square St Heliers;Four Square Remuera;Four Square Eden Terrace,5,15,21722.46,1810.0,True,True,06:02:02.460000
Sat_00876,Pak 'n Save Sylvia Park;Four Square St Heliers;Four Square Remuera;Four Square Eden Terrace,4,9,15502.24,1190.0,True,True,04:18:22.240000
Sat_00877,Four Square Remuera;New World Metro Queen St;Four Square Eden Terrace,3,4,8602.59,525.71,False,False,02:23:22.590000
Sat_00878,New World Remuera;Four Square Remuera;New World Metro Queen St;Four Square Eden Terrace,4,6,10863.62,663.89,False,False,03:01:03.620000
Sat_00879,New World Remuera;Four Square Remuera;New World Eastridge;New World Metro Queen St;Four Square Eden Terrace,5,9,14759.88,1190.0,True,True,04:05:59.880000
Sat_00880,New World Mt Albert;Four Square Eden Terrace;New World Metro Queen St;New World Remuera;Four Square Remuera,5,9,14178.27,866.45,True,False,03:56:18.270000
Sat_00881,New World Newmarket;New World Remuera;Four Square Remuera;New World Metro Queen St;Four Square Eden Terrace,5,9,14282.7,872.83,True,False,03:58:02.700000
Sat_00882,New World Remuera;Four Square Remuera;New World Metro Queen St;Four Square Eden Terrace;New World Point Chevalier,5,9,14494.51,1190.0,True,True,04:01:34.510000
Sat_00883,New World Remuera;Four Square Remuera;New World Stonefields;New World Metro Queen St;Four Square Eden Terrace,5,9,14781.9,1190.0,True,True,04:06:21.900000
Sat_00884,New World Victoria Park;New World Metro Queen St;New World Remuera;Four Square Remuera;Four Square Eden Terrace,5,9,14384.39,879.05,True,False,03:59:44.390000
Sat_00885,New World Remuera;Four Square Remuera;New World Metro Queen St;Four Square Eden Terrace;Pak 'n Save Mt Albert,5,11,16549.64,1190.0,True,True,04:35:49.640000
Sat_00886,New World Remuera;Four Square Remuera;Pak 'n Save Glen Innes;New World Metro Queen St;Four Square Eden Terrace,5,12,18572.08,1500.0,True,True,05:09:32.080000
Sat_00887,Pak 'n Save Royal Oak;New World Remuera;Four Square Remuera;New World Metro Queen St;Four Square Eden Terrace,5,12,17220.67,1190.0,True,True,04:47:00.670000
Sat_00888,New World Remuera;Four Square Remuera;Pak 'n Save Sylvia Park;New World Metro Queen St;Four Square Eden Terrace,5,12,18404.1,1500.0,True,True,05:06:44.100000
Sat_00889,Four Square Remuera;New World Eastridge;New World Metro Queen St;Four Square Eden Terrace,4,7,12498.85,763.82,False,False,03:28:18.850000
Sat_00890,New World Mt Albert;Four Square Eden Terrace;New World Metro Queen St;New World Eastridge;Four Square Remuera,5,10,15812.36,1190.0,True,True,04:23:32.360000
Sat_00891,New World Newmarket;Four Square Remuera;New World Eastridge;New World Metro Queen St;Four Square Eden Terrace,5,10,15959.75,1190.0,True,True,04:25:59.750000
Sat_00892,Four Square Remuera;New World Eastridge;New World Metro Queen St;Four Square Eden Terrace;New World Point Chevalier,5,10,16129.74,1190.0,True,True,04:28:49.740000
Sat_00893,Four Square Remuera;New World Stonefields;New World Eastridge;New World Metro Queen St;Four Square Eden Terrace,5,10,16302.37,1190.0,True,True,04:31:42.370000
Sat_00894,New World Victoria Park;New World Metro Queen St;New World Eastridge;Four Square Remuera;Four Square Eden Terrace,5,10,16018.48,1190.0,True,True,04:26:58.480000
Sat_00895,Pak 'n Save Mt Albert;Four Square Eden Terrace;New World Metro Queen St;New World Eastridge;Four Square Remuera,5,12,18184.48,1500.0,True,True,05:03:04.480000
Sat_00896,Four Square Remuera;Pak 'n Save Glen Innes;New World Eastridge;New World Metro Queen St;Four Square Eden Terrace,5,13,19659.25,1500.0,True,True,05:27:39.250000
Sat_00897,Pak 'n Save Royal Oak;Four Square Remuera;New World Eastridge;New World Metro Queen St;Four Square Eden Terrace,5,13,18788.15,1500.0,True,True,05:13:08.150000
Sat_00898,New World Metro Queen St;New World Eastridge;Four Square Remuera;Pak 'n Save Sylvia Park;Four Square Eden Terrace,5,13,20045.11,1500.0,True,True,05:34:05.110000
Sat_00899,New World Mt Albert;Four Square Eden Terrace;New World Metro Queen St;Four Square Remuera,4,7,11917.24,728.28,False,False,03:18:37.240000
Sat_00900,New World Mt Albert;Four Square Eden Terrace;New World Metro Queen St;Four Square Remuera;New World New Lynn,5,10,16081.58,1190.0,True,True,04:28:01.580000
Sat_00901,New World Mt Albert;Four Square Eden Terrace;New World Metro Queen St;New World Newmarket;Four Square Remuera,5,10,15378.13,1190.0,True,True,04:16:18.130000
Sat_00902,New World Mt Albert;Four Square Eden Terrace;New World Metro Queen St;Four Square Remuera;New World Point Chevalier,5,10,15548.13,1190.0,True,True,04:19:08.130000
Sat_00903,New World Mt Albert;Four Square Eden Terrace;New World Metro Queen St;New World Stonefields;Four Square Remuera,5,10,15830.55,1190.0,True,True,04:23:50.550000
Sat_00904,New World Mt Albert;New World Victoria Park;New World Metro Queen St;Four Square Remuera;Four Square Eden Terrace,5,10,15440.61,1190.0,True,True,04:17:20.610000
Sat_00905,New World Mt Albert;Four Square Eden Terrace;New World Metro Queen St;Four Square Remuera;Pak 'n Save Mt Albert,5,12,17603.26,1190.0,True,True,04:53:23.260000
Sat_00906,New World Mt Albert;Four Square Eden Terrace;Four Square Remuera;Pak 'n Save Glen Innes;New World Metro Queen St,5,13,19662.79,1500.0,True,True,05:27:42.790000
Sat_00907,Pak 'n Save Royal Oak;Four Square Remuera;New World Metro Queen St;Four Square Eden Terrace;New World Mt Albert,5,13,18293.23,1500.0,True,True,05:04:53.230000
Sat_00908,New World Mt Albert;Four Square Eden Terrace;New World Metro Queen St;Four Square Remuera;Pak 'n Save Sylvia Park,5,13,19457.71,1500.0,True,True,05:24:17.710000
Sat_00909,New World Newmarket;Four Square Remuera;New World Metro Queen St;Four Square Eden Terrace,4,7,12063.49,737.21,False,False,03:21:03.490000
Sat_00910,New World Newmarket;Four Square Remuera;New World Metro Queen St;Four Square Eden Terrace;New World Point Chevalier,5,10,15694.38,1190.0,True,True,04:21:34.380000
Sat_00911,New World Newmarket;New World Stonefields;Four Square Remuera;New World Metro Queen St;Four Square Eden Terrace,5,10,15976.8,1190.0,True,True,04:26:16.800000
Sat_00912,New World Victoria Park;New World Metro Queen St;New World Newmarket;Four Square Remuera;Four Square Eden Terrace,5,10,15584.25,1190.0,True,True,04:19:44.250000
Sat_00913,New World Newmarket;Four Square Remuera;New World Metro Queen St;Four Square Eden Terrace;Pak 'n Save Mt Albert,5,12,17749.51,1190.0,True,True,04:55:49.510000
Sat_00914,New World Newmarket;Four Square Remuera;Pak 'n Save Glen Innes;New World Metro Queen St;Four Square Eden Terrace,5,13,19771.95,1500.0,True,True,05:29:31.950000
Sat_00915,Pak 'n Save Royal Oak;Four Square Remuera;New World Newmarket;New World Metro Queen St;Four Square Eden Terrace,5,13,18399.42,1500.0,True,True,05:06:39.420000
Sat_00916,New World Newmarket;Four Square Remuera;Pak 'n Save Sylvia Park;New World Metro Queen St;Four Square Eden Terrace,5,13,19603.97,1500.0,True,True,05:26:43.970000
Sat_00917,Four Square Remuera;New World Metro Queen St;Four Square Eden Terrace;New World Point Chevalier,4,7,12233.48,747.6,False,False,03:23:53.480000
Sat_00918,New World Stonefields;Four Square Remuera;New World Metro Queen St;Four Square Eden Terrace;New World Point Chevalier,5,10,16146.79,1190.0,True,True,04:29:06.790000
Sat_00919,New World Victoria Park;New World Metro Queen St;Four Square Remuera;Four Square Eden Terrace;New World Point Chevalier,5,10,15754.25,1190.0,True,True,04:22:34.250000
Sat_00920,Pak 'n Save Mt Albert;New World Point Chevalier;Four Square Remuera;New World Metro Queen St;Four Square Eden Terrace,5,12,17697.43,1190.0,True,True,04:54:57.430000
Sat_00921,Four Square Remuera;Pak 'n Save Glen Innes;New World Metro Queen St;Four Square Eden Terrace;New World Point Chevalier,5,13,19941.94,1500.0,True,True,05:32:21.940000
Sat_00922,Pak 'n Save Royal Oak;Four Square Remuera;New World Metro Queen St;Four Square Eden Terrace;New World Point Chevalier,5,13,18522.78,1500.0,True,True,05:08:42.780000
Sat_00923,Four Square Remuera;Pak 'n Save Sylvia Park;New World Metro Queen St;Four Square Eden Terrace;New World Point Chevalier,5,13,19773.96,1500.0,True,True,05:29:33.960000
Sat_00924,New World Stonefields;Four Square Remuera;New World Metro Queen St;Four Square Eden Terrace,4,7,12515.9,764.86,False,False,03:28:35.900000
Sat_00925,New World Victoria Park;New World Metro Queen St;New World Stonefields;Four Square Remuera;Four Square Eden Terrace,5,10,16036.67,1190.0,True,True,04:27:16.670000
Sat_00926,New World Stonefields;Four Square Remuera;New World Metro Queen St;Four Square Eden Terrace;Pak 'n Save Mt Albert,5,12,18201.92,1500.0,True,True,05:03:21.920000
Sat_00927,Four Square Remuera;New World Stonefields;Pak 'n Save Glen Innes;New World Metro Queen St;Four Square Eden Terrace,5,13,19822.44,1500.0,True,True,05:30:22.440000
Sat_00928,Pak 'n Save Royal Oak;New World Stonefields;Four Square Remuera;New World Metro Queen St;Four Square Eden Terrace,5,13,18734.31,1500.0,True,True,05:12:14.310000
Sat_00929,Pak 'n Save Sylvia Park;New World Stonefields;Four Square Remuera;New World Metro Queen St;Four Square Eden Terrace,5,13,19536.55,1500.0,True,True,05:25:36.550000
Sat_00930,New World Victoria Park;New World Metro Queen St;Four Square Remuera;Four Square Eden Terrace,4,7,12123.36,740.87,False,False,03:22:03.360000
Sat_00931,Pak 'n Save Mt Albert;New World Victoria Park;New World Metro Queen St;Four Square Remuera;Four Square Eden Terrace,5,12,17732.44,1190.0,True,True,04:55:32.440000
Sat_00932,Four Square Eden Terrace;Four Square Remuera;Pak 'n Save Glen Innes;New World Metro Queen St;New World Victoria Park,5,13,19893.5,1500.0,True,True,05:31:33.500000
Sat_00933,Pak 'n Save Royal Oak;Four Square Remuera;Four Square Eden Terrace;New World Metro Queen St;New World Victoria Park,5,13,18471.88,1500.0,True,True,05:07:51.880000
Sat_00934,New World Victoria Park;New World Metro Queen St;Four Square Remuera;Pak 'n Save Sylvia Park;Four Square Eden Terrace,5,13,19663.84,1500.0,True,True,05:27:43.840000
Sat_00935,Four Square Remuera;New World Metro Queen St;Four Square Eden Terrace;Pak 'n Save Mt Albert,4,9,14288.61,873.19,True,False,03:58:08.610000
Sat_00936,Four Square Remuera;Pak 'n Save Glen Innes;New World Metro Queen St;Four Square Eden Terrace;Pak 'n Save Mt Albert,5,15,21997.07,1810.0,True,True,06:06:37.070000
Sat_00937,Pak 'n Save Royal Oak;Four Square Remuera;New World Metro Queen St;Four Square Eden Terrace;Pak 'n Save Mt Albert,5,15,20577.91,1500.0,True,True,05:42:57.910000
Sat_00938,Four Square Remuera;Pak 'n Save Sylvia Park;New World Metro Queen St;Four Square Eden Terrace;Pak 'n Save Mt Albert,5,15,21829.09,1810.0,True,True,06:03:49.090000
Sat_00939,Four Square Remuera;Pak 'n Save Glen Innes;New World Metro Queen St;Four Square Eden Terrace,4,10,16311.05,1190.0,True,True,04:31:51.050000
Sat_00940,Pak 'n Save Royal Oak;Four Square Remuera;Pak 'n Save Glen Innes;New World Metro Queen St;Four Square Eden Terrace,5,16,22600.35,1810.0,True,True,06:16:40.350000
Sat_00941,Pak 'n Save Sylvia Park;Pak 'n Save Glen Innes;Four Square Remuera;New World Metro Queen St;Four Square Eden Terrace,5,16,23376.55,1810.0,True,True,06:29:36.550000
Sat_00942,Pak 'n Save Royal Oak;Four Square Remuera;New World Metro Queen St;Four Square Eden Terrace,4,10,14891.89,1190.0,True,True,04:08:11.890000
Sat_00943,Pak 'n Save Royal Oak;Pak 'n Save Sylvia Park;Four Square Remuera;New World Metro Queen St;Four Square Eden Terrace,5,16,22428.75,1810.0,True,True,06:13:48.750000
Sat_00944,Four Square Remuera;Pak 'n Save Sylvia Park;New World Metro Queen St;Four Square Eden Terrace,4,10,16143.07,1190.0,True,True,04:29:03.070000
Sat_00945,New World Remuera;Four Square Remuera;Four Square Eden Terrace,3,4,8047.1,491.77,False,False,02:14:07.100000
Sat_00946,Four Square Eden Terrace;New World Remuera;Four Square Remuera;New World Eastridge,4,7,12258.54,749.13,False,False,03:24:18.540000
Sat_00947,New World Mt Albert;Four Square Eden Terrace;New World Remuera;Four Square Remuera;New World Eastridge,5,10,15561.72,1190.0,True,True,04:19:21.720000
Sat_00948,New World Remuera;Four Square Remuera;New World Eastridge;New World Newmarket;Four Square Eden Terrace,5,10,15656.37,1190.0,True,True,04:20:56.370000
Sat_00949,Four Square Eden Terrace;New World Remuera;Four Square Remuera;New World Eastridge;New World Point Chevalier,5,10,15889.43,1190.0,True,True,04:24:49.430000
Sat_00950,Four Square Eden Terrace;New World Remuera;Four Square Remuera;New World Stonefields;New World Eastridge,5,10,16062.06,1190.0,True,True,04:27:42.060000
Sat_00951,New World Victoria Park;Four Square Eden Terrace;New World Remuera;Four Square Remuera;New World Eastridge,5,10,16228.75,1190.0,True,True,04:30:28.750000
Sat_00952,Pak 'n Save Mt Albert;Four Square Eden Terrace;New World Remuera;Four Square Remuera;New World Eastridge,5,12,17933.84,1190.0,True,True,04:58:53.840000
Sat_00953,Four Square Eden Terrace;New World Remuera;Four Square Remuera;Pak 'n Save Glen Innes;New World Eastridge,5,13,19418.94,1500.0,True,True,05:23:38.940000
Sat_00954,Pak 'n Save Royal Oak;New World Remuera;New World Eastridge;Four Square Remuera;Four Square Eden Terrace,5,13,18647.26,1500.0,True,True,05:10:47.260000
Sat_00955,Pak 'n Save Sylvia Park;New World Eastridge;Four Square Remuera;New World Remuera;Four Square Eden Terrace,5,13,19759.97,1500.0,True,True,05:29:19.970000
Sat_00956,New World Mt Albert;Four Square Eden Terrace;New World Remuera;Four Square Remuera,4,7,11405.07,696.98,False,False,03:10:05.070000
Sat_00957,New World Mt Albert;Four Square Eden Terrace;New World Remuera;Four Square Remuera;New World New Lynn,5,10,15569.41,1190.0,True,True,04:19:29.410000
Sat_00958,New World Mt Albert;Four Square Eden Terrace;New World Newmarket;New World Remuera;Four Square Remuera,5,10,14824.15,1190.0,True,True,04:07:04.150000
Sat_00959,New World Mt Albert;New World Point Chevalier;New World Remuera;Four Square Remuera;Four Square Eden Terrace,5,10,15028.4,1190.0,True,True,04:10:28.400000
Sat_00960,New World Mt Albert;Four Square Eden Terrace;New World Remuera;Four Square Remuera;New World Stonefields,5,10,15323.35,1190.0,True,True,04:15:23.350000
Sat_00961,New World Mt Albert;Four Square Eden Terrace;New World Remuera;Four Square Remuera;New World Victoria Park,5,10,15354.91,1190.0,True,True,04:15:54.910000
Sat_00962,New World Mt Albert;Four Square Eden Terrace;New World Remuera;Four Square Remuera;Pak 'n Save Mt Albert,5,12,17091.09,1190.0,True,True,04:44:51.090000
Sat_00963,New World Mt Albert;Four Square Eden Terrace;New World Remuera;Four Square Remuera;Pak 'n Save Glen Innes,5,13,19354.76,1500.0,True,True,05:22:34.760000
Sat_00964,Pak 'n Save Royal Oak;New World Remuera;Four Square Remuera;Four Square Eden Terrace;New World Mt Albert,5,13,17805.49,1190.0,True,True,04:56:45.490000
Sat_00965,New World Mt Albert;Four Square Eden Terrace;New World Remuera;Four Square Remuera;Pak 'n Save Sylvia Park,5,13,18945.54,1500.0,True,True,05:15:45.540000
Sat_00966,New World Newmarket;New World Remuera;Four Square Remuera;Four Square Eden Terrace,4,7,11466.18,700.71,False,False,03:11:06.180000
Sat_00967,New World Newmarket;New World Remuera;Four Square Remuera;Four Square Eden Terrace;New World Point Chevalier,5,10,15097.07,1190.0,True,True,04:11:37.070000
Sat_00968,New World Newmarket;New World Remuera;Four Square Remuera;New World Stonefields;Four Square Eden Terrace,5,10,15384.47,1190.0,True,True,04:16:24.470000
Sat_00969,New World Newmarket;New World Remuera;Four Square Remuera;Four Square Eden Terrace;New World Victoria Park,5,10,15470.22,1190.0,True,True,04:17:50.220000
Sat_00970,New World Newmarket;New World Remuera;Four Square Remuera;Four Square Eden Terrace;Pak 'n Save Mt Albert,5,12,17152.2,1190.0,True,True,04:45:52.200000
Sat_00971,New World Newmarket;New World Remuera;Four Square Remuera;Pak 'n Save Glen Innes;Four Square Eden Terrace,5,13,19415.88,1500.0,True,True,05:23:35.880000
Sat_00972,Pak 'n Save Royal Oak;Four Square Remuera;New World Remuera;New World Newmarket;Four Square Eden Terrace,5,13,17823.14,1190.0,True,True,04:57:03.140000
Sat_00973,New World Newmarket;New World Remuera;Four Square Remuera;Pak 'n Save Sylvia Park;Four Square Eden Terrace,5,13,19006.66,1500.0,True,True,05:16:46.660000
Sat_00974,New World Remuera;Four Square Remuera;Four Square Eden Terrace;New World Point Chevalier,4,7,11677.99,713.65,False,False,03:14:37.990000
Sat_00975,New World Remuera;Four Square Remuera;New World Stonefields;Four Square Eden Terrace;New World Point Chevalier,5,10,15596.28,1190.0,True,True,04:19:56.280000
Sat_00976,New World Remuera;Four Square Remuera;Four Square Eden Terrace;New World Victoria Park;New World Point Chevalier,5,10,15682.03,1190.0,True,True,04:21:22.030000
Sat_00977,Pak 'n Save Mt Albert;New World Point Chevalier;New World Remuera;Four Square Remuera;Four Square Eden Terrace,5,12,17141.95,1190.0,True,True,04:45:41.950000
Sat_00978,New World Remuera;Four Square Remuera;Pak 'n Save Glen Innes;Four Square Eden Terrace;New World Point Chevalier,5,13,19627.69,1500.0,True,True,05:27:07.690000
Sat_00979,Pak 'n Save Royal Oak;New World Remuera;Four Square Remuera;Four Square Eden Terrace;New World Point Chevalier,5,13,18035.04,1500.0,True,True,05:00:35.040000
Sat_00980,New World Remuera;Four Square Remuera;Pak 'n Save Sylvia Park;Four Square Eden Terrace;New World Point Chevalier,5,13,19218.47,1500.0,True,True,05:20:18.470000
Sat_00981,New World Remuera;Four Square Remuera;New World Stonefields;Four Square Eden Terrace,4,7,11965.39,731.22,False,False,03:19:25.390000
Sat_00982,New World Remuera;Four Square Remuera;New World Stonefields;Four Square Eden Terrace;New World Victoria Park,5,10,15969.43,1190.0,True,True,04:26:09.430000
Sat_00983,New World Remuera;Four Square Remuera;New World Stonefields;Four Square Eden Terrace;Pak 'n Save Mt Albert,5,12,17651.41,1190.0,True,True,04:54:11.410000
Sat_00984,New World Remuera;Four Square Remuera;Pak 'n Save Glen Innes;New World Stonefields;Four Square Eden Terrace,5,13,19437.59,1500.0,True,True,05:23:57.590000
Sat_00985,Pak 'n Save Royal Oak;New World Stonefields;Four Square Remuera;New World Remuera;Four Square Eden Terrace,5,13,18287.58,1500.0,True,True,05:04:47.580000
Sat_00986,New World Remuera;Four Square Remuera;New World Stonefields;Pak 'n Save Sylvia Park;Four Square Eden Terrace,5,13,18991.49,1500.0,True,True,05:16:31.490000
Sat_00987,New World Remuera;Four Square Remuera;Four Square Eden Terrace;New World Victoria Park,4,7,12051.14,736.46,False,False,03:20:51.140000
Sat_00988,Pak 'n Save Mt Albert;New World Victoria Park;Four Square Eden Terrace;New World Remuera;Four Square Remuera,5,12,17681.18,1190.0,True,True,04:54:41.180000
Sat_00989,New World Remuera;Four Square Remuera;Pak 'n Save Glen Innes;Four Square Eden Terrace;New World Victoria Park,5,13,20000.84,1500.0,True,True,05:33:20.840000
Sat_00990,Pak 'n Save Royal Oak;New World Remuera;Four Square Remuera;Four Square Eden Terrace;New World Victoria Park,5,13,18408.19,1500.0,True,True,05:06:48.190000
Sat_00991,New World Remuera;Four Square Remuera;Pak 'n Save Sylvia Park;Four Square Eden Terrace;New World Victoria Park,5,13,19591.62,1500.0,True,True,05:26:31.620000
Sat_00992,New World Remuera;Four Square Remuera;Four Square Eden Terrace;Pak 'n Save Mt Albert,4,9,13733.12,839.25,True,False,03:48:53.120000
Sat_00993,New World Remuera;Four Square Remuera;Pak 'n Save Glen Innes;Four Square Eden Terrace;Pak 'n Save Mt Albert,5,15,21682.82,1810.0,True,True,06:01:22.820000
Sat_00994,Pak 'n Save Royal Oak;New World Remuera;Four Square Remuera;Four Square Eden Terrace;Pak 'n Save Mt Albert,5,15,20090.17,1500.0,True,True,05:34:50.170000
Sat_00995,New World Remuera;Four Square Remuera;Pak 'n Save Sylvia Park;Four Square Eden Terrace;Pak 'n Save Mt Albert,5,15,21273.6,1500.0,True,True,05:54:33.600000
Sat_00996,New World Remuera;Four Square Remuera;Pak 'n Save Glen Innes;Four Square Eden Terrace,4,10,15996.8,1190.0,True,True,04:26:36.800000
Sat_00997,Pak 'n Save Royal Oak;Pak 'n Save Glen Innes;Four Square Remuera;New World Remuera;Four Square Eden Terrace,5,16,22331.27,1810.0,True,True,06:12:11.270000
Sat_00998,New World Remuera;Four Square Remuera;Pak 'n Save Glen Innes;Pak 'n Save Sylvia Park;Four Square Eden Terrace,5,16,22891.84,1810.0,True,True,06:21:31.840000
Sat_00999,Pak 'n Save Royal Oak;New World Remuera;Four Square Remuera;Four Square Eden Terrace,4,10,14404.15,1190.0,True,True,04:00:04.150000
Sat_01000,Pak 'n Save Royal Oak;New World Remuera;Four Square Remuera;Pak 'n Save Sylvia Park;Four Square Eden Terrace,5,16,21944.63,1810.0,True,True,06:05:44.630000
Sat_01001,New World Remuera;Four Square Remuera;Pak 'n Save Sylvia Park;Four Square Eden Terrace,4,10,15587.58,1190.0,True,True,04:19:47.580000
Sat_01002,Four Square Eden Terrace;Four Square Remuera;New World Eastridge,3,5,9997.51,610.96,False,False,02:46:37.510000
Sat_01003,New World Mt Albert;Four Square Eden Terrace;Four Square Remuera;New World Eastridge,4,8,13300.69,812.82,True,False,03:41:40.690000
Sat_01004,New World Mt Albert;Four Square Eden Terrace;Four Square Remuera;New World Eastridge;New World New Lynn,5,11,17465.03,1190.0,True,True,04:51:05.030000
Sat_01005,New World Mt Albert;Four Square Eden Terrace;New World Newmarket;New World Eastridge;Four Square Remuera,5,11,16667.15,1190.0,True,True,04:37:47.150000
Sat_01006,New World Mt Albert;Four Square Eden Terrace;Four Square Remuera;New World Eastridge;New World Point Chevalier,5,11,16931.58,1190.0,True,True,04:42:11.580000
Sat_01007,New World Mt Albert;Four Square Eden Terrace;Four Square Remuera;New World Stonefields;New World Eastridge,5,11,17104.21,1190.0,True,True,04:45:04.210000
Sat_01008,New World Mt Albert;New World Victoria Park;Four Square Eden Terrace;Four Square Remuera;New World Eastridge,5,11,17284.97,1190.0,True,True,04:48:04.970000
Sat_01009,New World Mt Albert;Four Square Eden Terrace;Four Square Remuera;New World Eastridge;Pak 'n Save Mt Albert,5,13,18986.71,1500.0,True,True,05:16:26.710000
Sat_01010,New World Mt Albert;Four Square Eden Terrace;Four Square Remuera;Pak 'n Save Glen Innes;New World Eastridge,5,14,20461.09,1500.0,True,True,05:41:01.090000
Sat_01011,Pak 'n Save Royal Oak;New World Eastridge;Four Square Remuera;Four Square Eden Terrace;New World Mt Albert,5,14,19736.93,1500.0,True,True,05:28:56.930000
Sat_01012,New World Mt Albert;Four Square Eden Terrace;Pak 'n Save Sylvia Park;New World Eastridge;Four Square Remuera,5,14,20748.15,1500.0,True,True,05:45:48.150000
Sat_01013,New World Newmarket;New World Eastridge;Four Square Remuera;Four Square Eden Terrace,4,8,13309.18,813.34,True,False,03:41:49.180000
Sat_01014,New World Newmarket;New World Eastridge;Four Square Remuera;Four Square Eden Terrace;New World Point Chevalier,5,11,16940.07,1190.0,True,True,04:42:20.070000
Sat_01015,Four Square Remuera;New World Stonefields;New World Eastridge;New World Newmarket;Four Square Eden Terrace,5,11,17198.86,1190.0,True,True,04:46:38.860000
Sat_01016,New World Newmarket;New World Eastridge;Four Square Remuera;Four Square Eden Terrace;New World Victoria Park,5,11,17313.22,1190.0,True,True,04:48:33.220000
Sat_01017,New World Newmarket;New World Eastridge;Four Square Remuera;Four Square Eden Terrace;Pak 'n Save Mt Albert,5,13,18995.2,1500.0,True,True,05:16:35.200000
Sat_01018,Four Square Remuera;Pak 'n Save Glen Innes;New World Eastridge;New World Newmarket;Four Square Eden Terrace,5,14,20555.74,1500.0,True,True,05:42:35.740000
Sat_01019,Pak 'n Save Royal Oak;Four Square Remuera;New World Eastridge;New World Newmarket;Four Square Eden Terrace,5,14,19684.64,1500.0,True,True,05:28:04.640000
Sat_01020,New World Newmarket;New World Eastridge;Four Square Remuera;Pak 'n Save Sylvia Park;Four Square Eden Terrace,5,14,20849.66,1500.0,True,True,05:47:29.660000
Sat_01021,Four Square Eden Terrace;Four Square Remuera;New World Eastridge;New World Point Chevalier,4,8,13628.4,832.85,True,False,03:47:08.400000
Sat_01022,Four Square Eden Terrace;Four Square Remuera;New World Stonefields;New World Eastridge;New World Point Chevalier,5,11,17431.92,1190.0,True,True,04:50:31.920000
Sat_01023,New World Victoria Park;Four Square Eden Terrace;Four Square Remuera;New World Eastridge;New World Point Chevalier,5,11,17598.61,1190.0,True,True,04:53:18.610000
Sat_01024,Pak 'n Save Mt Albert;New World Point Chevalier;Four Square Eden Terrace;Four Square Remuera;New World Eastridge,5,13,19092.35,1500.0,True,True,05:18:12.350000
Sat_01025,Four Square Eden Terrace;Four Square Remuera;Pak 'n Save Glen Innes;New World Eastridge;New World Point Chevalier,5,14,20788.8,1500.0,True,True,05:46:28.800000
Sat_01026,Pak 'n Save Royal Oak;New World Eastridge;Four Square Remuera;Four Square Eden Terrace;New World Point Chevalier,5,14,19966.48,1500.0,True,True,05:32:46.480000
Sat_01027,Pak 'n Save Sylvia Park;New World Eastridge;Four Square Remuera;Four Square Eden Terrace;New World Point Chevalier,5,14,21021.07,1500.0,True,True,05:50:21.070000
Sat_01028,Four Square Eden Terrace;Four Square Remuera;New World Stonefields;New World Eastridge,4,8,13801.03,843.4,True,False,03:50:01.030000
Sat_01029,New World Victoria Park;Four Square Eden Terrace;Four Square Remuera;New World Stonefields;New World Eastridge,5,11,17771.24,1190.0,True,True,04:56:11.240000
Sat_01030,Pak 'n Save Mt Albert;Four Square Eden Terrace;Four Square Remuera;New World Stonefields;New World Eastridge,5,13,19476.33,1500.0,True,True,05:24:36.330000
Sat_01031,Four Square Eden Terrace;Four Square Remuera;New World Stonefields;Pak 'n Save Glen Innes;New World Eastridge,5,14,20669.3,1500.0,True,True,05:44:29.300000
Sat_01032,Pak 'n Save Royal Oak;New World Stonefields;New World Eastridge;Four Square Remuera;Four Square Eden Terrace,5,14,20046.71,1500.0,True,True,05:34:06.710000
Sat_01033,Pak 'n Save Sylvia Park;New World Stonefields;New World Eastridge;Four Square Remuera;Four Square Eden Terrace,5,14,20848.95,1500.0,True,True,05:47:28.950000
Sat_01034,New World Victoria Park;Four Square Eden Terrace;Four Square Remuera;New World Eastridge,4,8,13967.72,853.58,True,False,03:52:47.720000
Sat_01035,Pak 'n Save Mt Albert;New World Victoria Park;Four Square Eden Terrace;Four Square Remuera;New World Eastridge,5,13,19576.8,1500.0,True,True,05:26:16.800000
Sat_01036,New World Victoria Park;Four Square Eden Terrace;Four Square Remuera;Pak 'n Save Glen Innes;New World Eastridge,5,14,21128.12,1500.0,True,True,05:52:08.120000
Sat_01037,Pak 'n Save Royal Oak;New World Eastridge;Four Square Remuera;Four Square Eden Terrace;New World Victoria Park,5,14,20339.63,1500.0,True,True,05:38:59.630000
Sat_01038,Pak 'n Save Sylvia Park;New World Eastridge;Four Square Remuera;Four Square Eden Terrace;New World Victoria Park,5,14,21394.22,1500.0,True,True,05:56:34.220000
Sat_01039,Pak 'n Save Mt Albert;Four Square Eden Terrace;Four Square Remuera;New World Eastridge,4,10,15672.81,1190.0,True,True,04:21:12.810000
Sat_01040,Pak 'n Save Mt Albert;Four Square Eden Terrace;Four Square Remuera;Pak 'n Save Glen Innes;New World Eastridge,5,16,22833.21,1810.0,True,True,06:20:33.210000
Sat_01041,Pak 'n Save Royal Oak;New World Eastridge;Four Square Remuera;Four Square Eden Terrace;Pak 'n Save Mt Albert,5,16,22021.61,1810.0,True,True,06:07:01.610000
Sat_01042,Pak 'n Save Sylvia Park;New World Eastridge;Four Square Remuera;Four Square Eden Terrace;Pak 'n Save Mt Albert,5,16,23076.2,1810.0,True,True,06:24:36.200000
Sat_01043,Four Square Eden Terrace;Four Square Remuera;Pak 'n Save Glen Innes;New World Eastridge,4,11,17157.91,1190.0,True,True,04:45:57.910000
Sat_01044,Pak 'n Save Royal Oak;New World Eastridge;Four Square Remuera;Four Square Eden Terrace,4,11,16335.59,1190.0,True,True,04:32:15.590000
Sat_01045,Pak 'n Save Sylvia Park;New World Eastridge;Four Square Remuera;Four Square Eden Terrace,4,11,17390.18,1190.0,True,True,04:49:50.180000
Sat_01046,New World Mt Albert;Four Square Eden Terrace;Four Square Remuera,3,5,9144.04,558.8,False,False,02:32:24.040000
Sat_01047,New World Mt Albert;Four Square Eden Terrace;Four Square Remuera;New World New Lynn,4,8,13308.38,813.29,True,False,03:41:48.380000
Sat_01048,New World Mt Albert;Four Square Eden Terrace;New World Newmarket;Four Square Remuera;New World New Lynn,5,11,16769.28,1190.0,True,True,04:39:29.280000
Sat_01049,New World Mt Albert;Four Square Eden Terrace;Four Square Remuera;New World Point Chevalier;New World New Lynn,5,11,16759.87,1190.0,True,True,04:39:19.870000
Sat_01050,New World Mt Albert;Four Square Eden Terrace;New World Stonefields;Four Square Remuera;New World New Lynn,5,11,17221.69,1190.0,True,True,04:47:01.690000
Sat_01051,New World Mt Albert;Four Square Eden Terrace;Four Square Remuera;New World Victoria Park;New World New Lynn,5,11,17258.22,1190.0,True,True,04:47:38.220000
Sat_01052,New World Mt Albert;Four Square Eden Terrace;Four Square Remuera;Pak 'n Save Glen Innes;New World New Lynn,5,14,21258.08,1500.0,True,True,05:54:18.080000
Sat_01053,Pak 'n Save Royal Oak;Four Square Remuera;Four Square Eden Terrace;New World Mt Albert;New World New Lynn,5,14,19678.69,1500.0,True,True,05:27:58.690000
Sat_01054,New World Mt Albert;Four Square Eden Terrace;Four Square Remuera;Pak 'n Save Sylvia Park;New World New Lynn,5,14,20848.86,1500.0,True,True,05:47:28.860000
Sat_01055,New World Mt Albert;Four Square Eden Terrace;New World Newmarket;Four Square Remuera,4,8,12604.94,770.3,True,False,03:30:04.940000
Sat_01056,New World Mt Albert;New World Point Chevalier;New World Newmarket;Four Square Remuera;Four Square Eden Terrace,5,11,16228.26,1190.0,True,True,04:30:28.260000
Sat_01057,New World Mt Albert;Four Square Eden Terrace;New World Newmarket;New World Stonefields;Four Square Remuera,5,11,16518.25,1190.0,True,True,04:35:18.250000
Sat_01058,New World Mt Albert;Four Square Eden Terrace;New World Newmarket;Four Square Remuera;New World Victoria Park,5,11,16554.78,1190.0,True,True,04:35:54.780000
Sat_01059,New World Mt Albert;Four Square Eden Terrace;New World Newmarket;Four Square Remuera;Pak 'n Save Mt Albert,5,13,18290.96,1500.0,True,True,05:04:50.960000
Sat_01060,New World Mt Albert;Four Square Eden Terrace;New World Newmarket;Four Square Remuera;Pak 'n Save Glen Innes,5,14,20554.63,1500.0,True,True,05:42:34.630000
Sat_01061,Pak 'n Save Royal Oak;Four Square Remuera;New World Newmarket;Four Square Eden Terrace;New World Mt Albert,5,14,18984.24,1500.0,True,True,05:16:24.240000
Sat_01062,New World Mt Albert;Four Square Eden Terrace;New World Newmarket;Four Square Remuera;Pak 'n Save Sylvia Park,5,14,20145.41,1500.0,True,True,05:35:45.410000
Sat_01063,New World Mt Albert;New World Point Chevalier;Four Square Remuera;Four Square Eden Terrace,4,8,12767.36,780.23,True,False,03:32:47.360000
Sat_01064,New World Mt Albert;New World Point Chevalier;New World Stonefields;Four Square Remuera;Four Square Eden Terrace,5,11,16680.68,1190.0,True,True,04:38:00.680000
Sat_01065,New World Mt Albert;Four Square Eden Terrace;Four Square Remuera;New World Victoria Park;New World Point Chevalier,5,11,16724.77,1190.0,True,True,04:38:44.770000
Sat_01066,New World Mt Albert;Four Square Eden Terrace;Four Square Remuera;New World Point Chevalier;Pak 'n Save Mt Albert,5,13,18264.28,1500.0,True,True,05:04:24.280000
Sat_01067,New World Mt Albert;New World Point Chevalier;Four Square Remuera;Pak 'n Save Glen Innes;Four Square Eden Terrace,5,14,20717.06,1500.0,True,True,05:45:17.060000
Sat_01068,Pak 'n Save Royal Oak;Four Square Remuera;Four Square Eden Terrace;New World Point Chevalier;New World Mt Albert,5,14,19070.61,1500.0,True,True,05:17:50.610000
Sat_01069,New World Mt Albert;New World Point Chevalier;Four Square Remuera;Pak 'n Save Sylvia Park;Four Square Eden Terrace,5,14,20307.84,1500.0,True,True,05:38:27.840000
Sat_01070,New World Mt Albert;Four Square Eden Terrace;New World Stonefields;Four Square Remuera,4,8,13057.35,797.95,True,False,03:37:37.350000
Sat_01071,New World Mt Albert;Four Square Eden Terrace;New World Stonefields;Four Square Remuera;New World Victoria Park,5,11,17007.19,1190.0,True,True,04:43:27.190000
Sat_01072,New World Mt Albert;Four Square Eden Terrace;New World Stonefields;Four Square Remuera;Pak 'n Save Mt Albert,5,13,18743.37,1500.0,True,True,05:12:23.370000
Sat_01073,New World Mt Albert;Four Square Eden Terrace;New World Stonefields;Pak 'n Save Glen Innes;Four Square Remuera,5,14,20491.95,1500.0,True,True,05:41:31.950000
Sat_01074,Pak 'n Save Royal Oak;New World Stonefields;Four Square Remuera;Four Square Eden Terrace;New World Mt Albert,5,14,19319.13,1500.0,True,True,05:21:59.130000
Sat_01075,New World Mt Albert;Four Square Eden Terrace;Pak 'n Save Sylvia Park;New World Stonefields;Four Square Remuera,5,14,20078.0,1500.0,True,True,05:34:38
Sat_01076,New World Mt Albert;Four Square Eden Terrace;Four Square Remuera;New World Victoria Park,4,8,13093.88,800.18,True,False,03:38:13.880000
Sat_01077,New World Mt Albert;Four Square Eden Terrace;Four Square Remuera;New World Victoria Park;Pak 'n Save Mt Albert,5,13,18779.9,1500.0,True,True,05:12:59.900000
Sat_01078,New World Mt Albert;Four Square Eden Terrace;Four Square Remuera;Pak 'n Save Glen Innes;New World Victoria Park,5,14,21043.58,1500.0,True,True,05:50:43.580000
Sat_01079,Pak 'n Save Royal Oak;Four Square Remuera;Four Square Eden Terrace;New World Victoria Park;New World Mt Albert,5,14,19480.75,1500.0,True,True,05:24:40.750000
Sat_01080,New World Mt Albert;Four Square Eden Terrace;Four Square Remuera;Pak 'n Save Sylvia Park;New World Victoria Park,5,14,20634.36,1500.0,True,True,05:43:54.360000
Sat_01081,New World Mt Albert;Four Square Eden Terrace;Four Square Remuera;Pak 'n Save Glen Innes;Pak 'n Save Mt Albert,5,16,22779.76,1810.0,True,True,06:19:39.760000
Sat_01082,Pak 'n Save Royal Oak;Four Square Remuera;Four Square Eden Terrace;New World Mt Albert;Pak 'n Save Mt Albert,5,16,21183.09,1500.0,True,True,05:53:03.090000
Sat_01083,New World Mt Albert;Four Square Eden Terrace;Four Square Remuera;Pak 'n Save Sylvia Park;Pak 'n Save Mt Albert,5,16,22370.54,1810.0,True,True,06:12:50.540000
Sat_01084,New World Mt Albert;Four Square Eden Terrace;Four Square Remuera;Pak 'n Save Glen Innes,4,11,17093.73,1190.0,True,True,04:44:53.730000
Sat_01085,Pak 'n Save Royal Oak;Four Square Remuera;Four Square Eden Terrace;New World Mt Albert,4,11,15476.71,1190.0,True,True,04:17:56.710000
Sat_01086,New World Mt Albert;Four Square Eden Terrace;Four Square Remuera;Pak 'n Save Sylvia Park,4,11,16684.51,1190.0,True,True,04:38:04.510000
Sat_01087,New World Newmarket;Four Square Remuera;Four Square Eden Terrace,3,5,9246.97,565.09,False,False,02:34:06.970000
Sat_01088,New World Newmarket;Four Square Remuera;Four Square Eden Terrace;New World Point Chevalier,4,8,12877.86,786.98,True,False,03:34:37.860000
Sat_01089,New World Newmarket;New World Stonefields;Four Square Remuera;Four Square Eden Terrace;New World Point Chevalier,5,11,16791.17,1190.0,True,True,04:39:51.170000
Sat_01090,New World Newmarket;Four Square Remuera;Four Square Eden Terrace;New World Victoria Park;New World Point Chevalier,5,11,16881.9,1190.0,True,True,04:41:21.900000
Sat_01091,Pak 'n Save Mt Albert;New World Point Chevalier;New World Newmarket;Four Square Remuera;Four Square Eden Terrace,5,13,18341.81,1500.0,True,True,05:05:41.810000
Sat_01092,New World Newmarket;Four Square Remuera;Pak 'n Save Glen Innes;Four Square Eden Terrace;New World Point Chevalier,5,14,20827.56,1500.0,True,True,05:47:07.560000
Sat_01093,Pak 'n Save Royal Oak;Four Square Remuera;New World Newmarket;Four Square Eden Terrace;New World Point Chevalier,5,14,19213.79,1500.0,True,True,05:20:13.790000
Sat_01094,New World Newmarket;Four Square Remuera;Pak 'n Save Sylvia Park;Four Square Eden Terrace;New World Point Chevalier,5,14,20418.34,1500.0,True,True,05:40:18.340000
Sat_01095,New World Newmarket;New World Stonefields;Four Square Remuera;Four Square Eden Terrace,4,8,13160.28,804.24,True,False,03:39:20.280000
Sat_01096,New World Newmarket;New World Stonefields;Four Square Remuera;Four Square Eden Terrace;New World Victoria Park,5,11,17164.32,1190.0,True,True,04:46:04.320000
Sat_01097,New World Newmarket;New World Stonefields;Four Square Remuera;Four Square Eden Terrace;Pak 'n Save Mt Albert,5,13,18846.3,1500.0,True,True,05:14:06.300000
Sat_01098,New World Newmarket;New World Stonefields;Pak 'n Save Glen Innes;Four Square Remuera;Four Square Eden Terrace,5,14,20594.88,1500.0,True,True,05:43:14.880000
Sat_01099,Pak 'n Save Royal Oak;New World Stonefields;Four Square Remuera;New World Newmarket;Four Square Eden Terrace,5,14,19425.32,1500.0,True,True,05:23:45.320000
Sat_01100,New World Newmarket;Pak 'n Save Sylvia Park;New World Stonefields;Four Square Remuera;Four Square Eden Terrace,5,14,20180.93,1500.0,True,True,05:36:20.930000
Sat_01101,New World Newmarket;Four Square Remuera;Four Square Eden Terrace;New World Victoria Park,4,8,13251.01,809.78,True,False,03:40:51.010000
Sat_01102,Pak 'n Save Mt Albert;New World Victoria Park;Four Square Eden Terrace;New World Newmarket;Four Square Remuera,5,13,18881.05,1500.0,True,True,05:14:41.050000
Sat_01103,New World Newmarket;Four Square Remuera;Pak 'n Save Glen Innes;Four Square Eden Terrace;New World Victoria Park,5,14,21200.71,1500.0,True,True,05:53:20.710000
Sat_01104,Pak 'n Save Royal Oak;Four Square Remuera;New World Newmarket;Four Square Eden Terrace;New World Victoria Park,5,14,19586.94,1500.0,True,True,05:26:26.940000
Sat_01105,New World Newmarket;Four Square Remuera;Pak 'n Save Sylvia Park;Four Square Eden Terrace;New World Victoria Park,5,14,20791.49,1500.0,True,True,05:46:31.490000
Sat_01106,New World Newmarket;Four Square Remuera;Four Square Eden Terrace;Pak 'n Save Mt Albert,4,10,14932.99,1190.0,True,True,04:08:52.990000
Sat_01107,New World Newmarket;Four Square Remuera;Pak 'n Save Glen Innes;Four Square Eden Terrace;Pak 'n Save Mt Albert,5,16,22882.69,1810.0,True,True,06:21:22.690000
Sat_01108,Pak 'n Save Royal Oak;Four Square Remuera;New World Newmarket;Four Square Eden Terrace;Pak 'n Save Mt Albert,5,16,21268.92,1500.0,True,True,05:54:28.920000
Sat_01109,New World Newmarket;Four Square Remuera;Pak 'n Save Sylvia Park;Four Square Eden Terrace;Pak 'n Save Mt Albert,5,16,22473.47,1810.0,True,True,06:14:33.470000
Sat_01110,New World Newmarket;Four Square Remuera;Pak 'n Save Glen Innes;Four Square Eden Terrace,4,11,17196.67,1190.0,True,True,04:46:36.670000
Sat_01111,Pak 'n Save Royal Oak;Four Square Remuera;New World Newmarket;Four Square Eden Terrace,4,11,15582.9,1190.0,True,True,04:19:42.900000
Sat_01112,New World Newmarket;Four Square Remuera;Pak 'n Save Sylvia Park;Four Square Eden Terrace,4,11,16787.45,1190.0,True,True,04:39:47.450000
Sat_01113,Four Square Remuera;Four Square Eden Terrace;New World Point Chevalier,3,5,9416.96,575.48,False,False,02:36:56.960000
Sat_01114,New World Stonefields;Four Square Remuera;Four Square Eden Terrace;New World Point Chevalier,4,8,13330.27,814.63,True,False,03:42:10.270000
Sat_01115,New World Stonefields;Four Square Remuera;Four Square Eden Terrace;New World Victoria Park;New World Point Chevalier,5,11,17334.31,1190.0,True,True,04:48:54.310000
Sat_01116,Pak 'n Save Mt Albert;New World Point Chevalier;New World Stonefields;Four Square Remuera;Four Square Eden Terrace,5,13,18794.23,1500.0,True,True,05:13:14.230000
Sat_01117,New World Stonefields;Pak 'n Save Glen Innes;Four Square Remuera;Four Square Eden Terrace;New World Point Chevalier,5,14,20764.87,1500.0,True,True,05:46:04.870000
Sat_01118,Pak 'n Save Royal Oak;New World Stonefields;Four Square Remuera;Four Square Eden Terrace;New World Point Chevalier,5,14,19548.68,1500.0,True,True,05:25:48.680000
Sat_01119,Pak 'n Save Sylvia Park;New World Stonefields;Four Square Remuera;Four Square Eden Terrace;New World Point Chevalier,5,14,20350.92,1500.0,True,True,05:39:10.920000
Sat_01120,Four Square Remuera;Four Square Eden Terrace;New World Victoria Park;New World Point Chevalier,4,8,13421.0,820.17,True,False,03:43:41
Sat_01121,Pak 'n Save Mt Albert;New World Point Chevalier;Four Square Remuera;Four Square Eden Terrace;New World Victoria Park,5,13,18884.95,1500.0,True,True,05:14:44.950000
Sat_01122,Four Square Remuera;Pak 'n Save Glen Innes;Four Square Eden Terrace;New World Victoria Park;New World Point Chevalier,5,14,21370.7,1500.0,True,True,05:56:10.700000
Sat_01123,Pak 'n Save Royal Oak;Four Square Remuera;Four Square Eden Terrace;New World Victoria Park;New World Point Chevalier,5,14,19710.3,1500.0,True,True,05:28:30.300000
Sat_01124,Four Square Remuera;Pak 'n Save Sylvia Park;Four Square Eden Terrace;New World Victoria Park;New World Point Chevalier,5,14,20961.48,1500.0,True,True,05:49:21.480000
Sat_01125,Pak 'n Save Mt Albert;New World Point Chevalier;Four Square Remuera;Four Square Eden Terrace,4,10,14880.91,1190.0,True,True,04:08:00.910000
Sat_01126,Pak 'n Save Mt Albert;New World Point Chevalier;Four Square Remuera;Pak 'n Save Glen Innes;Four Square Eden Terrace,5,16,22830.61,1810.0,True,True,06:20:30.610000
Sat_01127,Pak 'n Save Royal Oak;Four Square Remuera;Four Square Eden Terrace;New World Point Chevalier;Pak 'n Save Mt Albert,5,16,21195.61,1500.0,True,True,05:53:15.610000
Sat_01128,Pak 'n Save Mt Albert;New World Point Chevalier;Four Square Remuera;Pak 'n Save Sylvia Park;Four Square Eden Terrace,5,16,22421.39,1810.0,True,True,06:13:41.390000
Sat_01129,Four Square Remuera;Pak 'n Save Glen Innes;Four Square Eden Terrace;New World Point Chevalier,4,11,17366.66,1190.0,True,True,04:49:26.660000
Sat_01130,Pak 'n Save Royal Oak;Four Square Remuera;Four Square Eden Terrace;New World Point Chevalier,4,11,15706.26,1190.0,True,True,04:21:46.260000
Sat_01131,Four Square Remuera;Pak 'n Save Sylvia Park;Four Square Eden Terrace;New World Point Chevalier,4,11,16957.44,1190.0,True,True,04:42:37.440000
Sat_01132,New World Stonefields;Four Square Remuera;Four Square Eden Terrace,3,5,9699.38,592.74,False,False,02:41:39.380000
Sat_01133,New World Stonefields;Four Square Remuera;Four Square Eden Terrace;New World Victoria Park,4,8,13703.42,837.43,True,False,03:48:23.420000
Sat_01134,Pak 'n Save Mt Albert;New World Victoria Park;Four Square Eden Terrace;New World Stonefields;Four Square Remuera,5,13,19333.46,1500.0,True,True,05:22:13.460000
Sat_01135,New World Stonefields;Pak 'n Save Glen Innes;Four Square Remuera;Four Square Eden Terrace;New World Victoria Park,5,14,21138.02,1500.0,True,True,05:52:18.020000
Sat_01136,Pak 'n Save Royal Oak;New World Stonefields;Four Square Remuera;Four Square Eden Terrace;New World Victoria Park,5,14,19921.83,1500.0,True,True,05:32:01.830000
Sat_01137,Pak 'n Save Sylvia Park;New World Stonefields;Four Square Remuera;Four Square Eden Terrace;New World Victoria Park,5,14,20724.07,1500.0,True,True,05:45:24.070000
Sat_01138,New World Stonefields;Four Square Remuera;Four Square Eden Terrace;Pak 'n Save Mt Albert,4,10,15385.4,1190.0,True,True,04:16:25.400000
Sat_01139,New World Stonefields;Pak 'n Save Glen Innes;Four Square Remuera;Four Square Eden Terrace;Pak 'n Save Mt Albert,5,16,22820.0,1810.0,True,True,06:20:20
Sat_01140,Pak 'n Save Royal Oak;New World Stonefields;Four Square Remuera;Four Square Eden Terrace;Pak 'n Save Mt Albert,5,16,21603.81,1810.0,True,True,06:00:03.810000
Sat_01141,Pak 'n Save Sylvia Park;New World Stonefields;Four Square Remuera;Four Square Eden Terrace;Pak 'n Save Mt Albert,5,16,22406.05,1810.0,True,True,06:13:26.050000
Sat_01142,New World Stonefields;Pak 'n Save Glen Innes;Four Square Remuera;Four Square Eden Terrace,4,11,17133.98,1190.0,True,True,04:45:33.980000
Sat_01143,Pak 'n Save Royal Oak;New World Stonefields;Four Square Remuera;Four Square Eden Terrace,4,11,15917.79,1190.0,True,True,04:25:17.790000
Sat_01144,Pak 'n Save Sylvia Park;New World Stonefields;Four Square Remuera;Four Square Eden Terrace,4,11,16720.03,1190.0,True,True,04:38:40.030000
Sat_01145,Four Square Remuera;Four Square Eden Terrace;New World Victoria Park,3,5,9790.11,598.28,False,False,02:43:10.110000
Sat_01146,Pak 'n Save Mt Albert;New World Victoria Park;Four Square Eden Terrace;Four Square Remuera,4,10,15420.15,1190.0,True,True,04:17:00.150000
Sat_01147,Pak 'n Save Mt Albert;New World Victoria Park;Four Square Eden Terrace;Four Square Remuera;Pak 'n Save Glen Innes,5,16,23369.84,1810.0,True,True,06:29:29.840000
Sat_01148,Pak 'n Save Mt Albert;New World Victoria Park;Four Square Eden Terrace;Four Square Remuera;Pak 'n Save Sylvia Park,5,16,22960.62,1810.0,True,True,06:22:40.620000
Sat_01149,Four Square Remuera;Pak 'n Save Glen Innes;Four Square Eden Terrace;New World Victoria Park,4,11,17739.81,1190.0,True,True,04:55:39.810000
Sat_01150,Pak 'n Save Royal Oak;Four Square Remuera;Four Square Eden Terrace;New World Victoria Park,4,11,16079.41,1190.0,True,True,04:27:59.410000
Sat_01151,Four Square Remuera;Pak 'n Save Sylvia Park;Four Square Eden Terrace;New World Victoria Park,4,11,17330.59,1190.0,True,True,04:48:50.590000
Sat_01152,Four Square Remuera;Four Square Eden Terrace;Pak 'n Save Mt Albert,3,7,11472.09,701.07,False,False,03:11:12.090000
Sat_01153,Four Square Remuera;Pak 'n Save Glen Innes;Four Square Eden Terrace;Pak 'n Save Mt Albert,4,13,19421.79,1500.0,True,True,05:23:41.790000
Sat_01154,Pak 'n Save Royal Oak;Four Square Remuera;Four Square Eden Terrace;Pak 'n Save Mt Albert,4,13,17761.39,1190.0,True,True,04:56:01.390000
Sat_01155,Four Square Remuera;Pak 'n Save Sylvia Park;Four Square Eden Terrace;Pak 'n Save Mt Albert,4,13,19012.57,1500.0,True,True,05:16:52.570000
Sat_01156,Four Square Remuera;Pak 'n Save Glen Innes;Four Square Eden Terrace,3,8,13735.77,839.41,True,False,03:48:55.770000
Sat_01157,Pak 'n Save Royal Oak;Pak 'n Save Glen Innes;Four Square Remuera;Four Square Eden Terrace,4,14,19961.48,1500.0,True,True,05:32:41.480000
Sat_01158,Pak 'n Save Sylvia Park;Pak 'n Save Glen Innes;Four Square Remuera;Four Square Eden Terrace,4,14,20560.03,1500.0,True,True,05:42:40.030000
Sat_01159,Pak 'n Save Royal Oak;Four Square Remuera;Four Square Eden Terrace,3,8,12075.37,737.94,False,False,03:21:15.370000
Sat_01160,Pak 'n Save Royal Oak;Pak 'n Save Sylvia Park;Four Square Remuera;Four Square Eden Terrace,4,14,19612.23,1500.0,True,True,05:26:52.230000
Sat_01161,Four Square Remuera;Pak 'n Save Sylvia Park;Four Square Eden Terrace,3,8,13326.55,814.4,True,False,03:42:06.550000
Sat_01162,Four Square Eden Terrace;New World Metro Queen St,2,3,6315.17,385.93,False,False,01:45:15.170000
Sat_01163,New World Remuera;New World Metro Queen St;Four Square Eden Terrace,3,5,9504.13,580.81,False,False,02:38:24.130000
Sat_01164,New World Remuera;New World Eastridge;New World Metro Queen St;Four Square Eden Terrace,4,8,13528.53,826.74,True,False,03:45:28.530000
Sat_01165,New World Mt Albert;Four Square Eden Terrace;New World Remuera;New World Eastridge;New World Metro Queen St,5,11,16880.27,1190.0,True,True,04:41:20.270000
Sat_01166,New World Newmarket;New World Remuera;New World Eastridge;New World Metro Queen St;Four Square Eden Terrace,5,11,16947.61,1190.0,True,True,04:42:27.610000
Sat_01167,New World Remuera;New World Eastridge;New World Metro Queen St;Four Square Eden Terrace;New World Point Chevalier,5,11,17159.42,1190.0,True,True,04:45:59.420000
Sat_01168,New World Remuera;New World Stonefields;New World Eastridge;New World Metro Queen St;Four Square Eden Terrace,5,11,17406.94,1190.0,True,True,04:50:06.940000
Sat_01169,Four Square Eden Terrace;New World Remuera;New World Eastridge;New World Metro Queen St;New World Victoria Park,5,11,17110.98,1190.0,True,True,04:45:10.980000
Sat_01170,New World Remuera;New World Eastridge;New World Metro Queen St;Four Square Eden Terrace;Pak 'n Save Mt Albert,5,13,19214.55,1500.0,True,True,05:20:14.550000
Sat_01171,New World Remuera;Pak 'n Save Glen Innes;New World Eastridge;New World Metro Queen St;Four Square Eden Terrace,5,14,20840.28,1500.0,True,True,05:47:20.280000
Sat_01172,Pak 'n Save Royal Oak;New World Remuera;New World Eastridge;New World Metro Queen St;Four Square Eden Terrace,5,14,19885.58,1500.0,True,True,05:31:25.580000
Sat_01173,New World Remuera;Pak 'n Save Sylvia Park;New World Eastridge;New World Metro Queen St;Four Square Eden Terrace,5,14,21149.77,1500.0,True,True,05:52:29.770000
Sat_01174,New World Mt Albert;Four Square Eden Terrace;New World Metro Queen St;New World Remuera,4,8,12818.77,783.37,True,False,03:33:38.770000
Sat_01175,New World Mt Albert;Four Square Eden Terrace;New World Metro Queen St;New World Remuera;New World New Lynn,5,11,16983.12,1190.0,True,True,04:43:03.120000
Sat_01176,New World Mt Albert;Four Square Eden Terrace;New World Metro Queen St;New World Remuera;New World Newmarket,5,11,16196.75,1190.0,True,True,04:29:56.750000
Sat_01177,New World Mt Albert;Four Square Eden Terrace;New World Metro Queen St;New World Remuera;New World Point Chevalier,5,11,16449.66,1190.0,True,True,04:34:09.660000
Sat_01178,New World Mt Albert;Four Square Eden Terrace;New World Metro Queen St;New World Remuera;New World Stonefields,5,11,16940.09,1190.0,True,True,04:42:20.090000
Sat_01179,New World Mt Albert;New World Victoria Park;New World Metro Queen St;New World Remuera;Four Square Eden Terrace,5,11,16342.15,1190.0,True,True,04:32:22.150000
Sat_01180,New World Mt Albert;Four Square Eden Terrace;New World Metro Queen St;New World Remuera;Pak 'n Save Mt Albert,5,13,18504.8,1500.0,True,True,05:08:24.800000
Sat_01181,New World Mt Albert;Four Square Eden Terrace;New World Metro Queen St;New World Remuera;Pak 'n Save Royal Oak,5,14,19247.59,1500.0,True,True,05:20:47.590000
Sat_01182,New World Mt Albert;Four Square Eden Terrace;New World Metro Queen St;New World Remuera;Pak 'n Save Sylvia Park,5,14,20359.24,1500.0,True,True,05:39:19.240000
Sat_01183,New World Remuera;New World Newmarket;New World Metro Queen St;Four Square Eden Terrace,4,8,12882.11,787.24,True,False,03:34:42.110000
Sat_01184,New World Remuera;New World Newmarket;New World Metro Queen St;Four Square Eden Terrace;New World Point Chevalier,5,11,16513.0,1190.0,True,True,04:35:13
Sat_01185,New World Newmarket;New World Remuera;New World Stonefields;New World Metro Queen St;Four Square Eden Terrace,5,11,17044.52,1190.0,True,True,04:44:04.520000
Sat_01186,New World Victoria Park;New World Metro Queen St;New World Remuera;New World Newmarket;Four Square Eden Terrace,5,11,16402.88,1190.0,True,True,04:33:22.880000
Sat_01187,New World Remuera;New World Newmarket;New World Metro Queen St;Four Square Eden Terrace;Pak 'n Save Mt Albert,5,13,18568.13,1500.0,True,True,05:09:28.130000
Sat_01188,Pak 'n Save Royal Oak;New World Remuera;New World Newmarket;New World Metro Queen St;Four Square Eden Terrace,5,14,19239.16,1500.0,True,True,05:20:39.160000
Sat_01189,New World Newmarket;New World Remuera;Pak 'n Save Sylvia Park;New World Metro Queen St;Four Square Eden Terrace,5,14,20463.68,1500.0,True,True,05:41:03.680000
Sat_01190,New World Remuera;New World Metro Queen St;Four Square Eden Terrace;New World Point Chevalier,4,8,13135.02,802.7,True,False,03:38:55.020000
Sat_01191,New World Remuera;New World Stonefields;New World Metro Queen St;Four Square Eden Terrace;New World Point Chevalier,5,11,17256.33,1190.0,True,True,04:47:36.330000
Sat_01192,New World Victoria Park;New World Metro Queen St;New World Remuera;Four Square Eden Terrace;New World Point Chevalier,5,11,16655.79,1190.0,True,True,04:37:35.790000
Sat_01193,Pak 'n Save Mt Albert;New World Point Chevalier;New World Remuera;New World Metro Queen St;Four Square Eden Terrace,5,13,18598.98,1500.0,True,True,05:09:58.980000
Sat_01194,Pak 'n Save Royal Oak;New World Remuera;New World Metro Queen St;Four Square Eden Terrace;New World Point Chevalier,5,14,19492.07,1500.0,True,True,05:24:52.070000
Sat_01195,New World Remuera;Pak 'n Save Sylvia Park;New World Metro Queen St;Four Square Eden Terrace;New World Point Chevalier,5,14,20675.49,1500.0,True,True,05:44:35.490000
Sat_01196,New World Remuera;New World Stonefields;New World Metro Queen St;Four Square Eden Terrace,4,8,13625.44,832.67,True,False,03:47:05.440000
Sat_01197,New World Victoria Park;New World Metro Queen St;New World Remuera;New World Stonefields;Four Square Eden Terrace,5,11,17146.22,1190.0,True,True,04:45:46.220000
Sat_01198,New World Remuera;New World Stonefields;New World Metro Queen St;Four Square Eden Terrace;Pak 'n Save Mt Albert,5,13,19311.46,1500.0,True,True,05:21:51.460000
Sat_01199,New World Remuera;New World Stonefields;Pak 'n Save Glen Innes;New World Metro Queen St;Four Square Eden Terrace,5,14,20927.01,1500.0,True,True,05:48:47.010000
Sat_01200,Pak 'n Save Royal Oak;New World Stonefields;New World Remuera;New World Metro Queen St;Four Square Eden Terrace,5,14,19943.74,1500.0,True,True,05:32:23.740000
Sat_01201,New World Remuera;New World Stonefields;Pak 'n Save Sylvia Park;New World Metro Queen St;Four Square Eden Terrace,5,14,20651.55,1500.0,True,True,05:44:11.550000
Sat_01202,New World Victoria Park;New World Metro Queen St;New World Remuera;Four Square Eden Terrace,4,8,13024.9,795.97,True,False,03:37:04.900000
Sat_01203,Pak 'n Save Mt Albert;New World Victoria Park;New World Metro Queen St;New World Remuera;Four Square Eden Terrace,5,13,18633.98,1500.0,True,True,05:10:33.980000
Sat_01204,Pak 'n Save Royal Oak;New World Remuera;Four Square Eden Terrace;New World Metro Queen St;New World Victoria Park,5,14,19441.17,1500.0,True,True,05:24:01.170000
Sat_01205,New World Victoria Park;New World Metro Queen St;New World Remuera;Pak 'n Save Sylvia Park;Four Square Eden Terrace,5,14,20565.37,1500.0,True,True,05:42:45.370000
Sat_01206,New World Remuera;New World Metro Queen St;Four Square Eden Terrace;Pak 'n Save Mt Albert,4,10,15190.15,1190.0,True,True,04:13:10.150000
Sat_01207,Pak 'n Save Royal Oak;New World Remuera;New World Metro Queen St;Four Square Eden Terrace;Pak 'n Save Mt Albert,5,16,21547.2,1500.0,True,True,05:59:07.200000
Sat_01208,New World Remuera;Pak 'n Save Sylvia Park;New World Metro Queen St;Four Square Eden Terrace;Pak 'n Save Mt Albert,5,16,22730.62,1810.0,True,True,06:18:50.620000
Sat_01209,Pak 'n Save Royal Oak;New World Remuera;New World Metro Queen St;Four Square Eden Terrace,4,11,15861.18,1190.0,True,True,04:24:21.180000
Sat_01210,New World Remuera;Pak 'n Save Sylvia Park;New World Metro Queen St;Four Square Eden Terrace,4,11,17044.6,1190.0,True,True,04:44:04.600000
Sat_01211,New World Mt Albert;Four Square Eden Terrace;New World Metro Queen St,3,6,9618.35,587.79,False,False,02:40:18.350000
Sat_01212,New World Mt Albert;Four Square Eden Terrace;New World Metro Queen St;New World New Lynn,4,9,13782.7,842.28,True,False,03:49:42.700000
Sat_01213,New World Mt Albert;Four Square Eden Terrace;New World Metro Queen St;New World Newmarket;New World New Lynn,5,12,17567.59,1190.0,True,True,04:52:47.590000
Sat_01214,New World Mt Albert;Four Square Eden Terrace;New World Metro Queen St;New World Point Chevalier;New World New Lynn,5,12,17234.18,1190.0,True,True,04:47:14.180000
Sat_01215,New World Mt Albert;New World Victoria Park;New World Metro Queen St;Four Square Eden Terrace;New World New Lynn,5,12,17312.29,1190.0,True,True,04:48:32.290000
Sat_01216,New World New Lynn;Pak 'n Save Mt Albert;New World Mt Albert;Four Square Eden Terrace;New World Metro Queen St,5,14,19234.87,1500.0,True,True,05:20:34.870000
Sat_01217,Pak 'n Save Royal Oak;New World Metro Queen St;Four Square Eden Terrace;New World Mt Albert;New World New Lynn,5,15,20751.39,1500.0,True,True,05:45:51.390000
Sat_01218,New World Mt Albert;Four Square Eden Terrace;New World Metro Queen St;New World Newmarket,4,9,13403.24,819.09,True,False,03:43:23.240000
Sat_01219,New World Mt Albert;Four Square Eden Terrace;New World Metro Queen St;New World Newmarket;New World Point Chevalier,5,12,17034.13,1190.0,True,True,04:43:54.130000
Sat_01220,New World Mt Albert;Four Square Eden Terrace;New World Metro Queen St;New World Newmarket;New World Stonefields,5,12,18060.66,1500.0,True,True,05:01:00.660000
Sat_01221,New World Mt Albert;New World Victoria Park;New World Metro Queen St;New World Newmarket;Four Square Eden Terrace,5,12,16926.62,1190.0,True,True,04:42:06.620000
Sat_01222,New World Mt Albert;Four Square Eden Terrace;New World Metro Queen St;New World Newmarket;Pak 'n Save Mt Albert,5,14,19089.27,1500.0,True,True,05:18:09.270000
Sat_01223,Pak 'n Save Royal Oak;New World Newmarket;New World Metro Queen St;Four Square Eden Terrace;New World Mt Albert,5,15,20036.77,1500.0,True,True,05:33:56.770000
Sat_01224,New World Mt Albert;Four Square Eden Terrace;New World Metro Queen St;New World Newmarket;Pak 'n Save Sylvia Park,5,15,21298.86,1500.0,True,True,05:54:58.860000
Sat_01225,New World Mt Albert;Four Square Eden Terrace;New World Metro Queen St;New World Point Chevalier,4,9,13249.24,809.68,True,False,03:40:49.240000
Sat_01226,New World Mt Albert;New World Victoria Park;New World Metro Queen St;Four Square Eden Terrace;New World Point Chevalier,5,12,16778.84,1190.0,True,True,04:39:38.840000
Sat_01227,New World Mt Albert;Four Square Eden Terrace;New World Metro Queen St;New World Point Chevalier;Pak 'n Save Mt Albert,5,14,18738.59,1500.0,True,True,05:12:18.590000
Sat_01228,Pak 'n Save Royal Oak;New World Metro Queen St;Four Square Eden Terrace;New World Point Chevalier;New World Mt Albert,5,15,20143.31,1500.0,True,True,05:35:43.310000
Sat_01229,New World Mt Albert;New World Victoria Park;New World Metro Queen St;Four Square Eden Terrace,4,9,13147.95,803.49,True,False,03:39:07.950000
Sat_01230,New World Mt Albert;New World Victoria Park;New World Metro Queen St;Four Square Eden Terrace;Pak 'n Save Mt Albert,5,14,18833.97,1500.0,True,True,05:13:53.970000
Sat_01231,Pak 'n Save Royal Oak;Four Square Eden Terrace;New World Metro Queen St;New World Victoria Park;New World Mt Albert,5,15,20129.4,1500.0,True,True,05:35:29.400000
Sat_01232,New World Mt Albert;Four Square Eden Terrace;New World Metro Queen St;Pak 'n Save Mt Albert,4,11,15304.38,1190.0,True,True,04:15:04.380000
Sat_01233,Pak 'n Save Royal Oak;New World Metro Queen St;Four Square Eden Terrace;New World Mt Albert,4,12,16549.41,1190.0,True,True,04:35:49.410000
Sat_01234,New World Newmarket;New World Metro Queen St;Four Square Eden Terrace,3,6,10088.61,616.53,False,False,02:48:08.610000
Sat_01235,New World Newmarket;New World Metro Queen St;Four Square Eden Terrace;New World Point Chevalier,4,9,13719.5,838.41,True,False,03:48:39.500000
Sat_01236,New World Newmarket;New World Stonefields;New World Metro Queen St;Four Square Eden Terrace;New World Point Chevalier,5,12,18376.91,1500.0,True,True,05:06:16.910000
Sat_01237,New World Victoria Park;New World Metro Queen St;New World Newmarket;Four Square Eden Terrace;New World Point Chevalier,5,12,17240.26,1190.0,True,True,04:47:20.260000
Sat_01238,Pak 'n Save Mt Albert;New World Point Chevalier;New World Newmarket;New World Metro Queen St;Four Square Eden Terrace,5,14,19183.45,1500.0,True,True,05:19:43.450000
Sat_01239,Pak 'n Save Royal Oak;New World Newmarket;New World Metro Queen St;Four Square Eden Terrace;New World Point Chevalier,5,15,20266.32,1500.0,True,True,05:37:46.320000
Sat_01240,New World Newmarket;Pak 'n Save Sylvia Park;New World Metro Queen St;Four Square Eden Terrace;New World Point Chevalier,5,15,21615.12,1810.0,True,True,06:00:15.120000
Sat_01241,New World Newmarket;New World Stonefields;New World Metro Queen St;Four Square Eden Terrace,4,9,14746.02,1190.0,True,True,04:05:46.020000
Sat_01242,New World Victoria Park;New World Metro Queen St;New World Newmarket;New World Stonefields;Four Square Eden Terrace,5,12,18266.79,1500.0,True,True,05:04:26.790000
Sat_01243,New World Newmarket;New World Stonefields;New World Metro Queen St;Four Square Eden Terrace;Pak 'n Save Mt Albert,5,14,20432.04,1500.0,True,True,05:40:32.040000
Sat_01244,New World Newmarket;New World Stonefields;Pak 'n Save Glen Innes;New World Metro Queen St;Four Square Eden Terrace,5,15,22047.59,1810.0,True,True,06:07:27.590000
Sat_01245,Pak 'n Save Royal Oak;New World Stonefields;New World Newmarket;New World Metro Queen St;Four Square Eden Terrace,5,15,21092.66,1500.0,True,True,05:51:32.660000
Sat_01246,New World Newmarket;Pak 'n Save Sylvia Park;New World Stonefields;New World Metro Queen St;Four Square Eden Terrace,5,15,21766.67,1810.0,True,True,06:02:46.670000
Sat_01247,New World Victoria Park;New World Metro Queen St;New World Newmarket;Four Square Eden Terrace,4,9,13609.37,831.68,True,False,03:46:49.370000
Sat_01248,Pak 'n Save Mt Albert;New World Victoria Park;New World Metro Queen St;New World Newmarket;Four Square Eden Terrace,5,14,19218.45,1500.0,True,True,05:20:18.450000
Sat_01249,Pak 'n Save Royal Oak;New World Newmarket;Four Square Eden Terrace;New World Metro Queen St;New World Victoria Park,5,15,20215.42,1500.0,True,True,05:36:55.420000
Sat_01250,New World Victoria Park;New World Metro Queen St;New World Newmarket;Pak 'n Save Sylvia Park;Four Square Eden Terrace,5,15,21504.99,1500.0,True,True,05:58:24.990000
Sat_01251,New World Newmarket;New World Metro Queen St;Four Square Eden Terrace;Pak 'n Save Mt Albert,4,11,15774.63,1190.0,True,True,04:22:54.630000
Sat_01252,Pak 'n Save Royal Oak;New World Newmarket;New World Metro Queen St;Four Square Eden Terrace,4,12,16635.43,1190.0,True,True,04:37:15.430000
Sat_01253,New World Newmarket;Pak 'n Save Sylvia Park;New World Metro Queen St;Four Square Eden Terrace,4,12,17984.23,1190.0,True,True,04:59:44.230000
Sat_01254,Four Square Eden Terrace;New World Metro Queen St;New World Point Chevalier,3,6,9946.06,607.81,False,False,02:45:46.060000
Sat_01255,New World Victoria Park;New World Metro Queen St;Four Square Eden Terrace;New World Point Chevalier,4,9,13461.59,822.65,True,False,03:44:21.590000
Sat_01256,Pak 'n Save Mt Albert;New World Point Chevalier;New World Victoria Park;New World Metro Queen St;Four Square Eden Terrace,5,14,18925.54,1500.0,True,True,05:15:25.540000
Sat_01257,Pak 'n Save Royal Oak;Four Square Eden Terrace;New World Metro Queen St;New World Victoria Park;New World Point Chevalier,5,15,20358.95,1500.0,True,True,05:39:18.950000
Sat_01258,Pak 'n Save Mt Albert;New World Point Chevalier;Four Square Eden Terrace;New World Metro Queen St,4,11,15410.01,1190.0,True,True,04:16:50.010000
Sat_01259,Pak 'n Save Royal Oak;New World Metro Queen St;Four Square Eden Terrace;New World Point Chevalier,4,12,16778.96,1190.0,True,True,04:39:38.960000
Sat_01260,New World Victoria Park;New World Metro Queen St;Four Square Eden Terrace,3,6,9830.7,600.76,False,False,02:43:50.700000
Sat_01261,Pak 'n Save Mt Albert;New World Victoria Park;New World Metro Queen St;Four Square Eden Terrace,4,11,15439.78,1190.0,True,True,04:17:19.780000
Sat_01262,Pak 'n Save Royal Oak;Four Square Eden Terrace;New World Metro Queen St;New World Victoria Park,4,12,16728.06,1190.0,True,True,04:38:48.060000
Sat_01263,Pak 'n Save Mt Albert;Four Square Eden Terrace;New World Metro Queen St,3,8,11990.47,732.75,False,False,03:19:50.470000
Sat_01264,Pak 'n Save Royal Oak;New World Metro Queen St;Four Square Eden Terrace,3,9,13148.07,803.49,True,False,03:39:08.070000
Sat_01265,New World Remuera;Four Square Eden Terrace,2,3,6687.61,408.69,False,False,01:51:27.610000
Sat_01266,Four Square Eden Terrace;New World Remuera;New World Eastridge,3,6,11027.19,673.88,False,False,03:03:47.190000
Sat_01267,New World Mt Albert;Four Square Eden Terrace;New World Remuera;New World Eastridge,4,9,14330.37,875.74,True,False,03:58:50.370000
Sat_01268,New World Mt Albert;Four Square Eden Terrace;New World Remuera;New World Eastridge;New World New Lynn,5,12,18494.71,1500.0,True,True,05:08:14.710000
Sat_01269,New World Mt Albert;Four Square Eden Terrace;New World Newmarket;New World Remuera;New World Eastridge,5,12,17749.45,1190.0,True,True,04:55:49.450000
Sat_01270,New World Mt Albert;Four Square Eden Terrace;New World Remuera;New World Eastridge;New World Point Chevalier,5,12,17961.26,1190.0,True,True,04:59:21.260000
Sat_01271,New World Mt Albert;Four Square Eden Terrace;New World Remuera;New World Stonefields;New World Eastridge,5,12,18208.78,1500.0,True,True,05:03:28.780000
Sat_01272,New World Mt Albert;New World Victoria Park;Four Square Eden Terrace;New World Remuera;New World Eastridge,5,12,18314.65,1500.0,True,True,05:05:14.650000
Sat_01273,New World Mt Albert;Four Square Eden Terrace;New World Remuera;New World Eastridge;Pak 'n Save Mt Albert,5,14,20016.39,1500.0,True,True,05:33:36.390000
Sat_01274,New World Mt Albert;Four Square Eden Terrace;New World Remuera;Pak 'n Save Glen Innes;New World Eastridge,5,15,21642.12,1810.0,True,True,06:00:42.120000
Sat_01275,Pak 'n Save Royal Oak;New World Remuera;New World Eastridge;Four Square Eden Terrace;New World Mt Albert,5,15,20865.73,1500.0,True,True,05:47:45.730000
Sat_01276,New World Mt Albert;Four Square Eden Terrace;Pak 'n Save Sylvia Park;New World Eastridge;New World Remuera,5,15,21898.56,1810.0,True,True,06:04:58.560000
Sat_01277,New World Remuera;New World Eastridge;New World Newmarket;Four Square Eden Terrace,4,9,14425.02,1190.0,True,True,04:00:25.020000
Sat_01278,New World Remuera;New World Eastridge;New World Newmarket;Four Square Eden Terrace;New World Point Chevalier,5,12,18055.91,1500.0,True,True,05:00:55.910000
Sat_01279,New World Remuera;New World Stonefields;New World Eastridge;New World Newmarket;Four Square Eden Terrace,5,12,18303.43,1500.0,True,True,05:05:03.430000
Sat_01280,New World Victoria Park;Four Square Eden Terrace;New World Newmarket;New World Remuera;New World Eastridge,5,12,18416.48,1500.0,True,True,05:06:56.480000
Sat_01281,New World Remuera;New World Eastridge;New World Newmarket;Four Square Eden Terrace;Pak 'n Save Mt Albert,5,14,20111.04,1500.0,True,True,05:35:11.040000
Sat_01282,New World Remuera;Pak 'n Save Glen Innes;New World Eastridge;New World Newmarket;Four Square Eden Terrace,5,15,21736.77,1810.0,True,True,06:02:16.770000
Sat_01283,Pak 'n Save Royal Oak;New World Remuera;New World Eastridge;New World Newmarket;Four Square Eden Terrace,5,15,20782.07,1500.0,True,True,05:46:22.070000
Sat_01284,Pak 'n Save Sylvia Park;New World Eastridge;New World Remuera;New World Newmarket;Four Square Eden Terrace,5,15,21918.58,1810.0,True,True,06:05:18.580000
Sat_01285,Four Square Eden Terrace;New World Remuera;New World Eastridge;New World Point Chevalier,4,9,14658.08,1190.0,True,True,04:04:18.080000
Sat_01286,Four Square Eden Terrace;New World Remuera;New World Stonefields;New World Eastridge;New World Point Chevalier,5,12,18536.49,1500.0,True,True,05:08:56.490000
Sat_01287,New World Victoria Park;Four Square Eden Terrace;New World Remuera;New World Eastridge;New World Point Chevalier,5,12,18628.29,1500.0,True,True,05:10:28.290000
Sat_01288,Pak 'n Save Mt Albert;New World Point Chevalier;Four Square Eden Terrace;New World Remuera;New World Eastridge,5,14,20122.03,1500.0,True,True,05:35:22.030000
Sat_01289,Four Square Eden Terrace;New World Remuera;Pak 'n Save Glen Innes;New World Eastridge;New World Point Chevalier,5,15,21969.83,1810.0,True,True,06:06:09.830000
Sat_01290,Pak 'n Save Royal Oak;New World Remuera;New World Eastridge;Four Square Eden Terrace;New World Point Chevalier,5,15,21095.28,1500.0,True,True,05:51:35.280000
Sat_01291,Pak 'n Save Sylvia Park;New World Eastridge;New World Remuera;Four Square Eden Terrace;New World Point Chevalier,5,15,22171.49,1810.0,True,True,06:09:31.490000
Sat_01292,Four Square Eden Terrace;New World Remuera;New World Stonefields;New World Eastridge,4,9,14905.6,1190.0,True,True,04:08:25.600000
Sat_01293,New World Victoria Park;Four Square Eden Terrace;New World Remuera;New World Stonefields;New World Eastridge,5,12,18875.81,1500.0,True,True,05:14:35.810000
Sat_01294,Pak 'n Save Mt Albert;Four Square Eden Terrace;New World Remuera;New World Stonefields;New World Eastridge,5,14,20580.9,1500.0,True,True,05:43:00.900000
Sat_01295,Four Square Eden Terrace;New World Remuera;New World Stonefields;Pak 'n Save Glen Innes;New World Eastridge,5,15,21773.87,1810.0,True,True,06:02:53.870000
Sat_01296,Pak 'n Save Royal Oak;New World Stonefields;New World Eastridge;New World Remuera;Four Square Eden Terrace,5,15,21197.13,1500.0,True,True,05:53:17.130000
Sat_01297,New World Remuera;New World Eastridge;New World Stonefields;Pak 'n Save Sylvia Park;Four Square Eden Terrace,5,15,21997.7,1810.0,True,True,06:06:37.700000
Sat_01298,New World Victoria Park;Four Square Eden Terrace;New World Remuera;New World Eastridge,4,9,14997.4,1190.0,True,True,04:09:57.400000
Sat_01299,Pak 'n Save Mt Albert;New World Victoria Park;Four Square Eden Terrace;New World Remuera;New World Eastridge,5,14,20606.48,1500.0,True,True,05:43:26.480000
Sat_01300,New World Victoria Park;Four Square Eden Terrace;New World Remuera;Pak 'n Save Glen Innes;New World Eastridge,5,15,22309.15,1810.0,True,True,06:11:49.150000
Sat_01301,Pak 'n Save Royal Oak;New World Remuera;New World Eastridge;Four Square Eden Terrace;New World Victoria Park,5,15,21468.43,1500.0,True,True,05:57:48.430000
Sat_01302,Pak 'n Save Sylvia Park;New World Eastridge;New World Remuera;Four Square Eden Terrace;New World Victoria Park,5,15,22544.64,1810.0,True,True,06:15:44.640000
Sat_01303,Pak 'n Save Mt Albert;Four Square Eden Terrace;New World Remuera;New World Eastridge,4,11,16702.49,1190.0,True,True,04:38:22.490000
Sat_01304,Four Square Eden Terrace;New World Remuera;Pak 'n Save Glen Innes;New World Eastridge,4,12,18338.94,1500.0,True,True,05:05:38.940000
Sat_01305,Pak 'n Save Royal Oak;New World Remuera;New World Eastridge;Four Square Eden Terrace,4,12,17464.39,1190.0,True,True,04:51:04.390000
Sat_01306,Pak 'n Save Sylvia Park;New World Eastridge;New World Remuera;Four Square Eden Terrace,4,12,18540.6,1500.0,True,True,05:09:00.600000
Sat_01307,New World Mt Albert;Four Square Eden Terrace;New World Remuera,3,6,10045.57,613.9,False,False,02:47:25.570000
Sat_01308,New World Mt Albert;Four Square Eden Terrace;New World Remuera;New World New Lynn,4,9,14209.92,868.38,True,False,03:56:49.920000
Sat_01309,New World Mt Albert;Four Square Eden Terrace;New World Remuera;New World Newmarket;New World New Lynn,5,12,17587.9,1190.0,True,True,04:53:07.900000
Sat_01310,New World Mt Albert;Four Square Eden Terrace;New World Remuera;New World Point Chevalier;New World New Lynn,5,12,17661.4,1190.0,True,True,04:54:21.400000
Sat_01311,New World Mt Albert;Four Square Eden Terrace;New World Remuera;New World Stonefields;New World New Lynn,5,12,18331.23,1500.0,True,True,05:05:31.230000
Sat_01312,New World New Lynn;Pak 'n Save Mt Albert;New World Mt Albert;Four Square Eden Terrace;New World Remuera,5,14,19662.09,1500.0,True,True,05:27:42.090000
Sat_01313,Pak 'n Save Royal Oak;New World Remuera;Four Square Eden Terrace;New World Mt Albert;New World New Lynn,5,15,20647.98,1500.0,True,True,05:44:07.980000
Sat_01314,New World Mt Albert;Four Square Eden Terrace;New World Remuera;New World Newmarket,4,9,13423.55,820.33,True,False,03:43:43.550000
Sat_01315,New World Mt Albert;New World Point Chevalier;New World Remuera;New World Newmarket;Four Square Eden Terrace,5,12,17046.89,1190.0,True,True,04:44:06.890000
Sat_01316,New World Mt Albert;Four Square Eden Terrace;New World Newmarket;New World Remuera;New World Stonefields,5,12,17585.97,1190.0,True,True,04:53:05.970000
Sat_01317,New World Mt Albert;Four Square Eden Terrace;New World Remuera;New World Newmarket;New World Victoria Park,5,12,17373.4,1190.0,True,True,04:49:33.400000
Sat_01318,New World Mt Albert;Four Square Eden Terrace;New World Remuera;New World Newmarket;Pak 'n Save Mt Albert,5,14,19109.58,1500.0,True,True,05:18:29.580000
Sat_01319,Pak 'n Save Royal Oak;New World Remuera;New World Newmarket;Four Square Eden Terrace;New World Mt Albert,5,15,19823.98,1500.0,True,True,05:30:23.980000
Sat_01320,New World Mt Albert;Four Square Eden Terrace;New World Newmarket;New World Remuera;Pak 'n Save Sylvia Park,5,15,21005.12,1500.0,True,True,05:50:05.120000
Sat_01321,New World Mt Albert;New World Point Chevalier;New World Remuera;Four Square Eden Terrace,4,9,13668.91,835.32,True,False,03:47:48.910000
Sat_01322,New World Mt Albert;New World Point Chevalier;New World Remuera;New World Stonefields;Four Square Eden Terrace,5,12,17790.23,1190.0,True,True,04:56:30.230000
Sat_01323,New World Mt Albert;Four Square Eden Terrace;New World Remuera;New World Victoria Park;New World Point Chevalier,5,12,17626.31,1190.0,True,True,04:53:46.310000
Sat_01324,New World Mt Albert;Four Square Eden Terrace;New World Remuera;New World Point Chevalier;Pak 'n Save Mt Albert,5,14,19165.81,1500.0,True,True,05:19:25.810000
Sat_01325,Pak 'n Save Royal Oak;New World Remuera;Four Square Eden Terrace;New World Point Chevalier;New World Mt Albert,5,15,20039.9,1500.0,True,True,05:33:59.900000
Sat_01326,New World Mt Albert;New World Point Chevalier;New World Remuera;Pak 'n Save Sylvia Park;Four Square Eden Terrace,5,15,21209.38,1500.0,True,True,05:53:29.380000
Sat_01327,New World Mt Albert;Four Square Eden Terrace;New World Remuera;New World Stonefields,4,9,14166.89,865.75,True,False,03:56:06.890000
Sat_01328,New World Mt Albert;Four Square Eden Terrace;New World Remuera;New World Stonefields;New World Victoria Park,5,12,18116.73,1500.0,True,True,05:01:56.730000
Sat_01329,New World Mt Albert;Four Square Eden Terrace;New World Remuera;New World Stonefields;Pak 'n Save Mt Albert,5,14,19852.91,1500.0,True,True,05:30:52.910000
Sat_01330,New World Mt Albert;Four Square Eden Terrace;New World Remuera;New World Stonefields;Pak 'n Save Glen Innes,5,15,21709.69,1810.0,True,True,06:01:49.690000
Sat_01331,Pak 'n Save Royal Oak;New World Stonefields;New World Remuera;Four Square Eden Terrace;New World Mt Albert,5,15,20528.56,1500.0,True,True,05:42:08.560000
Sat_01332,New World Mt Albert;Four Square Eden Terrace;New World Remuera;New World Stonefields;Pak 'n Save Sylvia Park,5,15,21192.99,1500.0,True,True,05:53:12.990000
Sat_01333,New World Mt Albert;Four Square Eden Terrace;New World Remuera;New World Victoria Park,4,9,13995.42,855.28,True,False,03:53:15.420000
Sat_01334,New World Mt Albert;Four Square Eden Terrace;New World Remuera;New World Victoria Park;Pak 'n Save Mt Albert,5,14,19681.44,1500.0,True,True,05:28:01.440000
Sat_01335,Pak 'n Save Royal Oak;New World Remuera;Four Square Eden Terrace;New World Victoria Park;New World Mt Albert,5,15,20450.04,1500.0,True,True,05:40:50.040000
Sat_01336,New World Mt Albert;Four Square Eden Terrace;New World Remuera;Pak 'n Save Sylvia Park;New World Victoria Park,5,15,21535.89,1500.0,True,True,05:58:55.890000
Sat_01337,New World Mt Albert;Four Square Eden Terrace;New World Remuera;Pak 'n Save Mt Albert,4,11,15731.6,1190.0,True,True,04:22:11.600000
Sat_01338,Pak 'n Save Royal Oak;New World Remuera;Four Square Eden Terrace;New World Mt Albert,4,12,16446.0,1190.0,True,True,04:34:06
Sat_01339,New World Mt Albert;Four Square Eden Terrace;New World Remuera;Pak 'n Save Sylvia Park,4,12,17586.04,1190.0,True,True,04:53:06.040000
Sat_01340,New World Remuera;New World Newmarket;Four Square Eden Terrace,3,6,10065.59,615.12,False,False,02:47:45.590000
Sat_01341,New World Remuera;New World Newmarket;Four Square Eden Terrace;New World Point Chevalier,4,9,13696.48,837.01,True,False,03:48:16.480000
Sat_01342,New World Newmarket;New World Remuera;New World Stonefields;Four Square Eden Terrace;New World Point Chevalier,5,12,17858.9,1190.0,True,True,04:57:38.900000
Sat_01343,New World Remuera;New World Newmarket;Four Square Eden Terrace;New World Victoria Park;New World Point Chevalier,5,12,17700.52,1190.0,True,True,04:55:00.520000
Sat_01344,Pak 'n Save Mt Albert;New World Point Chevalier;New World Remuera;New World Newmarket;Four Square Eden Terrace,5,14,19160.44,1500.0,True,True,05:19:20.440000
Sat_01345,Pak 'n Save Royal Oak;New World Remuera;New World Newmarket;Four Square Eden Terrace;New World Point Chevalier,5,15,20053.53,1500.0,True,True,05:34:13.530000
Sat_01346,New World Newmarket;New World Remuera;Pak 'n Save Sylvia Park;Four Square Eden Terrace;New World Point Chevalier,5,15,21278.05,1500.0,True,True,05:54:38.050000
Sat_01347,New World Newmarket;New World Remuera;New World Stonefields;Four Square Eden Terrace,4,9,14228.01,869.49,True,False,03:57:08.010000
Sat_01348,New World Newmarket;New World Remuera;New World Stonefields;Four Square Eden Terrace;New World Victoria Park,5,12,18232.05,1500.0,True,True,05:03:52.050000
Sat_01349,New World Newmarket;New World Remuera;New World Stonefields;Four Square Eden Terrace;Pak 'n Save Mt Albert,5,14,19914.03,1500.0,True,True,05:31:54.030000
Sat_01350,New World Newmarket;New World Remuera;New World Stonefields;Pak 'n Save Glen Innes;Four Square Eden Terrace,5,15,21770.81,1810.0,True,True,06:02:50.810000
Sat_01351,Pak 'n Save Royal Oak;New World Stonefields;New World Remuera;New World Newmarket;Four Square Eden Terrace,5,15,20505.2,1500.0,True,True,05:41:45.200000
Sat_01352,New World Newmarket;New World Remuera;New World Stonefields;Pak 'n Save Sylvia Park;Four Square Eden Terrace,5,15,21254.11,1500.0,True,True,05:54:14.110000
Sat_01353,New World Remuera;New World Newmarket;Four Square Eden Terrace;New World Victoria Park,4,9,14069.63,859.81,True,False,03:54:29.630000
Sat_01354,Pak 'n Save Mt Albert;New World Victoria Park;Four Square Eden Terrace;New World Remuera;New World Newmarket,5,14,19699.66,1500.0,True,True,05:28:19.660000
Sat_01355,Pak 'n Save Royal Oak;New World Remuera;New World Newmarket;Four Square Eden Terrace;New World Victoria Park,5,15,20426.68,1500.0,True,True,05:40:26.680000
Sat_01356,New World Newmarket;New World Remuera;Pak 'n Save Sylvia Park;Four Square Eden Terrace;New World Victoria Park,5,15,21651.2,1810.0,True,True,06:00:51.200000
Sat_01357,New World Remuera;New World Newmarket;Four Square Eden Terrace;Pak 'n Save Mt Albert,4,11,15751.61,1190.0,True,True,04:22:31.610000
Sat_01358,Pak 'n Save Royal Oak;New World Remuera;New World Newmarket;Four Square Eden Terrace,4,12,16422.64,1190.0,True,True,04:33:42.640000
Sat_01359,New World Newmarket;New World Remuera;Pak 'n Save Sylvia Park;Four Square Eden Terrace,4,12,17647.16,1190.0,True,True,04:54:07.160000
Sat_01360,New World Remuera;Four Square Eden Terrace;New World Point Chevalier,3,6,10318.5,630.58,False,False,02:51:58.500000
Sat_01361,New World Remuera;New World Stonefields;Four Square Eden Terrace;New World Point Chevalier,4,9,14439.82,1190.0,True,True,04:00:39.820000
Sat_01362,New World Remuera;New World Stonefields;Four Square Eden Terrace;New World Victoria Park;New World Point Chevalier,5,12,18443.86,1500.0,True,True,05:07:23.860000
Sat_01363,Pak 'n Save Mt Albert;New World Point Chevalier;New World Remuera;New World Stonefields;Four Square Eden Terrace,5,14,19903.78,1500.0,True,True,05:31:43.780000
Sat_01364,New World Remuera;New World Stonefields;Pak 'n Save Glen Innes;Four Square Eden Terrace;New World Point Chevalier,5,15,21982.62,1810.0,True,True,06:06:22.620000
Sat_01365,Pak 'n Save Royal Oak;New World Stonefields;New World Remuera;Four Square Eden Terrace;New World Point Chevalier,5,15,20758.11,1500.0,True,True,05:45:58.110000
Sat_01366,New World Remuera;New World Stonefields;Pak 'n Save Sylvia Park;Four Square Eden Terrace;New World Point Chevalier,5,15,21465.92,1500.0,True,True,05:57:45.920000
Sat_01367,New World Remuera;Four Square Eden Terrace;New World Victoria Park;New World Point Chevalier,4,9,14322.54,875.27,True,False,03:58:42.540000
Sat_01368,Pak 'n Save Mt Albert;New World Point Chevalier;New World Remuera;Four Square Eden Terrace;New World Victoria Park,5,14,19786.5,1500.0,True,True,05:29:46.500000
Sat_01369,Pak 'n Save Royal Oak;New World Remuera;Four Square Eden Terrace;New World Victoria Park;New World Point Chevalier,5,15,20679.59,1500.0,True,True,05:44:39.590000
Sat_01370,New World Remuera;Pak 'n Save Sylvia Park;Four Square Eden Terrace;New World Victoria Park;New World Point Chevalier,5,15,21863.01,1810.0,True,True,06:04:23.010000
Sat_01371,Pak 'n Save Mt Albert;New World Point Chevalier;New World Remuera;Four Square Eden Terrace,4,11,15782.46,1190.0,True,True,04:23:02.460000
Sat_01372,Pak 'n Save Royal Oak;New World Remuera;Four Square Eden Terrace;New World Point Chevalier,4,12,16675.55,1190.0,True,True,04:37:55.550000
Sat_01373,New World Remuera;Pak 'n Save Sylvia Park;Four Square Eden Terrace;New World Point Chevalier,4,12,17858.97,1190.0,True,True,04:57:38.970000
Sat_01374,New World Remuera;New World Stonefields;Four Square Eden Terrace,3,6,10808.93,660.55,False,False,03:00:08.930000
Sat_01375,New World Remuera;New World Stonefields;Four Square Eden Terrace;New World Victoria Park,4,9,14812.97,1190.0,True,True,04:06:52.970000
Sat_01376,Pak 'n Save Mt Albert;New World Victoria Park;Four Square Eden Terrace;New World Remuera;New World Stonefields,5,14,20443.0,1500.0,True,True,05:40:43
Sat_01377,New World Remuera;New World Stonefields;Pak 'n Save Glen Innes;Four Square Eden Terrace;New World Victoria Park,5,15,22355.77,1810.0,True,True,06:12:35.770000
Sat_01378,Pak 'n Save Royal Oak;New World Stonefields;New World Remuera;Four Square Eden Terrace;New World Victoria Park,5,15,21131.26,1500.0,True,True,05:52:11.260000
Sat_01379,New World Remuera;New World Stonefields;Pak 'n Save Sylvia Park;Four Square Eden Terrace;New World Victoria Park,5,15,21839.07,1810.0,True,True,06:03:59.070000
Sat_01380,New World Remuera;New World Stonefields;Four Square Eden Terrace;Pak 'n Save Mt Albert,4,11,16494.95,1190.0,True,True,04:34:54.950000
Sat_01381,New World Remuera;New World Stonefields;Pak 'n Save Glen Innes;Four Square Eden Terrace,4,12,18351.73,1500.0,True,True,05:05:51.730000
Sat_01382,Pak 'n Save Royal Oak;New World Stonefields;New World Remuera;Four Square Eden Terrace,4,12,17127.22,1190.0,True,True,04:45:27.220000
Sat_01383,New World Remuera;New World Stonefields;Pak 'n Save Sylvia Park;Four Square Eden Terrace,4,12,17835.03,1190.0,True,True,04:57:15.030000
Sat_01384,New World Remuera;Four Square Eden Terrace;New World Victoria Park,3,6,10691.65,653.38,False,False,02:58:11.650000
Sat_01385,Pak 'n Save Mt Albert;New World Victoria Park;Four Square Eden Terrace;New World Remuera,4,11,16321.68,1190.0,True,True,04:32:01.680000
Sat_01386,Pak 'n Save Royal Oak;New World Remuera;Four Square Eden Terrace;New World Victoria Park,4,12,17048.7,1190.0,True,True,04:44:08.700000
Sat_01387,New World Remuera;Pak 'n Save Sylvia Park;Four Square Eden Terrace;New World Victoria Park,4,12,18232.12,1500.0,True,True,05:03:52.120000
Sat_01388,New World Remuera;Four Square Eden Terrace;Pak 'n Save Mt Albert,3,8,12373.63,756.17,False,False,03:26:13.630000
Sat_01389,New World Remuera;Pak 'n Save Sylvia Park;Four Square Eden Terrace;Pak 'n Save Mt Albert,4,14,19914.1,1500.0,True,True,05:31:54.100000
Sat_01390,Pak 'n Save Royal Oak;New World Remuera;Four Square Eden Terrace,3,9,13044.66,797.17,True,False,03:37:24.660000
Sat_01391,Pak 'n Save Royal Oak;New World Remuera;Pak 'n Save Sylvia Park;Four Square Eden Terrace,4,15,20585.13,1500.0,True,True,05:43:05.130000
Sat_01392,New World Remuera;Pak 'n Save Sylvia Park;Four Square Eden Terrace,3,9,14228.08,869.49,True,False,03:57:08.080000
Sat_01393,New World Mt Albert;Four Square Eden Terrace,2,4,6755.73,412.85,False,False,01:52:35.730000
Sat_01394,New World Mt Albert;Four Square Eden Terrace;New World New Lynn,3,7,10920.07,667.34,False,False,03:02:00.070000
Sat_01395,New World Mt Albert;Four Square Eden Terrace;New World Newmarket;New World Stonefields;New World New Lynn,5,13,19451.81,1500.0,True,True,05:24:11.810000
Sat_01396,New World Mt Albert;Four Square Eden Terrace;New World Newmarket;New World Victoria Park;New World New Lynn,5,13,18744.24,1500.0,True,True,05:12:24.240000
Sat_01397,New World New Lynn;Pak 'n Save Mt Albert;New World Mt Albert;Four Square Eden Terrace;New World Newmarket,5,15,20246.57,1500.0,True,True,05:37:26.570000
Sat_01398,Pak 'n Save Royal Oak;New World Newmarket;Four Square Eden Terrace;New World Mt Albert;New World New Lynn,5,16,21422.23,1500.0,True,True,05:57:02.230000
Sat_01399,New World Mt Albert;Four Square Eden Terrace;New World Point Chevalier;New World New Lynn,4,10,14371.56,878.26,True,False,03:59:31.560000
Sat_01400,New World Mt Albert;Four Square Eden Terrace;New World Point Chevalier;Pak 'n Save Mt Albert;New World New Lynn,5,15,19808.94,1500.0,True,True,05:30:08.940000
Sat_01401,Pak 'n Save Royal Oak;Four Square Eden Terrace;New World Point Chevalier;New World Mt Albert;New World New Lynn,5,16,21528.77,1500.0,True,True,05:58:48.770000
Sat_01402,New World New Lynn;Pak 'n Save Mt Albert;New World Mt Albert;New World Victoria Park;Four Square Eden Terrace,5,15,20356.53,1500.0,True,True,05:39:16.530000
Sat_01403,New World New Lynn;Pak 'n Save Mt Albert;New World Mt Albert;Four Square Eden Terrace,4,12,16372.25,1190.0,True,True,04:32:52.250000
Sat_01404,New World New Lynn;New World Mt Albert;Four Square Eden Terrace;Pak 'n Save Royal Oak,4,13,17932.57,1190.0,True,True,04:58:52.570000
Sat_01405,New World Mt Albert;Four Square Eden Terrace;New World Newmarket,3,7,10630.05,649.61,False,False,02:57:10.050000
Sat_01406,New World Mt Albert;New World Point Chevalier;New World Newmarket;Four Square Eden Terrace,4,10,14253.38,871.04,True,False,03:57:33.380000
Sat_01407,New World Mt Albert;New World Point Chevalier;New World Newmarket;New World Stonefields;Four Square Eden Terrace,5,13,18910.8,1500.0,True,True,05:15:10.800000
Sat_01408,New World Mt Albert;Four Square Eden Terrace;New World Newmarket;New World Victoria Park;New World Point Chevalier,5,13,18210.79,1500.0,True,True,05:03:30.790000
Sat_01409,New World Mt Albert;Four Square Eden Terrace;New World Newmarket;New World Point Chevalier;Pak 'n Save Mt Albert,5,15,19750.29,1500.0,True,True,05:29:10.290000
Sat_01410,Pak 'n Save Royal Oak;New World Newmarket;Four Square Eden Terrace;New World Point Chevalier;New World Mt Albert,5,16,20814.15,1500.0,True,True,05:46:54.150000
Sat_01411,New World Mt Albert;New World Point Chevalier;New World Newmarket;Pak 'n Save Sylvia Park;Four Square Eden Terrace,5,16,22149.0,1810.0,True,True,06:09:09
Sat_01412,New World Mt Albert;Four Square Eden Terrace;New World Newmarket;New World Stonefields,4,10,15287.47,1190.0,True,True,04:14:47.470000
Sat_01413,New World Mt Albert;Four Square Eden Terrace;New World Newmarket;New World Stonefields;New World Victoria Park,5,13,19237.31,1500.0,True,True,05:20:37.310000
Sat_01414,New World Mt Albert;Four Square Eden Terrace;New World Newmarket;New World Stonefields;Pak 'n Save Mt Albert,5,15,20973.49,1500.0,True,True,05:49:33.490000
Sat_01415,New World Mt Albert;Four Square Eden Terrace;New World Newmarket;New World Stonefields;Pak 'n Save Glen Innes,5,16,22830.27,1810.0,True,True,06:20:30.270000
Sat_01416,New World Mt Albert;Four Square Eden Terrace;New World Newmarket;Pak 'n Save Sylvia Park;New World Stonefields,5,16,22308.12,1810.0,True,True,06:11:48.120000
Sat_01417,New World Mt Albert;Four Square Eden Terrace;New World Newmarket;New World Victoria Park,4,10,14579.9,1190.0,True,True,04:02:59.900000
Sat_01418,New World Mt Albert;Four Square Eden Terrace;New World Newmarket;New World Victoria Park;Pak 'n Save Mt Albert,5,15,20265.92,1500.0,True,True,05:37:45.920000
Sat_01419,Pak 'n Save Royal Oak;New World Newmarket;Four Square Eden Terrace;New World Victoria Park;New World Mt Albert,5,16,21224.29,1500.0,True,True,05:53:44.290000
Sat_01420,New World Mt Albert;Four Square Eden Terrace;New World Newmarket;Pak 'n Save Sylvia Park;New World Victoria Park,5,16,22475.52,1810.0,True,True,06:14:35.520000
Sat_01421,New World Mt Albert;Four Square Eden Terrace;New World Newmarket;Pak 'n Save Mt Albert,4,12,16316.08,1190.0,True,True,04:31:56.080000
Sat_01422,Pak 'n Save Royal Oak;New World Newmarket;Four Square Eden Terrace;New World Mt Albert,4,13,17220.25,1190.0,True,True,04:47:00.250000
Sat_01423,New World Mt Albert;Four Square Eden Terrace;New World Point Chevalier,3,7,10386.62,634.74,False,False,02:53:06.620000
Sat_01424,New World Mt Albert;New World Victoria Park;Four Square Eden Terrace;New World Point Chevalier,4,10,14370.9,878.22,True,False,03:59:30.900000
Sat_01425,New World Mt Albert;New World Victoria Park;Four Square Eden Terrace;New World Point Chevalier;Pak 'n Save Mt Albert,5,15,19860.25,1500.0,True,True,05:31:00.250000
Sat_01426,Pak 'n Save Royal Oak;Four Square Eden Terrace;New World Victoria Park;New World Point Chevalier;New World Mt Albert,5,16,21330.83,1500.0,True,True,05:55:30.830000
Sat_01427,New World Mt Albert;Four Square Eden Terrace;New World Point Chevalier;Pak 'n Save Mt Albert,4,12,15875.97,1190.0,True,True,04:24:35.970000
Sat_01428,Pak 'n Save Royal Oak;Four Square Eden Terrace;New World Point Chevalier;New World Mt Albert,4,13,17326.79,1190.0,True,True,04:48:46.790000
Sat_01429,New World Mt Albert;New World Victoria Park;Four Square Eden Terrace,3,7,10740.01,656.33,False,False,02:59:00.010000
Sat_01430,New World Mt Albert;New World Victoria Park;Four Square Eden Terrace;Pak 'n Save Mt Albert,4,12,16426.03,1190.0,True,True,04:33:46.030000
Sat_01431,New World Mt Albert;New World Victoria Park;Four Square Eden Terrace;Pak 'n Save Royal Oak,4,13,17728.33,1190.0,True,True,04:55:28.330000
Sat_01432,New World Mt Albert;Four Square Eden Terrace;Pak 'n Save Mt Albert,3,9,12441.75,760.33,False,False,03:27:21.750000
Sat_01433,Pak 'n Save Royal Oak;Four Square Eden Terrace;New World Mt Albert,3,10,13732.89,839.23,True,False,03:48:52.890000
Sat_01434,New World Newmarket;Four Square Eden Terrace,2,4,7272.09,444.41,False,False,02:01:12.090000
Sat_01435,New World Newmarket;Four Square Eden Terrace;New World Point Chevalier,3,7,10902.98,666.29,False,False,03:01:42.980000
Sat_01436,New World Newmarket;New World Stonefields;Four Square Eden Terrace;New World Point Chevalier,4,10,15560.4,1190.0,True,True,04:19:20.400000
Sat_01437,New World Newmarket;New World Stonefields;Four Square Eden Terrace;New World Victoria Park;New World Point Chevalier,5,13,19564.44,1500.0,True,True,05:26:04.440000
Sat_01438,Pak 'n Save Mt Albert;New World Point Chevalier;New World Newmarket;New World Stonefields;Four Square Eden Terrace,5,15,21024.35,1500.0,True,True,05:50:24.350000
Sat_01439,New World Newmarket;New World Stonefields;Pak 'n Save Glen Innes;Four Square Eden Terrace;New World Point Chevalier,5,16,23103.2,1810.0,True,True,06:25:03.200000
Sat_01440,Pak 'n Save Royal Oak;New World Stonefields;New World Newmarket;Four Square Eden Terrace;New World Point Chevalier,5,16,21907.03,1810.0,True,True,06:05:07.030000
Sat_01441,New World Newmarket;Pak 'n Save Sylvia Park;New World Stonefields;Four Square Eden Terrace;New World Point Chevalier,5,16,22581.05,1810.0,True,True,06:16:21.050000
Sat_01442,New World Newmarket;Four Square Eden Terrace;New World Victoria Park;New World Point Chevalier,4,10,14907.02,1190.0,True,True,04:08:27.020000
Sat_01443,Pak 'n Save Mt Albert;New World Point Chevalier;New World Newmarket;Four Square Eden Terrace;New World Victoria Park,5,15,20370.97,1500.0,True,True,05:39:30.970000
Sat_01444,Pak 'n Save Royal Oak;New World Newmarket;Four Square Eden Terrace;New World Victoria Park;New World Point Chevalier,5,16,21453.84,1500.0,True,True,05:57:33.840000
Sat_01445,New World Newmarket;Pak 'n Save Sylvia Park;Four Square Eden Terrace;New World Victoria Park;New World Point Chevalier,5,16,22802.64,1810.0,True,True,06:20:02.640000
Sat_01446,Pak 'n Save Mt Albert;New World Point Chevalier;New World Newmarket;Four Square Eden Terrace,4,12,16366.93,1190.0,True,True,04:32:46.930000
Sat_01447,Pak 'n Save Royal Oak;New World Newmarket;Four Square Eden Terrace;New World Point Chevalier,4,13,17449.8,1190.0,True,True,04:50:49.800000
Sat_01448,New World Newmarket;Pak 'n Save Sylvia Park;Four Square Eden Terrace;New World Point Chevalier,4,13,18798.6,1500.0,True,True,05:13:18.600000
Sat_01449,New World Newmarket;New World Stonefields;Four Square Eden Terrace,3,7,11929.51,729.03,False,False,03:18:49.510000
Sat_01450,New World Newmarket;New World Stonefields;Four Square Eden Terrace;New World Victoria Park,4,10,15933.55,1190.0,True,True,04:25:33.550000
Sat_01451,Pak 'n Save Mt Albert;New World Victoria Park;Four Square Eden Terrace;New World Newmarket;New World Stonefields,5,15,21563.58,1500.0,True,True,05:59:23.580000
Sat_01452,New World Newmarket;New World Stonefields;Pak 'n Save Glen Innes;Four Square Eden Terrace;New World Victoria Park,5,16,23476.35,1810.0,True,True,06:31:16.350000
Sat_01453,Pak 'n Save Royal Oak;New World Stonefields;New World Newmarket;Four Square Eden Terrace;New World Victoria Park,5,16,22280.18,1810.0,True,True,06:11:20.180000
Sat_01454,New World Newmarket;Pak 'n Save Sylvia Park;New World Stonefields;Four Square Eden Terrace;New World Victoria Park,5,16,22954.2,1810.0,True,True,06:22:34.200000
Sat_01455,New World Newmarket;New World Stonefields;Four Square Eden Terrace;Pak 'n Save Mt Albert,4,12,17615.53,1190.0,True,True,04:53:35.530000
Sat_01456,New World Newmarket;New World Stonefields;Pak 'n Save Glen Innes;Four Square Eden Terrace,4,13,19472.31,1500.0,True,True,05:24:32.310000
Sat_01457,Pak 'n Save Royal Oak;New World Stonefields;New World Newmarket;Four Square Eden Terrace,4,13,18276.14,1500.0,True,True,05:04:36.140000
Sat_01458,New World Newmarket;Pak 'n Save Sylvia Park;New World Stonefields;Four Square Eden Terrace,4,13,18950.16,1500.0,True,True,05:15:50.160000
Sat_01459,New World Newmarket;Four Square Eden Terrace;New World Victoria Park,3,7,11276.13,689.1,False,False,03:07:56.130000
Sat_01460,Pak 'n Save Mt Albert;New World Victoria Park;Four Square Eden Terrace;New World Newmarket,4,12,16906.16,1190.0,True,True,04:41:46.160000
Sat_01461,Pak 'n Save Royal Oak;New World Newmarket;Four Square Eden Terrace;New World Victoria Park,4,13,17822.95,1190.0,True,True,04:57:02.950000
Sat_01462,New World Newmarket;Pak 'n Save Sylvia Park;Four Square Eden Terrace;New World Victoria Park,4,13,19171.75,1500.0,True,True,05:19:31.750000
Sat_01463,New World Newmarket;Four Square Eden Terrace;Pak 'n Save Mt Albert,3,9,12958.11,791.88,True,False,03:35:58.110000
Sat_01464,New World Newmarket;Pak 'n Save Sylvia Park;Four Square Eden Terrace;Pak 'n Save Mt Albert,4,15,20853.73,1500.0,True,True,05:47:33.730000
Sat_01465,Pak 'n Save Royal Oak;New World Newmarket;Four Square Eden Terrace,3,10,13818.91,844.49,True,False,03:50:18.910000
Sat_01466,Pak 'n Save Royal Oak;Pak 'n Save Sylvia Park;New World Newmarket;Four Square Eden Terrace,4,16,21516.16,1500.0,True,True,05:58:36.160000
Sat_01467,New World Newmarket;Pak 'n Save Sylvia Park;Four Square Eden Terrace,3,10,15167.71,1190.0,True,True,04:12:47.710000
Sat_01468,Four Square Eden Terrace;New World Point Chevalier,2,4,7083.44,432.88,False,False,01:58:03.440000
Sat_01469,New World Victoria Park;Four Square Eden Terrace;New World Point Chevalier,3,7,11053.65,675.5,False,False,03:04:13.650000
Sat_01470,Pak 'n Save Mt Albert;New World Point Chevalier;New World Victoria Park;Four Square Eden Terrace,4,12,16517.6,1190.0,True,True,04:35:17.600000
Sat_01471,Pak 'n Save Royal Oak;Four Square Eden Terrace;New World Victoria Park;New World Point Chevalier,4,13,17966.48,1190.0,True,True,04:59:26.480000
Sat_01472,Pak 'n Save Mt Albert;New World Point Chevalier;Four Square Eden Terrace,3,9,12547.39,766.78,False,False,03:29:07.390000
Sat_01473,Pak 'n Save Royal Oak;Four Square Eden Terrace;New World Point Chevalier,3,10,13962.44,853.26,True,False,03:52:42.440000
Sat_01474,New World Victoria Park;Four Square Eden Terrace,2,4,7422.76,453.61,False,False,02:03:42.760000
Sat_01475,Pak 'n Save Mt Albert;New World Victoria Park;Four Square Eden Terrace,3,9,13031.84,796.39,True,False,03:37:11.840000
Sat_01476,Pak 'n Save Royal Oak;Four Square Eden Terrace;New World Victoria Park,3,10,14335.59,876.06,True,False,03:58:55.590000
Sat_01477,Pak 'n Save Mt Albert;Four Square Eden Terrace,2,6,9127.85,557.81,False,False,02:32:07.850000
Sat_01478,Pak 'n Save Royal Oak;Four Square Eden Terrace,2,7,10331.55,631.37,False,False,02:52:11.550000
Sat_01479,Four Square Ellerslie,1,1,4480.42,273.8,False,False,01:14:40.420000
Sat_01480,Four Square Ellerslie;Four Square Onehunga,2,2,5203.02,317.96,False,False,01:26:43.020000
Sat_01481,Four Square Onehunga;Four Square Ellerslie;Four Square Remuera,3,3,6540.65,399.71,False,False,01:49:00.650000
Sat_01482,Four Square Onehunga;Four Square Ellerslie;Four Square Remuera;Four Square St Heliers,4,4,9044.89,552.74,False,False,02:30:44.890000
Sat_01483,Four Square Onehunga;Four Square Ellerslie;Four Square Remuera;Four Square St Heliers;New World Metro Queen St,5,6,11594.79,708.57,False,False,03:13:14.790000
Sat_01484,New World Mt Roskill;Four Square Onehunga;Four Square Ellerslie;Four Square Remuera;Four Square St Heliers,5,6,11246.33,687.28,False,False,03:07:26.330000
Sat_01485,Four Square Onehunga;Four Square Ellerslie;Four Square St Heliers;Four Square Remuera;New World Remuera,5,6,11497.15,702.6,False,False,03:11:37.150000
Sat_01486,Four Square Onehunga;Four Square Ellerslie;Four Square Remuera;Four Square St Heliers;New World Eastridge,5,7,12474.55,762.33,False,False,03:27:54.550000
Sat_01487,Four Square Onehunga;Four Square Ellerslie;Four Square Remuera;Four Square St Heliers;New World Newmarket,5,7,12578.96,768.71,False,False,03:29:38.960000
Sat_01488,Four Square Onehunga;Four Square Ellerslie;New World Stonefields;Four Square St Heliers;Four Square Remuera,5,7,12574.54,768.44,False,False,03:29:34.540000
Sat_01489,Four Square Onehunga;Four Square Ellerslie;Four Square Remuera;Pak 'n Save Glen Innes;Four Square St Heliers,5,10,15884.24,1190.0,True,True,04:24:44.240000
Sat_01490,Four Square Onehunga;Four Square Ellerslie;Four Square St Heliers;Four Square Remuera;Pak 'n Save Mangere,5,10,16676.1,1190.0,True,True,04:37:56.100000
Sat_01491,Pak 'n Save Royal Oak;Four Square Ellerslie;Four Square St Heliers;Four Square Remuera;Four Square Onehunga,5,10,15507.54,1190.0,True,True,04:18:27.540000
Sat_01492,Four Square Onehunga;Four Square Ellerslie;Four Square Remuera;Four Square St Heliers;Pak 'n Save Sylvia Park,5,10,16264.98,1190.0,True,True,04:31:04.980000
Sat_01493,Four Square Onehunga;Four Square Ellerslie;Four Square Remuera;New World Metro Queen St,4,5,9350.94,571.45,False,False,02:35:50.940000
Sat_01494,New World Mt Roskill;Four Square Onehunga;Four Square Ellerslie;Four Square Remuera;New World Metro Queen St,5,7,11552.38,705.98,False,False,03:12:32.380000
Sat_01495,Four Square Onehunga;Four Square Ellerslie;Four Square Remuera;New World Remuera;New World Metro Queen St,5,7,11720.73,716.27,False,False,03:15:20.730000
Sat_01496,Four Square Onehunga;Four Square Ellerslie;Four Square Remuera;New World Eastridge;New World Metro Queen St,5,8,13247.2,809.55,True,False,03:40:47.200000
Sat_01497,Four Square Onehunga;Four Square Ellerslie;Four Square Remuera;New World Metro Queen St;New World Mt Albert,5,8,12752.28,779.31,True,False,03:32:32.280000
Sat_01498,Four Square Onehunga;Four Square Ellerslie;Four Square Remuera;New World Newmarket;New World Metro Queen St,5,8,12858.47,785.8,True,False,03:34:18.470000
Sat_01499,Four Square Onehunga;Four Square Ellerslie;Four Square Remuera;New World Metro Queen St;New World Point Chevalier,5,8,12981.83,793.33,True,False,03:36:21.830000
Sat_01500,Four Square Onehunga;Four Square Ellerslie;New World Stonefields;Four Square Remuera;New World Metro Queen St,5,8,13143.85,803.24,True,False,03:39:03.850000
Sat_01501,Four Square Onehunga;Four Square Ellerslie;Four Square Remuera;New World Metro Queen St;New World Victoria Park,5,8,12884.83,787.41,True,False,03:34:44.830000
Sat_01502,Four Square Onehunga;Four Square Ellerslie;Four Square Remuera;Pak 'n Save Glen Innes;New World Metro Queen St,5,11,17059.4,1190.0,True,True,04:44:19.400000
Sat_01503,Pak 'n Save Mangere;Four Square Onehunga;Four Square Ellerslie;Four Square Remuera;New World Metro Queen St,5,11,17104.82,1190.0,True,True,04:45:04.820000
Sat_01504,Pak 'n Save Royal Oak;Four Square Onehunga;Four Square Ellerslie;Four Square Remuera;New World Metro Queen St,5,11,16052.0,1190.0,True,True,04:27:32
Sat_01505,Four Square Onehunga;Pak 'n Save Sylvia Park;Four Square Ellerslie;Four Square Remuera;New World Metro Queen St,5,11,16606.37,1190.0,True,True,04:36:46.370000
Sat_01506,New World Mt Roskill;Four Square Onehunga;Four Square Ellerslie;Four Square Remuera,4,5,8742.09,534.24,False,False,02:25:42.090000
Sat_01507,New World Mt Roskill;Four Square Onehunga;Four Square Ellerslie;Four Square Remuera;New World Remuera,5,7,11111.87,679.06,False,False,03:05:11.870000
Sat_01508,New World Mt Roskill;Four Square Onehunga;Four Square Ellerslie;Four Square Remuera;New World Eastridge,5,8,12898.74,788.26,True,False,03:34:58.740000
Sat_01509,New World Mt Roskill;Four Square Onehunga;Four Square Ellerslie;Four Square Remuera;New World Green Bay,5,8,13152.9,803.79,True,False,03:39:12.900000
Sat_01510,New World Mt Roskill;Four Square Onehunga;Four Square Ellerslie;Four Square Remuera;New World Mt Albert,5,8,12143.43,742.1,False,False,03:22:23.430000
Sat_01511,New World Mt Roskill;Four Square Onehunga;Four Square Ellerslie;Four Square Remuera;New World New Lynn,5,8,12906.43,788.73,True,False,03:35:06.430000
Sat_01512,New World Mt Roskill;Four Square Onehunga;Four Square Ellerslie;Four Square Remuera;New World Newmarket,5,8,12249.61,748.59,False,False,03:24:09.610000
Sat_01513,New World Mt Roskill;Four Square Onehunga;Four Square Ellerslie;Four Square Remuera;New World Point Chevalier,5,8,12372.98,756.13,False,False,03:26:12.980000
Sat_01514,New World Mt Roskill;Four Square Onehunga;Four Square Ellerslie;New World Stonefields;Four Square Remuera,5,8,12535.0,766.03,False,False,03:28:55
Sat_01515,Four Square Onehunga;Four Square Ellerslie;Four Square Remuera;Pak 'n Save Mt Albert;New World Mt Roskill,5,10,14423.46,1190.0,True,True,04:00:23.460000
Sat_01516,New World Mt Roskill;Four Square Onehunga;Four Square Ellerslie;Pak 'n Save Glen Innes;Four Square Remuera,5,11,16578.69,1190.0,True,True,04:36:18.690000
Sat_01517,New World Mt Roskill;Four Square Onehunga;Four Square Ellerslie;Four Square Remuera;Pak 'n Save Mangere,5,11,16290.82,1190.0,True,True,04:31:30.820000
Sat_01518,New World Mt Roskill;Pak 'n Save Royal Oak;Four Square Ellerslie;Four Square Remuera;Four Square Onehunga,5,11,15122.27,1190.0,True,True,04:12:02.270000
Sat_01519,New World Mt Roskill;Four Square Onehunga;Pak 'n Save Sylvia Park;Four Square Ellerslie;Four Square Remuera,5,11,15997.52,1190.0,True,True,04:26:37.520000
Sat_01520,Four Square Onehunga;Four Square Ellerslie;Four Square Remuera;New World Remuera,4,5,8910.43,544.53,False,False,02:28:30.430000
Sat_01521,New World Remuera;New World Eastridge;Four Square Remuera;Four Square Ellerslie;Four Square Onehunga,5,8,13162.38,804.37,True,False,03:39:22.380000
Sat_01522,Four Square Onehunga;Four Square Ellerslie;Four Square Remuera;New World Remuera;New World Newmarket,5,8,12288.41,750.96,False,False,03:24:48.410000
Sat_01523,Four Square Onehunga;Four Square Ellerslie;New World Stonefields;Four Square Remuera;New World Remuera,5,8,12703.34,776.32,True,False,03:31:43.340000
Sat_01524,Four Square Onehunga;Four Square Ellerslie;Pak 'n Save Glen Innes;Four Square Remuera;New World Remuera,5,11,16747.03,1190.0,True,True,04:39:07.030000
Sat_01525,Four Square Onehunga;Four Square Ellerslie;Four Square Remuera;New World Remuera;Pak 'n Save Mangere,5,11,16503.75,1190.0,True,True,04:35:03.750000
Sat_01526,Pak 'n Save Royal Oak;New World Remuera;Four Square Remuera;Four Square Ellerslie;Four Square Onehunga,5,11,15276.32,1190.0,True,True,04:14:36.320000
Sat_01527,Four Square Onehunga;Pak 'n Save Sylvia Park;Four Square Ellerslie;Four Square Remuera;New World Remuera,5,11,16165.86,1190.0,True,True,04:29:25.860000
Sat_01528,Four Square Onehunga;Four Square Ellerslie;Four Square Remuera;New World Eastridge,4,6,10697.3,653.72,False,False,02:58:17.300000
Sat_01529,Four Square Onehunga;Four Square Ellerslie;Four Square Remuera;New World Eastridge;New World Newmarket,5,9,14149.91,864.72,True,False,03:55:49.910000
Sat_01530,Four Square Onehunga;Four Square Ellerslie;New World Stonefields;New World Eastridge;Four Square Remuera,5,9,14462.48,1190.0,True,True,04:01:02.480000
Sat_01531,Four Square Onehunga;Four Square Ellerslie;Four Square Remuera;Pak 'n Save Glen Innes;New World Eastridge,5,12,17857.7,1190.0,True,True,04:57:37.700000
Sat_01532,Pak 'n Save Mangere;Four Square Onehunga;Four Square Ellerslie;Four Square Remuera;New World Eastridge,5,12,18451.18,1500.0,True,True,05:07:31.180000
Sat_01533,Pak 'n Save Royal Oak;New World Eastridge;Four Square Remuera;Four Square Ellerslie;Four Square Onehunga,5,12,17207.76,1190.0,True,True,04:46:47.760000
Sat_01534,Four Square Onehunga;Pak 'n Save Sylvia Park;Four Square Ellerslie;Four Square Remuera;New World Eastridge,5,12,17952.73,1190.0,True,True,04:59:12.730000
Sat_01535,Four Square Onehunga;Four Square Ellerslie;Four Square Remuera;New World Newmarket,4,6,10048.17,614.05,False,False,02:47:28.170000
Sat_01536,Four Square Onehunga;Four Square Ellerslie;Four Square Remuera;New World Newmarket;New World Point Chevalier,5,9,13679.06,835.94,True,False,03:47:59.060000
Sat_01537,Four Square Onehunga;Four Square Ellerslie;New World Stonefields;Four Square Remuera;New World Newmarket,5,9,13841.08,845.84,True,False,03:50:41.080000
Sat_01538,Four Square Onehunga;Four Square Ellerslie;Four Square Remuera;New World Newmarket;New World Victoria Park,5,9,13998.02,855.43,True,False,03:53:18.020000
Sat_01539,Four Square Onehunga;Four Square Ellerslie;Pak 'n Save Glen Innes;Four Square Remuera;New World Newmarket,5,12,17884.77,1190.0,True,True,04:58:04.770000
Sat_01540,New World Newmarket;Four Square Remuera;Four Square Ellerslie;Four Square Onehunga;Pak 'n Save Mangere,5,12,17794.58,1190.0,True,True,04:56:34.580000
Sat_01541,Pak 'n Save Royal Oak;New World Newmarket;Four Square Remuera;Four Square Ellerslie;Four Square Onehunga,5,12,16665.96,1190.0,True,True,04:37:45.960000
Sat_01542,Four Square Onehunga;Pak 'n Save Sylvia Park;Four Square Ellerslie;Four Square Remuera;New World Newmarket,5,12,17303.6,1190.0,True,True,04:48:23.600000
Sat_01543,Four Square Onehunga;Four Square Ellerslie;New World Stonefields;Four Square Remuera,4,6,10333.56,631.5,False,False,02:52:13.560000
Sat_01544,Four Square Onehunga;Four Square Ellerslie;New World Stonefields;Pak 'n Save Glen Innes;Four Square Remuera,5,12,17768.16,1190.0,True,True,04:56:08.160000
Sat_01545,Four Square Onehunga;Four Square Ellerslie;New World Stonefields;Four Square Remuera;Pak 'n Save Mangere,5,12,17882.29,1190.0,True,True,04:58:02.290000
Sat_01546,Pak 'n Save Royal Oak;Four Square Ellerslie;New World Stonefields;Four Square Remuera;Four Square Onehunga,5,12,16713.73,1190.0,True,True,04:38:33.730000
Sat_01547,Four Square Onehunga;Four Square Ellerslie;Four Square Remuera;New World Stonefields;Pak 'n Save Sylvia Park,5,12,17485.03,1190.0,True,True,04:51:25.030000
Sat_01548,Four Square Onehunga;Four Square Ellerslie;Pak 'n Save Glen Innes;Four Square Remuera,4,9,14377.25,878.61,True,False,03:59:37.250000
Sat_01549,Four Square Onehunga;Four Square Ellerslie;Pak 'n Save Glen Innes;Four Square Remuera;Pak 'n Save Mangere,5,15,21925.98,1810.0,True,True,06:05:25.980000
Sat_01550,Pak 'n Save Royal Oak;Four Square Ellerslie;Pak 'n Save Glen Innes;Four Square Remuera;Four Square Onehunga,5,15,20757.42,1500.0,True,True,05:45:57.420000
Sat_01551,Four Square Onehunga;Four Square Ellerslie;Pak 'n Save Sylvia Park;Pak 'n Save Glen Innes;Four Square Remuera,5,15,21345.99,1500.0,True,True,05:55:45.990000
Sat_01552,Four Square Onehunga;Four Square Ellerslie;Four Square Remuera;Pak 'n Save Mangere,4,9,14089.38,861.02,True,False,03:54:49.380000
Sat_01553,Pak 'n Save Royal Oak;Four Square Ellerslie;Four Square Remuera;Four Square Onehunga;Pak 'n Save Mangere,5,15,20596.26,1500.0,True,True,05:43:16.260000
Sat_01554,Pak 'n Save Mangere;Pak 'n Save Sylvia Park;Four Square Ellerslie;Four Square Remuera;Four Square Onehunga,5,15,21298.05,1500.0,True,True,05:54:58.050000
Sat_01555,Pak 'n Save Royal Oak;Four Square Ellerslie;Four Square Remuera;Four Square Onehunga,4,9,12920.82,789.61,True,False,03:35:20.820000
Sat_01556,Pak 'n Save Royal Oak;Pak 'n Save Sylvia Park;Four Square Ellerslie;Four Square Remuera;Four Square Onehunga,5,15,20209.47,1500.0,True,True,05:36:49.470000
Sat_01557,Four Square Onehunga;Pak 'n Save Sylvia Park;Four Square Ellerslie;Four Square Remuera,4,9,13796.08,843.09,True,False,03:49:56.080000
Sat_01558,New World Metro Queen St;Four Square Ellerslie;Four Square Onehunga,3,4,8026.46,490.51,False,False,02:13:46.460000
Sat_01559,New World Mt Roskill;New World Metro Queen St;Four Square Ellerslie;Four Square Onehunga,4,6,10227.9,625.04,False,False,02:50:27.900000
Sat_01560,New World Mt Roskill;Four Square Onehunga;Four Square Ellerslie;New World Remuera;New World Metro Queen St,5,8,12734.31,778.21,True,False,03:32:14.310000
Sat_01561,New World Mt Roskill;Four Square Onehunga;Four Square Ellerslie;New World Eastridge;New World Metro Queen St,5,9,14368.64,878.08,True,False,03:59:28.640000
Sat_01562,New World Green Bay;New World Metro Queen St;Four Square Ellerslie;Four Square Onehunga;New World Mt Roskill,5,9,14605.16,1190.0,True,True,04:03:25.160000
Sat_01563,New World Mt Roskill;Four Square Onehunga;Four Square Ellerslie;New World Metro Queen St;New World Mt Albert,5,9,13657.4,834.62,True,False,03:47:37.400000
Sat_01564,New World Mt Roskill;Four Square Onehunga;Four Square Ellerslie;New World Metro Queen St;New World New Lynn,5,9,14420.41,1190.0,True,True,04:00:20.410000
Sat_01565,New World Mt Roskill;New World Metro Queen St;New World Newmarket;Four Square Ellerslie;Four Square Onehunga,5,9,13688.79,836.54,True,False,03:48:08.790000
Sat_01566,New World Mt Roskill;Four Square Onehunga;Four Square Ellerslie;New World Metro Queen St;New World Point Chevalier,5,9,13886.95,848.65,True,False,03:51:26.950000
Sat_01567,New World Mt Roskill;Four Square Onehunga;Four Square Ellerslie;New World Stonefields;New World Metro Queen St,5,9,14114.51,862.55,True,False,03:55:14.510000
Sat_01568,New World Mt Roskill;New World Victoria Park;New World Metro Queen St;Four Square Ellerslie;Four Square Onehunga,5,9,13741.75,839.77,True,False,03:49:01.750000
Sat_01569,Four Square Onehunga;Four Square Ellerslie;New World Metro Queen St;Pak 'n Save Mt Albert;New World Mt Roskill,5,11,15937.44,1190.0,True,True,04:25:37.440000
Sat_01570,New World Mt Roskill;Four Square Onehunga;Four Square Ellerslie;Pak 'n Save Glen Innes;New World Metro Queen St,5,12,18025.17,1500.0,True,True,05:00:25.170000
Sat_01571,New World Mt Roskill;New World Metro Queen St;Four Square Ellerslie;Four Square Onehunga;Pak 'n Save Mangere,5,12,17903.34,1190.0,True,True,04:58:23.340000
Sat_01572,New World Mt Roskill;New World Metro Queen St;Four Square Ellerslie;Pak 'n Save Royal Oak;Four Square Onehunga,5,12,16953.42,1190.0,True,True,04:42:33.420000
Sat_01573,New World Mt Roskill;New World Metro Queen St;Pak 'n Save Sylvia Park;Four Square Ellerslie;Four Square Onehunga,5,12,17487.13,1190.0,True,True,04:51:27.130000
Sat_01574,Four Square Onehunga;Four Square Ellerslie;New World Remuera;New World Metro Queen St,4,6,10532.87,643.68,False,False,02:55:32.870000
Sat_01575,Four Square Onehunga;Four Square Ellerslie;New World Remuera;New World Eastridge;New World Metro Queen St,5,9,14557.27,1190.0,True,True,04:02:37.270000
Sat_01576,Four Square Onehunga;Four Square Ellerslie;New World Remuera;New World Metro Queen St;New World Mt Albert,5,9,13934.21,851.54,True,False,03:52:14.210000
Sat_01577,Four Square Onehunga;Four Square Ellerslie;New World Remuera;New World Newmarket;New World Metro Queen St,5,9,13910.85,850.11,True,False,03:51:50.850000
Sat_01578,Four Square Onehunga;Four Square Ellerslie;New World Remuera;New World Metro Queen St;New World Point Chevalier,5,9,14163.76,865.56,True,False,03:56:03.760000
Sat_01579,Four Square Onehunga;Four Square Ellerslie;New World Stonefields;New World Remuera;New World Metro Queen St,5,9,14353.28,877.14,True,False,03:59:13.280000
Sat_01580,New World Victoria Park;New World Metro Queen St;New World Remuera;Four Square Ellerslie;Four Square Onehunga,5,9,14061.58,859.32,True,False,03:54:21.580000
Sat_01581,Four Square Onehunga;Four Square Ellerslie;Pak 'n Save Glen Innes;New World Remuera;New World Metro Queen St,5,12,18477.32,1500.0,True,True,05:07:57.320000
Sat_01582,New World Metro Queen St;New World Remuera;Four Square Ellerslie;Four Square Onehunga;Pak 'n Save Mangere,5,12,18223.17,1500.0,True,True,05:03:43.170000
Sat_01583,Pak 'n Save Royal Oak;Four Square Onehunga;Four Square Ellerslie;New World Remuera;New World Metro Queen St,5,12,17233.93,1190.0,True,True,04:47:13.930000
Sat_01584,Four Square Onehunga;Pak 'n Save Sylvia Park;Four Square Ellerslie;New World Remuera;New World Metro Queen St,5,12,17788.3,1190.0,True,True,04:56:28.300000
Sat_01585,Four Square Onehunga;Four Square Ellerslie;New World Eastridge;New World Metro Queen St,4,7,12167.2,743.55,False,False,03:22:47.200000
Sat_01586,Four Square Onehunga;Four Square Ellerslie;New World Eastridge;New World Metro Queen St;New World Mt Albert,5,10,15568.54,1190.0,True,True,04:19:28.540000
Sat_01587,Four Square Onehunga;Four Square Ellerslie;New World Eastridge;New World Newmarket;New World Metro Queen St,5,10,15880.21,1190.0,True,True,04:24:40.210000
Sat_01588,Four Square Onehunga;Four Square Ellerslie;New World Eastridge;New World Metro Queen St;New World Point Chevalier,5,10,15798.09,1190.0,True,True,04:23:18.090000
Sat_01589,Four Square Onehunga;Four Square Ellerslie;New World Stonefields;New World Eastridge;New World Metro Queen St,5,10,15694.57,1190.0,True,True,04:21:34.570000
Sat_01590,Four Square Onehunga;Four Square Ellerslie;New World Eastridge;New World Metro Queen St;New World Victoria Park,5,10,15701.09,1190.0,True,True,04:21:41.090000
Sat_01591,Four Square Onehunga;Four Square Ellerslie;Pak 'n Save Glen Innes;New World Eastridge;New World Metro Queen St,5,13,19171.93,1500.0,True,True,05:19:31.930000
Sat_01592,Pak 'n Save Mangere;Four Square Onehunga;Four Square Ellerslie;New World Eastridge;New World Metro Queen St,5,13,19921.08,1500.0,True,True,05:32:01.080000
Sat_01593,Pak 'n Save Royal Oak;Four Square Onehunga;Four Square Ellerslie;New World Eastridge;New World Metro Queen St,5,13,18868.26,1500.0,True,True,05:14:28.260000
Sat_01594,Four Square Onehunga;Four Square Ellerslie;Pak 'n Save Sylvia Park;New World Eastridge;New World Metro Queen St,5,13,19408.23,1500.0,True,True,05:23:28.230000
Sat_01595,Four Square Onehunga;Four Square Ellerslie;New World Metro Queen St;New World Mt Albert,4,7,11455.96,700.09,False,False,03:10:55.960000
Sat_01596,Four Square Onehunga;Four Square Ellerslie;New World Metro Queen St;New World Mt Albert;New World New Lynn,5,10,15657.94,1190.0,True,True,04:20:57.940000
Sat_01597,New World Mt Albert;New World Metro Queen St;New World Newmarket;Four Square Ellerslie;Four Square Onehunga,5,10,14951.57,1190.0,True,True,04:09:11.570000
Sat_01598,New World Mt Albert;New World Point Chevalier;New World Metro Queen St;Four Square Ellerslie;Four Square Onehunga,5,10,15007.76,1190.0,True,True,04:10:07.760000
Sat_01599,Four Square Onehunga;Four Square Ellerslie;New World Stonefields;New World Metro Queen St;New World Mt Albert,5,10,15314.41,1190.0,True,True,04:15:14.410000
Sat_01600,New World Mt Albert;New World Victoria Park;New World Metro Queen St;Four Square Ellerslie;Four Square Onehunga,5,10,14857.56,1190.0,True,True,04:07:37.560000
Sat_01601,Four Square Onehunga;Four Square Ellerslie;New World Metro Queen St;New World Mt Albert;Pak 'n Save Mt Albert,5,12,17162.34,1190.0,True,True,04:46:02.340000
Sat_01602,Four Square Onehunga;Four Square Ellerslie;Pak 'n Save Glen Innes;New World Metro Queen St;New World Mt Albert,5,13,19225.07,1500.0,True,True,05:20:25.070000
Sat_01603,New World Mt Albert;New World Metro Queen St;Four Square Ellerslie;Four Square Onehunga;Pak 'n Save Mangere,5,13,19166.12,1500.0,True,True,05:19:26.120000
Sat_01604,Pak 'n Save Royal Oak;Four Square Onehunga;Four Square Ellerslie;New World Metro Queen St;New World Mt Albert,5,13,18157.02,1500.0,True,True,05:02:37.020000
Sat_01605,Four Square Onehunga;Four Square Ellerslie;Pak 'n Save Sylvia Park;New World Metro Queen St;New World Mt Albert,5,13,18704.4,1500.0,True,True,05:11:44.400000
Sat_01606,New World Metro Queen St;New World Newmarket;Four Square Ellerslie;Four Square Onehunga,4,7,11487.35,702.0,False,False,03:11:27.350000
Sat_01607,New World Point Chevalier;New World Metro Queen St;New World Newmarket;Four Square Ellerslie;Four Square Onehunga,5,10,15204.1,1190.0,True,True,04:13:24.100000
Sat_01608,Four Square Onehunga;Four Square Ellerslie;New World Stonefields;New World Newmarket;New World Metro Queen St,5,10,15502.2,1190.0,True,True,04:18:22.200000
Sat_01609,New World Victoria Park;New World Metro Queen St;New World Newmarket;Four Square Ellerslie;Four Square Onehunga,5,10,15001.2,1190.0,True,True,04:10:01.200000
Sat_01610,Four Square Onehunga;Four Square Ellerslie;Pak 'n Save Glen Innes;New World Newmarket;New World Metro Queen St,5,13,19536.74,1500.0,True,True,05:25:36.740000
Sat_01611,New World Metro Queen St;New World Newmarket;Four Square Ellerslie;Four Square Onehunga;Pak 'n Save Mangere,5,13,19162.79,1500.0,True,True,05:19:22.790000
Sat_01612,New World Metro Queen St;New World Newmarket;Four Square Ellerslie;Pak 'n Save Royal Oak;Four Square Onehunga,5,13,18212.87,1500.0,True,True,05:03:32.870000
Sat_01613,New World Metro Queen St;New World Newmarket;Pak 'n Save Sylvia Park;Four Square Ellerslie;Four Square Onehunga,5,13,18746.58,1500.0,True,True,05:12:26.580000
Sat_01614,Four Square Onehunga;Four Square Ellerslie;New World Metro Queen St;New World Point Chevalier,4,7,11685.51,714.11,False,False,03:14:45.510000
Sat_01615,Four Square Onehunga;Four Square Ellerslie;New World Stonefields;New World Metro Queen St;New World Point Chevalier,5,10,15543.96,1190.0,True,True,04:19:03.960000
Sat_01616,Four Square Onehunga;Four Square Ellerslie;New World Metro Queen St;New World Victoria Park;New World Point Chevalier,5,10,15219.4,1190.0,True,True,04:13:39.400000
Sat_01617,Pak 'n Save Mt Albert;New World Point Chevalier;New World Metro Queen St;Four Square Ellerslie;Four Square Onehunga,5,12,17121.31,1190.0,True,True,04:45:21.310000
Sat_01618,Four Square Onehunga;Four Square Ellerslie;Pak 'n Save Glen Innes;New World Metro Queen St;New World Point Chevalier,5,13,19454.62,1500.0,True,True,05:24:14.620000
Sat_01619,New World Point Chevalier;New World Metro Queen St;Four Square Ellerslie;Four Square Onehunga;Pak 'n Save Mangere,5,13,19418.65,1500.0,True,True,05:23:38.650000
Sat_01620,Pak 'n Save Royal Oak;Four Square Onehunga;Four Square Ellerslie;New World Metro Queen St;New World Point Chevalier,5,13,18386.57,1500.0,True,True,05:06:26.570000
Sat_01621,Four Square Onehunga;Four Square Ellerslie;Pak 'n Save Sylvia Park;New World Metro Queen St;New World Point Chevalier,5,13,18933.95,1500.0,True,True,05:15:33.950000
Sat_01622,Four Square Onehunga;Four Square Ellerslie;New World Stonefields;New World Metro Queen St,4,7,11913.07,728.02,False,False,03:18:33.070000
Sat_01623,Four Square Onehunga;Four Square Ellerslie;New World Stonefields;New World Metro Queen St;New World Victoria Park,5,10,15446.96,1190.0,True,True,04:17:26.960000
Sat_01624,Four Square Onehunga;Four Square Ellerslie;New World Stonefields;Pak 'n Save Glen Innes;New World Metro Queen St,5,13,19214.64,1500.0,True,True,05:20:14.640000
Sat_01625,Pak 'n Save Mangere;Four Square Onehunga;Four Square Ellerslie;New World Stonefields;New World Metro Queen St,5,13,19666.95,1500.0,True,True,05:27:46.950000
Sat_01626,Pak 'n Save Royal Oak;Four Square Onehunga;Four Square Ellerslie;New World Stonefields;New World Metro Queen St,5,13,18614.13,1500.0,True,True,05:10:14.130000
Sat_01627,Four Square Onehunga;Four Square Ellerslie;New World Stonefields;Pak 'n Save Sylvia Park;New World Metro Queen St,5,13,18939.18,1500.0,True,True,05:15:39.180000
Sat_01628,New World Victoria Park;New World Metro Queen St;Four Square Ellerslie;Four Square Onehunga,4,7,11540.31,705.24,False,False,03:12:20.310000
Sat_01629,Four Square Onehunga;Four Square Ellerslie;Pak 'n Save Glen Innes;New World Metro Queen St;New World Victoria Park,5,13,19357.62,1500.0,True,True,05:22:37.620000
Sat_01630,New World Victoria Park;New World Metro Queen St;Four Square Ellerslie;Four Square Onehunga;Pak 'n Save Mangere,5,13,19215.75,1500.0,True,True,05:20:15.750000
Sat_01631,New World Victoria Park;New World Metro Queen St;Four Square Ellerslie;Pak 'n Save Royal Oak;Four Square Onehunga,5,13,18265.83,1500.0,True,True,05:04:25.830000
Sat_01632,New World Victoria Park;New World Metro Queen St;Pak 'n Save Sylvia Park;Four Square Ellerslie;Four Square Onehunga,5,13,18799.54,1500.0,True,True,05:13:19.540000
Sat_01633,Four Square Onehunga;Four Square Ellerslie;Pak 'n Save Glen Innes;New World Metro Queen St,4,10,15823.73,1190.0,True,True,04:23:43.730000
Sat_01634,Pak 'n Save Mangere;Four Square Onehunga;Four Square Ellerslie;Pak 'n Save Glen Innes;New World Metro Queen St,5,16,23577.61,1810.0,True,True,06:32:57.610000
Sat_01635,Pak 'n Save Royal Oak;Four Square Onehunga;Four Square Ellerslie;Pak 'n Save Glen Innes;New World Metro Queen St,5,16,22524.79,1810.0,True,True,06:15:24.790000
Sat_01636,Four Square Onehunga;Four Square Ellerslie;Pak 'n Save Sylvia Park;Pak 'n Save Glen Innes;New World Metro Queen St,5,16,22792.47,1810.0,True,True,06:19:52.470000
Sat_01637,New World Metro Queen St;Four Square Ellerslie;Four Square Onehunga;Pak 'n Save Mangere,4,10,15701.9,1190.0,True,True,04:21:41.900000
Sat_01638,New World Metro Queen St;Pak 'n Save Sylvia Park;Four Square Ellerslie;Four Square Onehunga;Pak 'n Save Mangere,5,16,22961.13,1810.0,True,True,06:22:41.130000
Sat_01639,New World Metro Queen St;Four Square Ellerslie;Pak 'n Save Royal Oak;Four Square Onehunga,4,10,14751.98,1190.0,True,True,04:05:51.980000
Sat_01640,Pak 'n Save Royal Oak;Four Square Onehunga;Four Square Ellerslie;Pak 'n Save Sylvia Park;New World Metro Queen St,5,16,22004.12,1810.0,True,True,06:06:44.120000
Sat_01641,New World Metro Queen St;Pak 'n Save Sylvia Park;Four Square Ellerslie;Four Square Onehunga,4,10,15285.69,1190.0,True,True,04:14:45.690000
Sat_01642,New World Mt Roskill;Four Square Ellerslie;Four Square Onehunga,3,4,7404.46,452.49,False,False,02:03:24.460000
Sat_01643,New World Mt Roskill;Four Square Onehunga;Four Square Ellerslie;New World Remuera,4,6,9924.01,606.47,False,False,02:45:24.010000
Sat_01644,New World Mt Roskill;Four Square Onehunga;Four Square Ellerslie;New World Remuera;New World Eastridge,5,9,14208.81,868.32,True,False,03:56:48.810000
Sat_01645,New World Green Bay;New World Remuera;Four Square Ellerslie;Four Square Onehunga;New World Mt Roskill,5,9,14302.99,874.07,True,False,03:58:22.990000
Sat_01646,New World Mt Roskill;Four Square Onehunga;Four Square Ellerslie;New World Remuera;New World Mt Albert,5,9,13325.35,814.33,True,False,03:42:05.350000
Sat_01647,New World Mt Roskill;Four Square Onehunga;Four Square Ellerslie;New World Remuera;New World New Lynn,5,9,14088.36,860.96,True,False,03:54:48.360000
Sat_01648,New World Mt Roskill;Four Square Onehunga;Four Square Ellerslie;New World Remuera;New World Newmarket,5,9,13301.99,812.9,True,False,03:41:41.990000
Sat_01649,New World Mt Roskill;Four Square Onehunga;Four Square Ellerslie;New World Remuera;New World Point Chevalier,5,9,13554.9,828.36,True,False,03:45:54.900000
Sat_01650,New World Mt Roskill;Four Square Onehunga;Four Square Ellerslie;New World Stonefields;New World Remuera,5,9,13744.42,839.94,True,False,03:49:04.420000
Sat_01651,Four Square Onehunga;Four Square Ellerslie;New World Remuera;Pak 'n Save Mt Albert;New World Mt Roskill,5,11,15605.39,1190.0,True,True,04:20:05.390000
Sat_01652,New World Mt Roskill;Four Square Onehunga;Four Square Ellerslie;Pak 'n Save Glen Innes;New World Remuera,5,12,17868.46,1190.0,True,True,04:57:48.460000
Sat_01653,New World Mt Roskill;Four Square Onehunga;Four Square Ellerslie;New World Remuera;Pak 'n Save Mangere,5,12,17517.33,1190.0,True,True,04:51:57.330000
Sat_01654,New World Mt Roskill;Pak 'n Save Royal Oak;New World Remuera;Four Square Ellerslie;Four Square Onehunga,5,12,16282.79,1190.0,True,True,04:31:22.790000
Sat_01655,New World Mt Roskill;Four Square Onehunga;Pak 'n Save Sylvia Park;Four Square Ellerslie;New World Remuera,5,12,17179.44,1190.0,True,True,04:46:19.440000
Sat_01656,New World Mt Roskill;Four Square Onehunga;Four Square Ellerslie;New World Eastridge,4,7,11818.74,722.26,False,False,03:16:58.740000
Sat_01657,New World Mt Roskill;Four Square Onehunga;Four Square Ellerslie;New World Eastridge;New World Green Bay,5,10,16229.55,1190.0,True,True,04:30:29.550000
Sat_01658,New World Mt Roskill;Four Square Onehunga;Four Square Ellerslie;New World Eastridge;New World Mt Albert,5,10,15220.08,1190.0,True,True,04:13:40.080000
Sat_01659,New World Mt Roskill;Four Square Onehunga;Four Square Ellerslie;New World Eastridge;New World New Lynn,5,10,15983.08,1190.0,True,True,04:26:23.080000
Sat_01660,New World Mt Roskill;Four Square Onehunga;Four Square Ellerslie;New World Eastridge;New World Newmarket,5,10,15271.35,1190.0,True,True,04:14:31.350000
Sat_01661,New World Mt Roskill;Four Square Onehunga;Four Square Ellerslie;New World Eastridge;New World Point Chevalier,5,10,15449.63,1190.0,True,True,04:17:29.630000
Sat_01662,New World Mt Roskill;Four Square Onehunga;Four Square Ellerslie;New World Stonefields;New World Eastridge,5,10,15346.11,1190.0,True,True,04:15:46.110000
Sat_01663,Four Square Onehunga;Four Square Ellerslie;New World Eastridge;Pak 'n Save Mt Albert;New World Mt Roskill,5,12,17500.11,1190.0,True,True,04:51:40.110000
Sat_01664,New World Mt Roskill;Four Square Onehunga;Four Square Ellerslie;Pak 'n Save Glen Innes;New World Eastridge,5,13,18823.47,1500.0,True,True,05:13:43.470000
Sat_01665,New World Mt Roskill;Pak 'n Save Mangere;Four Square Onehunga;Four Square Ellerslie;New World Eastridge,5,13,19572.62,1500.0,True,True,05:26:12.620000
Sat_01666,New World Mt Roskill;Pak 'n Save Royal Oak;New World Eastridge;Four Square Ellerslie;Four Square Onehunga,5,13,18329.2,1500.0,True,True,05:05:29.200000
Sat_01667,New World Mt Roskill;Four Square Onehunga;Four Square Ellerslie;Pak 'n Save Sylvia Park;New World Eastridge,5,13,19059.77,1500.0,True,True,05:17:39.770000
Sat_01668,New World Green Bay;Four Square Ellerslie;Four Square Onehunga;New World Mt Roskill,4,7,11781.72,719.99,False,False,03:16:21.720000
Sat_01669,New World Mt Roskill;Four Square Onehunga;Four Square Ellerslie;New World New Lynn;New World Green Bay,5,10,15345.54,1190.0,True,True,04:15:45.540000
Sat_01670,New World Green Bay;New World Newmarket;Four Square Ellerslie;Four Square Onehunga;New World Mt Roskill,5,10,15242.61,1190.0,True,True,04:14:02.610000
Sat_01671,New World Green Bay;New World Point Chevalier;Four Square Ellerslie;Four Square Onehunga;New World Mt Roskill,5,10,15235.92,1190.0,True,True,04:13:55.920000
Sat_01672,New World Mt Roskill;Four Square Onehunga;Four Square Ellerslie;New World Stonefields;New World Green Bay,5,10,15715.03,1190.0,True,True,04:21:55.030000
Sat_01673,New World Mt Roskill;Four Square Onehunga;Four Square Ellerslie;Pak 'n Save Mt Albert;New World Green Bay,5,12,17288.78,1190.0,True,True,04:48:08.780000
Sat_01674,New World Mt Roskill;Four Square Onehunga;Four Square Ellerslie;Pak 'n Save Glen Innes;New World Green Bay,5,13,19866.92,1500.0,True,True,05:31:06.920000
Sat_01675,New World Green Bay;Pak 'n Save Sylvia Park;Four Square Ellerslie;Four Square Onehunga;New World Mt Roskill,5,13,19040.95,1500.0,True,True,05:17:20.950000
Sat_01676,New World Mt Roskill;Four Square Onehunga;Four Square Ellerslie;New World Mt Albert,4,7,10847.11,662.88,False,False,03:00:47.110000
Sat_01677,New World Mt Roskill;New World Mt Albert;New World Newmarket;Four Square Ellerslie;Four Square Onehunga,5,10,14329.57,875.7,True,False,03:58:49.570000
Sat_01678,New World Mt Roskill;New World Mt Albert;New World Point Chevalier;Four Square Ellerslie;Four Square Onehunga,5,10,14385.75,879.13,True,False,03:59:45.750000
Sat_01679,New World Mt Roskill;Four Square Onehunga;Four Square Ellerslie;New World Stonefields;New World Mt Albert,5,10,14705.56,1190.0,True,True,04:05:05.560000
Sat_01680,New World Mt Roskill;Four Square Onehunga;Four Square Ellerslie;New World Victoria Park;New World Mt Albert,5,10,14796.95,1190.0,True,True,04:06:36.950000
Sat_01681,New World Mt Roskill;Pak 'n Save Mt Albert;New World Mt Albert;Four Square Ellerslie;Four Square Onehunga,5,12,16544.41,1190.0,True,True,04:35:44.410000
Sat_01682,New World Mt Roskill;Four Square Onehunga;Four Square Ellerslie;Pak 'n Save Glen Innes;New World Mt Albert,5,13,18857.45,1500.0,True,True,05:14:17.450000
Sat_01683,New World Mt Roskill;Pak 'n Save Royal Oak;Four Square Onehunga;Four Square Ellerslie;New World Mt Albert,5,13,17548.18,1190.0,True,True,04:52:28.180000
Sat_01684,New World Mt Roskill;Four Square Onehunga;Four Square Ellerslie;Pak 'n Save Sylvia Park;New World Mt Albert,5,13,18095.54,1500.0,True,True,05:01:35.540000
Sat_01685,New World Mt Roskill;Four Square Onehunga;Four Square Ellerslie;New World New Lynn,4,7,11610.11,709.51,False,False,03:13:30.110000
Sat_01686,New World New Lynn;New World Newmarket;Four Square Ellerslie;Four Square Onehunga;New World Mt Roskill,5,10,15117.18,1190.0,True,True,04:11:57.180000
Sat_01687,New World New Lynn;New World Point Chevalier;Four Square Ellerslie;Four Square Onehunga;New World Mt Roskill,5,10,15022.01,1190.0,True,True,04:10:22.010000
Sat_01688,New World Mt Roskill;Four Square Onehunga;Four Square Ellerslie;New World Stonefields;New World New Lynn,5,10,15468.56,1190.0,True,True,04:17:48.560000
Sat_01689,New World Mt Roskill;Four Square Onehunga;Four Square Ellerslie;Pak 'n Save Mt Albert;New World New Lynn,5,12,17064.76,1190.0,True,True,04:44:24.760000
Sat_01690,New World Mt Roskill;Four Square Onehunga;Four Square Ellerslie;Pak 'n Save Glen Innes;New World New Lynn,5,13,19620.46,1500.0,True,True,05:27:00.460000
Sat_01691,New World Mt Roskill;Four Square Onehunga;Four Square Ellerslie;Pak 'n Save Sylvia Park;New World New Lynn,5,13,18858.55,1500.0,True,True,05:14:18.550000
Sat_01692,New World Mt Roskill;New World Newmarket;Four Square Ellerslie;Four Square Onehunga,4,7,10865.36,663.99,False,False,03:01:05.360000
Sat_01693,New World Mt Roskill;New World Point Chevalier;New World Newmarket;Four Square Ellerslie;Four Square Onehunga,5,10,14582.1,1190.0,True,True,04:03:02.100000
Sat_01694,New World Mt Roskill;New World Newmarket;New World Stonefields;Four Square Ellerslie;Four Square Onehunga,5,10,14882.71,1190.0,True,True,04:08:02.710000
Sat_01695,New World Mt Roskill;New World Victoria Park;New World Newmarket;Four Square Ellerslie;Four Square Onehunga,5,10,14969.03,1190.0,True,True,04:09:29.030000
Sat_01696,New World Mt Roskill;Pak 'n Save Mt Albert;New World Newmarket;Four Square Ellerslie;Four Square Onehunga,5,12,16592.62,1190.0,True,True,04:36:32.620000
Sat_01697,New World Mt Roskill;Four Square Onehunga;Four Square Ellerslie;Pak 'n Save Glen Innes;New World Newmarket,5,13,18927.88,1500.0,True,True,05:15:27.880000
Sat_01698,New World Mt Roskill;Pak 'n Save Royal Oak;New World Newmarket;Four Square Ellerslie;Four Square Onehunga,5,13,17412.19,1190.0,True,True,04:50:12.190000
Sat_01699,New World Mt Roskill;New World Newmarket;Pak 'n Save Sylvia Park;Four Square Ellerslie;Four Square Onehunga,5,13,18124.59,1500.0,True,True,05:02:04.590000
Sat_01700,New World Mt Roskill;Four Square Onehunga;Four Square Ellerslie;New World Point Chevalier,4,7,11076.66,676.91,False,False,03:04:36.660000
Sat_01701,New World Mt Roskill;Four Square Onehunga;Four Square Ellerslie;New World Stonefields;New World Point Chevalier,5,10,14935.11,1190.0,True,True,04:08:55.110000
Sat_01702,New World Mt Roskill;Four Square Onehunga;Four Square Ellerslie;New World Victoria Park;New World Point Chevalier,5,10,15026.5,1190.0,True,True,04:10:26.500000
Sat_01703,New World Mt Roskill;Pak 'n Save Mt Albert;New World Point Chevalier;Four Square Ellerslie;Four Square Onehunga,5,12,16483.09,1190.0,True,True,04:34:43.090000
Sat_01704,New World Mt Roskill;Four Square Onehunga;Four Square Ellerslie;Pak 'n Save Glen Innes;New World Point Chevalier,5,13,19087.0,1500.0,True,True,05:18:07
Sat_01705,New World Mt Roskill;Pak 'n Save Royal Oak;Four Square Onehunga;Four Square Ellerslie;New World Point Chevalier,5,13,17777.73,1190.0,True,True,04:56:17.730000
Sat_01706,New World Mt Roskill;Four Square Onehunga;Four Square Ellerslie;Pak 'n Save Sylvia Park;New World Point Chevalier,5,13,18325.09,1500.0,True,True,05:05:25.090000
Sat_01707,New World Mt Roskill;Four Square Onehunga;Four Square Ellerslie;New World Stonefields,4,7,11304.22,690.81,False,False,03:08:24.220000
Sat_01708,Four Square Onehunga;Four Square Ellerslie;New World Stonefields;Pak 'n Save Mt Albert;New World Mt Roskill,5,12,16985.59,1190.0,True,True,04:43:05.590000
Sat_01709,New World Mt Roskill;Four Square Onehunga;Four Square Ellerslie;New World Stonefields;Pak 'n Save Glen Innes,5,13,18847.02,1500.0,True,True,05:14:07.020000
Sat_01710,New World Mt Roskill;Four Square Onehunga;Four Square Ellerslie;New World Stonefields;Pak 'n Save Mangere,5,13,19036.29,1500.0,True,True,05:17:16.290000
Sat_01711,New World Mt Roskill;Pak 'n Save Royal Oak;New World Stonefields;Four Square Ellerslie;Four Square Onehunga,5,13,17640.23,1190.0,True,True,04:54:00.230000
Sat_01712,New World Mt Roskill;Four Square Onehunga;Four Square Ellerslie;New World Stonefields;Pak 'n Save Sylvia Park,5,13,18330.32,1500.0,True,True,05:05:30.320000
Sat_01713,Four Square Onehunga;Four Square Ellerslie;Pak 'n Save Mt Albert;New World Mt Roskill,4,9,13127.14,802.21,True,False,03:38:47.140000
Sat_01714,Four Square Onehunga;Four Square Ellerslie;Pak 'n Save Glen Innes;Pak 'n Save Mt Albert;New World Mt Roskill,5,15,21137.49,1500.0,True,True,05:52:17.490000
Sat_01715,New World Mt Roskill;Pak 'n Save Mt Albert;Four Square Ellerslie;Four Square Onehunga;Pak 'n Save Mangere,5,15,20807.16,1500.0,True,True,05:46:47.160000
Sat_01716,Four Square Onehunga;Four Square Ellerslie;Pak 'n Save Sylvia Park;Pak 'n Save Mt Albert;New World Mt Roskill,5,15,20375.58,1500.0,True,True,05:39:35.580000
Sat_01717,New World Mt Roskill;Four Square Onehunga;Four Square Ellerslie;Pak 'n Save Glen Innes,4,10,15456.11,1190.0,True,True,04:17:36.110000
Sat_01718,New World Mt Roskill;Four Square Onehunga;Four Square Ellerslie;Pak 'n Save Glen Innes;Pak 'n Save Mangere,5,16,23088.89,1810.0,True,True,06:24:48.890000
Sat_01719,New World Mt Roskill;Four Square Onehunga;Four Square Ellerslie;Pak 'n Save Glen Innes;Pak 'n Save Sylvia Park,5,16,22351.15,1810.0,True,True,06:12:31.150000
Sat_01720,New World Mt Roskill;Pak 'n Save Royal Oak;Four Square Ellerslie;Four Square Onehunga;Pak 'n Save Mangere,5,16,21270.71,1500.0,True,True,05:54:30.710000
Sat_01721,New World Mt Roskill;Pak 'n Save Royal Oak;Four Square Ellerslie;Four Square Onehunga,4,10,13595.27,830.82,True,False,03:46:35.270000
Sat_01722,New World Mt Roskill;Pak 'n Save Royal Oak;Pak 'n Save Sylvia Park;Four Square Ellerslie;Four Square Onehunga,5,16,20883.92,1500.0,True,True,05:48:03.920000
Sat_01723,New World Mt Roskill;Pak 'n Save Sylvia Park;Four Square Ellerslie;Four Square Onehunga,4,10,14663.69,1190.0,True,True,04:04:23.690000
Sat_01724,Four Square Onehunga;Four Square Ellerslie;New World Remuera,3,4,7722.57,471.93,False,False,02:08:42.570000
Sat_01725,Four Square Onehunga;Four Square Ellerslie;New World Remuera;New World Eastridge,4,7,12007.37,733.78,False,False,03:20:07.370000
Sat_01726,Four Square Onehunga;Four Square Ellerslie;New World Remuera;New World Eastridge;New World Newmarket,5,10,15459.98,1190.0,True,True,04:17:39.980000
Sat_01727,Four Square Onehunga;Four Square Ellerslie;New World Stonefields;New World Eastridge;New World Remuera,5,10,15612.89,1190.0,True,True,04:20:12.890000
Sat_01728,Four Square Onehunga;Four Square Ellerslie;Pak 'n Save Glen Innes;New World Eastridge;New World Remuera,5,13,19090.25,1500.0,True,True,05:18:10.250000
Sat_01729,Four Square Onehunga;Four Square Ellerslie;New World Eastridge;New World Remuera;Pak 'n Save Mangere,5,13,19678.84,1500.0,True,True,05:27:58.840000
Sat_01730,Pak 'n Save Royal Oak;New World Remuera;New World Eastridge;Four Square Ellerslie;Four Square Onehunga,5,13,18439.42,1500.0,True,True,05:07:19.420000
Sat_01731,Four Square Onehunga;Pak 'n Save Sylvia Park;Four Square Ellerslie;New World Remuera;New World Eastridge,5,13,19262.8,1500.0,True,True,05:21:02.800000
Sat_01732,Four Square Onehunga;Four Square Ellerslie;New World Remuera;New World Newmarket,4,7,11100.55,678.37,False,False,03:05:00.550000
Sat_01733,Four Square Onehunga;Four Square Ellerslie;New World Remuera;New World Newmarket;New World Point Chevalier,5,10,14731.44,1190.0,True,True,04:05:31.440000
Sat_01734,Four Square Onehunga;Four Square Ellerslie;New World Stonefields;New World Remuera;New World Newmarket,5,10,14920.96,1190.0,True,True,04:08:40.960000
Sat_01735,Four Square Onehunga;Four Square Ellerslie;New World Remuera;New World Newmarket;New World Victoria Park,5,10,15050.4,1190.0,True,True,04:10:50.400000
Sat_01736,Four Square Onehunga;Four Square Ellerslie;Pak 'n Save Glen Innes;New World Remuera;New World Newmarket,5,13,19045.0,1500.0,True,True,05:17:25
Sat_01737,New World Newmarket;New World Remuera;Four Square Ellerslie;Four Square Onehunga;Pak 'n Save Mangere,5,13,18818.81,1500.0,True,True,05:13:38.810000
Sat_01738,Pak 'n Save Royal Oak;New World Newmarket;New World Remuera;Four Square Ellerslie;Four Square Onehunga,5,13,17690.19,1190.0,True,True,04:54:50.190000
Sat_01739,Four Square Onehunga;Pak 'n Save Sylvia Park;Four Square Ellerslie;New World Remuera;New World Newmarket,5,13,18355.98,1500.0,True,True,05:05:55.980000
Sat_01740,Four Square Onehunga;Four Square Ellerslie;New World Stonefields;New World Remuera,4,7,11542.98,705.4,False,False,03:12:22.980000
Sat_01741,Four Square Onehunga;Four Square Ellerslie;New World Stonefields;Pak 'n Save Glen Innes;New World Remuera,5,13,19057.93,1500.0,True,True,05:17:37.930000
Sat_01742,Four Square Onehunga;Four Square Ellerslie;New World Stonefields;New World Remuera;Pak 'n Save Mangere,5,13,19136.3,1500.0,True,True,05:18:56.300000
Sat_01743,Pak 'n Save Royal Oak;Four Square Ellerslie;New World Stonefields;New World Remuera;Four Square Onehunga,5,13,17915.12,1190.0,True,True,04:58:35.120000
Sat_01744,New World Remuera;New World Stonefields;Pak 'n Save Sylvia Park;Four Square Ellerslie;Four Square Onehunga,5,13,18590.47,1500.0,True,True,05:09:50.470000
Sat_01745,Four Square Onehunga;Four Square Ellerslie;Pak 'n Save Glen Innes;New World Remuera,4,10,15667.02,1190.0,True,True,04:21:07.020000
Sat_01746,Four Square Onehunga;Four Square Ellerslie;Pak 'n Save Glen Innes;New World Remuera;Pak 'n Save Mangere,5,16,23260.34,1810.0,True,True,06:27:40.340000
Sat_01747,Pak 'n Save Royal Oak;New World Remuera;Pak 'n Save Glen Innes;Four Square Ellerslie;Four Square Onehunga,5,16,22025.61,1810.0,True,True,06:07:05.610000
Sat_01748,New World Remuera;Pak 'n Save Glen Innes;Pak 'n Save Sylvia Park;Four Square Ellerslie;Four Square Onehunga,5,16,22567.28,1810.0,True,True,06:16:07.280000
Sat_01749,Four Square Onehunga;Four Square Ellerslie;New World Remuera;Pak 'n Save Mangere,4,10,15315.89,1190.0,True,True,04:15:15.890000
Sat_01750,Pak 'n Save Mangere;Pak 'n Save Sylvia Park;Four Square Ellerslie;New World Remuera;Four Square Onehunga,5,16,22471.94,1810.0,True,True,06:14:31.940000
Sat_01751,Pak 'n Save Royal Oak;New World Remuera;Four Square Ellerslie;Four Square Onehunga,4,10,14081.34,860.53,True,False,03:54:41.340000
Sat_01752,Pak 'n Save Royal Oak;New World Remuera;Pak 'n Save Sylvia Park;Four Square Ellerslie;Four Square Onehunga,5,16,21340.57,1500.0,True,True,05:55:40.570000
Sat_01753,Four Square Onehunga;Pak 'n Save Sylvia Park;Four Square Ellerslie;New World Remuera,4,10,14978.0,1190.0,True,True,04:09:38
Sat_01754,Four Square Onehunga;Four Square Ellerslie;New World Eastridge,3,5,9617.3,587.72,False,False,02:40:17.300000
Sat_01755,Four Square Onehunga;Four Square Ellerslie;New World Eastridge;New World Newmarket,4,8,13069.91,798.72,True,False,03:37:49.910000
Sat_01756,Four Square Onehunga;Four Square Ellerslie;New World Eastridge;New World Newmarket;New World Point Chevalier,5,11,16700.8,1190.0,True,True,04:38:20.800000
Sat_01757,Four Square Onehunga;Four Square Ellerslie;New World Stonefields;New World Eastridge;New World Newmarket,5,11,16597.28,1190.0,True,True,04:36:37.280000
Sat_01758,Four Square Onehunga;Four Square Ellerslie;New World Eastridge;New World Newmarket;New World Victoria Park,5,11,17019.76,1190.0,True,True,04:43:39.760000
Sat_01759,Four Square Onehunga;Four Square Ellerslie;Pak 'n Save Glen Innes;New World Eastridge;New World Newmarket,5,14,20074.64,1500.0,True,True,05:34:34.640000
Sat_01760,New World Newmarket;New World Eastridge;Four Square Ellerslie;Four Square Onehunga;Pak 'n Save Mangere,5,14,20776.78,1500.0,True,True,05:46:16.780000
Sat_01761,Pak 'n Save Royal Oak;New World Newmarket;New World Eastridge;Four Square Ellerslie;Four Square Onehunga,5,14,19648.16,1500.0,True,True,05:27:28.160000
Sat_01762,Four Square Onehunga;Four Square Ellerslie;Pak 'n Save Sylvia Park;New World Eastridge;New World Newmarket,5,14,20310.94,1500.0,True,True,05:38:30.940000
Sat_01763,Four Square Onehunga;Four Square Ellerslie;New World Stonefields;New World Eastridge,4,8,13144.67,803.29,True,False,03:39:04.670000
Sat_01764,Four Square Onehunga;Four Square Ellerslie;New World Stonefields;Pak 'n Save Glen Innes;New World Eastridge,5,14,20012.94,1500.0,True,True,05:33:32.940000
Sat_01765,Pak 'n Save Mangere;Four Square Onehunga;Four Square Ellerslie;New World Stonefields;New World Eastridge,5,14,20898.55,1500.0,True,True,05:48:18.550000
Sat_01766,Pak 'n Save Royal Oak;Four Square Ellerslie;New World Stonefields;New World Eastridge;Four Square Onehunga,5,14,19659.78,1500.0,True,True,05:27:39.780000
Sat_01767,Four Square Onehunga;Four Square Ellerslie;Pak 'n Save Sylvia Park;New World Stonefields;New World Eastridge,5,14,20317.1,1500.0,True,True,05:38:37.100000
Sat_01768,Four Square Onehunga;Four Square Ellerslie;Pak 'n Save Glen Innes;New World Eastridge,4,11,16622.03,1190.0,True,True,04:37:02.030000
Sat_01769,Pak 'n Save Mangere;Four Square Onehunga;Four Square Ellerslie;New World Eastridge,4,11,17371.18,1190.0,True,True,04:49:31.180000
Sat_01770,Pak 'n Save Royal Oak;New World Eastridge;Four Square Ellerslie;Four Square Onehunga,4,11,16127.75,1190.0,True,True,04:28:47.750000
Sat_01771,Four Square Onehunga;Four Square Ellerslie;Pak 'n Save Sylvia Park;New World Eastridge,4,11,16858.33,1190.0,True,True,04:40:58.330000
Sat_01772,New World Newmarket;Four Square Ellerslie;Four Square Onehunga,3,5,8663.92,529.46,False,False,02:24:23.920000
Sat_01773,New World Point Chevalier;New World Newmarket;Four Square Ellerslie;Four Square Onehunga,4,8,12380.66,756.6,False,False,03:26:20.660000
Sat_01774,Four Square Onehunga;Four Square Ellerslie;New World Stonefields;New World Newmarket;New World Point Chevalier,5,11,16322.79,1190.0,True,True,04:32:02.790000
Sat_01775,Four Square Onehunga;Four Square Ellerslie;New World Newmarket;New World Victoria Park;New World Point Chevalier,5,11,16414.19,1190.0,True,True,04:33:34.190000
Sat_01776,Pak 'n Save Mt Albert;New World Point Chevalier;New World Newmarket;Four Square Ellerslie;Four Square Onehunga,5,13,17758.76,1190.0,True,True,04:55:58.760000
Sat_01777,Four Square Onehunga;Four Square Ellerslie;Pak 'n Save Glen Innes;New World Newmarket;New World Point Chevalier,5,14,20357.33,1500.0,True,True,05:39:17.330000
Sat_01778,New World Point Chevalier;New World Newmarket;Four Square Ellerslie;Four Square Onehunga;Pak 'n Save Mangere,5,14,20056.1,1500.0,True,True,05:34:16.100000
Sat_01779,New World Point Chevalier;New World Newmarket;Four Square Ellerslie;Pak 'n Save Royal Oak;Four Square Onehunga,5,14,19106.18,1500.0,True,True,05:18:26.180000
Sat_01780,New World Point Chevalier;New World Newmarket;Pak 'n Save Sylvia Park;Four Square Ellerslie;Four Square Onehunga,5,14,19639.89,1500.0,True,True,05:27:19.890000
Sat_01781,New World Newmarket;New World Stonefields;Four Square Ellerslie;Four Square Onehunga,4,8,12681.27,774.97,True,False,03:31:21.270000
Sat_01782,Four Square Onehunga;Four Square Ellerslie;New World Stonefields;New World Newmarket;New World Victoria Park,5,11,16641.75,1190.0,True,True,04:37:21.750000
Sat_01783,Four Square Onehunga;Four Square Ellerslie;New World Stonefields;Pak 'n Save Glen Innes;New World Newmarket,5,14,20117.35,1500.0,True,True,05:35:17.350000
Sat_01784,New World Newmarket;New World Stonefields;Four Square Ellerslie;Four Square Onehunga;Pak 'n Save Mangere,5,14,20356.71,1500.0,True,True,05:39:16.710000
Sat_01785,Pak 'n Save Royal Oak;New World Newmarket;New World Stonefields;Four Square Ellerslie;Four Square Onehunga,5,14,19228.09,1500.0,True,True,05:20:28.090000
Sat_01786,New World Newmarket;Four Square Ellerslie;New World Stonefields;Pak 'n Save Sylvia Park;Four Square Onehunga,5,14,19670.97,1500.0,True,True,05:27:50.970000
Sat_01787,New World Victoria Park;New World Newmarket;Four Square Ellerslie;Four Square Onehunga,4,8,12767.59,780.24,True,False,03:32:47.590000
Sat_01788,Four Square Onehunga;Four Square Ellerslie;Pak 'n Save Glen Innes;New World Newmarket;New World Victoria Park,5,14,20676.29,1500.0,True,True,05:44:36.290000
Sat_01789,New World Victoria Park;New World Newmarket;Four Square Ellerslie;Four Square Onehunga;Pak 'n Save Mangere,5,14,20443.03,1500.0,True,True,05:40:43.030000
Sat_01790,Pak 'n Save Royal Oak;Four Square Onehunga;Four Square Ellerslie;New World Newmarket;New World Victoria Park,5,14,19484.36,1500.0,True,True,05:24:44.360000
Sat_01791,New World Victoria Park;New World Newmarket;Pak 'n Save Sylvia Park;Four Square Ellerslie;Four Square Onehunga,5,14,20026.82,1500.0,True,True,05:33:46.820000
Sat_01792,Four Square Onehunga;Four Square Ellerslie;Pak 'n Save Glen Innes;New World Newmarket,4,11,16726.44,1190.0,True,True,04:38:46.440000
Sat_01793,New World Newmarket;Four Square Ellerslie;Four Square Onehunga;Pak 'n Save Mangere,4,11,16339.36,1190.0,True,True,04:32:19.360000
Sat_01794,Pak 'n Save Royal Oak;New World Newmarket;Four Square Ellerslie;Four Square Onehunga,4,11,15210.74,1190.0,True,True,04:13:30.740000
Sat_01795,New World Newmarket;Pak 'n Save Sylvia Park;Four Square Ellerslie;Four Square Onehunga,4,11,15923.15,1190.0,True,True,04:25:23.150000
Sat_01796,Four Square Onehunga;Four Square Ellerslie;New World Stonefields,3,5,9102.78,556.28,False,False,02:31:42.780000
Sat_01797,Four Square Onehunga;Four Square Ellerslie;New World Stonefields;Pak 'n Save Glen Innes,4,11,16645.58,1190.0,True,True,04:37:25.580000
Sat_01798,Four Square Onehunga;Four Square Ellerslie;New World Stonefields;Pak 'n Save Mangere,4,11,16834.85,1190.0,True,True,04:40:34.850000
Sat_01799,Pak 'n Save Royal Oak;New World Stonefields;Four Square Ellerslie;Four Square Onehunga,4,11,15438.78,1190.0,True,True,04:17:18.780000
Sat_01800,Four Square Onehunga;Four Square Ellerslie;New World Stonefields;Pak 'n Save Sylvia Park,4,11,16128.88,1190.0,True,True,04:28:48.880000
Sat_01801,Four Square Onehunga;Four Square Ellerslie;Pak 'n Save Glen Innes,3,8,13254.67,810.01,True,False,03:40:54.670000
Sat_01802,Four Square Onehunga;Four Square Ellerslie;Pak 'n Save Glen Innes;Pak 'n Save Mangere,4,14,20887.45,1500.0,True,True,05:48:07.450000
Sat_01803,Pak 'n Save Royal Oak;Pak 'n Save Glen Innes;Four Square Ellerslie;Four Square Onehunga,4,14,19590.67,1500.0,True,True,05:26:30.670000
Sat_01804,Four Square Onehunga;Four Square Ellerslie;Pak 'n Save Glen Innes;Pak 'n Save Sylvia Park,4,14,20149.71,1500.0,True,True,05:35:49.710000
Sat_01805,Four Square Ellerslie;Four Square Onehunga;Pak 'n Save Mangere,3,8,12878.46,787.02,True,False,03:34:38.460000
Sat_01806,Pak 'n Save Mangere;Pak 'n Save Sylvia Park;Four Square Ellerslie;Four Square Onehunga,4,14,19771.05,1500.0,True,True,05:29:31.050000
Sat_01807,Pak 'n Save Royal Oak;Four Square Ellerslie;Four Square Onehunga,3,8,11393.82,696.29,False,False,03:09:53.820000
Sat_01808,Pak 'n Save Royal Oak;Pak 'n Save Sylvia Park;Four Square Ellerslie;Four Square Onehunga,4,14,18682.47,1500.0,True,True,05:11:22.470000
Sat_01809,Pak 'n Save Sylvia Park;Four Square Ellerslie;Four Square Onehunga,3,8,12462.25,761.58,False,False,03:27:42.250000
Sat_01810,Four Square Ellerslie;Four Square Remuera,2,2,5776.74,353.02,False,False,01:36:16.740000
Sat_01811,Four Square Ellerslie;Four Square Remuera;Four Square St Heliers,3,3,8280.98,506.06,False,False,02:18:00.980000
Sat_01812,Four Square Ellerslie;Four Square Remuera;Four Square St Heliers;New World Metro Queen St,4,5,10830.88,661.89,False,False,03:00:30.880000
Sat_01813,New World Remuera;Four Square Remuera;Four Square Ellerslie;Four Square St Heliers;New World Metro Queen St,5,7,13311.46,813.48,True,False,03:41:51.460000
Sat_01814,Four Square Ellerslie;Four Square Remuera;Four Square St Heliers;New World Eastridge;New World Metro Queen St,5,8,14260.54,871.48,True,False,03:57:40.540000
Sat_01815,Four Square Ellerslie;Four Square Remuera;Four Square St Heliers;New World Metro Queen St;New World Mt Albert,5,8,14232.22,869.75,True,False,03:57:12.220000
Sat_01816,New World Newmarket;Four Square Ellerslie;Four Square Remuera;Four Square St Heliers;New World Metro Queen St,5,8,14291.78,873.39,True,False,03:58:11.780000
Sat_01817,Four Square Ellerslie;Four Square Remuera;Four Square St Heliers;New World Metro Queen St;New World Point Chevalier,5,8,14461.77,1190.0,True,True,04:01:01.770000
Sat_01818,Four Square Ellerslie;Four Square Remuera;New World Stonefields;Four Square St Heliers;New World Metro Queen St,5,8,14398.53,879.91,True,False,03:59:58.530000
Sat_01819,Four Square Ellerslie;Four Square Remuera;Four Square St Heliers;New World Metro Queen St;New World Victoria Park,5,8,14364.77,877.85,True,False,03:59:24.770000
Sat_01820,Four Square Ellerslie;Four Square Remuera;Pak 'n Save Glen Innes;Four Square St Heliers;New World Metro Queen St,5,11,17670.23,1190.0,True,True,04:54:30.230000
Sat_01821,Pak 'n Save Royal Oak;Four Square Ellerslie;Four Square Remuera;Four Square St Heliers;New World Metro Queen St,5,11,17021.68,1190.0,True,True,04:43:41.680000
Sat_01822,Pak 'n Save Sylvia Park;Four Square Ellerslie;Four Square Remuera;Four Square St Heliers;New World Metro Queen St,5,11,18090.11,1500.0,True,True,05:01:30.110000
Sat_01823,Four Square Ellerslie;Four Square St Heliers;Four Square Remuera;New World Remuera,4,5,10733.24,655.92,False,False,02:58:53.240000
Sat_01824,Four Square Ellerslie;Four Square St Heliers;New World Eastridge;Four Square Remuera;New World Remuera,5,8,14162.56,865.49,True,False,03:56:02.560000
Sat_01825,Four Square Ellerslie;Four Square St Heliers;Four Square Remuera;New World Remuera;New World Newmarket,5,8,14111.22,862.35,True,False,03:55:11.220000
Sat_01826,Four Square Ellerslie;New World Stonefields;Four Square St Heliers;Four Square Remuera;New World Remuera,5,8,14180.41,866.58,True,False,03:56:20.410000
Sat_01827,Four Square Ellerslie;Four Square St Heliers;Pak 'n Save Glen Innes;Four Square Remuera;New World Remuera,5,11,17557.48,1190.0,True,True,04:52:37.480000
Sat_01828,Pak 'n Save Royal Oak;Four Square Ellerslie;Four Square St Heliers;Four Square Remuera;New World Remuera,5,11,16924.04,1190.0,True,True,04:42:04.040000
Sat_01829,New World Remuera;Four Square Remuera;Four Square St Heliers;Pak 'n Save Sylvia Park;Four Square Ellerslie,5,11,17804.28,1190.0,True,True,04:56:44.280000
Sat_01830,Four Square Ellerslie;Four Square Remuera;Four Square St Heliers;New World Eastridge,4,6,11710.64,715.65,False,False,03:15:10.640000
Sat_01831,Four Square Ellerslie;Four Square Remuera;Four Square St Heliers;New World Eastridge;New World Newmarket,5,9,15163.25,1190.0,True,True,04:12:43.250000
Sat_01832,Four Square Ellerslie;New World Stonefields;Four Square St Heliers;New World Eastridge;Four Square Remuera,5,9,15239.95,1190.0,True,True,04:13:59.950000
Sat_01833,Four Square Ellerslie;Four Square Remuera;Pak 'n Save Glen Innes;Four Square St Heliers;New World Eastridge,5,12,18549.99,1500.0,True,True,05:09:09.990000
Sat_01834,Pak 'n Save Royal Oak;Four Square Ellerslie;Four Square Remuera;Four Square St Heliers;New World Eastridge,5,12,17901.44,1190.0,True,True,04:58:21.440000
Sat_01835,Four Square Ellerslie;Pak 'n Save Sylvia Park;Four Square St Heliers;New World Eastridge;Four Square Remuera,5,12,18953.61,1500.0,True,True,05:15:53.610000
Sat_01836,New World Newmarket;Four Square Ellerslie;Four Square Remuera;Four Square St Heliers,4,6,11741.88,717.56,False,False,03:15:41.880000
Sat_01837,New World Newmarket;Four Square Ellerslie;Four Square Remuera;Four Square St Heliers;New World Point Chevalier,5,9,15372.77,1190.0,True,True,04:16:12.770000
Sat_01838,New World Newmarket;Four Square Ellerslie;New World Stonefields;Four Square St Heliers;Four Square Remuera,5,9,15271.53,1190.0,True,True,04:14:31.530000
Sat_01839,Four Square Ellerslie;Four Square Remuera;Four Square St Heliers;New World Newmarket;New World Victoria Park,5,9,15764.9,1190.0,True,True,04:22:44.900000
Sat_01840,New World Newmarket;Four Square Ellerslie;Four Square Remuera;Pak 'n Save Glen Innes;Four Square St Heliers,5,12,18581.23,1500.0,True,True,05:09:41.230000
Sat_01841,Pak 'n Save Royal Oak;Four Square Ellerslie;Four Square Remuera;Four Square St Heliers;New World Newmarket,5,12,18005.85,1500.0,True,True,05:00:05.850000
Sat_01842,New World Newmarket;Four Square Ellerslie;Four Square Remuera;Four Square St Heliers;Pak 'n Save Sylvia Park,5,12,18961.97,1500.0,True,True,05:16:01.970000
Sat_01843,Four Square Ellerslie;New World Stonefields;Four Square St Heliers;Four Square Remuera,4,6,11810.63,721.76,False,False,03:16:50.630000
Sat_01844,Four Square Ellerslie;New World Stonefields;Pak 'n Save Glen Innes;Four Square St Heliers;Four Square Remuera,5,12,18593.72,1500.0,True,True,05:09:53.720000
Sat_01845,Pak 'n Save Royal Oak;Four Square Ellerslie;New World Stonefields;Four Square St Heliers;Four Square Remuera,5,12,18001.43,1500.0,True,True,05:00:01.430000
Sat_01846,Four Square Ellerslie;Four Square Remuera;Four Square St Heliers;New World Stonefields;Pak 'n Save Sylvia Park,5,12,18943.44,1500.0,True,True,05:15:43.440000
Sat_01847,Four Square Ellerslie;Four Square Remuera;Pak 'n Save Glen Innes;Four Square St Heliers,4,9,15120.33,1190.0,True,True,04:12:00.330000
Sat_01848,Pak 'n Save Royal Oak;Four Square Ellerslie;Four Square Remuera;Pak 'n Save Glen Innes;Four Square St Heliers,5,15,21311.13,1500.0,True,True,05:55:11.130000
Sat_01849,Four Square Ellerslie;Pak 'n Save Sylvia Park;Pak 'n Save Glen Innes;Four Square St Heliers;Four Square Remuera,5,15,22171.55,1810.0,True,True,06:09:31.550000
Sat_01850,Pak 'n Save Royal Oak;Four Square Ellerslie;Four Square Remuera;Four Square St Heliers,4,9,14471.78,1190.0,True,True,04:01:11.780000
Sat_01851,Pak 'n Save Royal Oak;Four Square Ellerslie;Four Square Remuera;Four Square St Heliers;Pak 'n Save Sylvia Park,5,15,21691.87,1810.0,True,True,06:01:31.870000
Sat_01852,Four Square Ellerslie;Four Square Remuera;Four Square St Heliers;Pak 'n Save Sylvia Park,4,9,15501.07,1190.0,True,True,04:18:21.070000
Sat_01853,Four Square Ellerslie;Four Square Remuera;New World Metro Queen St,3,4,8587.03,524.76,False,False,02:23:07.030000
Sat_01854,Four Square Ellerslie;Four Square Remuera;New World Remuera;New World Metro Queen St,4,6,10956.82,669.58,False,False,03:02:36.820000
Sat_01855,Four Square Ellerslie;Four Square Remuera;New World Remuera;New World Eastridge;New World Metro Queen St,5,9,14981.22,1190.0,True,True,04:09:41.220000
Sat_01856,Four Square Ellerslie;Four Square Remuera;New World Remuera;New World Metro Queen St;New World Mt Albert,5,9,14358.16,877.44,True,False,03:59:18.160000
Sat_01857,Four Square Ellerslie;Four Square Remuera;New World Remuera;New World Newmarket;New World Metro Queen St,5,9,14334.8,876.02,True,False,03:58:54.800000
Sat_01858,Four Square Ellerslie;Four Square Remuera;New World Remuera;New World Metro Queen St;New World Point Chevalier,5,9,14587.71,1190.0,True,True,04:03:07.710000
Sat_01859,Four Square Ellerslie;New World Stonefields;Four Square Remuera;New World Remuera;New World Metro Queen St,5,9,14749.73,1190.0,True,True,04:05:49.730000
Sat_01860,New World Victoria Park;New World Metro Queen St;Four Square Ellerslie;Four Square Remuera;New World Remuera,5,9,14483.81,1190.0,True,True,04:01:23.810000
Sat_01861,New World Remuera;Four Square Remuera;Four Square Ellerslie;Pak 'n Save Glen Innes;New World Metro Queen St,5,12,18776.07,1500.0,True,True,05:12:56.070000
Sat_01862,Pak 'n Save Royal Oak;Four Square Ellerslie;Four Square Remuera;New World Remuera;New World Metro Queen St,5,12,17147.62,1190.0,True,True,04:45:47.620000
Sat_01863,Pak 'n Save Sylvia Park;Four Square Ellerslie;Four Square Remuera;New World Remuera;New World Metro Queen St,5,12,18216.05,1500.0,True,True,05:03:36.050000
Sat_01864,Four Square Ellerslie;Four Square Remuera;New World Eastridge;New World Metro Queen St,4,7,12483.29,762.87,False,False,03:28:03.290000
Sat_01865,Four Square Ellerslie;Four Square Remuera;New World Eastridge;New World Metro Queen St;New World Mt Albert,5,10,15884.63,1190.0,True,True,04:24:44.630000
Sat_01866,New World Newmarket;Four Square Ellerslie;Four Square Remuera;New World Eastridge;New World Metro Queen St,5,10,15944.19,1190.0,True,True,04:25:44.190000
Sat_01867,Four Square Ellerslie;Four Square Remuera;New World Eastridge;New World Metro Queen St;New World Point Chevalier,5,10,16114.18,1190.0,True,True,04:28:34.180000
Sat_01868,Four Square Ellerslie;New World Stonefields;Four Square Remuera;New World Eastridge;New World Metro Queen St,5,10,16276.2,1190.0,True,True,04:31:16.200000
Sat_01869,Four Square Ellerslie;Four Square Remuera;New World Eastridge;New World Metro Queen St;New World Victoria Park,5,10,16017.18,1190.0,True,True,04:26:57.180000
Sat_01870,Four Square Ellerslie;Four Square Remuera;Pak 'n Save Glen Innes;New World Eastridge;New World Metro Queen St,5,13,19643.69,1500.0,True,True,05:27:23.690000
Sat_01871,Pak 'n Save Royal Oak;Four Square Ellerslie;Four Square Remuera;New World Eastridge;New World Metro Queen St,5,13,18674.09,1500.0,True,True,05:11:14.090000
Sat_01872,Pak 'n Save Sylvia Park;Four Square Ellerslie;Four Square Remuera;New World Eastridge;New World Metro Queen St,5,13,19742.52,1500.0,True,True,05:29:02.520000
Sat_01873,Four Square Ellerslie;Four Square Remuera;New World Metro Queen St;New World Mt Albert,4,7,11988.37,732.62,False,False,03:19:48.370000
Sat_01874,Four Square Ellerslie;Four Square Remuera;New World Metro Queen St;New World Mt Albert;New World New Lynn,5,10,16190.35,1190.0,True,True,04:29:50.350000
Sat_01875,New World Newmarket;Four Square Ellerslie;Four Square Remuera;New World Metro Queen St;New World Mt Albert,5,10,15449.27,1190.0,True,True,04:17:29.270000
Sat_01876,New World Mt Albert;New World Point Chevalier;Four Square Ellerslie;Four Square Remuera;New World Metro Queen St,5,10,15568.32,1190.0,True,True,04:19:28.320000
Sat_01877,Four Square Ellerslie;New World Stonefields;Four Square Remuera;New World Metro Queen St;New World Mt Albert,5,10,15781.28,1190.0,True,True,04:23:01.280000
Sat_01878,New World Mt Albert;New World Victoria Park;New World Metro Queen St;Four Square Ellerslie;Four Square Remuera,5,10,15431.28,1190.0,True,True,04:17:11.280000
Sat_01879,Four Square Ellerslie;Four Square Remuera;New World Metro Queen St;New World Mt Albert;Pak 'n Save Mt Albert,5,12,17694.75,1190.0,True,True,04:54:54.750000
Sat_01880,Four Square Ellerslie;Four Square Remuera;Pak 'n Save Glen Innes;New World Metro Queen St;New World Mt Albert,5,13,19696.83,1500.0,True,True,05:28:16.830000
Sat_01881,Pak 'n Save Royal Oak;Four Square Ellerslie;Four Square Remuera;New World Metro Queen St;New World Mt Albert,5,13,18179.17,1500.0,True,True,05:02:59.170000
Sat_01882,Pak 'n Save Sylvia Park;Four Square Ellerslie;Four Square Remuera;New World Metro Queen St;New World Mt Albert,5,13,19247.6,1500.0,True,True,05:20:47.600000
Sat_01883,New World Newmarket;Four Square Ellerslie;Four Square Remuera;New World Metro Queen St,4,7,12047.93,736.26,False,False,03:20:47.930000
Sat_01884,New World Newmarket;Four Square Ellerslie;Four Square Remuera;New World Metro Queen St;New World Point Chevalier,5,10,15678.82,1190.0,True,True,04:21:18.820000
Sat_01885,New World Newmarket;Four Square Ellerslie;New World Stonefields;Four Square Remuera;New World Metro Queen St,5,10,15840.84,1190.0,True,True,04:24:00.840000
Sat_01886,New World Victoria Park;New World Metro Queen St;New World Newmarket;Four Square Ellerslie;Four Square Remuera,5,10,15574.92,1190.0,True,True,04:19:34.920000
Sat_01887,New World Newmarket;Four Square Ellerslie;Four Square Remuera;Pak 'n Save Glen Innes;New World Metro Queen St,5,13,19756.39,1500.0,True,True,05:29:16.390000
Sat_01888,Pak 'n Save Royal Oak;Four Square Ellerslie;Four Square Remuera;New World Newmarket;New World Metro Queen St,5,13,18285.36,1500.0,True,True,05:04:45.360000
Sat_01889,New World Newmarket;Pak 'n Save Sylvia Park;Four Square Ellerslie;Four Square Remuera;New World Metro Queen St,5,13,19307.16,1500.0,True,True,05:21:47.160000
Sat_01890,Four Square Ellerslie;Four Square Remuera;New World Metro Queen St;New World Point Chevalier,4,7,12217.92,746.65,False,False,03:23:37.920000
Sat_01891,Four Square Ellerslie;New World Stonefields;Four Square Remuera;New World Metro Queen St;New World Point Chevalier,5,10,16010.83,1190.0,True,True,04:26:50.830000
Sat_01892,New World Victoria Park;New World Metro Queen St;Four Square Ellerslie;Four Square Remuera;New World Point Chevalier,5,10,15744.92,1190.0,True,True,04:22:24.920000
Sat_01893,Pak 'n Save Mt Albert;New World Point Chevalier;Four Square Ellerslie;Four Square Remuera;New World Metro Queen St,5,12,17681.87,1190.0,True,True,04:54:41.870000
Sat_01894,Four Square Ellerslie;Four Square Remuera;Pak 'n Save Glen Innes;New World Metro Queen St;New World Point Chevalier,5,13,19926.38,1500.0,True,True,05:32:06.380000
Sat_01895,Pak 'n Save Royal Oak;Four Square Ellerslie;Four Square Remuera;New World Metro Queen St;New World Point Chevalier,5,13,18408.72,1500.0,True,True,05:06:48.720000
Sat_01896,Pak 'n Save Sylvia Park;Four Square Ellerslie;Four Square Remuera;New World Metro Queen St;New World Point Chevalier,5,13,19477.15,1500.0,True,True,05:24:37.150000
Sat_01897,Four Square Ellerslie;New World Stonefields;Four Square Remuera;New World Metro Queen St,4,7,12379.94,756.55,False,False,03:26:19.940000
Sat_01898,New World Victoria Park;New World Metro Queen St;Four Square Ellerslie;New World Stonefields;Four Square Remuera,5,10,15906.94,1190.0,True,True,04:25:06.940000
Sat_01899,Four Square Ellerslie;Four Square Remuera;New World Stonefields;Pak 'n Save Glen Innes;New World Metro Queen St,5,13,19806.88,1500.0,True,True,05:30:06.880000
Sat_01900,Pak 'n Save Royal Oak;Four Square Ellerslie;New World Stonefields;Four Square Remuera;New World Metro Queen St,5,13,18570.74,1500.0,True,True,05:09:30.740000
Sat_01901,Four Square Ellerslie;Four Square Remuera;New World Stonefields;Pak 'n Save Sylvia Park;New World Metro Queen St,5,13,19531.42,1500.0,True,True,05:25:31.420000
Sat_01902,New World Victoria Park;New World Metro Queen St;Four Square Ellerslie;Four Square Remuera,4,7,12114.03,740.3,False,False,03:21:54.030000
Sat_01903,Four Square Ellerslie;Four Square Remuera;Pak 'n Save Glen Innes;New World Metro Queen St;New World Victoria Park,5,13,19829.38,1500.0,True,True,05:30:29.380000
Sat_01904,Pak 'n Save Royal Oak;Four Square Ellerslie;Four Square Remuera;New World Metro Queen St;New World Victoria Park,5,13,18311.72,1500.0,True,True,05:05:11.720000
Sat_01905,New World Victoria Park;New World Metro Queen St;Pak 'n Save Sylvia Park;Four Square Ellerslie;Four Square Remuera,5,13,19373.26,1500.0,True,True,05:22:53.260000
Sat_01906,Four Square Ellerslie;Four Square Remuera;Pak 'n Save Glen Innes;New World Metro Queen St,4,10,16295.49,1190.0,True,True,04:31:35.490000
Sat_01907,Pak 'n Save Royal Oak;Four Square Ellerslie;Four Square Remuera;Pak 'n Save Glen Innes;New World Metro Queen St,5,16,22486.29,1810.0,True,True,06:14:46.290000
Sat_01908,Four Square Ellerslie;Pak 'n Save Sylvia Park;Pak 'n Save Glen Innes;Four Square Remuera;New World Metro Queen St,5,16,23392.37,1810.0,True,True,06:29:52.370000
Sat_01909,Pak 'n Save Royal Oak;Four Square Ellerslie;Four Square Remuera;New World Metro Queen St,4,10,14777.83,1190.0,True,True,04:06:17.830000
Sat_01910,Pak 'n Save Royal Oak;Pak 'n Save Sylvia Park;Four Square Ellerslie;Four Square Remuera;New World Metro Queen St,5,16,22066.48,1810.0,True,True,06:07:46.480000
Sat_01911,Pak 'n Save Sylvia Park;Four Square Ellerslie;Four Square Remuera;New World Metro Queen St,4,10,15846.26,1190.0,True,True,04:24:06.260000
Sat_01912,Four Square Ellerslie;Four Square Remuera;New World Remuera,3,4,8146.52,497.84,False,False,02:15:46.520000
Sat_01913,Four Square Ellerslie;Four Square Remuera;New World Eastridge;New World Remuera,4,7,12401.61,757.88,False,False,03:26:41.610000
Sat_01914,Four Square Ellerslie;Four Square Remuera;New World Eastridge;New World Remuera;New World Newmarket,5,10,15779.59,1190.0,True,True,04:22:59.590000
Sat_01915,Four Square Ellerslie;New World Stonefields;New World Eastridge;Four Square Remuera;New World Remuera,5,10,16068.35,1190.0,True,True,04:27:48.350000
Sat_01916,Four Square Ellerslie;Pak 'n Save Glen Innes;New World Eastridge;Four Square Remuera;New World Remuera,5,13,19545.71,1500.0,True,True,05:25:45.710000
Sat_01917,Pak 'n Save Royal Oak;Four Square Ellerslie;Four Square Remuera;New World Eastridge;New World Remuera,5,13,18592.41,1500.0,True,True,05:09:52.410000
Sat_01918,Pak 'n Save Sylvia Park;Four Square Ellerslie;Four Square Remuera;New World Eastridge;New World Remuera,5,13,19660.84,1500.0,True,True,05:27:40.840000
Sat_01919,Four Square Ellerslie;Four Square Remuera;New World Remuera;New World Newmarket,4,7,11524.5,704.28,False,False,03:12:04.500000
Sat_01920,Four Square Ellerslie;Four Square Remuera;New World Remuera;New World Newmarket;New World Point Chevalier,5,10,15155.39,1190.0,True,True,04:12:35.390000
Sat_01921,Four Square Ellerslie;New World Stonefields;Four Square Remuera;New World Remuera;New World Newmarket,5,10,15317.41,1190.0,True,True,04:15:17.410000
Sat_01922,Four Square Ellerslie;Four Square Remuera;New World Remuera;New World Newmarket;New World Victoria Park,5,10,15474.35,1190.0,True,True,04:17:54.350000
Sat_01923,Four Square Ellerslie;Pak 'n Save Glen Innes;Four Square Remuera;New World Remuera;New World Newmarket,5,13,19361.1,1500.0,True,True,05:22:41.100000
Sat_01924,Pak 'n Save Royal Oak;Four Square Ellerslie;Four Square Remuera;New World Remuera;New World Newmarket,5,13,17715.3,1190.0,True,True,04:55:15.300000
Sat_01925,Pak 'n Save Sylvia Park;Four Square Ellerslie;Four Square Remuera;New World Remuera;New World Newmarket,5,13,18783.73,1500.0,True,True,05:13:03.730000
Sat_01926,Four Square Ellerslie;New World Stonefields;Four Square Remuera;New World Remuera,4,7,11939.43,729.63,False,False,03:18:59.430000
Sat_01927,Four Square Ellerslie;New World Stonefields;Pak 'n Save Glen Innes;Four Square Remuera;New World Remuera,5,13,19374.03,1500.0,True,True,05:22:54.030000
Sat_01928,Pak 'n Save Royal Oak;Four Square Ellerslie;New World Stonefields;Four Square Remuera;New World Remuera,5,13,18130.23,1500.0,True,True,05:02:10.230000
Sat_01929,New World Remuera;Four Square Remuera;New World Stonefields;Pak 'n Save Sylvia Park;Four Square Ellerslie,5,13,19024.33,1500.0,True,True,05:17:04.330000
Sat_01930,Four Square Ellerslie;Pak 'n Save Glen Innes;Four Square Remuera;New World Remuera,4,10,15983.12,1190.0,True,True,04:26:23.120000
Sat_01931,Pak 'n Save Royal Oak;Four Square Ellerslie;Pak 'n Save Glen Innes;Four Square Remuera;New World Remuera,5,16,22173.92,1810.0,True,True,06:09:33.920000
Sat_01932,New World Remuera;Four Square Remuera;Pak 'n Save Glen Innes;Pak 'n Save Sylvia Park;Four Square Ellerslie,5,16,22924.68,1810.0,True,True,06:22:04.680000
Sat_01933,Pak 'n Save Royal Oak;Four Square Ellerslie;Four Square Remuera;New World Remuera,4,10,14337.32,876.17,True,False,03:58:57.320000
Sat_01934,Pak 'n Save Royal Oak;Pak 'n Save Sylvia Park;Four Square Ellerslie;Four Square Remuera;New World Remuera,5,16,21625.97,1810.0,True,True,06:00:25.970000
Sat_01935,Pak 'n Save Sylvia Park;Four Square Ellerslie;Four Square Remuera;New World Remuera,4,10,15405.75,1190.0,True,True,04:16:45.750000
Sat_01936,Four Square Ellerslie;Four Square Remuera;New World Eastridge,3,5,9933.39,607.04,False,False,02:45:33.390000
Sat_01937,Four Square Ellerslie;Four Square Remuera;New World Eastridge;New World Newmarket,4,8,13386.0,818.03,True,False,03:43:06
Sat_01938,Four Square Ellerslie;Four Square Remuera;New World Eastridge;New World Newmarket;New World Point Chevalier,5,11,17016.89,1190.0,True,True,04:43:36.890000
Sat_01939,New World Newmarket;Four Square Ellerslie;New World Stonefields;New World Eastridge;Four Square Remuera,5,11,17159.47,1190.0,True,True,04:45:59.470000
Sat_01940,Four Square Ellerslie;Four Square Remuera;New World Eastridge;New World Newmarket;New World Victoria Park,5,11,17335.85,1190.0,True,True,04:48:55.850000
Sat_01941,Four Square Ellerslie;Four Square Remuera;Pak 'n Save Glen Innes;New World Eastridge;New World Newmarket,5,14,20546.4,1500.0,True,True,05:42:26.400000
Sat_01942,Pak 'n Save Royal Oak;Four Square Ellerslie;Four Square Remuera;New World Eastridge;New World Newmarket,5,14,19576.8,1500.0,True,True,05:26:16.800000
Sat_01943,Pak 'n Save Sylvia Park;Four Square Ellerslie;Four Square Remuera;New World Eastridge;New World Newmarket,5,14,20645.23,1500.0,True,True,05:44:05.230000
Sat_01944,Four Square Ellerslie;New World Stonefields;New World Eastridge;Four Square Remuera,4,8,13698.57,837.13,True,False,03:48:18.570000
Sat_01945,Four Square Ellerslie;New World Stonefields;Pak 'n Save Glen Innes;New World Eastridge;Four Square Remuera,5,14,20566.84,1500.0,True,True,05:42:46.840000
Sat_01946,Pak 'n Save Royal Oak;Four Square Ellerslie;New World Stonefields;New World Eastridge;Four Square Remuera,5,14,19889.37,1500.0,True,True,05:31:29.370000
Sat_01947,Four Square Ellerslie;Pak 'n Save Sylvia Park;New World Stonefields;New World Eastridge;Four Square Remuera,5,14,20871.0,1500.0,True,True,05:47:51
Sat_01948,Four Square Ellerslie;Four Square Remuera;Pak 'n Save Glen Innes;New World Eastridge,4,11,17093.79,1190.0,True,True,04:44:53.790000
Sat_01949,Pak 'n Save Royal Oak;Four Square Ellerslie;Four Square Remuera;New World Eastridge,4,11,16124.19,1190.0,True,True,04:28:44.190000
Sat_01950,Pak 'n Save Sylvia Park;Four Square Ellerslie;Four Square Remuera;New World Eastridge,4,11,17192.62,1190.0,True,True,04:46:32.620000
Sat_01951,New World Newmarket;Four Square Ellerslie;Four Square Remuera,3,5,9237.64,564.52,False,False,02:33:57.640000
Sat_01952,New World Newmarket;Four Square Ellerslie;Four Square Remuera;New World Point Chevalier,4,8,12868.53,786.41,True,False,03:34:28.530000
Sat_01953,New World Newmarket;Four Square Ellerslie;New World Stonefields;Four Square Remuera;New World Point Chevalier,5,11,16661.44,1190.0,True,True,04:37:41.440000
Sat_01954,New World Newmarket;Four Square Ellerslie;Four Square Remuera;New World Victoria Park;New World Point Chevalier,5,11,16818.37,1190.0,True,True,04:40:18.370000
Sat_01955,Pak 'n Save Mt Albert;New World Point Chevalier;New World Newmarket;Four Square Ellerslie;Four Square Remuera,5,13,18332.48,1500.0,True,True,05:05:32.480000
Sat_01956,New World Newmarket;Four Square Ellerslie;Pak 'n Save Glen Innes;Four Square Remuera;New World Point Chevalier,5,14,20705.13,1500.0,True,True,05:45:05.130000
Sat_01957,Pak 'n Save Royal Oak;Four Square Ellerslie;Four Square Remuera;New World Newmarket;New World Point Chevalier,5,14,19105.95,1500.0,True,True,05:18:25.950000
Sat_01958,New World Newmarket;Pak 'n Save Sylvia Park;Four Square Ellerslie;Four Square Remuera;New World Point Chevalier,5,14,20127.76,1500.0,True,True,05:35:27.760000
Sat_01959,New World Newmarket;Four Square Ellerslie;New World Stonefields;Four Square Remuera,4,8,13030.55,796.31,True,False,03:37:10.550000
Sat_01960,New World Newmarket;Four Square Ellerslie;New World Stonefields;Four Square Remuera;New World Victoria Park,5,11,16980.39,1190.0,True,True,04:43:00.390000
Sat_01961,New World Newmarket;Four Square Ellerslie;New World Stonefields;Pak 'n Save Glen Innes;Four Square Remuera,5,14,20465.15,1500.0,True,True,05:41:05.150000
Sat_01962,Pak 'n Save Royal Oak;Four Square Ellerslie;New World Stonefields;Four Square Remuera;New World Newmarket,5,14,19267.97,1500.0,True,True,05:21:07.970000
Sat_01963,New World Newmarket;Four Square Ellerslie;Four Square Remuera;New World Stonefields;Pak 'n Save Sylvia Park,5,14,20182.02,1500.0,True,True,05:36:22.020000
Sat_01964,New World Newmarket;Four Square Ellerslie;Four Square Remuera;New World Victoria Park,4,8,13187.48,805.9,True,False,03:39:47.480000
Sat_01965,New World Newmarket;Four Square Ellerslie;Pak 'n Save Glen Innes;Four Square Remuera;New World Victoria Park,5,14,21024.08,1500.0,True,True,05:50:24.080000
Sat_01966,Pak 'n Save Royal Oak;Four Square Ellerslie;Four Square Remuera;New World Newmarket;New World Victoria Park,5,14,19424.91,1500.0,True,True,05:23:44.910000
Sat_01967,New World Newmarket;Pak 'n Save Sylvia Park;Four Square Ellerslie;Four Square Remuera;New World Victoria Park,5,14,20446.71,1500.0,True,True,05:40:46.710000
Sat_01968,New World Newmarket;Four Square Ellerslie;Pak 'n Save Glen Innes;Four Square Remuera,4,11,17074.24,1190.0,True,True,04:44:34.240000
Sat_01969,Pak 'n Save Royal Oak;Four Square Ellerslie;Four Square Remuera;New World Newmarket,4,11,15475.06,1190.0,True,True,04:17:55.060000
Sat_01970,New World Newmarket;Pak 'n Save Sylvia Park;Four Square Ellerslie;Four Square Remuera,4,11,16496.87,1190.0,True,True,04:34:56.870000
Sat_01971,Four Square Ellerslie;New World Stonefields;Four Square Remuera,3,5,9569.65,584.81,False,False,02:39:29.650000
Sat_01972,Four Square Ellerslie;New World Stonefields;Pak 'n Save Glen Innes;Four Square Remuera,4,11,17004.25,1190.0,True,True,04:43:24.250000
Sat_01973,Pak 'n Save Royal Oak;Four Square Ellerslie;New World Stonefields;Four Square Remuera,4,11,15760.45,1190.0,True,True,04:22:40.450000
Sat_01974,Four Square Ellerslie;Four Square Remuera;New World Stonefields;Pak 'n Save Sylvia Park,4,11,16721.12,1190.0,True,True,04:38:41.120000
Sat_01975,Four Square Ellerslie;Pak 'n Save Glen Innes;Four Square Remuera,3,8,13613.34,831.93,True,False,03:46:53.340000
Sat_01976,Pak 'n Save Royal Oak;Four Square Ellerslie;Pak 'n Save Glen Innes;Four Square Remuera,4,14,19804.14,1500.0,True,True,05:30:04.140000
Sat_01977,Four Square Ellerslie;Pak 'n Save Sylvia Park;Pak 'n Save Glen Innes;Four Square Remuera,4,14,20582.08,1500.0,True,True,05:43:02.080000
Sat_01978,Pak 'n Save Royal Oak;Four Square Ellerslie;Four Square Remuera,3,8,11967.54,731.35,False,False,03:19:27.540000
Sat_01979,Pak 'n Save Royal Oak;Pak 'n Save Sylvia Park;Four Square Ellerslie;Four Square Remuera,4,14,19256.19,1500.0,True,True,05:20:56.190000
Sat_01980,Pak 'n Save Sylvia Park;Four Square Ellerslie;Four Square Remuera,3,8,13035.97,796.64,True,False,03:37:15.970000
Sat_01981,Four Square Ellerslie;New World Metro Queen St,2,3,7290.71,445.54,False,False,02:01:30.710000
Sat_01982,Four Square Ellerslie;New World Remuera;New World Metro Queen St,3,5,9768.96,596.99,False,False,02:42:48.960000
Sat_01983,Four Square Ellerslie;New World Remuera;New World Eastridge;New World Metro Queen St,4,8,13793.36,842.93,True,False,03:49:53.360000
Sat_01984,Four Square Ellerslie;New World Remuera;New World Eastridge;New World Metro Queen St;New World Mt Albert,5,11,17194.7,1190.0,True,True,04:46:34.700000
Sat_01985,New World Newmarket;Four Square Ellerslie;New World Remuera;New World Eastridge;New World Metro Queen St,5,11,17254.26,1190.0,True,True,04:47:34.260000
Sat_01986,Four Square Ellerslie;New World Remuera;New World Eastridge;New World Metro Queen St;New World Point Chevalier,5,11,17424.25,1190.0,True,True,04:50:24.250000
Sat_01987,New World Remuera;Four Square Ellerslie;New World Stonefields;New World Eastridge;New World Metro Queen St,5,11,17451.93,1190.0,True,True,04:50:51.930000
Sat_01988,Four Square Ellerslie;New World Remuera;New World Eastridge;New World Metro Queen St;New World Victoria Park,5,11,17327.25,1190.0,True,True,04:48:47.250000
Sat_01989,New World Remuera;Four Square Ellerslie;Pak 'n Save Glen Innes;New World Eastridge;New World Metro Queen St,5,14,20929.29,1500.0,True,True,05:48:49.290000
Sat_01990,Pak 'n Save Royal Oak;Four Square Ellerslie;New World Remuera;New World Eastridge;New World Metro Queen St,5,14,19984.16,1500.0,True,True,05:33:04.160000
Sat_01991,Pak 'n Save Sylvia Park;Four Square Ellerslie;New World Remuera;New World Eastridge;New World Metro Queen St,5,14,21052.59,1500.0,True,True,05:50:52.590000
Sat_01992,Four Square Ellerslie;New World Remuera;New World Metro Queen St;New World Mt Albert,4,8,13170.3,804.85,True,False,03:39:30.300000
Sat_01993,Four Square Ellerslie;New World Remuera;New World Metro Queen St;New World Mt Albert;New World New Lynn,5,11,17372.28,1190.0,True,True,04:49:32.280000
Sat_01994,Four Square Ellerslie;New World Remuera;New World Newmarket;New World Metro Queen St;New World Mt Albert,5,11,16548.28,1190.0,True,True,04:35:48.280000
Sat_01995,New World Mt Albert;New World Point Chevalier;Four Square Ellerslie;New World Remuera;New World Metro Queen St,5,11,16750.25,1190.0,True,True,04:39:10.250000
Sat_01996,Four Square Ellerslie;New World Stonefields;New World Remuera;New World Metro Queen St;New World Mt Albert,5,11,16990.71,1190.0,True,True,04:43:10.710000
Sat_01997,New World Mt Albert;New World Victoria Park;New World Metro Queen St;Four Square Ellerslie;New World Remuera,5,11,16613.2,1190.0,True,True,04:36:53.200000
Sat_01998,Four Square Ellerslie;New World Remuera;New World Metro Queen St;New World Mt Albert;Pak 'n Save Mt Albert,5,13,18876.68,1500.0,True,True,05:14:36.680000
Sat_01999,New World Remuera;Four Square Ellerslie;Pak 'n Save Glen Innes;New World Metro Queen St;New World Mt Albert,5,14,20982.43,1500.0,True,True,05:49:42.430000
Sat_02000,Pak 'n Save Royal Oak;Four Square Ellerslie;New World Remuera;New World Metro Queen St;New World Mt Albert,5,14,19361.1,1500.0,True,True,05:22:41.100000
Sat_02001,Pak 'n Save Sylvia Park;Four Square Ellerslie;New World Remuera;New World Metro Queen St;New World Mt Albert,5,14,20429.53,1500.0,True,True,05:40:29.530000
Sat_02002,Four Square Ellerslie;New World Remuera;New World Newmarket;New World Metro Queen St,4,8,13146.94,803.42,True,False,03:39:06.940000
Sat_02003,Four Square Ellerslie;New World Remuera;New World Newmarket;New World Metro Queen St;New World Point Chevalier,5,11,16777.83,1190.0,True,True,04:39:37.830000
Sat_02004,Four Square Ellerslie;New World Stonefields;New World Remuera;New World Newmarket;New World Metro Queen St,5,11,16967.35,1190.0,True,True,04:42:47.350000
Sat_02005,New World Victoria Park;New World Metro Queen St;Four Square Ellerslie;New World Remuera;New World Newmarket,5,11,16673.93,1190.0,True,True,04:37:53.930000
Sat_02006,New World Newmarket;New World Remuera;Four Square Ellerslie;Pak 'n Save Glen Innes;New World Metro Queen St,5,14,21000.17,1500.0,True,True,05:50:00.170000
Sat_02007,Pak 'n Save Royal Oak;Four Square Ellerslie;New World Remuera;New World Newmarket;New World Metro Queen St,5,14,19337.74,1500.0,True,True,05:22:17.740000
Sat_02008,Pak 'n Save Sylvia Park;Four Square Ellerslie;New World Remuera;New World Newmarket;New World Metro Queen St,5,14,20406.17,1500.0,True,True,05:40:06.170000
Sat_02009,Four Square Ellerslie;New World Remuera;New World Metro Queen St;New World Point Chevalier,4,8,13399.85,818.88,True,False,03:43:19.850000
Sat_02010,Four Square Ellerslie;New World Stonefields;New World Remuera;New World Metro Queen St;New World Point Chevalier,5,11,17220.26,1190.0,True,True,04:47:00.260000
Sat_02011,New World Victoria Park;New World Metro Queen St;Four Square Ellerslie;New World Remuera;New World Point Chevalier,5,11,16926.84,1190.0,True,True,04:42:06.840000
Sat_02012,Pak 'n Save Mt Albert;New World Point Chevalier;Four Square Ellerslie;New World Remuera;New World Metro Queen St,5,13,18863.8,1500.0,True,True,05:14:23.800000
Sat_02013,New World Remuera;Four Square Ellerslie;Pak 'n Save Glen Innes;New World Metro Queen St;New World Point Chevalier,5,14,21211.98,1500.0,True,True,05:53:31.980000
Sat_02014,Pak 'n Save Royal Oak;Four Square Ellerslie;New World Remuera;New World Metro Queen St;New World Point Chevalier,5,14,19590.65,1500.0,True,True,05:26:30.650000
Sat_02015,Pak 'n Save Sylvia Park;Four Square Ellerslie;New World Remuera;New World Metro Queen St;New World Point Chevalier,5,14,20659.08,1500.0,True,True,05:44:19.080000
Sat_02016,Four Square Ellerslie;New World Stonefields;New World Remuera;New World Metro Queen St,4,8,13589.37,830.46,True,False,03:46:29.370000
Sat_02017,New World Victoria Park;New World Metro Queen St;Four Square Ellerslie;New World Stonefields;New World Remuera,5,11,17116.36,1190.0,True,True,04:45:16.360000
Sat_02018,New World Remuera;Four Square Ellerslie;New World Stonefields;Pak 'n Save Glen Innes;New World Metro Queen St,5,14,20972.0,1500.0,True,True,05:49:32
Sat_02019,Pak 'n Save Royal Oak;Four Square Ellerslie;New World Stonefields;New World Remuera;New World Metro Queen St,5,14,19780.17,1500.0,True,True,05:29:40.170000
Sat_02020,New World Remuera;New World Stonefields;Pak 'n Save Sylvia Park;Four Square Ellerslie;New World Metro Queen St,5,14,20678.16,1500.0,True,True,05:44:38.160000
Sat_02021,New World Victoria Park;New World Metro Queen St;Four Square Ellerslie;New World Remuera,4,8,13295.95,812.53,True,False,03:41:35.950000
Sat_02022,New World Remuera;Four Square Ellerslie;Pak 'n Save Glen Innes;New World Metro Queen St;New World Victoria Park,5,14,21114.98,1500.0,True,True,05:51:54.980000
Sat_02023,Pak 'n Save Royal Oak;Four Square Ellerslie;New World Remuera;New World Metro Queen St;New World Victoria Park,5,14,19493.65,1500.0,True,True,05:24:53.650000
Sat_02024,New World Victoria Park;New World Metro Queen St;Pak 'n Save Sylvia Park;Four Square Ellerslie;New World Remuera,5,14,20555.18,1500.0,True,True,05:42:35.180000
Sat_02025,New World Remuera;Four Square Ellerslie;Pak 'n Save Glen Innes;New World Metro Queen St,4,11,17581.09,1190.0,True,True,04:53:01.090000
Sat_02026,Pak 'n Save Royal Oak;Four Square Ellerslie;New World Remuera;New World Metro Queen St,4,11,15959.76,1190.0,True,True,04:25:59.760000
Sat_02027,Pak 'n Save Sylvia Park;Four Square Ellerslie;New World Remuera;New World Metro Queen St,4,11,17028.19,1190.0,True,True,04:43:48.190000
Sat_02028,Four Square Ellerslie;New World Eastridge;New World Metro Queen St,3,6,11403.29,696.87,False,False,03:10:03.290000
Sat_02029,Four Square Ellerslie;New World Eastridge;New World Metro Queen St;New World Mt Albert,4,9,14804.63,1190.0,True,True,04:06:44.630000
Sat_02030,Four Square Ellerslie;New World Eastridge;New World Metro Queen St;New World Mt Albert;New World New Lynn,5,12,19006.61,1500.0,True,True,05:16:46.610000
Sat_02031,New World Newmarket;Four Square Ellerslie;New World Eastridge;New World Metro Queen St;New World Mt Albert,5,12,18265.53,1500.0,True,True,05:04:25.530000
Sat_02032,New World Mt Albert;New World Point Chevalier;Four Square Ellerslie;New World Eastridge;New World Metro Queen St,5,12,18384.58,1500.0,True,True,05:06:24.580000
Sat_02033,Four Square Ellerslie;New World Stonefields;New World Eastridge;New World Metro Queen St;New World Mt Albert,5,12,18332.0,1500.0,True,True,05:05:32
Sat_02034,Four Square Ellerslie;New World Eastridge;New World Metro Queen St;New World Victoria Park;New World Mt Albert,5,12,18338.52,1500.0,True,True,05:05:38.520000
Sat_02035,Four Square Ellerslie;New World Eastridge;New World Metro Queen St;New World Mt Albert;Pak 'n Save Mt Albert,5,14,20511.01,1500.0,True,True,05:41:51.010000
Sat_02036,Four Square Ellerslie;Pak 'n Save Glen Innes;New World Eastridge;New World Metro Queen St;New World Mt Albert,5,15,21809.36,1810.0,True,True,06:03:29.360000
Sat_02037,Pak 'n Save Royal Oak;Four Square Ellerslie;New World Eastridge;New World Metro Queen St;New World Mt Albert,5,15,20995.43,1500.0,True,True,05:49:55.430000
Sat_02038,Four Square Ellerslie;Pak 'n Save Sylvia Park;New World Eastridge;New World Metro Queen St;New World Mt Albert,5,15,22045.66,1810.0,True,True,06:07:25.660000
Sat_02039,New World Newmarket;Four Square Ellerslie;New World Eastridge;New World Metro Queen St,4,9,14864.19,1190.0,True,True,04:07:44.190000
Sat_02040,New World Newmarket;Four Square Ellerslie;New World Eastridge;New World Metro Queen St;New World Point Chevalier,5,12,18495.08,1500.0,True,True,05:08:15.080000
Sat_02041,New World Newmarket;Four Square Ellerslie;New World Stonefields;New World Eastridge;New World Metro Queen St,5,12,18391.56,1500.0,True,True,05:06:31.560000
Sat_02042,New World Newmarket;Four Square Ellerslie;New World Eastridge;New World Metro Queen St;New World Victoria Park,5,12,18398.08,1500.0,True,True,05:06:38.080000
Sat_02043,New World Newmarket;Four Square Ellerslie;Pak 'n Save Glen Innes;New World Eastridge;New World Metro Queen St,5,15,21868.92,1810.0,True,True,06:04:28.920000
Sat_02044,Pak 'n Save Royal Oak;Four Square Ellerslie;New World Eastridge;New World Newmarket;New World Metro Queen St,5,15,21307.1,1500.0,True,True,05:55:07.100000
Sat_02045,New World Newmarket;Four Square Ellerslie;Pak 'n Save Sylvia Park;New World Eastridge;New World Metro Queen St,5,15,22105.22,1810.0,True,True,06:08:25.220000
Sat_02046,Four Square Ellerslie;New World Eastridge;New World Metro Queen St;New World Point Chevalier,4,9,15034.18,1190.0,True,True,04:10:34.180000
Sat_02047,Four Square Ellerslie;New World Stonefields;New World Eastridge;New World Metro Queen St;New World Point Chevalier,5,12,18561.55,1500.0,True,True,05:09:21.550000
Sat_02048,Four Square Ellerslie;New World Eastridge;New World Metro Queen St;New World Victoria Park;New World Point Chevalier,5,12,18568.07,1500.0,True,True,05:09:28.070000
Sat_02049,Pak 'n Save Mt Albert;New World Point Chevalier;Four Square Ellerslie;New World Eastridge;New World Metro Queen St,5,14,20498.13,1500.0,True,True,05:41:38.130000
Sat_02050,Four Square Ellerslie;Pak 'n Save Glen Innes;New World Eastridge;New World Metro Queen St;New World Point Chevalier,5,15,22038.91,1810.0,True,True,06:07:18.910000
Sat_02051,Pak 'n Save Royal Oak;Four Square Ellerslie;New World Eastridge;New World Metro Queen St;New World Point Chevalier,5,15,21224.98,1500.0,True,True,05:53:44.980000
Sat_02052,Four Square Ellerslie;Pak 'n Save Sylvia Park;New World Eastridge;New World Metro Queen St;New World Point Chevalier,5,15,22275.21,1810.0,True,True,06:11:15.210000
Sat_02053,Four Square Ellerslie;New World Stonefields;New World Eastridge;New World Metro Queen St,4,9,14930.66,1190.0,True,True,04:08:50.660000
Sat_02054,Four Square Ellerslie;New World Stonefields;New World Eastridge;New World Metro Queen St;New World Victoria Park,5,12,18464.55,1500.0,True,True,05:07:44.550000
Sat_02055,Four Square Ellerslie;New World Stonefields;Pak 'n Save Glen Innes;New World Eastridge;New World Metro Queen St,5,15,21798.93,1810.0,True,True,06:03:18.930000
Sat_02056,Pak 'n Save Royal Oak;Four Square Ellerslie;New World Stonefields;New World Eastridge;New World Metro Queen St,5,15,21121.46,1500.0,True,True,05:52:01.460000
Sat_02057,Four Square Ellerslie;Pak 'n Save Sylvia Park;New World Stonefields;New World Eastridge;New World Metro Queen St,5,15,22103.09,1810.0,True,True,06:08:23.090000
Sat_02058,Four Square Ellerslie;New World Eastridge;New World Metro Queen St;New World Victoria Park,4,9,14937.18,1190.0,True,True,04:08:57.180000
Sat_02059,Four Square Ellerslie;Pak 'n Save Glen Innes;New World Eastridge;New World Metro Queen St;New World Victoria Park,5,15,21941.91,1810.0,True,True,06:05:41.910000
Sat_02060,Pak 'n Save Royal Oak;Four Square Ellerslie;New World Eastridge;New World Metro Queen St;New World Victoria Park,5,15,21127.98,1500.0,True,True,05:52:07.980000
Sat_02061,Four Square Ellerslie;Pak 'n Save Sylvia Park;New World Eastridge;New World Metro Queen St;New World Victoria Park,5,15,22178.21,1810.0,True,True,06:09:38.210000
Sat_02062,Four Square Ellerslie;Pak 'n Save Glen Innes;New World Eastridge;New World Metro Queen St,4,12,18408.02,1500.0,True,True,05:06:48.020000
Sat_02063,Pak 'n Save Royal Oak;Four Square Ellerslie;New World Eastridge;New World Metro Queen St,4,12,17594.09,1190.0,True,True,04:53:14.090000
Sat_02064,Four Square Ellerslie;Pak 'n Save Sylvia Park;New World Eastridge;New World Metro Queen St,4,12,18644.32,1500.0,True,True,05:10:44.320000
Sat_02065,Four Square Ellerslie;New World Metro Queen St;New World Mt Albert,3,6,10692.05,653.4,False,False,02:58:12.050000
Sat_02066,New World Newmarket;Four Square Ellerslie;New World Metro Queen St;New World Mt Albert;New World New Lynn,5,12,18354.93,1500.0,True,True,05:05:54.930000
Sat_02067,Four Square Ellerslie;New World Stonefields;New World Metro Queen St;New World Mt Albert;New World New Lynn,5,12,18752.48,1500.0,True,True,05:12:32.480000
Sat_02068,New World Mt Albert;New World Victoria Park;New World Metro Queen St;Four Square Ellerslie;New World New Lynn,5,12,18299.3,1500.0,True,True,05:04:59.300000
Sat_02069,Four Square Ellerslie;New World Metro Queen St;New World Mt Albert;Pak 'n Save Mt Albert;New World New Lynn,5,14,20331.4,1500.0,True,True,05:38:51.400000
Sat_02070,Four Square Ellerslie;Pak 'n Save Glen Innes;New World Metro Queen St;New World Mt Albert;New World New Lynn,5,15,22663.14,1810.0,True,True,06:17:43.140000
Sat_02071,Pak 'n Save Royal Oak;Four Square Ellerslie;New World Metro Queen St;New World Mt Albert;New World New Lynn,5,15,21084.83,1500.0,True,True,05:51:24.830000
Sat_02072,New World Newmarket;Four Square Ellerslie;New World Metro Queen St;New World Mt Albert,4,9,14152.95,864.9,True,False,03:55:52.950000
Sat_02073,New World Mt Albert;New World Point Chevalier;New World Newmarket;Four Square Ellerslie;New World Metro Queen St,5,12,17732.9,1190.0,True,True,04:55:32.900000
Sat_02074,New World Newmarket;Four Square Ellerslie;New World Stonefields;New World Metro Queen St;New World Mt Albert,5,12,18011.4,1500.0,True,True,05:00:11.400000
Sat_02075,New World Mt Albert;New World Victoria Park;New World Metro Queen St;New World Newmarket;Four Square Ellerslie,5,12,17595.85,1190.0,True,True,04:53:15.850000
Sat_02076,New World Newmarket;Four Square Ellerslie;New World Metro Queen St;New World Mt Albert;Pak 'n Save Mt Albert,5,14,19859.33,1500.0,True,True,05:30:59.330000
Sat_02077,New World Newmarket;Four Square Ellerslie;Pak 'n Save Glen Innes;New World Metro Queen St;New World Mt Albert,5,15,21922.06,1810.0,True,True,06:05:22.060000
Sat_02078,New World Mt Albert;New World Metro Queen St;New World Newmarket;Four Square Ellerslie;Pak 'n Save Royal Oak,5,15,20435.14,1500.0,True,True,05:40:35.140000
Sat_02079,New World Newmarket;Four Square Ellerslie;Pak 'n Save Sylvia Park;New World Metro Queen St;New World Mt Albert,5,15,21401.39,1500.0,True,True,05:56:41.390000
Sat_02080,New World Mt Albert;New World Point Chevalier;Four Square Ellerslie;New World Metro Queen St,4,9,14272.0,872.18,True,False,03:57:52
Sat_02081,New World Mt Albert;New World Point Chevalier;Four Square Ellerslie;New World Stonefields;New World Metro Queen St,5,12,18130.45,1500.0,True,True,05:02:10.450000
Sat_02082,New World Mt Albert;New World Victoria Park;New World Metro Queen St;Four Square Ellerslie;New World Point Chevalier,5,12,17765.85,1190.0,True,True,04:56:05.850000
Sat_02083,Pak 'n Save Mt Albert;New World Point Chevalier;Four Square Ellerslie;New World Metro Queen St;New World Mt Albert,5,14,19786.89,1500.0,True,True,05:29:46.890000
Sat_02084,New World Mt Albert;New World Point Chevalier;Four Square Ellerslie;Pak 'n Save Glen Innes;New World Metro Queen St,5,15,22041.11,1810.0,True,True,06:07:21.110000
Sat_02085,Pak 'n Save Royal Oak;Four Square Ellerslie;New World Metro Queen St;New World Point Chevalier;New World Mt Albert,5,15,20476.75,1500.0,True,True,05:41:16.750000
Sat_02086,New World Mt Albert;New World Point Chevalier;Four Square Ellerslie;Pak 'n Save Sylvia Park;New World Metro Queen St,5,15,21520.44,1500.0,True,True,05:58:40.440000
Sat_02087,Four Square Ellerslie;New World Stonefields;New World Metro Queen St;New World Mt Albert,4,9,14550.5,1190.0,True,True,04:02:30.500000
Sat_02088,New World Mt Albert;New World Victoria Park;New World Metro Queen St;Four Square Ellerslie;New World Stonefields,5,12,17993.41,1190.0,True,True,04:59:53.410000
Sat_02089,Four Square Ellerslie;New World Stonefields;New World Metro Queen St;New World Mt Albert;Pak 'n Save Mt Albert,5,14,20256.88,1500.0,True,True,05:37:36.880000
Sat_02090,Four Square Ellerslie;New World Stonefields;Pak 'n Save Glen Innes;New World Metro Queen St;New World Mt Albert,5,15,21852.07,1810.0,True,True,06:04:12.070000
Sat_02091,Pak 'n Save Royal Oak;Four Square Ellerslie;New World Stonefields;New World Metro Queen St;New World Mt Albert,5,15,20741.3,1500.0,True,True,05:45:41.300000
Sat_02092,Four Square Ellerslie;New World Stonefields;Pak 'n Save Sylvia Park;New World Metro Queen St;New World Mt Albert,5,15,21576.61,1500.0,True,True,05:59:36.610000
Sat_02093,New World Mt Albert;New World Victoria Park;New World Metro Queen St;Four Square Ellerslie,4,9,14134.96,863.8,True,False,03:55:34.960000
Sat_02094,New World Mt Albert;New World Victoria Park;New World Metro Queen St;Four Square Ellerslie;Pak 'n Save Mt Albert,5,14,19820.98,1500.0,True,True,05:30:20.980000
Sat_02095,Four Square Ellerslie;Pak 'n Save Glen Innes;New World Metro Queen St;New World Victoria Park;New World Mt Albert,5,15,21995.05,1810.0,True,True,06:06:35.050000
Sat_02096,New World Mt Albert;New World Victoria Park;New World Metro Queen St;Four Square Ellerslie;Pak 'n Save Royal Oak,5,15,20341.13,1500.0,True,True,05:39:01.130000
Sat_02097,New World Mt Albert;New World Victoria Park;New World Metro Queen St;Four Square Ellerslie;Pak 'n Save Sylvia Park,5,15,21383.39,1500.0,True,True,05:56:23.390000
Sat_02098,Four Square Ellerslie;New World Metro Queen St;New World Mt Albert;Pak 'n Save Mt Albert,4,11,16398.43,1190.0,True,True,04:33:18.430000
Sat_02099,Four Square Ellerslie;Pak 'n Save Glen Innes;New World Metro Queen St;New World Mt Albert,4,12,18461.16,1500.0,True,True,05:07:41.160000
Sat_02100,Pak 'n Save Royal Oak;Four Square Ellerslie;New World Metro Queen St;New World Mt Albert,4,12,16882.85,1190.0,True,True,04:41:22.850000
Sat_02101,Four Square Ellerslie;Pak 'n Save Sylvia Park;New World Metro Queen St;New World Mt Albert,4,12,17940.49,1190.0,True,True,04:59:00.490000
Sat_02102,New World Newmarket;Four Square Ellerslie;New World Metro Queen St,3,6,10751.61,657.04,False,False,02:59:11.610000
Sat_02103,New World Newmarket;Four Square Ellerslie;New World Metro Queen St;New World Point Chevalier,4,9,14382.5,878.93,True,False,03:59:42.500000
Sat_02104,New World Newmarket;Four Square Ellerslie;New World Stonefields;New World Metro Queen St;New World Point Chevalier,5,12,18240.95,1500.0,True,True,05:04:00.950000
Sat_02105,New World Victoria Park;New World Metro Queen St;New World Newmarket;Four Square Ellerslie;New World Point Chevalier,5,12,17909.49,1190.0,True,True,04:58:29.490000
Sat_02106,Pak 'n Save Mt Albert;New World Point Chevalier;New World Newmarket;Four Square Ellerslie;New World Metro Queen St,5,14,19846.45,1500.0,True,True,05:30:46.450000
Sat_02107,New World Newmarket;Four Square Ellerslie;Pak 'n Save Glen Innes;New World Metro Queen St;New World Point Chevalier,5,15,22151.61,1810.0,True,True,06:09:11.610000
Sat_02108,New World Point Chevalier;New World Metro Queen St;New World Newmarket;Four Square Ellerslie;Pak 'n Save Royal Oak,5,15,20687.67,1500.0,True,True,05:44:47.670000
Sat_02109,New World Newmarket;Four Square Ellerslie;Pak 'n Save Sylvia Park;New World Metro Queen St;New World Point Chevalier,5,15,21630.94,1810.0,True,True,06:00:30.940000
Sat_02110,New World Newmarket;Four Square Ellerslie;New World Stonefields;New World Metro Queen St,4,9,14610.06,1190.0,True,True,04:03:30.060000
Sat_02111,New World Victoria Park;New World Metro Queen St;New World Newmarket;Four Square Ellerslie;New World Stonefields,5,12,18137.05,1500.0,True,True,05:02:17.050000
Sat_02112,New World Newmarket;Four Square Ellerslie;New World Stonefields;Pak 'n Save Glen Innes;New World Metro Queen St,5,15,21911.63,1810.0,True,True,06:05:11.630000
Sat_02113,Pak 'n Save Royal Oak;Four Square Ellerslie;New World Stonefields;New World Newmarket;New World Metro Queen St,5,15,20929.09,1500.0,True,True,05:48:49.090000
Sat_02114,New World Newmarket;Four Square Ellerslie;New World Stonefields;Pak 'n Save Sylvia Park;New World Metro Queen St,5,15,21636.17,1810.0,True,True,06:00:36.170000
Sat_02115,New World Victoria Park;New World Metro Queen St;New World Newmarket;Four Square Ellerslie,4,9,14278.6,872.58,True,False,03:57:58.600000
Sat_02116,New World Newmarket;Four Square Ellerslie;Pak 'n Save Glen Innes;New World Metro Queen St;New World Victoria Park,5,15,22054.61,1810.0,True,True,06:07:34.610000
Sat_02117,New World Victoria Park;New World Metro Queen St;New World Newmarket;Four Square Ellerslie;Pak 'n Save Royal Oak,5,15,20484.77,1500.0,True,True,05:41:24.770000
Sat_02118,New World Victoria Park;New World Metro Queen St;New World Newmarket;Four Square Ellerslie;Pak 'n Save Sylvia Park,5,15,21527.03,1500.0,True,True,05:58:47.030000
Sat_02119,New World Newmarket;Four Square Ellerslie;Pak 'n Save Glen Innes;New World Metro Queen St,4,12,18520.72,1500.0,True,True,05:08:40.720000
Sat_02120,New World Metro Queen St;New World Newmarket;Four Square Ellerslie;Pak 'n Save Royal Oak,4,12,16970.92,1190.0,True,True,04:42:50.920000
Sat_02121,New World Newmarket;Four Square Ellerslie;Pak 'n Save Sylvia Park;New World Metro Queen St,4,12,18000.05,1500.0,True,True,05:00:00.050000
Sat_02122,Four Square Ellerslie;New World Metro Queen St;New World Point Chevalier,3,6,10921.6,667.43,False,False,03:02:01.600000
Sat_02123,Four Square Ellerslie;New World Stonefields;New World Metro Queen St;New World Point Chevalier,4,9,14780.05,1190.0,True,True,04:06:20.050000
Sat_02124,New World Victoria Park;New World Metro Queen St;Four Square Ellerslie;New World Stonefields;New World Point Chevalier,5,12,18307.05,1500.0,True,True,05:05:07.050000
Sat_02125,Pak 'n Save Mt Albert;New World Point Chevalier;Four Square Ellerslie;New World Stonefields;New World Metro Queen St,5,14,20244.0,1500.0,True,True,05:37:24
Sat_02126,Four Square Ellerslie;New World Stonefields;Pak 'n Save Glen Innes;New World Metro Queen St;New World Point Chevalier,5,15,22081.62,1810.0,True,True,06:08:01.620000
Sat_02127,Pak 'n Save Royal Oak;Four Square Ellerslie;New World Stonefields;New World Metro Queen St;New World Point Chevalier,5,15,20970.85,1500.0,True,True,05:49:30.850000
Sat_02128,Four Square Ellerslie;New World Stonefields;Pak 'n Save Sylvia Park;New World Metro Queen St;New World Point Chevalier,5,15,21806.16,1810.0,True,True,06:03:26.160000
Sat_02129,New World Victoria Park;New World Metro Queen St;Four Square Ellerslie;New World Point Chevalier,4,9,14448.6,1190.0,True,True,04:00:48.600000
Sat_02130,Pak 'n Save Mt Albert;New World Point Chevalier;New World Victoria Park;New World Metro Queen St;Four Square Ellerslie,5,14,19912.55,1500.0,True,True,05:31:52.550000
Sat_02131,Four Square Ellerslie;Pak 'n Save Glen Innes;New World Metro Queen St;New World Victoria Park;New World Point Chevalier,5,15,22224.6,1810.0,True,True,06:10:24.600000
Sat_02132,Pak 'n Save Royal Oak;Four Square Ellerslie;New World Metro Queen St;New World Victoria Park;New World Point Chevalier,5,15,20646.29,1500.0,True,True,05:44:06.290000
Sat_02133,New World Victoria Park;New World Metro Queen St;Four Square Ellerslie;Pak 'n Save Sylvia Park;New World Point Chevalier,5,15,21697.03,1810.0,True,True,06:01:37.030000
Sat_02134,Pak 'n Save Mt Albert;New World Point Chevalier;Four Square Ellerslie;New World Metro Queen St,4,11,16385.55,1190.0,True,True,04:33:05.550000
Sat_02135,Four Square Ellerslie;Pak 'n Save Glen Innes;New World Metro Queen St;New World Point Chevalier,4,12,18690.71,1500.0,True,True,05:11:30.710000
Sat_02136,Pak 'n Save Royal Oak;Four Square Ellerslie;New World Metro Queen St;New World Point Chevalier,4,12,17112.4,1190.0,True,True,04:45:12.400000
Sat_02137,Four Square Ellerslie;Pak 'n Save Sylvia Park;New World Metro Queen St;New World Point Chevalier,4,12,18170.04,1500.0,True,True,05:02:50.040000
Sat_02138,Four Square Ellerslie;New World Stonefields;New World Metro Queen St,3,6,11149.16,681.34,False,False,03:05:49.160000
Sat_02139,New World Victoria Park;New World Metro Queen St;Four Square Ellerslie;New World Stonefields,4,9,14676.16,1190.0,True,True,04:04:36.160000
Sat_02140,Four Square Ellerslie;New World Stonefields;Pak 'n Save Glen Innes;New World Metro Queen St;New World Victoria Park,5,15,21984.62,1810.0,True,True,06:06:24.620000
Sat_02141,Pak 'n Save Royal Oak;Four Square Ellerslie;New World Stonefields;New World Metro Queen St;New World Victoria Park,5,15,20873.85,1500.0,True,True,05:47:53.850000
Sat_02142,New World Victoria Park;New World Metro Queen St;Four Square Ellerslie;New World Stonefields;Pak 'n Save Sylvia Park,5,15,21702.26,1810.0,True,True,06:01:42.260000
Sat_02143,Four Square Ellerslie;New World Stonefields;Pak 'n Save Glen Innes;New World Metro Queen St,4,12,18450.73,1500.0,True,True,05:07:30.730000
Sat_02144,Pak 'n Save Royal Oak;Four Square Ellerslie;New World Stonefields;New World Metro Queen St,4,12,17339.96,1190.0,True,True,04:48:59.960000
Sat_02145,Four Square Ellerslie;New World Stonefields;Pak 'n Save Sylvia Park;New World Metro Queen St,4,12,18175.27,1500.0,True,True,05:02:55.270000
Sat_02146,New World Victoria Park;New World Metro Queen St;Four Square Ellerslie,3,6,10817.71,661.08,False,False,03:00:17.710000
Sat_02147,Four Square Ellerslie;Pak 'n Save Glen Innes;New World Metro Queen St;New World Victoria Park,4,12,18593.71,1500.0,True,True,05:09:53.710000
Sat_02148,Pak 'n Save Royal Oak;Four Square Ellerslie;New World Metro Queen St;New World Victoria Park,4,12,17015.4,1190.0,True,True,04:43:35.400000
Sat_02149,New World Victoria Park;New World Metro Queen St;Four Square Ellerslie;Pak 'n Save Sylvia Park,4,12,18066.14,1500.0,True,True,05:01:06.140000
Sat_02150,Four Square Ellerslie;Pak 'n Save Glen Innes;New World Metro Queen St,3,9,15059.82,1190.0,True,True,04:10:59.820000
Sat_02151,Pak 'n Save Royal Oak;Four Square Ellerslie;Pak 'n Save Glen Innes;New World Metro Queen St,4,15,21250.62,1500.0,True,True,05:54:10.620000
Sat_02152,Four Square Ellerslie;Pak 'n Save Sylvia Park;Pak 'n Save Glen Innes;New World Metro Queen St,4,15,22028.56,1810.0,True,True,06:07:08.560000
Sat_02153,Pak 'n Save Royal Oak;Four Square Ellerslie;New World Metro Queen St,3,9,13481.51,823.87,True,False,03:44:41.510000
Sat_02154,Pak 'n Save Royal Oak;Four Square Ellerslie;Pak 'n Save Sylvia Park;New World Metro Queen St,4,15,20729.95,1500.0,True,True,05:45:29.950000
Sat_02155,Four Square Ellerslie;Pak 'n Save Sylvia Park;New World Metro Queen St,3,9,14539.15,1190.0,True,True,04:02:19.150000
Sat_02156,Four Square Ellerslie;New World Remuera,2,3,6958.66,425.25,False,False,01:55:58.660000
Sat_02157,Four Square Ellerslie;New World Remuera;New World Eastridge,3,6,11243.46,687.1,False,False,03:07:23.460000
Sat_02158,Four Square Ellerslie;New World Remuera;New World Eastridge;New World Newmarket,4,9,14696.07,1190.0,True,True,04:04:56.070000
Sat_02159,Four Square Ellerslie;New World Remuera;New World Eastridge;New World Newmarket;New World Point Chevalier,5,12,18326.96,1500.0,True,True,05:05:26.960000
Sat_02160,Four Square Ellerslie;New World Stonefields;New World Eastridge;New World Remuera;New World Newmarket,5,12,18226.96,1500.0,True,True,05:03:46.960000
Sat_02161,Four Square Ellerslie;New World Remuera;New World Eastridge;New World Newmarket;New World Victoria Park,5,12,18645.92,1500.0,True,True,05:10:45.920000
Sat_02162,Four Square Ellerslie;Pak 'n Save Glen Innes;New World Eastridge;New World Remuera;New World Newmarket,5,15,21704.32,1810.0,True,True,06:01:44.320000
Sat_02163,Pak 'n Save Royal Oak;Four Square Ellerslie;New World Remuera;New World Eastridge;New World Newmarket,5,15,20886.87,1500.0,True,True,05:48:06.870000
Sat_02164,Four Square Ellerslie;Pak 'n Save Sylvia Park;New World Eastridge;New World Remuera;New World Newmarket,5,15,21940.62,1810.0,True,True,06:05:40.620000
Sat_02165,Four Square Ellerslie;New World Stonefields;New World Eastridge;New World Remuera,4,9,14848.98,1190.0,True,True,04:07:28.980000
Sat_02166,Four Square Ellerslie;New World Stonefields;Pak 'n Save Glen Innes;New World Eastridge;New World Remuera,5,15,21717.25,1810.0,True,True,06:01:57.250000
Sat_02167,Pak 'n Save Royal Oak;Four Square Ellerslie;New World Stonefields;New World Eastridge;New World Remuera,5,15,21039.78,1500.0,True,True,05:50:39.780000
Sat_02168,Four Square Ellerslie;Pak 'n Save Sylvia Park;New World Stonefields;New World Eastridge;New World Remuera,5,15,22021.41,1810.0,True,True,06:07:01.410000
Sat_02169,Four Square Ellerslie;Pak 'n Save Glen Innes;New World Eastridge;New World Remuera,4,12,18326.34,1500.0,True,True,05:05:26.340000
Sat_02170,Pak 'n Save Royal Oak;Four Square Ellerslie;New World Remuera;New World Eastridge,4,12,17434.26,1190.0,True,True,04:50:34.260000
Sat_02171,Pak 'n Save Sylvia Park;Four Square Ellerslie;New World Remuera;New World Eastridge,4,12,18502.69,1500.0,True,True,05:08:22.690000
Sat_02172,Four Square Ellerslie;New World Remuera;New World Newmarket,3,6,10336.64,631.68,False,False,02:52:16.640000
Sat_02173,Four Square Ellerslie;New World Remuera;New World Newmarket;New World Point Chevalier,4,9,13967.53,853.57,True,False,03:52:47.530000
Sat_02174,Four Square Ellerslie;New World Stonefields;New World Remuera;New World Newmarket;New World Point Chevalier,5,12,17787.94,1190.0,True,True,04:56:27.940000
Sat_02175,Four Square Ellerslie;New World Remuera;New World Newmarket;New World Victoria Park;New World Point Chevalier,5,12,17917.38,1190.0,True,True,04:58:37.380000
Sat_02176,Pak 'n Save Mt Albert;New World Point Chevalier;Four Square Ellerslie;New World Remuera;New World Newmarket,5,14,19431.48,1500.0,True,True,05:23:51.480000
Sat_02177,Four Square Ellerslie;Pak 'n Save Glen Innes;New World Remuera;New World Newmarket;New World Point Chevalier,5,15,21911.98,1810.0,True,True,06:05:11.980000
Sat_02178,Pak 'n Save Royal Oak;Four Square Ellerslie;New World Remuera;New World Newmarket;New World Point Chevalier,5,15,20158.33,1500.0,True,True,05:35:58.330000
Sat_02179,Pak 'n Save Sylvia Park;Four Square Ellerslie;New World Remuera;New World Newmarket;New World Point Chevalier,5,15,21226.76,1500.0,True,True,05:53:46.760000
Sat_02180,Four Square Ellerslie;New World Stonefields;New World Remuera;New World Newmarket,4,9,14157.05,865.15,True,False,03:55:57.050000
Sat_02181,Four Square Ellerslie;New World Stonefields;New World Remuera;New World Newmarket;New World Victoria Park,5,12,18106.9,1500.0,True,True,05:01:46.900000
Sat_02182,Four Square Ellerslie;New World Stonefields;Pak 'n Save Glen Innes;New World Remuera;New World Newmarket,5,15,21672.0,1810.0,True,True,06:01:12
Sat_02183,Pak 'n Save Royal Oak;Four Square Ellerslie;New World Stonefields;New World Remuera;New World Newmarket,5,15,20347.85,1500.0,True,True,05:39:07.850000
Sat_02184,New World Newmarket;New World Remuera;New World Stonefields;Pak 'n Save Sylvia Park;Four Square Ellerslie,5,15,21286.95,1500.0,True,True,05:54:46.950000
Sat_02185,Four Square Ellerslie;New World Remuera;New World Newmarket;New World Victoria Park,4,9,14286.49,873.06,True,False,03:58:06.490000
Sat_02186,Four Square Ellerslie;Pak 'n Save Glen Innes;New World Remuera;New World Newmarket;New World Victoria Park,5,15,22230.94,1810.0,True,True,06:10:30.940000
Sat_02187,Pak 'n Save Royal Oak;Four Square Ellerslie;New World Remuera;New World Newmarket;New World Victoria Park,5,15,20477.29,1500.0,True,True,05:41:17.290000
Sat_02188,Pak 'n Save Sylvia Park;Four Square Ellerslie;New World Remuera;New World Newmarket;New World Victoria Park,5,15,21545.72,1500.0,True,True,05:59:05.720000
Sat_02189,Four Square Ellerslie;Pak 'n Save Glen Innes;New World Remuera;New World Newmarket,4,12,18281.09,1500.0,True,True,05:04:41.090000
Sat_02190,Pak 'n Save Royal Oak;Four Square Ellerslie;New World Remuera;New World Newmarket,4,12,16527.44,1190.0,True,True,04:35:27.440000
Sat_02191,Pak 'n Save Sylvia Park;Four Square Ellerslie;New World Remuera;New World Newmarket,4,12,17595.87,1190.0,True,True,04:53:15.870000
Sat_02192,Four Square Ellerslie;New World Stonefields;New World Remuera,3,6,10779.07,658.72,False,False,02:59:39.070000
Sat_02193,Four Square Ellerslie;New World Stonefields;Pak 'n Save Glen Innes;New World Remuera,4,12,18294.02,1500.0,True,True,05:04:54.020000
Sat_02194,Pak 'n Save Royal Oak;Four Square Ellerslie;New World Stonefields;New World Remuera,4,12,16969.87,1190.0,True,True,04:42:49.870000
Sat_02195,New World Remuera;New World Stonefields;Pak 'n Save Sylvia Park;Four Square Ellerslie,4,12,17867.87,1190.0,True,True,04:57:47.870000
Sat_02196,Four Square Ellerslie;Pak 'n Save Glen Innes;New World Remuera,3,9,14903.11,1190.0,True,True,04:08:23.110000
Sat_02197,Pak 'n Save Royal Oak;Four Square Ellerslie;Pak 'n Save Glen Innes;New World Remuera,4,15,21093.91,1500.0,True,True,05:51:33.910000
Sat_02198,New World Remuera;Pak 'n Save Glen Innes;Pak 'n Save Sylvia Park;Four Square Ellerslie,4,15,21844.68,1810.0,True,True,06:04:04.680000
Sat_02199,Pak 'n Save Royal Oak;Four Square Ellerslie;New World Remuera,3,9,13149.46,803.58,True,False,03:39:09.460000
Sat_02200,Pak 'n Save Royal Oak;Pak 'n Save Sylvia Park;Four Square Ellerslie;New World Remuera,4,15,20438.11,1500.0,True,True,05:40:38.110000
Sat_02201,Pak 'n Save Sylvia Park;Four Square Ellerslie;New World Remuera,3,9,14217.89,868.87,True,False,03:56:57.890000
Sat_02202,Four Square Ellerslie;New World Eastridge,2,4,8853.39,541.04,False,False,02:27:33.390000
Sat_02203,Four Square Ellerslie;New World Eastridge;New World Newmarket,3,7,12306.0,752.03,False,False,03:25:06
Sat_02204,Four Square Ellerslie;New World Eastridge;New World Newmarket;New World Point Chevalier,4,10,15936.89,1190.0,True,True,04:25:36.890000
Sat_02205,Four Square Ellerslie;New World Stonefields;New World Eastridge;New World Newmarket;New World Point Chevalier,5,13,19464.26,1500.0,True,True,05:24:24.260000
Sat_02206,Four Square Ellerslie;New World Eastridge;New World Newmarket;New World Victoria Park;New World Point Chevalier,5,13,19886.74,1500.0,True,True,05:31:26.740000
Sat_02207,Pak 'n Save Mt Albert;New World Point Chevalier;Four Square Ellerslie;New World Eastridge;New World Newmarket,5,15,21400.84,1500.0,True,True,05:56:40.840000
Sat_02208,Four Square Ellerslie;Pak 'n Save Glen Innes;New World Eastridge;New World Newmarket;New World Point Chevalier,5,16,22941.62,1810.0,True,True,06:22:21.620000
Sat_02209,Pak 'n Save Royal Oak;Four Square Ellerslie;New World Eastridge;New World Newmarket;New World Point Chevalier,5,16,22127.69,1810.0,True,True,06:08:47.690000
Sat_02210,Four Square Ellerslie;Pak 'n Save Sylvia Park;New World Eastridge;New World Newmarket;New World Point Chevalier,5,16,23177.92,1810.0,True,True,06:26:17.920000
Sat_02211,Four Square Ellerslie;New World Stonefields;New World Eastridge;New World Newmarket,4,10,15833.37,1190.0,True,True,04:23:53.370000
Sat_02212,Four Square Ellerslie;New World Stonefields;New World Eastridge;New World Newmarket;New World Victoria Park,5,13,19783.22,1500.0,True,True,05:29:43.220000
Sat_02213,Four Square Ellerslie;New World Stonefields;Pak 'n Save Glen Innes;New World Eastridge;New World Newmarket,5,16,22701.64,1810.0,True,True,06:18:21.640000
Sat_02214,Pak 'n Save Royal Oak;Four Square Ellerslie;New World Stonefields;New World Eastridge;New World Newmarket,5,16,22024.17,1810.0,True,True,06:07:04.170000
Sat_02215,Four Square Ellerslie;Pak 'n Save Sylvia Park;New World Stonefields;New World Eastridge;New World Newmarket,5,16,23005.8,1810.0,True,True,06:23:25.800000
Sat_02216,Four Square Ellerslie;New World Eastridge;New World Newmarket;New World Victoria Park,4,10,16255.85,1190.0,True,True,04:30:55.850000
Sat_02217,Four Square Ellerslie;Pak 'n Save Glen Innes;New World Eastridge;New World Newmarket;New World Victoria Park,5,16,23260.58,1810.0,True,True,06:27:40.580000
Sat_02218,Pak 'n Save Royal Oak;Four Square Ellerslie;New World Eastridge;New World Newmarket;New World Victoria Park,5,16,22446.65,1810.0,True,True,06:14:06.650000
Sat_02219,Four Square Ellerslie;Pak 'n Save Sylvia Park;New World Eastridge;New World Newmarket;New World Victoria Park,5,16,23496.88,1810.0,True,True,06:31:36.880000
Sat_02220,Four Square Ellerslie;Pak 'n Save Glen Innes;New World Eastridge;New World Newmarket,4,13,19310.73,1500.0,True,True,05:21:50.730000
Sat_02221,Pak 'n Save Royal Oak;Four Square Ellerslie;New World Eastridge;New World Newmarket,4,13,18496.8,1500.0,True,True,05:08:16.800000
Sat_02222,Four Square Ellerslie;Pak 'n Save Sylvia Park;New World Eastridge;New World Newmarket,4,13,19547.03,1500.0,True,True,05:25:47.030000
Sat_02223,Four Square Ellerslie;New World Stonefields;New World Eastridge,3,7,12380.76,756.6,False,False,03:26:20.760000
Sat_02224,Four Square Ellerslie;New World Stonefields;Pak 'n Save Glen Innes;New World Eastridge,4,13,19249.03,1500.0,True,True,05:20:49.030000
Sat_02225,Pak 'n Save Royal Oak;Four Square Ellerslie;New World Stonefields;New World Eastridge,4,13,18571.56,1500.0,True,True,05:09:31.560000
Sat_02226,Four Square Ellerslie;Pak 'n Save Sylvia Park;New World Stonefields;New World Eastridge,4,13,19553.19,1500.0,True,True,05:25:53.190000
Sat_02227,Four Square Ellerslie;Pak 'n Save Glen Innes;New World Eastridge,3,10,15858.12,1190.0,True,True,04:24:18.120000
Sat_02228,Pak 'n Save Royal Oak;Four Square Ellerslie;Pak 'n Save Glen Innes;New World Eastridge,4,16,22048.92,1810.0,True,True,06:07:28.920000
Sat_02229,Four Square Ellerslie;Pak 'n Save Sylvia Park;Pak 'n Save Glen Innes;New World Eastridge,4,16,22826.86,1810.0,True,True,06:20:26.860000
Sat_02230,Pak 'n Save Royal Oak;Four Square Ellerslie;New World Eastridge,3,10,15044.19,1190.0,True,True,04:10:44.190000
Sat_02231,Pak 'n Save Royal Oak;Four Square Ellerslie;Pak 'n Save Sylvia Park;New World Eastridge,4,16,22285.22,1810.0,True,True,06:11:25.220000
Sat_02232,Four Square Ellerslie;Pak 'n Save Sylvia Park;New World Eastridge,3,10,16094.42,1190.0,True,True,04:28:14.420000
Sat_02233,New World Newmarket;Four Square Ellerslie,2,4,7941.32,485.3,False,False,02:12:21.320000
Sat_02234,New World Newmarket;Four Square Ellerslie;New World Point Chevalier,3,7,11572.21,707.19,False,False,03:12:52.210000
Sat_02235,New World Newmarket;Four Square Ellerslie;New World Stonefields;New World Point Chevalier,4,10,15430.66,1190.0,True,True,04:17:10.660000
Sat_02236,New World Newmarket;Four Square Ellerslie;New World Stonefields;New World Victoria Park;New World Point Chevalier,5,13,19380.5,1500.0,True,True,05:23:00.500000
Sat_02237,Pak 'n Save Mt Albert;New World Point Chevalier;New World Newmarket;Four Square Ellerslie;New World Stonefields,5,15,20894.61,1500.0,True,True,05:48:14.610000
Sat_02238,New World Newmarket;Four Square Ellerslie;New World Stonefields;Pak 'n Save Glen Innes;New World Point Chevalier,5,16,22973.46,1810.0,True,True,06:22:53.460000
Sat_02239,Pak 'n Save Royal Oak;Four Square Ellerslie;New World Stonefields;New World Newmarket;New World Point Chevalier,5,16,21749.68,1810.0,True,True,06:02:29.680000
Sat_02240,New World Newmarket;Four Square Ellerslie;New World Stonefields;Pak 'n Save Sylvia Park;New World Point Chevalier,5,16,22456.76,1810.0,True,True,06:14:16.760000
Sat_02241,New World Newmarket;Four Square Ellerslie;New World Victoria Park;New World Point Chevalier,4,10,15522.05,1190.0,True,True,04:18:42.050000
Sat_02242,Pak 'n Save Mt Albert;New World Point Chevalier;New World Newmarket;Four Square Ellerslie;New World Victoria Park,5,15,20986.0,1500.0,True,True,05:49:46
Sat_02243,New World Newmarket;Four Square Ellerslie;Pak 'n Save Glen Innes;New World Victoria Park;New World Point Chevalier,5,16,23532.4,1810.0,True,True,06:32:12.400000
Sat_02244,Pak 'n Save Royal Oak;Four Square Ellerslie;New World Newmarket;New World Victoria Park;New World Point Chevalier,5,16,21841.08,1810.0,True,True,06:04:01.080000
Sat_02245,New World Newmarket;Four Square Ellerslie;Pak 'n Save Sylvia Park;New World Victoria Park;New World Point Chevalier,5,16,22770.49,1810.0,True,True,06:19:30.490000
Sat_02246,Pak 'n Save Mt Albert;New World Point Chevalier;New World Newmarket;Four Square Ellerslie,4,12,17036.16,1190.0,True,True,04:43:56.160000
Sat_02247,New World Newmarket;Four Square Ellerslie;Pak 'n Save Glen Innes;New World Point Chevalier,4,13,19582.55,1500.0,True,True,05:26:22.550000
Sat_02248,New World Point Chevalier;New World Newmarket;Four Square Ellerslie;Pak 'n Save Royal Oak,4,13,17864.23,1190.0,True,True,04:57:44.230000
Sat_02249,New World Newmarket;Four Square Ellerslie;Pak 'n Save Sylvia Park;New World Point Chevalier,4,13,18820.64,1500.0,True,True,05:13:40.640000
Sat_02250,New World Newmarket;Four Square Ellerslie;New World Stonefields,3,7,11799.77,721.1,False,False,03:16:39.770000
Sat_02251,New World Newmarket;Four Square Ellerslie;New World Stonefields;New World Victoria Park,4,10,15749.61,1190.0,True,True,04:22:29.610000
Sat_02252,New World Newmarket;Four Square Ellerslie;New World Stonefields;Pak 'n Save Glen Innes;New World Victoria Park,5,16,23292.42,1810.0,True,True,06:28:12.420000
Sat_02253,Pak 'n Save Royal Oak;Four Square Ellerslie;New World Stonefields;New World Newmarket;New World Victoria Park,5,16,22068.64,1810.0,True,True,06:07:48.640000
Sat_02254,New World Newmarket;Four Square Ellerslie;New World Stonefields;Pak 'n Save Sylvia Park;New World Victoria Park,5,16,22775.72,1810.0,True,True,06:19:35.720000
Sat_02255,New World Newmarket;Four Square Ellerslie;New World Stonefields;Pak 'n Save Glen Innes,4,13,19342.57,1500.0,True,True,05:22:22.570000
Sat_02256,Pak 'n Save Royal Oak;Four Square Ellerslie;New World Stonefields;New World Newmarket,4,13,18118.79,1500.0,True,True,05:01:58.790000
Sat_02257,New World Newmarket;Four Square Ellerslie;New World Stonefields;Pak 'n Save Sylvia Park,4,13,18825.87,1500.0,True,True,05:13:45.870000
Sat_02258,New World Newmarket;Four Square Ellerslie;New World Victoria Park,3,7,11891.16,726.68,False,False,03:18:11.160000
Sat_02259,New World Newmarket;Four Square Ellerslie;Pak 'n Save Glen Innes;New World Victoria Park,4,13,19901.51,1500.0,True,True,05:31:41.510000
Sat_02260,Pak 'n Save Royal Oak;Four Square Ellerslie;New World Newmarket;New World Victoria Park,4,13,18210.19,1500.0,True,True,05:03:30.190000
Sat_02261,New World Newmarket;Four Square Ellerslie;Pak 'n Save Sylvia Park;New World Victoria Park,4,13,19139.6,1500.0,True,True,05:18:59.600000
Sat_02262,New World Newmarket;Four Square Ellerslie;Pak 'n Save Glen Innes,3,10,15951.66,1190.0,True,True,04:25:51.660000
Sat_02263,Pak 'n Save Royal Oak;Four Square Ellerslie;Pak 'n Save Glen Innes;New World Newmarket,4,16,22153.33,1810.0,True,True,06:09:13.330000
Sat_02264,New World Newmarket;Four Square Ellerslie;Pak 'n Save Glen Innes;Pak 'n Save Sylvia Park,4,16,22846.7,1810.0,True,True,06:20:46.700000
Sat_02265,New World Newmarket;Four Square Ellerslie;Pak 'n Save Royal Oak,3,10,14147.49,864.57,True,False,03:55:47.490000
Sat_02266,New World Newmarket;Pak 'n Save Sylvia Park;Four Square Ellerslie;Pak 'n Save Royal Oak,4,16,21406.72,1500.0,True,True,05:56:46.720000
Sat_02267,New World Newmarket;Four Square Ellerslie;Pak 'n Save Sylvia Park,3,10,15189.75,1190.0,True,True,04:13:09.750000
Sat_02268,Four Square Ellerslie;New World Stonefields,2,4,8338.87,509.6,False,False,02:18:58.870000
Sat_02269,Four Square Ellerslie;New World Stonefields;Pak 'n Save Glen Innes,3,10,15881.67,1190.0,True,True,04:24:41.670000
Sat_02270,Pak 'n Save Royal Oak;Four Square Ellerslie;New World Stonefields;Pak 'n Save Glen Innes,4,16,22072.47,1810.0,True,True,06:07:52.470000
Sat_02271,Four Square Ellerslie;New World Stonefields;Pak 'n Save Glen Innes;Pak 'n Save Sylvia Park,4,16,22776.71,1810.0,True,True,06:19:36.710000
Sat_02272,Pak 'n Save Royal Oak;Four Square Ellerslie;New World Stonefields,3,10,14529.67,1190.0,True,True,04:02:09.670000
Sat_02273,Pak 'n Save Royal Oak;Four Square Ellerslie;New World Stonefields;Pak 'n Save Sylvia Park,4,16,21555.77,1500.0,True,True,05:59:15.770000
Sat_02274,Four Square Ellerslie;New World Stonefields;Pak 'n Save Sylvia Park,3,10,15364.97,1190.0,True,True,04:16:04.970000
Sat_02275,Four Square Ellerslie;Pak 'n Save Glen Innes,2,7,12490.76,763.32,False,False,03:28:10.760000
Sat_02276,Four Square Ellerslie;Pak 'n Save Glen Innes;Pak 'n Save Sylvia Park,3,13,19385.8,1500.0,True,True,05:23:05.800000
Sat_02277,Pak 'n Save Royal Oak;Four Square Ellerslie,2,7,10671.22,652.13,False,False,02:57:51.220000
Sat_02278,Pak 'n Save Royal Oak;Four Square Ellerslie;Pak 'n Save Sylvia Park,3,13,17919.65,1190.0,True,True,04:58:39.650000
Sat_02279,Four Square Ellerslie;Pak 'n Save Sylvia Park,2,7,11728.85,716.76,False,False,03:15:28.850000
Sat_02280,Four Square Fair Price Henderson,1,1,4333.13,264.8,False,False,01:12:13.130000
Sat_02281,Four Square Fair Price Henderson;Pak 'n Save Westgate,2,6,10517.52,642.74,False,False,02:55:17.520000
Sat_02282,Four Square Fair Price Henderson;Pak 'n Save Henderson,2,8,12327.13,753.32,False,False,03:25:27.130000
Sat_02283,Pak 'n Save Lincoln Road;Four Square Fair Price Henderson;Pak 'n Save Henderson,3,15,19920.51,1500.0,True,True,05:32:00.510000
Sat_02284,Pak 'n Save Lincoln Road;Four Square Fair Price Henderson,2,8,11926.51,728.84,False,False,03:18:46.510000
Sat_02285,Four Square Glen Eden,1,1,3645.3,222.77,False,False,01:00:45.300000
Sat_02286,Four Square Glen Eden;New World Green Bay,2,4,7046.09,430.59,False,False,01:57:26.090000
Sat_02287,New World New Lynn;Four Square Glen Eden;New World Green Bay,3,7,10481.35,640.53,False,False,02:54:41.350000
Sat_02288,New World Green Bay;Four Square Glen Eden;New World New Lynn;New World Point Chevalier;New World Victoria Park,5,13,19224.12,1500.0,True,True,05:20:24.120000
Sat_02289,New World Green Bay;Four Square Glen Eden;New World New Lynn;Pak 'n Save Mt Albert;New World Point Chevalier,5,15,20228.15,1500.0,True,True,05:37:08.150000
Sat_02290,Pak 'n Save Mt Albert;New World New Lynn;Four Square Glen Eden;New World Green Bay,4,12,16211.9,1190.0,True,True,04:30:11.900000
Sat_02291,New World Green Bay;Four Square Glen Eden;Pak 'n Save Mt Albert,3,9,12834.61,784.34,True,False,03:33:54.610000
Sat_02292,New World Green Bay;Four Square Glen Eden;Pak 'n Save Henderson,3,11,15787.75,1190.0,True,True,04:23:07.750000
Sat_02293,Four Square Glen Eden;New World New Lynn,2,4,7064.23,431.7,False,False,01:57:44.230000
Sat_02294,New World New Lynn;Four Square Glen Eden;New World Point Chevalier,3,7,11309.39,691.13,False,False,03:08:29.390000
Sat_02295,New World New Lynn;Four Square Glen Eden;New World Point Chevalier;New World Victoria Park,4,10,15733.35,1190.0,True,True,04:22:13.350000
Sat_02296,Four Square Glen Eden;New World New Lynn;Pak 'n Save Mt Albert;New World Point Chevalier;New World Victoria Park,5,15,21213.34,1500.0,True,True,05:53:33.340000
Sat_02297,Four Square Glen Eden;New World New Lynn;Pak 'n Save Mt Albert;New World Point Chevalier,4,12,16789.38,1190.0,True,True,04:39:49.380000
Sat_02298,New World New Lynn;Four Square Glen Eden;Pak 'n Save Henderson;New World Point Chevalier,4,14,19497.15,1500.0,True,True,05:24:57.150000
Sat_02299,Four Square Glen Eden;New World New Lynn;Pak 'n Save Mt Albert,3,9,12786.38,781.39,True,False,03:33:06.380000
Sat_02300,Pak 'n Save Mt Albert;New World New Lynn;Four Square Glen Eden;Pak 'n Save Henderson,4,16,21514.79,1500.0,True,True,05:58:34.790000
Sat_02301,Four Square Glen Eden;Pak 'n Save Henderson,2,8,12348.98,754.66,False,False,03:25:48.980000
Sat_02302,Four Square Glen Eden;Pak 'n Save Henderson;Pak 'n Save Lincoln Road,3,15,20157.59,1500.0,True,True,05:35:57.590000
Sat_02303,Four Square Hobsonville,1,1,4793.54,292.94,False,False,01:19:53.540000
Sat_02304,New World Hobsonville;Four Square Hobsonville,2,4,8092.02,494.51,False,False,02:14:52.020000
Sat_02305,Pak 'n Save Westgate;New World Hobsonville;Four Square Hobsonville,3,9,13782.95,842.29,True,False,03:49:42.950000
Sat_02306,Pak 'n Save Lincoln Road;Pak 'n Save Westgate;New World Hobsonville;Four Square Hobsonville,4,16,21730.23,1810.0,True,True,06:02:10.230000
Sat_02307,Pak 'n Save Lincoln Road;New World Hobsonville;Four Square Hobsonville,3,11,16039.3,1190.0,True,True,04:27:19.300000
Sat_02308,Pak 'n Save Westgate;Four Square Hobsonville,2,6,10484.47,640.72,False,False,02:54:44.470000
Sat_02309,Pak 'n Save Lincoln Road;Four Square Hobsonville,2,8,12740.82,778.61,True,False,03:32:20.820000
Sat_02310,Four Square Lancaster,1,1,5925.84,362.13,False,False,01:38:45.840000
Sat_02311,New World Birkenhead;Four Square Lancaster,2,4,9285.15,567.43,False,False,02:34:45.150000
Sat_02312,New World Birkenhead;Four Square Lancaster;Pak 'n Save Wairau Road,3,9,15059.21,1190.0,True,True,04:10:59.210000
Sat_02313,New World Birkenhead;Four Square Lancaster;Pak 'n Save Wairau Road;Pak 'n Save Albany,4,15,22803.43,1810.0,True,True,06:20:03.430000
Sat_02314,Four Square Lancaster;Pak 'n Save Wairau Road,2,6,11699.9,714.99,False,False,03:14:59.900000
Sat_02315,Four Square Lancaster;Pak 'n Save Wairau Road;Pak 'n Save Albany,3,12,19444.12,1500.0,True,True,05:24:04.120000
Sat_02316,Four Square Onehunga,1,1,2634.43,160.99,False,False,00:43:54.430000
Sat_02317,Four Square Onehunga;Four Square Remuera,2,2,5351.23,327.02,False,False,01:29:11.230000
Sat_02318,Four Square Onehunga;Four Square Remuera;Four Square St Heliers,3,3,7855.47,480.06,False,False,02:10:55.470000
Sat_02319,New World Mt Roskill;Four Square Onehunga;Four Square Remuera;Four Square St Heliers,4,5,10056.91,614.59,False,False,02:47:36.910000
Sat_02320,New World Mt Roskill;Four Square Onehunga;New World Remuera;Four Square Remuera;Four Square St Heliers,5,7,12385.7,756.9,False,False,03:26:25.700000
Sat_02321,New World Mt Roskill;Four Square Onehunga;Four Square Remuera;Four Square St Heliers;New World Eastridge,5,8,13486.57,824.18,True,False,03:44:46.570000
Sat_02322,New World Mt Roskill;Four Square Onehunga;Four Square Remuera;Four Square St Heliers;New World Green Bay,5,8,14467.72,1190.0,True,True,04:01:07.720000
Sat_02323,New World Mt Roskill;Four Square Onehunga;Four Square Remuera;Four Square St Heliers;New World Mt Albert,5,8,13458.25,822.45,True,False,03:44:18.250000
Sat_02324,New World Mt Roskill;Four Square Onehunga;Four Square Remuera;Four Square St Heliers;New World New Lynn,5,8,14221.25,869.08,True,False,03:57:01.250000
Sat_02325,New World Mt Roskill;Four Square Onehunga;Four Square Remuera;Four Square St Heliers;New World Newmarket,5,8,13590.98,830.56,True,False,03:46:30.980000
Sat_02326,New World Mt Roskill;Four Square Onehunga;Four Square Remuera;Four Square St Heliers;New World Point Chevalier,5,8,13687.8,836.48,True,False,03:48:07.800000
Sat_02327,New World Mt Roskill;Four Square Onehunga;Four Square Remuera;New World Stonefields;Four Square St Heliers,5,8,13624.56,832.61,True,False,03:47:04.560000
Sat_02328,Four Square Onehunga;Four Square Remuera;Four Square St Heliers;Pak 'n Save Mt Albert;New World Mt Roskill,5,10,15738.28,1190.0,True,True,04:22:18.280000
Sat_02329,New World Mt Roskill;Four Square Onehunga;Four Square Remuera;Pak 'n Save Glen Innes;Four Square St Heliers,5,11,16896.26,1190.0,True,True,04:41:36.260000
Sat_02330,New World Mt Roskill;Four Square Onehunga;Four Square St Heliers;Four Square Remuera;Pak 'n Save Mangere,5,11,17737.63,1190.0,True,True,04:55:37.630000
Sat_02331,New World Mt Roskill;Pak 'n Save Royal Oak;Four Square St Heliers;Four Square Remuera;Four Square Onehunga,5,11,16569.08,1190.0,True,True,04:36:09.080000
Sat_02332,New World Mt Roskill;Four Square Onehunga;Pak 'n Save Sylvia Park;Four Square St Heliers;Four Square Remuera,5,11,17166.54,1190.0,True,True,04:46:06.540000
Sat_02333,Four Square Onehunga;New World Remuera;Four Square Remuera;Four Square St Heliers,4,5,10184.26,622.37,False,False,02:49:44.260000
Sat_02334,Four Square Onehunga;New World Remuera;Four Square Remuera;Four Square St Heliers;New World Eastridge,5,8,13613.92,831.96,True,False,03:46:53.920000
Sat_02335,Four Square Onehunga;New World Remuera;Four Square Remuera;Four Square St Heliers;New World Newmarket,5,8,13718.33,838.34,True,False,03:48:38.330000
Sat_02336,Four Square Onehunga;New World Remuera;Four Square Remuera;New World Stonefields;Four Square St Heliers,5,8,13751.91,840.39,True,False,03:49:11.910000
Sat_02337,Four Square Onehunga;New World Remuera;Four Square Remuera;Pak 'n Save Glen Innes;Four Square St Heliers,5,11,17023.61,1190.0,True,True,04:43:43.610000
Sat_02338,Four Square Onehunga;New World Remuera;Four Square St Heliers;Four Square Remuera;Pak 'n Save Mangere,5,11,17929.64,1190.0,True,True,04:58:49.640000
Sat_02339,Pak 'n Save Royal Oak;New World Remuera;Four Square Remuera;Four Square St Heliers;Four Square Onehunga,5,11,16727.45,1190.0,True,True,04:38:47.450000
Sat_02340,New World Remuera;Four Square Remuera;Four Square St Heliers;Pak 'n Save Sylvia Park;Four Square Onehunga,5,11,17319.28,1190.0,True,True,04:48:39.280000
Sat_02341,Four Square Onehunga;Four Square Remuera;Four Square St Heliers;New World Eastridge,4,6,11285.13,689.65,False,False,03:08:05.130000
Sat_02342,Four Square Onehunga;Four Square Remuera;Four Square St Heliers;New World Eastridge;New World Newmarket,5,9,14737.74,1190.0,True,True,04:05:37.740000
Sat_02343,Four Square Onehunga;Four Square Remuera;New World Stonefields;Four Square St Heliers;New World Eastridge,5,9,14852.78,1190.0,True,True,04:07:32.780000
Sat_02344,Four Square Onehunga;Four Square Remuera;Pak 'n Save Glen Innes;Four Square St Heliers;New World Eastridge,5,12,18124.48,1500.0,True,True,05:02:04.480000
Sat_02345,Four Square Onehunga;Four Square St Heliers;New World Eastridge;Four Square Remuera;Pak 'n Save Mangere,5,12,18965.51,1500.0,True,True,05:16:05.510000
Sat_02346,Pak 'n Save Royal Oak;Four Square St Heliers;New World Eastridge;Four Square Remuera;Four Square Onehunga,5,12,17796.95,1190.0,True,True,04:56:36.950000
Sat_02347,Four Square Onehunga;Pak 'n Save Sylvia Park;Four Square St Heliers;New World Eastridge;Four Square Remuera,5,12,18394.42,1500.0,True,True,05:06:34.420000
Sat_02348,Four Square Onehunga;Four Square Remuera;Four Square St Heliers;New World Newmarket,4,6,11389.54,696.03,False,False,03:09:49.540000
Sat_02349,Four Square Onehunga;Four Square Remuera;Four Square St Heliers;New World Newmarket;New World Point Chevalier,5,9,15020.43,1190.0,True,True,04:10:20.430000
Sat_02350,Four Square Onehunga;New World Stonefields;Four Square St Heliers;Four Square Remuera;New World Newmarket,5,9,14942.15,1190.0,True,True,04:09:02.150000
Sat_02351,Four Square Onehunga;Four Square Remuera;Four Square St Heliers;New World Newmarket;New World Victoria Park,5,9,15339.39,1190.0,True,True,04:15:39.390000
Sat_02352,Four Square Onehunga;Four Square Remuera;Pak 'n Save Glen Innes;Four Square St Heliers;New World Newmarket,5,12,18228.89,1500.0,True,True,05:03:48.890000
Sat_02353,New World Newmarket;Four Square St Heliers;Four Square Remuera;Four Square Onehunga;Pak 'n Save Mangere,5,12,19098.43,1500.0,True,True,05:18:18.430000
Sat_02354,Pak 'n Save Royal Oak;New World Newmarket;Four Square St Heliers;Four Square Remuera;Four Square Onehunga,5,12,17969.81,1190.0,True,True,04:59:29.810000
Sat_02355,Four Square Onehunga;Pak 'n Save Sylvia Park;Four Square St Heliers;Four Square Remuera;New World Newmarket,5,12,18472.62,1500.0,True,True,05:07:52.620000
Sat_02356,Four Square Onehunga;Four Square Remuera;New World Stonefields;Four Square St Heliers,4,6,11423.12,698.08,False,False,03:10:23.120000
Sat_02357,Four Square Onehunga;Four Square Remuera;New World Stonefields;Pak 'n Save Glen Innes;Four Square St Heliers,5,12,18206.21,1500.0,True,True,05:03:26.210000
Sat_02358,Four Square Onehunga;New World Stonefields;Four Square St Heliers;Four Square Remuera;Pak 'n Save Mangere,5,12,18983.36,1500.0,True,True,05:16:23.360000
Sat_02359,Pak 'n Save Royal Oak;New World Stonefields;Four Square St Heliers;Four Square Remuera;Four Square Onehunga,5,12,17814.8,1190.0,True,True,04:56:54.800000
Sat_02360,Four Square Onehunga;Pak 'n Save Sylvia Park;New World Stonefields;Four Square St Heliers;Four Square Remuera,5,12,18423.87,1500.0,True,True,05:07:03.870000
Sat_02361,Four Square Onehunga;Four Square Remuera;Pak 'n Save Glen Innes;Four Square St Heliers,4,9,14694.82,1190.0,True,True,04:04:54.820000
Sat_02362,Four Square Onehunga;Four Square St Heliers;Pak 'n Save Glen Innes;Four Square Remuera;Pak 'n Save Mangere,5,15,22360.43,1810.0,True,True,06:12:40.430000
Sat_02363,Pak 'n Save Royal Oak;Four Square St Heliers;Pak 'n Save Glen Innes;Four Square Remuera;Four Square Onehunga,5,15,21191.87,1500.0,True,True,05:53:11.870000
Sat_02364,Four Square Onehunga;Pak 'n Save Sylvia Park;Pak 'n Save Glen Innes;Four Square St Heliers;Four Square Remuera,5,15,21612.36,1810.0,True,True,06:00:12.360000
Sat_02365,Four Square Onehunga;Four Square St Heliers;Four Square Remuera;Pak 'n Save Mangere,4,9,15536.19,1190.0,True,True,04:18:56.190000
Sat_02366,Pak 'n Save Royal Oak;Four Square St Heliers;Four Square Remuera;Four Square Onehunga;Pak 'n Save Mangere,5,15,22043.07,1810.0,True,True,06:07:23.070000
Sat_02367,Four Square Onehunga;Four Square Remuera;Four Square St Heliers;Pak 'n Save Sylvia Park;Pak 'n Save Mangere,5,15,22385.19,1810.0,True,True,06:13:05.190000
Sat_02368,Pak 'n Save Royal Oak;Four Square St Heliers;Four Square Remuera;Four Square Onehunga,4,9,14367.63,878.02,True,False,03:59:27.630000
Sat_02369,Pak 'n Save Royal Oak;Four Square Remuera;Four Square St Heliers;Pak 'n Save Sylvia Park;Four Square Onehunga,5,15,21347.55,1500.0,True,True,05:55:47.550000
Sat_02370,Four Square Onehunga;Pak 'n Save Sylvia Park;Four Square St Heliers;Four Square Remuera,4,9,14965.1,1190.0,True,True,04:09:25.100000
Sat_02371,New World Mt Roskill;Four Square Onehunga;Four Square Remuera,3,4,7552.67,461.55,False,False,02:05:52.670000
Sat_02372,New World Mt Roskill;Four Square Onehunga;New World Remuera;Four Square Remuera,4,6,9881.46,603.87,False,False,02:44:41.460000
Sat_02373,New World Mt Roskill;Four Square Onehunga;New World Remuera;Four Square Remuera;New World Eastridge,5,9,14038.11,857.88,True,False,03:53:58.110000
Sat_02374,New World Green Bay;New World Remuera;Four Square Remuera;Four Square Onehunga;New World Mt Roskill,5,9,14281.83,872.78,True,False,03:58:01.830000
Sat_02375,New World Mt Roskill;Four Square Onehunga;New World Remuera;Four Square Remuera;New World Mt Albert,5,9,13282.8,811.73,True,False,03:41:22.800000
Sat_02376,New World Mt Roskill;Four Square Onehunga;New World Remuera;Four Square Remuera;New World New Lynn,5,9,14045.8,858.35,True,False,03:54:05.800000
Sat_02377,New World Mt Roskill;Four Square Onehunga;Four Square Remuera;New World Remuera;New World Newmarket,5,9,13300.43,812.8,True,False,03:41:40.430000
Sat_02378,New World Mt Roskill;Four Square Onehunga;New World Remuera;Four Square Remuera;New World Point Chevalier,5,9,13512.35,825.75,True,False,03:45:12.350000
Sat_02379,New World Mt Roskill;Four Square Onehunga;New World Stonefields;Four Square Remuera;New World Remuera,5,9,13764.87,841.19,True,False,03:49:24.870000
Sat_02380,Four Square Onehunga;New World Remuera;Four Square Remuera;Pak 'n Save Mt Albert;New World Mt Roskill,5,11,15562.83,1190.0,True,True,04:19:22.830000
Sat_02381,New World Mt Roskill;Four Square Onehunga;Pak 'n Save Glen Innes;Four Square Remuera;New World Remuera,5,12,17808.56,1190.0,True,True,04:56:48.560000
Sat_02382,New World Mt Roskill;Four Square Onehunga;New World Remuera;Four Square Remuera;Pak 'n Save Mangere,5,12,17430.19,1190.0,True,True,04:50:30.190000
Sat_02383,New World Mt Roskill;Pak 'n Save Royal Oak;New World Remuera;Four Square Remuera;Four Square Onehunga,5,12,16261.63,1190.0,True,True,04:31:01.630000
Sat_02384,New World Mt Roskill;New World Remuera;Four Square Remuera;Pak 'n Save Sylvia Park;Four Square Onehunga,5,12,17336.86,1190.0,True,True,04:48:56.860000
Sat_02385,New World Mt Roskill;Four Square Onehunga;Four Square Remuera;New World Eastridge,4,7,11709.32,715.57,False,False,03:15:09.320000
Sat_02386,New World Mt Roskill;Four Square Onehunga;Four Square Remuera;New World Eastridge;New World Green Bay,5,10,16120.13,1190.0,True,True,04:28:40.130000
Sat_02387,New World Mt Roskill;Four Square Onehunga;Four Square Remuera;New World Eastridge;New World Mt Albert,5,10,15110.66,1190.0,True,True,04:11:50.660000
Sat_02388,New World Mt Roskill;Four Square Onehunga;Four Square Remuera;New World Eastridge;New World New Lynn,5,10,15873.66,1190.0,True,True,04:24:33.660000
Sat_02389,New World Mt Roskill;Four Square Onehunga;Four Square Remuera;New World Eastridge;New World Newmarket,5,10,15161.93,1190.0,True,True,04:12:41.930000
Sat_02390,New World Mt Roskill;Four Square Onehunga;Four Square Remuera;New World Eastridge;New World Point Chevalier,5,10,15340.21,1190.0,True,True,04:15:40.210000
Sat_02391,New World Mt Roskill;Four Square Onehunga;Four Square Remuera;New World Stonefields;New World Eastridge,5,10,15512.84,1190.0,True,True,04:18:32.840000
Sat_02392,Four Square Onehunga;Four Square Remuera;New World Eastridge;Pak 'n Save Mt Albert;New World Mt Roskill,5,12,17390.69,1190.0,True,True,04:49:50.690000
Sat_02393,New World Mt Roskill;Four Square Onehunga;Four Square Remuera;Pak 'n Save Glen Innes;New World Eastridge,5,13,18869.72,1500.0,True,True,05:14:29.720000
Sat_02394,New World Mt Roskill;Four Square Onehunga;New World Eastridge;Four Square Remuera;Pak 'n Save Mangere,5,13,19361.62,1500.0,True,True,05:22:41.620000
Sat_02395,New World Mt Roskill;Pak 'n Save Royal Oak;New World Eastridge;Four Square Remuera;Four Square Onehunga,5,13,18193.07,1500.0,True,True,05:03:13.070000
Sat_02396,New World Mt Roskill;Four Square Onehunga;Pak 'n Save Sylvia Park;New World Eastridge;Four Square Remuera,5,13,19054.48,1500.0,True,True,05:17:34.480000
Sat_02397,New World Mt Roskill;Four Square Onehunga;Four Square Remuera;New World Green Bay,4,7,11963.48,731.1,False,False,03:19:23.480000
Sat_02398,New World Mt Roskill;Four Square Onehunga;Four Square Remuera;New World New Lynn;New World Green Bay,5,10,15452.44,1190.0,True,True,04:17:32.440000
Sat_02399,New World Mt Roskill;Four Square Onehunga;Four Square Remuera;New World Newmarket;New World Green Bay,5,10,15471.0,1190.0,True,True,04:17:51
Sat_02400,New World Mt Roskill;Four Square Onehunga;Four Square Remuera;New World Point Chevalier;New World Green Bay,5,10,15392.53,1190.0,True,True,04:16:32.530000
Sat_02401,New World Mt Roskill;Four Square Onehunga;New World Stonefields;Four Square Remuera;New World Green Bay,5,10,15805.9,1190.0,True,True,04:23:25.900000
Sat_02402,New World Mt Roskill;Four Square Onehunga;Four Square Remuera;Pak 'n Save Mt Albert;New World Green Bay,5,12,17395.68,1190.0,True,True,04:49:55.680000
Sat_02403,New World Mt Roskill;Four Square Onehunga;Pak 'n Save Glen Innes;Four Square Remuera;New World Green Bay,5,13,19849.59,1500.0,True,True,05:30:49.590000
Sat_02404,New World Green Bay;Four Square Remuera;Pak 'n Save Sylvia Park;Four Square Onehunga;New World Mt Roskill,5,13,19453.09,1500.0,True,True,05:24:13.090000
Sat_02405,New World Mt Roskill;Four Square Onehunga;Four Square Remuera;New World Mt Albert,4,7,10954.01,669.41,False,False,03:02:34.010000
Sat_02406,New World Mt Roskill;Four Square Onehunga;Four Square Remuera;New World Newmarket;New World Mt Albert,5,10,14461.53,1190.0,True,True,04:01:01.530000
Sat_02407,New World Mt Roskill;Four Square Onehunga;Four Square Remuera;New World Point Chevalier;New World Mt Albert,5,10,14547.91,1190.0,True,True,04:02:27.910000
Sat_02408,New World Mt Roskill;Four Square Onehunga;New World Stonefields;Four Square Remuera;New World Mt Albert,5,10,14796.43,1190.0,True,True,04:06:36.430000
Sat_02409,New World Mt Roskill;Four Square Onehunga;Four Square Remuera;New World Victoria Park;New World Mt Albert,5,10,14903.85,1190.0,True,True,04:08:23.850000
Sat_02410,Four Square Onehunga;Four Square Remuera;New World Mt Albert;Pak 'n Save Mt Albert;New World Mt Roskill,5,12,16655.74,1190.0,True,True,04:37:35.740000
Sat_02411,New World Mt Roskill;Four Square Onehunga;Pak 'n Save Glen Innes;Four Square Remuera;New World Mt Albert,5,13,18840.12,1500.0,True,True,05:14:00.120000
Sat_02412,New World Mt Roskill;Pak 'n Save Royal Oak;Four Square Onehunga;Four Square Remuera;New World Mt Albert,5,13,17655.08,1190.0,True,True,04:54:15.080000
Sat_02413,New World Mt Roskill;Four Square Onehunga;Pak 'n Save Sylvia Park;Four Square Remuera;New World Mt Albert,5,13,18457.65,1500.0,True,True,05:07:37.650000
Sat_02414,New World Mt Roskill;Four Square Onehunga;Four Square Remuera;New World New Lynn,4,7,11717.01,716.04,False,False,03:15:17.010000
Sat_02415,New World Mt Roskill;Four Square Onehunga;Four Square Remuera;New World Newmarket;New World New Lynn,5,10,15224.54,1190.0,True,True,04:13:44.540000
Sat_02416,New World Mt Roskill;Four Square Onehunga;Four Square Remuera;New World Point Chevalier;New World New Lynn,5,10,15168.5,1190.0,True,True,04:12:48.500000
Sat_02417,New World Mt Roskill;Four Square Onehunga;New World Stonefields;Four Square Remuera;New World New Lynn,5,10,15559.43,1190.0,True,True,04:19:19.430000
Sat_02418,New World Mt Roskill;Four Square Onehunga;Four Square Remuera;Pak 'n Save Mt Albert;New World New Lynn,5,12,17171.66,1190.0,True,True,04:46:11.660000
Sat_02419,New World Mt Roskill;Four Square Onehunga;Pak 'n Save Glen Innes;Four Square Remuera;New World New Lynn,5,13,19603.12,1500.0,True,True,05:26:43.120000
Sat_02420,New World Mt Roskill;Four Square Onehunga;Pak 'n Save Sylvia Park;Four Square Remuera;New World New Lynn,5,13,19220.65,1500.0,True,True,05:20:20.650000
Sat_02421,New World Mt Roskill;Four Square Onehunga;Four Square Remuera;New World Newmarket,4,7,11060.19,675.9,False,False,03:04:20.190000
Sat_02422,New World Mt Roskill;Four Square Onehunga;Four Square Remuera;New World Newmarket;New World Point Chevalier,5,10,14691.08,1190.0,True,True,04:04:51.080000
Sat_02423,New World Mt Roskill;Four Square Onehunga;New World Stonefields;Four Square Remuera;New World Newmarket,5,10,14902.61,1190.0,True,True,04:08:22.610000
Sat_02424,New World Mt Roskill;Four Square Onehunga;Four Square Remuera;New World Newmarket;New World Victoria Park,5,10,15010.04,1190.0,True,True,04:10:10.040000
Sat_02425,Four Square Onehunga;Four Square Remuera;New World Newmarket;Pak 'n Save Mt Albert;New World Mt Roskill,5,12,16741.57,1190.0,True,True,04:39:01.570000
Sat_02426,New World Mt Roskill;Four Square Onehunga;Pak 'n Save Glen Innes;Four Square Remuera;New World Newmarket,5,13,18946.3,1500.0,True,True,05:15:46.300000
Sat_02427,New World Mt Roskill;Pak 'n Save Royal Oak;New World Newmarket;Four Square Remuera;Four Square Onehunga,5,13,17651.27,1190.0,True,True,04:54:11.270000
Sat_02428,New World Mt Roskill;New World Newmarket;Four Square Remuera;Pak 'n Save Sylvia Park;Four Square Onehunga,5,13,18536.73,1500.0,True,True,05:08:56.730000
Sat_02429,New World Mt Roskill;Four Square Onehunga;Four Square Remuera;New World Point Chevalier,4,7,11183.56,683.44,False,False,03:06:23.560000
Sat_02430,New World Mt Roskill;Four Square Onehunga;New World Stonefields;Four Square Remuera;New World Point Chevalier,5,10,15025.98,1190.0,True,True,04:10:25.980000
Sat_02431,New World Mt Roskill;Four Square Onehunga;Four Square Remuera;New World Victoria Park;New World Point Chevalier,5,10,15133.4,1190.0,True,True,04:12:13.400000
Sat_02432,Four Square Onehunga;Four Square Remuera;New World Point Chevalier;Pak 'n Save Mt Albert;New World Mt Roskill,5,12,16668.26,1190.0,True,True,04:37:48.260000
Sat_02433,New World Mt Roskill;Four Square Onehunga;Pak 'n Save Glen Innes;Four Square Remuera;New World Point Chevalier,5,13,19069.67,1500.0,True,True,05:17:49.670000
Sat_02434,New World Mt Roskill;Pak 'n Save Royal Oak;Four Square Onehunga;Four Square Remuera;New World Point Chevalier,5,13,17884.63,1190.0,True,True,04:58:04.630000
Sat_02435,New World Mt Roskill;Four Square Onehunga;Pak 'n Save Sylvia Park;Four Square Remuera;New World Point Chevalier,5,13,18687.2,1500.0,True,True,05:11:27.200000
Sat_02436,New World Mt Roskill;Four Square Onehunga;New World Stonefields;Four Square Remuera,4,7,11395.09,696.37,False,False,03:09:55.090000
Sat_02437,Four Square Onehunga;New World Stonefields;Four Square Remuera;Pak 'n Save Mt Albert;New World Mt Roskill,5,12,17076.46,1190.0,True,True,04:44:36.460000
Sat_02438,New World Mt Roskill;Four Square Onehunga;New World Stonefields;Pak 'n Save Glen Innes;Four Square Remuera,5,13,18829.69,1500.0,True,True,05:13:49.690000
Sat_02439,New World Mt Roskill;Four Square Onehunga;New World Stonefields;Four Square Remuera;Pak 'n Save Mangere,5,13,18943.82,1500.0,True,True,05:15:43.820000
Sat_02440,New World Mt Roskill;Pak 'n Save Royal Oak;New World Stonefields;Four Square Remuera;Four Square Onehunga,5,13,17775.27,1190.0,True,True,04:56:15.270000
Sat_02441,New World Mt Roskill;Four Square Onehunga;Pak 'n Save Sylvia Park;New World Stonefields;Four Square Remuera,5,13,18384.33,1500.0,True,True,05:06:24.330000
Sat_02442,Four Square Onehunga;Four Square Remuera;Pak 'n Save Mt Albert;New World Mt Roskill,4,9,13234.04,808.75,True,False,03:40:34.040000
Sat_02443,Four Square Onehunga;Pak 'n Save Glen Innes;Four Square Remuera;Pak 'n Save Mt Albert;New World Mt Roskill,5,15,21120.15,1500.0,True,True,05:52:00.150000
Sat_02444,Pak 'n Save Mangere;Four Square Onehunga;Four Square Remuera;Pak 'n Save Mt Albert;New World Mt Roskill,5,15,20987.92,1500.0,True,True,05:49:47.920000
Sat_02445,Four Square Onehunga;Pak 'n Save Sylvia Park;Four Square Remuera;Pak 'n Save Mt Albert;New World Mt Roskill,5,15,20737.68,1500.0,True,True,05:45:37.680000
Sat_02446,New World Mt Roskill;Four Square Onehunga;Pak 'n Save Glen Innes;Four Square Remuera,4,10,15438.78,1190.0,True,True,04:17:18.780000
Sat_02447,New World Mt Roskill;Four Square Onehunga;Pak 'n Save Glen Innes;Four Square Remuera;Pak 'n Save Mangere,5,16,22987.51,1810.0,True,True,06:23:07.510000
Sat_02448,New World Mt Roskill;Four Square Onehunga;Pak 'n Save Sylvia Park;Pak 'n Save Glen Innes;Four Square Remuera,5,16,22224.33,1810.0,True,True,06:10:24.330000
Sat_02449,New World Mt Roskill;Pak 'n Save Royal Oak;Four Square Remuera;Four Square Onehunga,4,10,13932.85,851.45,True,False,03:52:12.850000
Sat_02450,New World Mt Roskill;Pak 'n Save Royal Oak;Four Square Remuera;Pak 'n Save Sylvia Park;Four Square Onehunga,5,16,21365.14,1500.0,True,True,05:56:05.140000
Sat_02451,New World Mt Roskill;Four Square Onehunga;Pak 'n Save Sylvia Park;Four Square Remuera,4,10,15056.31,1190.0,True,True,04:10:56.310000
Sat_02452,Four Square Onehunga;New World Remuera;Four Square Remuera,3,4,7680.02,469.33,False,False,02:08:00.020000
Sat_02453,Four Square Onehunga;New World Remuera;Four Square Remuera;New World Eastridge,4,7,11836.67,723.35,False,False,03:17:16.670000
Sat_02454,Four Square Onehunga;New World Remuera;Four Square Remuera;New World Eastridge;New World Newmarket,5,10,15289.28,1190.0,True,True,04:14:49.280000
Sat_02455,Four Square Onehunga;New World Remuera;Four Square Remuera;New World Stonefields;New World Eastridge,5,10,15640.19,1190.0,True,True,04:20:40.190000
Sat_02456,Four Square Onehunga;New World Remuera;Four Square Remuera;Pak 'n Save Glen Innes;New World Eastridge,5,13,18997.07,1500.0,True,True,05:16:37.070000
Sat_02457,Four Square Onehunga;New World Remuera;New World Eastridge;Four Square Remuera;Pak 'n Save Mangere,5,13,19471.86,1500.0,True,True,05:24:31.860000
Sat_02458,Pak 'n Save Royal Oak;New World Remuera;New World Eastridge;Four Square Remuera;Four Square Onehunga,5,13,18303.29,1500.0,True,True,05:05:03.290000
Sat_02459,Four Square Onehunga;Pak 'n Save Sylvia Park;New World Eastridge;Four Square Remuera;New World Remuera,5,13,19222.82,1500.0,True,True,05:20:22.820000
Sat_02460,Four Square Onehunga;Four Square Remuera;New World Remuera;New World Newmarket,4,7,11098.99,678.27,False,False,03:04:58.990000
Sat_02461,Four Square Onehunga;Four Square Remuera;New World Remuera;New World Newmarket;New World Point Chevalier,5,10,14729.88,1190.0,True,True,04:05:29.880000
Sat_02462,Four Square Onehunga;New World Stonefields;Four Square Remuera;New World Remuera;New World Newmarket,5,10,14941.41,1190.0,True,True,04:09:01.410000
Sat_02463,Four Square Onehunga;Four Square Remuera;New World Remuera;New World Newmarket;New World Victoria Park,5,10,15048.84,1190.0,True,True,04:10:48.840000
Sat_02464,Four Square Onehunga;Pak 'n Save Glen Innes;Four Square Remuera;New World Remuera;New World Newmarket,5,13,18985.1,1500.0,True,True,05:16:25.100000
Sat_02465,New World Newmarket;New World Remuera;Four Square Remuera;Four Square Onehunga;Pak 'n Save Mangere,5,13,18797.65,1500.0,True,True,05:13:17.650000
Sat_02466,Pak 'n Save Royal Oak;New World Newmarket;New World Remuera;Four Square Remuera;Four Square Onehunga,5,13,17669.03,1190.0,True,True,04:54:29.030000
Sat_02467,New World Newmarket;New World Remuera;Four Square Remuera;Pak 'n Save Sylvia Park;Four Square Onehunga,5,13,18554.5,1500.0,True,True,05:09:14.500000
Sat_02468,Four Square Onehunga;New World Stonefields;Four Square Remuera;New World Remuera,4,7,11563.43,706.65,False,False,03:12:43.430000
Sat_02469,Four Square Onehunga;New World Stonefields;Pak 'n Save Glen Innes;Four Square Remuera;New World Remuera,5,13,18998.03,1500.0,True,True,05:16:38.030000
Sat_02470,Four Square Onehunga;New World Stonefields;Four Square Remuera;New World Remuera;Pak 'n Save Mangere,5,13,19156.75,1500.0,True,True,05:19:16.750000
Sat_02471,Pak 'n Save Royal Oak;New World Stonefields;Four Square Remuera;New World Remuera;Four Square Onehunga,5,13,17935.57,1190.0,True,True,04:58:55.570000
Sat_02472,New World Remuera;Four Square Remuera;New World Stonefields;Pak 'n Save Sylvia Park;Four Square Onehunga,5,13,18539.33,1500.0,True,True,05:08:59.330000
Sat_02473,Four Square Onehunga;Pak 'n Save Glen Innes;Four Square Remuera;New World Remuera,4,10,15607.12,1190.0,True,True,04:20:07.120000
Sat_02474,Four Square Onehunga;Pak 'n Save Glen Innes;Four Square Remuera;New World Remuera;Pak 'n Save Mangere,5,16,23200.44,1810.0,True,True,06:26:40.440000
Sat_02475,Pak 'n Save Royal Oak;New World Remuera;Four Square Remuera;Pak 'n Save Glen Innes;Four Square Onehunga,5,16,21977.33,1810.0,True,True,06:06:17.330000
Sat_02476,Four Square Onehunga;Pak 'n Save Sylvia Park;Pak 'n Save Glen Innes;Four Square Remuera;New World Remuera,5,16,22392.67,1810.0,True,True,06:13:12.670000
Sat_02477,Four Square Onehunga;New World Remuera;Four Square Remuera;Pak 'n Save Mangere,4,10,15228.75,1190.0,True,True,04:13:48.750000
Sat_02478,Four Square Onehunga;New World Remuera;Four Square Remuera;Pak 'n Save Sylvia Park;Pak 'n Save Mangere,5,16,22530.12,1810.0,True,True,06:15:30.120000
Sat_02479,Pak 'n Save Royal Oak;New World Remuera;Four Square Remuera;Four Square Onehunga,4,10,14060.18,859.23,True,False,03:54:20.180000
Sat_02480,Pak 'n Save Royal Oak;New World Remuera;Four Square Remuera;Pak 'n Save Sylvia Park;Four Square Onehunga,5,16,21492.47,1500.0,True,True,05:58:12.470000
Sat_02481,New World Remuera;Four Square Remuera;Pak 'n Save Sylvia Park;Four Square Onehunga,4,10,15135.42,1190.0,True,True,04:12:15.420000
Sat_02482,Four Square Onehunga;Four Square Remuera;New World Eastridge,3,5,9507.88,581.04,False,False,02:38:27.880000
Sat_02483,Four Square Onehunga;Four Square Remuera;New World Eastridge;New World Newmarket,4,8,12960.49,792.03,True,False,03:36:00.490000
Sat_02484,Four Square Onehunga;Four Square Remuera;New World Eastridge;New World Newmarket;New World Point Chevalier,5,11,16591.38,1190.0,True,True,04:36:31.380000
Sat_02485,Four Square Onehunga;Four Square Remuera;New World Stonefields;New World Eastridge;New World Newmarket,5,11,16764.01,1190.0,True,True,04:39:24.010000
Sat_02486,Four Square Onehunga;Four Square Remuera;New World Eastridge;New World Newmarket;New World Victoria Park,5,11,16910.34,1190.0,True,True,04:41:50.340000
Sat_02487,Four Square Onehunga;Four Square Remuera;Pak 'n Save Glen Innes;New World Eastridge;New World Newmarket,5,14,20120.89,1500.0,True,True,05:35:20.890000
Sat_02488,New World Newmarket;New World Eastridge;Four Square Remuera;Four Square Onehunga;Pak 'n Save Mangere,5,14,20640.65,1500.0,True,True,05:44:00.650000
Sat_02489,Pak 'n Save Royal Oak;New World Newmarket;New World Eastridge;Four Square Remuera;Four Square Onehunga,5,14,19512.03,1500.0,True,True,05:25:12.030000
Sat_02490,Four Square Onehunga;Pak 'n Save Sylvia Park;New World Eastridge;Four Square Remuera;New World Newmarket,5,14,20360.56,1500.0,True,True,05:39:20.560000
Sat_02491,Four Square Onehunga;Four Square Remuera;New World Stonefields;New World Eastridge,4,8,13311.4,813.47,True,False,03:41:51.400000
Sat_02492,Four Square Onehunga;Four Square Remuera;New World Stonefields;Pak 'n Save Glen Innes;New World Eastridge,5,14,20179.67,1500.0,True,True,05:36:19.670000
Sat_02493,Four Square Onehunga;New World Stonefields;New World Eastridge;Four Square Remuera;Pak 'n Save Mangere,5,14,20871.3,1500.0,True,True,05:47:51.300000
Sat_02494,Pak 'n Save Royal Oak;New World Stonefields;New World Eastridge;Four Square Remuera;Four Square Onehunga,5,14,19702.74,1500.0,True,True,05:28:22.740000
Sat_02495,Four Square Onehunga;Pak 'n Save Sylvia Park;New World Stonefields;New World Eastridge;Four Square Remuera,5,14,20311.81,1500.0,True,True,05:38:31.810000
Sat_02496,Four Square Onehunga;Four Square Remuera;Pak 'n Save Glen Innes;New World Eastridge,4,11,16668.28,1190.0,True,True,04:37:48.280000
Sat_02497,Four Square Onehunga;New World Eastridge;Four Square Remuera;Pak 'n Save Mangere,4,11,17160.18,1190.0,True,True,04:46:00.180000
Sat_02498,Pak 'n Save Royal Oak;New World Eastridge;Four Square Remuera;Four Square Onehunga,4,11,15991.62,1190.0,True,True,04:26:31.620000
Sat_02499,Four Square Onehunga;Pak 'n Save Sylvia Park;New World Eastridge;Four Square Remuera,4,11,16853.04,1190.0,True,True,04:40:53.040000
Sat_02500,Four Square Onehunga;Four Square Remuera;New World Newmarket,3,5,8858.75,541.37,False,False,02:27:38.750000
Sat_02501,Four Square Onehunga;Four Square Remuera;New World Newmarket;New World Point Chevalier,4,8,12489.64,763.26,False,False,03:28:09.640000
Sat_02502,Four Square Onehunga;New World Stonefields;Four Square Remuera;New World Newmarket;New World Point Chevalier,5,11,16332.06,1190.0,True,True,04:32:12.060000
Sat_02503,Four Square Onehunga;Four Square Remuera;New World Newmarket;New World Victoria Park;New World Point Chevalier,5,11,16439.49,1190.0,True,True,04:33:59.490000
Sat_02504,Four Square Onehunga;Four Square Remuera;New World Newmarket;New World Point Chevalier;Pak 'n Save Mt Albert,5,13,17978.99,1190.0,True,True,04:59:38.990000
Sat_02505,Four Square Onehunga;Pak 'n Save Glen Innes;Four Square Remuera;New World Newmarket;New World Point Chevalier,5,14,20375.75,1500.0,True,True,05:39:35.750000
Sat_02506,Pak 'n Save Mangere;Four Square Onehunga;Four Square Remuera;New World Newmarket;New World Point Chevalier,5,14,20243.52,1500.0,True,True,05:37:23.520000
Sat_02507,Pak 'n Save Royal Oak;Four Square Onehunga;Four Square Remuera;New World Newmarket;New World Point Chevalier,5,14,19190.7,1500.0,True,True,05:19:50.700000
Sat_02508,Four Square Onehunga;Pak 'n Save Sylvia Park;Four Square Remuera;New World Newmarket;New World Point Chevalier,5,14,19993.28,1500.0,True,True,05:33:13.280000
Sat_02509,Four Square Onehunga;New World Stonefields;Four Square Remuera;New World Newmarket,4,8,12701.17,776.18,True,False,03:31:41.170000
Sat_02510,Four Square Onehunga;New World Stonefields;Four Square Remuera;New World Newmarket;New World Victoria Park,5,11,16651.02,1190.0,True,True,04:37:31.020000
Sat_02511,Four Square Onehunga;New World Stonefields;Pak 'n Save Glen Innes;Four Square Remuera;New World Newmarket,5,14,20135.77,1500.0,True,True,05:35:35.770000
Sat_02512,Pak 'n Save Mangere;Four Square Onehunga;New World Stonefields;Four Square Remuera;New World Newmarket,5,14,20455.05,1500.0,True,True,05:40:55.050000
Sat_02513,Pak 'n Save Royal Oak;New World Newmarket;Four Square Remuera;New World Stonefields;Four Square Onehunga,5,14,19335.56,1500.0,True,True,05:22:15.560000
Sat_02514,Four Square Onehunga;Pak 'n Save Sylvia Park;New World Stonefields;Four Square Remuera;New World Newmarket,5,14,19690.41,1500.0,True,True,05:28:10.410000
Sat_02515,Four Square Onehunga;Four Square Remuera;New World Newmarket;New World Victoria Park,4,8,12808.6,782.75,True,False,03:33:28.600000
Sat_02516,Four Square Onehunga;Pak 'n Save Glen Innes;Four Square Remuera;New World Newmarket;New World Victoria Park,5,14,20694.71,1500.0,True,True,05:44:54.710000
Sat_02517,Pak 'n Save Mangere;Four Square Onehunga;Four Square Remuera;New World Newmarket;New World Victoria Park,5,14,20562.48,1500.0,True,True,05:42:42.480000
Sat_02518,Pak 'n Save Royal Oak;Four Square Onehunga;Four Square Remuera;New World Newmarket;New World Victoria Park,5,14,19509.66,1500.0,True,True,05:25:09.660000
Sat_02519,Four Square Onehunga;Pak 'n Save Sylvia Park;Four Square Remuera;New World Newmarket;New World Victoria Park,5,14,20312.24,1500.0,True,True,05:38:32.240000
Sat_02520,Four Square Onehunga;Pak 'n Save Glen Innes;Four Square Remuera;New World Newmarket,4,11,16744.86,1190.0,True,True,04:39:04.860000
Sat_02521,New World Newmarket;Four Square Remuera;Four Square Onehunga;Pak 'n Save Mangere,4,11,16578.44,1190.0,True,True,04:36:18.440000
Sat_02522,Pak 'n Save Royal Oak;New World Newmarket;Four Square Remuera;Four Square Onehunga,4,11,15449.82,1190.0,True,True,04:17:29.820000
Sat_02523,New World Newmarket;Four Square Remuera;Pak 'n Save Sylvia Park;Four Square Onehunga,4,11,16335.29,1190.0,True,True,04:32:15.290000
Sat_02524,Four Square Onehunga;New World Stonefields;Four Square Remuera,3,5,9193.65,561.83,False,False,02:33:13.650000
Sat_02525,Four Square Onehunga;New World Stonefields;Pak 'n Save Glen Innes;Four Square Remuera,4,11,16628.25,1190.0,True,True,04:37:08.250000
Sat_02526,Four Square Onehunga;New World Stonefields;Four Square Remuera;Pak 'n Save Mangere,4,11,16742.38,1190.0,True,True,04:39:02.380000
Sat_02527,Pak 'n Save Royal Oak;New World Stonefields;Four Square Remuera;Four Square Onehunga,4,11,15573.82,1190.0,True,True,04:19:33.820000
Sat_02528,Four Square Onehunga;Pak 'n Save Sylvia Park;New World Stonefields;Four Square Remuera,4,11,16182.89,1190.0,True,True,04:29:42.890000
Sat_02529,Four Square Onehunga;Pak 'n Save Glen Innes;Four Square Remuera,3,8,13237.34,808.95,True,False,03:40:37.340000
Sat_02530,Four Square Onehunga;Pak 'n Save Glen Innes;Four Square Remuera;Pak 'n Save Mangere,4,14,20786.07,1500.0,True,True,05:46:26.070000
Sat_02531,Pak 'n Save Royal Oak;Pak 'n Save Glen Innes;Four Square Remuera;Four Square Onehunga,4,14,19617.51,1500.0,True,True,05:26:57.510000
Sat_02532,Four Square Onehunga;Pak 'n Save Sylvia Park;Pak 'n Save Glen Innes;Four Square Remuera,4,14,20022.89,1500.0,True,True,05:33:42.890000
Sat_02533,Four Square Onehunga;Four Square Remuera;Pak 'n Save Mangere,3,8,12899.96,788.33,True,False,03:34:59.960000
Sat_02534,Four Square Onehunga;Four Square Remuera;Pak 'n Save Sylvia Park;Pak 'n Save Mangere,4,14,20201.33,1500.0,True,True,05:36:41.330000
Sat_02535,Pak 'n Save Royal Oak;Four Square Remuera;Four Square Onehunga,3,8,11731.4,716.92,False,False,03:15:31.400000
Sat_02536,Pak 'n Save Royal Oak;Four Square Remuera;Pak 'n Save Sylvia Park;Four Square Onehunga,4,14,19163.69,1500.0,True,True,05:19:23.690000
Sat_02537,Four Square Onehunga;Pak 'n Save Sylvia Park;Four Square Remuera,3,8,12854.87,785.58,True,False,03:34:14.870000
Sat_02538,New World Mt Roskill;Four Square Onehunga,2,3,4835.87,295.53,False,False,01:20:35.870000
Sat_02539,New World Mt Roskill;Four Square Onehunga;New World Remuera,3,5,8521.96,520.79,False,False,02:22:01.960000
Sat_02540,New World Mt Roskill;Four Square Onehunga;New World Remuera;New World Eastridge,4,8,12806.76,782.64,True,False,03:33:26.760000
Sat_02541,New World Mt Roskill;Four Square Onehunga;New World Remuera;New World Eastridge;New World Green Bay,5,11,17217.57,1190.0,True,True,04:46:57.570000
Sat_02542,New World Mt Roskill;Four Square Onehunga;New World Remuera;New World Eastridge;New World Mt Albert,5,11,16208.1,1190.0,True,True,04:30:08.100000
Sat_02543,New World Mt Roskill;Four Square Onehunga;New World Remuera;New World Eastridge;New World New Lynn,5,11,16971.1,1190.0,True,True,04:42:51.100000
Sat_02544,New World Mt Roskill;Four Square Onehunga;New World Remuera;New World Eastridge;New World Newmarket,5,11,16259.37,1190.0,True,True,04:30:59.370000
Sat_02545,New World Mt Roskill;Four Square Onehunga;New World Remuera;New World Eastridge;New World Point Chevalier,5,11,16437.65,1190.0,True,True,04:33:57.650000
Sat_02546,New World Mt Roskill;Four Square Onehunga;New World Stonefields;New World Eastridge;New World Remuera,5,11,16674.42,1190.0,True,True,04:37:54.420000
Sat_02547,Four Square Onehunga;New World Remuera;New World Eastridge;Pak 'n Save Mt Albert;New World Mt Roskill,5,13,18488.13,1500.0,True,True,05:08:08.130000
Sat_02548,New World Mt Roskill;Four Square Onehunga;New World Remuera;Pak 'n Save Glen Innes;New World Eastridge,5,14,20118.51,1500.0,True,True,05:35:18.510000
Sat_02549,New World Mt Roskill;Four Square Onehunga;New World Eastridge;New World Remuera;Pak 'n Save Mangere,5,14,20556.62,1500.0,True,True,05:42:36.620000
Sat_02550,New World Mt Roskill;Pak 'n Save Royal Oak;New World Remuera;New World Eastridge;Four Square Onehunga,5,14,19321.87,1500.0,True,True,05:22:01.870000
Sat_02551,New World Mt Roskill;Four Square Onehunga;Pak 'n Save Sylvia Park;New World Eastridge;New World Remuera,5,14,20204.89,1500.0,True,True,05:36:44.890000
Sat_02552,New World Green Bay;New World Remuera;Four Square Onehunga;New World Mt Roskill,4,8,12914.3,789.21,True,False,03:35:14.300000
Sat_02553,New World Mt Roskill;Four Square Onehunga;New World Remuera;New World Mt Albert;New World Green Bay,5,11,16349.3,1190.0,True,True,04:32:29.300000
Sat_02554,New World Mt Roskill;Four Square Onehunga;New World Remuera;New World New Lynn;New World Green Bay,5,11,16421.74,1190.0,True,True,04:33:41.740000
Sat_02555,New World Mt Roskill;Four Square Onehunga;New World Remuera;New World Newmarket;New World Green Bay,5,11,16310.75,1190.0,True,True,04:31:50.750000
Sat_02556,New World Mt Roskill;Four Square Onehunga;New World Remuera;New World Point Chevalier;New World Green Bay,5,11,16361.82,1190.0,True,True,04:32:41.820000
Sat_02557,New World Green Bay;New World Remuera;New World Stonefields;Four Square Onehunga;New World Mt Roskill,5,11,17011.11,1190.0,True,True,04:43:31.110000
Sat_02558,New World Green Bay;New World Remuera;Pak 'n Save Sylvia Park;Four Square Onehunga;New World Mt Roskill,5,14,20354.62,1500.0,True,True,05:39:14.620000
Sat_02559,New World Mt Roskill;Four Square Onehunga;New World Remuera;New World Mt Albert,4,8,11923.3,728.65,False,False,03:18:43.300000
Sat_02560,New World Mt Roskill;Four Square Onehunga;New World Remuera;New World Mt Albert;New World New Lynn,5,11,16125.28,1190.0,True,True,04:28:45.280000
Sat_02561,New World Mt Roskill;Four Square Onehunga;New World Remuera;New World Newmarket;New World Mt Albert,5,11,15301.28,1190.0,True,True,04:15:01.280000
Sat_02562,New World Mt Roskill;Four Square Onehunga;New World Remuera;New World Point Chevalier;New World Mt Albert,5,11,15517.2,1190.0,True,True,04:18:37.200000
Sat_02563,New World Mt Roskill;Four Square Onehunga;New World Stonefields;New World Remuera;New World Mt Albert,5,11,16005.85,1190.0,True,True,04:26:45.850000
Sat_02564,New World Mt Roskill;Four Square Onehunga;New World Remuera;New World Victoria Park;New World Mt Albert,5,11,15873.15,1190.0,True,True,04:24:33.150000
Sat_02565,Four Square Onehunga;New World Remuera;New World Mt Albert;Pak 'n Save Mt Albert;New World Mt Roskill,5,13,17625.03,1190.0,True,True,04:53:45.030000
Sat_02566,New World Mt Roskill;New World Mt Albert;New World Remuera;Pak 'n Save Sylvia Park;Four Square Onehunga,5,14,19441.58,1500.0,True,True,05:24:01.580000
Sat_02567,New World Mt Roskill;Four Square Onehunga;New World Remuera;New World New Lynn,4,8,12686.31,775.27,True,False,03:31:26.310000
Sat_02568,New World Mt Roskill;Four Square Onehunga;New World Remuera;New World Newmarket;New World New Lynn,5,11,16064.29,1190.0,True,True,04:27:44.290000
Sat_02569,New World Mt Roskill;Four Square Onehunga;New World Remuera;New World Point Chevalier;New World New Lynn,5,11,16137.79,1190.0,True,True,04:28:57.790000
Sat_02570,New World Mt Roskill;Four Square Onehunga;New World Stonefields;New World Remuera;New World New Lynn,5,11,16768.86,1190.0,True,True,04:39:28.860000
Sat_02571,New World Mt Roskill;Four Square Onehunga;New World Remuera;Pak 'n Save Sylvia Park;New World New Lynn,5,14,20226.78,1500.0,True,True,05:37:06.780000
Sat_02572,New World Mt Roskill;Four Square Onehunga;New World Remuera;New World Newmarket,4,8,11899.94,727.22,False,False,03:18:19.940000
Sat_02573,New World Mt Roskill;Four Square Onehunga;New World Remuera;New World Newmarket;New World Point Chevalier,5,11,15530.83,1190.0,True,True,04:18:50.830000
Sat_02574,New World Mt Roskill;Four Square Onehunga;New World Stonefields;New World Remuera;New World Newmarket,5,11,15982.49,1190.0,True,True,04:26:22.490000
Sat_02575,New World Mt Roskill;Four Square Onehunga;New World Remuera;New World Newmarket;New World Victoria Park,5,11,15849.79,1190.0,True,True,04:24:09.790000
Sat_02576,Four Square Onehunga;New World Remuera;New World Newmarket;Pak 'n Save Mt Albert;New World Mt Roskill,5,13,17581.32,1190.0,True,True,04:53:01.320000
Sat_02577,New World Mt Roskill;New World Newmarket;New World Remuera;Four Square Onehunga;Pak 'n Save Mangere,5,14,19631.56,1500.0,True,True,05:27:11.560000
Sat_02578,New World Mt Roskill;Pak 'n Save Royal Oak;New World Newmarket;New World Remuera;Four Square Onehunga,5,14,18502.95,1500.0,True,True,05:08:22.950000
Sat_02579,New World Mt Roskill;New World Newmarket;New World Remuera;Pak 'n Save Sylvia Park;Four Square Onehunga,5,14,19396.44,1500.0,True,True,05:23:16.440000
Sat_02580,New World Mt Roskill;Four Square Onehunga;New World Remuera;New World Point Chevalier,4,8,12152.85,742.67,False,False,03:22:32.850000
Sat_02581,New World Mt Roskill;Four Square Onehunga;New World Stonefields;New World Remuera;New World Point Chevalier,5,11,16235.4,1190.0,True,True,04:30:35.400000
Sat_02582,New World Mt Roskill;Four Square Onehunga;New World Remuera;New World Victoria Park;New World Point Chevalier,5,11,16102.7,1190.0,True,True,04:28:22.700000
Sat_02583,New World Mt Roskill;Pak 'n Save Mt Albert;New World Point Chevalier;New World Remuera;Four Square Onehunga,5,13,17615.68,1190.0,True,True,04:53:35.680000
Sat_02584,New World Mt Roskill;Pak 'n Save Mangere;Four Square Onehunga;New World Remuera;New World Point Chevalier,5,14,19906.73,1500.0,True,True,05:31:46.730000
Sat_02585,New World Mt Roskill;Four Square Onehunga;New World Remuera;Pak 'n Save Sylvia Park;New World Point Chevalier,5,14,19693.32,1500.0,True,True,05:28:13.320000
Sat_02586,New World Mt Roskill;Four Square Onehunga;New World Stonefields;New World Remuera,4,8,12604.51,770.28,True,False,03:30:04.510000
Sat_02587,New World Mt Roskill;Four Square Onehunga;New World Stonefields;Pak 'n Save Glen Innes;New World Remuera,5,14,20119.46,1500.0,True,True,05:35:19.460000
Sat_02588,New World Mt Roskill;Four Square Onehunga;New World Stonefields;New World Remuera;Pak 'n Save Mangere,5,14,20197.83,1500.0,True,True,05:36:37.830000
Sat_02589,New World Mt Roskill;Pak 'n Save Royal Oak;New World Stonefields;New World Remuera;Four Square Onehunga,5,14,18976.66,1500.0,True,True,05:16:16.660000
Sat_02590,New World Mt Roskill;New World Remuera;New World Stonefields;Pak 'n Save Sylvia Park;Four Square Onehunga,5,14,19584.31,1500.0,True,True,05:26:24.310000
Sat_02591,Four Square Onehunga;New World Remuera;Pak 'n Save Mt Albert;New World Mt Roskill,4,10,14203.34,867.98,True,False,03:56:43.340000
Sat_02592,Pak 'n Save Royal Oak;Four Square Onehunga;New World Remuera;Pak 'n Save Mt Albert;New World Mt Roskill,5,16,20904.4,1500.0,True,True,05:48:24.400000
Sat_02593,New World Mt Roskill;New World Remuera;Pak 'n Save Sylvia Park;Four Square Onehunga,4,11,15977.36,1190.0,True,True,04:26:17.360000
Sat_02594,New World Mt Roskill;Four Square Onehunga;New World Green Bay,3,6,9403.69,574.67,False,False,02:36:43.690000
Sat_02595,New World Mt Roskill;Four Square Onehunga;New World Mt Albert;New World Green Bay,4,9,13412.07,819.63,True,False,03:43:32.070000
Sat_02596,New World Mt Roskill;Four Square Onehunga;New World Mt Albert;New World New Lynn;New World Green Bay,5,12,16923.48,1190.0,True,True,04:42:03.480000
Sat_02597,New World Mt Roskill;Four Square Onehunga;New World Newmarket;New World Mt Albert;New World Green Bay,5,12,17267.54,1190.0,True,True,04:47:47.540000
Sat_02598,New World Mt Roskill;Four Square Onehunga;New World Mt Albert;New World Point Chevalier;New World Green Bay,5,12,17089.98,1190.0,True,True,04:44:49.980000
Sat_02599,New World Mt Roskill;Four Square Onehunga;New World Victoria Park;New World Mt Albert;New World Green Bay,5,12,17672.9,1190.0,True,True,04:54:32.900000
Sat_02600,New World Mt Roskill;Four Square Onehunga;New World New Lynn;New World Green Bay,4,9,13026.29,796.05,True,False,03:37:06.290000
Sat_02601,New World Mt Roskill;Four Square Onehunga;New World Newmarket;New World New Lynn;New World Green Bay,5,12,17339.98,1190.0,True,True,04:48:59.980000
Sat_02602,New World Green Bay;New World New Lynn;New World Point Chevalier;Four Square Onehunga;New World Mt Roskill,5,12,17200.48,1190.0,True,True,04:46:40.480000
Sat_02603,New World Mt Roskill;Four Square Onehunga;New World Newmarket;New World Green Bay,4,9,13851.01,846.45,True,False,03:50:51.010000
Sat_02604,New World Mt Roskill;Four Square Onehunga;New World Newmarket;New World Point Chevalier;New World Green Bay,5,12,17280.06,1190.0,True,True,04:48:00.060000
Sat_02605,New World Mt Roskill;Four Square Onehunga;New World Newmarket;New World Victoria Park;New World Green Bay,5,12,17800.86,1190.0,True,True,04:56:40.860000
Sat_02606,New World Green Bay;New World Newmarket;Four Square Onehunga;Pak 'n Save Mangere;New World Mt Roskill,5,15,21562.48,1500.0,True,True,05:59:22.480000
Sat_02607,New World Green Bay;New World Newmarket;Pak 'n Save Sylvia Park;Four Square Onehunga;New World Mt Roskill,5,15,21294.24,1500.0,True,True,05:54:54.240000
Sat_02608,New World Green Bay;New World Point Chevalier;Four Square Onehunga;New World Mt Roskill,4,9,13677.98,835.88,True,False,03:47:57.980000
Sat_02609,New World Mt Roskill;Four Square Onehunga;New World Victoria Park;New World Point Chevalier;New World Green Bay,5,12,17685.42,1190.0,True,True,04:54:45.420000
Sat_02610,New World Mt Roskill;Four Square Onehunga;New World Mt Albert,3,6,8986.07,549.15,False,False,02:29:46.070000
Sat_02611,New World Mt Roskill;Four Square Onehunga;New World Mt Albert;New World New Lynn,4,9,13188.05,805.94,True,False,03:39:48.050000
Sat_02612,New World Mt Roskill;Four Square Onehunga;New World Newmarket;New World Mt Albert;New World New Lynn,5,12,17043.52,1190.0,True,True,04:44:03.520000
Sat_02613,New World Mt Roskill;Four Square Onehunga;New World Mt Albert;New World Point Chevalier;New World New Lynn,5,12,16865.95,1190.0,True,True,04:41:05.950000
Sat_02614,New World Mt Roskill;Four Square Onehunga;New World Victoria Park;New World Mt Albert;New World New Lynn,5,12,17448.88,1190.0,True,True,04:50:48.880000
Sat_02615,New World Mt Roskill;Four Square Onehunga;New World Newmarket;New World Mt Albert,4,9,12841.54,784.76,True,False,03:34:01.540000
Sat_02616,New World Mt Roskill;Four Square Onehunga;New World Newmarket;New World Point Chevalier;New World Mt Albert,5,12,16435.44,1190.0,True,True,04:33:55.440000
Sat_02617,New World Mt Roskill;Four Square Onehunga;New World Stonefields;New World Newmarket;New World Mt Albert,5,12,17154.77,1190.0,True,True,04:45:54.770000
Sat_02618,New World Mt Roskill;Four Square Onehunga;New World Newmarket;New World Victoria Park;New World Mt Albert,5,12,16791.39,1190.0,True,True,04:39:51.390000
Sat_02619,New World Mt Roskill;Pak 'n Save Mangere;Four Square Onehunga;New World Newmarket;New World Mt Albert,5,15,20595.42,1500.0,True,True,05:43:15.420000
Sat_02620,New World Mt Roskill;Four Square Onehunga;Pak 'n Save Sylvia Park;New World Newmarket;New World Mt Albert,5,15,20361.57,1500.0,True,True,05:39:21.570000
Sat_02621,New World Mt Roskill;New World Mt Albert;New World Point Chevalier;Four Square Onehunga,4,9,12827.81,783.92,True,False,03:33:47.810000
Sat_02622,New World Mt Roskill;Four Square Onehunga;New World Victoria Park;New World Point Chevalier;New World Mt Albert,5,12,16840.8,1190.0,True,True,04:40:40.800000
Sat_02623,New World Mt Roskill;Four Square Onehunga;New World Victoria Park;New World Mt Albert,4,9,13246.9,809.53,True,False,03:40:46.900000
Sat_02624,New World Mt Roskill;Pak 'n Save Mangere;Four Square Onehunga;New World Victoria Park;New World Mt Albert,5,15,21000.78,1500.0,True,True,05:50:00.780000
Sat_02625,New World Mt Roskill;Four Square Onehunga;New World New Lynn,3,6,9290.86,567.77,False,False,02:34:50.860000
Sat_02626,New World Mt Roskill;Four Square Onehunga;New World Newmarket;New World New Lynn,4,9,13604.55,831.39,True,False,03:46:44.550000
Sat_02627,New World Mt Roskill;Four Square Onehunga;New World Newmarket;New World Point Chevalier;New World New Lynn,5,12,17056.03,1190.0,True,True,04:44:16.030000
Sat_02628,New World Mt Roskill;Four Square Onehunga;New World Stonefields;New World Newmarket;New World New Lynn,5,12,17917.78,1190.0,True,True,04:58:37.780000
Sat_02629,New World Mt Roskill;Four Square Onehunga;New World Newmarket;New World Victoria Park;New World New Lynn,5,12,17554.39,1190.0,True,True,04:52:34.390000
Sat_02630,New World Mt Roskill;Pak 'n Save Mangere;Four Square Onehunga;New World Newmarket;New World New Lynn,5,15,21358.43,1500.0,True,True,05:55:58.430000
Sat_02631,New World Mt Roskill;Four Square Onehunga;Pak 'n Save Sylvia Park;New World Newmarket;New World New Lynn,5,15,21124.58,1500.0,True,True,05:52:04.580000
Sat_02632,New World New Lynn;New World Point Chevalier;Four Square Onehunga;New World Mt Roskill,4,9,13464.07,822.8,True,False,03:44:24.070000
Sat_02633,New World Mt Roskill;Four Square Onehunga;New World Victoria Park;New World Point Chevalier;New World New Lynn,5,12,17461.39,1190.0,True,True,04:51:01.390000
Sat_02634,New World Mt Roskill;Four Square Onehunga;New World Newmarket,3,6,9440.2,576.9,False,False,02:37:20.200000
Sat_02635,New World Mt Roskill;Four Square Onehunga;New World Newmarket;New World Point Chevalier,4,9,13071.09,798.79,True,False,03:37:51.090000
Sat_02636,New World Mt Roskill;Four Square Onehunga;New World Stonefields;New World Newmarket;New World Point Chevalier,5,12,17384.32,1190.0,True,True,04:49:44.320000
Sat_02637,New World Mt Roskill;Four Square Onehunga;New World Newmarket;New World Victoria Park;New World Point Chevalier,5,12,17020.94,1190.0,True,True,04:43:40.940000
Sat_02638,New World Mt Roskill;Pak 'n Save Mangere;Four Square Onehunga;New World Newmarket;New World Point Chevalier,5,15,20824.97,1500.0,True,True,05:47:04.970000
Sat_02639,New World Mt Roskill;Four Square Onehunga;Pak 'n Save Royal Oak;New World Newmarket;New World Point Chevalier,5,15,19639.44,1500.0,True,True,05:27:19.440000
Sat_02640,New World Mt Roskill;Four Square Onehunga;Pak 'n Save Sylvia Park;New World Newmarket;New World Point Chevalier,5,15,20591.12,1500.0,True,True,05:43:11.120000
Sat_02641,New World Mt Roskill;Four Square Onehunga;New World Stonefields;New World Newmarket,4,9,13753.43,840.49,True,False,03:49:13.430000
Sat_02642,New World Mt Roskill;Four Square Onehunga;New World Stonefields;New World Newmarket;New World Victoria Park,5,12,17703.28,1190.0,True,True,04:55:03.280000
Sat_02643,Four Square Onehunga;New World Stonefields;New World Newmarket;Pak 'n Save Mt Albert;New World Mt Roskill,5,14,19434.81,1500.0,True,True,05:23:54.810000
Sat_02644,New World Mt Roskill;Four Square Onehunga;New World Stonefields;Pak 'n Save Glen Innes;New World Newmarket,5,15,21178.88,1500.0,True,True,05:52:58.880000
Sat_02645,New World Mt Roskill;New World Newmarket;New World Stonefields;Four Square Onehunga;Pak 'n Save Mangere,5,15,21429.87,1500.0,True,True,05:57:09.870000
Sat_02646,New World Mt Roskill;Pak 'n Save Royal Oak;New World Newmarket;New World Stonefields;Four Square Onehunga,5,15,20301.26,1500.0,True,True,05:38:21.260000
Sat_02647,New World Mt Roskill;New World Newmarket;New World Stonefields;Pak 'n Save Sylvia Park;Four Square Onehunga,5,15,20704.89,1500.0,True,True,05:45:04.890000
Sat_02648,New World Mt Roskill;Four Square Onehunga;New World Newmarket;New World Victoria Park,4,9,13390.05,818.28,True,False,03:43:10.050000
Sat_02649,New World Mt Roskill;Pak 'n Save Mangere;Four Square Onehunga;New World Newmarket;New World Victoria Park,5,15,21143.93,1500.0,True,True,05:52:23.930000
Sat_02650,New World Mt Roskill;Four Square Onehunga;Pak 'n Save Royal Oak;New World Newmarket;New World Victoria Park,5,15,19958.4,1500.0,True,True,05:32:38.400000
Sat_02651,New World Mt Roskill;Four Square Onehunga;Pak 'n Save Sylvia Park;New World Newmarket;New World Victoria Park,5,15,20910.08,1500.0,True,True,05:48:30.080000
Sat_02652,New World Mt Roskill;New World Newmarket;Four Square Onehunga;Pak 'n Save Mangere,4,12,17185.23,1190.0,True,True,04:46:25.230000
Sat_02653,New World Mt Roskill;New World Newmarket;Pak 'n Save Sylvia Park;Four Square Onehunga,4,12,16916.99,1190.0,True,True,04:41:56.990000
Sat_02654,New World Mt Roskill;Four Square Onehunga;New World Point Chevalier,3,6,9503.58,580.77,False,False,02:38:23.580000
Sat_02655,New World Mt Roskill;Four Square Onehunga;New World Victoria Park;New World Point Chevalier,4,9,13476.45,823.56,True,False,03:44:36.450000
Sat_02656,New World Mt Roskill;Pak 'n Save Mangere;Four Square Onehunga;New World Victoria Park;New World Point Chevalier,5,15,21230.33,1500.0,True,True,05:53:50.330000
Sat_02657,New World Mt Roskill;Four Square Onehunga;Pak 'n Save Royal Oak;New World Victoria Park;New World Point Chevalier,5,15,20101.93,1500.0,True,True,05:35:01.930000
Sat_02658,New World Mt Roskill;Pak 'n Save Mt Albert;Four Square Onehunga,3,8,11006.54,672.62,False,False,03:03:26.540000
Sat_02659,New World Mt Roskill;Pak 'n Save Mt Albert;Pak 'n Save Royal Oak;Four Square Onehunga,4,14,17707.6,1190.0,True,True,04:55:07.600000
Sat_02660,New World Mt Roskill;Four Square Onehunga;Pak 'n Save Mangere,3,9,12511.31,764.58,False,False,03:28:31.310000
Sat_02661,New World Mt Roskill;Pak 'n Save Royal Oak;Four Square Onehunga,3,9,11536.94,705.04,False,False,03:12:16.940000
Sat_02662,Four Square Onehunga;New World Remuera,2,3,6320.52,386.25,False,False,01:45:20.520000
Sat_02663,Four Square Onehunga;New World Remuera;New World Eastridge,3,6,10605.32,648.1,False,False,02:56:45.320000
Sat_02664,Four Square Onehunga;New World Remuera;New World Eastridge;New World Newmarket,4,9,14057.93,859.1,True,False,03:54:17.930000
Sat_02665,Four Square Onehunga;New World Remuera;New World Eastridge;New World Newmarket;New World Point Chevalier,5,12,17688.82,1190.0,True,True,04:54:48.820000
Sat_02666,Four Square Onehunga;New World Stonefields;New World Eastridge;New World Remuera;New World Newmarket,5,12,17850.96,1190.0,True,True,04:57:30.960000
Sat_02667,Four Square Onehunga;New World Remuera;New World Eastridge;New World Newmarket;New World Victoria Park,5,12,18007.78,1500.0,True,True,05:00:07.780000
Sat_02668,Four Square Onehunga;Pak 'n Save Glen Innes;New World Eastridge;New World Remuera;New World Newmarket,5,15,21328.32,1500.0,True,True,05:55:28.320000
Sat_02669,New World Newmarket;New World Eastridge;New World Remuera;Four Square Onehunga;Pak 'n Save Mangere,5,15,21783.03,1810.0,True,True,06:03:03.030000
Sat_02670,Pak 'n Save Royal Oak;New World Newmarket;New World Eastridge;New World Remuera;Four Square Onehunga,5,15,20654.41,1500.0,True,True,05:44:14.410000
Sat_02671,Four Square Onehunga;Pak 'n Save Sylvia Park;New World Eastridge;New World Remuera;New World Newmarket,5,15,21381.43,1500.0,True,True,05:56:21.430000
Sat_02672,Four Square Onehunga;New World Stonefields;New World Eastridge;New World Remuera,4,9,14472.98,1190.0,True,True,04:01:12.980000
Sat_02673,Four Square Onehunga;New World Stonefields;Pak 'n Save Glen Innes;New World Eastridge;New World Remuera,5,15,21341.25,1500.0,True,True,05:55:41.250000
Sat_02674,Four Square Onehunga;New World Stonefields;New World Eastridge;New World Remuera;Pak 'n Save Mangere,5,15,22066.3,1810.0,True,True,06:07:46.300000
Sat_02675,Pak 'n Save Royal Oak;New World Stonefields;New World Eastridge;New World Remuera;Four Square Onehunga,5,15,20845.12,1500.0,True,True,05:47:25.120000
Sat_02676,Four Square Onehunga;Pak 'n Save Sylvia Park;New World Stonefields;New World Eastridge;New World Remuera,5,15,21462.22,1500.0,True,True,05:57:42.220000
Sat_02677,Four Square Onehunga;New World Remuera;Pak 'n Save Glen Innes;New World Eastridge,4,12,17917.07,1190.0,True,True,04:58:37.070000
Sat_02678,Pak 'n Save Royal Oak;New World Remuera;New World Eastridge;Four Square Onehunga,4,12,17120.42,1190.0,True,True,04:45:20.420000
Sat_02679,Four Square Onehunga;Pak 'n Save Sylvia Park;New World Eastridge;New World Remuera,4,12,18003.45,1500.0,True,True,05:00:03.450000
Sat_02680,Four Square Onehunga;New World Remuera;New World Newmarket,3,6,9698.5,592.69,False,False,02:41:38.500000
Sat_02681,Four Square Onehunga;New World Remuera;New World Newmarket;New World Point Chevalier,4,9,13329.39,814.57,True,False,03:42:09.390000
Sat_02682,Four Square Onehunga;New World Stonefields;New World Remuera;New World Newmarket;New World Point Chevalier,5,12,17411.94,1190.0,True,True,04:50:11.940000
Sat_02683,Four Square Onehunga;New World Remuera;New World Newmarket;New World Victoria Park;New World Point Chevalier,5,12,17279.24,1190.0,True,True,04:47:59.240000
Sat_02684,Four Square Onehunga;New World Remuera;New World Newmarket;New World Point Chevalier;Pak 'n Save Mt Albert,5,14,18818.74,1500.0,True,True,05:13:38.740000
Sat_02685,Pak 'n Save Mangere;Four Square Onehunga;New World Remuera;New World Newmarket;New World Point Chevalier,5,15,21083.27,1500.0,True,True,05:51:23.270000
Sat_02686,Pak 'n Save Royal Oak;Four Square Onehunga;New World Remuera;New World Newmarket;New World Point Chevalier,5,15,20030.45,1500.0,True,True,05:33:50.450000
Sat_02687,Four Square Onehunga;Pak 'n Save Sylvia Park;New World Remuera;New World Newmarket;New World Point Chevalier,5,15,20906.46,1500.0,True,True,05:48:26.460000
Sat_02688,Four Square Onehunga;New World Stonefields;New World Remuera;New World Newmarket,4,9,13781.05,842.18,True,False,03:49:41.050000
Sat_02689,Four Square Onehunga;New World Stonefields;New World Remuera;New World Newmarket;New World Victoria Park,5,12,17730.9,1190.0,True,True,04:55:30.900000
Sat_02690,Four Square Onehunga;New World Stonefields;Pak 'n Save Glen Innes;New World Remuera;New World Newmarket,5,15,21296.0,1500.0,True,True,05:54:56
Sat_02691,New World Newmarket;New World Remuera;New World Stonefields;Four Square Onehunga;Pak 'n Save Mangere,5,15,21526.93,1500.0,True,True,05:58:46.930000
Sat_02692,Pak 'n Save Royal Oak;New World Newmarket;New World Remuera;New World Stonefields;Four Square Onehunga,5,15,20398.31,1500.0,True,True,05:39:58.310000
Sat_02693,Four Square Onehunga;Pak 'n Save Sylvia Park;New World Stonefields;New World Remuera;New World Newmarket,5,15,20770.29,1500.0,True,True,05:46:10.290000
Sat_02694,Four Square Onehunga;New World Remuera;New World Newmarket;New World Victoria Park,4,9,13648.35,834.07,True,False,03:47:28.350000
Sat_02695,Pak 'n Save Mangere;Four Square Onehunga;New World Remuera;New World Newmarket;New World Victoria Park,5,15,21402.23,1500.0,True,True,05:56:42.230000
Sat_02696,Pak 'n Save Royal Oak;Four Square Onehunga;New World Remuera;New World Newmarket;New World Victoria Park,5,15,20349.41,1500.0,True,True,05:39:09.410000
Sat_02697,Four Square Onehunga;Pak 'n Save Sylvia Park;New World Remuera;New World Newmarket;New World Victoria Park,5,15,21225.42,1500.0,True,True,05:53:45.420000
Sat_02698,New World Newmarket;New World Remuera;Four Square Onehunga;Pak 'n Save Mangere,4,12,17430.12,1190.0,True,True,04:50:30.120000
Sat_02699,Pak 'n Save Royal Oak;New World Newmarket;New World Remuera;Four Square Onehunga,4,12,16301.5,1190.0,True,True,04:31:41.500000
Sat_02700,New World Newmarket;New World Remuera;Pak 'n Save Sylvia Park;Four Square Onehunga,4,12,17195.0,1190.0,True,True,04:46:35
Sat_02701,Four Square Onehunga;New World Stonefields;New World Remuera,3,6,10403.07,635.74,False,False,02:53:23.070000
Sat_02702,Four Square Onehunga;New World Stonefields;Pak 'n Save Glen Innes;New World Remuera,4,12,17918.02,1190.0,True,True,04:58:38.020000
Sat_02703,Four Square Onehunga;New World Stonefields;New World Remuera;Pak 'n Save Mangere,4,12,17996.39,1190.0,True,True,04:59:56.390000
Sat_02704,Pak 'n Save Royal Oak;New World Stonefields;New World Remuera;Four Square Onehunga,4,12,16775.21,1190.0,True,True,04:39:35.210000
Sat_02705,New World Remuera;New World Stonefields;Pak 'n Save Sylvia Park;Four Square Onehunga,4,12,17382.87,1190.0,True,True,04:49:42.870000
Sat_02706,Four Square Onehunga;New World Remuera;Pak 'n Save Mangere,3,9,13913.84,850.29,True,False,03:51:53.840000
Sat_02707,Pak 'n Save Royal Oak;New World Remuera;Four Square Onehunga;Pak 'n Save Mangere,4,15,20368.09,1500.0,True,True,05:39:28.090000
Sat_02708,Four Square Onehunga;New World Remuera;Pak 'n Save Sylvia Park;Pak 'n Save Mangere,4,15,21170.62,1500.0,True,True,05:52:50.620000
Sat_02709,Pak 'n Save Royal Oak;New World Remuera;Four Square Onehunga,3,9,12692.65,775.66,True,False,03:31:32.650000
Sat_02710,Pak 'n Save Royal Oak;New World Remuera;Pak 'n Save Sylvia Park;Four Square Onehunga,4,15,20132.97,1500.0,True,True,05:35:32.970000
Sat_02711,New World Remuera;Pak 'n Save Sylvia Park;Four Square Onehunga,3,9,13775.92,841.86,True,False,03:49:35.920000
Sat_02712,Four Square Onehunga;New World Newmarket,2,4,7238.76,442.37,False,False,02:00:38.760000
Sat_02713,Four Square Onehunga;New World Newmarket;New World Point Chevalier,3,7,10869.65,664.26,False,False,03:01:09.650000
Sat_02714,Four Square Onehunga;New World Stonefields;New World Newmarket;New World Point Chevalier,4,10,15182.88,1190.0,True,True,04:13:02.880000
Sat_02715,Four Square Onehunga;New World Stonefields;New World Newmarket;New World Victoria Park;New World Point Chevalier,5,13,19132.73,1500.0,True,True,05:18:52.730000
Sat_02716,Pak 'n Save Mt Albert;New World Point Chevalier;New World Newmarket;New World Stonefields;Four Square Onehunga,5,15,20647.83,1500.0,True,True,05:44:07.830000
Sat_02717,Four Square Onehunga;New World Stonefields;Pak 'n Save Glen Innes;New World Newmarket;New World Point Chevalier,5,16,22608.33,1810.0,True,True,06:16:48.330000
Sat_02718,Pak 'n Save Mangere;Four Square Onehunga;New World Stonefields;New World Newmarket;New World Point Chevalier,5,16,22936.76,1810.0,True,True,06:22:16.760000
Sat_02719,Four Square Onehunga;Pak 'n Save Sylvia Park;New World Stonefields;New World Newmarket;New World Point Chevalier,5,16,22172.12,1810.0,True,True,06:09:32.120000
Sat_02720,Four Square Onehunga;New World Newmarket;New World Victoria Park;New World Point Chevalier,4,10,14819.5,1190.0,True,True,04:06:59.500000
Sat_02721,Four Square Onehunga;New World Newmarket;New World Victoria Park;New World Point Chevalier;Pak 'n Save Mt Albert,5,15,20308.85,1500.0,True,True,05:38:28.850000
Sat_02722,Four Square Onehunga;Pak 'n Save Royal Oak;New World Newmarket;New World Victoria Park;New World Point Chevalier,5,16,21387.85,1500.0,True,True,05:56:27.850000
Sat_02723,Four Square Onehunga;Pak 'n Save Sylvia Park;New World Newmarket;New World Victoria Park;New World Point Chevalier,5,16,22339.53,1810.0,True,True,06:12:19.530000
Sat_02724,Four Square Onehunga;New World Newmarket;New World Point Chevalier;Pak 'n Save Mt Albert,4,12,16359.0,1190.0,True,True,04:32:39
Sat_02725,Four Square Onehunga;Pak 'n Save Royal Oak;New World Newmarket;New World Point Chevalier,4,13,17438.0,1190.0,True,True,04:50:38
Sat_02726,Four Square Onehunga;New World Stonefields;New World Newmarket,3,7,11551.99,705.95,False,False,03:12:31.990000
Sat_02727,Four Square Onehunga;New World Stonefields;New World Newmarket;New World Victoria Park,4,10,15501.84,1190.0,True,True,04:18:21.840000
Sat_02728,Four Square Onehunga;New World Stonefields;Pak 'n Save Glen Innes;New World Newmarket;New World Victoria Park,5,16,22927.29,1810.0,True,True,06:22:07.290000
Sat_02729,Pak 'n Save Mangere;Four Square Onehunga;New World Stonefields;New World Newmarket;New World Victoria Park,5,16,23255.72,1810.0,True,True,06:27:35.720000
Sat_02730,Pak 'n Save Royal Oak;Four Square Onehunga;New World Stonefields;New World Newmarket;New World Victoria Park,5,16,22202.9,1810.0,True,True,06:10:02.900000
Sat_02731,Four Square Onehunga;Pak 'n Save Sylvia Park;New World Stonefields;New World Newmarket;New World Victoria Park,5,16,22491.08,1810.0,True,True,06:14:51.080000
Sat_02732,Four Square Onehunga;New World Stonefields;Pak 'n Save Glen Innes;New World Newmarket,4,13,18977.44,1500.0,True,True,05:16:17.440000
Sat_02733,New World Newmarket;New World Stonefields;Four Square Onehunga;Pak 'n Save Mangere,4,13,19228.43,1500.0,True,True,05:20:28.430000
Sat_02734,New World Newmarket;New World Stonefields;Pak 'n Save Sylvia Park;Four Square Onehunga,4,13,18503.45,1500.0,True,True,05:08:23.450000
Sat_02735,Four Square Onehunga;New World Newmarket;New World Victoria Park,3,7,11188.61,683.75,False,False,03:06:28.610000
Sat_02736,Four Square Onehunga;Pak 'n Save Royal Oak;New World Newmarket;New World Victoria Park,4,13,17756.96,1190.0,True,True,04:55:56.960000
Sat_02737,Four Square Onehunga;Pak 'n Save Sylvia Park;New World Newmarket;New World Victoria Park,4,13,18708.64,1500.0,True,True,05:11:48.640000
Sat_02738,New World Newmarket;Pak 'n Save Royal Oak;Four Square Onehunga;Pak 'n Save Mangere,4,16,21529.25,1500.0,True,True,05:58:49.250000
Sat_02739,Four Square Onehunga;Pak 'n Save Royal Oak;New World Newmarket,3,10,13807.11,843.77,True,False,03:50:07.110000
Sat_02740,Pak 'n Save Royal Oak;New World Newmarket;Pak 'n Save Sylvia Park;Four Square Onehunga,4,16,21262.37,1500.0,True,True,05:54:22.370000
Sat_02741,Four Square Onehunga;Pak 'n Save Mangere,2,7,10309.87,630.05,False,False,02:51:49.870000
Sat_02742,Pak 'n Save Royal Oak;Four Square Onehunga;Pak 'n Save Mangere,3,13,17010.93,1190.0,True,True,04:43:30.930000
Sat_02743,Pak 'n Save Royal Oak;Four Square Onehunga,2,7,9335.49,570.5,False,False,02:35:35.490000
Sat_02744,Four Square Remuera,1,1,4488.82,274.32,False,False,01:14:48.820000
Sat_02745,Four Square Remuera;Four Square St Heliers,2,2,6993.06,427.35,False,False,01:56:33.060000
Sat_02746,New World Remuera;Four Square Remuera;Four Square St Heliers,3,4,9254.09,565.53,False,False,02:34:14.090000
Sat_02747,New World Remuera;Four Square Remuera;Four Square St Heliers;New World Eastridge,4,7,12683.75,775.12,True,False,03:31:23.750000
Sat_02748,New World Newmarket;New World Remuera;Four Square Remuera;Four Square St Heliers;New World Eastridge,5,10,16102.83,1190.0,True,True,04:28:22.830000
Sat_02749,New World Remuera;Four Square Remuera;New World Stonefields;Four Square St Heliers;New World Eastridge,5,10,16251.4,1190.0,True,True,04:30:51.400000
Sat_02750,New World Remuera;Four Square Remuera;Pak 'n Save Glen Innes;Four Square St Heliers;New World Eastridge,5,13,19523.1,1500.0,True,True,05:25:23.100000
Sat_02751,Pak 'n Save Royal Oak;New World Remuera;Four Square Remuera;Four Square St Heliers;New World Eastridge,5,13,19040.8,1500.0,True,True,05:17:20.800000
Sat_02752,Pak 'n Save Sylvia Park;Four Square St Heliers;New World Eastridge;Four Square Remuera;New World Remuera,5,13,20004.09,1500.0,True,True,05:33:24.090000
Sat_02753,New World Newmarket;New World Remuera;Four Square Remuera;Four Square St Heliers,4,7,12673.17,774.47,True,False,03:31:13.170000
Sat_02754,New World Newmarket;New World Remuera;Four Square Remuera;Four Square St Heliers;New World Point Chevalier,5,10,16304.06,1190.0,True,True,04:31:44.060000
Sat_02755,New World Newmarket;New World Remuera;Four Square Remuera;New World Stonefields;Four Square St Heliers,5,10,16240.82,1190.0,True,True,04:30:40.820000
Sat_02756,New World Remuera;Four Square Remuera;Four Square St Heliers;New World Newmarket;New World Victoria Park,5,10,16738.01,1190.0,True,True,04:38:58.010000
Sat_02757,New World Newmarket;New World Remuera;Four Square Remuera;Pak 'n Save Glen Innes;Four Square St Heliers,5,13,19512.52,1500.0,True,True,05:25:12.520000
Sat_02758,Pak 'n Save Royal Oak;New World Remuera;Four Square Remuera;Four Square St Heliers;New World Newmarket,5,13,19145.21,1500.0,True,True,05:19:05.210000
Sat_02759,New World Newmarket;New World Remuera;Four Square Remuera;Four Square St Heliers;Pak 'n Save Sylvia Park,5,13,19893.26,1500.0,True,True,05:31:33.260000
Sat_02760,New World Remuera;Four Square Remuera;New World Stonefields;Four Square St Heliers,4,7,12821.74,783.55,True,False,03:33:41.740000
Sat_02761,New World Remuera;Four Square Remuera;New World Stonefields;Pak 'n Save Glen Innes;Four Square St Heliers,5,13,19604.83,1500.0,True,True,05:26:44.830000
Sat_02762,Pak 'n Save Royal Oak;New World Remuera;Four Square Remuera;New World Stonefields;Four Square St Heliers,5,13,19178.79,1500.0,True,True,05:19:38.790000
Sat_02763,New World Remuera;Four Square Remuera;Four Square St Heliers;New World Stonefields;Pak 'n Save Sylvia Park,5,13,19916.55,1500.0,True,True,05:31:56.550000
Sat_02764,New World Remuera;Four Square Remuera;Pak 'n Save Glen Innes;Four Square St Heliers,4,10,16093.44,1190.0,True,True,04:28:13.440000
Sat_02765,Pak 'n Save Royal Oak;New World Remuera;Four Square Remuera;Pak 'n Save Glen Innes;Four Square St Heliers,5,16,22450.49,1810.0,True,True,06:14:10.490000
Sat_02766,New World Remuera;Four Square Remuera;Four Square St Heliers;Pak 'n Save Glen Innes;Pak 'n Save Sylvia Park,5,16,23168.94,1810.0,True,True,06:26:08.940000
Sat_02767,Pak 'n Save Royal Oak;New World Remuera;Four Square Remuera;Four Square St Heliers,4,10,15611.14,1190.0,True,True,04:20:11.140000
Sat_02768,Pak 'n Save Royal Oak;Pak 'n Save Sylvia Park;Four Square St Heliers;Four Square Remuera;New World Remuera,5,16,22794.99,1810.0,True,True,06:19:54.990000
Sat_02769,New World Remuera;Four Square Remuera;Four Square St Heliers;Pak 'n Save Sylvia Park,4,10,16474.18,1190.0,True,True,04:34:34.180000
Sat_02770,Four Square Remuera;Four Square St Heliers;New World Eastridge,3,5,10422.72,636.94,False,False,02:53:42.720000
Sat_02771,Four Square Remuera;Four Square St Heliers;New World Eastridge;New World Newmarket,4,8,13875.33,847.94,True,False,03:51:15.330000
Sat_02772,Four Square Remuera;Four Square St Heliers;New World Eastridge;New World Newmarket;New World Point Chevalier,5,11,17506.22,1190.0,True,True,04:51:46.220000
Sat_02773,Four Square Remuera;New World Stonefields;Four Square St Heliers;New World Eastridge;New World Newmarket,5,11,17442.98,1190.0,True,True,04:50:42.980000
Sat_02774,Four Square Remuera;Four Square St Heliers;New World Eastridge;New World Newmarket;New World Victoria Park,5,11,17825.18,1190.0,True,True,04:57:05.180000
Sat_02775,Four Square Remuera;Pak 'n Save Glen Innes;Four Square St Heliers;New World Eastridge;New World Newmarket,5,14,20714.68,1500.0,True,True,05:45:14.680000
Sat_02776,Pak 'n Save Royal Oak;Four Square Remuera;Four Square St Heliers;New World Eastridge;New World Newmarket,5,14,20164.63,1500.0,True,True,05:36:04.630000
Sat_02777,New World Newmarket;Pak 'n Save Sylvia Park;Four Square St Heliers;New World Eastridge;Four Square Remuera,5,14,21095.21,1500.0,True,True,05:51:35.210000
Sat_02778,Four Square Remuera;New World Stonefields;Four Square St Heliers;New World Eastridge,4,8,13990.37,854.97,True,False,03:53:10.370000
Sat_02779,Four Square Remuera;New World Stonefields;Pak 'n Save Glen Innes;Four Square St Heliers;New World Eastridge,5,14,20773.46,1500.0,True,True,05:46:13.460000
Sat_02780,Pak 'n Save Royal Oak;Four Square Remuera;New World Stonefields;Four Square St Heliers;New World Eastridge,5,14,20279.67,1500.0,True,True,05:37:59.670000
Sat_02781,Pak 'n Save Sylvia Park;New World Stonefields;Four Square St Heliers;New World Eastridge;Four Square Remuera,5,14,21093.08,1500.0,True,True,05:51:33.080000
Sat_02782,Four Square Remuera;Pak 'n Save Glen Innes;Four Square St Heliers;New World Eastridge,4,11,17262.07,1190.0,True,True,04:47:42.070000
Sat_02783,Pak 'n Save Royal Oak;Four Square Remuera;Four Square St Heliers;New World Eastridge,4,11,16712.02,1190.0,True,True,04:38:32.020000
Sat_02784,Pak 'n Save Sylvia Park;Four Square St Heliers;New World Eastridge;Four Square Remuera,4,11,17634.31,1190.0,True,True,04:53:54.310000
Sat_02785,New World Newmarket;Four Square Remuera;Four Square St Heliers,3,5,10453.96,638.85,False,False,02:54:13.960000
Sat_02786,New World Newmarket;Four Square Remuera;Four Square St Heliers;New World Point Chevalier,4,8,14084.85,860.74,True,False,03:54:44.850000
Sat_02787,New World Newmarket;Four Square St Heliers;New World Stonefields;Four Square Remuera;New World Point Chevalier,5,11,17649.59,1190.0,True,True,04:54:09.590000
Sat_02788,New World Newmarket;Four Square St Heliers;Four Square Remuera;New World Victoria Park;New World Point Chevalier,5,11,18050.44,1500.0,True,True,05:00:50.440000
Sat_02789,Pak 'n Save Mt Albert;New World Point Chevalier;New World Newmarket;Four Square Remuera;Four Square St Heliers,5,13,19548.8,1500.0,True,True,05:25:48.800000
Sat_02790,New World Newmarket;Four Square Remuera;Pak 'n Save Glen Innes;Four Square St Heliers;New World Point Chevalier,5,14,20924.2,1500.0,True,True,05:48:44.200000
Sat_02791,Pak 'n Save Royal Oak;Four Square Remuera;Four Square St Heliers;New World Newmarket;New World Point Chevalier,5,14,20447.32,1500.0,True,True,05:40:47.320000
Sat_02792,New World Newmarket;Pak 'n Save Sylvia Park;Four Square St Heliers;Four Square Remuera;New World Point Chevalier,5,14,21296.78,1500.0,True,True,05:54:56.780000
Sat_02793,New World Newmarket;Four Square St Heliers;New World Stonefields;Four Square Remuera,4,8,14018.7,856.7,True,False,03:53:38.700000
Sat_02794,New World Newmarket;Four Square St Heliers;New World Stonefields;Four Square Remuera;New World Victoria Park,5,11,17968.54,1190.0,True,True,04:59:28.540000
Sat_02795,New World Newmarket;Four Square Remuera;New World Stonefields;Pak 'n Save Glen Innes;Four Square St Heliers,5,14,20804.7,1500.0,True,True,05:46:44.700000
Sat_02796,Pak 'n Save Royal Oak;New World Stonefields;Four Square St Heliers;Four Square Remuera;New World Newmarket,5,14,20369.04,1500.0,True,True,05:39:29.040000
Sat_02797,New World Newmarket;Four Square Remuera;Four Square St Heliers;New World Stonefields;Pak 'n Save Sylvia Park,5,14,21116.42,1500.0,True,True,05:51:56.420000
Sat_02798,New World Newmarket;Four Square St Heliers;Four Square Remuera;New World Victoria Park,4,8,14419.55,1190.0,True,True,04:00:19.550000
Sat_02799,New World Newmarket;Four Square St Heliers;Pak 'n Save Glen Innes;Four Square Remuera;New World Victoria Park,5,14,21243.79,1500.0,True,True,05:54:03.790000
Sat_02800,Pak 'n Save Royal Oak;Four Square Remuera;Four Square St Heliers;New World Newmarket;New World Victoria Park,5,14,20766.28,1500.0,True,True,05:46:06.280000
Sat_02801,New World Newmarket;Pak 'n Save Sylvia Park;Four Square St Heliers;Four Square Remuera;New World Victoria Park,5,14,21615.73,1810.0,True,True,06:00:15.730000
Sat_02802,New World Newmarket;Four Square Remuera;Pak 'n Save Glen Innes;Four Square St Heliers,4,11,17293.31,1190.0,True,True,04:48:13.310000
Sat_02803,Pak 'n Save Royal Oak;Four Square Remuera;Four Square St Heliers;New World Newmarket,4,11,16816.43,1190.0,True,True,04:40:16.430000
Sat_02804,New World Newmarket;Pak 'n Save Sylvia Park;Four Square St Heliers;Four Square Remuera,4,11,17665.89,1190.0,True,True,04:54:25.890000
Sat_02805,Four Square Remuera;New World Stonefields;Four Square St Heliers,3,5,10560.71,645.38,False,False,02:56:00.710000
Sat_02806,Four Square Remuera;New World Stonefields;Pak 'n Save Glen Innes;Four Square St Heliers,4,11,17343.8,1190.0,True,True,04:49:03.800000
Sat_02807,Pak 'n Save Royal Oak;Four Square Remuera;New World Stonefields;Four Square St Heliers,4,11,16850.01,1190.0,True,True,04:40:50.010000
Sat_02808,Four Square Remuera;Four Square St Heliers;New World Stonefields;Pak 'n Save Sylvia Park,4,11,17655.52,1190.0,True,True,04:54:15.520000
Sat_02809,Four Square Remuera;Pak 'n Save Glen Innes;Four Square St Heliers,3,8,13832.41,845.31,True,False,03:50:32.410000
Sat_02810,Pak 'n Save Royal Oak;Four Square Remuera;Pak 'n Save Glen Innes;Four Square St Heliers,4,14,20121.71,1500.0,True,True,05:35:21.710000
Sat_02811,Pak 'n Save Sylvia Park;Pak 'n Save Glen Innes;Four Square St Heliers;Four Square Remuera,4,14,20852.25,1500.0,True,True,05:47:32.250000
Sat_02812,Pak 'n Save Royal Oak;Four Square Remuera;Four Square St Heliers,3,8,13282.36,811.7,True,False,03:41:22.360000
Sat_02813,Pak 'n Save Royal Oak;Pak 'n Save Sylvia Park;Four Square St Heliers;Four Square Remuera,4,14,20425.21,1500.0,True,True,05:40:25.210000
Sat_02814,Pak 'n Save Sylvia Park;Four Square St Heliers;Four Square Remuera,3,8,14204.99,868.08,True,False,03:56:44.990000
Sat_02815,New World Remuera;Four Square Remuera,2,3,6749.85,412.49,False,False,01:52:29.850000
Sat_02816,New World Remuera;Four Square Remuera;New World Eastridge,3,6,10906.5,666.51,False,False,03:01:46.500000
Sat_02817,New World Newmarket;New World Remuera;Four Square Remuera;New World Eastridge,4,9,14325.58,875.45,True,False,03:58:45.580000
Sat_02818,New World Newmarket;New World Remuera;Four Square Remuera;New World Eastridge;New World Point Chevalier,5,12,17956.47,1190.0,True,True,04:59:16.470000
Sat_02819,New World Newmarket;New World Remuera;Four Square Remuera;New World Stonefields;New World Eastridge,5,12,18129.1,1500.0,True,True,05:02:09.100000
Sat_02820,New World Remuera;Four Square Remuera;New World Eastridge;New World Newmarket;New World Victoria Park,5,12,18308.96,1500.0,True,True,05:05:08.960000
Sat_02821,New World Newmarket;New World Remuera;Four Square Remuera;Pak 'n Save Glen Innes;New World Eastridge,5,15,21485.98,1500.0,True,True,05:58:05.980000
Sat_02822,Pak 'n Save Royal Oak;New World Remuera;Four Square Remuera;New World Eastridge;New World Newmarket,5,15,20716.16,1500.0,True,True,05:45:16.160000
Sat_02823,Pak 'n Save Sylvia Park;New World Eastridge;Four Square Remuera;New World Remuera;New World Newmarket,5,15,21840.69,1810.0,True,True,06:04:00.690000
Sat_02824,New World Remuera;Four Square Remuera;New World Stonefields;New World Eastridge,4,9,14710.02,1190.0,True,True,04:05:10.020000
Sat_02825,New World Remuera;Four Square Remuera;New World Stonefields;Pak 'n Save Glen Innes;New World Eastridge,5,15,21578.29,1500.0,True,True,05:59:38.290000
Sat_02826,Pak 'n Save Royal Oak;New World Remuera;Four Square Remuera;New World Stonefields;New World Eastridge,5,15,21067.07,1500.0,True,True,05:51:07.070000
Sat_02827,Pak 'n Save Sylvia Park;New World Stonefields;New World Eastridge;Four Square Remuera;New World Remuera,5,15,21921.48,1810.0,True,True,06:05:21.480000
Sat_02828,New World Remuera;Four Square Remuera;Pak 'n Save Glen Innes;New World Eastridge,4,12,18066.9,1500.0,True,True,05:01:06.900000
Sat_02829,Pak 'n Save Royal Oak;New World Remuera;Four Square Remuera;New World Eastridge,4,12,17263.55,1190.0,True,True,04:47:43.550000
Sat_02830,Pak 'n Save Sylvia Park;New World Eastridge;Four Square Remuera;New World Remuera,4,12,18462.71,1500.0,True,True,05:07:42.710000
Sat_02831,New World Newmarket;New World Remuera;Four Square Remuera,3,6,10168.93,621.43,False,False,02:49:28.930000
Sat_02832,New World Newmarket;New World Remuera;Four Square Remuera;New World Point Chevalier,4,9,13799.82,843.32,True,False,03:49:59.820000
Sat_02833,New World Newmarket;New World Remuera;Four Square Remuera;New World Stonefields;New World Point Chevalier,5,12,17718.1,1190.0,True,True,04:55:18.100000
Sat_02834,New World Newmarket;New World Remuera;Four Square Remuera;New World Victoria Park;New World Point Chevalier,5,12,17749.66,1190.0,True,True,04:55:49.660000
Sat_02835,Pak 'n Save Mt Albert;New World Point Chevalier;New World Newmarket;New World Remuera;Four Square Remuera,5,14,19263.77,1500.0,True,True,05:21:03.770000
Sat_02836,New World Newmarket;New World Remuera;Four Square Remuera;Pak 'n Save Glen Innes;New World Point Chevalier,5,15,21749.51,1810.0,True,True,06:02:29.510000
Sat_02837,Pak 'n Save Royal Oak;Four Square Remuera;New World Remuera;New World Newmarket;New World Point Chevalier,5,15,20156.77,1500.0,True,True,05:35:56.770000
Sat_02838,New World Newmarket;New World Remuera;Four Square Remuera;Pak 'n Save Sylvia Park;New World Point Chevalier,5,15,21340.29,1500.0,True,True,05:55:40.290000
Sat_02839,New World Newmarket;New World Remuera;Four Square Remuera;New World Stonefields,4,9,14087.21,860.89,True,False,03:54:47.210000
Sat_02840,New World Newmarket;New World Remuera;Four Square Remuera;New World Stonefields;New World Victoria Park,5,12,18037.05,1500.0,True,True,05:00:37.050000
Sat_02841,New World Newmarket;New World Remuera;Four Square Remuera;Pak 'n Save Glen Innes;New World Stonefields,5,15,21559.41,1500.0,True,True,05:59:19.410000
Sat_02842,Pak 'n Save Royal Oak;New World Stonefields;Four Square Remuera;New World Remuera;New World Newmarket,5,15,20368.3,1500.0,True,True,05:39:28.300000
Sat_02843,New World Newmarket;New World Remuera;Four Square Remuera;New World Stonefields;Pak 'n Save Sylvia Park,5,15,21113.31,1500.0,True,True,05:51:53.310000
Sat_02844,New World Newmarket;New World Remuera;Four Square Remuera;New World Victoria Park,4,9,14118.77,862.81,True,False,03:55:18.770000
Sat_02845,New World Newmarket;New World Remuera;Four Square Remuera;Pak 'n Save Glen Innes;New World Victoria Park,5,15,22068.47,1810.0,True,True,06:07:48.470000
Sat_02846,Pak 'n Save Royal Oak;Four Square Remuera;New World Remuera;New World Newmarket;New World Victoria Park,5,15,20475.73,1500.0,True,True,05:41:15.730000
Sat_02847,New World Newmarket;New World Remuera;Four Square Remuera;Pak 'n Save Sylvia Park;New World Victoria Park,5,15,21659.25,1810.0,True,True,06:00:59.250000
Sat_02848,New World Newmarket;New World Remuera;Four Square Remuera;Pak 'n Save Glen Innes,4,12,18118.62,1500.0,True,True,05:01:58.620000
Sat_02849,Pak 'n Save Royal Oak;Four Square Remuera;New World Remuera;New World Newmarket,4,12,16525.88,1190.0,True,True,04:35:25.880000
Sat_02850,New World Newmarket;New World Remuera;Four Square Remuera;Pak 'n Save Sylvia Park,4,12,17709.4,1190.0,True,True,04:55:09.400000
Sat_02851,New World Remuera;Four Square Remuera;New World Stonefields,3,6,10668.13,651.94,False,False,02:57:48.130000
Sat_02852,New World Remuera;Four Square Remuera;Pak 'n Save Glen Innes;New World Stonefields,4,12,18140.33,1500.0,True,True,05:02:20.330000
Sat_02853,Pak 'n Save Royal Oak;New World Stonefields;Four Square Remuera;New World Remuera,4,12,16990.32,1190.0,True,True,04:43:10.320000
Sat_02854,New World Remuera;Four Square Remuera;New World Stonefields;Pak 'n Save Sylvia Park,4,12,17694.23,1190.0,True,True,04:54:54.230000
Sat_02855,New World Remuera;Four Square Remuera;Pak 'n Save Glen Innes,3,9,14699.54,1190.0,True,True,04:04:59.540000
Sat_02856,Pak 'n Save Royal Oak;Pak 'n Save Glen Innes;Four Square Remuera;New World Remuera,4,15,21034.01,1500.0,True,True,05:50:34.010000
Sat_02857,New World Remuera;Four Square Remuera;Pak 'n Save Glen Innes;Pak 'n Save Sylvia Park,4,15,21594.58,1500.0,True,True,05:59:54.580000
Sat_02858,Pak 'n Save Royal Oak;New World Remuera;Four Square Remuera,3,9,13106.9,800.98,True,False,03:38:26.900000
Sat_02859,Pak 'n Save Royal Oak;New World Remuera;Four Square Remuera;Pak 'n Save Sylvia Park,4,15,20647.37,1500.0,True,True,05:44:07.370000
Sat_02860,New World Remuera;Four Square Remuera;Pak 'n Save Sylvia Park,3,9,14290.32,873.3,True,False,03:58:10.320000
Sat_02861,Four Square Remuera;New World Eastridge,2,4,8645.47,528.33,False,False,02:24:05.470000
Sat_02862,New World Newmarket;New World Eastridge;Four Square Remuera,3,7,12011.93,734.06,False,False,03:20:11.930000
Sat_02863,New World Newmarket;New World Eastridge;Four Square Remuera;New World Point Chevalier,4,10,15642.82,1190.0,True,True,04:20:42.820000
Sat_02864,Four Square Remuera;New World Stonefields;New World Eastridge;New World Newmarket;New World Point Chevalier,5,13,19532.49,1500.0,True,True,05:25:32.490000
Sat_02865,New World Newmarket;New World Eastridge;Four Square Remuera;New World Victoria Park;New World Point Chevalier,5,13,19592.66,1500.0,True,True,05:26:32.660000
Sat_02866,Pak 'n Save Mt Albert;New World Point Chevalier;New World Newmarket;New World Eastridge;Four Square Remuera,5,15,21106.77,1500.0,True,True,05:51:46.770000
Sat_02867,Four Square Remuera;Pak 'n Save Glen Innes;New World Eastridge;New World Newmarket;New World Point Chevalier,5,16,22889.37,1810.0,True,True,06:21:29.370000
Sat_02868,Pak 'n Save Royal Oak;Four Square Remuera;New World Eastridge;New World Newmarket;New World Point Chevalier,5,16,22018.27,1810.0,True,True,06:06:58.270000
Sat_02869,New World Newmarket;New World Eastridge;Four Square Remuera;Pak 'n Save Sylvia Park;New World Point Chevalier,5,16,23183.29,1810.0,True,True,06:26:23.290000
Sat_02870,Four Square Remuera;New World Stonefields;New World Eastridge;New World Newmarket,4,10,15901.6,1190.0,True,True,04:25:01.600000
Sat_02871,Four Square Remuera;New World Stonefields;New World Eastridge;New World Newmarket;New World Victoria Park,5,13,19851.45,1500.0,True,True,05:30:51.450000
Sat_02872,Four Square Remuera;New World Stonefields;Pak 'n Save Glen Innes;New World Eastridge;New World Newmarket,5,16,22769.87,1810.0,True,True,06:19:29.870000
Sat_02873,Pak 'n Save Royal Oak;Four Square Remuera;New World Stonefields;New World Eastridge;New World Newmarket,5,16,22190.9,1810.0,True,True,06:09:50.900000
Sat_02874,New World Newmarket;New World Eastridge;Four Square Remuera;New World Stonefields;Pak 'n Save Sylvia Park,5,16,22956.31,1810.0,True,True,06:22:36.310000
Sat_02875,New World Newmarket;New World Eastridge;Four Square Remuera;New World Victoria Park,4,10,15961.77,1190.0,True,True,04:26:01.770000
Sat_02876,Four Square Remuera;Pak 'n Save Glen Innes;New World Eastridge;New World Newmarket;New World Victoria Park,5,16,23208.33,1810.0,True,True,06:26:48.330000
Sat_02877,Pak 'n Save Royal Oak;Four Square Remuera;New World Eastridge;New World Newmarket;New World Victoria Park,5,16,22337.23,1810.0,True,True,06:12:17.230000
Sat_02878,New World Newmarket;New World Eastridge;Four Square Remuera;Pak 'n Save Sylvia Park;New World Victoria Park,5,16,23502.25,1810.0,True,True,06:31:42.250000
Sat_02879,Four Square Remuera;Pak 'n Save Glen Innes;New World Eastridge;New World Newmarket,4,13,19258.48,1500.0,True,True,05:20:58.480000
Sat_02880,Pak 'n Save Royal Oak;Four Square Remuera;New World Eastridge;New World Newmarket,4,13,18387.38,1500.0,True,True,05:06:27.380000
Sat_02881,New World Newmarket;New World Eastridge;Four Square Remuera;Pak 'n Save Sylvia Park,4,13,19552.4,1500.0,True,True,05:25:52.400000
Sat_02882,Four Square Remuera;New World Stonefields;New World Eastridge,3,7,12448.99,760.77,False,False,03:27:28.990000
Sat_02883,Four Square Remuera;New World Stonefields;Pak 'n Save Glen Innes;New World Eastridge,4,13,19317.26,1500.0,True,True,05:21:57.260000
Sat_02884,Pak 'n Save Royal Oak;Four Square Remuera;New World Stonefields;New World Eastridge,4,13,18738.29,1500.0,True,True,05:12:18.290000
Sat_02885,Pak 'n Save Sylvia Park;New World Stonefields;New World Eastridge;Four Square Remuera,4,13,19551.7,1500.0,True,True,05:25:51.700000
Sat_02886,Four Square Remuera;Pak 'n Save Glen Innes;New World Eastridge,3,10,15805.87,1190.0,True,True,04:23:25.870000
Sat_02887,Pak 'n Save Royal Oak;Four Square Remuera;Pak 'n Save Glen Innes;New World Eastridge,4,16,22095.17,1810.0,True,True,06:08:15.170000
Sat_02888,Pak 'n Save Sylvia Park;Pak 'n Save Glen Innes;New World Eastridge;Four Square Remuera,4,16,22825.37,1810.0,True,True,06:20:25.370000
Sat_02889,Pak 'n Save Royal Oak;Four Square Remuera;New World Eastridge,3,10,14934.77,1190.0,True,True,04:08:54.770000
Sat_02890,Pak 'n Save Royal Oak;Pak 'n Save Sylvia Park;New World Eastridge;Four Square Remuera,4,16,22313.15,1810.0,True,True,06:11:53.150000
Sat_02891,Pak 'n Save Sylvia Park;New World Eastridge;Four Square Remuera,3,10,16092.93,1190.0,True,True,04:28:12.930000
Sat_02892,New World Newmarket;Four Square Remuera,2,4,7949.72,485.82,False,False,02:12:29.720000
Sat_02893,New World Newmarket;Four Square Remuera;New World Point Chevalier,3,7,11580.61,707.7,False,False,03:13:00.610000
Sat_02894,New World Newmarket;New World Stonefields;Four Square Remuera;New World Point Chevalier,4,10,15493.92,1190.0,True,True,04:18:13.920000
Sat_02895,New World Newmarket;New World Stonefields;Four Square Remuera;New World Victoria Park;New World Point Chevalier,5,13,19443.76,1500.0,True,True,05:24:03.760000
Sat_02896,Pak 'n Save Mt Albert;New World Point Chevalier;New World Newmarket;New World Stonefields;Four Square Remuera,5,15,20957.87,1500.0,True,True,05:49:17.870000
Sat_02897,New World Newmarket;New World Stonefields;Pak 'n Save Glen Innes;Four Square Remuera;New World Point Chevalier,5,16,22928.52,1810.0,True,True,06:22:08.520000
Sat_02898,Pak 'n Save Royal Oak;New World Stonefields;Four Square Remuera;New World Newmarket;New World Point Chevalier,5,16,21758.95,1810.0,True,True,06:02:38.950000
Sat_02899,New World Newmarket;Pak 'n Save Sylvia Park;New World Stonefields;Four Square Remuera;New World Point Chevalier,5,16,22514.57,1810.0,True,True,06:15:14.570000
Sat_02900,New World Newmarket;Four Square Remuera;New World Victoria Park;New World Point Chevalier,4,10,15530.45,1190.0,True,True,04:18:50.450000
Sat_02901,Pak 'n Save Mt Albert;New World Point Chevalier;New World Newmarket;Four Square Remuera;New World Victoria Park,5,15,20994.4,1500.0,True,True,05:49:54.400000
Sat_02902,New World Newmarket;Four Square Remuera;Pak 'n Save Glen Innes;New World Victoria Park;New World Point Chevalier,5,16,23480.15,1810.0,True,True,06:31:20.150000
Sat_02903,Pak 'n Save Royal Oak;Four Square Remuera;New World Newmarket;New World Victoria Park;New World Point Chevalier,5,16,21866.38,1810.0,True,True,06:04:26.380000
Sat_02904,New World Newmarket;Four Square Remuera;Pak 'n Save Sylvia Park;New World Victoria Park;New World Point Chevalier,5,16,23070.93,1810.0,True,True,06:24:30.930000
Sat_02905,Pak 'n Save Mt Albert;New World Point Chevalier;New World Newmarket;Four Square Remuera,4,12,17044.56,1190.0,True,True,04:44:04.560000
Sat_02906,New World Newmarket;Four Square Remuera;Pak 'n Save Glen Innes;New World Point Chevalier,4,13,19530.3,1500.0,True,True,05:25:30.300000
Sat_02907,Pak 'n Save Royal Oak;Four Square Remuera;New World Newmarket;New World Point Chevalier,4,13,17916.53,1190.0,True,True,04:58:36.530000
Sat_02908,New World Newmarket;Four Square Remuera;Pak 'n Save Sylvia Park;New World Point Chevalier,4,13,19121.08,1500.0,True,True,05:18:41.080000
Sat_02909,New World Newmarket;New World Stonefields;Four Square Remuera,3,7,11863.03,724.96,False,False,03:17:43.030000
Sat_02910,New World Newmarket;New World Stonefields;Four Square Remuera;New World Victoria Park,4,10,15812.87,1190.0,True,True,04:23:32.870000
Sat_02911,New World Newmarket;New World Stonefields;Pak 'n Save Glen Innes;Four Square Remuera;New World Victoria Park,5,16,23247.47,1810.0,True,True,06:27:27.470000
Sat_02912,Pak 'n Save Royal Oak;New World Stonefields;Four Square Remuera;New World Newmarket;New World Victoria Park,5,16,22077.91,1810.0,True,True,06:07:57.910000
Sat_02913,New World Newmarket;Pak 'n Save Sylvia Park;New World Stonefields;Four Square Remuera;New World Victoria Park,5,16,22833.52,1810.0,True,True,06:20:33.520000
Sat_02914,New World Newmarket;New World Stonefields;Pak 'n Save Glen Innes;Four Square Remuera,4,13,19297.63,1500.0,True,True,05:21:37.630000
Sat_02915,Pak 'n Save Royal Oak;New World Stonefields;Four Square Remuera;New World Newmarket,4,13,18128.06,1500.0,True,True,05:02:08.060000
Sat_02916,New World Newmarket;Pak 'n Save Sylvia Park;New World Stonefields;Four Square Remuera,4,13,18883.68,1500.0,True,True,05:14:43.680000
Sat_02917,New World Newmarket;Four Square Remuera;New World Victoria Park,3,7,11899.56,727.2,False,False,03:18:19.560000
Sat_02918,New World Newmarket;Four Square Remuera;Pak 'n Save Glen Innes;New World Victoria Park,4,13,19849.26,1500.0,True,True,05:30:49.260000
Sat_02919,Pak 'n Save Royal Oak;Four Square Remuera;New World Newmarket;New World Victoria Park,4,13,18235.49,1500.0,True,True,05:03:55.490000
Sat_02920,New World Newmarket;Four Square Remuera;Pak 'n Save Sylvia Park;New World Victoria Park,4,13,19440.04,1500.0,True,True,05:24:00.040000
Sat_02921,New World Newmarket;Four Square Remuera;Pak 'n Save Glen Innes,3,10,15899.41,1190.0,True,True,04:24:59.410000
Sat_02922,Pak 'n Save Royal Oak;Pak 'n Save Glen Innes;Four Square Remuera;New World Newmarket,4,16,22171.75,1810.0,True,True,06:09:31.750000
Sat_02923,New World Newmarket;Pak 'n Save Sylvia Park;Pak 'n Save Glen Innes;Four Square Remuera,4,16,22723.68,1810.0,True,True,06:18:43.680000
Sat_02924,Pak 'n Save Royal Oak;Four Square Remuera;New World Newmarket,3,10,14285.64,873.01,True,False,03:58:05.640000
Sat_02925,New World Newmarket;Four Square Remuera;Pak 'n Save Sylvia Park,3,10,15490.19,1190.0,True,True,04:18:10.190000
Sat_02926,New World Stonefields;Four Square Remuera,2,4,8402.13,513.46,False,False,02:20:02.130000
Sat_02927,New World Stonefields;Pak 'n Save Glen Innes;Four Square Remuera,3,10,15836.73,1190.0,True,True,04:23:56.730000
Sat_02928,Pak 'n Save Royal Oak;New World Stonefields;Pak 'n Save Glen Innes;Four Square Remuera,4,16,22055.14,1810.0,True,True,06:07:35.140000
Sat_02929,Pak 'n Save Sylvia Park;Pak 'n Save Glen Innes;New World Stonefields;Four Square Remuera,4,16,22811.77,1810.0,True,True,06:20:11.770000
Sat_02930,Pak 'n Save Royal Oak;New World Stonefields;Four Square Remuera,3,10,14620.54,1190.0,True,True,04:03:40.540000
Sat_02931,Pak 'n Save Royal Oak;Pak 'n Save Sylvia Park;New World Stonefields;Four Square Remuera,4,16,21643.0,1810.0,True,True,06:00:43
Sat_02932,Pak 'n Save Sylvia Park;New World Stonefields;Four Square Remuera,3,10,15422.78,1190.0,True,True,04:17:02.780000
Sat_02933,Four Square Remuera;Pak 'n Save Glen Innes,2,7,12438.51,760.13,False,False,03:27:18.510000
Sat_02934,Pak 'n Save Sylvia Park;Pak 'n Save Glen Innes;Four Square Remuera,3,13,19262.78,1500.0,True,True,05:21:02.780000
Sat_02935,Pak 'n Save Royal Oak;Four Square Remuera,2,7,10778.12,658.66,False,False,02:59:38.120000
Sat_02936,Four Square Remuera;Pak 'n Save Sylvia Park,2,7,12029.29,735.12,False,False,03:20:29.290000
Sat_02937,Four Square St Heliers,1,1,5877.79,359.2,False,False,01:37:57.790000
Sat_02938,New World Eastridge;Four Square St Heliers,2,4,9281.5,567.2,False,False,02:34:41.500000
Sat_02939,New World Newmarket;New World Eastridge;Four Square St Heliers,3,7,12580.16,768.79,False,False,03:29:40.160000
Sat_02940,New World Newmarket;New World Eastridge;Four Square St Heliers;New World Point Chevalier,4,10,16211.05,1190.0,True,True,04:30:11.050000
Sat_02941,New World Stonefields;Four Square St Heliers;New World Eastridge;New World Newmarket;New World Point Chevalier,5,13,19838.12,1500.0,True,True,05:30:38.120000
Sat_02942,New World Newmarket;Four Square St Heliers;New World Eastridge;New World Victoria Park;New World Point Chevalier,5,13,20296.89,1500.0,True,True,05:38:16.890000
Sat_02943,Pak 'n Save Mt Albert;New World Point Chevalier;New World Newmarket;New World Eastridge;Four Square St Heliers,5,15,21675.0,1810.0,True,True,06:01:15
Sat_02944,New World Newmarket;Four Square St Heliers;Pak 'n Save Glen Innes;New World Eastridge;New World Point Chevalier,5,16,23169.62,1810.0,True,True,06:26:09.620000
Sat_02945,Pak 'n Save Royal Oak;Four Square St Heliers;New World Eastridge;New World Newmarket;New World Point Chevalier,5,16,22609.36,1810.0,True,True,06:16:49.360000
Sat_02946,Pak 'n Save Sylvia Park;Four Square St Heliers;New World Eastridge;New World Newmarket;New World Point Chevalier,5,16,23400.0,1810.0,True,True,06:30:00
Sat_02947,New World Stonefields;Four Square St Heliers;New World Eastridge;New World Newmarket,4,10,16207.23,1190.0,True,True,04:30:07.230000
Sat_02948,New World Stonefields;Four Square St Heliers;New World Eastridge;New World Newmarket;New World Victoria Park,5,13,20157.08,1500.0,True,True,05:35:57.080000
Sat_02949,New World Stonefields;Pak 'n Save Glen Innes;Four Square St Heliers;New World Eastridge;New World Newmarket,5,16,22990.32,1810.0,True,True,06:23:10.320000
Sat_02950,Pak 'n Save Royal Oak;New World Stonefields;Four Square St Heliers;New World Eastridge;New World Newmarket,5,16,22425.64,1810.0,True,True,06:13:45.640000
Sat_02951,Pak 'n Save Sylvia Park;New World Stonefields;Four Square St Heliers;New World Eastridge;New World Newmarket,5,16,23227.88,1810.0,True,True,06:27:07.880000
Sat_02952,New World Newmarket;Four Square St Heliers;New World Eastridge;New World Victoria Park,4,10,16666.0,1190.0,True,True,04:37:46
Sat_02953,Pak 'n Save Glen Innes;Four Square St Heliers;New World Eastridge;New World Newmarket;New World Victoria Park,5,16,23549.26,1810.0,True,True,06:32:29.260000
Sat_02954,Pak 'n Save Royal Oak;Four Square St Heliers;New World Eastridge;New World Newmarket;New World Victoria Park,5,16,22928.32,1810.0,True,True,06:22:08.320000
Sat_02955,Pak 'n Save Sylvia Park;Four Square St Heliers;New World Eastridge;New World Newmarket;New World Victoria Park,5,16,23718.96,1810.0,True,True,06:35:18.960000
Sat_02956,New World Newmarket;Four Square St Heliers;Pak 'n Save Glen Innes;New World Eastridge,4,13,19538.73,1500.0,True,True,05:25:38.730000
Sat_02957,Pak 'n Save Royal Oak;Four Square St Heliers;New World Eastridge;New World Newmarket,4,13,18978.47,1500.0,True,True,05:16:18.470000
Sat_02958,Pak 'n Save Sylvia Park;Four Square St Heliers;New World Eastridge;New World Newmarket,4,13,19769.11,1500.0,True,True,05:29:29.110000
Sat_02959,New World Stonefields;Four Square St Heliers;New World Eastridge,3,7,12754.62,779.45,True,False,03:32:34.620000
Sat_02960,New World Stonefields;Pak 'n Save Glen Innes;Four Square St Heliers;New World Eastridge,4,13,19537.71,1500.0,True,True,05:25:37.710000
Sat_02961,Pak 'n Save Sylvia Park;New World Stonefields;Four Square St Heliers;New World Eastridge,4,13,19775.27,1500.0,True,True,05:29:35.270000
Sat_02962,Pak 'n Save Glen Innes;Four Square St Heliers;New World Eastridge,3,10,16146.8,1190.0,True,True,04:29:06.800000
Sat_02963,Pak 'n Save Sylvia Park;Pak 'n Save Glen Innes;Four Square St Heliers;New World Eastridge,4,16,22963.76,1810.0,True,True,06:22:43.760000
Sat_02964,New World Stonefields;Four Square St Heliers,2,4,9324.96,569.86,False,False,02:35:24.960000
Sat_02965,New World Stonefields;Pak 'n Save Glen Innes;Four Square St Heliers,3,10,16108.05,1190.0,True,True,04:28:28.050000
Sat_02966,Pak 'n Save Sylvia Park;New World Stonefields;Pak 'n Save Glen Innes;Four Square St Heliers,4,16,23128.7,1810.0,True,True,06:25:28.700000
Sat_02967,Pak 'n Save Sylvia Park;New World Stonefields;Four Square St Heliers,3,10,16345.61,1190.0,True,True,04:32:25.610000
Sat_02968,Pak 'n Save Glen Innes;Four Square St Heliers,2,7,12717.14,777.16,True,False,03:31:57.140000
Sat_02969,Pak 'n Save Sylvia Park;Pak 'n Save Glen Innes;Four Square St Heliers,3,13,19534.1,1500.0,True,True,05:25:34.100000
Sat_02970,Four Square Torbay,1,1,7336.52,448.34,False,False,02:02:16.520000
Sat_02971,Four Square Torbay;New World Browns Bay,2,3,9653.24,589.92,False,False,02:40:53.240000
Sat_02972,Four Square Torbay;New World Browns Bay;New World Albany,3,6,13186.55,805.84,True,False,03:39:46.550000
Sat_02973,New World Long Bay;Four Square Torbay;New World Browns Bay;New World Albany,4,9,16591.39,1190.0,True,True,04:36:31.390000
Sat_02974,New World Long Bay;Four Square Torbay;New World Browns Bay;New World Albany;Pak 'n Save Wairau Road,5,14,22215.63,1810.0,True,True,06:10:15.630000
Sat_02975,New World Long Bay;Four Square Torbay;New World Browns Bay;New World Albany;Pak 'n Save Albany,5,15,23149.97,1810.0,True,True,06:25:49.970000
Sat_02976,Four Square Torbay;New World Browns Bay;New World Albany;Pak 'n Save Wairau Road,4,11,18810.79,1500.0,True,True,05:13:30.790000
Sat_02977,Four Square Torbay;New World Browns Bay;New World Albany;Pak 'n Save Albany,4,12,19745.13,1500.0,True,True,05:29:05.130000
Sat_02978,New World Long Bay;Four Square Torbay;New World Browns Bay,3,6,13058.08,797.99,True,False,03:37:38.080000
Sat_02979,Pak 'n Save Albany;New World Browns Bay;Four Square Torbay;New World Long Bay,4,12,19864.11,1500.0,True,True,05:31:04.110000
Sat_02980,Pak 'n Save Albany;New World Browns Bay;Four Square Torbay,3,9,16457.65,1190.0,True,True,04:34:17.650000
Sat_02981,Four Square Torbay;New World Albany,2,4,10953.56,669.38,False,False,03:02:33.560000
Sat_02982,New World Long Bay;Four Square Torbay;New World Albany,3,7,14358.4,877.46,True,False,03:59:18.400000
Sat_02983,New World Long Bay;Four Square Torbay;New World Albany;Pak 'n Save Wairau Road,4,12,19982.64,1500.0,True,True,05:33:02.640000
Sat_02984,New World Long Bay;Four Square Torbay;New World Albany;Pak 'n Save Albany,4,13,20916.98,1500.0,True,True,05:48:36.980000
Sat_02985,Four Square Torbay;New World Albany;Pak 'n Save Wairau Road,3,9,16577.8,1190.0,True,True,04:36:17.800000
Sat_02986,Four Square Torbay;New World Albany;Pak 'n Save Albany;Pak 'n Save Wairau Road,4,15,23136.38,1810.0,True,True,06:25:36.380000
Sat_02987,Four Square Torbay;New World Albany;Pak 'n Save Albany,3,10,17512.14,1190.0,True,True,04:51:52.140000
Sat_02988,New World Long Bay;Four Square Torbay,2,4,10741.36,656.42,False,False,02:59:01.360000
Sat_02989,Pak 'n Save Albany;New World Long Bay;Four Square Torbay,3,10,17631.23,1190.0,True,True,04:53:51.230000
Sat_02990,Pak 'n Save Albany;Four Square Torbay,2,7,14226.38,869.39,True,False,03:57:06.380000
Sat_02991,New World Metro Shore City,1,1,5215.23,318.71,False,False,01:26:55.230000
Sat_02992,New World Metro Shore City;New World Milford,2,4,9028.98,551.77,False,False,02:30:28.980000
Sat_02993,Pak 'n Save Wairau Road;New World Milford;New World Metro Shore City,3,9,14625.13,1190.0,True,True,04:03:45.130000
Sat_02994,Pak 'n Save Albany;Pak 'n Save Wairau Road;New World Milford;New World Metro Shore City,4,15,22308.41,1810.0,True,True,06:11:48.410000
Sat_02995,Pak 'n Save Albany;New World Milford;New World Metro Shore City,3,10,16680.2,1190.0,True,True,04:38:00.200000
Sat_02996,Pak 'n Save Wairau Road;New World Metro Shore City,2,6,11207.47,684.9,False,False,03:06:47.470000
Sat_02997,Pak 'n Save Albany;Pak 'n Save Wairau Road;New World Metro Shore City,3,12,18890.75,1500.0,True,True,05:14:50.750000
Sat_02998,Four Square Pakuranga Heights,1,2,6442.04,393.68,False,False,01:47:22.040000
Sat_02999,Four Square Pakuranga Heights;New World Botany,2,5,10176.21,621.88,False,False,02:49:36.210000
Sat_03000,Four Square Pakuranga Heights;New World Howick;New World Botany,3,8,14197.56,867.63,True,False,03:56:37.560000
Sat_03001,Four Square Pakuranga Heights;New World Howick;New World Botany;New World Ormiston,4,11,17744.45,1190.0,True,True,04:55:44.450000
Sat_03002,Four Square Pakuranga Heights;New World Howick;New World Botany;New World Ormiston;New World Papatoetoe,5,14,21286.4,1500.0,True,True,05:54:46.400000
Sat_03003,Four Square Pakuranga Heights;Pak 'n Save Highland Park;New World Howick;New World Botany;New World Ormiston,5,16,23199.22,1810.0,True,True,06:26:39.220000
Sat_03004,Four Square Pakuranga Heights;Pak 'n Save Highland Park;New World Howick;New World Botany,4,13,19652.33,1500.0,True,True,05:27:32.330000
Sat_03005,Four Square Pakuranga Heights;New World Howick;Pak 'n Save Botany;New World Botany,4,14,20719.42,1500.0,True,True,05:45:19.420000
Sat_03006,Four Square Pakuranga Heights;New World Howick;New World Botany;Pak 'n Save Manukau,4,14,20851.24,1500.0,True,True,05:47:31.240000
Sat_03007,Four Square Pakuranga Heights;New World Howick;New World Botany;Pak 'n Save Ormiston,4,14,21065.03,1500.0,True,True,05:51:05.030000
Sat_03008,Four Square Pakuranga Heights;New World Botany;New World Howick;Pak 'n Save Sylvia Park,4,14,21290.34,1500.0,True,True,05:54:50.340000
Sat_03009,Four Square Pakuranga Heights;New World Botany;New World Ormiston,3,8,13723.1,838.63,True,False,03:48:43.100000
Sat_03010,Four Square Pakuranga Heights;New World Botany;New World Ormiston;New World Papatoetoe,4,11,17265.05,1190.0,True,True,04:47:45.050000
Sat_03011,Four Square Pakuranga Heights;New World Botany;New World Ormiston;New World Southmall;New World Papatoetoe,5,14,21609.45,1810.0,True,True,06:00:09.450000
Sat_03012,Four Square Pakuranga Heights;Pak 'n Save Highland Park;New World Botany;New World Ormiston;New World Papatoetoe,5,16,23227.44,1810.0,True,True,06:27:07.440000
Sat_03013,Four Square Pakuranga Heights;Pak 'n Save Highland Park;New World Botany;New World Ormiston,4,13,19685.49,1500.0,True,True,05:28:05.490000
Sat_03014,Four Square Pakuranga Heights;Pak 'n Save Botany;New World Botany;New World Ormiston,4,14,20316.29,1500.0,True,True,05:38:36.290000
Sat_03015,Four Square Pakuranga Heights;New World Botany;New World Ormiston;Pak 'n Save Manukau,4,14,20376.78,1500.0,True,True,05:39:36.780000
Sat_03016,Four Square Pakuranga Heights;New World Botany;New World Ormiston;Pak 'n Save Ormiston,4,14,20343.92,1500.0,True,True,05:39:03.920000
Sat_03017,New World Ormiston;New World Botany;Four Square Pakuranga Heights;Pak 'n Save Sylvia Park,4,14,21118.54,1500.0,True,True,05:51:58.540000
Sat_03018,Four Square Pakuranga Heights;Pak 'n Save Highland Park;New World Botany,3,10,16138.6,1190.0,True,True,04:28:58.600000
Sat_03019,Four Square Pakuranga Heights;Pak 'n Save Highland Park;Pak 'n Save Botany;New World Botany,4,16,22660.46,1810.0,True,True,06:17:40.460000
Sat_03020,Four Square Pakuranga Heights;Pak 'n Save Highland Park;New World Botany;Pak 'n Save Manukau,4,16,22792.28,1810.0,True,True,06:19:52.280000
Sat_03021,Four Square Pakuranga Heights;Pak 'n Save Highland Park;New World Botany;Pak 'n Save Ormiston,4,16,23006.07,1810.0,True,True,06:23:26.070000
Sat_03022,Four Square Pakuranga Heights;Pak 'n Save Highland Park;New World Botany;Pak 'n Save Sylvia Park,4,16,23251.64,1810.0,True,True,06:27:31.640000
Sat_03023,Four Square Pakuranga Heights;Pak 'n Save Botany;New World Botany,3,11,16769.4,1190.0,True,True,04:39:29.400000
Sat_03024,Four Square Pakuranga Heights;New World Botany;Pak 'n Save Manukau,3,11,16829.89,1190.0,True,True,04:40:29.890000
Sat_03025,Four Square Pakuranga Heights;New World Botany;Pak 'n Save Ormiston,3,11,17043.68,1190.0,True,True,04:44:03.680000
Sat_03026,Four Square Pakuranga Heights;New World Botany;Pak 'n Save Sylvia Park,3,11,17289.25,1190.0,True,True,04:48:09.250000
Sat_03027,New World Howick;Four Square Pakuranga Heights,2,5,10722.44,655.26,False,False,02:58:42.440000
Sat_03028,Pak 'n Save Highland Park;New World Howick;Four Square Pakuranga Heights,3,10,16177.21,1190.0,True,True,04:29:37.210000
Sat_03029,Four Square Pakuranga Heights;Pak 'n Save Highland Park;New World Howick;Pak 'n Save Botany,4,16,22900.6,1810.0,True,True,06:21:40.600000
Sat_03030,Pak 'n Save Highland Park;New World Howick;Four Square Pakuranga Heights;Pak 'n Save Sylvia Park,4,16,23027.83,1810.0,True,True,06:23:47.830000
Sat_03031,Four Square Pakuranga Heights;New World Howick;Pak 'n Save Botany,3,11,17445.83,1190.0,True,True,04:50:45.830000
Sat_03032,New World Howick;Four Square Pakuranga Heights;Pak 'n Save Sylvia Park,3,11,17573.06,1190.0,True,True,04:52:53.060000
Sat_03033,Pak 'n Save Highland Park;Four Square Pakuranga Heights,2,7,12490.91,763.33,False,False,03:28:10.910000
Sat_03034,Four Square Pakuranga Heights;Pak 'n Save Highland Park;Pak 'n Save Botany,3,13,19386.87,1500.0,True,True,05:23:06.870000
Sat_03035,Pak 'n Save Highland Park;Four Square Pakuranga Heights;Pak 'n Save Sylvia Park,3,13,19341.53,1500.0,True,True,05:22:21.530000
Sat_03036,Four Square Pakuranga Heights;Pak 'n Save Botany,2,8,13495.81,824.74,True,False,03:44:55.810000
Sat_03037,Four Square Pakuranga Heights;Pak 'n Save Botany;Pak 'n Save Ormiston,3,14,20363.27,1500.0,True,True,05:39:23.270000
Sat_03038,Four Square Pakuranga Heights;Pak 'n Save Botany;Pak 'n Save Sylvia Park,3,14,20520.46,1500.0,True,True,05:42:00.460000
Sat_03039,Four Square Pakuranga Heights;Pak 'n Save Sylvia Park,2,8,13292.66,812.33,True,False,03:41:32.660000
Sat_03040,New World Browns Bay,1,2,7892.45,482.32,False,False,02:11:32.450000
Sat_03041,New World Albany;New World Browns Bay,2,5,11414.75,697.57,False,False,03:10:14.750000
Sat_03042,New World Long Bay;New World Browns Bay;New World Albany,3,8,15477.17,1190.0,True,True,04:17:57.170000
Sat_03043,New World Long Bay;New World Browns Bay;New World Albany;Pak 'n Save Wairau Road,4,13,21101.41,1500.0,True,True,05:51:41.410000
Sat_03044,New World Long Bay;New World Browns Bay;New World Albany;Pak 'n Save Albany,4,14,22035.75,1810.0,True,True,06:07:15.750000
Sat_03045,New World Albany;New World Browns Bay;Pak 'n Save Wairau Road,3,10,17039.0,1190.0,True,True,04:43:59
Sat_03046,Pak 'n Save Albany;New World Albany;New World Browns Bay;Pak 'n Save Wairau Road,4,16,23608.05,1810.0,True,True,06:33:28.050000
Sat_03047,Pak 'n Save Albany;New World Albany;New World Browns Bay,3,11,17983.8,1190.0,True,True,04:59:43.800000
Sat_03048,New World Long Bay;New World Browns Bay,2,5,11943.86,729.9,False,False,03:19:03.860000
Sat_03049,Pak 'n Save Albany;New World Browns Bay;New World Long Bay,3,11,18749.88,1500.0,True,True,05:12:29.880000
Sat_03050,Pak 'n Save Albany;New World Browns Bay,2,8,14662.73,1190.0,True,True,04:04:22.730000
Sat_03051,New World Metro Queen St,1,2,5013.37,306.37,False,False,01:23:33.370000
Sat_03052,New World Remuera;New World Metro Queen St,2,4,8200.65,501.15,False,False,02:16:40.650000
Sat_03053,New World Remuera;New World Eastridge;New World Metro Queen St,3,7,12225.05,747.09,False,False,03:23:45.050000
Sat_03054,New World Remuera;New World Eastridge;New World Metro Queen St;New World Mt Albert,4,10,15626.39,1190.0,True,True,04:20:26.390000
Sat_03055,New World Remuera;New World Eastridge;New World Metro Queen St;New World Mt Albert;New World New Lynn,5,13,19828.37,1500.0,True,True,05:30:28.370000
Sat_03056,New World Newmarket;New World Remuera;New World Eastridge;New World Metro Queen St;New World Mt Albert,5,13,19045.47,1500.0,True,True,05:17:25.470000
Sat_03057,New World Mt Albert;New World Point Chevalier;New World Remuera;New World Eastridge;New World Metro Queen St,5,13,19206.35,1500.0,True,True,05:20:06.350000
Sat_03058,New World Remuera;New World Stonefields;New World Eastridge;New World Metro Queen St;New World Mt Albert,5,13,19504.8,1500.0,True,True,05:25:04.800000
Sat_03059,New World Remuera;New World Eastridge;New World Metro Queen St;New World Victoria Park;New World Mt Albert,5,13,19160.28,1500.0,True,True,05:19:20.280000
Sat_03060,New World Remuera;New World Eastridge;New World Metro Queen St;New World Mt Albert;Pak 'n Save Mt Albert,5,15,21332.77,1500.0,True,True,05:55:32.770000
Sat_03061,New World Remuera;Pak 'n Save Glen Innes;New World Eastridge;New World Metro Queen St;New World Mt Albert,5,16,22938.14,1810.0,True,True,06:22:18.140000
Sat_03062,Pak 'n Save Royal Oak;New World Remuera;New World Eastridge;New World Metro Queen St;New World Mt Albert,5,16,21983.44,1810.0,True,True,06:06:23.440000
Sat_03063,New World Remuera;Pak 'n Save Sylvia Park;New World Eastridge;New World Metro Queen St;New World Mt Albert,5,16,23247.63,1810.0,True,True,06:27:27.630000
Sat_03064,New World Newmarket;New World Remuera;New World Eastridge;New World Metro Queen St,4,10,15644.13,1190.0,True,True,04:20:44.130000
Sat_03065,New World Newmarket;New World Remuera;New World Eastridge;New World Metro Queen St;New World Point Chevalier,5,13,19275.02,1500.0,True,True,05:21:15.020000
Sat_03066,New World Newmarket;New World Remuera;New World Stonefields;New World Eastridge;New World Metro Queen St,5,13,19522.54,1500.0,True,True,05:25:22.540000
Sat_03067,New World Newmarket;New World Remuera;New World Eastridge;New World Metro Queen St;New World Victoria Park,5,13,19178.02,1500.0,True,True,05:19:38.020000
Sat_03068,New World Newmarket;New World Remuera;Pak 'n Save Glen Innes;New World Eastridge;New World Metro Queen St,5,16,22955.88,1810.0,True,True,06:22:35.880000
Sat_03069,Pak 'n Save Royal Oak;New World Newmarket;New World Remuera;New World Eastridge;New World Metro Queen St,5,16,22190.95,1810.0,True,True,06:09:50.950000
Sat_03070,New World Newmarket;New World Remuera;Pak 'n Save Sylvia Park;New World Eastridge;New World Metro Queen St,5,16,23265.37,1810.0,True,True,06:27:45.370000
Sat_03071,New World Remuera;New World Eastridge;New World Metro Queen St;New World Point Chevalier,4,10,15855.94,1190.0,True,True,04:24:15.940000
Sat_03072,New World Remuera;New World Stonefields;New World Eastridge;New World Metro Queen St;New World Point Chevalier,5,13,19734.35,1500.0,True,True,05:28:54.350000
Sat_03073,New World Remuera;New World Eastridge;New World Metro Queen St;New World Victoria Park;New World Point Chevalier,5,13,19389.83,1500.0,True,True,05:23:09.830000
Sat_03074,Pak 'n Save Mt Albert;New World Point Chevalier;New World Remuera;New World Eastridge;New World Metro Queen St,5,15,21319.9,1500.0,True,True,05:55:19.900000
Sat_03075,New World Remuera;Pak 'n Save Glen Innes;New World Eastridge;New World Metro Queen St;New World Point Chevalier,5,16,23167.69,1810.0,True,True,06:26:07.690000
Sat_03076,Pak 'n Save Royal Oak;New World Remuera;New World Eastridge;New World Metro Queen St;New World Point Chevalier,5,16,22212.99,1810.0,True,True,06:10:12.990000
Sat_03077,New World Remuera;Pak 'n Save Sylvia Park;New World Eastridge;New World Metro Queen St;New World Point Chevalier,5,16,23477.18,1810.0,True,True,06:31:17.180000
Sat_03078,New World Remuera;New World Stonefields;New World Eastridge;New World Metro Queen St,4,10,16103.46,1190.0,True,True,04:28:23.460000
Sat_03079,New World Remuera;New World Stonefields;New World Eastridge;New World Metro Queen St;New World Victoria Park,5,13,19637.35,1500.0,True,True,05:27:17.350000
Sat_03080,New World Remuera;New World Stonefields;Pak 'n Save Glen Innes;New World Eastridge;New World Metro Queen St,5,16,22971.73,1810.0,True,True,06:22:51.730000
Sat_03081,Pak 'n Save Royal Oak;New World Remuera;New World Stonefields;New World Eastridge;New World Metro Queen St,5,16,22460.51,1810.0,True,True,06:14:20.510000
Sat_03082,New World Remuera;Pak 'n Save Sylvia Park;New World Stonefields;New World Eastridge;New World Metro Queen St,5,16,23305.06,1810.0,True,True,06:28:25.060000
Sat_03083,New World Remuera;New World Eastridge;New World Metro Queen St;New World Victoria Park,4,10,15758.94,1190.0,True,True,04:22:38.940000
Sat_03084,New World Remuera;Pak 'n Save Glen Innes;New World Eastridge;New World Metro Queen St;New World Victoria Park,5,16,23070.69,1810.0,True,True,06:24:30.690000
Sat_03085,Pak 'n Save Royal Oak;New World Remuera;New World Eastridge;New World Metro Queen St;New World Victoria Park,5,16,22115.99,1810.0,True,True,06:08:35.990000
Sat_03086,New World Remuera;Pak 'n Save Sylvia Park;New World Eastridge;New World Metro Queen St;New World Victoria Park,5,16,23380.18,1810.0,True,True,06:29:40.180000
Sat_03087,New World Remuera;Pak 'n Save Glen Innes;New World Eastridge;New World Metro Queen St,4,13,19536.8,1500.0,True,True,05:25:36.800000
Sat_03088,Pak 'n Save Royal Oak;New World Remuera;New World Eastridge;New World Metro Queen St,4,13,18582.1,1500.0,True,True,05:09:42.100000
Sat_03089,New World Remuera;Pak 'n Save Sylvia Park;New World Eastridge;New World Metro Queen St,4,13,19846.29,1500.0,True,True,05:30:46.290000
Sat_03090,New World Remuera;New World Metro Queen St;New World Mt Albert,3,7,11601.99,709.01,False,False,03:13:21.990000
Sat_03091,New World Remuera;New World Metro Queen St;New World Mt Albert;New World New Lynn,4,10,15803.97,1190.0,True,True,04:23:23.970000
Sat_03092,New World Remuera;New World Newmarket;New World Metro Queen St;New World Mt Albert;New World New Lynn,5,13,19181.95,1500.0,True,True,05:19:41.950000
Sat_03093,New World New Lynn;New World Point Chevalier;New World Remuera;New World Metro Queen St;New World Mt Albert,5,13,19193.42,1500.0,True,True,05:19:53.420000
Sat_03094,New World Remuera;New World Stonefields;New World Metro Queen St;New World Mt Albert;New World New Lynn,5,13,19925.28,1500.0,True,True,05:32:05.280000
Sat_03095,New World Mt Albert;New World Victoria Park;New World Metro Queen St;New World Remuera;New World New Lynn,5,13,19209.24,1500.0,True,True,05:20:09.240000
Sat_03096,New World Remuera;New World Metro Queen St;New World Mt Albert;Pak 'n Save Mt Albert;New World New Lynn,5,15,21241.34,1500.0,True,True,05:54:01.340000
Sat_03097,New World Remuera;Pak 'n Save Sylvia Park;New World Metro Queen St;New World Mt Albert;New World New Lynn,5,16,23344.44,1810.0,True,True,06:29:04.440000
Sat_03098,New World Remuera;New World Newmarket;New World Metro Queen St;New World Mt Albert,4,10,14979.97,1190.0,True,True,04:09:39.970000
Sat_03099,New World Mt Albert;New World Point Chevalier;New World Remuera;New World Newmarket;New World Metro Queen St,5,13,18559.93,1500.0,True,True,05:09:19.930000
Sat_03100,New World Newmarket;New World Remuera;New World Stonefields;New World Metro Queen St;New World Mt Albert,5,13,19142.38,1500.0,True,True,05:19:02.380000
Sat_03101,New World Mt Albert;New World Victoria Park;New World Metro Queen St;New World Remuera;New World Newmarket,5,13,18422.87,1500.0,True,True,05:07:02.870000
Sat_03102,New World Remuera;New World Newmarket;New World Metro Queen St;New World Mt Albert;Pak 'n Save Mt Albert,5,15,20686.35,1500.0,True,True,05:44:46.350000
Sat_03103,Pak 'n Save Royal Oak;New World Remuera;New World Newmarket;New World Metro Queen St;New World Mt Albert,5,16,21337.02,1500.0,True,True,05:55:37.020000
Sat_03104,New World Newmarket;New World Remuera;Pak 'n Save Sylvia Park;New World Metro Queen St;New World Mt Albert,5,16,22561.54,1810.0,True,True,06:16:01.540000
Sat_03105,New World Mt Albert;New World Point Chevalier;New World Remuera;New World Metro Queen St,4,10,15181.95,1190.0,True,True,04:13:01.950000
Sat_03106,New World Mt Albert;New World Point Chevalier;New World Remuera;New World Stonefields;New World Metro Queen St,5,13,19303.26,1500.0,True,True,05:21:43.260000
Sat_03107,New World Mt Albert;New World Victoria Park;New World Metro Queen St;New World Remuera;New World Point Chevalier,5,13,18675.78,1500.0,True,True,05:11:15.780000
Sat_03108,Pak 'n Save Mt Albert;New World Point Chevalier;New World Remuera;New World Metro Queen St;New World Mt Albert,5,15,20696.84,1500.0,True,True,05:44:56.840000
Sat_03109,Pak 'n Save Royal Oak;New World Remuera;New World Metro Queen St;New World Point Chevalier;New World Mt Albert,5,16,21552.94,1500.0,True,True,05:59:12.940000
Sat_03110,New World Mt Albert;New World Point Chevalier;New World Remuera;Pak 'n Save Sylvia Park;New World Metro Queen St,5,16,22722.42,1810.0,True,True,06:18:42.420000
Sat_03111,New World Remuera;New World Stonefields;New World Metro Queen St;New World Mt Albert,4,10,15723.3,1190.0,True,True,04:22:03.300000
Sat_03112,New World Mt Albert;New World Victoria Park;New World Metro Queen St;New World Remuera;New World Stonefields,5,13,19166.21,1500.0,True,True,05:19:26.210000
Sat_03113,New World Remuera;New World Stonefields;New World Metro Queen St;New World Mt Albert;Pak 'n Save Mt Albert,5,15,21429.68,1500.0,True,True,05:57:09.680000
Sat_03114,New World Remuera;New World Stonefields;Pak 'n Save Glen Innes;New World Metro Queen St;New World Mt Albert,5,16,23024.87,1810.0,True,True,06:23:44.870000
Sat_03115,Pak 'n Save Royal Oak;New World Stonefields;New World Remuera;New World Metro Queen St;New World Mt Albert,5,16,22041.6,1810.0,True,True,06:07:21.600000
Sat_03116,New World Remuera;New World Stonefields;Pak 'n Save Sylvia Park;New World Metro Queen St;New World Mt Albert,5,16,22749.41,1810.0,True,True,06:19:09.410000
Sat_03117,New World Mt Albert;New World Victoria Park;New World Metro Queen St;New World Remuera,4,10,15044.89,1190.0,True,True,04:10:44.890000
Sat_03118,New World Mt Albert;New World Victoria Park;New World Metro Queen St;New World Remuera;Pak 'n Save Mt Albert,5,15,20730.92,1500.0,True,True,05:45:30.920000
Sat_03119,New World Mt Albert;New World Victoria Park;New World Metro Queen St;New World Remuera;Pak 'n Save Royal Oak,5,16,21473.71,1500.0,True,True,05:57:53.710000
Sat_03120,New World Mt Albert;New World Victoria Park;New World Metro Queen St;New World Remuera;Pak 'n Save Sylvia Park,5,16,22585.36,1810.0,True,True,06:16:25.360000
Sat_03121,New World Remuera;New World Metro Queen St;New World Mt Albert;Pak 'n Save Mt Albert,4,12,17308.37,1190.0,True,True,04:48:28.370000
Sat_03122,Pak 'n Save Royal Oak;New World Remuera;New World Metro Queen St;New World Mt Albert,4,13,17959.04,1190.0,True,True,04:59:19.040000
Sat_03123,New World Remuera;Pak 'n Save Sylvia Park;New World Metro Queen St;New World Mt Albert,4,13,19142.46,1500.0,True,True,05:19:02.460000
Sat_03124,New World Remuera;New World Newmarket;New World Metro Queen St,3,7,11578.63,707.58,False,False,03:12:58.630000
Sat_03125,New World Remuera;New World Newmarket;New World Metro Queen St;New World Point Chevalier,4,10,15209.52,1190.0,True,True,04:13:29.520000
Sat_03126,New World Newmarket;New World Remuera;New World Stonefields;New World Metro Queen St;New World Point Chevalier,5,13,19371.93,1500.0,True,True,05:22:51.930000
Sat_03127,New World Victoria Park;New World Metro Queen St;New World Remuera;New World Newmarket;New World Point Chevalier,5,13,18736.51,1500.0,True,True,05:12:16.510000
Sat_03128,Pak 'n Save Mt Albert;New World Point Chevalier;New World Remuera;New World Newmarket;New World Metro Queen St,5,15,20673.48,1500.0,True,True,05:44:33.480000
Sat_03129,Pak 'n Save Royal Oak;New World Remuera;New World Newmarket;New World Metro Queen St;New World Point Chevalier,5,16,21566.57,1500.0,True,True,05:59:26.570000
Sat_03130,New World Newmarket;New World Remuera;Pak 'n Save Sylvia Park;New World Metro Queen St;New World Point Chevalier,5,16,22791.09,1810.0,True,True,06:19:51.090000
Sat_03131,New World Newmarket;New World Remuera;New World Stonefields;New World Metro Queen St,4,10,15741.04,1190.0,True,True,04:22:21.040000
Sat_03132,New World Victoria Park;New World Metro Queen St;New World Newmarket;New World Remuera;New World Stonefields,5,13,19268.03,1500.0,True,True,05:21:08.030000
Sat_03133,New World Newmarket;New World Remuera;New World Stonefields;Pak 'n Save Glen Innes;New World Metro Queen St,5,16,23042.61,1810.0,True,True,06:24:02.610000
Sat_03134,Pak 'n Save Royal Oak;New World Stonefields;New World Remuera;New World Newmarket;New World Metro Queen St,5,16,22018.24,1810.0,True,True,06:06:58.240000
Sat_03135,New World Newmarket;New World Remuera;New World Stonefields;Pak 'n Save Sylvia Park;New World Metro Queen St,5,16,22767.15,1810.0,True,True,06:19:27.150000
Sat_03136,New World Victoria Park;New World Metro Queen St;New World Remuera;New World Newmarket,4,10,15105.62,1190.0,True,True,04:11:45.620000
Sat_03137,Pak 'n Save Royal Oak;New World Remuera;New World Newmarket;New World Metro Queen St;New World Victoria Park,5,16,21469.57,1500.0,True,True,05:57:49.570000
Sat_03138,New World Victoria Park;New World Metro Queen St;New World Newmarket;New World Remuera;Pak 'n Save Sylvia Park,5,16,22687.18,1810.0,True,True,06:18:07.180000
Sat_03139,Pak 'n Save Royal Oak;New World Remuera;New World Newmarket;New World Metro Queen St,4,13,17935.68,1190.0,True,True,04:58:55.680000
Sat_03140,New World Newmarket;New World Remuera;Pak 'n Save Sylvia Park;New World Metro Queen St,4,13,19160.2,1500.0,True,True,05:19:20.200000
Sat_03141,New World Remuera;New World Metro Queen St;New World Point Chevalier,3,7,11831.54,723.04,False,False,03:17:11.540000
Sat_03142,New World Remuera;New World Stonefields;New World Metro Queen St;New World Point Chevalier,4,10,15952.85,1190.0,True,True,04:25:52.850000
Sat_03143,New World Victoria Park;New World Metro Queen St;New World Remuera;New World Stonefields;New World Point Chevalier,5,13,19479.85,1500.0,True,True,05:24:39.850000
Sat_03144,Pak 'n Save Mt Albert;New World Point Chevalier;New World Remuera;New World Stonefields;New World Metro Queen St,5,15,21416.81,1500.0,True,True,05:56:56.810000
Sat_03145,New World Remuera;New World Stonefields;Pak 'n Save Glen Innes;New World Metro Queen St;New World Point Chevalier,5,16,23254.42,1810.0,True,True,06:27:34.420000
Sat_03146,Pak 'n Save Royal Oak;New World Stonefields;New World Remuera;New World Metro Queen St;New World Point Chevalier,5,16,22271.15,1810.0,True,True,06:11:11.150000
Sat_03147,New World Remuera;New World Stonefields;Pak 'n Save Sylvia Park;New World Metro Queen St;New World Point Chevalier,5,16,22978.96,1810.0,True,True,06:22:58.960000
Sat_03148,New World Victoria Park;New World Metro Queen St;New World Remuera;New World Point Chevalier,4,10,15358.53,1190.0,True,True,04:15:58.530000
Sat_03149,Pak 'n Save Mt Albert;New World Point Chevalier;New World Victoria Park;New World Metro Queen St;New World Remuera,5,15,20822.48,1500.0,True,True,05:47:02.480000
Sat_03150,Pak 'n Save Royal Oak;New World Remuera;New World Metro Queen St;New World Victoria Park;New World Point Chevalier,5,16,21722.48,1810.0,True,True,06:02:02.480000
Sat_03151,New World Victoria Park;New World Metro Queen St;New World Remuera;Pak 'n Save Sylvia Park;New World Point Chevalier,5,16,22899.0,1810.0,True,True,06:21:39
Sat_03152,Pak 'n Save Mt Albert;New World Point Chevalier;New World Remuera;New World Metro Queen St,4,12,17295.5,1190.0,True,True,04:48:15.500000
Sat_03153,New World Remuera;Pak 'n Save Sylvia Park;New World Metro Queen St;New World Point Chevalier,4,13,19372.01,1500.0,True,True,05:22:52.010000
Sat_03154,New World Remuera;New World Stonefields;New World Metro Queen St,3,7,12321.96,753.01,False,False,03:25:21.960000
Sat_03155,New World Victoria Park;New World Metro Queen St;New World Remuera;New World Stonefields,4,10,15848.96,1190.0,True,True,04:24:08.960000
Sat_03156,New World Remuera;New World Stonefields;Pak 'n Save Glen Innes;New World Metro Queen St;New World Victoria Park,5,16,23157.42,1810.0,True,True,06:25:57.420000
Sat_03157,Pak 'n Save Royal Oak;New World Stonefields;New World Remuera;New World Metro Queen St;New World Victoria Park,5,16,22174.15,1810.0,True,True,06:09:34.150000
Sat_03158,New World Victoria Park;New World Metro Queen St;New World Remuera;New World Stonefields;Pak 'n Save Sylvia Park,5,16,22875.06,1810.0,True,True,06:21:15.060000
Sat_03159,New World Remuera;New World Stonefields;Pak 'n Save Glen Innes;New World Metro Queen St,4,13,19623.53,1500.0,True,True,05:27:03.530000
Sat_03160,Pak 'n Save Royal Oak;New World Stonefields;New World Remuera;New World Metro Queen St,4,13,18640.26,1500.0,True,True,05:10:40.260000
Sat_03161,New World Remuera;New World Stonefields;Pak 'n Save Sylvia Park;New World Metro Queen St,4,13,19348.07,1500.0,True,True,05:22:28.070000
Sat_03162,New World Victoria Park;New World Metro Queen St;New World Remuera,3,7,11727.64,716.69,False,False,03:15:27.640000
Sat_03163,New World Victoria Park;New World Metro Queen St;New World Remuera;Pak 'n Save Sylvia Park,4,13,19268.11,1500.0,True,True,05:21:08.110000
Sat_03164,New World Remuera;Pak 'n Save Sylvia Park;New World Metro Queen St,3,10,15741.12,1190.0,True,True,04:22:21.120000
Sat_03165,New World Metro Queen St;New World Mt Albert,2,5,8414.71,514.23,False,False,02:20:14.710000
Sat_03166,New World Metro Queen St;New World Mt Albert;New World New Lynn,3,8,12616.69,771.02,True,False,03:30:16.690000
Sat_03167,New World Newmarket;New World Metro Queen St;New World Mt Albert;New World New Lynn,4,11,16388.45,1190.0,True,True,04:33:08.450000
Sat_03168,New World New Lynn;New World Point Chevalier;New World Newmarket;New World Metro Queen St;New World Mt Albert,5,14,19777.89,1500.0,True,True,05:29:37.890000
Sat_03169,New World Newmarket;New World Stonefields;New World Metro Queen St;New World Mt Albert;New World New Lynn,5,14,21045.86,1500.0,True,True,05:50:45.860000
Sat_03170,New World Mt Albert;New World Victoria Park;New World Metro Queen St;New World Newmarket;New World New Lynn,5,14,19793.71,1500.0,True,True,05:29:53.710000
Sat_03171,New World New Lynn;New World Point Chevalier;New World Metro Queen St;New World Mt Albert,4,11,16006.14,1190.0,True,True,04:26:46.140000
Sat_03172,New World Mt Albert;New World Victoria Park;New World Metro Queen St;New World Point Chevalier;New World New Lynn,5,14,19460.3,1500.0,True,True,05:24:20.300000
Sat_03173,New World New Lynn;Pak 'n Save Mt Albert;New World Point Chevalier;New World Metro Queen St;New World Mt Albert,5,16,21434.13,1500.0,True,True,05:57:14.130000
Sat_03174,New World Mt Albert;New World Victoria Park;New World Metro Queen St;New World New Lynn,4,11,16008.82,1190.0,True,True,04:26:48.820000
Sat_03175,New World New Lynn;Pak 'n Save Mt Albert;New World Mt Albert;New World Victoria Park;New World Metro Queen St,5,16,21460.99,1500.0,True,True,05:57:40.990000
Sat_03176,New World Newmarket;New World Metro Queen St;New World Mt Albert,3,8,12186.47,744.73,False,False,03:23:06.470000
Sat_03177,New World Mt Albert;New World Point Chevalier;New World Newmarket;New World Metro Queen St,4,11,15766.42,1190.0,True,True,04:22:46.420000
Sat_03178,New World Mt Albert;New World Point Chevalier;New World Newmarket;New World Stonefields;New World Metro Queen St,5,14,20423.83,1500.0,True,True,05:40:23.830000
Sat_03179,New World Mt Albert;New World Victoria Park;New World Metro Queen St;New World Newmarket;New World Point Chevalier,5,14,19260.25,1500.0,True,True,05:21:00.250000
Sat_03180,Pak 'n Save Mt Albert;New World Point Chevalier;New World Newmarket;New World Metro Queen St;New World Mt Albert,5,16,21281.31,1500.0,True,True,05:54:41.310000
Sat_03181,New World Newmarket;New World Stonefields;New World Metro Queen St;New World Mt Albert,4,11,16843.88,1190.0,True,True,04:40:43.880000
Sat_03182,New World Mt Albert;New World Victoria Park;New World Metro Queen St;New World Newmarket;New World Stonefields,5,14,20286.78,1500.0,True,True,05:38:06.780000
Sat_03183,New World Mt Albert;New World Victoria Park;New World Metro Queen St;New World Newmarket,4,11,15629.36,1190.0,True,True,04:20:29.360000
Sat_03184,New World Mt Albert;New World Victoria Park;New World Metro Queen St;New World Newmarket;Pak 'n Save Mt Albert,5,16,21315.39,1500.0,True,True,05:55:15.390000
Sat_03185,New World Newmarket;New World Metro Queen St;New World Mt Albert;Pak 'n Save Mt Albert,4,13,17892.85,1190.0,True,True,04:58:12.850000
Sat_03186,New World Newmarket;Pak 'n Save Sylvia Park;New World Metro Queen St;New World Mt Albert,4,14,20082.09,1500.0,True,True,05:34:42.090000
Sat_03187,New World Mt Albert;New World Point Chevalier;New World Metro Queen St,3,8,11994.67,733.01,False,False,03:19:54.670000
Sat_03188,New World Mt Albert;New World Victoria Park;New World Metro Queen St;New World Point Chevalier,4,11,15475.36,1190.0,True,True,04:17:55.360000
Sat_03189,New World Mt Albert;New World Victoria Park;New World Metro Queen St;New World Point Chevalier;Pak 'n Save Mt Albert,5,16,20964.71,1500.0,True,True,05:49:24.710000
Sat_03190,Pak 'n Save Mt Albert;New World Point Chevalier;New World Metro Queen St;New World Mt Albert,4,13,17509.56,1190.0,True,True,04:51:49.560000
Sat_03191,New World Mt Albert;New World Victoria Park;New World Metro Queen St,3,8,11844.47,723.83,False,False,03:17:24.470000
Sat_03192,New World Mt Albert;New World Victoria Park;New World Metro Queen St;Pak 'n Save Mt Albert,4,13,17530.5,1190.0,True,True,04:52:10.500000
Sat_03193,New World Metro Queen St;New World Mt Albert;Pak 'n Save Mt Albert,3,10,14121.09,862.96,True,False,03:55:21.090000
Sat_03194,New World Newmarket;New World Metro Queen St,2,5,8785.13,536.87,False,False,02:26:25.130000
Sat_03195,New World Newmarket;New World Metro Queen St;New World Point Chevalier,3,8,12416.02,758.76,False,False,03:26:56.020000
Sat_03196,New World Newmarket;New World Stonefields;New World Metro Queen St;New World Point Chevalier,4,11,17073.43,1190.0,True,True,04:44:33.430000
Sat_03197,New World Victoria Park;New World Metro Queen St;New World Newmarket;New World Stonefields;New World Point Chevalier,5,14,20600.42,1500.0,True,True,05:43:20.420000
Sat_03198,Pak 'n Save Mt Albert;New World Point Chevalier;New World Newmarket;New World Stonefields;New World Metro Queen St,5,16,22537.38,1810.0,True,True,06:15:37.380000
Sat_03199,New World Victoria Park;New World Metro Queen St;New World Newmarket;New World Point Chevalier,4,11,15943.0,1190.0,True,True,04:25:43
Sat_03200,Pak 'n Save Mt Albert;New World Point Chevalier;New World Victoria Park;New World Metro Queen St;New World Newmarket,5,16,21406.95,1500.0,True,True,05:56:46.950000
Sat_03201,Pak 'n Save Mt Albert;New World Point Chevalier;New World Newmarket;New World Metro Queen St,4,13,17879.97,1190.0,True,True,04:57:59.970000
Sat_03202,New World Newmarket;Pak 'n Save Sylvia Park;New World Metro Queen St;New World Point Chevalier,4,14,20311.64,1500.0,True,True,05:38:31.640000
Sat_03203,New World Newmarket;New World Stonefields;New World Metro Queen St,3,8,13442.54,821.49,True,False,03:44:02.540000
Sat_03204,New World Victoria Park;New World Metro Queen St;New World Newmarket;New World Stonefields,4,11,16969.53,1190.0,True,True,04:42:49.530000
Sat_03205,New World Newmarket;New World Stonefields;Pak 'n Save Glen Innes;New World Metro Queen St,4,14,20744.11,1500.0,True,True,05:45:44.110000
Sat_03206,Pak 'n Save Royal Oak;New World Stonefields;New World Newmarket;New World Metro Queen St,4,14,19789.18,1500.0,True,True,05:29:49.180000
Sat_03207,New World Newmarket;Pak 'n Save Sylvia Park;New World Stonefields;New World Metro Queen St,4,14,20463.19,1500.0,True,True,05:41:03.190000
Sat_03208,New World Victoria Park;New World Metro Queen St;New World Newmarket,3,8,12312.11,752.41,False,False,03:25:12.110000
Sat_03209,Pak 'n Save Royal Oak;New World Newmarket;New World Metro Queen St;New World Victoria Park,4,14,18865.84,1500.0,True,True,05:14:25.840000
Sat_03210,New World Victoria Park;New World Metro Queen St;New World Newmarket;Pak 'n Save Sylvia Park,4,14,20207.73,1500.0,True,True,05:36:47.730000
Sat_03211,New World Newmarket;Pak 'n Save Sylvia Park;New World Metro Queen St,3,11,16680.75,1190.0,True,True,04:38:00.750000
Sat_03212,New World Metro Queen St;New World Point Chevalier,2,5,8644.26,528.26,False,False,02:24:04.260000
Sat_03213,New World Victoria Park;New World Metro Queen St;New World Point Chevalier,3,8,12158.11,743.0,False,False,03:22:38.110000
Sat_03214,Pak 'n Save Mt Albert;New World Point Chevalier;New World Victoria Park;New World Metro Queen St,4,13,17622.06,1190.0,True,True,04:53:42.060000
Sat_03215,Pak 'n Save Mt Albert;New World Point Chevalier;New World Metro Queen St,3,10,14108.22,862.17,True,False,03:55:08.220000
Sat_03216,New World Victoria Park;New World Metro Queen St,2,5,8527.22,521.11,False,False,02:22:07.220000
Sat_03217,New World Mt Roskill,1,2,2552.66,156.0,False,False,00:42:32.660000
Sat_03218,New World Green Bay;New World Mt Roskill,2,5,7253.21,443.25,False,False,02:00:53.210000
Sat_03219,New World Green Bay;New World Mt Albert;New World Mt Roskill,3,8,11300.99,690.62,False,False,03:08:20.990000
Sat_03220,New World Green Bay;New World Newmarket;New World Stonefields;New World Mt Albert;New World Mt Roskill,5,14,20589.49,1500.0,True,True,05:43:09.490000
Sat_03221,New World Mt Roskill;New World Newmarket;New World Mt Albert;Pak 'n Save Mt Albert;New World Green Bay,5,16,21440.98,1500.0,True,True,05:57:20.980000
Sat_03222,New World Green Bay;Pak 'n Save Mt Albert;New World Victoria Park;New World Mt Albert;New World Mt Roskill,5,16,21385.07,1500.0,True,True,05:56:25.070000
Sat_03223,New World New Lynn;New World Green Bay;New World Mt Roskill,3,8,10924.79,667.63,False,False,03:02:04.790000
Sat_03224,New World Green Bay;New World Point Chevalier;New World Mt Roskill,3,8,11640.33,711.35,False,False,03:14:00.330000
Sat_03225,New World Green Bay;Pak 'n Save Mt Albert;New World Point Chevalier;New World Victoria Park;New World Mt Roskill,5,16,21492.28,1500.0,True,True,05:58:12.280000
Sat_03226,New World Green Bay;Pak 'n Save Mt Albert;New World Point Chevalier;New World Mt Roskill,4,13,17068.32,1190.0,True,True,04:44:28.320000
Sat_03227,New World Green Bay;Pak 'n Save Mt Albert;New World Mt Roskill,3,10,13034.54,796.56,True,False,03:37:14.540000
Sat_03228,New World Mt Roskill;New World Mt Albert,2,5,6895.22,421.37,False,False,01:54:55.220000
Sat_03229,New World New Lynn;New World Mt Albert;New World Mt Roskill,3,8,11087.08,677.54,False,False,03:04:47.080000
Sat_03230,New World Mt Roskill;New World Newmarket;New World Stonefields;New World Mt Albert;New World New Lynn,5,14,20437.01,1500.0,True,True,05:40:37.010000
Sat_03231,New World Mt Roskill;New World Newmarket;New World Mt Albert;Pak 'n Save Mt Albert;New World New Lynn,5,16,21216.96,1500.0,True,True,05:53:36.960000
Sat_03232,New World Mt Roskill;New World Mt Albert;New World Victoria Park;Pak 'n Save Mt Albert;New World New Lynn,5,16,21169.07,1500.0,True,True,05:52:49.070000
Sat_03233,New World Mt Roskill;New World Newmarket;New World Mt Albert,3,8,11577.61,707.52,False,False,03:12:57.610000
Sat_03234,New World Mt Roskill;New World Mt Albert;New World Point Chevalier;New World Newmarket;New World Stonefields,5,14,19814.98,1500.0,True,True,05:30:14.980000
Sat_03235,New World Mt Roskill;New World Mt Albert;New World Point Chevalier;New World Newmarket;New World Victoria Park,5,14,19107.41,1500.0,True,True,05:18:27.410000
Sat_03236,New World Mt Roskill;Pak 'n Save Mt Albert;New World Point Chevalier;New World Newmarket;New World Mt Albert,5,16,20656.24,1500.0,True,True,05:44:16.240000
Sat_03237,New World Mt Roskill;New World Newmarket;New World Stonefields;New World Mt Albert,4,11,16235.03,1190.0,True,True,04:30:35.030000
Sat_03238,New World Mt Roskill;New World Newmarket;New World Stonefields;New World Victoria Park;New World Mt Albert,5,14,20184.87,1500.0,True,True,05:36:24.870000
Sat_03239,New World Newmarket;New World Victoria Park;New World Mt Albert;Pak 'n Save Mt Albert;New World Mt Roskill,5,16,21229.19,1500.0,True,True,05:53:49.190000
Sat_03240,New World Newmarket;New World Mt Albert;Pak 'n Save Mt Albert;New World Mt Roskill,4,13,17279.34,1190.0,True,True,04:47:59.340000
Sat_03241,New World Mt Roskill;New World Mt Albert;New World Point Chevalier,3,8,10790.16,659.4,False,False,02:59:50.160000
Sat_03242,New World Mt Albert;New World Victoria Park;New World Point Chevalier;Pak 'n Save Mt Albert;New World Mt Roskill,5,16,20665.67,1500.0,True,True,05:44:25.670000
Sat_03243,New World Mt Roskill;New World Mt Albert;New World Victoria Park,3,8,11550.08,705.84,False,False,03:12:30.080000
Sat_03244,New World Mt Roskill;Pak 'n Save Mt Albert;New World Mt Albert;New World Victoria Park,4,13,17225.82,1190.0,True,True,04:47:05.820000
Sat_03245,New World Mt Roskill;Pak 'n Save Mt Albert;New World Mt Albert,3,10,12570.96,768.23,False,False,03:29:30.960000
Sat_03246,New World Mt Roskill;Pak 'n Save Royal Oak;New World Mt Albert,3,11,14247.67,870.69,True,False,03:57:27.670000
Sat_03247,New World New Lynn;New World Mt Roskill,2,5,7189.36,439.35,False,False,01:59:49.360000
Sat_03248,New World New Lynn;New World Point Chevalier;New World Mt Roskill,3,8,11426.42,698.28,False,False,03:10:26.420000
Sat_03249,New World New Lynn;Pak 'n Save Mt Albert;New World Point Chevalier;New World Victoria Park;New World Mt Roskill,5,16,21278.37,1500.0,True,True,05:54:38.370000
Sat_03250,New World New Lynn;Pak 'n Save Mt Albert;New World Point Chevalier;New World Mt Roskill,4,13,16854.41,1190.0,True,True,04:40:54.410000
Sat_03251,New World Mt Roskill;Pak 'n Save Mt Albert;New World New Lynn,3,10,12817.47,783.29,True,False,03:33:37.470000
Sat_03252,New World Mt Roskill;New World Point Chevalier,2,5,7525.61,459.9,False,False,02:05:25.610000
Sat_03253,New World Mt Roskill;New World Victoria Park;New World Point Chevalier,3,8,11863.72,725.01,False,False,03:17:43.720000
Sat_03254,New World Mt Roskill;Pak 'n Save Mt Albert;New World Point Chevalier;New World Victoria Park,4,13,17311.46,1190.0,True,True,04:48:31.460000
Sat_03255,New World Mt Roskill;Pak 'n Save Mt Albert;New World Point Chevalier,3,10,12887.5,787.57,True,False,03:34:47.500000
Sat_03256,New World Mt Roskill;Pak 'n Save Mt Albert,2,7,8884.5,542.94,False,False,02:28:04.500000
Sat_03257,New World Mt Roskill;Pak 'n Save Royal Oak,2,8,10294.99,629.14,False,False,02:51:34.990000
Sat_03258,New World Remuera,1,2,5390.35,329.41,False,False,01:29:50.350000
Sat_03259,New World Remuera;New World Eastridge,2,5,9675.15,591.26,False,False,02:41:15.150000
Sat_03260,New World Newmarket;New World Remuera;New World Eastridge,3,8,13094.23,800.2,True,False,03:38:14.230000
Sat_03261,New World Newmarket;New World Remuera;New World Eastridge;New World Point Chevalier,4,11,16725.12,1190.0,True,True,04:38:45.120000
Sat_03262,New World Newmarket;New World Remuera;New World Stonefields;New World Eastridge;New World Point Chevalier,5,14,20603.53,1500.0,True,True,05:43:23.530000
Sat_03263,New World Remuera;New World Eastridge;New World Newmarket;New World Victoria Park;New World Point Chevalier,5,14,20708.5,1500.0,True,True,05:45:08.500000
Sat_03264,Pak 'n Save Mt Albert;New World Point Chevalier;New World Newmarket;New World Remuera;New World Eastridge,5,16,22189.07,1810.0,True,True,06:09:49.070000
Sat_03265,New World Newmarket;New World Remuera;New World Stonefields;New World Eastridge,4,11,16972.64,1190.0,True,True,04:42:52.640000
Sat_03266,New World Remuera;New World Stonefields;New World Eastridge;New World Newmarket;New World Victoria Park,5,14,20956.02,1500.0,True,True,05:49:16.020000
Sat_03267,New World Remuera;New World Eastridge;New World Newmarket;New World Victoria Park,4,11,17077.61,1190.0,True,True,04:44:37.610000
Sat_03268,New World Newmarket;New World Remuera;Pak 'n Save Glen Innes;New World Eastridge,4,14,20405.98,1500.0,True,True,05:40:05.980000
Sat_03269,Pak 'n Save Royal Oak;New World Remuera;New World Eastridge;New World Newmarket,4,14,19484.81,1500.0,True,True,05:24:44.810000
Sat_03270,Pak 'n Save Sylvia Park;New World Eastridge;New World Remuera;New World Newmarket,4,14,20621.32,1500.0,True,True,05:43:41.320000
Sat_03271,New World Remuera;New World Stonefields;New World Eastridge,3,8,13553.56,828.27,True,False,03:45:53.560000
Sat_03272,New World Remuera;New World Stonefields;Pak 'n Save Glen Innes;New World Eastridge,4,14,20421.83,1500.0,True,True,05:40:21.830000
Sat_03273,Pak 'n Save Royal Oak;New World Stonefields;New World Eastridge;New World Remuera,4,14,19899.87,1500.0,True,True,05:31:39.870000
Sat_03274,New World Remuera;New World Eastridge;New World Stonefields;Pak 'n Save Sylvia Park,4,14,20700.44,1500.0,True,True,05:45:00.440000
Sat_03275,New World Remuera;Pak 'n Save Glen Innes;New World Eastridge,3,11,16986.9,1190.0,True,True,04:43:06.900000
Sat_03276,Pak 'n Save Royal Oak;New World Remuera;New World Eastridge,3,11,16032.2,1190.0,True,True,04:27:12.200000
Sat_03277,Pak 'n Save Sylvia Park;New World Eastridge;New World Remuera,3,11,17243.34,1190.0,True,True,04:47:23.340000
Sat_03278,New World Remuera;New World Newmarket,2,5,8768.33,535.84,False,False,02:26:08.330000
Sat_03279,New World Remuera;New World Newmarket;New World Point Chevalier,3,8,12399.22,757.73,False,False,03:26:39.220000
Sat_03280,New World Newmarket;New World Remuera;New World Stonefields;New World Point Chevalier,4,11,16561.64,1190.0,True,True,04:36:01.640000
Sat_03281,New World Newmarket;New World Remuera;New World Stonefields;New World Victoria Park;New World Point Chevalier,5,14,20511.48,1500.0,True,True,05:41:51.480000
Sat_03282,Pak 'n Save Mt Albert;New World Point Chevalier;New World Newmarket;New World Remuera;New World Stonefields,5,16,22025.59,1810.0,True,True,06:07:05.590000
Sat_03283,New World Remuera;New World Newmarket;New World Victoria Park;New World Point Chevalier,4,11,16349.07,1190.0,True,True,04:32:29.070000
Sat_03284,Pak 'n Save Mt Albert;New World Point Chevalier;New World Remuera;New World Newmarket,4,13,17863.18,1190.0,True,True,04:57:43.180000
Sat_03285,Pak 'n Save Royal Oak;New World Remuera;New World Newmarket;New World Point Chevalier,4,14,18756.27,1500.0,True,True,05:12:36.270000
Sat_03286,New World Newmarket;New World Remuera;Pak 'n Save Sylvia Park;New World Point Chevalier,4,14,19980.79,1500.0,True,True,05:33:00.790000
Sat_03287,New World Newmarket;New World Remuera;New World Stonefields,3,8,12930.75,790.21,True,False,03:35:30.750000
Sat_03288,New World Newmarket;New World Remuera;New World Stonefields;New World Victoria Park,4,11,16880.59,1190.0,True,True,04:41:20.590000
Sat_03289,New World Newmarket;New World Remuera;New World Stonefields;Pak 'n Save Glen Innes,4,14,20473.55,1500.0,True,True,05:41:13.550000
Sat_03290,Pak 'n Save Royal Oak;New World Stonefields;New World Remuera;New World Newmarket,4,14,19207.94,1500.0,True,True,05:20:07.940000
Sat_03291,New World Newmarket;New World Remuera;New World Stonefields;Pak 'n Save Sylvia Park,4,14,19956.85,1500.0,True,True,05:32:36.850000
Sat_03292,New World Remuera;New World Newmarket;New World Victoria Park,3,8,12718.18,777.22,True,False,03:31:58.180000
Sat_03293,Pak 'n Save Royal Oak;New World Remuera;New World Newmarket;New World Victoria Park,4,14,19075.23,1500.0,True,True,05:17:55.230000
Sat_03294,New World Newmarket;New World Remuera;Pak 'n Save Sylvia Park;New World Victoria Park,4,14,20299.75,1500.0,True,True,05:38:19.750000
Sat_03295,New World Newmarket;New World Remuera;Pak 'n Save Sylvia Park,3,11,16349.9,1190.0,True,True,04:32:29.900000
Sat_03296,New World Remuera;New World Stonefields,2,5,9511.67,581.27,False,False,02:38:31.670000
Sat_03297,New World Remuera;New World Stonefields;Pak 'n Save Glen Innes,3,11,17054.47,1190.0,True,True,04:44:14.470000
Sat_03298,Pak 'n Save Royal Oak;New World Stonefields;New World Remuera,3,11,15829.96,1190.0,True,True,04:23:49.960000
Sat_03299,New World Remuera;New World Stonefields;Pak 'n Save Sylvia Park,3,11,16537.77,1190.0,True,True,04:35:37.770000
Sat_03300,Pak 'n Save Royal Oak;New World Remuera,2,8,11747.4,717.9,False,False,03:15:47.400000
Sat_03301,New World Remuera;Pak 'n Save Sylvia Park,2,8,12930.82,790.22,True,False,03:35:30.820000
Sat_03302,New World Albany,1,3,8596.37,525.33,False,False,02:23:16.370000
Sat_03303,New World Long Bay;New World Albany,2,6,13019.04,795.61,True,False,03:36:59.040000
Sat_03304,New World Long Bay;New World Albany;Pak 'n Save Wairau Road,3,11,18643.28,1500.0,True,True,05:10:43.280000
Sat_03305,New World Long Bay;New World Albany;Pak 'n Save Albany,3,12,19577.62,1500.0,True,True,05:26:17.620000
Sat_03306,New World Albany;Pak 'n Save Wairau Road,2,8,14220.61,869.04,True,False,03:57:00.610000
Sat_03307,New World Albany;Pak 'n Save Albany;Pak 'n Save Wairau Road,3,14,20779.19,1500.0,True,True,05:46:19.190000
Sat_03308,New World Albany;Pak 'n Save Albany,2,9,15154.95,1190.0,True,True,04:12:34.950000
Sat_03309,New World Birkenhead,1,3,7465.77,456.24,False,False,02:04:25.770000
Sat_03310,New World Birkenhead;Pak 'n Save Wairau Road,2,8,13604.94,831.41,True,False,03:46:44.940000
Sat_03311,New World Birkenhead;Pak 'n Save Wairau Road;Pak 'n Save Albany,3,14,21349.16,1500.0,True,True,05:55:49.160000
Sat_03312,New World Botany,1,3,8031.66,490.82,False,False,02:13:51.660000
Sat_03313,New World Howick;New World Botany,2,6,11803.88,721.35,False,False,03:16:43.880000
Sat_03314,New World Howick;New World Botany;New World Ormiston,3,9,15350.77,1190.0,True,True,04:15:50.770000
Sat_03315,New World Howick;New World Botany;New World Ormiston;New World Papatoetoe,4,12,18892.72,1500.0,True,True,05:14:52.720000
Sat_03316,New World Howick;New World Botany;New World Ormiston;New World Southmall;New World Papatoetoe,5,15,23237.12,1810.0,True,True,06:27:17.120000
Sat_03317,Pak 'n Save Highland Park;New World Howick;New World Botany;New World Ormiston,4,14,20805.54,1500.0,True,True,05:46:45.540000
Sat_03318,New World Howick;Pak 'n Save Botany;New World Botany;New World Ormiston,4,15,21872.63,1810.0,True,True,06:04:32.630000
Sat_03319,New World Howick;New World Botany;New World Ormiston;Pak 'n Save Manukau,4,15,22004.45,1810.0,True,True,06:06:44.450000
Sat_03320,New World Howick;New World Botany;New World Ormiston;Pak 'n Save Ormiston,4,15,21971.59,1810.0,True,True,06:06:11.590000
Sat_03321,Pak 'n Save Highland Park;New World Howick;New World Botany,3,11,17258.65,1190.0,True,True,04:47:38.650000
Sat_03322,New World Howick;Pak 'n Save Botany;New World Botany,3,12,18325.74,1500.0,True,True,05:05:25.740000
Sat_03323,New World Howick;New World Botany;Pak 'n Save Manukau,3,12,18457.56,1500.0,True,True,05:07:37.560000
Sat_03324,New World Howick;New World Botany;Pak 'n Save Ormiston,3,12,18671.35,1500.0,True,True,05:11:11.350000
Sat_03325,New World Botany;New World Ormiston,2,6,11578.55,707.58,False,False,03:12:58.550000
Sat_03326,New World Papatoetoe;New World Botany;New World Ormiston,3,9,15016.05,1190.0,True,True,04:10:16.050000
Sat_03327,New World Southmall;New World Ormiston;New World Botany;New World Papatoetoe,4,12,19040.63,1500.0,True,True,05:17:20.630000
Sat_03328,Pak 'n Save Highland Park;New World Botany;New World Ormiston;New World Papatoetoe,4,14,20833.76,1500.0,True,True,05:47:13.760000
Sat_03329,New World Papatoetoe;Pak 'n Save Botany;New World Botany;New World Ormiston,4,15,21675.4,1810.0,True,True,06:01:15.400000
Sat_03330,New World Papatoetoe;New World Botany;New World Ormiston;Pak 'n Save Mangere,4,15,21956.47,1810.0,True,True,06:05:56.470000
Sat_03331,New World Papatoetoe;Pak 'n Save Manukau;New World Botany;New World Ormiston,4,15,21640.13,1810.0,True,True,06:00:40.130000
Sat_03332,New World Papatoetoe;New World Botany;New World Ormiston;Pak 'n Save Ormiston,4,15,21636.87,1810.0,True,True,06:00:36.870000
Sat_03333,New World Papatoetoe;New World Ormiston;New World Botany;Pak 'n Save Sylvia Park,4,15,22149.83,1810.0,True,True,06:09:09.830000
Sat_03334,Pak 'n Save Highland Park;New World Botany;New World Ormiston,3,11,17291.81,1190.0,True,True,04:48:11.810000
Sat_03335,Pak 'n Save Botany;New World Botany;New World Ormiston,3,12,18237.9,1500.0,True,True,05:03:57.900000
Sat_03336,Pak 'n Save Manukau;New World Botany;New World Ormiston,3,12,18156.96,1500.0,True,True,05:02:36.960000
Sat_03337,New World Botany;New World Ormiston;Pak 'n Save Ormiston,3,12,18199.37,1500.0,True,True,05:03:19.370000
Sat_03338,Pak 'n Save Highland Park;New World Botany,2,8,13744.92,839.97,True,False,03:49:04.920000
Sat_03339,Pak 'n Save Highland Park;Pak 'n Save Botany;New World Botany,3,14,20266.78,1500.0,True,True,05:37:46.780000
Sat_03340,Pak 'n Save Highland Park;New World Botany;Pak 'n Save Manukau,3,14,20398.6,1500.0,True,True,05:39:58.600000
Sat_03341,Pak 'n Save Highland Park;New World Botany;Pak 'n Save Ormiston,3,14,20612.39,1500.0,True,True,05:43:32.390000
Sat_03342,Pak 'n Save Manukau;Pak 'n Save Botany;New World Botany,3,15,21269.43,1500.0,True,True,05:54:29.430000
Sat_03343,Pak 'n Save Botany;New World Botany;Pak 'n Save Ormiston,3,15,21558.48,1500.0,True,True,05:59:18.480000
Sat_03344,Pak 'n Save Manukau;New World Botany;Pak 'n Save Ormiston,3,15,21477.54,1500.0,True,True,05:57:57.540000
Sat_03345,New World Devonport,1,3,8748.05,534.6,False,False,02:25:48.050000
Sat_03346,New World Eastridge,1,3,7395.46,451.94,False,False,02:03:15.460000
Sat_03347,New World Newmarket;New World Eastridge,2,6,10694.12,653.53,False,False,02:58:14.120000
Sat_03348,New World Newmarket;New World Eastridge;New World Point Chevalier,3,9,14325.01,875.42,True,False,03:58:45.010000
Sat_03349,New World Stonefields;New World Eastridge;New World Newmarket;New World Point Chevalier,4,12,18296.74,1500.0,True,True,05:04:56.740000
Sat_03350,New World Stonefields;New World Eastridge;New World Newmarket;New World Victoria Park;New World Point Chevalier,5,15,22246.59,1810.0,True,True,06:10:46.590000
Sat_03351,New World Newmarket;New World Eastridge;New World Victoria Park;New World Point Chevalier,4,12,18409.79,1500.0,True,True,05:06:49.790000
Sat_03352,Pak 'n Save Mt Albert;New World Point Chevalier;New World Newmarket;New World Eastridge,4,14,19788.96,1500.0,True,True,05:29:48.960000
Sat_03353,Pak 'n Save Glen Innes;New World Eastridge;New World Newmarket;New World Point Chevalier,4,15,21774.1,1810.0,True,True,06:02:54.100000
Sat_03354,Pak 'n Save Royal Oak;New World Eastridge;New World Newmarket;New World Point Chevalier,4,15,20804.03,1500.0,True,True,05:46:44.030000
Sat_03355,New World Stonefields;New World Eastridge;New World Newmarket,3,9,14665.85,1190.0,True,True,04:04:25.850000
Sat_03356,New World Stonefields;New World Eastridge;New World Newmarket;New World Victoria Park,4,12,18615.7,1500.0,True,True,05:10:15.700000
Sat_03357,New World Stonefields;Pak 'n Save Glen Innes;New World Eastridge;New World Newmarket,4,15,21534.12,1500.0,True,True,05:58:54.120000
Sat_03358,Pak 'n Save Royal Oak;New World Stonefields;New World Eastridge;New World Newmarket,4,15,20884.26,1500.0,True,True,05:48:04.260000
Sat_03359,Pak 'n Save Sylvia Park;New World Stonefields;New World Eastridge;New World Newmarket,4,15,21686.5,1810.0,True,True,06:01:26.500000
Sat_03360,Pak 'n Save Glen Innes;New World Eastridge;New World Newmarket;New World Victoria Park,4,15,22093.06,1810.0,True,True,06:08:13.060000
Sat_03361,Pak 'n Save Royal Oak;New World Eastridge;New World Newmarket;New World Victoria Park,4,15,21122.99,1500.0,True,True,05:52:02.990000
Sat_03362,Pak 'n Save Sylvia Park;New World Eastridge;New World Newmarket;New World Victoria Park,4,15,22177.58,1810.0,True,True,06:09:37.580000
Sat_03363,Pak 'n Save Glen Innes;New World Eastridge;New World Newmarket,3,12,18143.21,1500.0,True,True,05:02:23.210000
Sat_03364,Pak 'n Save Royal Oak;New World Eastridge;New World Newmarket,3,12,17173.14,1190.0,True,True,04:46:13.140000
Sat_03365,New World Stonefields;New World Eastridge,2,6,11213.24,685.25,False,False,03:06:53.240000
Sat_03366,New World Stonefields;Pak 'n Save Glen Innes;New World Eastridge,3,12,18081.51,1500.0,True,True,05:01:21.510000
Sat_03367,Pak 'n Save Sylvia Park;New World Stonefields;New World Eastridge,3,12,18233.89,1500.0,True,True,05:03:53.890000
Sat_03368,Pak 'n Save Sylvia Park;Pak 'n Save Glen Innes;New World Eastridge,3,15,21507.56,1500.0,True,True,05:58:27.560000
Sat_03369,New World Green Bay,1,3,4965.54,303.45,False,False,01:22:45.540000
Sat_03370,New World New Lynn;New World Green Bay,2,6,8637.12,527.82,False,False,02:23:57.120000
Sat_03371,New World Green Bay;New World New Lynn;New World Point Chevalier,3,9,12935.26,790.49,True,False,03:35:35.260000
Sat_03372,New World Green Bay;New World New Lynn;New World Point Chevalier;New World Victoria Park,4,12,17359.22,1190.0,True,True,04:49:19.220000
Sat_03373,New World Green Bay;New World New Lynn;Pak 'n Save Mt Albert,3,11,14360.25,877.57,True,False,03:59:20.250000
Sat_03374,New World Green Bay;Pak 'n Save Mt Albert,2,8,10837.75,662.31,False,False,03:00:37.750000
Sat_03375,New World Hobsonville,1,3,6929.76,423.49,False,False,01:55:29.760000
Sat_03376,Pak 'n Save Westgate;New World Hobsonville,2,8,12620.69,771.26,True,False,03:30:20.690000
Sat_03377,Pak 'n Save Lincoln Road;Pak 'n Save Westgate;New World Hobsonville,3,15,20567.97,1500.0,True,True,05:42:47.970000
Sat_03378,New World Howick,1,3,8389.9,512.72,False,False,02:19:49.900000
Sat_03379,Pak 'n Save Highland Park;New World Howick,2,8,13844.67,846.06,True,False,03:50:44.670000
Sat_03380,Pak 'n Save Highland Park;New World Howick;Pak 'n Save Botany,3,14,20506.92,1500.0,True,True,05:41:46.920000
Sat_03381,New World Howick;Pak 'n Save Botany,2,9,15052.15,1190.0,True,True,04:10:52.150000
Sat_03382,New World Howick;Pak 'n Save Botany;Pak 'n Save Ormiston,3,15,21919.61,1810.0,True,True,06:05:19.610000
Sat_03383,New World Long Bay,1,3,9396.92,574.26,False,False,02:36:36.920000
Sat_03384,Pak 'n Save Albany;New World Long Bay,2,9,16286.79,1190.0,True,True,04:31:26.790000
Sat_03385,New World Milford,1,3,7767.21,474.66,False,False,02:09:27.210000
Sat_03386,Pak 'n Save Wairau Road;New World Milford,2,8,13348.55,815.74,True,False,03:42:28.550000
Sat_03387,Pak 'n Save Albany;Pak 'n Save Wairau Road;New World Milford,3,14,21031.83,1500.0,True,True,05:50:31.830000
Sat_03388,Pak 'n Save Albany;New World Milford,2,9,15403.62,1190.0,True,True,04:16:43.620000
Sat_03389,New World Mt Albert,1,3,4693.78,286.84,False,False,01:18:13.780000
Sat_03390,New World New Lynn;New World Mt Albert,2,6,8882.3,542.81,False,False,02:28:02.300000
Sat_03391,New World Newmarket;New World Mt Albert;New World New Lynn,3,9,13578.15,829.78,True,False,03:46:18.150000
Sat_03392,New World New Lynn;New World Point Chevalier;New World Newmarket;New World Mt Albert,4,12,16967.59,1190.0,True,True,04:42:47.590000
Sat_03393,New World New Lynn;New World Point Chevalier;New World Newmarket;New World Victoria Park;New World Mt Albert,5,15,20917.44,1500.0,True,True,05:48:37.440000
Sat_03394,New World Newmarket;New World Victoria Park;New World Mt Albert;New World New Lynn,4,12,17528.0,1190.0,True,True,04:52:08
Sat_03395,New World Newmarket;Pak 'n Save Sylvia Park;New World Mt Albert;New World New Lynn,4,15,21473.77,1500.0,True,True,05:57:53.770000
Sat_03396,New World New Lynn;New World Point Chevalier;New World Mt Albert,3,9,12563.2,767.75,False,False,03:29:23.200000
Sat_03397,New World Mt Albert;New World Victoria Park;New World Point Chevalier;New World New Lynn,4,12,16964.47,1190.0,True,True,04:42:44.470000
Sat_03398,New World New Lynn;Pak 'n Save Mt Albert;New World Point Chevalier;New World Mt Albert,4,14,17991.19,1190.0,True,True,04:59:51.190000
Sat_03399,New World Mt Albert;New World Victoria Park;New World New Lynn,3,9,13512.98,825.79,True,False,03:45:12.980000
Sat_03400,New World New Lynn;Pak 'n Save Mt Albert;New World Mt Albert,3,11,14310.3,874.52,True,False,03:58:30.300000
Sat_03401,New World Newmarket;New World Mt Albert,2,6,9376.17,572.99,False,False,02:36:16.170000
Sat_03402,New World Mt Albert;New World Point Chevalier;New World Newmarket,3,9,12956.12,791.76,True,False,03:35:56.120000
Sat_03403,New World Mt Albert;New World Point Chevalier;New World Newmarket;New World Stonefields,4,12,17613.54,1190.0,True,True,04:53:33.540000
Sat_03404,New World Mt Albert;New World Point Chevalier;New World Newmarket;New World Stonefields;New World Victoria Park,5,15,21563.38,1500.0,True,True,05:59:23.380000
Sat_03405,New World Mt Albert;New World Point Chevalier;New World Newmarket;New World Victoria Park,4,12,16905.97,1190.0,True,True,04:41:45.970000
Sat_03406,New World Mt Albert;New World Point Chevalier;New World Newmarket;Pak 'n Save Sylvia Park,4,15,20851.74,1500.0,True,True,05:47:31.740000
Sat_03407,New World Newmarket;New World Stonefields;New World Mt Albert,3,9,14033.59,857.61,True,False,03:53:53.590000
Sat_03408,New World Newmarket;New World Stonefields;New World Victoria Park;New World Mt Albert,4,12,17983.43,1190.0,True,True,04:59:43.430000
Sat_03409,New World Newmarket;New World Stonefields;Pak 'n Save Glen Innes;New World Mt Albert,4,15,21576.39,1500.0,True,True,05:59:36.390000
Sat_03410,Pak 'n Save Royal Oak;New World Stonefields;New World Newmarket;New World Mt Albert,4,15,20380.22,1500.0,True,True,05:39:40.220000
Sat_03411,New World Newmarket;Pak 'n Save Sylvia Park;New World Stonefields;New World Mt Albert,4,15,21054.24,1500.0,True,True,05:50:54.240000
Sat_03412,New World Newmarket;New World Victoria Park;New World Mt Albert,3,9,13326.02,814.37,True,False,03:42:06.020000
Sat_03413,Pak 'n Save Royal Oak;New World Newmarket;New World Victoria Park;New World Mt Albert,4,15,19872.84,1500.0,True,True,05:31:12.840000
Sat_03414,New World Newmarket;Pak 'n Save Sylvia Park;New World Victoria Park;New World Mt Albert,4,15,21221.64,1500.0,True,True,05:53:41.640000
Sat_03415,New World Newmarket;Pak 'n Save Sylvia Park;New World Mt Albert,3,12,17271.79,1190.0,True,True,04:47:51.790000
Sat_03416,New World Mt Albert;New World Point Chevalier,2,6,8588.72,524.87,False,False,02:23:08.720000
Sat_03417,New World Mt Albert;New World Victoria Park;New World Point Chevalier,3,9,12979.53,793.19,True,False,03:36:19.530000
Sat_03418,Pak 'n Save Mt Albert;New World Point Chevalier;New World Mt Albert,3,11,14066.62,859.63,True,False,03:54:26.620000
Sat_03419,New World Mt Albert;New World Victoria Park,2,6,9348.64,571.31,False,False,02:35:48.640000
Sat_03420,Pak 'n Save Mt Albert;New World Mt Albert,2,8,10385.73,634.68,False,False,02:53:05.730000
Sat_03421,Pak 'n Save Royal Oak;New World Mt Albert;Pak 'n Save Mt Albert,3,14,17752.6,1190.0,True,True,04:55:52.600000
Sat_03422,Pak 'n Save Royal Oak;New World Mt Albert,2,9,12046.22,736.16,False,False,03:20:46.220000
Sat_03423,New World New Lynn,1,3,4901.69,299.55,False,False,01:21:41.690000
Sat_03424,New World New Lynn;New World Point Chevalier,2,6,9198.85,562.15,False,False,02:33:18.850000
Sat_03425,New World New Lynn;New World Point Chevalier;New World Victoria Park,3,9,13622.81,832.51,True,False,03:47:02.810000
Sat_03426,New World New Lynn;Pak 'n Save Mt Albert,2,8,10623.84,649.23,False,False,02:57:03.840000
Sat_03427,New World Newmarket,1,3,5974.83,365.13,False,False,01:39:34.830000
Sat_03428,New World Newmarket;New World Point Chevalier,2,6,9605.72,587.02,False,False,02:40:05.720000
Sat_03429,New World Newmarket;New World Stonefields;New World Point Chevalier,3,9,14263.14,871.64,True,False,03:57:43.140000
Sat_03430,Pak 'n Save Mt Albert;New World Point Chevalier;New World Newmarket;New World Stonefields,4,14,19727.09,1500.0,True,True,05:28:47.090000
Sat_03431,New World Newmarket;New World Stonefields;Pak 'n Save Glen Innes;New World Point Chevalier,4,15,21805.94,1810.0,True,True,06:03:25.940000
Sat_03432,Pak 'n Save Royal Oak;New World Stonefields;New World Newmarket;New World Point Chevalier,4,15,20609.77,1500.0,True,True,05:43:29.770000
Sat_03433,New World Newmarket;Pak 'n Save Sylvia Park;New World Stonefields;New World Point Chevalier,4,15,21283.79,1500.0,True,True,05:54:43.790000
Sat_03434,New World Newmarket;New World Victoria Park;New World Point Chevalier,3,9,13555.57,828.4,True,False,03:45:55.570000
Sat_03435,Pak 'n Save Royal Oak;New World Newmarket;New World Victoria Park;New World Point Chevalier,4,15,20102.39,1500.0,True,True,05:35:02.390000
Sat_03436,New World Newmarket;Pak 'n Save Sylvia Park;New World Victoria Park;New World Point Chevalier,4,15,21451.19,1500.0,True,True,05:57:31.190000
Sat_03437,New World Newmarket;Pak 'n Save Sylvia Park;New World Point Chevalier,3,12,17501.34,1190.0,True,True,04:51:41.340000
Sat_03438,New World Newmarket;New World Stonefields,2,6,10632.25,649.75,False,False,02:57:12.250000
Sat_03439,New World Newmarket;New World Stonefields;Pak 'n Save Glen Innes;New World Victoria Park,4,15,22124.9,1810.0,True,True,06:08:44.900000
Sat_03440,Pak 'n Save Royal Oak;New World Stonefields;New World Newmarket;New World Victoria Park,4,15,20928.73,1500.0,True,True,05:48:48.730000
Sat_03441,Pak 'n Save Royal Oak;New World Stonefields;New World Newmarket,3,12,16978.88,1190.0,True,True,04:42:58.880000
Sat_03442,New World Newmarket;Pak 'n Save Sylvia Park;New World Stonefields,3,12,17652.9,1190.0,True,True,04:54:12.900000
Sat_03443,New World Newmarket;New World Victoria Park,2,6,9924.68,606.51,False,False,02:45:24.680000
Sat_03444,Pak 'n Save Royal Oak;New World Newmarket;New World Victoria Park,3,12,16471.5,1190.0,True,True,04:34:31.500000
Sat_03445,New World Newmarket;Pak 'n Save Sylvia Park;New World Victoria Park,3,12,17820.3,1190.0,True,True,04:57:00.300000
Sat_03446,Pak 'n Save Royal Oak;New World Newmarket,2,9,12521.65,765.21,False,False,03:28:41.650000
Sat_03447,New World Newmarket;Pak 'n Save Sylvia Park,2,9,13870.45,847.64,True,False,03:51:10.450000
Sat_03448,New World Ormiston,1,3,7576.64,463.02,False,False,02:06:16.640000
Sat_03449,New World Papatoetoe;New World Ormiston,2,6,11002.26,672.36,False,False,03:03:22.260000
Sat_03450,New World Southmall;New World Ormiston;New World Papatoetoe,3,9,15009.81,1190.0,True,True,04:10:09.810000
Sat_03451,New World Southmall;New World Ormiston;Pak 'n Save Botany;New World Papatoetoe,4,15,22426.38,1810.0,True,True,06:13:46.380000
Sat_03452,New World Papatoetoe;New World Ormiston;New World Southmall;Pak 'n Save Clendon,4,15,21990.66,1810.0,True,True,06:06:30.660000
Sat_03453,New World Southmall;New World Ormiston;New World Papatoetoe;Pak 'n Save Mangere,4,15,21855.27,1810.0,True,True,06:04:15.270000
Sat_03454,New World Southmall;New World Ormiston;Pak 'n Save Manukau;New World Papatoetoe,4,15,21592.87,1500.0,True,True,05:59:52.870000
Sat_03455,New World Southmall;New World Ormiston;Pak 'n Save Ormiston;New World Papatoetoe,4,15,21630.63,1810.0,True,True,06:00:30.630000
Sat_03456,Pak 'n Save Papakura;New World Southmall;New World Ormiston;New World Papatoetoe,4,15,22626.32,1810.0,True,True,06:17:06.320000
Sat_03457,New World Papatoetoe;New World Southmall;New World Ormiston;Pak 'n Save Sylvia Park,4,15,22653.22,1810.0,True,True,06:17:33.220000
Sat_03458,New World Papatoetoe;Pak 'n Save Botany;New World Ormiston,3,12,18401.8,1500.0,True,True,05:06:41.800000
Sat_03459,New World Papatoetoe;New World Ormiston;Pak 'n Save Mangere,3,12,17942.68,1190.0,True,True,04:59:02.680000
Sat_03460,New World Papatoetoe;Pak 'n Save Manukau;New World Ormiston,3,12,17638.23,1190.0,True,True,04:53:58.230000
Sat_03461,New World Papatoetoe;New World Ormiston;Pak 'n Save Ormiston,3,12,17623.08,1190.0,True,True,04:53:43.080000
Sat_03462,Pak 'n Save Manukau;Pak 'n Save Botany;New World Ormiston,3,15,21542.72,1500.0,True,True,05:59:02.720000
Sat_03463,Pak 'n Save Botany;New World Ormiston;Pak 'n Save Ormiston,3,15,21585.12,1500.0,True,True,05:59:45.120000
Sat_03464,Pak 'n Save Manukau;New World Ormiston,2,9,14155.06,865.03,True,False,03:55:55.060000
Sat_03465,Pak 'n Save Manukau;New World Ormiston;Pak 'n Save Ormiston,3,15,20775.88,1500.0,True,True,05:46:15.880000
Sat_03466,New World Ormiston;Pak 'n Save Ormiston,2,9,14197.46,867.62,True,False,03:56:37.460000
Sat_03467,New World Papakura,1,3,8077.54,493.63,False,False,02:14:37.540000
Sat_03468,New World Papakura;New World Southmall,2,6,11656.43,712.34,False,False,03:14:16.430000
Sat_03469,New World Papakura;New World Southmall;Pak 'n Save Clendon,3,12,18611.86,1500.0,True,True,05:10:11.860000
Sat_03470,Pak 'n Save Manukau;New World Papakura;New World Southmall,3,12,18595.95,1500.0,True,True,05:09:55.950000
Sat_03471,New World Papakura;Pak 'n Save Papakura;New World Southmall,3,12,18224.09,1500.0,True,True,05:03:44.090000
Sat_03472,New World Papatoetoe,1,3,6285.88,384.14,False,False,01:44:45.880000
Sat_03473,New World Papatoetoe;New World Southmall,2,6,10657.05,651.26,False,False,02:57:37.050000
Sat_03474,New World Papatoetoe;New World Southmall;Pak 'n Save Clendon,3,12,17612.48,1190.0,True,True,04:53:32.480000
Sat_03475,New World Papatoetoe;New World Southmall;Pak 'n Save Mangere,3,12,17597.46,1190.0,True,True,04:53:17.460000
Sat_03476,New World Papatoetoe;Pak 'n Save Manukau;New World Southmall,3,12,17456.66,1190.0,True,True,04:50:56.660000
Sat_03477,New World Papatoetoe;Pak 'n Save Mangere,2,9,13131.34,802.47,True,False,03:38:51.340000
Sat_03478,Pak 'n Save Manukau;New World Papatoetoe;Pak 'n Save Mangere,3,15,20153.49,1500.0,True,True,05:35:53.490000
Sat_03479,Pak 'n Save Mangere;New World Papatoetoe;Pak 'n Save Sylvia Park,3,15,20976.46,1500.0,True,True,05:49:36.460000
Sat_03480,Pak 'n Save Manukau;New World Papatoetoe,2,9,13308.03,813.27,True,False,03:41:48.030000
Sat_03481,New World Papatoetoe;Pak 'n Save Manukau;Pak 'n Save Ormiston,3,15,20958.82,1500.0,True,True,05:49:18.820000
Sat_03482,New World Papatoetoe;Pak 'n Save Manukau;Pak 'n Save Sylvia Park,3,15,20875.53,1500.0,True,True,05:47:55.530000
Sat_03483,New World Papatoetoe;Pak 'n Save Sylvia Park,2,9,14021.18,856.85,True,False,03:53:41.180000
Sat_03484,New World Point Chevalier,1,3,5324.17,325.37,False,False,01:28:44.170000
Sat_03485,New World Victoria Park;New World Point Chevalier,2,6,9662.28,590.47,False,False,02:41:02.280000
Sat_03486,Pak 'n Save Mt Albert;New World Point Chevalier,2,8,10702.27,654.03,False,False,02:58:22.270000
Sat_03487,New World Southmall,1,3,7033.98,429.85,False,False,01:57:13.980000
Sat_03488,New World Southmall;Pak 'n Save Clendon,2,9,13989.41,854.91,True,False,03:53:09.410000
Sat_03489,Pak 'n Save Manukau;New World Southmall;Pak 'n Save Clendon,3,15,20928.92,1500.0,True,True,05:48:48.920000
Sat_03490,Pak 'n Save Manukau;New World Southmall,2,9,13973.49,853.94,True,False,03:52:53.490000
Sat_03491,New World Southmall;Pak 'n Save Ormiston;Pak 'n Save Manukau,3,15,21442.12,1500.0,True,True,05:57:22.120000
Sat_03492,Pak 'n Save Manukau;Pak 'n Save Papakura;New World Southmall,3,15,21590.0,1500.0,True,True,05:59:50
Sat_03493,New World Southmall;Pak 'n Save Manukau;Pak 'n Save Sylvia Park,3,15,21557.02,1500.0,True,True,05:59:17.020000
Sat_03494,New World Stonefields,1,3,7171.35,438.25,False,False,01:59:31.350000
Sat_03495,Pak 'n Save Sylvia Park;Pak 'n Save Glen Innes;New World Stonefields,3,15,21580.99,1500.0,True,True,05:59:40.990000
Sat_03496,Pak 'n Save Sylvia Park;New World Stonefields,2,9,14192.0,867.29,True,False,03:56:32
Sat_03497,New World Victoria Park,1,3,6031.39,368.58,False,False,01:40:31.390000
Sat_03498,Pak 'n Save Highland Park,1,5,10158.37,620.79,False,False,02:49:18.370000
Sat_03499,Pak 'n Save Highland Park;Pak 'n Save Botany,2,11,16993.19,1190.0,True,True,04:43:13.190000
Sat_03500,Pak 'n Save Mt Albert,1,5,6699.27,409.4,False,False,01:51:39.270000
Sat_03501,Pak 'n Save Wairau Road,1,5,9680.95,591.61,False,False,02:41:20.950000
Sat_03502,Pak 'n Save Albany;Pak 'n Save Wairau Road,2,11,17364.23,1190.0,True,True,04:49:24.230000
Sat_03503,Pak 'n Save Westgate,1,5,8639.0,527.94,False,False,02:23:59
Sat_03504,Pak 'n Save Albany,1,6,11739.99,717.44,False,False,03:15:39.990000
Sat_03505,Pak 'n Save Botany,1,6,11417.42,697.73,False,False,03:10:17.420000
Sat_03506,Pak 'n Save Clendon,1,6,10287.34,628.67,False,False,02:51:27.340000
Sat_03507,Pak 'n Save Glen Innes,1,6,11323.24,691.98,False,False,03:08:43.240000
Sat_03508,Pak 'n Save Mangere,1,6,8799.57,537.75,False,False,02:26:39.570000
Sat_03509,Pak 'n Save Manukau,1,6,9836.7,601.13,False,False,02:43:56.700000
Sat_03510,Pak 'n Save Manukau;Pak 'n Save Ormiston,2,12,17475.65,1190.0,True,True,04:51:15.650000
Sat_03511,Pak 'n Save Manukau;Pak 'n Save Sylvia Park,2,12,17392.36,1190.0,True,True,04:49:52.360000
Sat_03512,Pak 'n Save Ormiston,1,6,10897.23,665.94,False,False,03:01:37.230000
Sat_03513,Pak 'n Save Papakura,1,6,11151.63,681.49,False,False,03:05:51.630000
Sat_03514,Pak 'n Save Royal Oak,1,6,8093.54,494.61,False,False,02:14:53.540000
Sat_03515,Pak 'n Save Sylvia Park,1,6,10409.55,636.14,False,False,02:53:29.550000
Sat_03516,Pak 'n Save Henderson,1,7,10911.09,666.79,False,False,03:01:51.090000
Sat_03517,Pak 'n Save Lincoln Road,1,7,10401.89,635.67,False,False,02:53:21.890000
