route_id,stops,num_stops,total_pallets,total_duration_sec,total_duration_hms
Fri_0001,New World Mt Roskill,1,8,1472.66,00:24:32
Fri_0002,Pak 'n Save Mt Albert,1,12,2379.27,00:39:39
Fri_0003,New World Mt Albert,1,7,2533.78,00:42:13
Fri_0004,Pak 'n Save Royal Oak,1,12,2693.54,00:44:53
Fri_0005,New World New Lynn,1,8,2741.69,00:45:41
Fri_0006,New World Green Bay,1,9,2805.54,00:46:45
Fri_0007,New World Point Chevalier,1,6,3164.17,00:52:44
Fri_0008,Pak 'n Save Mangere,1,10,3399.57,00:56:39
Fri_0009,New World Mt Roskill;New World Mt Albert,2,15,3655.22,01:00:55
Fri_0010,New World Mt Albert;New World Mt Roskill,2,15,3658.56,01:00:58
Fri_0011,New World Mt Roskill;Four Square Onehunga,2,12,3755.87,01:02:35
Fri_0012,New World Newmarket,1,9,3814.83,01:03:34
Fri_0013,New World Victoria Park,1,8,3871.39,01:04:31
Fri_0014,Pak 'n Save Lincoln Road,1,11,3921.89,01:05:21
Fri_0015,Pak 'n Save Royal Oak;Four Square Onehunga,2,16,3935.49,01:05:35
Fri_0016,New World New Lynn;New World Mt Roskill,2,16,3949.36,01:05:49
Fri_0017,New World Mt Roskill;New World New Lynn,2,16,3949.37,01:05:49
Fri_0018,Four Square Onehunga;Pak 'n Save Royal Oak,2,16,3979.0,01:06:19
Fri_0019,New World Papatoetoe,1,7,4125.88,01:08:45
Fri_0020,New World Mt Albert;New World Point Chevalier,2,13,4268.72,01:11:08
Fri_0021,New World Mt Roskill;New World Point Chevalier,2,14,4285.61,01:11:25
Fri_0022,New World Remuera,1,8,4310.35,01:11:50
Fri_0023,New World Point Chevalier;New World Mt Roskill,2,14,4311.74,01:11:51
Fri_0024,Pak 'n Save Westgate,1,13,4319.0,01:11:59
Fri_0025,New World Point Chevalier;New World Mt Albert,2,13,4368.52,01:12:48
Fri_0026,Pak 'n Save Henderson,1,10,4431.09,01:13:51
Fri_0027,Pak 'n Save Manukau,1,11,4436.7,01:13:56
Fri_0028,Four Square Onehunga;Pak 'n Save Mt Albert,2,16,4495.71,01:14:55
Fri_0029,Pak 'n Save Mt Albert;Four Square Onehunga,2,16,4501.31,01:15:01
Fri_0030,New World New Lynn;New World Mt Albert,2,15,4562.3,01:16:02
Fri_0031,New World Mt Roskill;Four Square Eden Terrace,2,12,4573.99,01:16:13
Fri_0032,New World Mt Albert;New World New Lynn,2,15,4575.76,01:16:15
Fri_0033,New World Mt Albert;Four Square Eden Terrace,2,11,4595.73,01:16:35
Fri_0034,Four Square Onehunga;New World Mt Albert,2,11,4624.63,01:17:04
Fri_0035,New World Hobsonville,1,8,4769.76,01:19:29
Fri_0036,New World Green Bay;New World Mt Albert,2,16,4776.21,01:19:36
Fri_0037,New World Mt Albert;New World Green Bay,2,16,4799.78,01:19:59
Fri_0038,Pak 'n Save Mt Albert;Four Square Eden Terrace,2,16,4807.85,01:20:07
Fri_0039,Four Square Eden Terrace;Pak 'n Save Mt Albert,2,16,4818.57,01:20:18
Fri_0040,New World Mt Roskill;Four Square Glen Eden,2,11,4852.98,01:20:52
Fri_0041,New World Southmall,1,7,4873.98,01:21:13
Fri_0042,New World New Lynn;New World Point Chevalier,2,14,4878.85,01:21:18
Fri_0043,Pak 'n Save Clendon,1,11,4887.34,01:21:27
Fri_0044,Four Square Onehunga;Pak 'n Save Mangere,2,14,4909.87,01:21:49
Fri_0045,New World New Lynn;Four Square Glen Eden,2,11,4920.56,01:22:00
Fri_0046,New World Green Bay;Four Square Glen Eden,2,12,4924.07,01:22:04
Fri_0047,Pak 'n Save Royal Oak;Four Square Eden Terrace,2,16,4931.55,01:22:11
Fri_0048,New World New Lynn;Four Square Onehunga,2,12,4964.59,01:22:44
Fri_0049,Pak 'n Save Mangere;Four Square Onehunga,2,14,4988.31,01:23:08
Fri_0050,New World Mt Roskill;New World Victoria Park,2,16,4992.83,01:23:12
Fri_0051,New World Point Chevalier;Four Square Eden Terrace,2,10,5009.29,01:23:29
Fri_0052,Pak 'n Save Sylvia Park,1,11,5009.55,01:23:29
Fri_0053,New World Stonefields,1,8,5011.35,01:23:31
Fri_0054,New World Victoria Park;New World Mt Roskill,2,16,5018.96,01:23:38
Fri_0055,New World Mt Albert;New World Victoria Park,2,15,5028.64,01:23:48
Fri_0056,Four Square Eden Terrace;Pak 'n Save Royal Oak,2,16,5040.87,01:24:00
Fri_0057,New World Mt Roskill;New World Metro Queen St,2,12,5054.81,01:24:14
Fri_0058,New World Newmarket;New World Mt Albert,2,16,5056.17,01:24:16
Fri_0059,Four Square Glen Eden;Pak 'n Save Mt Albert,2,15,5075.84,01:24:35
Fri_0060,New World Metro Queen St;New World Mt Roskill,2,12,5080.95,01:24:40
Fri_0061,New World Green Bay;Four Square Onehunga,2,13,5090.02,01:24:50
Fri_0062,New World Green Bay;New World Point Chevalier,2,15,5092.76,01:24:52
Fri_0063,New World Newmarket;Four Square Eden Terrace,2,13,5112.09,01:25:12
Fri_0064,New World Victoria Park;New World Mt Albert,2,15,5112.73,01:25:12
Fri_0065,Pak 'n Save Mt Albert;Four Square Glen Eden,2,15,5114.75,01:25:14
Fri_0066,New World Mt Albert;New World Newmarket,2,16,5119.04,01:25:19
Fri_0067,New World Mt Roskill;Four Square Britomart,2,12,5125.87,01:25:25
Fri_0068,New World Point Chevalier;New World Green Bay,2,15,5213.14,01:26:53
Fri_0069,New World Eastridge,1,7,5235.46,01:27:15
Fri_0070,New World Mt Roskill;New World Papatoetoe,2,15,5247.32,01:27:27
Fri_0071,Pak 'n Save Royal Oak;Four Square Ellerslie,2,14,5271.22,01:27:51
Fri_0072,New World Papatoetoe;New World Mt Roskill,2,15,5273.45,01:27:53
Fri_0073,New World Newmarket;New World Point Chevalier,2,15,5285.72,01:28:05
Fri_0074,New World Victoria Park;New World Metro Queen St,2,12,5287.22,01:28:07
Fri_0075,Four Square Eden Terrace;New World Victoria Park,2,12,5296.59,01:28:16
Fri_0076,New World Metro Queen St;Pak 'n Save Mt Albert,2,16,5299.4,01:28:19
Fri_0077,New World Birkenhead,1,9,5305.77,01:28:25
Fri_0078,New World Metro Queen St;New World Victoria Park,2,12,5307.26,01:28:27
Fri_0079,Pak 'n Save Mt Albert;New World Metro Queen St,2,16,5356.85,01:29:16
Fri_0080,Pak 'n Save Wairau Road,1,10,5360.95,01:29:20
Fri_0081,Pak 'n Save Royal Oak;New World Metro Queen St,2,16,5364.59,01:29:24
Fri_0082,Four Square Britomart;Pak 'n Save Mt Albert,2,16,5370.46,01:29:30
Fri_0083,New World Point Chevalier;New World Newmarket,2,15,5371.57,01:29:31
Fri_0084,Pak 'n Save Royal Oak;Four Square Remuera,2,16,5378.12,01:29:38
Fri_0085,New World Victoria Park;Four Square Britomart,2,12,5390.73,01:29:50
Fri_0086,Four Square Britomart;New World Victoria Park,2,12,5409.43,01:30:09
Fri_0087,New World Ormiston,1,8,5416.64,01:30:16
Fri_0088,Pak 'n Save Mt Albert;Four Square Britomart,2,16,5427.9,01:30:27
Fri_0089,New World Point Chevalier;New World Victoria Park,2,14,5428.13,01:30:28
Fri_0090,New World Mt Roskill;New World Remuera,2,16,5431.79,01:30:31
Fri_0091,Pak 'n Save Lincoln Road;Four Square Fair Price Henderson,2,14,5446.51,01:30:46
Fri_0092,Four Square Fair Price Henderson;Pak 'n Save Lincoln Road,2,14,5446.51,01:30:46
Fri_0093,New World Mt Roskill;Four Square Fair Price Henderson,2,11,5454.57,01:30:54
Fri_0094,New World Remuera;New World Mt Roskill,2,16,5457.93,01:30:57
Fri_0095,Four Square Britomart;New World Point Chevalier,2,10,5475.32,01:31:15
Fri_0096,Pak 'n Save Royal Oak;Four Square Britomart,2,16,5475.53,01:31:15
Fri_0097,Four Square Fair Price Henderson;New World Mt Roskill,2,11,5480.7,01:31:20
Fri_0098,Four Square Onehunga;New World Victoria Park,2,12,5484.12,01:31:24
Fri_0099,Pak 'n Save Ormiston,1,9,5497.23,01:31:37
Fri_0100,New World New Lynn;Four Square Eden Terrace,2,12,5518.24,01:31:58
Fri_0101,Four Square Remuera;Pak 'n Save Royal Oak,2,16,5525.68,01:32:05
Fri_0102,New World Newmarket;New World Metro Queen St,2,13,5545.13,01:32:25
Fri_0103,New World Metro Queen St;Pak 'n Save Royal Oak,2,16,5551.07,01:32:31
Fri_0104,New World Remuera;New World Mt Albert,2,15,5551.69,01:32:31
Fri_0105,New World Point Chevalier;Four Square Britomart,2,10,5561.17,01:32:41
Fri_0106,New World Mt Roskill;Four Square Ellerslie,2,10,5601.86,01:33:21
Fri_0107,New World Milford,1,9,5607.21,01:33:27
Fri_0108,New World Remuera;Four Square Eden Terrace,2,12,5607.61,01:33:27
Fri_0109,New World Mt Roskill;Four Square Remuera,2,12,5610.26,01:33:30
Fri_0110,New World Mt Albert;New World Remuera,2,15,5614.57,01:33:34
Fri_0111,Four Square Britomart;Pak 'n Save Royal Oak,2,16,5622.09,01:33:42
Fri_0112,Four Square Onehunga;New World Papatoetoe,2,11,5636.18,01:33:56
Fri_0113,New World Newmarket;Four Square Britomart,2,13,5656.07,01:34:16
Fri_0114,Four Square Eden Terrace;New World Remuera,2,12,5662.39,01:34:22
Fri_0115,New World Remuera;Four Square Remuera,2,12,5669.85,01:34:29
Fri_0116,Four Square Glen Eden;New World Point Chevalier,2,9,5714.13,01:35:14
Fri_0117,Pak 'n Save Papakura,1,10,5751.63,01:35:51
Fri_0118,Four Square Onehunga;Pak 'n Save Sylvia Park,2,15,5769.66,01:36:09
Fri_0119,Four Square Remuera;New World Remuera,2,12,5778.6,01:36:18
Fri_0120,New World Newmarket;Four Square Remuera,2,13,5789.72,01:36:29
Fri_0121,New World Victoria Park;Four Square Onehunga,2,12,5791.13,01:36:31
Fri_0122,Four Square Onehunga;New World Stonefields,2,12,5802.87,01:36:42
Fri_0123,Four Square Fair Price Henderson;Pak 'n Save Mt Albert,2,15,5835.74,01:37:15
Fri_0124,Pak 'n Save Highland Park,1,9,5838.37,01:37:18
Fri_0125,Four Square Ellerslie;Pak 'n Save Mt Albert,2,14,5846.44,01:37:26
Fri_0126,Pak 'n Save Mt Albert;Four Square Fair Price Henderson,2,15,5846.83,01:37:26
Fri_0127,Four Square Fair Price Henderson;Pak 'n Save Henderson,2,13,5847.13,01:37:27
Fri_0128,Pak 'n Save Sylvia Park;Four Square Onehunga,2,15,5854.65,01:37:34
Fri_0129,New World Point Chevalier;New World Remuera,2,14,5867.1,01:37:47
Fri_0130,New World Point Chevalier;Four Square Glen Eden,2,9,5871.06,01:37:51
Fri_0131,New World Botany,1,8,5871.66,01:37:51
Fri_0132,New World Mt Roskill;New World Hobsonville,2,16,5891.2,01:38:11
Fri_0133,Four Square Onehunga;Pak 'n Save Lincoln Road,2,15,5899.87,01:38:19
Fri_0134,Pak 'n Save Mt Albert;Four Square Ellerslie,2,14,5903.89,01:38:23
Fri_0135,Pak 'n Save Mangere;New World Point Chevalier,2,16,5907.28,01:38:27
Fri_0136,Pak 'n Save Henderson;Four Square Fair Price Henderson,2,13,5907.35,01:38:27
Fri_0137,Four Square Ellerslie;New World Newmarket,2,11,5909.54,01:38:29
Fri_0138,Pak 'n Save Mt Albert;Four Square Remuera,2,16,5912.29,01:38:32
Fri_0139,New World Mt Roskill;Four Square Hobsonville,2,11,5914.98,01:38:34
Fri_0140,Pak 'n Save Henderson;Four Square Glen Eden,2,13,5916.36,01:38:36
Fri_0141,New World Hobsonville;New World Mt Roskill,2,16,5917.33,01:38:37
Fri_0142,New World Papakura,1,8,5917.54,01:38:37
Fri_0143,New World Remuera;Four Square Ellerslie,2,10,5921.69,01:38:41
Fri_0144,Pak 'n Save Glen Innes,1,11,5923.24,01:38:43
Fri_0145,New World Hobsonville;Four Square Hobsonville,2,11,5932.02,01:38:52
Fri_0146,New World New Lynn;New World Victoria Park,2,16,5937.08,01:38:57
Fri_0147,Pak 'n Save Royal Oak;Four Square Glen Eden,2,15,5941.12,01:39:01
Fri_0148,Four Square Hobsonville;New World Hobsonville,2,11,5946.28,01:39:06
Fri_0149,Four Square Onehunga;Pak 'n Save Manukau,2,15,5947.0,01:39:07
Fri_0150,Pak 'n Save Lincoln Road;Four Square Onehunga,2,15,5959.54,01:39:19
Fri_0151,Pak 'n Save Lincoln Road;Four Square Eden Terrace,2,15,5966.8,01:39:26
Fri_0152,Pak 'n Save Manukau;Four Square Onehunga,2,15,5975.45,01:39:35
Fri_0153,Pak 'n Save Henderson;New World Point Chevalier,2,16,5984.0,01:39:44
Fri_0154,Four Square Glen Eden;Pak 'n Save Royal Oak,2,15,5988.9,01:39:48
Fri_0155,New World Mt Roskill;New World Southmall,2,15,5995.42,01:39:55
Fri_0156,Pak 'n Save Lincoln Road;Four Square Glen Eden,2,14,6014.98,01:40:14
Fri_0157,Four Square Eden Terrace;Pak 'n Save Lincoln Road,2,15,6016.56,01:40:16
Fri_0158,Pak 'n Save Botany,1,10,6017.42,01:40:17
Fri_0159,New World Southmall;New World Mt Roskill,2,15,6021.55,01:40:21
Fri_0160,New World Point Chevalier;Four Square Fair Price Henderson,2,9,6026.22,01:40:26
Fri_0161,New World Point Chevalier;Four Square Remuera,2,10,6045.56,01:40:45
Fri_0162,New World Remuera;New World Victoria Park,2,16,6100.2,01:41:40
Fri_0163,New World Mt Roskill;Four Square Onehunga;Four Square Eden Terrace,3,16,6112.98,01:41:52
Fri_0164,New World Point Chevalier;Pak 'n Save Henderson,2,16,6124.19,01:42:04
Fri_0165,New World Green Bay;New World Metro Queen St,2,13,6124.5,01:42:04
Fri_0166,New World Mt Roskill;New World Stonefields,2,16,6132.79,01:42:12
Fri_0167,Four Square Onehunga;New World Eastridge,2,11,6133.64,01:42:13
Fri_0168,Pak 'n Save Westgate;Four Square Hobsonville,2,16,6164.47,01:42:44
Fri_0169,Four Square Ellerslie;New World Stonefields,2,10,6178.87,01:42:58
Fri_0170,Pak 'n Save Mangere;Four Square Eden Terrace,2,14,6195.66,01:43:15
Fri_0171,Four Square Fair Price Henderson;Pak 'n Save Westgate,2,16,6197.52,01:43:17
Fri_0172,New World Howick,1,8,6229.9,01:43:49
Fri_0173,Four Square Hobsonville;Pak 'n Save Westgate,2,16,6235.29,01:43:55
Fri_0174,New World Green Bay;Four Square Fair Price Henderson,2,12,6236.53,01:43:56
Fri_0175,New World Stonefields;Four Square Remuera,2,12,6242.13,01:44:02
Fri_0176,New World Mt Roskill;Four Square Botany Junction,2,12,6242.42,01:44:02
Fri_0177,New World Mt Albert;New World Hobsonville,2,15,6244.85,01:44:04
Fri_0178,New World Victoria Park;New World Remuera,2,16,6254.03,01:44:14
Fri_0179,Pak 'n Save Lincoln Road;Four Square Hobsonville,2,14,6260.82,01:44:20
Fri_0180,New World Mt Albert;Four Square Hobsonville,2,10,6268.62,01:44:28
Fri_0181,New World Mt Roskill;Four Square Britomart;New World Metro Queen St,3,16,6271.34,01:44:31
Fri_0182,New World Remuera;New World Stonefields,2,16,6271.67,01:44:31
Fri_0183,Four Square Hobsonville;Pak 'n Save Mt Albert,2,15,6296.15,01:44:56
Fri_0184,Pak 'n Save Westgate;Four Square Fair Price Henderson,2,16,6298.72,01:44:58
Fri_0185,Pak 'n Save Manukau;Four Square Botany Junction,2,15,6299.39,01:44:59
Fri_0186,New World Mt Roskill;New World Metro Queen St;Four Square Britomart,3,16,6301.28,01:45:01
Fri_0187,Pak 'n Save Mt Albert;Four Square Hobsonville,2,15,6307.24,01:45:07
Fri_0188,New World Remuera;New World New Lynn,2,16,6314.7,01:45:14
Fri_0189,New World Mt Albert;New World Stonefields,2,15,6315.57,01:45:15
Fri_0190,New World Mt Roskill;Four Square Eden Terrace;Four Square Onehunga,3,16,6320.93,01:45:20
Fri_0191,New World Eastridge;Four Square Onehunga,2,11,6323.68,01:45:23
Fri_0192,New World Mt Roskill;Four Square Ellerslie;Four Square Onehunga,3,14,6324.46,01:45:24
Fri_0193,Four Square Pakuranga Heights;Pak 'n Save Royal Oak,2,16,6325.28,01:45:25
Fri_0194,New World Metro Queen St;Four Square Britomart;New World Mt Roskill,3,16,6327.42,01:45:27
Fri_0195,New World Mt Roskill;New World Metro Shore City,2,11,6336.68,01:45:36
Fri_0196,New World Papatoetoe;New World Southmall,2,14,6337.05,01:45:37
Fri_0197,Pak 'n Save Sylvia Park;Four Square Ellerslie,2,13,6339.65,01:45:39
Fri_0198,Pak 'n Save Albany,1,10,6339.99,01:45:39
Fri_0199,New World Mt Roskill;Four Square Eden Terrace;New World Metro Queen St,3,16,6356.61,01:45:56
Fri_0200,New World Mt Roskill;New World Eastridge,2,15,6356.9,01:45:56
Fri_0201,New World Mt Roskill;New World Metro Queen St;Four Square Eden Terrace,3,16,6358.29,01:45:58
Fri_0202,Four Square Hobsonville;Pak 'n Save Lincoln Road,2,14,6362.03,01:46:02
Fri_0203,New World Mt Roskill;Four Square Onehunga;Four Square Ellerslie,3,14,6365.77,01:46:05
Fri_0204,Pak 'n Save Royal Oak;Four Square Fair Price Henderson,2,15,6370.21,01:46:10
Fri_0205,New World Stonefields;New World Remuera,2,16,6371.55,01:46:11
Fri_0206,New World Newmarket;New World Eastridge,2,16,6374.12,01:46:14
Fri_0207,Four Square Botany Junction;Pak 'n Save Manukau,2,15,6374.66,01:46:14
Fri_0208,New World New Lynn;New World Remuera,2,16,6376.04,01:46:16
Fri_0209,New World Mt Albert;Four Square Eden Terrace;New World Metro Queen St,3,15,6378.35,01:46:18
Fri_0210,Four Square Eden Terrace;New World Metro Queen St;New World Mt Roskill,3,16,6382.75,01:46:22
Fri_0211,New World Eastridge;New World Mt Roskill,2,15,6383.03,01:46:23
Fri_0212,New World Papatoetoe;Four Square Botany Junction,2,11,6386.6,01:46:26
Fri_0213,Four Square Britomart;New World Metro Queen St;New World Mt Albert,3,15,6391.24,01:46:31
Fri_0214,New World Papatoetoe;New World New Lynn,2,15,6420.87,01:47:00
Fri_0215,New World Metro Queen St;Four Square Britomart;New World Mt Albert,3,15,6421.18,01:47:01
Fri_0216,New World Victoria Park;Four Square Ellerslie,2,10,6424.1,01:47:04
Fri_0217,Pak 'n Save Manukau;Four Square Eden Terrace,2,15,6427.61,01:47:07
Fri_0218,New World Papatoetoe;New World Newmarket,2,16,6428.29,01:47:08
Fri_0219,New World Remuera;New World Eastridge,2,15,6435.15,01:47:15
Fri_0220,New World Albany,1,8,6436.37,01:47:16
Fri_0221,Pak 'n Save Lincoln Road;New World Metro Queen St,2,15,6447.62,01:47:27
Fri_0222,Four Square Britomart;New World Metro Queen St;Four Square Eden Terrace,3,12,6453.38,01:47:33
Fri_0223,New World Mt Albert;Four Square Britomart;New World Metro Queen St,3,15,6454.11,01:47:34
Fri_0224,New World New Lynn;New World Papatoetoe,2,15,6456.04,01:47:36
Fri_0225,New World Mt Roskill;Four Square Onehunga;Four Square Remuera,3,16,6472.67,01:47:52
Fri_0226,Pak 'n Save Henderson;Four Square Eden Terrace,2,14,6476.0,01:47:56
Fri_0227,Pak 'n Save Clendon;Four Square Onehunga,2,15,6476.08,01:47:56
Fri_0228,New World Newmarket;New World Papatoetoe,2,16,6481.06,01:48:01
Fri_0229,New World Mt Roskill;Four Square Pakuranga Heights,2,12,6483.48,01:48:03
Fri_0230,New World Mt Albert;New World Metro Queen St;Four Square Britomart,3,15,6484.06,01:48:04
Fri_0231,New World Metro Queen St;Pak 'n Save Lincoln Road,2,15,6497.38,01:48:17
Fri_0232,Pak 'n Save Lincoln Road;Four Square Britomart,2,15,6518.68,01:48:38
Fri_0233,New World Mt Albert;New World Metro Shore City,2,10,6519.45,01:48:39
Fri_0234,New World Mt Roskill;Four Square Eden Terrace;Four Square Britomart,3,16,6523.08,01:48:43
Fri_0235,Four Square Britomart;New World Metro Queen St;New World Victoria Park,3,16,6523.79,01:48:43
Fri_0236,New World Ormiston;Four Square Botany Junction,2,12,6527.96,01:48:47
Fri_0237,New World Eastridge;New World Newmarket,2,16,6528.07,01:48:48
Fri_0238,New World Victoria Park;New World Metro Queen St;Four Square Britomart,3,16,6533.69,01:48:53
Fri_0239,New World Victoria Park;Four Square Britomart;New World Metro Queen St,3,16,6536.2,01:48:56
Fri_0240,New World Mt Roskill;New World Ormiston,2,16,6538.09,01:48:58
Fri_0241,New World Mt Albert;Four Square Eden Terrace;Four Square Britomart,3,15,6544.82,01:49:04
Fri_0242,New World Mt Roskill;Four Square Onehunga;New World Metro Queen St,3,16,6546.01,01:49:06
Fri_0243,Four Square Eden Terrace;Four Square Britomart;New World Metro Queen St,3,12,6547.11,01:49:07
Fri_0244,New World Birkenhead;New World Mt Albert,2,16,6547.11,01:49:07
Fri_0245,New World Hobsonville;New World New Lynn,2,16,6547.59,01:49:07
Fri_0246,New World New Lynn;New World Hobsonville,2,16,6547.7,01:49:07
Fri_0247,New World Eastridge;Four Square Remuera,2,11,6553.27,01:49:13
Fri_0248,New World Mt Roskill;Four Square Remuera;Four Square Onehunga,3,16,6563.54,01:49:23
Fri_0249,New World Point Chevalier;New World Stonefields,2,14,6568.1,01:49:28
Fri_0250,Four Square Britomart;Pak 'n Save Lincoln Road,2,15,6568.44,01:49:28
Fri_0251,New World Metro Shore City;Pak 'n Save Mt Albert,2,15,6581.25,01:49:41
Fri_0252,New World Green Bay;New World Papatoetoe,2,16,6581.47,01:49:41
Fri_0253,New World Metro Queen St;Four Square Britomart;New World Victoria Park,3,16,6584.84,01:49:44
Fri_0254,New World Devonport,1,7,6588.05,01:49:48
Fri_0255,New World Victoria Park;New World Metro Queen St;Four Square Eden Terrace,3,16,6590.7,01:49:50
Fri_0256,Four Square Britomart;New World Eastridge,2,11,6598.01,01:49:58
Fri_0257,Four Square Onehunga;New World Remuera;Four Square Remuera,3,16,6600.02,01:50:00
Fri_0258,Four Square Ellerslie;Pak 'n Save Manukau,2,13,6603.4,01:50:03
Fri_0259,Pak 'n Save Highland Park;Four Square Onehunga,2,13,6604.93,01:50:04
Fri_0260,Pak 'n Save Ormiston;Four Square Botany Junction,2,13,6608.55,01:50:08
Fri_0261,New World Mt Albert;New World Birkenhead,2,16,6609.99,01:50:09
Fri_0262,New World Remuera;Four Square Remuera;Four Square Onehunga,3,16,6623.13,01:50:23
Fri_0263,New World Eastridge;New World Remuera,2,15,6623.68,01:50:23
Fri_0264,Four Square Remuera;Pak 'n Save Sylvia Park,2,15,6629.29,01:50:29
Fri_0265,Four Square Glen Eden;Pak 'n Save Westgate,2,16,6630.26,01:50:30
Fri_0266,Pak 'n Save Mt Albert;New World Metro Shore City,2,15,6638.71,01:50:38
Fri_0267,Four Square Onehunga;Four Square Remuera;New World Remuera,3,16,6641.01,01:50:41
Fri_0268,New World Papatoetoe;New World Remuera,2,15,6647.09,01:50:47
Fri_0269,Pak 'n Save Mangere;Four Square Glen Eden,2,13,6647.15,01:50:47
Fri_0270,Four Square Botany Junction;Pak 'n Save Ormiston,2,13,6655.7,01:50:55
Fri_0271,New World Mt Roskill;Four Square Onehunga;Four Square Britomart,3,16,6656.95,01:50:56
Fri_0272,Four Square Onehunga;New World Metro Queen St;New World Mt Albert,3,15,6665.91,01:51:05
Fri_0273,Pak 'n Save Royal Oak;Four Square Botany Junction,2,16,6668.76,01:51:08
Fri_0274,New World Green Bay;Four Square Remuera,2,13,6679.95,01:51:19
Fri_0275,New World Papatoetoe;New World Ormiston,2,15,6682.26,01:51:22
Fri_0276,Pak 'n Save Sylvia Park;Four Square Remuera,2,15,6694.76,01:51:34
Fri_0277,Pak 'n Save Royal Oak;Four Square St Heliers,2,16,6696.2,01:51:36
Fri_0278,New World Eastridge;New World Point Chevalier,2,13,6706.35,01:51:46
Fri_0279,New World Mt Roskill;New World Metro Queen St;Four Square Onehunga,3,16,6712.33,01:51:52
Fri_0280,Four Square Eden Terrace;New World Victoria Park;New World Metro Queen St,3,16,6712.42,01:51:52
Fri_0281,Four Square Onehunga;Pak 'n Save Glen Innes,2,15,6714.76,01:51:54
Fri_0282,Four Square Remuera;New World Remuera;Four Square Onehunga,3,16,6723.85,01:52:03
Fri_0283,Pak 'n Save Westgate;Four Square Glen Eden,2,16,6724.74,01:52:04
Fri_0284,Four Square Pakuranga Heights;Pak 'n Save Mt Albert,2,16,6728.07,01:52:08
Fri_0285,New World Papatoetoe;New World Metro Queen St,2,11,6729.46,01:52:09
Fri_0286,Pak 'n Save Sylvia Park;New World Metro Queen St,2,15,6739.85,01:52:19
Fri_0287,Four Square Onehunga;New World Hobsonville,2,12,6747.73,01:52:27
Fri_0288,Pak 'n Save Royal Oak;Four Square Pakuranga Heights,2,16,6751.16,01:52:31
Fri_0289,New World Metro Queen St;Pak 'n Save Sylvia Park,2,15,6752.99,01:52:32
Fri_0290,Pak 'n Save Royal Oak;New World Metro Shore City,2,15,6753.15,01:52:33
Fri_0291,New World Papatoetoe;Pak 'n Save Ormiston,2,16,6762.85,01:52:42
Fri_0292,New World Birkenhead;New World Point Chevalier,2,15,6776.65,01:52:56
Fri_0293,New World Mt Roskill;Four Square Britomart;Four Square Onehunga,3,16,6783.34,01:53:03
Fri_0294,New World Ormiston;New World Papatoetoe,2,15,6798.59,01:53:18
Fri_0295,Four Square Remuera;New World Papatoetoe,2,11,6799.89,01:53:19
Fri_0296,Four Square Britomart;New World Victoria Park;Four Square Eden Terrace,3,16,6800.8,01:53:20
Fri_0297,New World Stonefields;New World Victoria Park,2,16,6801.19,01:53:21
Fri_0298,New World Browns Bay,1,8,6812.45,01:53:32
Fri_0299,Four Square Pakuranga Heights;Pak 'n Save Sylvia Park,2,15,6812.66,01:53:32
Fri_0300,Pak 'n Save Manukau;Four Square Remuera,2,15,6815.56,01:53:35
Fri_0301,Four Square Eden Terrace;New World Victoria Park;Four Square Britomart,3,16,6815.93,01:53:35
Fri_0302,Four Square Ellerslie;New World Remuera;Four Square Onehunga,3,14,6823.91,01:53:43
Fri_0303,Four Square Britomart;New World Victoria Park;New World Metro Queen St,3,16,6825.26,01:53:45
Fri_0304,New World Metro Queen St;New World Victoria Park;Four Square Britomart,3,16,6826.6,01:53:46
Fri_0305,Pak 'n Save Royal Oak;Four Square Hobsonville,2,15,6830.62,01:53:50
Fri_0306,Pak 'n Save Wairau Road;New World Point Chevalier,2,16,6831.84,01:53:51
Fri_0307,Four Square Onehunga;Four Square Eden Terrace;New World Victoria Park,3,16,6835.58,01:53:55
Fri_0308,Pak 'n Save Glen Innes;Four Square Onehunga,2,15,6843.98,01:54:03
Fri_0309,New World Milford;New World Mt Albert,2,16,6848.55,01:54:08
Fri_0310,Pak 'n Save Sylvia Park;Four Square Britomart,2,15,6850.79,01:54:10
Fri_0311,New World Stonefields;Four Square Britomart,2,12,6852.58,01:54:12
Fri_0312,Pak 'n Save Manukau;New World Metro Queen St,2,15,6860.65,01:54:20
Fri_0313,New World Point Chevalier;New World Birkenhead,2,15,6862.52,01:54:22
Fri_0314,New World Metro Shore City;Pak 'n Save Royal Oak,2,15,6863.87,01:54:23
Fri_0315,New World Metro Shore City;New World Milford,2,12,6868.98,01:54:28
Fri_0316,New World Papatoetoe;New World Stonefields,2,15,6876.69,01:54:36
Fri_0317,Four Square Onehunga;New World Botany,2,12,6878.16,01:54:38
Fri_0318,Pak 'n Save Ormiston;New World Papatoetoe,2,16,6879.18,01:54:39
Fri_0319,New World Southmall;Four Square Botany Junction,2,11,6883.11,01:54:43
Fri_0320,Four Square Onehunga;New World Mt Roskill;Four Square Eden Terrace,3,16,6883.33,01:54:43
Fri_0321,Four Square Pakuranga Heights;New World Papatoetoe,2,11,6883.41,01:54:43
Fri_0322,New World Milford;New World Metro Shore City,2,12,6883.79,01:54:43
Fri_0323,Pak 'n Save Wairau Road;New World Metro Shore City,2,13,6887.47,01:54:47
Fri_0324,Four Square Hobsonville;Pak 'n Save Royal Oak,2,15,6890.31,01:54:50
Fri_0325,New World Stonefields;New World Eastridge,2,15,6893.24,01:54:53
Fri_0326,New World Birkenhead;New World Metro Queen St,2,13,6896.89,01:54:56
Fri_0327,New World Mt Roskill;Four Square Ellerslie;Four Square Remuera,3,14,6898.18,01:54:58
Fri_0328,New World Mt Roskill;Four Square Ellerslie;Four Square Eden Terrace,3,14,6899.11,01:54:59
Fri_0329,Four Square Onehunga;New World Birkenhead,2,13,6903.67,01:55:03
Fri_0330,Four Square Remuera;Pak 'n Save Manukau,2,15,6903.84,01:55:03
Fri_0331,New World Mt Roskill;Four Square Remuera;Four Square Eden Terrace,3,16,6907.51,01:55:07
Fri_0332,New World Mt Albert;New World Milford,2,16,6911.43,01:55:11
Fri_0333,New World Point Chevalier;Pak 'n Save Wairau Road,2,16,6917.7,01:55:17
Fri_0334,Four Square Glen Eden;New World Point Chevalier;New World Mt Albert,3,16,6918.48,01:55:18
Fri_0335,New World Metro Shore City;Pak 'n Save Wairau Road,2,13,6934.07,01:55:34
Fri_0336,Four Square Pakuranga Heights;New World Botany,2,12,6936.21,01:55:36
Fri_0337,Four Square Onehunga;Four Square Ellerslie;New World Stonefields,3,14,6942.78,01:55:42
Fri_0338,Pak 'n Save Henderson;Four Square Hobsonville,2,13,6947.99,01:55:47
Fri_0339,New World Mt Roskill;Four Square Eden Terrace;Four Square Ellerslie,3,14,6953.9,01:55:53
Fri_0340,New World Victoria Park;New World Stonefields,2,16,6955.03,01:55:55
Fri_0341,Pak 'n Save Henderson;New World Metro Queen St,2,14,6956.82,01:55:56
Fri_0342,New World Point Chevalier;Four Square Eden Terrace;Four Square Britomart,3,14,6958.38,01:55:58
Fri_0343,New World Mt Roskill;Four Square Eden Terrace;Four Square Remuera,3,16,6962.3,01:56:02
Fri_0344,New World Remuera;Four Square Remuera;Four Square Eden Terrace,3,16,6967.1,01:56:07
Fri_0345,New World Birkenhead;Four Square Eden Terrace,2,13,6967.41,01:56:07
Fri_0346,Four Square Pakuranga Heights;New World Stonefields,2,12,6970.18,01:56:10
Fri_0347,Pak 'n Save Manukau;Four Square Britomart,2,15,6971.58,01:56:11
Fri_0348,New World Mt Albert;New World Point Chevalier;Four Square Glen Eden,3,16,6975.61,01:56:15
Fri_0349,New World Botany;Four Square Botany Junction,2,12,6982.98,01:56:22
Fri_0350,New World Metro Queen St;Four Square Eden Terrace;Four Square Onehunga,3,12,6983.79,01:56:23
Fri_0351,New World Mt Albert;Four Square Eden Terrace;Four Square Remuera,3,15,6984.04,01:56:24
Fri_0352,Pak 'n Save Mt Albert;Four Square Botany Junction,2,16,6987.86,01:56:27
Fri_0353,New World Mt Roskill;New World Botany,2,16,6993.1,01:56:33
Fri_0354,New World Howick;Four Square Onehunga,2,12,6996.46,01:56:36
Fri_0355,New World Mt Roskill;Four Square St Heliers,2,12,6999.23,01:56:39
Fri_0356,Pak 'n Save Lincoln Road;Four Square Remuera,2,15,7003.07,01:56:43
Fri_0357,New World Mt Roskill;Four Square Onehunga;Four Square Glen Eden,3,15,7003.45,01:56:43
Fri_0358,New World Stonefields;New World Papatoetoe,2,15,7009.5,01:56:49
Fri_0359,Four Square Pakuranga Heights;Pak 'n Save Botany,2,14,7015.81,01:56:55
Fri_0360,New World Botany;New World Mt Roskill,2,16,7019.23,01:56:59
Fri_0361,Four Square Pakuranga Heights;Pak 'n Save Manukau,2,15,7028.01,01:57:08
Fri_0362,Four Square Eden Terrace;New World Mt Albert;Four Square Onehunga,3,15,7030.74,01:57:10
Fri_0363,Four Square Onehunga;New World Stonefields;Four Square Remuera,3,16,7033.65,01:57:13
Fri_0364,Four Square Remuera;Pak 'n Save Glen Innes,2,15,7038.51,01:57:18
Fri_0365,New World Mt Roskill;New World Papakura,2,16,7038.99,01:57:18
Fri_0366,Four Square Onehunga;New World Newmarket;Four Square Ellerslie,3,15,7045.25,01:57:25
Fri_0367,Pak 'n Save Glen Innes;Four Square Remuera,2,15,7045.82,01:57:25
Fri_0368,New World Mt Roskill;Four Square Lancaster,2,12,7047.28,01:57:27
Fri_0369,Four Square Remuera;Pak 'n Save Lincoln Road,2,15,7052.83,01:57:32
Fri_0370,New World Mt Roskill;Four Square Remuera;Four Square Ellerslie,3,14,7057.08,01:57:37
Fri_0371,New World Papakura;New World Mt Roskill,2,16,7065.11,01:57:45
Fri_0372,Four Square Ellerslie;Four Square Remuera;New World Remuera,3,14,7066.52,01:57:46
Fri_0373,Four Square Britomart;New World Remuera;Four Square Onehunga,3,16,7070.06,01:57:50
Fri_0374,New World Mt Roskill;Four Square Ellerslie;New World Point Chevalier,3,16,7072.75,01:57:52
Fri_0375,Four Square Botany Junction;New World Botany,2,12,7073.45,01:57:53
Fri_0376,Four Square Remuera;New World Remuera;Four Square Eden Terrace,3,16,7075.86,01:57:55
Fri_0377,New World New Lynn;New World Stonefields,2,16,7077.04,01:57:57
Fri_0378,New World Newmarket;Four Square Ellerslie;Four Square Remuera,3,15,7077.64,01:57:57
Fri_0379,New World Milford;New World Point Chevalier,2,15,7078.1,01:57:58
Fri_0380,New World Mt Albert;Four Square Remuera;Four Square Eden Terrace,3,15,7090.29,01:58:10
Fri_0381,Four Square Ellerslie;Pak 'n Save Glen Innes,2,13,7090.76,01:58:10
Fri_0382,Pak 'n Save Highland Park;Four Square Pakuranga Heights,2,13,7090.91,01:58:10
Fri_0383,Four Square Britomart;Pak 'n Save Manukau,2,15,7098.56,01:58:18
Fri_0384,Four Square Ellerslie;New World Point Chevalier;New World Mt Roskill,3,16,7098.88,01:58:18
Fri_0385,Four Square Onehunga;New World Stonefields;Four Square Eden Terrace,3,16,7100.13,01:58:20
Fri_0386,Four Square Onehunga;New World New Lynn;Four Square Glen Eden,3,15,7108.29,01:58:28
Fri_0387,New World Remuera;Four Square Remuera;Four Square Ellerslie,3,14,7116.67,01:58:36
Fri_0388,New World Eastridge;Four Square St Heliers,2,11,7121.5,01:58:41
Fri_0389,New World Newmarket;New World Southmall,2,16,7123.36,01:58:43
Fri_0390,New World Birkenhead;Four Square Lancaster,2,13,7125.15,01:58:45
Fri_0391,Four Square Glen Eden;New World New Lynn;Four Square Onehunga,3,15,7127.13,01:58:47
Fri_0392,Pak 'n Save Botany;Four Square Botany Junction,2,14,7128.74,01:58:48
Fri_0393,New World Mt Albert;New World Point Chevalier;Four Square Fair Price Henderson,3,16,7130.77,01:58:50
Fri_0394,Four Square Eden Terrace;New World Newmarket;Four Square Ellerslie,3,15,7133.36,01:58:53
Fri_0395,Four Square Glen Eden;New World Mt Roskill;Four Square Onehunga,3,15,7136.19,01:58:56
Fri_0396,New World Southmall;New World Newmarket,2,16,7136.23,01:58:56
Fri_0397,New World Mt Roskill;Four Square Glen Eden;Four Square Onehunga,3,15,7137.47,01:58:57
Fri_0398,Four Square Lancaster;New World Birkenhead,2,13,7137.75,01:58:57
Fri_0399,Four Square Onehunga;Four Square Glen Eden;New World New Lynn,3,15,7140.94,01:59:00
Fri_0400,Pak 'n Save Mangere;Four Square Remuera,2,14,7141.55,01:59:01
Fri_0401,New World Mt Albert;New World Point Chevalier;Four Square Ellerslie,3,15,7141.71,01:59:01
Fri_0402,Four Square St Heliers;New World Eastridge,2,11,7147.45,01:59:07
Fri_0403,New World Southmall;New World Ormiston,2,15,7147.86,01:59:07
Fri_0404,New World Papatoetoe;New World Botany,2,15,7149.16,01:59:09
Fri_0405,Four Square Pakuranga Heights;Pak 'n Save Highland Park,2,13,7152.05,01:59:12
Fri_0406,New World Mt Roskill;New World Point Chevalier;Four Square Ellerslie,3,16,7158.6,01:59:18
Fri_0407,New World Eastridge;New World Victoria Park,2,15,7160.24,01:59:20
Fri_0408,Four Square Onehunga;New World Mt Roskill;Four Square Glen Eden,3,15,7162.32,01:59:22
Fri_0409,New World Point Chevalier;New World Milford,2,15,7163.95,01:59:23
Fri_0410,New World Stonefields;Four Square St Heliers,2,12,7164.96,01:59:24
Fri_0411,New World Southmall;New World New Lynn,2,15,7168.97,01:59:28
Fri_0412,Four Square Glen Eden;New World Green Bay;Four Square Onehunga,3,16,7170.57,01:59:30
Fri_0413,New World Victoria Park;New World Eastridge,2,15,7179.13,01:59:39
Fri_0414,New World Stonefields;Four Square Remuera;Four Square Onehunga,3,16,7195.41,01:59:55
Fri_0415,New World New Lynn;New World Southmall,2,15,7204.13,02:00:04
Fri_0416,Four Square Onehunga;New World Milford,2,13,7205.11,02:00:05
Fri_0417,New World Green Bay;Four Square Glen Eden;Four Square Onehunga,3,16,7208.56,02:00:08
Fri_0418,New World Victoria Park;Four Square Eden Terrace;Four Square Britomart,3,16,7211.85,02:00:11
Fri_0419,New World New Lynn;Four Square Britomart;New World Metro Queen St,3,16,7215.59,02:00:15
Fri_0420,New World Remuera;Four Square Ellerslie;Four Square Remuera,3,14,7218.01,02:00:18
Fri_0421,Pak 'n Save Clendon;Four Square Botany Junction,2,15,7219.85,02:00:19
Fri_0422,Pak 'n Save Glen Innes;Four Square Eden Terrace,2,15,7220.5,02:00:20
Fri_0423,New World Metro Queen St;New World Victoria Park;Four Square Onehunga,3,16,7227.0,02:00:27
Fri_0424,New World Southmall;Pak 'n Save Ormiston,2,16,7228.44,02:00:28
Fri_0425,Four Square Glen Eden;New World Mt Albert;New World Point Chevalier,3,16,7229.23,02:00:29
Fri_0426,New World Hobsonville;New World Victoria Park,2,16,7233.51,02:00:33
Fri_0427,New World Newmarket;Four Square Remuera;Four Square Ellerslie,3,15,7236.54,02:00:36
Fri_0428,New World Metro Queen St;New World Mt Albert;Four Square Eden Terrace,3,15,7236.66,02:00:36
Fri_0429,New World Long Bay,1,7,7236.92,02:00:36
Fri_0430,Four Square Ellerslie;New World Remuera;Four Square Remuera,3,14,7238.16,02:00:38
Fri_0431,Four Square St Heliers;Pak 'n Save Mt Albert,2,16,7243.81,02:00:43
Fri_0432,New World New Lynn;New World Metro Queen St;Four Square Britomart,3,16,7245.53,02:00:45
Fri_0433,Pak 'n Save Glen Innes;Four Square Ellerslie,2,13,7249.66,02:00:49
Fri_0434,New World Botany;New World Papatoetoe,2,15,7249.9,02:00:49
Fri_0435,New World Mt Roskill;Four Square Pakuranga Heights;Four Square Onehunga,3,16,7250.04,02:00:50
Fri_0436,New World Newmarket;Four Square Hobsonville,2,12,7250.48,02:00:50
Fri_0437,Pak 'n Save Sylvia Park;Four Square Botany Junction,2,15,7253.64,02:00:53
Fri_0438,New World Botany;New World Ormiston,2,16,7258.55,02:00:58
Fri_0439,New World Remuera;New World Southmall,2,15,7263.73,02:01:03
Fri_0440,New World New Lynn;Four Square Eden Terrace;Four Square Onehunga,3,16,7265.18,02:01:05
Fri_0441,Four Square Britomart;New World Metro Queen St;New World Remuera,3,16,7270.32,02:01:10
Fri_0442,Four Square Eden Terrace;New World Remuera;Four Square Ellerslie,3,14,7273.73,02:01:13
Fri_0443,Four Square Eden Terrace;Pak 'n Save Glen Innes,2,15,7275.28,02:01:15
Fri_0444,New World Birkenhead;New World Metro Shore City,2,12,7277.29,02:01:17
Fri_0445,New World Southmall;New World Green Bay,2,16,7281.8,02:01:21
Fri_0446,Four Square Botany Junction;Pak 'n Save Sylvia Park,2,15,7283.27,02:01:23
Fri_0447,New World Remuera;New World Metro Queen St;Four Square Britomart,3,16,7287.12,02:01:27
Fri_0448,New World Ormiston;New World Southmall,2,15,7289.61,02:01:29
Fri_0449,New World Ormiston;New World Botany,2,16,7291.17,02:01:31
Fri_0450,Four Square Lancaster;Pak 'n Save Mt Albert,2,16,7291.87,02:01:31
Fri_0451,New World Remuera;Four Square Britomart;New World Metro Queen St,3,16,7297.06,02:01:37
Fri_0452,New World Metro Queen St;Four Square Britomart;New World Remuera,3,16,7300.22,02:01:40
Fri_0453,New World New Lynn;Four Square Eden Terrace;New World Metro Queen St,3,16,7300.86,02:01:40
Fri_0454,New World New Lynn;New World Eastridge,2,15,7301.15,02:01:41
Fri_0455,Pak 'n Save Mt Albert;Four Square St Heliers,2,16,7301.26,02:01:41
Fri_0456,New World Papatoetoe;Four Square Pakuranga Heights,2,11,7302.97,02:01:42
Fri_0457,Four Square Britomart;New World Mt Albert;Four Square Eden Terrace,3,15,7307.72,02:01:47
Fri_0458,Pak 'n Save Highland Park;New World Point Chevalier,2,15,7309.26,02:01:49
Fri_0459,Pak 'n Save Glen Innes;Four Square St Heliers,2,15,7317.14,02:01:57
Fri_0460,Four Square Onehunga;New World Mt Albert;New World Metro Queen St,3,15,7328.44,02:02:08
Fri_0461,New World Green Bay;New World Southmall,2,16,7329.57,02:02:09
Fri_0462,Four Square Fair Price Henderson;Pak 'n Save Henderson;Four Square Glen Eden,3,16,7332.4,02:02:12
Fri_0463,Four Square Remuera;Four Square Ellerslie;New World Remuera,3,14,7333.88,02:02:13
Fri_0464,New World Papakura;New World Southmall,2,15,7336.43,02:02:16
Fri_0465,Four Square Torbay,1,4,7336.52,02:02:16
Fri_0466,New World Mt Roskill;Four Square Remuera;New World Metro Queen St,3,16,7340.55,02:02:20
Fri_0467,Four Square Glen Eden;Pak 'n Save Henderson;Four Square Fair Price Henderson,3,16,7345.24,02:02:25
Fri_0468,New World Mt Roskill;New World Metro Queen St;Four Square Ellerslie,3,14,7345.3,02:02:25
Fri_0469,Four Square Onehunga;Four Square Remuera;New World Eastridge,3,15,7347.88,02:02:27
Fri_0470,Four Square St Heliers;New World Point Chevalier,2,10,7348.68,02:02:28
Fri_0471,Pak 'n Save Mt Albert;Four Square Lancaster,2,16,7349.31,02:02:29
Fri_0472,New World Metro Queen St;New World Remuera;Four Square Eden Terrace,3,16,7351.05,02:02:31
Fri_0473,New World Mt Roskill;New World Howick,2,16,7351.34,02:02:31
Fri_0474,New World Mt Roskill;New World Metro Queen St;Four Square Remuera,3,16,7353.7,02:02:33
Fri_0475,Four Square St Heliers;New World Stonefields,2,12,7354.15,02:02:34
Fri_0476,Pak 'n Save Mt Albert;Four Square Pakuranga Heights,2,16,7354.41,02:02:34
Fri_0477,New World Southmall;New World Remuera,2,15,7355.03,02:02:35
Fri_0478,Four Square Eden Terrace;New World Metro Queen St;New World Remuera,3,16,7355.59,02:02:35
Fri_0479,Pak 'n Save Sylvia Park;Four Square Pakuranga Heights,2,15,7365.27,02:02:45
Fri_0480,Four Square Pakuranga Heights;New World New Lynn,2,12,7366.39,02:02:46
Fri_0481,Pak 'n Save Ormiston;New World Southmall,2,16,7370.19,02:02:50
Fri_0482,Pak 'n Save Manukau;Four Square Pakuranga Heights,2,15,7370.8,02:02:50
Fri_0483,New World Point Chevalier;New World Mt Albert;Four Square Glen Eden,3,16,7373.01,02:02:53
Fri_0484,Four Square Lancaster;Pak 'n Save Wairau Road,2,14,7379.9,02:02:59
Fri_0485,New World Metro Shore City;New World Birkenhead,2,12,7382.76,02:03:02
Fri_0486,Four Square Remuera;New World Remuera;Four Square Ellerslie,3,14,7389.94,02:03:09
Fri_0487,Pak 'n Save Westgate;Four Square Ellerslie,2,15,7391.78,02:03:11
Fri_0488,Pak 'n Save Glen Innes;Four Square Britomart,2,15,7392.02,02:03:12
Fri_0489,New World Southmall;Four Square Remuera,2,11,7392.31,02:03:12
Fri_0490,New World Remuera;Four Square Ellerslie;New World Point Chevalier,3,16,7392.58,02:03:12
Fri_0491,Four Square Eden Terrace;New World Remuera;New World Metro Queen St,3,16,7392.69,02:03:12
Fri_0492,Four Square Britomart;Pak 'n Save Glen Innes,2,15,7396.77,02:03:16
Fri_0493,New World Remuera;Four Square Remuera;New World Metro Queen St,3,16,7400.14,02:03:20
Fri_0494,New World Green Bay;New World Metro Shore City,2,12,7406.36,02:03:26
Fri_0495,Four Square Ellerslie;New World Stonefields;Four Square Remuera,3,14,7409.65,02:03:29
Fri_0496,Pak 'n Save Glen Innes;New World Metro Queen St,2,15,7412.3,02:03:32
Fri_0497,New World Metro Queen St;New World Remuera;Four Square Remuera,3,16,7413.29,02:03:33
Fri_0498,New World Mt Roskill;Four Square Britomart;Four Square Ellerslie,3,14,7416.31,02:03:36
Fri_0499,New World Green Bay;Four Square Glen Eden;Four Square Fair Price Henderson,3,15,7420.36,02:03:40
Fri_0500,New World Green Bay;New World Eastridge,2,16,7426.58,02:03:46
Fri_0501,New World Mt Roskill;Four Square Onehunga;Four Square Fair Price Henderson,3,15,7432.54,02:03:52
Fri_0502,New World Mt Roskill;Four Square Eden Terrace;Four Square Glen Eden,3,15,7437.29,02:03:57
Fri_0503,New World Southmall;New World Papakura,2,15,7437.52,02:03:57
Fri_0504,New World Mt Roskill;Four Square Ellerslie;Four Square Britomart,3,14,7443.09,02:04:03
Fri_0505,New World Botany;Four Square Pakuranga Heights,2,12,7448.41,02:04:08
Fri_0506,New World Mt Albert;New World Ormiston,2,15,7448.43,02:04:08
Fri_0507,Four Square Onehunga;New World Eastridge;Four Square Remuera,3,15,7451.45,02:04:11
Fri_0508,New World Mt Roskill;Four Square Remuera;Four Square Britomart,3,16,7451.49,02:04:11
Fri_0509,Four Square Ellerslie;New World Mt Albert;New World Point Chevalier,3,15,7456.7,02:04:16
Fri_0510,Pak 'n Save Royal Oak;Four Square Lancaster,2,16,7463.76,02:04:23
Fri_0511,New World Papatoetoe;New World Eastridge,2,14,7466.79,02:04:26
Fri_0512,Pak 'n Save Highland Park;New World Papatoetoe,2,16,7468.64,02:04:28
Fri_0513,New World Howick;New World Mt Albert,2,15,7471.24,02:04:31
Fri_0514,New World Point Chevalier;New World Remuera;Four Square Ellerslie,3,16,7478.44,02:04:38
Fri_0515,New World Howick;Four Square Pakuranga Heights,2,12,7482.44,02:04:42
Fri_0516,New World Howick;New World Botany,2,16,7483.88,02:04:43
Fri_0517,New World Eastridge;New World Green Bay,2,16,7486.27,02:04:46
Fri_0518,Pak 'n Save Sylvia Park;Four Square St Heliers,2,15,7486.84,02:04:46
Fri_0519,New World Newmarket;Four Square Eden Terrace;Four Square Ellerslie,3,15,7492.0,02:04:52
Fri_0520,New World Mt Roskill;Four Square Fair Price Henderson;Four Square Onehunga,3,15,7492.22,02:04:52
Fri_0521,Pak 'n Save Ormiston;Four Square Eden Terrace,2,13,7494.76,02:04:54
Fri_0522,Pak 'n Save Wairau Road;Four Square Lancaster,2,14,7495.04,02:04:55
Fri_0523,New World Southmall;New World Victoria Park,2,15,7496.95,02:04:56
Fri_0524,Four Square St Heliers;Pak 'n Save Glen Innes,2,15,7497.6,02:04:57
Fri_0525,New World Albany;New World Mt Albert,2,15,7498.29,02:04:58
Fri_0526,New World Mt Roskill;Four Square Fair Price Henderson;Four Square Eden Terrace,3,15,7499.48,02:04:59
Fri_0527,New World Eastridge;Four Square Remuera;Four Square Onehunga,3,15,7506.55,02:05:06
Fri_0528,Four Square Pakuranga Heights;Pak 'n Save Glen Innes,2,15,7511.15,02:05:11
Fri_0529,New World Mt Albert;New World Botany,2,15,7513.45,02:05:13
Fri_0530,Pak 'n Save Clendon;Four Square Eden Terrace,2,15,7520.31,02:05:20
Fri_0531,Pak 'n Save Highland Park;Four Square Remuera,2,13,7523.58,02:05:23
Fri_0532,New World Metro Queen St;New World Newmarket;Four Square Ellerslie,3,15,7524.75,02:05:24
Fri_0533,New World Mt Albert;Pak 'n Save Ormiston,2,16,7529.01,02:05:29
Fri_0534,New World Mt Roskill;Four Square Glen Eden;Four Square Eden Terrace,3,15,7533.81,02:05:33
Fri_0535,Four Square Ellerslie;Four Square Remuera;New World Stonefields,3,14,7535.02,02:05:35
Fri_0536,New World Stonefields;Four Square Remuera;Four Square Eden Terrace,3,16,7539.38,02:05:39
Fri_0537,Four Square Pakuranga Heights;New World Howick,2,12,7543.58,02:05:43
Fri_0538,Four Square Remuera;New World Stonefields;Four Square Eden Terrace,3,16,7544.36,02:05:44
Fri_0539,New World Mt Roskill;Four Square Eden Terrace;Four Square Fair Price Henderson,3,15,7549.23,02:05:49
Fri_0540,Pak 'n Save Westgate;New World Metro Shore City,2,16,7554.4,02:05:54
Fri_0541,New World Mt Roskill;New World Albany,2,16,7557.81,02:05:57
Fri_0542,New World Papatoetoe;New World Papakura,2,15,7562.69,02:06:02
Fri_0543,Pak 'n Save Highland Park;New World Metro Queen St,2,13,7568.66,02:06:08
Fri_0544,New World New Lynn;Four Square Onehunga;Four Square Ellerslie,3,14,7574.49,02:06:14
Fri_0545,Four Square Eden Terrace;Four Square Glen Eden;New World New Lynn,3,15,7574.78,02:06:14
Fri_0546,New World Green Bay;Four Square Botany Junction,2,13,7576.57,02:06:16
Fri_0547,Four Square Lancaster;New World Newmarket,2,13,7581.68,02:06:21
Fri_0548,Four Square Britomart;Four Square Eden Terrace;New World Remuera,3,16,7583.22,02:06:23
Fri_0549,Four Square Onehunga;New World Eastridge;Four Square Britomart,3,15,7583.26,02:06:23
Fri_0550,New World Victoria Park;New World Metro Queen St;Four Square Remuera,3,16,7586.11,02:06:26
Fri_0551,New World Mt Albert;New World Point Chevalier;Four Square Hobsonville,3,16,7591.18,02:06:31
Fri_0552,Four Square Eden Terrace;New World Stonefields;Four Square Remuera,3,16,7594.17,02:06:34
Fri_0553,Four Square Britomart;New World Newmarket;Four Square Ellerslie,3,15,7595.77,02:06:35
Fri_0554,Pak 'n Save Mangere;Four Square Onehunga;Four Square Ellerslie,3,16,7598.21,02:06:38
Fri_0555,New World New Lynn;Four Square Glen Eden;Four Square Eden Terrace,3,15,7601.39,02:06:41
Fri_0556,New World Papakura;New World Papatoetoe,2,15,7610.92,02:06:50
Fri_0557,New World Point Chevalier;New World Mt Albert;Four Square Ellerslie,3,15,7619.37,02:06:59
Fri_0558,Four Square Remuera;New World Remuera;Four Square Britomart,3,16,7619.84,02:06:59
Fri_0559,New World Newmarket;Four Square Ellerslie;Four Square Britomart,3,15,7622.55,02:07:02
Fri_0560,New World Southmall;New World Botany,2,15,7633.79,02:07:13
Fri_0561,New World Stonefields;Four Square Ellerslie;Four Square Remuera,3,14,7634.09,02:07:14
Fri_0562,Four Square Cockle Bay;Pak 'n Save Botany,2,14,7636.61,02:07:16
Fri_0563,Four Square Ellerslie;New World Newmarket;New World Metro Queen St,3,15,7639.84,02:07:19
Fri_0564,New World Victoria Park;Four Square Eden Terrace;Four Square Ellerslie,3,14,7642.67,02:07:22
Fri_0565,New World Point Chevalier;New World Mt Albert;Four Square Fair Price Henderson,3,16,7642.95,02:07:22
Fri_0566,Four Square Ellerslie;New World Stonefields;New World Point Chevalier,3,16,7649.76,02:07:29
Fri_0567,New World Remuera;New World Botany,2,16,7650.51,02:07:30
Fri_0568,New World Stonefields;New World Southmall,2,15,7651.8,02:07:31
Fri_0569,Four Square Glen Eden;Four Square Fair Price Henderson;Pak 'n Save Henderson,3,16,7655.59,02:07:35
Fri_0570,New World Mt Albert;Four Square Onehunga;New World Metro Queen St,3,15,7660.77,02:07:40
Fri_0571,Pak 'n Save Botany;New World Point Chevalier,2,16,7662.34,02:07:42
Fri_0572,New World Metro Queen St;New World Remuera;Four Square Ellerslie,3,14,7665.13,02:07:45
Fri_0573,Pak 'n Save Ormiston;New World Point Chevalier,2,15,7668.4,02:07:48
Fri_0574,New World Hobsonville;New World Remuera,2,16,7672.47,02:07:52
Fri_0575,New World Albany;New World Victoria Park,2,16,7678.52,02:07:58
Fri_0576,Pak 'n Save Highland Park;Four Square Britomart,2,13,7679.6,02:07:59
Fri_0577,New World Victoria Park;Four Square Britomart;Four Square Ellerslie,3,14,7681.17,02:08:01
Fri_0578,New World New Lynn;Four Square Onehunga;Four Square Remuera,3,16,7681.39,02:08:01
Fri_0579,Pak 'n Save Manukau;Four Square Glen Eden,2,14,7684.28,02:08:04
Fri_0580,New World Howick;New World Papatoetoe,2,15,7687.6,02:08:07
Fri_0581,New World Stonefields;Four Square Remuera;Four Square Ellerslie,3,14,7688.95,02:08:08
Fri_0582,New World Victoria Park;Four Square Britomart;Four Square Remuera,3,16,7689.58,02:08:09
Fri_0583,Four Square Eden Terrace;New World Stonefields;Four Square Ellerslie,3,14,7689.81,02:08:09
Fri_0584,Pak 'n Save Ormiston;Four Square Ellerslie,2,11,7690.28,02:08:10
Fri_0585,Four Square Britomart;Four Square Ellerslie;New World Remuera,3,14,7693.11,02:08:13
Fri_0586,Pak 'n Save Mangere;Four Square Pakuranga Heights,2,14,7696.78,02:08:16
Fri_0587,Four Square St Heliers;Pak 'n Save Sylvia Park,2,15,7697.88,02:08:17
Fri_0588,New World Green Bay;Four Square Onehunga;Four Square Ellerslie,3,15,7699.92,02:08:19
Fri_0589,New World Mt Roskill;Four Square Cockle Bay,2,12,7706.69,02:08:26
Fri_0590,New World Mt Roskill;New World Devonport,2,15,7709.5,02:08:29
Fri_0591,New World Mt Albert;Pak 'n Save Highland Park,2,16,7711.48,02:08:31
Fri_0592,New World Ormiston;New World New Lynn,2,16,7711.63,02:08:31
Fri_0593,New World Howick;Four Square Cockle Bay,2,12,7713.01,02:08:33
Fri_0594,Pak 'n Save Clendon;Four Square Ellerslie,2,13,7715.83,02:08:35
Fri_0595,Four Square Ellerslie;New World Remuera;Four Square Britomart,3,14,7719.9,02:08:39
Fri_0596,Pak 'n Save Highland Park;Four Square Cockle Bay,2,13,7720.01,02:08:40
Fri_0597,New World Point Chevalier;Four Square Glen Eden;New World Mt Albert,3,16,7720.05,02:08:40
Fri_0598,New World Victoria Park;Four Square Ellerslie;Four Square Remuera,3,14,7720.42,02:08:40
Fri_0599,New World Mt Roskill;Four Square Onehunga;Four Square Pakuranga Heights,3,16,7721.3,02:08:41
Fri_0600,Four Square Remuera;Four Square Ellerslie;New World Victoria Park,3,14,7725.48,02:08:45
Fri_0601,New World New Lynn;Four Square Britomart;Four Square Onehunga,3,16,7727.59,02:08:47
Fri_0602,New World Ormiston;Four Square Pakuranga Heights,2,12,7727.76,02:08:47
Fri_0603,Pak 'n Save Henderson;Four Square Fair Price Henderson;Four Square Glen Eden,3,16,7728.13,02:08:48
Fri_0604,Four Square Cockle Bay;Pak 'n Save Highland Park,2,13,7740.62,02:09:00
Fri_0605,New World Botany;New World Stonefields,2,16,7742.23,02:09:02
Fri_0606,New World Botany;New World Southmall,2,15,7744.63,02:09:04
Fri_0607,Four Square Ellerslie;Pak 'n Save Wairau Road,2,12,7744.99,02:09:04
Fri_0608,Four Square Ellerslie;New World Newmarket;Four Square Britomart,3,15,7750.78,02:09:10
Fri_0609,New World New Lynn;New World Point Chevalier;Four Square Ellerslie,3,16,7751.84,02:09:11
Fri_0610,New World Victoria Park;New World Albany,2,16,7751.95,02:09:11
Fri_0611,New World Mt Roskill;Four Square Onehunga;Four Square Botany Junction,3,16,7752.72,02:09:12
Fri_0612,Four Square Remuera;Pak 'n Save Wairau Road,2,14,7753.39,02:09:13
Fri_0613,New World Newmarket;Four Square Onehunga;Four Square Ellerslie,3,15,7758.25,02:09:18
Fri_0614,Four Square Fair Price Henderson;New World Mt Roskill;Four Square Onehunga,3,15,7763.91,02:09:23
Fri_0615,New World Metro Shore City;Pak 'n Save Westgate,2,16,7765.89,02:09:25
Fri_0616,Four Square Cockle Bay;Pak 'n Save Manukau,2,15,7768.43,02:09:28
Fri_0617,New World Point Chevalier;Pak 'n Save Ormiston,2,15,7781.54,02:09:41
Fri_0618,New World Botany;New World Remuera,2,16,7782.01,02:09:42
Fri_0619,New World Mt Roskill;Four Square Botany Junction;Four Square Onehunga,3,16,7787.79,02:09:47
Fri_0620,New World Mt Roskill;Four Square Onehunga;Four Square St Heliers,3,16,7790.75,02:09:50
Fri_0621,Four Square Remuera;New World Mt Albert;Four Square Eden Terrace,3,15,7792.11,02:09:52
Fri_0622,New World Papatoetoe;Four Square Fair Price Henderson,2,10,7802.55,02:10:02
Fri_0623,New World Stonefields;New World Botany,2,16,7804.96,02:10:04
Fri_0624,Pak 'n Save Albany;Four Square Britomart,2,14,7812.46,02:10:12
Fri_0625,New World Albany;New World Hobsonville,2,16,7819.82,02:10:19
Fri_0626,Four Square Eden Terrace;New World Green Bay;Four Square Glen Eden,3,16,7821.89,02:10:21
Fri_0627,Pak 'n Save Albany;Four Square Eden Terrace,2,14,7822.21,02:10:22
Fri_0628,New World Eastridge;Four Square Britomart;New World Metro Queen St,3,15,7830.55,02:10:30
Fri_0629,New World Newmarket;New World Metro Queen St;Four Square Ellerslie,3,15,7835.62,02:10:35
Fri_0630,New World New Lynn;Four Square Ellerslie;Four Square Remuera,3,14,7842.43,02:10:42
Fri_0631,New World Point Chevalier;Pak 'n Save Botany,2,16,7845.58,02:10:45
Fri_0632,New World Albany;New World Metro Queen St,2,12,7848.08,02:10:48
Fri_0633,Pak 'n Save Albany;Four Square Onehunga,2,14,7849.03,02:10:49
Fri_0634,New World New Lynn;Four Square Remuera;Four Square Eden Terrace,3,16,7851.76,02:10:51
Fri_0635,New World New Lynn;Four Square Onehunga;Four Square Britomart,3,16,7865.67,02:11:05
Fri_0636,Four Square Britomart;New World Metro Queen St;New World Eastridge,3,15,7866.1,02:11:06
Fri_0637,New World Mt Albert;New World Point Chevalier;New World Metro Shore City,3,16,7876.53,02:11:16
Fri_0638,New World Victoria Park;Four Square Remuera;Four Square Ellerslie,3,14,7879.32,02:11:19
Fri_0639,New World Devonport;New World Metro Shore City,2,10,7882.41,02:11:22
Fri_0640,Pak 'n Save Papakura;Four Square Botany Junction,2,14,7882.41,02:11:22
Fri_0641,New World Mt Roskill;Four Square Onehunga;Four Square Hobsonville,3,15,7892.95,02:11:32
Fri_0642,New World Point Chevalier;New World Stonefields;Four Square Ellerslie,3,16,7894.52,02:11:34
Fri_0643,Pak 'n Save Manukau;Four Square St Heliers,2,15,7895.9,02:11:35
Fri_0644,Four Square Onehunga;New World Papatoetoe;Four Square Botany Junction,3,15,7896.9,02:11:36
Fri_0645,New World New Lynn;Four Square Eden Terrace;Four Square Ellerslie,3,14,7898.15,02:11:38
Fri_0646,Four Square Eden Terrace;New World Eastridge;Four Square Remuera,3,15,7905.31,02:11:45
Fri_0647,Pak 'n Save Clendon;Four Square Remuera,2,15,7908.27,02:11:48
Fri_0648,Four Square Ellerslie;New World Stonefields;New World Metro Queen St,3,14,7909.16,02:11:49
Fri_0649,Four Square Onehunga;New World Hobsonville;Four Square Hobsonville,3,15,7909.99,02:11:49
Fri_0650,Four Square Onehunga;New World Mt Roskill;Four Square Ellerslie,3,14,7911.2,02:11:51
Fri_0651,Four Square Ellerslie;New World Mt Roskill;Four Square Onehunga,3,14,7911.2,02:11:51
Fri_0652,New World Mt Albert;New World Albany,2,15,7911.46,02:11:51
Fri_0653,New World Hobsonville;Four Square Hobsonville;Four Square Fair Price Henderson,3,14,7911.74,02:11:51
Fri_0654,Four Square Remuera;New World Eastridge;Four Square Eden Terrace,3,15,7917.66,02:11:57
Fri_0655,New World Point Chevalier;Four Square Onehunga;Four Square Remuera,3,14,7918.62,02:11:58
Fri_0656,Four Square Onehunga;New World Mt Roskill;Four Square Remuera,3,16,7919.6,02:11:59
Fri_0657,Pak 'n Save Botany;New World Metro Queen St,2,14,7921.75,02:12:01
Fri_0658,Pak 'n Save Highland Park;New World Eastridge,2,16,7922.88,02:12:02
Fri_0659,New World Botany;New World Victoria Park,2,16,7923.93,02:12:03
Fri_0660,Four Square Hobsonville;New World Hobsonville;Four Square Fair Price Henderson,3,14,7926.0,02:12:06
Fri_0661,New World Mt Roskill;New World Metro Shore City;New World Metro Queen St,3,15,7927.8,02:12:07
Fri_0662,New World Mt Roskill;New World Browns Bay,2,16,7933.89,02:12:13
Fri_0663,New World Mt Roskill;Four Square Onehunga;New World Metro Shore City,3,15,7934.57,02:12:14
Fri_0664,Four Square Onehunga;New World Newmarket;Four Square Glen Eden,3,16,7942.06,02:12:22
Fri_0665,New World Papatoetoe;Pak 'n Save Highland Park,2,16,7943.72,02:12:23
Fri_0666,Four Square Eden Terrace;New World Mt Albert;Four Square Ellerslie,3,13,7944.74,02:12:24
Fri_0667,New World Newmarket;Four Square Britomart;Four Square Ellerslie,3,15,7946.51,02:12:26
Fri_0668,New World Eastridge;New World Metro Queen St;Four Square Britomart,3,15,7951.83,02:12:31
Fri_0669,New World Mt Roskill;Four Square Hobsonville;Four Square Onehunga,3,15,7952.64,02:12:32
Fri_0670,Pak 'n Save Clendon;New World Metro Queen St,2,15,7953.35,02:12:33
Fri_0671,New World Mt Roskill;New World Metro Queen St;New World Metro Shore City,3,15,7956.2,02:12:36
Fri_0672,New World Mt Roskill;Four Square Hobsonville;Four Square Eden Terrace,3,15,7959.89,02:12:39
Fri_0673,New World Metro Queen St;New World Eastridge;Four Square Remuera,3,15,7967.38,02:12:47
Fri_0674,New World Green Bay;Four Square Ellerslie;Four Square Remuera,3,15,7967.87,02:12:47
Fri_0675,New World Hobsonville;Four Square Hobsonville;Four Square Onehunga,3,15,7969.68,02:12:49
Fri_0676,Four Square Britomart;New World Victoria Park;Four Square Remuera,3,16,7970.54,02:12:50
Fri_0677,Four Square Britomart;New World Metro Queen St;New World Stonefields,3,16,7971.32,02:12:51
Fri_0678,New World Remuera;Four Square Onehunga;Four Square Remuera,3,16,7972.4,02:12:52
Fri_0679,New World Stonefields;Four Square Remuera;New World Metro Queen St,3,16,7972.42,02:12:52
Fri_0680,New World Stonefields;New World Ormiston,2,16,7973.55,02:12:53
Fri_0681,Pak 'n Save Royal Oak;Four Square Cockle Bay,2,16,7974.36,02:12:54
Fri_0682,New World Botany;New World Howick,2,16,7975.18,02:12:55
Fri_0683,New World Mt Roskill;Four Square Pakuranga Heights;Four Square Ellerslie,3,14,7976.26,02:12:56
Fri_0684,New World Hobsonville;Four Square Hobsonville;Four Square Eden Terrace,3,15,7976.93,02:12:56
Fri_0685,New World Mt Roskill;Four Square Fair Price Henderson;New World Metro Queen St,3,15,7980.3,02:13:00
Fri_0686,Four Square Eden Terrace;New World Mt Roskill;Four Square Glen Eden,3,15,7980.44,02:13:00
Fri_0687,New World Point Chevalier;New World Victoria Park;Four Square Ellerslie,3,16,7980.84,02:13:00
Fri_0688,Four Square Hobsonville;New World Hobsonville;Four Square Onehunga,3,15,7983.94,02:13:03
Fri_0689,New World Point Chevalier;Four Square Eden Terrace;Four Square Fair Price Henderson,3,13,7984.53,02:13:04
Fri_0690,New World Papatoetoe;Four Square Britomart;New World Metro Queen St,3,15,7985.87,02:13:05
Fri_0691,New World Victoria Park;New World Devonport,2,15,7985.9,02:13:05
Fri_0692,New World Mt Roskill;New World Metro Shore City;Four Square Britomart,3,15,7988.57,02:13:08
Fri_0693,Four Square Hobsonville;New World Hobsonville;Four Square Eden Terrace,3,15,7991.19,02:13:11
Fri_0694,New World Papakura;New World Mt Albert,2,15,7992.01,02:13:12
Fri_0695,New World Ormiston;New World Stonefields,2,16,7994.45,02:13:14
Fri_0696,New World Mt Albert;Four Square Ellerslie;New World Eastridge,3,16,7997.6,02:13:17
Fri_0697,New World Stonefields;Four Square Britomart;New World Metro Queen St,3,16,7998.05,02:13:18
Fri_0698,New World Mt Roskill;New World Metro Shore City;Four Square Eden Terrace,3,15,7998.32,02:13:18
Fri_0699,New World New Lynn;Four Square Remuera;Four Square Ellerslie,3,14,8001.33,02:13:21
Fri_0700,New World Devonport;New World Victoria Park,2,15,8009.62,02:13:29
Fri_0701,New World Mt Roskill;Four Square Eden Terrace;Four Square Hobsonville,3,15,8009.64,02:13:29
Fri_0702,New World Mt Roskill;Four Square Pakuranga Heights;Four Square Botany Junction,3,16,8010.03,02:13:30
Fri_0703,New World Mt Roskill;Four Square Glen Eden;New World Metro Queen St,3,15,8014.63,02:13:34
Fri_0704,New World Howick;New World Victoria Park,2,16,8019.74,02:13:39
Fri_0705,Pak 'n Save Lincoln Road;Four Square Lancaster,2,15,8020.15,02:13:40
Fri_0706,New World Metro Queen St;Four Square Remuera;New World Victoria Park,3,16,8022.1,02:13:42
Fri_0707,New World Green Bay;Four Square Eden Terrace;Four Square Ellerslie,3,15,8023.58,02:13:43
Fri_0708,Pak 'n Save Highland Park;New World Southmall,2,16,8024.3,02:13:44
Fri_0709,Four Square Eden Terrace;New World Hobsonville;Four Square Hobsonville,3,15,8026.68,02:13:46
Fri_0710,New World Mt Roskill;New World Metro Queen St;Four Square Fair Price Henderson,3,15,8030.05,02:13:50
Fri_0711,Pak 'n Save Botany;Four Square Britomart,2,14,8032.69,02:13:52
Fri_0712,Four Square Pakuranga Heights;Pak 'n Save Clendon,2,15,8032.93,02:13:52
Fri_0713,Four Square Cockle Bay;Pak 'n Save Sylvia Park,2,15,8035.86,02:13:55
Fri_0714,Four Square Onehunga;New World Victoria Park;Four Square Ellerslie,3,14,8036.83,02:13:56
Fri_0715,Four Square Fair Price Henderson;New World Newmarket;Four Square Eden Terrace,3,16,8037.57,02:13:57
Fri_0716,Four Square Onehunga;New World Ormiston;Four Square Botany Junction,3,16,8038.27,02:13:58
Fri_0717,Four Square Onehunga;New World Metro Queen St;Four Square Britomart;Four Square Eden Terrace,4,16,8039.99,02:13:59
Fri_0718,Four Square Eden Terrace;Four Square Hobsonville;New World Hobsonville,3,15,8040.94,02:14:00
Fri_0719,New World Papatoetoe;Four Square Eden Terrace;Four Square Onehunga,3,15,8043.36,02:14:03
Fri_0720,Four Square Pakuranga Heights;New World Botany;Four Square Botany Junction,3,16,8047.53,02:14:07
Fri_0721,New World Mt Roskill;Four Square Fair Price Henderson;Four Square Britomart,3,15,8051.36,02:14:11
Fri_0722,New World Browns Bay;New World Victoria Park,2,16,8054.61,02:14:14
Fri_0723,Four Square Cockle Bay;Pak 'n Save Mangere,2,14,8055.17,02:14:15
Fri_0724,New World Stonefields;Four Square Eden Terrace;Four Square Onehunga,3,16,8055.55,02:14:15
Fri_0725,Pak 'n Save Papakura;New World Point Chevalier,2,16,8055.65,02:14:15
Fri_0726,New World Point Chevalier;Four Square Hobsonville;New World Mt Albert,3,16,8057.06,02:14:17
Fri_0727,New World Green Bay;Four Square Fair Price Henderson;Four Square Glen Eden,3,15,8057.31,02:14:17
Fri_0728,Four Square Eden Terrace;New World Eastridge;New World Metro Queen St,3,15,8057.4,02:14:17
Fri_0729,New World Hobsonville;Four Square Lancaster,2,12,8063.68,02:14:23
Fri_0730,Pak 'n Save Clendon;Four Square Britomart,2,15,8064.29,02:14:24
Fri_0731,New World Stonefields;Four Square Ellerslie;New World Metro Queen St,3,14,8068.06,02:14:28
Fri_0732,New World Ormiston;Four Square Botany Junction;Four Square Onehunga,3,16,8073.33,02:14:33
Fri_0733,Four Square Lancaster;Pak 'n Save Lincoln Road,2,15,8078.71,02:14:38
Fri_0734,New World New Lynn;Four Square Glen Eden;New World Metro Queen St,3,15,8082.21,02:14:42
Fri_0735,New World Mt Roskill;Four Square Glen Eden;Four Square Britomart,3,15,8085.69,02:14:45
Fri_0736,New World Green Bay;Four Square Glen Eden;New World Metro Queen St,3,16,8085.72,02:14:45
Fri_0737,New World Newmarket;Four Square Eden Terrace;Four Square Fair Price Henderson,3,16,8087.33,02:14:47
Fri_0738,New World Victoria Park;New World Ormiston,2,16,8087.89,02:14:47
Fri_0739,Four Square Remuera;New World Stonefields;Four Square Britomart,3,16,8088.33,02:14:48
Fri_0740,New World Eastridge;Four Square Glen Eden,2,10,8098.76,02:14:58
Fri_0741,New World Mt Albert;New World Howick,2,15,8103.01,02:15:03
Fri_0742,New World Point Chevalier;New World Mt Albert;Four Square Hobsonville,3,16,8103.36,02:15:03
Fri_0743,Four Square Onehunga;New World Remuera;Four Square Glen Eden,3,15,8103.82,02:15:03
Fri_0744,Pak 'n Save Glen Innes;Four Square Pakuranga Heights,2,15,8104.2,02:15:04
Fri_0745,Four Square Glen Eden;New World Eastridge,2,10,8109.04,02:15:09
Fri_0746,New World Papatoetoe;New World Howick,2,15,8112.52,02:15:12
Fri_0747,New World Mt Roskill;Four Square St Heliers;Four Square Onehunga,3,16,8115.54,02:15:15
Fri_0748,New World Mt Roskill;Four Square Eden Terrace;New World Metro Shore City,3,15,8115.71,02:15:15
Fri_0749,Four Square Botany Junction;New World Ormiston;Four Square Onehunga,3,16,8120.49,02:15:20
Fri_0750,New World Green Bay;Four Square Remuera;Four Square Ellerslie,3,15,8126.77,02:15:26
Fri_0751,New World Victoria Park;New World Browns Bay,2,16,8128.03,02:15:28
Fri_0752,Pak 'n Save Sylvia Park;New World Metro Shore City,2,14,8128.41,02:15:28
Fri_0753,Four Square Glen Eden;New World Remuera;Four Square Onehunga,3,15,8129.19,02:15:29
Fri_0754,Four Square Eden Terrace;New World Albany,2,12,8133.14,02:15:33
Fri_0755,Four Square St Heliers;Four Square Onehunga;New World Mt Roskill,3,16,8141.67,02:15:41
Fri_0756,Four Square Eden Terrace;New World Newmarket;Four Square Fair Price Henderson,3,16,8142.11,02:15:42
Fri_0757,New World Point Chevalier;New World Devonport,2,13,8144.8,02:15:44
Fri_0758,Pak 'n Save Highland Park;Four Square St Heliers,2,13,8145.05,02:15:45
Fri_0759,Four Square Onehunga;Four Square St Heliers;New World Stonefields,3,16,8145.67,02:15:45
Fri_0760,New World Victoria Park;New World Botany,2,16,8152.92,02:15:52
Fri_0761,New World New Lynn;Four Square Glen Eden;Four Square Britomart,3,15,8153.27,02:15:53
Fri_0762,New World Remuera;Four Square Onehunga;Four Square Britomart,3,16,8156.68,02:15:56
Fri_0763,New World Green Bay;Four Square Glen Eden;Four Square Britomart,3,16,8156.78,02:15:56
Fri_0764,Four Square Glen Eden;New World New Lynn;New World Metro Queen St,3,15,8161.6,02:16:01
Fri_0765,New World Mt Roskill;Four Square Ellerslie;Four Square St Heliers,3,14,8166.75,02:16:06
Fri_0766,New World Mt Roskill;Four Square Pakuranga Heights;Four Square Remuera,3,16,8168.69,02:16:08
Fri_0767,New World Remuera;Four Square Remuera;Four Square St Heliers,3,16,8174.09,02:16:14
Fri_0768,New World Albany;New World Browns Bay,2,16,8174.75,02:16:14
Fri_0769,New World Stonefields;Four Square Ellerslie;Four Square Britomart,3,14,8179.0,02:16:19
Fri_0770,New World Devonport;New World Metro Queen St,2,11,8179.17,02:16:19
Fri_0771,Four Square Britomart;New World Point Chevalier;Four Square Glen Eden,3,13,8182.21,02:16:22
Fri_0772,Four Square Cockle Bay;New World Stonefields,2,12,8184.33,02:16:24
Fri_0773,New World Browns Bay;New World Albany,2,16,8185.76,02:16:25
Fri_0774,Four Square Onehunga;New World New Lynn;New World Metro Queen St,3,16,8186.79,02:16:26
Fri_0775,Pak 'n Save Botany;Four Square Cockle Bay,2,14,8195.37,02:16:35
Fri_0776,New World Browns Bay;New World Hobsonville,2,16,8195.91,02:16:35
Fri_0777,Four Square Onehunga;New World Newmarket;New World Metro Shore City,3,16,8197.62,02:16:37
Fri_0778,New World New Lynn;New World Botany,2,16,8201.81,02:16:41
Fri_0779,Four Square Glen Eden;New World Green Bay;New World Metro Queen St,3,16,8205.05,02:16:45
Fri_0780,Four Square St Heliers;Pak 'n Save Manukau,2,15,8205.64,02:16:45
Fri_0781,New World Papatoetoe;New World Birkenhead,2,16,8208.56,02:16:48
Fri_0782,New World Papatoetoe;Four Square Britomart;Four Square Eden Terrace,3,15,8209.35,02:16:49
Fri_0783,Pak 'n Save Manukau;Four Square Cockle Bay,2,15,8210.3,02:16:50
Fri_0784,New World Eastridge;Four Square Fair Price Henderson,2,10,8210.7,02:16:50
Fri_0785,New World Mt Roskill;Four Square Pakuranga Heights;New World Metro Queen St,3,16,8213.78,02:16:53
Fri_0786,New World Albany;New World New Lynn,2,16,8214.2,02:16:54
Fri_0787,New World New Lynn;New World Albany,2,16,8214.31,02:16:54
Fri_0788,New World Victoria Park;New World Point Chevalier;Four Square Ellerslie,3,16,8215.27,02:16:55
Fri_0789,Four Square Fair Price Henderson;Pak 'n Save Albany,2,13,8218.51,02:16:58
Fri_0790,Pak 'n Save Mangere;Four Square St Heliers,2,14,8221.89,02:17:01
Fri_0791,New World Mt Albert;New World Eastridge;Four Square Ellerslie,3,16,8224.29,02:17:04
Fri_0792,New World Botany;New World Eastridge,2,15,8227.64,02:17:07
Fri_0793,Four Square Onehunga;Four Square Ellerslie;Four Square Britomart;New World Metro Queen St,4,14,8231.03,02:17:11
Fri_0794,Four Square Glen Eden;New World New Lynn;Four Square Britomart,3,15,8232.66,02:17:12
Fri_0795,Four Square St Heliers;New World Eastridge;Four Square Onehunga,3,15,8235.67,02:17:15
Fri_0796,New World Victoria Park;Four Square Eden Terrace;Four Square Fair Price Henderson,3,15,8238.0,02:17:18
Fri_0797,New World Papatoetoe;New World Hobsonville,2,15,8239.18,02:17:19
Fri_0798,Four Square Britomart;New World Devonport,2,11,8239.33,02:17:19
Fri_0799,New World Mt Roskill;Four Square Botany Junction;Four Square Eden Terrace,3,16,8239.95,02:17:19
Fri_0800,New World Remuera;New World Howick,2,16,8240.07,02:17:20
Fri_0801,New World Devonport;New World Newmarket,2,16,8243.88,02:17:23
Fri_0802,Pak 'n Save Mangere;Four Square Ellerslie;Four Square Remuera,3,16,8245.43,02:17:25
Fri_0803,Pak 'n Save Henderson;Four Square Fair Price Henderson;Four Square Hobsonville,3,16,8246.27,02:17:26
Fri_0804,New World New Lynn;New World Papakura,2,16,8247.7,02:17:27
Fri_0805,Four Square Onehunga;Four Square Pakuranga Heights;New World Remuera,3,16,8247.79,02:17:27
Fri_0806,New World Point Chevalier;Four Square Ellerslie;New World Eastridge,3,15,8250.13,02:17:30
Fri_0807,New World Ormiston;New World Howick,2,16,8254.53,02:17:34
Fri_0808,Four Square Onehunga;New World New Lynn;Four Square Britomart,3,16,8257.85,02:17:37
Fri_0809,Four Square Remuera;Four Square St Heliers;New World Eastridge,3,15,8262.72,02:17:42
Fri_0810,Four Square Glen Eden;New World Victoria Park;Four Square Britomart,3,15,8264.31,02:17:44
Fri_0811,Four Square Glen Eden;New World Green Bay;Four Square Britomart,3,16,8276.1,02:17:56
Fri_0812,New World Stonefields;Four Square St Heliers;Four Square Onehunga,3,16,8281.27,02:18:01
Fri_0813,Four Square Pakuranga Heights;New World Ormiston;Four Square Botany Junction,3,16,8281.36,02:18:01
Fri_0814,New World Green Bay;Four Square Fair Price Henderson;Four Square Eden Terrace,3,16,8281.44,02:18:01
Fri_0815,Four Square Eden Terrace;New World Newmarket;New World Metro Shore City,3,16,8285.73,02:18:05
Fri_0816,New World Mt Albert;New World Browns Bay,2,15,8287.54,02:18:07
Fri_0817,New World Stonefields;Four Square Onehunga;Four Square Eden Terrace,3,16,8289.2,02:18:09
Fri_0818,New World Mt Roskill;Four Square Ellerslie;Four Square Botany Junction,3,14,8289.29,02:18:09
Fri_0819,New World Mt Albert;Four Square Remuera;Four Square St Heliers,3,15,8297.28,02:18:17
Fri_0820,New World Hobsonville;New World Papatoetoe,2,15,8298.86,02:18:18
Fri_0821,Four Square Onehunga;New World Remuera;Four Square Pakuranga Heights,3,16,8302.38,02:18:22
Fri_0822,New World Remuera;New World Papakura,2,16,8307.3,02:18:27
Fri_0823,New World Mt Roskill;Four Square St Heliers;Four Square Remuera,3,16,8317.38,02:18:37
Fri_0824,New World Mt Roskill;Four Square Hobsonville;Four Square Glen Eden,3,14,8320.73,02:18:40
Fri_0825,New World Hobsonville;New World Browns Bay,2,16,8323.27,02:18:43
Fri_0826,New World Papatoetoe;Four Square Onehunga;Four Square Ellerslie,3,13,8324.52,02:18:44
Fri_0827,New World Birkenhead;New World Papatoetoe,2,16,8326.93,02:18:46
Fri_0828,New World Ormiston;New World Papakura,2,16,8333.17,02:18:53
Fri_0829,Four Square Pakuranga Heights;Four Square Remuera;New World Remuera,3,16,8337.03,02:18:57
Fri_0830,New World Green Bay;Four Square Onehunga;Four Square Glen Eden,3,16,8337.6,02:18:57
Fri_0831,New World Mt Albert;Four Square Eden Terrace;Four Square Botany Junction,3,15,8343.77,02:19:03
Fri_0832,Four Square Onehunga;New World Papatoetoe;Four Square Britomart,3,15,8350.7,02:19:10
Fri_0833,New World Mt Roskill;Four Square Eden Terrace;Four Square St Heliers,3,16,8351.27,02:19:11
Fri_0834,Four Square Hobsonville;New World Hobsonville;Four Square Glen Eden,3,14,8352.03,02:19:12
Fri_0835,New World Point Chevalier;New World Mt Albert;New World Metro Shore City,3,16,8354.19,02:19:14
Fri_0836,New World Mt Roskill;New World Long Bay,2,15,8358.36,02:19:18
Fri_0837,Pak 'n Save Lincoln Road;Four Square Botany Junction,2,15,8362.8,02:19:22
Fri_0838,Four Square Fair Price Henderson;Pak 'n Save Henderson;Four Square Hobsonville,3,16,8364.03,02:19:24
Fri_0839,New World Mt Roskill;Four Square Ellerslie;Four Square Pakuranga Heights,3,14,8371.68,02:19:31
Fri_0840,New World Stonefields;New World Howick,2,16,8372.59,02:19:32
Fri_0841,New World Birkenhead;New World Eastridge,2,16,8382.23,02:19:42
Fri_0842,New World Long Bay;New World Mt Roskill,2,15,8384.49,02:19:44
Fri_0843,New World Papatoetoe;New World Metro Queen St;Four Square Onehunga,3,15,8386.98,02:19:46
Fri_0844,New World New Lynn;Four Square Ellerslie;Four Square Britomart,3,14,8387.34,02:19:47
Fri_0845,Pak 'n Save Lincoln Road;Four Square St Heliers,2,15,8392.04,02:19:52
Fri_0846,New World Devonport;New World Milford,2,16,8395.41,02:19:55
Fri_0847,New World New Lynn;Four Square Remuera;Four Square Britomart,3,16,8395.74,02:19:55
Fri_0848,New World Papakura;New World Remuera,2,16,8398.59,02:19:58
Fri_0849,Four Square Remuera;New World Stonefields;Four Square St Heliers,3,16,8400.71,02:20:00
Fri_0850,Four Square Britomart;New World Metro Queen St;Four Square Remuera;Four Square Onehunga,4,16,8402.07,02:20:02
Fri_0851,New World Mt Roskill;Four Square Eden Terrace;Four Square Pakuranga Heights,3,16,8404.42,02:20:04
Fri_0852,New World Albany;New World Remuera,2,16,8408.31,02:20:08
Fri_0853,New World Newmarket;New World Metro Queen St;Four Square Glen Eden,3,16,8408.43,02:20:08
Fri_0854,Pak 'n Save Henderson;Four Square Glen Eden;Four Square Fair Price Henderson,3,16,8412.65,02:20:12
Fri_0855,New World Green Bay;New World Metro Queen St;Four Square Ellerslie,3,15,8414.99,02:20:14
Fri_0856,New World Albany;Four Square Fair Price Henderson,2,11,8416.09,02:20:16
Fri_0857,New World Stonefields;New World Hobsonville,2,16,8423.22,02:20:23
Fri_0858,New World Mt Roskill;Four Square Botany Junction;Four Square Ellerslie,3,14,8435.47,02:20:35
Fri_0859,New World Mt Roskill;Four Square Hobsonville;New World Metro Queen St,3,15,8440.71,02:20:40
Fri_0860,New World Point Chevalier;New World Mt Roskill;Four Square Ellerslie,3,16,8440.94,02:20:40
Fri_0861,Four Square St Heliers;Pak 'n Save Lincoln Road,2,15,8441.8,02:20:41
Fri_0862,New World Newmarket;New World Metro Queen St;New World Metro Shore City,3,16,8446.52,02:20:46
Fri_0863,New World Mt Roskill;Four Square St Heliers;Four Square Britomart,3,16,8448.85,02:20:48
Fri_0864,New World Milford;New World Devonport,2,16,8454.73,02:20:54
Fri_0865,New World Hobsonville;Four Square Hobsonville;New World Metro Queen St,3,15,8457.75,02:20:57
Fri_0866,New World Mt Roskill;Four Square Torbay,2,12,8457.96,02:20:57
Fri_0867,Four Square Onehunga;Pak 'n Save Mangere;Four Square Ellerslie,3,16,8459.41,02:20:59
Fri_0868,Pak 'n Save Clendon;Four Square Pakuranga Heights,2,15,8463.5,02:21:03
Fri_0869,Four Square St Heliers;New World Eastridge;Four Square Remuera,3,15,8465.26,02:21:05
Fri_0870,New World Mt Roskill;Four Square St Heliers;New World Metro Queen St,3,16,8469.13,02:21:09
Fri_0871,Four Square Onehunga;New World Stonefields;Four Square Botany Junction,3,16,8469.4,02:21:09
Fri_0872,Four Square Remuera;Four Square St Heliers;New World Stonefields,3,16,8469.42,02:21:09
Fri_0873,Four Square Hobsonville;New World Hobsonville;New World Metro Queen St,3,15,8472.01,02:21:12
Fri_0874,Four Square Eden Terrace;New World Eastridge;Four Square St Heliers,3,15,8473.54,02:21:13
Fri_0875,New World Point Chevalier;New World Eastridge;Four Square Ellerslie,3,15,8476.82,02:21:16
Fri_0876,New World Long Bay;New World Victoria Park,2,15,8479.08,02:21:19
Fri_0877,Four Square Cockle Bay;New World Howick;Four Square Onehunga,3,16,8479.56,02:21:19
Fri_0878,New World Howick;Four Square Cockle Bay;Four Square Onehunga,3,16,8479.57,02:21:19
Fri_0879,Pak 'n Save Albany;Four Square Ellerslie,2,12,8482.0,02:21:22
Fri_0880,New World Stonefields;Four Square St Heliers;Four Square Remuera,3,16,8483.11,02:21:23
Fri_0881,New World Remuera;Four Square Ellerslie;Four Square St Heliers,3,14,8486.58,02:21:26
Fri_0882,Pak 'n Save Glen Innes;Four Square Botany Junction,2,15,8490.48,02:21:30
Fri_0883,New World Mt Roskill;Four Square St Heliers;Four Square Eden Terrace,3,16,8492.06,02:21:32
Fri_0884,New World Mt Albert;Four Square St Heliers;Four Square Remuera,3,15,8500.15,02:21:40
Fri_0885,New World Metro Queen St;New World Milford;New World Metro Shore City,3,16,8503.32,02:21:43
Fri_0886,New World Eastridge;New World Botany,2,15,8503.95,02:21:43
Fri_0887,New World Green Bay;Four Square Eden Terrace;Four Square Glen Eden,3,16,8506.97,02:21:46
Fri_0888,Four Square Eden Terrace;New World Browns Bay,2,12,8509.22,02:21:49
Fri_0889,New World Mt Roskill;Four Square Hobsonville;Four Square Britomart,3,15,8511.77,02:21:51
Fri_0890,New World Green Bay;Four Square Ellerslie;Four Square Britomart,3,15,8512.78,02:21:52
Fri_0891,New World Newmarket;Four Square St Heliers;Four Square Ellerslie,3,15,8513.55,02:21:53
Fri_0892,Four Square Onehunga;New World Southmall;Four Square Eden Terrace,3,15,8514.66,02:21:54
Fri_0893,New World Newmarket;Four Square Britomart;New World Metro Shore City,3,16,8518.15,02:21:58
Fri_0894,Four Square Fair Price Henderson;Pak 'n Save Lincoln Road;Four Square Ellerslie,3,16,8519.29,02:21:59
Fri_0895,Pak 'n Save Lincoln Road;Four Square Fair Price Henderson;Four Square Ellerslie,3,16,8519.29,02:21:59
Fri_0896,New World Mt Roskill;Four Square St Heliers;Four Square Ellerslie,3,14,8521.22,02:22:01
Fri_0897,Four Square Torbay;Pak 'n Save Mt Albert,2,16,8523.12,02:22:03
Fri_0898,New World Newmarket;New World Metro Shore City;New World Metro Queen St,3,16,8524.81,02:22:04
Fri_0899,New World Ormiston;Four Square Botany Junction;Four Square Eden Terrace,3,16,8525.49,02:22:05
Fri_0900,New World Mt Roskill;Four Square Fair Price Henderson;Four Square Ellerslie,3,13,8527.35,02:22:07
Fri_0901,New World Botany;Four Square Botany Junction;Four Square Onehunga,3,16,8528.35,02:22:08
Fri_0902,New World Hobsonville;Four Square Hobsonville;Four Square Britomart,3,15,8528.81,02:22:08
Fri_0903,Four Square Britomart;New World Milford;New World Metro Shore City,3,16,8535.07,02:22:15
Fri_0904,New World Milford;New World Metro Shore City;Four Square Britomart,3,16,8535.68,02:22:15
Fri_0905,New World Mt Roskill;Four Square Fair Price Henderson;Four Square Remuera,3,15,8535.75,02:22:15
Fri_0906,New World Papakura;New World Victoria Park,2,16,8540.51,02:22:20
Fri_0907,New World Hobsonville;New World Metro Queen St;Four Square Britomart,3,16,8541.96,02:22:21
Fri_0908,New World Stonefields;Four Square Onehunga;Four Square Ellerslie,3,14,8541.99,02:22:21
Fri_0909,Four Square Hobsonville;New World Hobsonville;Four Square Britomart,3,15,8543.07,02:22:23
Fri_0910,New World Milford;New World Metro Shore City;Four Square Eden Terrace,3,16,8545.43,02:22:25
Fri_0911,New World Mt Albert;Four Square Onehunga;Four Square Fair Price Henderson,3,14,8547.3,02:22:27
Fri_0912,New World Newmarket;Four Square Eden Terrace;Four Square Hobsonville,3,16,8547.74,02:22:27
Fri_0913,New World Metro Shore City;New World Milford;Four Square Onehunga,3,16,8557.43,02:22:37
Fri_0914,Four Square Remuera;Four Square Glen Eden;New World Mt Roskill,3,15,8559.79,02:22:39
Fri_0915,New World Mt Roskill;Four Square Glen Eden;Four Square Ellerslie,3,13,8561.68,02:22:41
Fri_0916,Pak 'n Save Clendon;Four Square Fair Price Henderson,2,14,8564.01,02:22:44
Fri_0917,Pak 'n Save Manukau;Four Square Hobsonville,2,14,8566.0,02:22:46
Fri_0918,New World Remuera;New World Albany,2,16,8568.07,02:22:48
Fri_0919,Four Square Onehunga;Pak 'n Save Highland Park;Four Square Ellerslie,3,15,8568.96,02:22:48
Fri_0920,Four Square Ellerslie;Pak 'n Save Lincoln Road;Four Square Fair Price Henderson,3,16,8569.04,02:22:49
Fri_0921,New World Mt Roskill;Four Square Glen Eden;Four Square Remuera,3,15,8570.08,02:22:50
Fri_0922,Four Square Pakuranga Heights;New World Birkenhead,2,13,8571.43,02:22:51
Fri_0923,Four Square Botany Junction;New World Ormiston;Four Square Eden Terrace,3,16,8572.65,02:22:52
Fri_0924,New World Green Bay;Four Square Fair Price Henderson;Four Square Hobsonville,3,15,8575.45,02:22:55
Fri_0925,Pak 'n Save Mangere;Four Square Eden Terrace;Four Square Ellerslie,3,16,8575.57,02:22:55
Fri_0926,Pak 'n Save Mt Albert;Four Square Cockle Bay,2,16,8577.62,02:22:57
Fri_0927,Four Square Britomart;New World Hobsonville;Four Square Hobsonville,3,15,8578.57,02:22:58
Fri_0928,New World Long Bay;Four Square Torbay,2,11,8581.36,02:23:01
Fri_0929,Four Square Fair Price Henderson;New World Newmarket;Four Square Britomart,3,16,8581.55,02:23:01
Fri_0930,Four Square Eden Terrace;New World Mt Roskill;Four Square Fair Price Henderson,3,15,8582.03,02:23:02
Fri_0931,Four Square Torbay;New World Long Bay,2,11,8582.98,02:23:02
Fri_0932,Pak 'n Save Highland Park;Four Square Pakuranga Heights;Four Square Ellerslie,3,15,8583.69,02:23:03
Fri_0933,Four Square St Heliers;New World Stonefields;Four Square Remuera,3,16,8584.93,02:23:04
Fri_0934,New World Albany;Four Square Remuera,2,12,8586.78,02:23:06
Fri_0935,Pak 'n Save Mangere;Four Square Remuera;Four Square Ellerslie,3,16,8588.37,02:23:08
Fri_0936,Pak 'n Save Sylvia Park;Four Square Cockle Bay,2,15,8588.47,02:23:08
Fri_0937,New World Browns Bay;New World New Lynn,2,16,8590.29,02:23:10
Fri_0938,New World New Lynn;New World Browns Bay,2,16,8590.39,02:23:10
Fri_0939,New World Eastridge;Four Square St Heliers;New World Metro Queen St,3,15,8591.4,02:23:11
Fri_0940,New World Devonport;New World New Lynn,2,15,8592.39,02:23:12
Fri_0941,New World Southmall;New World Howick,2,15,8597.16,02:23:17
Fri_0942,Four Square Eden Terrace;New World Newmarket;Four Square Hobsonville,3,16,8602.52,02:23:22
Fri_0943,New World Browns Bay;Four Square Torbay,2,12,8607.37,02:23:27
Fri_0944,Four Square Eden Terrace;New World Ormiston;Four Square Botany Junction,3,16,8607.58,02:23:27
Fri_0945,New World Remuera;Four Square Ellerslie;Four Square Botany Junction,3,14,8609.12,02:23:29
Fri_0946,New World Newmarket;Four Square Fair Price Henderson;Four Square Glen Eden,3,15,8610.85,02:23:30
Fri_0947,New World New Lynn;Four Square Hobsonville;Four Square Eden Terrace,3,15,8616.39,02:23:36
Fri_0948,Four Square St Heliers;New World Eastridge;New World Metro Queen St,3,15,8617.35,02:23:37
Fri_0949,New World Green Bay;Four Square Eden Terrace;Four Square Fair Price Henderson,3,16,8618.91,02:23:38
Fri_0950,New World Long Bay;New World Hobsonville,2,15,8620.38,02:23:40
Fri_0951,Four Square Ellerslie;New World Remuera;Four Square St Heliers,3,14,8620.9,02:23:40
Fri_0952,Four Square Onehunga;Pak 'n Save Botany;Four Square Ellerslie,3,16,8624.57,02:23:44
Fri_0953,New World Milford;New World Papatoetoe,2,16,8628.37,02:23:48
Fri_0954,New World New Lynn;Four Square Glen Eden;Four Square Ellerslie,3,13,8629.26,02:23:49
Fri_0955,New World Mt Roskill;Four Square Botany Junction;Four Square Pakuranga Heights,3,16,8631.48,02:23:51
Fri_0956,New World Green Bay;Four Square Glen Eden;Four Square Ellerslie,3,14,8632.77,02:23:52
Fri_0957,New World Stonefields;Four Square St Heliers;New World Metro Queen St,3,16,8634.86,02:23:54
Fri_0958,New World New Lynn;Four Square Fair Price Henderson;New World Metro Queen St,3,15,8636.8,02:23:56
Fri_0959,New World Mt Roskill;Four Square Lancaster;New World Metro Queen St,3,16,8638.41,02:23:58
Fri_0960,Four Square Pakuranga Heights;Pak 'n Save Highland Park;Four Square Ellerslie,3,15,8644.82,02:24:04
Fri_0961,New World Remuera;Four Square Remuera;Four Square Fair Price Henderson,3,15,8645.09,02:24:05
Fri_0962,New World Mt Roskill;Four Square Onehunga;Four Square Lancaster,3,16,8645.18,02:24:05
Fri_0963,New World Eastridge;New World Ormiston,2,15,8645.53,02:24:05
Fri_0964,Four Square Onehunga;New World Mt Roskill;New World Metro Shore City,3,15,8646.02,02:24:06
Fri_0965,New World Birkenhead;New World Devonport,2,16,8650.11,02:24:10
Fri_0966,Four Square Botany Junction;New World Botany;Four Square Pakuranga Heights,3,16,8650.2,02:24:10
Fri_0967,New World New Lynn;New World Devonport,2,15,8653.74,02:24:13
Fri_0968,New World Remuera;New World Point Chevalier;Four Square Ellerslie,3,16,8654.23,02:24:14
Fri_0969,Four Square Eden Terrace;Four Square Botany Junction;New World Ormiston,3,16,8654.73,02:24:14
Fri_0970,Four Square Ellerslie;Pak 'n Save Ormiston;Four Square Botany Junction,3,15,8655.42,02:24:15
Fri_0971,New World Milford;Four Square Glen Eden,2,12,8658.62,02:24:18
Fri_0972,New World Papatoetoe;New World Southmall;Four Square Ellerslie,3,16,8662.95,02:24:22
Fri_0973,New World Mt Roskill;New World Metro Shore City;Four Square Remuera,3,15,8666.5,02:24:26
Fri_0974,New World Mt Roskill;New World Metro Queen St;Four Square Lancaster,3,16,8666.81,02:24:26
Fri_0975,New World Mt Roskill;Four Square Remuera;Four Square Pakuranga Heights,3,16,8672.11,02:24:32
Fri_0976,New World Mt Roskill;Four Square Botany Junction;New World Metro Queen St,3,16,8672.99,02:24:32
Fri_0977,New World Metro Queen St;New World Newmarket;New World Metro Shore City,3,16,8677.12,02:24:37
Fri_0978,Pak 'n Save Mangere;Four Square Ellerslie;New World Metro Queen St,3,16,8679.4,02:24:39
Fri_0979,Four Square St Heliers;New World Stonefields;Four Square Ellerslie,3,14,8680.57,02:24:40
Fri_0980,New World Eastridge;Four Square Onehunga;Four Square Eden Terrace,3,15,8680.79,02:24:40
Fri_0981,Four Square Pakuranga Heights;Pak 'n Save Botany;Four Square Ellerslie,3,16,8682.62,02:24:42
Fri_0982,New World Milford;New World Eastridge,2,16,8683.67,02:24:43
Fri_0983,New World Southmall;New World Metro Queen St;Four Square Britomart,3,15,8683.87,02:24:43
Fri_0984,New World Southmall;Four Square Britomart;New World Metro Queen St,3,15,8693.8,02:24:53
Fri_0985,New World Long Bay;New World Albany,2,15,8699.04,02:24:59
Fri_0986,New World Mt Roskill;Four Square Lancaster;Four Square Britomart,3,16,8699.17,02:24:59
Fri_0987,New World Metro Queen St;New World Victoria Park;Four Square Hobsonville,3,15,8699.45,02:24:59
Fri_0988,Pak 'n Save Highland Park;Four Square Glen Eden,2,12,8701.67,02:25:01
Fri_0989,Pak 'n Save Wairau Road;Four Square Torbay,2,14,8701.7,02:25:01
Fri_0990,Four Square Remuera;Four Square Ellerslie;Four Square Eden Terrace;New World Point Chevalier,4,16,8703.78,02:25:03
Fri_0991,New World Long Bay;New World Browns Bay,2,15,8703.86,02:25:03
Fri_0992,Four Square Fair Price Henderson;Four Square Remuera;New World Remuera,3,15,8704.09,02:25:04
Fri_0993,New World Albany;New World Long Bay,2,15,8705.62,02:25:05
Fri_0994,Four Square St Heliers;New World Remuera;Four Square Remuera,3,16,8706.97,02:25:06
Fri_0995,Four Square Ellerslie;New World New Lynn;Four Square Onehunga,3,14,8707.66,02:25:07
Fri_0996,Four Square Glen Eden;New World Ormiston,2,11,8712.0,02:25:12
Fri_0997,New World Long Bay;New World Newmarket,2,16,8713.34,02:25:13
Fri_0998,New World Mt Roskill;New World Metro Queen St;Four Square Botany Junction,3,16,8713.42,02:25:13
Fri_0999,Four Square Fair Price Henderson;New World Newmarket;Four Square Remuera,3,16,8715.2,02:25:15
Fri_1000,New World Southmall;Pak 'n Save Highland Park,2,16,8718.47,02:25:18
Fri_1001,New World Ormiston;Four Square Botany Junction;Four Square Ellerslie,3,14,8721.01,02:25:21
Fri_1002,New World Newmarket;Four Square Pakuranga Heights;Four Square Ellerslie,3,15,8724.62,02:25:24
Fri_1003,New World Mt Albert;New World Papatoetoe;Four Square Ellerslie,3,16,8728.13,02:25:28
Fri_1004,New World Mt Roskill;Four Square Remuera;New World Metro Shore City,3,15,8729.11,02:25:29
Fri_1005,Four Square Britomart;New World Mt Roskill;New World Metro Queen St,3,16,8734.16,02:25:34
Fri_1006,New World Devonport;New World Remuera,2,15,8739.41,02:25:39
Fri_1007,New World Browns Bay;New World Long Bay,2,15,8739.6,02:25:39
Fri_1008,Four Square Cockle Bay;New World Botany;Four Square Botany Junction,3,16,8739.66,02:25:39
Fri_1009,Four Square Remuera;New World Stonefields;Four Square Pakuranga Heights,3,16,8740.48,02:25:40
Fri_1010,Four Square Remuera;New World Albany,2,12,8746.54,02:25:46
Fri_1011,New World Mt Roskill;Four Square Cockle Bay;Four Square Botany Junction,3,16,8747.52,02:25:47
Fri_1012,New World Hobsonville;New World Long Bay,2,15,8747.74,02:25:47
Fri_1013,Four Square Botany Junction;Four Square Pakuranga Heights;New World Mt Albert,3,15,8751.38,02:25:51
Fri_1014,New World Howick;Four Square Cockle Bay;Four Square Botany Junction,3,16,8753.84,02:25:53
Fri_1015,New World Devonport;New World Birkenhead,2,16,8755.58,02:25:55
Fri_1016,New World Newmarket;Four Square Ellerslie;Four Square Fair Price Henderson,3,14,8756.55,02:25:56
Fri_1017,Four Square Onehunga;Four Square Remuera;New World Hobsonville,3,16,8763.1,02:26:03
Fri_1018,New World Newmarket;Four Square Remuera;Four Square Fair Price Henderson,3,16,8764.96,02:26:04
Fri_1019,New World Mt Roskill;Four Square Hobsonville;New World Metro Shore City,3,14,8768.04,02:26:08
Fri_1020,New World Papatoetoe;Four Square Botany Junction;Four Square Pakuranga Heights,3,15,8775.66,02:26:15
Fri_1021,Four Square Remuera;Four Square Britomart;New World Metro Queen St;Four Square Eden Terrace,4,16,8779.0,02:26:19
Fri_1022,New World Green Bay;New World Devonport,2,16,8779.18,02:26:19
Fri_1023,Four Square Eden Terrace;New World Metro Queen St;Four Square Britomart;Four Square Remuera,4,16,8780.49,02:26:20
Fri_1024,Four Square Eden Terrace;New World Remuera;New World Metro Shore City,3,15,8781.25,02:26:21
Fri_1025,Four Square Onehunga;Four Square Pakuranga Heights;New World Howick,3,16,8781.4,02:26:21
Fri_1026,Four Square Britomart;New World Metro Queen St;New World Southmall,3,15,8782.43,02:26:22
Fri_1027,New World Mt Roskill;Four Square Botany Junction;Four Square Britomart,3,16,8783.93,02:26:23
Fri_1028,New World Browns Bay;New World Remuera,2,16,8784.4,02:26:24
Fri_1029,New World Hobsonville;Four Square Hobsonville;New World Metro Shore City,3,14,8785.08,02:26:25
Fri_1030,Pak 'n Save Royal Oak;Four Square Torbay,2,16,8792.16,02:26:32
Fri_1031,New World Point Chevalier;New World New Lynn;Four Square Ellerslie,3,16,8793.53,02:26:33
Fri_1032,New World Southmall;Four Square Cockle Bay,2,11,8794.02,02:26:34
Fri_1033,New World Mt Roskill;New World Metro Queen St;Four Square Pakuranga Heights,3,16,8795.82,02:26:35
Fri_1034,New World Mt Roskill;Four Square Pakuranga Heights;Four Square St Heliers,3,16,8799.21,02:26:39
Fri_1035,Four Square Hobsonville;Four Square Torbay,2,7,8799.66,02:26:39
Fri_1036,Pak 'n Save Papakura;Four Square Ellerslie;Four Square Onehunga,3,16,8800.13,02:26:40
Fri_1037,Pak 'n Save Henderson;Four Square Ellerslie;Four Square Remuera,3,16,8800.19,02:26:40
Fri_1038,Pak 'n Save Ormiston;Four Square Botany Junction;Four Square Ellerslie,3,15,8801.6,02:26:41
Fri_1039,Four Square Britomart;New World Victoria Park;Four Square Hobsonville,3,15,8801.62,02:26:41
Fri_1040,New World Remuera;New World Devonport,2,15,8802.03,02:26:42
Fri_1041,Pak 'n Save Lincoln Road;Four Square Torbay,2,15,8803.8,02:26:43
Fri_1042,New World Victoria Park;Four Square Eden Terrace;New World Metro Shore City,3,15,8804.48,02:26:44
Fri_1043,Four Square Remuera;New World Newmarket;Four Square Fair Price Henderson,3,16,8811.58,02:26:51
Fri_1044,Four Square Eden Terrace;Four Square Remuera;New World Metro Queen St;Four Square Britomart,4,16,8817.62,02:26:57
Fri_1045,New World Newmarket;Four Square Onehunga;Four Square Fair Price Henderson,3,16,8825.02,02:27:05
Fri_1046,Pak 'n Save Papakura;Four Square Pakuranga Heights,2,14,8825.2,02:27:05
Fri_1047,New World Southmall;New World Metro Shore City,2,10,8825.96,02:27:05
Fri_1048,New World Papatoetoe;Four Square Lancaster,2,11,8828.63,02:27:08
Fri_1049,Four Square Botany Junction;New World Botany;Four Square Ellerslie,3,14,8828.65,02:27:08
Fri_1050,Four Square St Heliers;Four Square Ellerslie;New World Newmarket,3,15,8828.9,02:27:08
Fri_1051,Four Square Remuera;New World Metro Queen St;Four Square Britomart;Four Square Eden Terrace,4,16,8834.53,02:27:14
Fri_1052,New World Devonport;New World Green Bay,2,16,8838.85,02:27:18
Fri_1053,Pak 'n Save Sylvia Park;Four Square Lancaster,2,15,8839.01,02:27:19
Fri_1054,Four Square Remuera;New World Remuera;Four Square Pakuranga Heights,3,16,8840.46,02:27:20
Fri_1055,Four Square Britomart;New World Metro Queen St;Four Square Eden Terrace;Four Square Remuera,4,16,8841.69,02:27:21
Fri_1056,New World Point Chevalier;Four Square Eden Terrace;Four Square Remuera;Four Square Ellerslie,4,16,8844.42,02:27:24
Fri_1057,Four Square Ellerslie;New World Stonefields;Four Square Botany Junction,3,14,8845.4,02:27:25
Fri_1058,New World Metro Shore City;New World Newmarket;Four Square Remuera,3,16,8845.95,02:27:25
Fri_1059,New World Mt Albert;Four Square Eden Terrace;Four Square Lancaster,3,15,8848.06,02:27:28
Fri_1060,Four Square Botany Junction;Pak 'n Save Ormiston;Four Square Ellerslie,3,15,8848.75,02:27:28
Fri_1061,Four Square Ellerslie;Four Square Remuera;Pak 'n Save Henderson,3,16,8849.94,02:27:29
Fri_1062,Pak 'n Save Mt Albert;Four Square Torbay,2,16,8850.22,02:27:30
Fri_1063,New World Mt Roskill;Four Square Lancaster;New World Metro Shore City,3,15,8850.27,02:27:30
Fri_1064,Pak 'n Save Henderson;Four Square Eden Terrace;Four Square Ellerslie,3,16,8855.91,02:27:35
Fri_1065,Four Square Remuera;New World Green Bay;Four Square Glen Eden,3,16,8858.16,02:27:38
Fri_1066,New World Birkenhead;New World Metro Shore City;New World Metro Queen St,3,16,8868.41,02:27:48
Fri_1067,Four Square Hobsonville;New World Hobsonville;New World Metro Shore City,3,14,8870.8,02:27:50
Fri_1068,Four Square Pakuranga Heights;New World Milford,2,13,8872.87,02:27:52
Fri_1069,Four Square Onehunga;New World Birkenhead;New World Metro Shore City,3,16,8875.19,02:27:55
Fri_1070,Four Square Botany Junction;Pak 'n Save Botany;Four Square Ellerslie,3,16,8886.03,02:28:06
Fri_1071,Four Square Botany Junction;New World Ormiston;Four Square Pakuranga Heights,3,16,8886.24,02:28:06
Fri_1072,New World Metro Shore City;Pak 'n Save Wairau Road;Four Square Hobsonville,3,16,8886.31,02:28:06
Fri_1073,Four Square Remuera;New World Remuera;New World Metro Shore City,3,15,8897.46,02:28:17
Fri_1074,Four Square Hobsonville;Pak 'n Save Wairau Road;New World Metro Shore City,3,16,8901.65,02:28:21
Fri_1075,New World Ormiston;Four Square Ellerslie;Four Square Remuera,3,14,8906.01,02:28:26
Fri_1076,Four Square Britomart;New World Metro Queen St;Four Square Ellerslie;New World Point Chevalier,4,16,8911.28,02:28:31
Fri_1077,New World Ormiston;Four Square Botany Junction;Four Square Pakuranga Heights,3,16,8917.02,02:28:37
Fri_1078,Four Square Fair Price Henderson;Pak 'n Save Henderson;Four Square Ellerslie,3,15,8919.91,02:28:39
Fri_1079,New World Metro Shore City;New World Milford;Four Square Hobsonville,3,15,8921.88,02:28:41
Fri_1080,Pak 'n Save Henderson;Four Square Hobsonville;Four Square Fair Price Henderson,3,16,8927.71,02:28:47
Fri_1081,New World Birkenhead;Four Square Lancaster;New World Metro Shore City,3,16,8928.14,02:28:48
Fri_1082,Four Square Britomart;New World Birkenhead;New World Metro Shore City,3,16,8928.57,02:28:48
Fri_1083,Four Square Pakuranga Heights;New World Botany;New World Metro Queen St,3,16,8928.93,02:28:48
Fri_1084,New World Southmall;New World Papatoetoe;Four Square Ellerslie,3,16,8933.42,02:28:53
Fri_1085,New World Metro Queen St;Four Square Britomart;Four Square Eden Terrace;Four Square Remuera,4,16,8937.1,02:28:57
Fri_1086,New World Botany;Four Square Cockle Bay;Four Square Onehunga,3,16,8938.6,02:28:58
Fri_1087,New World Birkenhead;New World Metro Shore City;Four Square Eden Terrace,3,16,8938.93,02:28:58
Fri_1088,Four Square Remuera;New World Botany;Four Square Botany Junction,3,16,8940.29,02:29:00
Fri_1089,New World Botany;Four Square Pakuranga Heights;Four Square Ellerslie,3,14,8941.19,02:29:01
Fri_1090,Four Square Pakuranga Heights;Four Square Cockle Bay;New World Botany,3,16,8942.02,02:29:02
Fri_1091,New World New Lynn;New World Metro Shore City;Four Square Eden Terrace,3,15,8942.57,02:29:02
Fri_1092,New World Mt Roskill;Four Square Onehunga;Four Square Cockle Bay,3,16,8944.51,02:29:04
Fri_1093,New World Milford;New World Long Bay,2,16,8949.02,02:29:09
Fri_1094,Four Square Onehunga;New World Howick;Four Square Cockle Bay,3,16,8950.83,02:29:10
Fri_1095,Four Square Onehunga;Four Square Cockle Bay;New World Howick,3,16,8950.83,02:29:10
Fri_1096,New World Southmall;Four Square Eden Terrace;Four Square Britomart,3,15,8953.45,02:29:13
Fri_1097,Four Square Lancaster;New World Browns Bay,2,12,8953.73,02:29:13
Fri_1098,Four Square Remuera;New World Newmarket;New World Metro Shore City,3,16,8955.2,02:29:15
Fri_1099,New World Ormiston;Four Square Botany Junction;New World Metro Queen St,3,16,8958.53,02:29:18
Fri_1100,Pak 'n Save Henderson;Four Square Remuera;Four Square Ellerslie,3,16,8959.09,02:29:19
Fri_1101,New World Mt Roskill;Four Square Cockle Bay;Four Square Pakuranga Heights,3,16,8959.23,02:29:19
Fri_1102,Pak 'n Save Manukau;Four Square Lancaster,2,15,8959.81,02:29:19
Fri_1103,Pak 'n Save Mangere;Four Square Botany Junction;Four Square Ellerslie,3,16,8961.39,02:29:21
Fri_1104,New World Newmarket;Four Square Glen Eden;Four Square Onehunga,3,16,8962.62,02:29:22
Fri_1105,Four Square Cockle Bay;New World Howick;Four Square Botany Junction,3,16,8964.71,02:29:24
Fri_1106,Four Square Cockle Bay;New World Howick;Four Square Pakuranga Heights,3,16,8965.54,02:29:25
Fri_1107,New World Howick;Four Square Cockle Bay;Four Square Pakuranga Heights,3,16,8965.55,02:29:25
Fri_1108,Four Square Fair Price Henderson;New World Remuera;New World Metro Queen St,3,15,8966.14,02:29:26
Fri_1109,Pak 'n Save Mangere;New World Metro Queen St;Four Square Ellerslie,3,16,8966.97,02:29:26
Fri_1110,New World Birkenhead;New World Southmall,2,16,8969.23,02:29:29
Fri_1111,New World Botany;Four Square Pakuranga Heights;Four Square Botany Junction,3,16,8974.96,02:29:34
Fri_1112,Pak 'n Save Wairau Road;Four Square Ellerslie;Four Square Remuera,3,16,8978.7,02:29:38
Fri_1113,New World Papakura;New World Botany,2,16,8979.07,02:29:39
Fri_1114,Pak 'n Save Wairau Road;Four Square Ellerslie;Four Square Eden Terrace,3,16,8979.63,02:29:39
Fri_1115,Pak 'n Save Henderson;Four Square Fair Price Henderson;Four Square Ellerslie,3,15,8980.13,02:29:40
Fri_1116,Pak 'n Save Botany;Four Square Ellerslie;Four Square Remuera,3,16,8980.55,02:29:40
Fri_1117,New World Newmarket;New World Metro Queen St;Four Square Hobsonville,3,16,8980.78,02:29:40
Fri_1118,New World Victoria Park;Four Square Lancaster;Four Square Eden Terrace,3,16,8985.33,02:29:45
Fri_1119,Pak 'n Save Ormiston;Four Square Ellerslie;Four Square Remuera,3,15,8986.6,02:29:46
Fri_1120,Pak 'n Save Clendon;Four Square St Heliers,2,15,8988.61,02:29:48
Fri_1121,New World Point Chevalier;Four Square Britomart;New World Metro Queen St;Four Square Ellerslie,4,16,8997.13,02:29:57
Fri_1122,Four Square Glen Eden;Four Square Britomart;New World Remuera,3,15,8998.39,02:29:58
Fri_1123,Pak 'n Save Botany;Four Square Pakuranga Heights;Four Square Ellerslie,3,16,8998.56,02:29:58
Fri_1124,New World Metro Queen St;New World Ormiston;Four Square Botany Junction,3,16,8998.97,02:29:58
Fri_1125,Four Square Botany Junction;New World Ormiston;New World Metro Queen St,3,16,9005.69,02:30:05
Fri_1126,New World Howick;Four Square Pakuranga Heights;Four Square Botany Junction,3,16,9008.99,02:30:08
Fri_1127,New World Mt Roskill;New World Metro Shore City;Four Square Lancaster,3,15,9009.85,02:30:09
Fri_1128,New World Howick;Four Square Cockle Bay;Four Square Eden Terrace,3,16,9010.27,02:30:10
Fri_1129,New World Victoria Park;Four Square Lancaster;Four Square Onehunga,3,16,9012.15,02:30:12
Fri_1130,New World Hobsonville;Four Square Hobsonville;Four Square Remuera,3,15,9013.2,02:30:13
Fri_1131,New World Long Bay;New World New Lynn,2,15,9014.75,02:30:14
Fri_1132,New World Howick;Four Square Ellerslie;Four Square Eden Terrace,3,14,9019.92,02:30:19
Fri_1133,New World Point Chevalier;Four Square Ellerslie;New World Ormiston,3,16,9020.25,02:30:20
Fri_1134,New World Mt Roskill;Four Square Pakuranga Heights;Four Square Cockle Bay,3,16,9020.36,02:30:20
Fri_1135,Pak 'n Save Clendon;Four Square Hobsonville,2,14,9024.42,02:30:24
Fri_1136,Four Square Pakuranga Heights;New World Howick;Four Square Cockle Bay,3,16,9026.69,02:30:26
Fri_1137,New World Point Chevalier;New World Metro Queen St;Four Square Britomart;Four Square Ellerslie,4,16,9027.03,02:30:27
Fri_1138,Four Square Hobsonville;New World Hobsonville;Four Square Remuera,3,15,9027.46,02:30:27
Fri_1139,New World Papatoetoe;New World Metro Queen St;Four Square Remuera,3,15,9028.35,02:30:28
Fri_1140,Four Square Eden Terrace;Four Square Torbay,2,8,9033.28,02:30:33
Fri_1141,Four Square Pakuranga Heights;New World Howick;Four Square Ellerslie,3,14,9036.35,02:30:36
Fri_1142,Pak 'n Save Mangere;Four Square Britomart;Four Square Ellerslie,3,16,9037.98,02:30:37
Fri_1143,Four Square Ellerslie;Pak 'n Save Henderson;Four Square Glen Eden,3,15,9038.89,02:30:38
Fri_1144,New World Eastridge;Four Square Onehunga;Four Square Remuera,3,15,9040.48,02:30:40
Fri_1145,Four Square Onehunga;Four Square Ellerslie;Four Square Remuera;Four Square St Heliers,4,14,9044.89,02:30:44
Fri_1146,New World Mt Albert;Four Square Britomart;Four Square Pakuranga Heights,3,15,9049.61,02:30:49
Fri_1147,Four Square Lancaster;Pak 'n Save Manukau,2,15,9050.95,02:30:50
Fri_1148,New World Eastridge;Four Square Remuera;Four Square St Heliers,3,15,9057.51,02:30:57
Fri_1149,New World Green Bay;Four Square Britomart;New World Metro Shore City,3,16,9057.63,02:30:57
Fri_1150,New World Green Bay;New World Metro Shore City;Four Square Britomart,3,16,9058.25,02:30:58
Fri_1151,Four Square Onehunga;New World Southmall;Four Square Britomart,3,15,9058.63,02:30:58
Fri_1152,New World Green Bay;Four Square Britomart;Four Square Glen Eden,3,16,9058.85,02:30:58
Fri_1153,New World New Lynn;Four Square St Heliers;Four Square Onehunga,3,16,9059.79,02:30:59
Fri_1154,Four Square Lancaster;New World Milford;New World Metro Shore City,3,16,9062.01,02:31:02
Fri_1155,Four Square Fair Price Henderson;New World Mt Roskill;New World Metro Queen St,3,15,9062.85,02:31:02
Fri_1156,Four Square Remuera;Four Square Ellerslie;Pak 'n Save Botany,3,16,9063.36,02:31:03
Fri_1157,New World Metro Queen St;New World Botany;Four Square Botany Junction,3,16,9064.0,02:31:04
Fri_1158,Four Square Glen Eden;Pak 'n Save Lincoln Road;Four Square Ellerslie,3,16,9066.86,02:31:06
Fri_1159,New World Hobsonville;New World Devonport,2,15,9067.1,02:31:07
Fri_1160,New World Green Bay;New World Metro Shore City;Four Square Eden Terrace,3,16,9068.0,02:31:08
Fri_1161,New World Ormiston;Four Square Botany Junction;Four Square Britomart,3,16,9069.47,02:31:09
Fri_1162,Pak 'n Save Henderson;Four Square Onehunga;Four Square Ellerslie,3,16,9078.64,02:31:18
Fri_1163,New World Green Bay;Four Square Eden Terrace;Four Square Hobsonville,3,16,9079.32,02:31:19
Fri_1164,Four Square Cockle Bay;Four Square Botany Junction;New World Ormiston,3,16,9080.21,02:31:20
Fri_1165,New World Devonport;New World Hobsonville,2,15,9080.42,02:31:20
Fri_1166,New World Papatoetoe;Four Square St Heliers;Four Square Remuera,3,15,9082.87,02:31:22
Fri_1167,New World Point Chevalier;Four Square Hobsonville;Four Square Britomart,3,13,9083.42,02:31:23
Fri_1168,New World Victoria Park;Four Square Eden Terrace;Four Square Pakuranga Heights,3,16,9093.19,02:31:33
Fri_1169,New World Ormiston;New World Metro Queen St;Four Square Britomart,3,16,9093.68,02:31:33
Fri_1170,New World Albany;New World Metro Queen St;Four Square Britomart,3,16,9094.55,02:31:34
Fri_1171,New World Green Bay;New World Metro Shore City;Four Square Onehunga,3,16,9094.81,02:31:34
Fri_1172,Four Square Ellerslie;Pak 'n Save Botany;Four Square Pakuranga Heights,3,16,9096.5,02:31:36
Fri_1173,Four Square Glen Eden;Four Square Onehunga;New World Stonefields,3,15,9098.23,02:31:38
Fri_1174,Four Square Pakuranga Heights;Four Square Ellerslie;Four Square Remuera;Four Square Onehunga,4,14,9104.42,02:31:44
Fri_1175,Four Square Lancaster;New World Birkenhead;New World Metro Shore City,3,16,9109.27,02:31:49
Fri_1176,New World Albany;New World Stonefields,2,16,9109.31,02:31:49
Fri_1177,New World Eastridge;Four Square Onehunga;New World Metro Queen St,3,15,9113.82,02:31:53
Fri_1178,Four Square Glen Eden;New World Stonefields;Four Square Remuera,3,15,9115.72,02:31:55
Fri_1179,New World Birkenhead;Four Square Lancaster;Four Square Hobsonville,3,16,9116.76,02:31:56
Fri_1180,New World Southmall;New World Hobsonville,2,15,9118.98,02:31:58
Fri_1181,Four Square Glen Eden;Four Square Remuera;New World Stonefields,3,15,9120.68,02:32:00
Fri_1182,New World Botany;Four Square Britomart;New World Metro Queen St,3,16,9120.79,02:32:00
Fri_1183,Four Square Eden Terrace;Four Square Lancaster;New World Victoria Park,3,16,9126.45,02:32:06
Fri_1184,Pak 'n Save Clendon;Four Square Cockle Bay,2,15,9130.75,02:32:10
Fri_1185,Four Square Ellerslie;Four Square Remuera;Pak 'n Save Ormiston,3,15,9132.45,02:32:12
Fri_1186,New World Botany;Four Square Pakuranga Heights;Four Square Remuera,3,16,9133.62,02:32:13
Fri_1187,Four Square Eden Terrace;New World Green Bay;Four Square Fair Price Henderson,3,16,9134.35,02:32:14
Fri_1188,Pak 'n Save Wairau Road;Four Square Remuera;Four Square Ellerslie,3,16,9137.6,02:32:17
Fri_1189,Pak 'n Save Mangere;Four Square Glen Eden;Four Square Fair Price Henderson,3,16,9143.44,02:32:23
Fri_1190,Four Square Pakuranga Heights;New World Papatoetoe;Four Square Botany Junction,3,15,9144.13,02:32:24
Fri_1191,Four Square Lancaster;New World Metro Shore City;New World Victoria Park,3,15,9150.4,02:32:30
Fri_1192,New World Papatoetoe;New World Eastridge;Four Square Ellerslie,3,16,9151.41,02:32:31
Fri_1193,New World Hobsonville;Four Square Hobsonville;Four Square Lancaster,3,15,9154.49,02:32:34
Fri_1194,Four Square Remuera;Four Square Pakuranga Heights;New World Stonefields,3,16,9158.81,02:32:38
Fri_1195,New World Point Chevalier;New World Metro Queen St;Four Square Eden Terrace;Four Square Ellerslie,4,16,9173.51,02:32:53
Fri_1196,New World Newmarket;Four Square Glen Eden;Four Square Fair Price Henderson,3,15,9174.42,02:32:54
Fri_1197,Four Square Hobsonville;New World Newmarket;Four Square Remuera,3,16,9175.62,02:32:55
Fri_1198,Four Square Onehunga;New World Botany;Four Square Cockle Bay,3,16,9178.54,02:32:58
Fri_1199,New World Botany;Four Square Pakuranga Heights;New World Metro Queen St,3,16,9178.71,02:32:58
Fri_1200,New World Southmall;Four Square Onehunga;Four Square Remuera,3,15,9179.52,02:32:59
Fri_1201,New World Metro Queen St;Four Square Britomart;New World Albany,3,16,9180.79,02:33:00
Fri_1202,New World Papatoetoe;Four Square Remuera;Four Square St Heliers,3,15,9188.62,02:33:08
Fri_1203,Pak 'n Save Mangere;Four Square Pakuranga Heights;Four Square Ellerslie,3,16,9189.56,02:33:09
Fri_1204,Four Square Ellerslie;Pak 'n Save Sylvia Park;Four Square Glen Eden,3,16,9192.15,02:33:12
Fri_1205,Four Square Ellerslie;Four Square Remuera;Pak 'n Save Botany,3,16,9196.49,02:33:16
Fri_1206,Four Square Onehunga;New World Howick;New World Metro Queen St,3,16,9198.01,02:33:18
Fri_1207,New World Mt Roskill;Four Square Cockle Bay;Four Square Ellerslie,3,14,9199.46,02:33:19
Fri_1208,New World Mt Roskill;New World Metro Shore City;Four Square Glen Eden,3,14,9199.97,02:33:19
Fri_1209,Four Square Onehunga;Pak 'n Save Ormiston;Four Square Ellerslie,3,15,9200.58,02:33:20
Fri_1210,Pak 'n Save Sylvia Park;Four Square Ellerslie;Four Square Glen Eden,3,16,9202.94,02:33:22
Fri_1211,Four Square Cockle Bay;New World Botany;Four Square Pakuranga Heights,3,16,9205.09,02:33:25
Fri_1212,New World Milford;New World Metro Shore City;Four Square Ellerslie,3,14,9205.21,02:33:25
Fri_1213,New World Howick;Four Square Cockle Bay;Four Square Ellerslie,3,14,9205.78,02:33:25
Fri_1214,New World Howick;New World Metro Queen St;Four Square Britomart,3,16,9206.66,02:33:26
Fri_1215,Pak 'n Save Wairau Road;New World Metro Shore City;Four Square Ellerslie,3,15,9208.89,02:33:28
Fri_1216,Four Square St Heliers;Pak 'n Save Clendon,2,15,9210.57,02:33:30
Fri_1217,Pak 'n Save Highland Park;Four Square Cockle Bay;Four Square Ellerslie,3,15,9212.78,02:33:32
Fri_1218,Four Square Glen Eden;Pak 'n Save Sylvia Park;Four Square Ellerslie,3,16,9213.23,02:33:33
Fri_1219,New World Milford;New World Metro Shore City;Four Square Remuera,3,16,9213.61,02:33:33
Fri_1220,New World Botany;Four Square Eden Terrace;New World Metro Queen St,3,16,9213.96,02:33:33
Fri_1221,New World Birkenhead;New World Long Bay,2,16,9216.7,02:33:36
Fri_1222,Four Square Eden Terrace;New World Victoria Park;Four Square Botany Junction,3,16,9217.42,02:33:37
Fri_1223,New World Papakura;New World Eastridge,2,15,9218.29,02:33:38
Fri_1224,New World Milford;Four Square Ellerslie;Four Square Remuera,3,15,9224.95,02:33:44
Fri_1225,New World Long Bay;New World Birkenhead,2,16,9225.04,02:33:45
Fri_1226,Four Square Cockle Bay;Pak 'n Save Highland Park;Four Square Ellerslie,3,15,9233.39,02:33:53
Fri_1227,New World Stonefields;Four Square Pakuranga Heights;New World Metro Queen St,3,16,9235.03,02:33:55
Fri_1228,Four Square Hobsonville;New World Milford;Four Square Eden Terrace,3,16,9236.16,02:33:56
Fri_1229,Four Square Hobsonville;New World Hobsonville;Four Square Lancaster,3,15,9240.2,02:34:00
Fri_1230,Pak 'n Save Wairau Road;New World Metro Queen St;Four Square Ellerslie,3,16,9242.57,02:34:02
Fri_1231,New World Metro Queen St;New World Birkenhead;Four Square Ellerslie,3,15,9246.72,02:34:06
Fri_1232,Pak 'n Save Henderson;New World Metro Queen St;Four Square Ellerslie,3,16,9247.31,02:34:07
Fri_1233,New World Birkenhead;Four Square Britomart;Four Square Ellerslie,3,15,9248.1,02:34:08
Fri_1234,New World Metro Shore City;Pak 'n Save Wairau Road;Four Square Ellerslie,3,15,9255.5,02:34:15
Fri_1235,New World Botany;Four Square Onehunga;Four Square Eden Terrace,3,16,9257.76,02:34:17
Fri_1236,New World New Lynn;Four Square Eden Terrace;Four Square Botany Junction,3,16,9266.28,02:34:26
Fri_1237,New World Southmall;Four Square Botany Junction;Four Square Remuera,3,15,9268.6,02:34:28
Fri_1238,New World Green Bay;Four Square Onehunga;New World Metro Shore City,3,16,9268.72,02:34:28
Fri_1239,New World Stonefields;New World Albany,2,16,9269.07,02:34:29
Fri_1240,New World Milford;New World Southmall,2,16,9270.67,02:34:30
Fri_1241,New World Southmall;Four Square Botany Junction;Four Square Pakuranga Heights,3,15,9272.17,02:34:32
Fri_1242,Four Square Pakuranga Heights;New World Howick;New World Metro Queen St,3,16,9273.87,02:34:33
Fri_1243,New World Albany;New World Papatoetoe,2,15,9278.12,02:34:38
Fri_1244,Four Square Onehunga;Pak 'n Save Wairau Road;Four Square Ellerslie,3,16,9280.28,02:34:40
Fri_1245,New World Howick;New World Papakura,2,16,9286.82,02:34:46
Fri_1246,New World Remuera;Four Square Onehunga;Four Square St Heliers,3,16,9290.48,02:34:50
Fri_1247,Pak 'n Save Wairau Road;Four Square Hobsonville;Four Square Fair Price Henderson,3,16,9292.91,02:34:52
Fri_1248,Pak 'n Save Ormiston;Four Square Pakuranga Heights;Four Square Ellerslie,3,15,9301.13,02:35:01
Fri_1249,New World Metro Queen St;Pak 'n Save Wairau Road;Four Square Ellerslie,3,16,9301.91,02:35:01
Fri_1250,Pak 'n Save Wairau Road;Four Square Britomart;Four Square Ellerslie,3,16,9303.28,02:35:03
Fri_1251,Four Square Cockle Bay;Pak 'n Save Botany;Four Square Ellerslie,3,16,9303.42,02:35:03
Fri_1252,New World Stonefields;Four Square Remuera;Four Square Pakuranga Heights,3,16,9303.98,02:35:03
Fri_1253,New World Point Chevalier;Four Square Britomart;Four Square Remuera;Four Square Ellerslie,4,16,9306.84,02:35:06
Fri_1254,Four Square Eden Terrace;Pak 'n Save Botany;Four Square Ellerslie,3,16,9307.69,02:35:07
Fri_1255,Four Square Torbay;New World Remuera,2,12,9308.46,02:35:08
Fri_1256,Pak 'n Save Sylvia Park;Four Square Ellerslie;Four Square Fair Price Henderson,3,16,9314.88,02:35:14
Fri_1257,New World New Lynn;Four Square Ellerslie;Four Square Pakuranga Heights,3,14,9315.93,02:35:15
Fri_1258,New World Birkenhead;Four Square Torbay,2,13,9316.3,02:35:16
Fri_1259,Pak 'n Save Henderson;Four Square Britomart;Four Square Ellerslie,3,16,9318.32,02:35:18
Fri_1260,Pak 'n Save Botany;Four Square Botany Junction;Four Square Ellerslie,3,16,9321.79,02:35:21
Fri_1261,Pak 'n Save Botany;Four Square Remuera;Four Square Ellerslie,3,16,9323.49,02:35:23
Fri_1262,New World Papatoetoe;New World Point Chevalier;Four Square Fair Price Henderson,3,16,9332.11,02:35:32
Fri_1263,Pak 'n Save Lincoln Road;Four Square Hobsonville;Four Square Ellerslie,3,16,9333.6,02:35:33
Fri_1264,Four Square Britomart;Pak 'n Save Wairau Road;Four Square Ellerslie,3,16,9333.66,02:35:33
Fri_1265,Four Square Eden Terrace;New World Mt Albert;Four Square St Heliers,3,15,9342.11,02:35:42
Fri_1266,New World Newmarket;Four Square Botany Junction;Four Square Ellerslie,3,15,9342.5,02:35:42
Fri_1267,New World Papatoetoe;New World Point Chevalier;Four Square Ellerslie,3,15,9343.05,02:35:43
Fri_1268,New World Victoria Park;Four Square St Heliers;Four Square Ellerslie,3,14,9343.46,02:35:43
Fri_1269,Four Square Eden Terrace;New World Metro Queen St;Four Square Britomart;Four Square Glen Eden,4,15,9344.94,02:35:44
Fri_1270,New World Green Bay;Four Square Cockle Bay,2,13,9345.27,02:35:45
Fri_1271,New World Mt Roskill;Four Square Pakuranga Heights;Four Square Glen Eden,3,15,9346.78,02:35:46
Fri_1272,New World Birkenhead;Four Square Eden Terrace;Four Square Ellerslie,3,15,9347.32,02:35:47
Fri_1273,New World New Lynn;Four Square Eden Terrace;Four Square Pakuranga Heights,3,16,9348.67,02:35:48
Fri_1274,New World Devonport;New World Metro Shore City;New World Point Chevalier,3,16,9353.29,02:35:53
Fri_1275,Four Square Glen Eden;Four Square Eden Terrace;New World Metro Queen St;Four Square Britomart,4,15,9355.22,02:35:55
Fri_1276,New World Stonefields;New World Point Chevalier;Four Square Ellerslie,3,16,9355.23,02:35:55
Fri_1277,Four Square Remuera;Four Square Pakuranga Heights;New World Ormiston,3,16,9358.67,02:35:58
Fri_1278,Four Square Cockle Bay;Four Square Pakuranga Heights;New World Papatoetoe,3,15,9359.15,02:35:59
Fri_1279,Four Square Onehunga;New World Albany;New World Metro Queen St,3,16,9363.71,02:36:03
Fri_1280,New World Eastridge;New World Papakura,2,15,9367.34,02:36:07
Fri_1281,New World Green Bay;Four Square Glen Eden;New World Metro Shore City,3,15,9367.59,02:36:07
Fri_1282,New World Botany;Four Square Botany Junction;Four Square Pakuranga Heights,3,16,9372.04,02:36:12
Fri_1283,Four Square Botany Junction;New World Botany;Four Square Cockle Bay,3,16,9373.83,02:36:13
Fri_1284,Pak 'n Save Henderson;Four Square Glen Eden;Four Square Hobsonville,3,16,9375.86,02:36:15
Fri_1285,New World Mt Roskill;Four Square Lancaster;Four Square Remuera,3,16,9377.11,02:36:17
Fri_1286,New World Botany;Four Square Eden Terrace;Four Square Britomart,3,16,9380.43,02:36:20
Fri_1287,Four Square Lancaster;New World Metro Shore City;New World Milford,3,16,9382.58,02:36:22
Fri_1288,Four Square Cockle Bay;New World Botany;Four Square Ellerslie,3,14,9383.54,02:36:23
Fri_1289,New World Milford;Four Square Remuera;Four Square Ellerslie,3,15,9383.85,02:36:23
Fri_1290,New World Albany;New World Devonport,2,15,9384.9,02:36:24
Fri_1291,New World Devonport;Four Square Britomart;New World Metro Queen St,3,15,9385.41,02:36:25
Fri_1292,New World Long Bay;Four Square Remuera,2,11,9387.33,02:36:27
Fri_1293,New World Green Bay;Four Square Hobsonville;Four Square Glen Eden,3,15,9390.41,02:36:30
Fri_1294,New World Remuera;Four Square Onehunga;Four Square Hobsonville,3,15,9392.68,02:36:32
Fri_1295,Four Square Eden Terrace;New World Mt Albert;Four Square Pakuranga Heights,3,15,9395.26,02:36:35
Fri_1296,New World Metro Shore City;Pak 'n Save Sylvia Park;Four Square Ellerslie,3,16,9395.88,02:36:35
Fri_1297,Four Square Ellerslie;Four Square Remuera;Four Square St Heliers;Four Square Onehunga,4,14,9397.29,02:36:37
Fri_1298,Four Square Cockle Bay;New World Howick;Four Square Remuera,3,16,9398.21,02:36:38
Fri_1299,New World Howick;Four Square Cockle Bay;Four Square Remuera,3,16,9398.22,02:36:38
Fri_1300,New World Milford;New World Metro Shore City;Four Square Hobsonville,3,15,9399.94,02:36:39
Fri_1301,Pak 'n Save Wairau Road;Four Square Eden Terrace;Four Square Ellerslie,3,16,9402.51,02:36:42
Fri_1302,Four Square Eden Terrace;New World Howick;Four Square Pakuranga Heights,3,16,9403.38,02:36:43
Fri_1303,Pak 'n Save Wairau Road;New World Metro Shore City;Four Square Hobsonville,3,16,9403.62,02:36:43
Fri_1304,Four Square Remuera;New World Botany;Four Square Pakuranga Heights,3,16,9405.72,02:36:45
Fri_1305,New World Metro Shore City;New World Devonport;New World Point Chevalier,3,16,9411.72,02:36:51
Fri_1306,Four Square Britomart;New World Albany;Four Square Hobsonville,3,15,9412.61,02:36:52
Fri_1307,New World Metro Queen St;Four Square Britomart;New World Devonport,3,15,9414.74,02:36:54
Fri_1308,Pak 'n Save Mangere;Four Square Fair Price Henderson;Four Square Hobsonville,3,16,9415.16,02:36:55
Fri_1309,Four Square Glen Eden;Four Square Eden Terrace;Four Square Britomart;New World Metro Queen St,4,15,9420.69,02:37:00
Fri_1310,New World Devonport;New World Metro Queen St;Four Square Britomart,3,15,9425.64,02:37:05
Fri_1311,New World Green Bay;New World Long Bay,2,16,9428.05,02:37:08
Fri_1312,New World Mt Roskill;Four Square Ellerslie;Four Square Lancaster,3,14,9431.32,02:37:11
Fri_1313,Four Square Lancaster;Four Square Eden Terrace;New World Victoria Park,3,16,9431.52,02:37:11
Fri_1314,New World Remuera;Four Square Onehunga;New World Metro Shore City,3,15,9434.3,02:37:14
Fri_1315,Four Square Hobsonville;Pak 'n Save Lincoln Road;Four Square Ellerslie,3,16,9434.81,02:37:14
Fri_1316,New World Mt Albert;New World Southmall;Four Square Ellerslie,3,16,9436.07,02:37:16
Fri_1317,Four Square Lancaster;New World Remuera;Four Square Remuera,3,16,9436.7,02:37:16
Fri_1318,New World Point Chevalier;New World Devonport;New World Metro Shore City,3,16,9439.16,02:37:19
Fri_1319,New World Mt Roskill;Four Square Remuera;Four Square Lancaster,3,16,9439.72,02:37:19
Fri_1320,New World Green Bay;Four Square Ellerslie;Four Square Pakuranga Heights,3,15,9441.37,02:37:21
Fri_1321,Four Square Cockle Bay;New World Howick;New World Metro Queen St,3,16,9443.29,02:37:23
Fri_1322,Four Square Pakuranga Heights;Pak 'n Save Ormiston;Four Square Ellerslie,3,15,9443.67,02:37:23
Fri_1323,New World Birkenhead;Four Square Lancaster;Four Square Ellerslie,3,15,9446.58,02:37:26
Fri_1324,Four Square Ellerslie;Pak 'n Save Sylvia Park;New World Metro Shore City,3,16,9447.71,02:37:27
Fri_1325,Four Square Eden Terrace;New World Metro Queen St;Four Square Britomart;Four Square Fair Price Henderson,4,15,9456.88,02:37:36
Fri_1326,Pak 'n Save Sylvia Park;Four Square Ellerslie;New World Metro Shore City,3,16,9458.5,02:37:38
Fri_1327,Four Square Lancaster;New World Birkenhead;Four Square Ellerslie,3,15,9459.17,02:37:39
Fri_1328,Four Square Eden Terrace;Pak 'n Save Wairau Road;Four Square Ellerslie,3,16,9461.42,02:37:41
Fri_1329,Four Square Onehunga;New World Ormiston;Four Square Britomart,3,16,9468.46,02:37:48
Fri_1330,New World Southmall;Four Square Pakuranga Heights;Four Square Botany Junction,3,15,9474.1,02:37:54
Fri_1331,Four Square Glen Eden;Four Square Ellerslie;Pak 'n Save Manukau,3,16,9476.98,02:37:56
Fri_1332,New World Browns Bay;New World Stonefields,2,16,9485.4,02:38:05
Fri_1333,New World Long Bay;New World Green Bay,2,16,9487.73,02:38:07
Fri_1334,New World Milford;New World Metro Queen St;Four Square Ellerslie,3,15,9488.82,02:38:08
Fri_1335,New World Papatoetoe;New World Mt Albert;Four Square Ellerslie,3,16,9491.36,02:38:11
Fri_1336,New World Ormiston;Four Square Cockle Bay;Four Square Botany Junction,3,16,9492.22,02:38:12
Fri_1337,Four Square Britomart;New World Metro Queen St;New World Point Chevalier;Four Square Ellerslie,4,16,9493.78,02:38:13
Fri_1338,New World Remuera;Four Square Remuera;Four Square Lancaster,3,16,9499.31,02:38:19
Fri_1339,Four Square Ellerslie;New World Birkenhead;Four Square Lancaster,3,15,9509.19,02:38:29
Fri_1340,Pak 'n Save Mangere;Four Square Ellerslie;Four Square St Heliers,3,16,9514.0,02:38:34
Fri_1341,Pak 'n Save Highland Park;Four Square Eden Terrace;Four Square Ellerslie,3,15,9515.54,02:38:35
Fri_1342,Pak 'n Save Mangere;Four Square Hobsonville;Four Square Fair Price Henderson,3,16,9516.37,02:38:36
Fri_1343,Four Square Remuera;Pak 'n Save Highland Park;Four Square Ellerslie,3,15,9519.77,02:38:39
Fri_1344,Four Square Botany Junction;New World Howick;Four Square Cockle Bay,3,16,9519.92,02:38:39
Fri_1345,New World Point Chevalier;New World Botany;Four Square Ellerslie,3,16,9521.18,02:38:41
Fri_1346,New World Mt Roskill;Four Square St Heliers;Four Square Pakuranga Heights,3,16,9521.41,02:38:41
Fri_1347,Four Square Eden Terrace;Four Square Britomart;New World Metro Queen St;Four Square Fair Price Henderson,4,15,9522.35,02:38:42
Fri_1348,New World Metro Queen St;Four Square Britomart;New World Point Chevalier;Four Square Ellerslie,4,16,9523.72,02:38:43
Fri_1349,New World Metro Queen St;Four Square Britomart;Four Square Eden Terrace;Four Square Fair Price Henderson,4,15,9524.03,02:38:44
Fri_1350,New World Hobsonville;Four Square Onehunga;Four Square Remuera,3,16,9524.22,02:38:44
Fri_1351,Four Square Britomart;New World Metro Queen St;Four Square Onehunga;Four Square Remuera,4,16,9524.22,02:38:44
Fri_1352,New World Ormiston;Four Square Remuera;New World Metro Queen St,3,16,9532.42,02:38:52
Fri_1353,New World Point Chevalier;New World Hobsonville;Four Square Ellerslie,3,16,9535.64,02:38:55
Fri_1354,New World Papakura;Four Square Ellerslie;Four Square Remuera,3,14,9539.76,02:38:59
Fri_1355,Four Square Botany Junction;New World Stonefields;Four Square Britomart,3,16,9540.01,02:39:00
Fri_1356,Four Square Pakuranga Heights;New World New Lynn;Four Square Glen Eden,3,15,9545.26,02:39:05
Fri_1357,New World Metro Queen St;New World Birkenhead;Four Square Hobsonville,3,16,9547.32,02:39:07
Fri_1358,New World Milford;Four Square Britomart;Four Square Ellerslie,3,15,9549.54,02:39:09
Fri_1359,New World Mt Roskill;Four Square Fair Price Henderson;Four Square Lancaster,3,15,9552.82,02:39:12
Fri_1360,New World Metro Queen St;Four Square Britomart;New World Browns Bay,3,16,9556.87,02:39:16
Fri_1361,New World Milford;New World Metro Shore City;Four Square Lancaster,3,16,9556.96,02:39:16
Fri_1362,New World Victoria Park;Four Square Pakuranga Heights;Four Square Remuera,3,16,9559.83,02:39:19
Fri_1363,New World Green Bay;New World Metro Queen St;Four Square Hobsonville,3,16,9560.15,02:39:20
Fri_1364,New World Southmall;Four Square Cockle Bay;Four Square Onehunga,3,15,9560.58,02:39:20
Fri_1365,Pak 'n Save Botany;Four Square Onehunga;Four Square Ellerslie,3,16,9567.92,02:39:27
Fri_1366,Four Square Remuera;New World Southmall;Four Square Eden Terrace,3,15,9572.57,02:39:32
Fri_1367,Four Square Pakuranga Heights;New World Southmall;Four Square Botany Junction,3,15,9575.49,02:39:35
Fri_1368,Four Square Cockle Bay;New World Botany;Four Square Remuera,3,16,9575.98,02:39:35
Fri_1369,Four Square Glen Eden;New World Eastridge;New World Metro Queen St,3,14,9578.94,02:39:38
Fri_1370,Four Square Eden Terrace;New World Metro Queen St;New World Point Chevalier;Four Square Ellerslie,4,16,9579.05,02:39:39
Fri_1371,Four Square Britomart;New World Milford;Four Square Ellerslie,3,15,9579.91,02:39:39
Fri_1372,New World Green Bay;Four Square Hobsonville;Four Square Britomart,3,16,9581.45,02:39:41
Fri_1373,Four Square Remuera;New World Botany;Four Square Ellerslie,3,14,9584.17,02:39:44
Fri_1374,Four Square Onehunga;Pak 'n Save Papakura;Four Square Ellerslie,3,16,9587.83,02:39:47
Fri_1375,New World Green Bay;Four Square St Heliers;Four Square Ellerslie,3,15,9590.9,02:39:50
Fri_1376,New World Devonport;New World Albany,2,15,9592.56,02:39:52
Fri_1377,Pak 'n Save Manukau;Four Square Ellerslie;Four Square Fair Price Henderson,3,16,9598.36,02:39:58
Fri_1378,Four Square Pakuranga Heights;New World Ormiston;New World Metro Queen St,3,16,9600.61,02:40:00
Fri_1379,Four Square Ellerslie;Four Square Cockle Bay;New World Howick,3,14,9601.2,02:40:01
Fri_1380,Four Square Ellerslie;Pak 'n Save Highland Park;Four Square Cockle Bay,3,15,9608.2,02:40:08
Fri_1381,Four Square Eden Terrace;New World Point Chevalier;Four Square Britomart;Four Square Ellerslie,4,16,9610.88,02:40:10
Fri_1382,New World Green Bay;Four Square Pakuranga Heights;Four Square Ellerslie,3,15,9614.84,02:40:14
Fri_1383,New World Papatoetoe;Four Square Fair Price Henderson;Four Square Glen Eden,3,13,9623.33,02:40:23
Fri_1384,New World Mt Roskill;Four Square Glen Eden;Four Square Botany Junction,3,15,9624.01,02:40:24
Fri_1385,Pak 'n Save Henderson;Four Square Glen Eden;Four Square Ellerslie,3,15,9625.06,02:40:25
Fri_1386,New World Mt Roskill;Four Square Eden Terrace;Four Square Cockle Bay,3,16,9627.62,02:40:27
Fri_1387,Four Square Eden Terrace;Four Square Cockle Bay;New World Howick,3,16,9633.94,02:40:33
Fri_1388,New World Papatoetoe;Four Square Botany Junction;Four Square Glen Eden,3,14,9634.18,02:40:34
Fri_1389,Four Square Onehunga;New World Papakura;Four Square Botany Junction,3,16,9635.49,02:40:35
Fri_1390,Pak 'n Save Henderson;Four Square Fair Price Henderson;New World Metro Shore City,3,16,9636.2,02:40:36
Fri_1391,New World Ormiston;Four Square Botany Junction;Four Square Cockle Bay,3,16,9640.65,02:40:40
Fri_1392,Four Square Eden Terrace;New World Howick;Four Square Ellerslie,3,14,9643.61,02:40:43
Fri_1393,Four Square Remuera;Four Square Torbay,2,8,9646.68,02:40:46
Fri_1394,Four Square Botany Junction;New World Green Bay;Four Square Glen Eden,3,16,9647.33,02:40:47
Fri_1395,Four Square Pakuranga Heights;Four Square Britomart;New World Metro Queen St;Four Square Eden Terrace,4,16,9652.23,02:40:52
Fri_1396,Pak 'n Save Ormiston;Four Square Onehunga;Four Square Ellerslie,3,15,9652.5,02:40:52
Fri_1397,Four Square Glen Eden;New World Green Bay;Four Square Botany Junction,3,16,9657.12,02:40:57
Fri_1398,Pak 'n Save Wairau Road;Four Square Onehunga;Four Square Ellerslie,3,16,9659.31,02:40:59
Fri_1399,Pak 'n Save Highland Park;Four Square St Heliers;Four Square Ellerslie,3,15,9667.04,02:41:07
Fri_1400,Pak 'n Save Lincoln Road;Four Square Cockle Bay,2,15,9668.39,02:41:08
Fri_1401,New World Victoria Park;Four Square Hobsonville;Four Square Glen Eden,3,14,9669.33,02:41:09
Fri_1402,Four Square Remuera;New World Birkenhead;New World Metro Shore City,3,16,9669.73,02:41:09
Fri_1403,Four Square Glen Eden;New World Howick,2,11,9672.38,02:41:12
Fri_1404,New World New Lynn;Four Square Remuera;New World Metro Shore City,3,15,9673.36,02:41:13
Fri_1405,New World Browns Bay;Four Square Ellerslie;Four Square Onehunga,3,14,9677.06,02:41:17
Fri_1406,Pak 'n Save Botany;Four Square Cockle Bay;Four Square Ellerslie,3,16,9688.14,02:41:28
Fri_1407,Four Square Lancaster;Pak 'n Save Glen Innes,2,15,9690.09,02:41:30
Fri_1408,Four Square Botany Junction;Four Square Pakuranga Heights;New World Howick,3,16,9691.58,02:41:31
Fri_1409,New World Green Bay;Four Square Glen Eden;Four Square Botany Junction,3,16,9695.1,02:41:35
Fri_1410,Four Square Hobsonville;Pak 'n Save Wairau Road;Four Square Ellerslie,3,15,9696.56,02:41:36
Fri_1411,New World Milford;Four Square Hobsonville;Four Square Onehunga,3,16,9697.77,02:41:37
Fri_1412,New World Albany;Four Square Eden Terrace;New World Metro Queen St,3,16,9701.21,02:41:41
Fri_1413,Four Square Lancaster;Pak 'n Save Wairau Road;Four Square Ellerslie,3,16,9701.33,02:41:41
Fri_1414,New World Metro Shore City;New World Birkenhead;Four Square Ellerslie,3,14,9704.18,02:41:44
Fri_1415,New World Metro Shore City;Four Square Fair Price Henderson;Pak 'n Save Henderson,3,16,9704.46,02:41:44
Fri_1416,New World Metro Shore City;New World Birkenhead;Four Square Remuera,3,16,9712.58,02:41:52
Fri_1417,Four Square Britomart;Pak 'n Save Highland Park;Four Square Ellerslie,3,15,9714.49,02:41:54
Fri_1418,Pak 'n Save Papakura;Four Square Remuera;Four Square Ellerslie,3,16,9716.79,02:41:56
Fri_1419,Pak 'n Save Mangere;Four Square Ellerslie;Four Square Pakuranga Heights,3,16,9718.93,02:41:58
Fri_1420,Pak 'n Save Wairau Road;Four Square Hobsonville;Four Square Glen Eden,3,16,9718.94,02:41:58
Fri_1421,Pak 'n Save Lincoln Road;Four Square Glen Eden;Four Square Ellerslie,3,16,9723.68,02:42:03
Fri_1422,Pak 'n Save Albany;Four Square Hobsonville;Four Square Fair Price Henderson,3,16,9726.94,02:42:06
Fri_1423,New World Papakura;New World Metro Queen St;Four Square Britomart,3,16,9727.43,02:42:07
Fri_1424,New World Eastridge;New World Mt Albert;Four Square Ellerslie,3,16,9727.65,02:42:07
Fri_1425,New World Green Bay;New World Metro Shore City;Four Square Ellerslie,3,14,9727.78,02:42:07
Fri_1426,New World Metro Queen St;New World Stonefields;Four Square Fair Price Henderson,3,15,9730.03,02:42:10
Fri_1427,Four Square Pakuranga Heights;New World Green Bay;Four Square Glen Eden,3,16,9731.38,02:42:11
Fri_1428,Four Square Ellerslie;Four Square Lancaster;New World Victoria Park,3,14,9731.45,02:42:11
Fri_1429,Four Square Botany Junction;New World Eastridge;Four Square Britomart,3,15,9738.5,02:42:18
Fri_1430,Pak 'n Save Manukau;Four Square Ellerslie;New World Metro Shore City,3,16,9741.98,02:42:21
Fri_1431,Pak 'n Save Mangere;Four Square St Heliers;Four Square Ellerslie,3,16,9743.88,02:42:23
Fri_1432,Four Square Glen Eden;Pak 'n Save Wairau Road;New World Metro Shore City,3,16,9749.76,02:42:29
Fri_1433,Pak 'n Save Wairau Road;New World Metro Shore City;Four Square Glen Eden,3,16,9750.76,02:42:30
Fri_1434,Pak 'n Save Glen Innes;Four Square Lancaster,2,15,9752.7,02:42:32
Fri_1435,Four Square Britomart;New World Metro Queen St;New World Howick,3,16,9758.77,02:42:38
Fri_1436,Four Square Lancaster;New World Birkenhead;Four Square Hobsonville,3,16,9759.77,02:42:39
Fri_1437,Four Square Fair Price Henderson;New World Metro Queen St;Four Square Britomart;Four Square Onehunga,4,15,9762.8,02:42:42
Fri_1438,Four Square Ellerslie;Pak 'n Save Sylvia Park;Four Square Hobsonville,3,16,9764.5,02:42:44
Fri_1439,Four Square Onehunga;New World Birkenhead;Four Square Glen Eden,3,16,9766.96,02:42:46
Fri_1440,Four Square Remuera;New World Southmall;Four Square Ellerslie,3,13,9768.09,02:42:48
Fri_1441,New World Stonefields;Four Square Cockle Bay;Four Square Botany Junction,3,16,9768.76,02:42:48
Fri_1442,New World Green Bay;Four Square Botany Junction;Four Square Ellerslie,3,15,9769.62,02:42:49
Fri_1443,Four Square Eden Terrace;Pak 'n Save Ormiston;Four Square Ellerslie,3,15,9769.89,02:42:49
Fri_1444,Four Square Britomart;Pak 'n Save Botany;Four Square Ellerslie,3,16,9770.11,02:42:50
Fri_1445,Pak 'n Save Sylvia Park;Four Square Ellerslie;Four Square Hobsonville,3,16,9775.3,02:42:55
Fri_1446,New World Ormiston;Four Square Botany Junction;Four Square Glen Eden,3,15,9775.54,02:42:55
Fri_1447,Pak 'n Save Albany;Four Square Ellerslie;Four Square Remuera,3,16,9778.32,02:42:58
Fri_1448,New World Milford;Four Square Lancaster;New World Metro Shore City,3,16,9780.99,02:43:00
Fri_1449,Four Square Hobsonville;Pak 'n Save Albany;Four Square Fair Price Henderson,3,16,9782.85,02:43:02
Fri_1450,Four Square Fair Price Henderson;New World Albany;Four Square Britomart,3,15,9787.36,02:43:07
Fri_1451,Four Square Onehunga;New World Metro Queen St;Four Square Britomart;Four Square St Heliers,4,16,9787.5,02:43:07
Fri_1452,New World Metro Queen St;Four Square Britomart;New World Howick,3,16,9788.66,02:43:08
Fri_1453,New World Howick;Four Square Pakuranga Heights;Four Square St Heliers,3,16,9798.17,02:43:18
Fri_1454,Pak 'n Save Henderson;Four Square Hobsonville;New World Metro Shore City,3,16,9801.05,02:43:21
Fri_1455,New World Botany;Four Square Onehunga;Four Square Britomart,3,16,9801.73,02:43:21
Fri_1456,New World Botany;Four Square Eden Terrace;Four Square Ellerslie,3,14,9811.25,02:43:31
Fri_1457,Four Square Remuera;Four Square St Heliers;New World Botany,3,16,9815.47,02:43:35
Fri_1458,Four Square Ellerslie;New World Southmall;Four Square Britomart,3,13,9816.11,02:43:36
Fri_1459,Pak 'n Save Wairau Road;Four Square Lancaster;Four Square Ellerslie,3,16,9816.47,02:43:36
Fri_1460,New World Birkenhead;Four Square Britomart;New World Metro Shore City,3,16,9819.74,02:43:39
Fri_1461,New World Metro Queen St;New World Mt Albert;Four Square St Heliers,3,15,9822.93,02:43:42
Fri_1462,New World Albany;Four Square Hobsonville;Four Square Fair Price Henderson,3,14,9823.32,02:43:43
Fri_1463,Four Square Onehunga;New World Point Chevalier;Four Square Fair Price Henderson;Four Square Glen Eden,4,16,9824.97,02:43:44
Fri_1464,Four Square Britomart;New World Metro Queen St;New World Papakura,3,16,9826.0,02:43:46
Fri_1465,Four Square Ellerslie;Four Square Onehunga;Pak 'n Save Papakura,3,16,9830.52,02:43:50
Fri_1466,New World Papakura;Four Square Eden Terrace;New World Metro Queen St,3,16,9830.54,02:43:50
Fri_1467,Four Square Britomart;Four Square Hobsonville;New World Newmarket,3,16,9847.27,02:44:07
Fri_1468,New World Point Chevalier;New World Howick;Four Square Ellerslie,3,16,9848.31,02:44:08
Fri_1469,New World Papatoetoe;Four Square Botany Junction;Four Square St Heliers,3,15,9852.43,02:44:12
Fri_1470,Pak 'n Save Ormiston;Four Square Botany Junction;Four Square Glen Eden,3,16,9856.13,02:44:16
Fri_1471,Four Square Botany Junction;Four Square St Heliers;New World Eastridge,3,15,9856.47,02:44:16
Fri_1472,New World Botany;Four Square Cockle Bay;Four Square Remuera,3,16,9857.25,02:44:17
Fri_1473,New World Milford;New World Metro Shore City;Four Square Fair Price Henderson,3,15,9859.02,02:44:19
Fri_1474,Pak 'n Save Highland Park;New World Metro Queen St;Four Square Ellerslie,3,15,9859.15,02:44:19
Fri_1475,New World Southmall;New World Eastridge;Four Square Ellerslie,3,16,9859.34,02:44:19
Fri_1476,Pak 'n Save Wairau Road;New World Metro Shore City;Four Square Fair Price Henderson,3,16,9862.7,02:44:22
Fri_1477,New World Mt Roskill;Four Square Torbay;Four Square Hobsonville,3,15,9865.19,02:44:25
Fri_1478,Pak 'n Save Botany;Four Square Eden Terrace;Four Square Ellerslie,3,16,9868.62,02:44:28
Fri_1479,New World Mt Roskill;Four Square Torbay;New World Metro Queen St,3,16,9869.67,02:44:29
Fri_1480,Four Square Lancaster;New World Mt Albert;New World Metro Queen St,3,15,9870.99,02:44:30
Fri_1481,New World Devonport;Four Square Remuera;Four Square Onehunga,3,15,9871.15,02:44:31
Fri_1482,New World Birkenhead;New World Metro Queen St;Four Square Fair Price Henderson,3,16,9872.13,02:44:32
Fri_1483,Four Square Torbay;New World Hobsonville;Four Square Hobsonville,3,15,9882.23,02:44:42
Fri_1484,New World Remuera;Four Square Fair Price Henderson;Four Square Britomart,3,15,9882.38,02:44:42
Fri_1485,New World Papakura;Four Square Remuera;Four Square Ellerslie,3,14,9882.7,02:44:42
Fri_1486,New World Southmall;New World Point Chevalier;Four Square Glen Eden,3,16,9884.88,02:44:44
Fri_1487,Four Square Britomart;New World Metro Queen St;Four Square Eden Terrace;Four Square Hobsonville,4,15,9889.03,02:44:49
Fri_1488,Four Square Fair Price Henderson;New World Albany;New World Metro Shore City,3,14,9890.61,02:44:50
Fri_1489,New World Mt Roskill;Four Square St Heliers;Four Square Botany Junction,3,16,9891.52,02:44:51
Fri_1490,New World Remuera;Four Square Cockle Bay;Four Square Eden Terrace,3,16,9892.67,02:44:52
Fri_1491,Four Square Torbay;Four Square Hobsonville;New World Hobsonville,3,15,9896.49,02:44:56
Fri_1492,New World Metro Queen St;New World Birkenhead;Four Square Fair Price Henderson,3,16,9900.54,02:45:00
Fri_1493,Four Square Pakuranga Heights;Four Square Cockle Bay;New World New Lynn,3,16,9903.26,02:45:03
Fri_1494,Four Square Glen Eden;Pak 'n Save Ormiston;Four Square Botany Junction,3,16,9903.9,02:45:03
Fri_1495,New World Birkenhead;Four Square Hobsonville;Four Square Fair Price Henderson,3,15,9907.51,02:45:07
Fri_1496,Four Square Pakuranga Heights;New World Newmarket;New World Metro Shore City,3,16,9910.03,02:45:10
Fri_1497,New World Mt Roskill;Four Square Botany Junction;Four Square Fair Price Henderson,3,15,9917.94,02:45:17
Fri_1498,Four Square Glen Eden;Pak 'n Save Manukau;Four Square Ellerslie,3,16,9918.48,02:45:18
Fri_1499,Four Square Fair Price Henderson;New World Birkenhead;Four Square Onehunga,3,16,9919.71,02:45:19
Fri_1500,New World Metro Shore City;New World Milford;Four Square Glen Eden,3,15,9920.39,02:45:20
Fri_1501,New World Albany;New World Southmall,2,15,9920.42,02:45:20
Fri_1502,New World Mt Roskill;Four Square Fair Price Henderson;Four Square St Heliers,3,15,9924.72,02:45:24
Fri_1503,New World Birkenhead;Four Square Britomart;Four Square Fair Price Henderson,3,16,9932.9,02:45:32
Fri_1504,Four Square Pakuranga Heights;New World Hobsonville;Four Square Hobsonville,3,15,9936.18,02:45:36
Fri_1505,Pak 'n Save Albany;Four Square Remuera;Four Square Ellerslie,3,16,9937.22,02:45:37
Fri_1506,New World Hobsonville;Four Square Hobsonville;Four Square Torbay,3,15,9938.14,02:45:38
Fri_1507,New World Mt Roskill;Four Square Torbay;Four Square Eden Terrace,3,16,9940.18,02:45:40
Fri_1508,New World Papakura;New World Howick,2,16,9942.43,02:45:42
Fri_1509,New World Newmarket;Four Square Cockle Bay;Four Square Ellerslie,3,15,9947.81,02:45:47
Fri_1510,Pak 'n Save Papakura;Four Square Onehunga;Four Square Ellerslie,3,16,9950.27,02:45:50
Fri_1511,Four Square Pakuranga Heights;Four Square Hobsonville;New World Hobsonville,3,15,9950.43,02:45:50
Fri_1512,New World Birkenhead;New World Metro Shore City;Four Square Lancaster,3,16,9950.46,02:45:50
Fri_1513,Four Square Ellerslie;Pak 'n Save Glen Innes;Four Square Glen Eden,3,16,9954.06,02:45:54
Fri_1514,New World New Lynn;New World Metro Shore City;Four Square Lancaster,3,15,9954.1,02:45:54
Fri_1515,Pak 'n Save Highland Park;Four Square Pakuranga Heights;Four Square Glen Eden,3,16,9954.21,02:45:54
Fri_1516,New World Papatoetoe;Four Square Britomart;Four Square St Heliers,3,15,9956.86,02:45:56
Fri_1517,New World Mt Roskill;Four Square Glen Eden;Four Square St Heliers,3,15,9959.05,02:45:59
Fri_1518,Four Square St Heliers;New World Metro Queen St;Four Square Britomart;Four Square Eden Terrace,4,16,9963.11,02:46:03
Fri_1519,Four Square Cockle Bay;New World Remuera;New World Metro Queen St,3,16,9963.46,02:46:03
Fri_1520,New World Southmall;New World Albany,2,15,9964.82,02:46:04
Fri_1521,New World Newmarket;Four Square Lancaster;Four Square Ellerslie,3,15,9965.72,02:46:05
Fri_1522,New World Devonport;New World Browns Bay,2,15,9968.64,02:46:08
Fri_1523,New World Milford;Four Square Lancaster;Four Square Hobsonville,3,16,9969.61,02:46:09
Fri_1524,Pak 'n Save Lincoln Road;New World Metro Shore City;Four Square Ellerslie,3,16,9972.16,02:46:12
Fri_1525,New World Mt Roskill;Four Square Onehunga;Four Square Torbay,3,16,9973.58,02:46:13
Fri_1526,Four Square Onehunga;New World Southmall;Four Square St Heliers,3,15,9982.95,02:46:22
Fri_1527,Four Square Torbay;New World Browns Bay;New World Metro Queen St,3,16,9984.95,02:46:24
Fri_1528,New World Botany;Four Square Pakuranga Heights;Four Square Cockle Bay,3,16,9985.29,02:46:25
Fri_1529,New World Long Bay;Four Square Torbay;Four Square Hobsonville,3,14,9988.59,02:46:28
Fri_1530,Four Square Torbay;New World Long Bay;Four Square Hobsonville,3,14,9990.21,02:46:30
Fri_1531,New World Long Bay;Four Square Torbay;New World Metro Queen St,3,15,9993.07,02:46:33
Fri_1532,New World Ormiston;Four Square Botany Junction;Four Square St Heliers,3,16,9993.79,02:46:33
Fri_1533,New World Southmall;Four Square St Heliers;Four Square Ellerslie,3,13,9994.64,02:46:34
Fri_1534,Four Square Torbay;New World Long Bay;New World Metro Queen St,3,15,9994.69,02:46:34
Fri_1535,Four Square Onehunga;Pak 'n Save Albany;Four Square Ellerslie,3,16,9997.63,02:46:37
Fri_1536,New World Eastridge;Four Square Onehunga;Four Square Fair Price Henderson,3,14,10000.35,02:46:40
Fri_1537,Four Square Lancaster;New World Birkenhead;Four Square Glen Eden,3,16,10001.04,02:46:41
Fri_1538,New World Metro Shore City;New World Browns Bay;New World Metro Queen St,3,15,10007.53,02:46:47
Fri_1539,Four Square Torbay;Pak 'n Save Sylvia Park,2,15,10007.66,02:46:47
Fri_1540,New World Mt Roskill;Four Square Glen Eden;Four Square Pakuranga Heights,3,15,10012.2,02:46:52
Fri_1541,Four Square Lancaster;Four Square Remuera;New World Stonefields,3,16,10013.95,02:46:53
Fri_1542,New World Browns Bay;Four Square Torbay;Four Square Hobsonville,3,15,10014.6,02:46:54
Fri_1543,New World Point Chevalier;Four Square Hobsonville;New World Papatoetoe,3,16,10015.73,02:46:55
Fri_1544,New World Browns Bay;Four Square Torbay;New World Metro Queen St,3,16,10019.08,02:46:59
Fri_1545,New World Metro Queen St;Pak 'n Save Albany;Four Square Ellerslie,3,16,10019.26,02:46:59
Fri_1546,Four Square Cockle Bay;New World Howick;Four Square St Heliers,3,16,10019.67,02:46:59
Fri_1547,New World Howick;Four Square Cockle Bay;Four Square St Heliers,3,16,10019.69,02:46:59
Fri_1548,Four Square Hobsonville;New World Hobsonville;Four Square Torbay,3,15,10023.85,02:47:03
Fri_1549,New World Mt Roskill;New World Metro Shore City;Four Square Botany Junction,3,15,10026.23,02:47:06
Fri_1550,New World New Lynn;Four Square Glen Eden;Four Square St Heliers,3,15,10026.63,02:47:06
Fri_1551,Pak 'n Save Botany;Four Square St Heliers;Four Square Ellerslie,3,16,10029.18,02:47:09
Fri_1552,Four Square Ellerslie;New World Albany;New World Point Chevalier,3,16,10029.61,02:47:09
Fri_1553,New World Green Bay;Four Square Glen Eden;Four Square St Heliers,3,16,10030.14,02:47:10
Fri_1554,New World Mt Roskill;Four Square Torbay;New World Metro Shore City,3,15,10033.68,02:47:13
Fri_1555,Four Square Ellerslie;Four Square Onehunga;New World Howick,3,14,10036.31,02:47:16
Fri_1556,New World Mt Roskill;Four Square Lancaster;Four Square Glen Eden,3,15,10037.41,02:47:17
Fri_1557,Four Square Botany Junction;New World Ormiston;Four Square St Heliers,3,16,10040.95,02:47:20
Fri_1558,Pak 'n Save Albany;New World Metro Queen St;Four Square Ellerslie,3,16,10042.19,02:47:22
Fri_1559,New World Point Chevalier;New World Eastridge;New World Metro Shore City,3,16,10045.99,02:47:25
Fri_1560,New World Eastridge;New World Papatoetoe;Four Square Ellerslie,3,16,10047.53,02:47:27
Fri_1561,New World Metro Queen St;New World Green Bay;Four Square Ellerslie,3,15,10050.19,02:47:30
Fri_1562,Four Square Onehunga;Pak 'n Save Highland Park;Four Square Fair Price Henderson,3,16,10051.43,02:47:31
Fri_1563,Pak 'n Save Clendon;Four Square Lancaster,2,15,10052.52,02:47:32
Fri_1564,New World Long Bay;Four Square Torbay;Four Square Britomart,3,15,10053.83,02:47:33
Fri_1565,Four Square Torbay;New World Long Bay;Four Square Britomart,3,15,10055.46,02:47:35
Fri_1566,Pak 'n Save Manukau;Four Square Ellerslie;Four Square Hobsonville,3,16,10058.78,02:47:38
Fri_1567,New World Hobsonville;Four Square Pakuranga Heights;Four Square Onehunga,3,16,10059.62,02:47:39
Fri_1568,Four Square Hobsonville;New World Albany;Four Square Lancaster,3,15,10064.89,02:47:44
Fri_1569,Four Square Torbay;New World Long Bay;Four Square Eden Terrace,3,15,10065.21,02:47:45
Fri_1570,Pak 'n Save Highland Park;Four Square Pakuranga Heights;Four Square Fair Price Henderson,3,16,10066.15,02:47:46
Fri_1571,New World Stonefields;Four Square Onehunga;Four Square Hobsonville,3,15,10069.17,02:47:49
Fri_1572,Four Square Pakuranga Heights;Four Square Eden Terrace;New World Hobsonville,3,16,10071.17,02:47:51
Fri_1573,New World Mt Roskill;Four Square Glen Eden;Four Square Lancaster,3,15,10071.8,02:47:51
Fri_1574,Four Square Remuera;New World Ormiston;Four Square Pakuranga Heights,3,16,10075.07,02:47:55
Fri_1575,Pak 'n Save Papakura;Four Square Botany Junction;Four Square Ellerslie,3,16,10075.46,02:47:55
Fri_1576,Four Square Eden Terrace;Four Square Britomart;New World Papakura,3,16,10077.69,02:47:57
Fri_1577,New World Papatoetoe;New World Point Chevalier;New World Metro Shore City,3,16,10077.87,02:47:57
Fri_1578,New World Metro Queen St;Pak 'n Save Henderson;Four Square Ellerslie,3,16,10079.36,02:47:59
Fri_1579,New World New Lynn;Four Square Glen Eden;Four Square Pakuranga Heights,3,15,10079.78,02:47:59
Fri_1580,New World Browns Bay;Four Square Torbay;Four Square Britomart,3,16,10079.84,02:47:59
Fri_1581,New World Green Bay;Four Square Glen Eden;Four Square Pakuranga Heights,3,16,10083.29,02:48:03
Fri_1582,New World Browns Bay;Four Square Torbay;Four Square Eden Terrace,3,16,10089.59,02:48:09
Fri_1583,New World Long Bay;Four Square Torbay;Four Square Onehunga,3,15,10090.4,02:48:10
Fri_1584,New World Point Chevalier;Four Square Onehunga;Four Square Lancaster,3,14,10091.13,02:48:11
Fri_1585,Four Square Torbay;New World Long Bay;Four Square Onehunga,3,15,10092.02,02:48:12
Fri_1586,New World Mt Albert;Four Square Eden Terrace;Four Square Ellerslie;New World Metro Shore City,4,16,10094.49,02:48:14
Fri_1587,New World Botany;Four Square Botany Junction;Four Square Cockle Bay,3,16,10095.67,02:48:15
Fri_1588,Four Square Britomart;New World Howick;Four Square Cockle Bay,3,16,10096.36,02:48:16
Fri_1589,New World Eastridge;Four Square St Heliers;Four Square Fair Price Henderson,3,14,10096.74,02:48:16
Fri_1590,Four Square Fair Price Henderson;New World Browns Bay;Four Square Hobsonville,3,14,10098.21,02:48:18
Fri_1591,New World Remuera;New World Metro Shore City;Four Square Lancaster,3,15,10102.38,02:48:22
Fri_1592,Pak 'n Save Albany;Four Square Britomart;Four Square Ellerslie,3,16,10102.9,02:48:22
Fri_1593,New World Mt Albert;Four Square Remuera;Four Square Ellerslie;Four Square Glen Eden,4,16,10103.15,02:48:23
Fri_1594,Pak 'n Save Mangere;Four Square Glen Eden;Four Square Hobsonville,3,16,10106.65,02:48:26
Fri_1595,New World Green Bay;Four Square Lancaster;Four Square Hobsonville,3,16,10108.58,02:48:28
Fri_1596,New World Mt Roskill;New World Metro Shore City;Four Square Pakuranga Heights,3,15,10108.62,02:48:28
Fri_1597,Pak 'n Save Highland Park;Four Square Eden Terrace;Four Square Fair Price Henderson,3,16,10110.87,02:48:30
Fri_1598,Four Square Glen Eden;New World Milford;Four Square Onehunga,3,16,10111.09,02:48:31
Fri_1599,Four Square Lancaster;New World Birkenhead;Four Square Fair Price Henderson,3,16,10112.99,02:48:32
Fri_1600,Pak 'n Save Lincoln Road;Four Square Ellerslie;New World Metro Shore City,3,16,10113.52,02:48:33
Fri_1601,New World Metro Queen St;New World Long Bay;Four Square Torbay,3,15,10118.61,02:48:38
Fri_1602,Four Square Cockle Bay;New World Eastridge;Four Square Britomart,3,15,10119.37,02:48:39
Fri_1603,New World Milford;Four Square Britomart;New World Metro Shore City,3,16,10121.18,02:48:41
Fri_1604,Four Square Glen Eden;Pak 'n Save Glen Innes;Four Square Ellerslie,3,16,10123.24,02:48:43
Fri_1605,Four Square Glen Eden;Four Square St Heliers;New World Newmarket,3,16,10125.44,02:48:45
Fri_1606,Four Square Remuera;Four Square Eden Terrace;New World Point Chevalier;Four Square Ellerslie,4,16,10129.95,02:48:49
Fri_1607,New World Southmall;Four Square Botany Junction;Four Square Glen Eden,3,14,10130.69,02:48:50
Fri_1608,New World Remuera;Four Square Lancaster;Four Square Hobsonville,3,15,10131.42,02:48:51
Fri_1609,New World Milford;Four Square Eden Terrace;Four Square Glen Eden,3,16,10132.15,02:48:52
Fri_1610,New World Long Bay;New World Eastridge,2,14,10133.97,02:48:53
Fri_1611,Four Square Pakuranga Heights;New World Metro Shore City;New World Milford,3,16,10134.65,02:48:54
Fri_1612,New World Mt Albert;New World Metro Shore City;Four Square Ellerslie;Four Square Remuera,4,16,10137.19,02:48:57
Fri_1613,Four Square Eden Terrace;New World Botany;Four Square St Heliers,3,16,10139.43,02:48:59
Fri_1614,Pak 'n Save Albany;Four Square Fair Price Henderson;Four Square Glen Eden,3,16,10140.49,02:49:00
Fri_1615,New World Birkenhead;New World Metro Shore City;Four Square Glen Eden,3,15,10140.58,02:49:00
Fri_1616,New World Green Bay;Four Square Glen Eden;Four Square Lancaster,3,16,10142.89,02:49:02
Fri_1617,Four Square Torbay;New World Browns Bay;New World Metro Shore City,3,15,10148.96,02:49:08
Fri_1618,Pak 'n Save Mangere;Four Square Fair Price Henderson;Four Square Ellerslie,3,15,10149.02,02:49:09
Fri_1619,Four Square St Heliers;Four Square Remuera;New World Southmall,3,15,10149.31,02:49:09
Fri_1620,Four Square Glen Eden;New World Green Bay;Four Square St Heliers,3,16,10149.46,02:49:09
Fri_1621,Four Square Britomart;Pak 'n Save Henderson;Four Square Ellerslie,3,16,10150.42,02:49:10
Fri_1622,Pak 'n Save Albany;Four Square Hobsonville;Four Square Glen Eden,3,16,10152.97,02:49:12
Fri_1623,Four Square Lancaster;New World Albany;New World Metro Shore City,3,15,10153.37,02:49:13
Fri_1624,Four Square Glen Eden;New World New Lynn;Four Square Lancaster,3,15,10154.07,02:49:14
Fri_1625,Four Square Lancaster;Four Square Glen Eden;New World Green Bay,3,16,10156.76,02:49:16
Fri_1626,New World Hobsonville;New World Howick,2,16,10160.92,02:49:20
Fri_1627,New World Papakura;New World Hobsonville,2,16,10162.54,02:49:22
Fri_1628,Pak 'n Save Sylvia Park;Four Square Torbay,2,15,10167.42,02:49:27
Fri_1629,Pak 'n Save Mangere;Four Square Cockle Bay;Four Square Ellerslie,3,16,10172.01,02:49:32
Fri_1630,Four Square Botany Junction;New World Point Chevalier;Four Square Remuera,3,14,10173.54,02:49:33
Fri_1631,Four Square Cockle Bay;Pak 'n Save Ormiston;Four Square Ellerslie,3,15,10175.27,02:49:35
Fri_1632,Four Square Hobsonville;New World Newmarket;Four Square Fair Price Henderson,3,15,10175.97,02:49:35
Fri_1633,Four Square Eden Terrace;Pak 'n Save Albany;Four Square Ellerslie,3,16,10178.77,02:49:38
Fri_1634,New World Browns Bay;Four Square Torbay;New World Metro Shore City,3,15,10183.09,02:49:43
Fri_1635,Four Square Remuera;New World Point Chevalier;Four Square Eden Terrace;Four Square Ellerslie,4,16,10184.74,02:49:44
Fri_1636,Four Square Ellerslie;New World Point Chevalier;Four Square Eden Terrace;Four Square Remuera,4,16,10184.74,02:49:44
Fri_1637,Four Square Remuera;Pak 'n Save Mangere;Four Square Ellerslie,3,16,10187.09,02:49:47
Fri_1638,Four Square Botany Junction;New World Stonefields;Four Square Pakuranga Heights,3,16,10192.16,02:49:52
Fri_1639,Four Square Botany Junction;Pak 'n Save Papakura;Four Square Ellerslie,3,16,10197.5,02:49:57
Fri_1640,New World Southmall;New World Mt Albert;Four Square Ellerslie,3,16,10199.29,02:49:59
Fri_1641,New World Point Chevalier;Four Square St Heliers;Four Square Remuera;Four Square Ellerslie,4,16,10199.5,02:49:59
Fri_1642,Pak 'n Save Albany;Four Square Eden Terrace;Four Square Ellerslie,3,16,10202.12,02:50:02
Fri_1643,Four Square Glen Eden;New World Green Bay;Four Square Pakuranga Heights,3,16,10202.61,02:50:02
Fri_1644,New World Ormiston;Four Square Botany Junction;Four Square Fair Price Henderson,3,15,10203.48,02:50:03
Fri_1645,New World Papatoetoe;Four Square Botany Junction;New World Metro Shore City,3,14,10205.73,02:50:05
Fri_1646,New World Devonport;Four Square Ellerslie;Four Square Remuera,3,13,10205.79,02:50:05
Fri_1647,Four Square Cockle Bay;New World Botany;Four Square St Heliers,3,16,10206.49,02:50:06
Fri_1648,New World New Lynn;Four Square Fair Price Henderson;Four Square Lancaster,3,15,10209.32,02:50:09
Fri_1649,Pak 'n Save Highland Park;Four Square Pakuranga Heights;New World Metro Shore City,3,16,10209.77,02:50:09
Fri_1650,Four Square Botany Junction;Pak 'n Save Mangere;Four Square Ellerslie,3,16,10210.93,02:50:10
Fri_1651,Pak 'n Save Botany;New World Metro Queen St;Four Square Ellerslie,3,16,10212.24,02:50:12
Fri_1652,New World Albany;Four Square Torbay;Four Square Hobsonville,3,15,10212.45,02:50:12
Fri_1653,New World Mt Albert;New World Devonport;Four Square Ellerslie,3,16,10213.69,02:50:13
Fri_1654,New World Mt Albert;Four Square Remuera;Four Square Ellerslie;Four Square Fair Price Henderson,4,16,10215.09,02:50:15
Fri_1655,Four Square Ellerslie;New World Victoria Park;Four Square St Heliers,3,14,10220.34,02:50:20
Fri_1656,Four Square Lancaster;New World Metro Shore City;New World Hobsonville,3,15,10221.2,02:50:21
Fri_1657,Four Square St Heliers;Four Square Botany Junction;New World Ormiston,3,16,10224.22,02:50:24
Fri_1658,Pak 'n Save Glen Innes;Four Square Ellerslie;Four Square Fair Price Henderson,3,16,10224.89,02:50:24
Fri_1659,Four Square Eden Terrace;New World Point Chevalier;Four Square Hobsonville;Four Square Fair Price Henderson,4,16,10225.62,02:50:25
Fri_1660,Four Square Fair Price Henderson;Four Square Botany Junction;New World Ormiston,3,15,10228.18,02:50:28
Fri_1661,Four Square Britomart;New World Metro Queen St;Four Square Eden Terrace;Four Square St Heliers,4,16,10230.66,02:50:30
Fri_1662,New World Albany;Four Square Fair Price Henderson;Four Square Glen Eden,3,14,10236.87,02:50:36
Fri_1663,Pak 'n Save Albany;New World Metro Shore City;Four Square Ellerslie,3,15,10237.13,02:50:37
Fri_1664,New World Albany;New World Ormiston,2,16,10242.17,02:50:42
Fri_1665,New World Milford;Four Square Eden Terrace;Four Square Fair Price Henderson,3,16,10244.09,02:50:44
Fri_1666,Four Square St Heliers;New World Green Bay;Four Square Glen Eden,3,16,10247.13,02:50:47
Fri_1667,Pak 'n Save Botany;Four Square Ellerslie;Four Square St Heliers,3,16,10249.12,02:50:49
Fri_1668,New World Point Chevalier;New World Metro Queen St;Four Square St Heliers;Four Square Ellerslie,4,16,10251.19,02:50:51
Fri_1669,New World Point Chevalier;Four Square Eden Terrace;Four Square Ellerslie;Four Square Glen Eden,4,15,10252.49,02:50:52
Fri_1670,New World Birkenhead;New World Metro Shore City;Four Square Fair Price Henderson,3,15,10252.52,02:50:52
Fri_1671,Four Square Onehunga;Pak 'n Save Ormiston;Four Square Glen Eden,3,16,10255.11,02:50:55
Fri_1672,Four Square Lancaster;New World Point Chevalier;Four Square Fair Price Henderson,3,13,10258.78,02:50:58
Fri_1673,Pak 'n Save Papakura;Four Square Eden Terrace;Four Square Ellerslie,3,16,10261.92,02:51:01
Fri_1674,New World Metro Shore City;New World Devonport;Four Square Ellerslie,3,12,10262.26,02:51:02
Fri_1675,Four Square Ellerslie;Four Square Cockle Bay;New World Victoria Park,3,14,10263.28,02:51:03
Fri_1676,New World Ormiston;Four Square Pakuranga Heights;Four Square Cockle Bay,3,16,10264.64,02:51:04
Fri_1677,New World Milford;Four Square Fair Price Henderson;Four Square Onehunga,3,16,10270.25,02:51:10
Fri_1678,New World Point Chevalier;New World Albany;Four Square Ellerslie,3,16,10271.48,02:51:11
Fri_1679,New World Papakura;Four Square Remuera;Four Square Britomart,3,16,10277.11,02:51:17
Fri_1680,Four Square Eden Terrace;New World Long Bay;Four Square Torbay,3,15,10278.13,02:51:18
Fri_1681,Pak 'n Save Ormiston;Four Square Botany Junction;Four Square Fair Price Henderson,3,16,10284.07,02:51:24
Fri_1682,New World Mt Albert;Four Square Torbay;Four Square Britomart,3,15,10284.07,02:51:24
Fri_1683,New World Stonefields;Four Square Britomart;Four Square Hobsonville,3,15,10288.23,02:51:28
Fri_1684,Four Square Glen Eden;Four Square Botany Junction;New World Southmall,3,14,10289.29,02:51:29
Fri_1685,Pak 'n Save Ormiston;Four Square Onehunga;Four Square Glen Eden,3,16,10290.18,02:51:30
Fri_1686,Four Square Ellerslie;Four Square Remuera;New World Mt Albert;Four Square Fair Price Henderson,4,16,10292.51,02:51:32
Fri_1687,New World Browns Bay;New World Southmall,2,15,10296.5,02:51:36
Fri_1688,Four Square Britomart;Four Square Remuera;Four Square St Heliers;Four Square Eden Terrace,4,16,10300.35,02:51:40
Fri_1689,New World Albany;Four Square Onehunga;Four Square Eden Terrace,3,16,10302.52,02:51:42
Fri_1690,Four Square Eden Terrace;New World Green Bay;New World Metro Shore City,3,16,10304.18,02:51:44
Fri_1691,Four Square Onehunga;New World Southmall;Four Square Cockle Bay,3,15,10304.32,02:51:44
Fri_1692,New World Newmarket;Four Square St Heliers;New World Metro Shore City,3,16,10305.99,02:51:45
Fri_1693,New World Metro Shore City;New World Milford;Four Square Torbay,3,16,10310.39,02:51:50
Fri_1694,New World Mt Roskill;Four Square Pakuranga Heights;Four Square Lancaster,3,16,10312.94,02:51:52
Fri_1695,New World New Lynn;Four Square Lancaster;Four Square Ellerslie,3,14,10312.96,02:51:52
Fri_1696,New World Albany;Four Square Torbay;Four Square Onehunga,3,16,10314.26,02:51:54
Fri_1697,Pak 'n Save Papakura;Four Square Pakuranga Heights;Four Square Ellerslie,3,16,10317.98,02:51:57
Fri_1698,New World Papakura;Four Square Botany Junction;Four Square Ellerslie,3,14,10318.23,02:51:58
Fri_1699,Four Square Remuera;New World Birkenhead;Four Square Hobsonville,3,16,10320.23,02:52:00
Fri_1700,Four Square St Heliers;New World Remuera;Four Square Botany Junction,3,16,10326.94,02:52:06
Fri_1701,Pak 'n Save Highland Park;New World Devonport,2,16,10330.04,02:52:10
Fri_1702,New World Stonefields;Four Square Ellerslie;Four Square Cockle Bay,3,14,10330.79,02:52:10
Fri_1703,New World Birkenhead;New World Metro Queen St;Four Square Hobsonville,3,16,10332.54,02:52:12
Fri_1704,New World Mt Albert;Four Square Fair Price Henderson;Four Square Remuera;Four Square Ellerslie,4,16,10336.21,02:52:16
Fri_1705,Four Square Glen Eden;Four Square Ellerslie;New World Ormiston,3,13,10337.09,02:52:17
Fri_1706,New World Victoria Park;Four Square Hobsonville;Four Square Remuera,3,15,10344.76,02:52:24
Fri_1707,New World Ormiston;Four Square Botany Junction;New World Metro Shore City,3,15,10347.09,02:52:27
Fri_1708,New World Mt Albert;Four Square Pakuranga Heights;New World Metro Shore City,3,14,10354.01,02:52:34
Fri_1709,Four Square Britomart;Pak 'n Save Mangere;Four Square Ellerslie,3,16,10356.77,02:52:36
Fri_1710,New World Mt Albert;Four Square Remuera;Four Square Ellerslie;New World Metro Shore City,4,16,10358.71,02:52:38
Fri_1711,Four Square Ellerslie;New World Milford;Four Square Lancaster,3,15,10362.04,02:52:42
Fri_1712,New World Metro Shore City;New World Long Bay;Four Square Torbay,3,14,10364.73,02:52:44
Fri_1713,New World Stonefields;Four Square Pakuranga Heights;Four Square Glen Eden,3,15,10368.03,02:52:48
Fri_1714,Pak 'n Save Glen Innes;Four Square Ellerslie;New World Metro Shore City,3,16,10368.51,02:52:48
Fri_1715,Four Square Botany Junction;New World Newmarket;New World Metro Shore City,3,16,10369.24,02:52:49
Fri_1716,New World Albany;Four Square Hobsonville;New World Metro Queen St,3,15,10369.33,02:52:49
Fri_1717,Pak 'n Save Wairau Road;Four Square Ellerslie;Four Square Botany Junction,3,16,10369.81,02:52:49
Fri_1718,New World Point Chevalier;New World Papatoetoe;Four Square Fair Price Henderson,3,16,10369.94,02:52:49
Fri_1719,Four Square Glen Eden;Pak 'n Save Mangere;Four Square Fair Price Henderson,3,16,10371.6,02:52:51
Fri_1720,Four Square Britomart;New World Albany;Four Square Torbay,3,16,10374.23,02:52:54
Fri_1721,New World Ormiston;New World Albany,2,16,10374.64,02:52:54
Fri_1722,Four Square Glen Eden;New World Hobsonville;Four Square Lancaster,3,15,10374.94,02:52:54
Fri_1723,Four Square Eden Terrace;Pak 'n Save Papakura;Four Square Ellerslie,3,16,10378.05,02:52:58
Fri_1724,New World Mt Roskill;Four Square Botany Junction;Four Square Hobsonville,3,15,10378.35,02:52:58
Fri_1725,Four Square Glen Eden;Four Square Pakuranga Heights;New World Botany,3,15,10378.69,02:52:58
Fri_1726,New World Metro Queen St;Four Square Britomart;Four Square Eden Terrace;Four Square Pakuranga Heights,4,16,10379.22,02:52:59
Fri_1727,New World Ormiston;Four Square Ellerslie;Four Square Pakuranga Heights,3,14,10379.51,02:52:59
Fri_1728,New World Eastridge;Four Square Remuera;Four Square Lancaster,3,15,10382.73,02:53:02
Fri_1729,New World Mt Roskill;Four Square Hobsonville;Four Square St Heliers,3,15,10385.13,02:53:05
Fri_1730,Pak 'n Save Wairau Road;Four Square Hobsonville;Four Square Ellerslie,3,15,10385.97,02:53:05
Fri_1731,Four Square Hobsonville;New World Hobsonville;Four Square Botany Junction,3,15,10387.19,02:53:07
Fri_1732,Pak 'n Save Mangere;Four Square Hobsonville;New World Metro Shore City,3,16,10389.71,02:53:09
Fri_1733,New World Metro Shore City;Pak 'n Save Ormiston;Four Square Botany Junction,3,16,10392.35,02:53:12
Fri_1734,Four Square Ellerslie;New World Papakura;Four Square Botany Junction,3,14,10392.97,02:53:12
Fri_1735,New World Birkenhead;Four Square Britomart;Four Square Hobsonville,3,16,10393.31,02:53:13
Fri_1736,Four Square Botany Junction;New World Ormiston;New World Metro Shore City,3,15,10394.25,02:53:14
Fri_1737,New World Botany;Four Square Ellerslie;Four Square Pakuranga Heights,3,14,10396.68,02:53:16
Fri_1738,Four Square Cockle Bay;New World Southmall;Four Square Botany Junction,3,15,10396.85,02:53:16
Fri_1739,New World Newmarket;Four Square Botany Junction;Four Square Glen Eden,3,16,10397.03,02:53:17
Fri_1740,Four Square Onehunga;New World Remuera;Four Square Torbay,3,16,10398.39,02:53:18
Fri_1741,New World Papatoetoe;Four Square Fair Price Henderson;Four Square Britomart,3,14,10399.34,02:53:19
Fri_1742,Four Square Glen Eden;New World Point Chevalier;Four Square Britomart;Four Square Ellerslie,4,15,10401.57,02:53:21
Fri_1743,New World Birkenhead;Four Square Eden Terrace;Four Square Hobsonville,3,16,10403.06,02:53:23
Fri_1744,Four Square St Heliers;New World Mt Roskill;Four Square Glen Eden,3,15,10405.68,02:53:25
Fri_1745,Four Square Botany Junction;Four Square Hobsonville;New World Hobsonville,3,15,10409.65,02:53:29
Fri_1746,Four Square Lancaster;New World Milford;Four Square Fair Price Henderson,3,16,10410.82,02:53:30
Fri_1747,New World Mt Albert;Four Square Eden Terrace;Four Square Ellerslie;Four Square Hobsonville,4,16,10411.29,02:53:31
Fri_1748,New World Victoria Park;Four Square Pakuranga Heights;Four Square Cockle Bay,3,16,10411.5,02:53:31
Fri_1749,Pak 'n Save Papakura;Four Square Lancaster,2,14,10414.22,02:53:34
Fri_1750,Four Square Ellerslie;Pak 'n Save Manukau;New World Metro Shore City,3,16,10415.91,02:53:35
Fri_1751,Four Square Hobsonville;New World Hobsonville;Four Square St Heliers,3,15,10416.43,02:53:36
Fri_1752,New World Howick;Four Square Remuera;Four Square St Heliers,3,16,10419.35,02:53:39
Fri_1753,New World Mt Roskill;Four Square Glen Eden;Four Square Fair Price Henderson;Four Square Ellerslie,4,16,10422.05,02:53:42
Fri_1754,New World Hobsonville;Four Square Torbay;New World Metro Shore City,3,15,10423.05,02:53:43
Fri_1755,Four Square Britomart;New World Metro Queen St;Four Square Lancaster;Four Square Eden Terrace,4,16,10423.54,02:53:43
Fri_1756,Pak 'n Save Ormiston;Four Square Botany Junction;New World Metro Shore City,3,16,10427.68,02:53:47
Fri_1757,Pak 'n Save Lincoln Road;Four Square Ellerslie;Four Square Hobsonville,3,16,10430.32,02:53:50
Fri_1758,Four Square Fair Price Henderson;Four Square Pakuranga Heights;New World Botany,3,15,10430.6,02:53:50
Fri_1759,Four Square Remuera;New World Mt Albert;Four Square Pakuranga Heights,3,15,10431.53,02:53:51
Fri_1760,Pak 'n Save Albany;New World Metro Shore City;Four Square Hobsonville,3,16,10431.86,02:53:51
Fri_1761,New World Mt Albert;Four Square Glen Eden;Four Square Onehunga;Four Square Ellerslie,4,16,10432.66,02:53:52
Fri_1762,Four Square Remuera;Four Square St Heliers;Four Square Eden Terrace;Four Square Britomart,4,16,10434.98,02:53:54
Fri_1763,New World Papakura;Four Square Eden Terrace;Four Square Remuera,3,16,10436.23,02:53:56
Fri_1764,New World Mt Roskill;Four Square Torbay;Four Square Fair Price Henderson,3,15,10437.68,02:53:57
Fri_1765,New World Albany;Four Square Hobsonville;Four Square Britomart,3,15,10440.39,02:54:00
Fri_1766,Four Square Onehunga;New World Point Chevalier;Four Square Hobsonville;Four Square Fair Price Henderson,4,16,10444.32,02:54:04
Fri_1767,New World Eastridge;Four Square Eden Terrace;Four Square St Heliers,3,15,10444.93,02:54:04
Fri_1768,Pak 'n Save Henderson;Four Square Pakuranga Heights;Four Square Ellerslie,3,16,10447.17,02:54:07
Fri_1769,Pak 'n Save Sylvia Park;New World Metro Shore City;Four Square Ellerslie,3,16,10449.83,02:54:09
Fri_1770,New World Point Chevalier;Four Square Fair Price Henderson;Four Square Eden Terrace;Four Square Ellerslie,4,15,10451.04,02:54:11
Fri_1771,Four Square Remuera;Four Square Glen Eden;New World Victoria Park,3,15,10451.78,02:54:11
Fri_1772,New World Southmall;Four Square Remuera;Four Square Pakuranga Heights,3,15,10454.16,02:54:14
Fri_1773,New World Hobsonville;Four Square Hobsonville;Four Square Pakuranga Heights,3,15,10455.32,02:54:15
Fri_1774,New World Milford;Four Square Torbay;Four Square Hobsonville,3,16,10455.85,02:54:15
Fri_1775,Four Square Fair Price Henderson;New World Albany;Four Square Ellerslie,3,13,10456.9,02:54:16
Fri_1776,Pak 'n Save Albany;Four Square Onehunga;Four Square Ellerslie,3,16,10458.93,02:54:18
Fri_1777,Four Square Torbay;New World Mt Albert;Four Square Eden Terrace,3,15,10460.39,02:54:20
Fri_1778,Four Square Fair Price Henderson;Four Square Torbay;New World Long Bay,3,14,10461.49,02:54:21
Fri_1779,New World Point Chevalier;New World Devonport;Four Square Ellerslie,3,15,10466.22,02:54:26
Fri_1780,Four Square Hobsonville;New World Hobsonville;Four Square Pakuranga Heights,3,15,10469.58,02:54:29
Fri_1781,New World Papatoetoe;New World Metro Queen St;Four Square Pakuranga Heights,3,15,10470.47,02:54:30
Fri_1782,New World New Lynn;Four Square Cockle Bay;Four Square Pakuranga Heights,3,16,10472.37,02:54:32
Fri_1783,Four Square Botany Junction;Pak 'n Save Ormiston;New World Metro Shore City,3,16,10474.83,02:54:34
Fri_1784,Four Square Glen Eden;New World Milford;Four Square Hobsonville,3,15,10475.54,02:54:35
Fri_1785,New World Botany;New World Point Chevalier;Four Square Ellerslie,3,16,10477.96,02:54:37
Fri_1786,New World Southmall;Four Square Pakuranga Heights;Four Square Cockle Bay,3,15,10484.43,02:54:44
Fri_1787,New World Howick;New World Albany,2,16,10487.61,02:54:47
Fri_1788,New World Mt Albert;Four Square Ellerslie;Four Square Britomart;New World Metro Shore City,4,16,10487.94,02:54:47
Fri_1789,New World Remuera;Four Square St Heliers;Four Square Hobsonville,3,15,10488.24,02:54:48
Fri_1790,New World New Lynn;Four Square Glen Eden;Four Square Fair Price Henderson;Four Square Ellerslie,4,16,10489.63,02:54:49
Fri_1791,New World Mt Albert;Four Square Ellerslie;New World Metro Queen St;Four Square Fair Price Henderson,4,16,10490.16,02:54:50
Fri_1792,Four Square Torbay;New World Victoria Park;Four Square Onehunga,3,16,10498.41,02:54:58
Fri_1793,Four Square Lancaster;New World Stonefields;New World Metro Queen St,3,16,10508.49,02:55:08
Fri_1794,Pak 'n Save Highland Park;Four Square Botany Junction;Four Square Glen Eden,3,16,10510.24,02:55:10
Fri_1795,Four Square Britomart;New World Metro Queen St;Four Square Remuera;Four Square Pakuranga Heights,4,16,10510.64,02:55:10
Fri_1796,New World Milford;Four Square Hobsonville;New World Metro Shore City,3,15,10513.17,02:55:13
Fri_1797,New World Papakura;Four Square Pakuranga Heights;Four Square Botany Junction,3,16,10517.66,02:55:17
Fri_1798,New World New Lynn;Four Square Lancaster;Four Square Fair Price Henderson,3,15,10555.63,02:55:55
Fri_1799,New World Papakura;Four Square Botany Junction;New World Metro Queen St,3,16,10555.75,02:55:55
Fri_1800,New World Hobsonville;Four Square St Heliers;Four Square Remuera,3,16,10558.06,02:55:58
Fri_1801,New World Long Bay;Four Square Torbay;Four Square Fair Price Henderson,3,14,10561.08,02:56:01
Fri_1802,Four Square Torbay;New World Long Bay;Four Square Fair Price Henderson,3,14,10562.7,02:56:02
Fri_1803,New World New Lynn;Four Square Botany Junction;Four Square Cockle Bay,3,16,10563.82,02:56:03
Fri_1804,New World Botany;Four Square Pakuranga Heights;New World Metro Shore City,3,15,10567.27,02:56:07
Fri_1805,New World New Lynn;Four Square Eden Terrace;Four Square Cockle Bay,3,16,10571.87,02:56:11
Fri_1806,New World Devonport;New World Ormiston,2,15,10573.27,02:56:13
Fri_1807,New World Howick;New World Point Chevalier;Four Square Ellerslie,3,16,10573.77,02:56:13
Fri_1808,New World Metro Queen St;Four Square Remuera;New World Point Chevalier;Four Square Ellerslie,4,16,10576.14,02:56:16
Fri_1809,New World Howick;Four Square Cockle Bay;Four Square Glen Eden,3,15,10576.31,02:56:16
Fri_1810,Four Square Lancaster;New World Metro Shore City;New World Stonefields,3,15,10581.18,02:56:21
Fri_1811,Pak 'n Save Highland Park;Four Square Cockle Bay;Four Square Glen Eden,3,16,10583.31,02:56:23
Fri_1812,New World Browns Bay;Four Square Torbay;Four Square Fair Price Henderson,3,15,10587.09,02:56:27
Fri_1813,Four Square Pakuranga Heights;Pak 'n Save Highland Park;Four Square Hobsonville,3,16,10587.7,02:56:27
Fri_1814,New World Mt Roskill;Four Square Lancaster;Four Square Torbay,3,16,10599.23,02:56:39
Fri_1815,Pak 'n Save Albany;Four Square Hobsonville;New World Metro Shore City,3,16,10600.28,02:56:40
Fri_1816,New World Albany;New World Point Chevalier;Four Square Ellerslie,3,16,10600.83,02:56:40
Fri_1817,Pak 'n Save Wairau Road;Four Square St Heliers;Four Square Ellerslie,3,16,10601.74,02:56:41
Fri_1818,New World Milford;New World Metro Shore City;Four Square St Heliers,3,16,10602.58,02:56:42
Fri_1819,Four Square Cockle Bay;Pak 'n Save Highland Park;Four Square Glen Eden,3,16,10603.92,02:56:43
Fri_1820,Pak 'n Save Papakura;New World Metro Queen St;Four Square Ellerslie,3,16,10605.54,02:56:45
Fri_1821,New World Mt Roskill;Four Square Torbay;Four Square Remuera,3,16,10608.37,02:56:48
Fri_1822,Four Square Eden Terrace;New World Mt Albert;Four Square Cockle Bay,3,15,10618.47,02:56:58
Fri_1823,New World Birkenhead;Four Square Fair Price Henderson;Four Square Hobsonville,3,15,10619.93,02:56:59
Fri_1824,Four Square Lancaster;Pak 'n Save Albany;Four Square Ellerslie,3,16,10623.28,02:57:03
Fri_1825,New World Mt Roskill;Four Square Torbay;Four Square Lancaster,3,16,10623.34,02:57:03
Fri_1826,New World Milford;Four Square Torbay;New World Metro Shore City,3,16,10624.34,02:57:04
Fri_1827,New World Browns Bay;Four Square Hobsonville;Four Square Glen Eden,3,14,10625.44,02:57:05
Fri_1828,Pak 'n Save Wairau Road;Four Square Pakuranga Heights;Four Square Ellerslie,3,16,10625.68,02:57:05
Fri_1829,New World Devonport;Four Square Eden Terrace;Four Square Ellerslie,3,13,10629.6,02:57:09
Fri_1830,Four Square St Heliers;Four Square Fair Price Henderson;New World New Lynn,3,15,10630.86,02:57:10
Fri_1831,New World Devonport;Four Square Onehunga;Four Square Eden Terrace,3,15,10633.61,02:57:13
Fri_1832,New World Southmall;Four Square Cockle Bay;Four Square Britomart,3,15,10635.25,02:57:15
Fri_1833,Four Square Pakuranga Heights;New World Metro Queen St;Four Square Britomart;Four Square Remuera,4,16,10637.66,02:57:17
Fri_1834,New World Devonport;New World Botany,2,15,10638.29,02:57:18
Fri_1835,New World Metro Shore City;New World Milford;Four Square Pakuranga Heights,3,16,10640.92,02:57:20
Fri_1836,Four Square Remuera;New World Devonport;Four Square Eden Terrace,3,15,10642.13,02:57:22
Fri_1837,Pak 'n Save Papakura;Four Square Ellerslie;Four Square St Heliers,3,16,10642.42,02:57:22
Fri_1838,New World Mt Albert;Four Square Eden Terrace;Four Square Fair Price Henderson;Four Square Ellerslie,4,16,10643.75,02:57:23
Fri_1839,Pak 'n Save Highland Park;New World Metro Shore City;Four Square Onehunga,3,16,10645.67,02:57:25
Fri_1840,Four Square Remuera;Pak 'n Save Papakura;Four Square Ellerslie,3,16,10645.75,02:57:25
Fri_1841,New World Mt Albert;New World Metro Queen St;Four Square Ellerslie;New World Metro Shore City,4,16,10646.93,02:57:26
Fri_1842,New World Point Chevalier;New World Browns Bay;Four Square Ellerslie,3,16,10647.56,02:57:27
Fri_1843,Four Square Pakuranga Heights;Four Square Britomart;New World Metro Queen St;Four Square Remuera,4,16,10647.64,02:57:27
Fri_1844,New World Eastridge;New World Southmall;Four Square Ellerslie,3,16,10649.67,02:57:29
Fri_1845,New World Papatoetoe;Four Square Ellerslie;Four Square Remuera;Four Square Glen Eden,4,16,10651.55,02:57:31
Fri_1846,Pak 'n Save Highland Park;Four Square Britomart;Four Square Fair Price Henderson,3,16,10654.84,02:57:34
Fri_1847,Four Square Glen Eden;New World Botany;Four Square Pakuranga Heights,3,15,10659.57,02:57:39
Fri_1848,New World Newmarket;Four Square Pakuranga Heights;Four Square Hobsonville,3,16,10667.49,02:57:47
Fri_1849,New World Long Bay;Four Square Eden Terrace;Four Square Britomart,3,15,10668.24,02:57:48
Fri_1850,Four Square Onehunga;Four Square Cockle Bay;New World Papakura,3,16,10669.11,02:57:49
Fri_1851,New World Birkenhead;Four Square Onehunga;Four Square Fair Price Henderson,3,16,10670.89,02:57:50
Fri_1852,Pak 'n Save Highland Park;Four Square Eden Terrace;New World Metro Shore City,3,16,10677.35,02:57:57
Fri_1853,New World Eastridge;Four Square Cockle Bay;Four Square Pakuranga Heights,3,15,10679.46,02:57:59
Fri_1854,Four Square Hobsonville;New World Devonport;Four Square Eden Terrace,3,14,10681.06,02:58:01
Fri_1855,New World Point Chevalier;New World Papatoetoe;New World Metro Shore City,3,16,10685.41,02:58:05
Fri_1856,New World Metro Shore City;Four Square Lancaster;Four Square Britomart;New World Metro Queen St,4,15,10685.76,02:58:05
Fri_1857,Pak 'n Save Ormiston;New World Devonport,2,16,10689.18,02:58:09
Fri_1858,Pak 'n Save Clendon;Four Square Ellerslie;Four Square Fair Price Henderson,3,16,10691.06,02:58:11
Fri_1859,New World Mt Albert;Four Square Hobsonville;Four Square Eden Terrace;Four Square Ellerslie,4,16,10693.44,02:58:13
Fri_1860,Pak 'n Save Highland Park;Four Square Cockle Bay;Four Square Fair Price Henderson,3,16,10695.25,02:58:15
Fri_1861,New World Mt Albert;Four Square Fair Price Henderson;Four Square Britomart;Four Square Ellerslie,4,16,10695.44,02:58:15
Fri_1862,Four Square Remuera;New World Browns Bay;New World Metro Shore City,3,15,10698.34,02:58:18
Fri_1863,Four Square Remuera;Four Square Onehunga;Four Square Pakuranga Heights;Four Square Eden Terrace,4,16,10704.79,02:58:24
Fri_1864,Four Square Britomart;New World Metro Queen St;Four Square Eden Terrace;Four Square Lancaster,4,16,10705.71,02:58:25
Fri_1865,Four Square Onehunga;New World Victoria Park;Four Square Cockle Bay,3,16,10710.55,02:58:30
Fri_1866,New World Point Chevalier;New World Metro Queen St;New World Metro Shore City;Four Square Ellerslie,4,15,10712.93,02:58:32
Fri_1867,Four Square Eden Terrace;New World Point Chevalier;Four Square St Heliers;Four Square Ellerslie,4,16,10715.79,02:58:35
Fri_1868,Four Square Cockle Bay;Pak 'n Save Highland Park;Four Square Fair Price Henderson,3,16,10715.86,02:58:35
Fri_1869,Pak 'n Save Papakura;Four Square Britomart;Four Square Ellerslie,3,16,10716.43,02:58:36
Fri_1870,New World Howick;New World Devonport,2,15,10721.57,02:58:41
Fri_1871,New World Long Bay;Four Square Torbay;Four Square Ellerslie,3,13,10723.37,02:58:43
Fri_1872,New World Birkenhead;Four Square Torbay;Four Square Hobsonville,3,16,10723.53,02:58:43
Fri_1873,Four Square Torbay;New World Browns Bay;Four Square Remuera,3,16,10723.65,02:58:43
Fri_1874,Four Square Lancaster;Four Square Torbay;New World Long Bay,3,15,10724.25,02:58:44
Fri_1875,New World Long Bay;Four Square Torbay;Four Square Remuera,3,15,10731.77,02:58:51
Fri_1876,Four Square Pakuranga Heights;New World New Lynn;Four Square Fair Price Henderson,3,15,10735.77,02:58:55
Fri_1877,New World Mt Roskill;Four Square Lancaster;Four Square Botany Junction,3,16,10736.84,02:58:56
Fri_1878,Pak 'n Save Ormiston;Four Square Botany Junction;Four Square Hobsonville,3,16,10744.48,02:59:04
Fri_1879,New World Browns Bay;Four Square Hobsonville;New World Metro Queen St,3,15,10745.42,02:59:05
Fri_1880,New World Long Bay;Four Square Torbay;Four Square Lancaster,3,15,10746.74,02:59:06
Fri_1881,Four Square Torbay;New World Long Bay;Four Square Lancaster,3,15,10748.36,02:59:08
Fri_1882,New World Point Chevalier;New World Papakura;Four Square Ellerslie,3,16,10748.67,02:59:08
Fri_1883,New World Browns Bay;Four Square Torbay;Four Square Ellerslie,3,14,10749.38,02:59:09
Fri_1884,New World Ormiston;New World Browns Bay,2,16,10750.72,02:59:10
Fri_1885,Four Square St Heliers;New World Howick;Four Square Cockle Bay,3,16,10750.94,02:59:10
Fri_1886,Four Square St Heliers;New World Southmall;Four Square Botany Junction,3,15,10753.12,02:59:13
Fri_1887,New World Mt Albert;Four Square Glen Eden;Four Square Lancaster,3,14,10757.09,02:59:17
Fri_1888,New World Browns Bay;Four Square Torbay;Four Square Remuera,3,16,10757.78,02:59:17
Fri_1889,New World Point Chevalier;Four Square Onehunga;Four Square St Heliers;Four Square Ellerslie,4,16,10758.69,02:59:18
Fri_1890,New World Mt Roskill;Four Square Ellerslie;Four Square Torbay,3,14,10759.72,02:59:19
Fri_1891,New World Green Bay;Four Square Fair Price Henderson;Four Square Pakuranga Heights,3,16,10759.83,02:59:19
Fri_1892,Pak 'n Save Papakura;Four Square Ellerslie;Four Square Botany Junction,3,16,10764.96,02:59:24
Fri_1893,New World Southmall;New World Long Bay,2,14,10765.37,02:59:25
Fri_1894,New World Botany;New World Browns Bay,2,16,10767.89,02:59:27
Fri_1895,Four Square Pakuranga Heights;Four Square Eden Terrace;New World Botany,3,16,10768.03,02:59:28
Fri_1896,New World Mt Roskill;Four Square Remuera;Four Square Torbay,3,16,10768.12,02:59:28
Fri_1897,Four Square Pakuranga Heights;Pak 'n Save Papakura;Four Square Ellerslie,3,16,10769.91,02:59:29
Fri_1898,Four Square Britomart;New World Metro Queen St;Four Square Onehunga;Four Square Pakuranga Heights,4,16,10772.85,02:59:32
Fri_1899,Pak 'n Save Albany;New World Metro Shore City;Four Square Glen Eden,3,16,10779.0,02:59:39
Fri_1900,Four Square Torbay;New World Newmarket;Four Square Ellerslie,3,15,10779.43,02:59:39
Fri_1901,New World Southmall;New World Point Chevalier;New World Metro Shore City,3,16,10785.8,02:59:45
Fri_1902,Four Square Ellerslie;Four Square St Heliers;Pak 'n Save Papakura,3,16,10789.17,02:59:49
Fri_1903,Pak 'n Save Ormiston;New World Metro Queen St;Four Square Glen Eden,3,16,10791.1,02:59:51
Fri_1904,Four Square Remuera;Pak 'n Save Albany;Four Square Ellerslie,3,16,10792.17,02:59:52
Fri_1905,Four Square Glen Eden;Pak 'n Save Albany;Four Square Ellerslie,3,15,10793.26,02:59:53
Fri_1906,New World Botany;Four Square Botany Junction;New World Metro Shore City,3,15,10802.11,03:00:02
Fri_1907,Four Square Pakuranga Heights;Pak 'n Save Mangere;Four Square Ellerslie,3,16,10807.53,03:00:07
Fri_1908,Four Square Botany Junction;Four Square Pakuranga Heights;Four Square Cockle Bay;Four Square Onehunga,4,16,10813.48,03:00:13
Fri_1909,Four Square Lancaster;New World Remuera;Four Square St Heliers,3,16,10819.44,03:00:19
Fri_1910,Pak 'n Save Albany;Four Square Hobsonville;Four Square Ellerslie,3,15,10820.0,03:00:20
Fri_1911,Four Square Onehunga;Pak 'n Save Ormiston;New World Metro Shore City,3,16,10826.66,03:00:26
Fri_1912,Pak 'n Save Albany;Four Square Lancaster;Four Square Ellerslie,3,16,10826.8,03:00:26
Fri_1913,New World Point Chevalier;New World Papatoetoe;Four Square Hobsonville,3,16,10830.35,03:00:30
Fri_1914,Four Square Cockle Bay;New World Howick;New World Metro Shore City,3,15,10831.85,03:00:31
Fri_1915,New World Southmall;Four Square Eden Terrace;Four Square Pakuranga Heights,3,15,10834.79,03:00:34
Fri_1916,Four Square Pakuranga Heights;Four Square Botany Junction;Four Square Eden Terrace;Four Square Britomart,4,16,10835.21,03:00:35
Fri_1917,New World Green Bay;Four Square Cockle Bay;Four Square Ellerslie,3,15,10838.04,03:00:38
Fri_1918,Pak 'n Save Highland Park;Four Square Cockle Bay;New World Metro Shore City,3,16,10838.86,03:00:38
Fri_1919,New World New Lynn;Four Square Remuera;Four Square Cockle Bay,3,16,10839.57,03:00:39
Fri_1920,Four Square Glen Eden;New World Southmall;Four Square Britomart,3,14,10843.68,03:00:43
Fri_1921,Pak 'n Save Wairau Road;Four Square Torbay;Four Square Ellerslie,3,16,10843.71,03:00:43
Fri_1922,New World Milford;Four Square St Heliers;Four Square Ellerslie,3,15,10847.99,03:00:47
Fri_1923,New World Mt Albert;New World Long Bay;Four Square Ellerslie,3,16,10854.01,03:00:54
Fri_1924,New World Papatoetoe;Four Square Hobsonville;Four Square Britomart,3,14,10859.75,03:00:59
Fri_1925,New World Eastridge;Four Square Remuera;Four Square Ellerslie;Four Square Glen Eden,4,16,10863.38,03:01:03
Fri_1926,New World Mt Roskill;Four Square Torbay;Four Square Glen Eden,3,15,10863.7,03:01:03
Fri_1927,New World Southmall;Four Square Torbay,2,11,10864.97,03:01:04
Fri_1928,New World Mt Roskill;Four Square Fair Price Henderson;Four Square Hobsonville;Four Square Ellerslie,4,16,10866.27,03:01:06
Fri_1929,New World Eastridge;Four Square St Heliers;Four Square Cockle Bay,3,15,10866.88,03:01:06
Fri_1930,Four Square St Heliers;Four Square Cockle Bay;New World Papatoetoe,3,15,10869.99,03:01:09
Fri_1931,New World Milford;Four Square Pakuranga Heights;Four Square Ellerslie,3,15,10871.93,03:01:11
Fri_1932,Pak 'n Save Papakura;Four Square St Heliers;Four Square Ellerslie,3,16,10872.3,03:01:12
Fri_1933,Four Square Cockle Bay;Four Square Britomart;New World Metro Queen St;Four Square Eden Terrace,4,16,10875.42,03:01:15
Fri_1934,Four Square Onehunga;New World Point Chevalier;Four Square Ellerslie;Four Square Glen Eden,4,15,10878.42,03:01:18
Fri_1935,Four Square Fair Price Henderson;New World Hobsonville;Four Square Hobsonville;Four Square Ellerslie,4,16,10883.32,03:01:23
Fri_1936,New World Newmarket;Four Square Fair Price Henderson;Four Square Lancaster,3,16,10888.32,03:01:28
Fri_1937,New World Birkenhead;Four Square Torbay;New World Metro Shore City,3,16,10892.02,03:01:32
Fri_1938,Four Square Glen Eden;New World Long Bay;Four Square Torbay,3,14,10892.62,03:01:32
Fri_1939,Four Square Fair Price Henderson;Four Square Hobsonville;New World Hobsonville;Four Square Ellerslie,4,16,10897.57,03:01:37
Fri_1940,Four Square Lancaster;New World Mt Albert;Four Square Hobsonville,3,14,10902.02,03:01:42
Fri_1941,Four Square Ellerslie;New World Botany;New World Metro Shore City,3,13,10909.82,03:01:49
Fri_1942,Four Square Lancaster;Four Square St Heliers;New World Eastridge,3,15,10914.3,03:01:54
Fri_1943,New World Mt Roskill;Four Square Ellerslie;Four Square Fair Price Henderson;Four Square Hobsonville,4,16,10916.01,03:01:56
Fri_1944,New World Mt Albert;Four Square Hobsonville;Four Square Onehunga;Four Square Ellerslie,4,16,10916.18,03:01:56
Fri_1945,New World New Lynn;Four Square Botany Junction;Four Square St Heliers,3,16,10916.96,03:01:56
Fri_1946,Four Square Remuera;New World Browns Bay;Four Square Torbay,3,16,10917.54,03:01:57
Fri_1947,New World Metro Queen St;New World Ormiston;Four Square Cockle Bay,3,16,10922.4,03:02:02
Fri_1948,Four Square Fair Price Henderson;New World Eastridge;Four Square Remuera;Four Square Ellerslie,4,16,10925.58,03:02:05
Fri_1949,New World Green Bay;Four Square Glen Eden;Four Square Torbay,3,16,10926.54,03:02:06
Fri_1950,Pak 'n Save Ormiston;Four Square Eden Terrace;Four Square Hobsonville,3,16,10930.41,03:02:10
Fri_1951,New World Papakura;Four Square Ellerslie;Four Square Botany Junction,3,14,10930.87,03:02:10
Fri_1952,Four Square Fair Price Henderson;Four Square Glen Eden;New World Milford,3,15,10931.25,03:02:11
Fri_1953,Four Square Glen Eden;Four Square Hobsonville;New World Eastridge,3,13,10932.62,03:02:12
Fri_1954,Pak 'n Save Mangere;New World Metro Shore City;Four Square Fair Price Henderson,3,16,10933.58,03:02:13
Fri_1955,New World Green Bay;Four Square Torbay;Four Square Hobsonville,3,16,10934.87,03:02:14
Fri_1956,New World Milford;Four Square Glen Eden;Four Square Onehunga,3,16,10943.11,03:02:23
Fri_1957,Four Square Glen Eden;Four Square Fair Price Henderson;New World Botany,3,14,10943.19,03:02:23
Fri_1958,Four Square Botany Junction;New World Metro Shore City;New World New Lynn,3,15,10944.45,03:02:24
Fri_1959,New World Ormiston;Four Square Glen Eden;Four Square Onehunga,3,15,10948.71,03:02:28
Fri_1960,New World Newmarket;Four Square Torbay;Four Square Fair Price Henderson,3,16,10952.42,03:02:32
Fri_1961,New World Mt Roskill;Four Square Ellerslie;Four Square Glen Eden;Four Square Fair Price Henderson,4,16,10961.44,03:02:41
Fri_1962,Four Square Torbay;Pak 'n Save Wairau Road;Four Square Ellerslie,3,16,10962.19,03:02:42
Fri_1963,New World Albany;New World Papakura,2,16,10963.98,03:02:43
Fri_1964,New World Milford;Four Square Lancaster;Four Square Glen Eden,3,16,10968.13,03:02:48
Fri_1965,Pak 'n Save Albany;Four Square Torbay;Four Square Ellerslie,3,16,10968.39,03:02:48
Fri_1966,New World Remuera;Four Square Hobsonville;Four Square Lancaster,3,15,10968.47,03:02:48
Fri_1967,New World Browns Bay;New World Point Chevalier;Four Square Ellerslie,3,16,10976.92,03:02:56
Fri_1968,Four Square Torbay;Pak 'n Save Albany;Four Square Ellerslie,3,16,10983.43,03:03:03
Fri_1969,New World Hobsonville;Four Square Hobsonville;Four Square Fair Price Henderson;Four Square Ellerslie,4,16,10984.52,03:03:04
Fri_1970,Four Square Torbay;New World Long Bay;Four Square Glen Eden,3,14,10988.73,03:03:08
Fri_1971,Pak 'n Save Mangere;Four Square Lancaster;Four Square Ellerslie,3,16,10990.38,03:03:10
Fri_1972,New World Green Bay;Four Square Hobsonville;Four Square Torbay,3,16,10990.78,03:03:10
Fri_1973,New World Birkenhead;New World Metro Shore City;Four Square St Heliers,3,16,10996.08,03:03:16
Fri_1974,Pak 'n Save Highland Park;Four Square Torbay,2,13,10996.23,03:03:16
Fri_1975,Four Square Hobsonville;New World Hobsonville;Four Square Fair Price Henderson;Four Square Ellerslie,4,16,10998.78,03:03:18
Fri_1976,Four Square Lancaster;Four Square Eden Terrace;New World Hobsonville,3,16,10999.35,03:03:19
Fri_1977,Pak 'n Save Highland Park;Four Square St Heliers;Four Square Glen Eden,3,16,11008.35,03:03:28
Fri_1978,New World Papakura;New World Albany,2,16,11008.39,03:03:28
Fri_1979,Four Square Glen Eden;Pak 'n Save Clendon;Four Square Ellerslie,3,16,11011.19,03:03:31
Fri_1980,Four Square Remuera;Four Square Ellerslie;New World Eastridge;Four Square Glen Eden,4,16,11011.91,03:03:31
Fri_1981,New World Papakura;Four Square Ellerslie;Four Square Pakuranga Heights,3,14,11013.26,03:03:33
Fri_1982,Four Square Glen Eden;Four Square Ellerslie;New World Eastridge;Four Square Britomart,4,16,11016.59,03:03:36
Fri_1983,New World Metro Shore City;New World Botany;Four Square Ellerslie,3,13,11020.67,03:03:40
Fri_1984,Four Square Glen Eden;Four Square Remuera;Four Square Ellerslie;New World Eastridge,4,16,11022.19,03:03:42
Fri_1985,Four Square St Heliers;Four Square Remuera;Four Square Pakuranga Heights;Four Square Onehunga,4,16,11024.35,03:03:44
Fri_1986,Four Square Pakuranga Heights;New World Botany;Four Square Lancaster,3,16,11028.1,03:03:48
Fri_1987,Pak 'n Save Henderson;Four Square Lancaster;Four Square Ellerslie,3,16,11028.74,03:03:48
Fri_1988,New World Southmall;Four Square Ellerslie;Four Square Lancaster,3,13,11029.34,03:03:49
Fri_1989,Four Square Ellerslie;New World Hobsonville;Four Square Hobsonville;Four Square Fair Price Henderson,4,16,11034.27,03:03:54
Fri_1990,Four Square Eden Terrace;New World Mt Albert;Four Square Fair Price Henderson;Four Square Ellerslie,4,16,11041.1,03:04:01
Fri_1991,New World New Lynn;Four Square Hobsonville;Four Square St Heliers,3,15,11041.63,03:04:01
Fri_1992,New World Long Bay;New World Ormiston,2,15,11042.72,03:04:02
Fri_1993,New World Metro Shore City;New World New Lynn;Four Square Hobsonville,3,14,11049.36,03:04:09
Fri_1994,New World Long Bay;Four Square Hobsonville;Four Square Glen Eden,3,13,11049.9,03:04:09
Fri_1995,New World Long Bay;Four Square Lancaster;Four Square Britomart,3,15,11054.19,03:04:14
Fri_1996,New World Milford;Four Square Remuera;New World Metro Shore City,3,16,11055.88,03:04:15
Fri_1997,New World Metro Shore City;New World Eastridge;Four Square Remuera;Four Square Ellerslie,4,16,11056.32,03:04:16
Fri_1998,Pak 'n Save Sylvia Park;Four Square Fair Price Henderson;Four Square Ellerslie,3,16,11057.57,03:04:17
Fri_1999,Four Square Fair Price Henderson;Four Square Pakuranga Heights;New World Southmall,3,14,11060.75,03:04:20
Fri_2000,Four Square Torbay;New World Metro Shore City;New World Remuera,3,15,11063.59,03:04:23
Fri_2001,Pak 'n Save Henderson;Four Square Botany Junction;Four Square Ellerslie,3,16,11065.05,03:04:25
Fri_2002,Four Square Onehunga;New World Point Chevalier;New World Metro Shore City;Four Square Ellerslie,4,15,11071.37,03:04:31
Fri_2003,New World Point Chevalier;New World Long Bay;Four Square Ellerslie,3,15,11072.02,03:04:32
Fri_2004,New World Eastridge;Four Square Hobsonville;Four Square Glen Eden,3,13,11076.86,03:04:36
Fri_2005,New World Remuera;Four Square St Heliers;Four Square Lancaster,3,16,11077.62,03:04:37
Fri_2006,New World Devonport;New World Mt Albert;Four Square Ellerslie,3,16,11080.24,03:04:40
Fri_2007,Pak 'n Save Glen Innes;Four Square Torbay,2,15,11081.11,03:04:41
Fri_2008,Four Square Fair Price Henderson;Four Square Lancaster;New World Albany,3,15,11083.19,03:04:43
Fri_2009,New World Mt Roskill;Four Square Hobsonville;New World Metro Shore City;Four Square Ellerslie,4,16,11089.46,03:04:49
Fri_2010,New World Metro Shore City;Four Square Torbay;New World Remuera,3,15,11091.83,03:04:51
Fri_2011,Four Square Pakuranga Heights;New World Albany;Four Square Britomart,3,16,11092.23,03:04:52
Fri_2012,New World Papakura;New World Point Chevalier;Four Square Ellerslie,3,16,11094.55,03:04:54
Fri_2013,New World New Lynn;Four Square Hobsonville;Four Square Pakuranga Heights,3,15,11094.78,03:04:54
Fri_2014,Four Square Fair Price Henderson;Four Square Remuera;New World Eastridge;Four Square Ellerslie,4,16,11095.58,03:04:55
Fri_2015,New World Victoria Park;Four Square Lancaster;Four Square Pakuranga Heights,3,16,11095.64,03:04:55
Fri_2016,Four Square Glen Eden;New World Point Chevalier;Four Square Fair Price Henderson;New World Metro Queen St,4,16,11101.91,03:05:01
Fri_2017,New World Devonport;Four Square Britomart;New World Metro Shore City,3,14,11102.02,03:05:02
Fri_2018,New World Long Bay;New World Botany,2,15,11107.75,03:05:07
Fri_2019,New World Newmarket;Four Square Torbay;Four Square Ellerslie,3,15,11114.71,03:05:14
Fri_2020,New World Green Bay;Four Square Fair Price Henderson;Four Square Torbay,3,16,11118.43,03:05:18
Fri_2021,New World Devonport;Four Square Ellerslie;New World Eastridge,3,16,11122.44,03:05:22
Fri_2022,Four Square Ellerslie;Pak 'n Save Albany;Four Square Torbay,3,16,11128.14,03:05:28
Fri_2023,New World Devonport;Four Square Hobsonville;Four Square Onehunga,3,14,11141.86,03:05:41
Fri_2024,Four Square Fair Price Henderson;New World Eastridge;Four Square Ellerslie;Four Square Remuera,4,16,11141.89,03:05:41
Fri_2025,New World Mt Roskill;Four Square Cockle Bay;Four Square Hobsonville,3,15,11142.34,03:05:42
Fri_2026,Four Square Remuera;Pak 'n Save Highland Park;New World Metro Shore City,3,16,11145.85,03:05:45
Fri_2027,New World Eastridge;Four Square St Heliers;Four Square Lancaster,3,15,11146.53,03:05:46
Fri_2028,New World Birkenhead;Four Square Hobsonville;Four Square Lancaster,3,16,11150.26,03:05:50
Fri_2029,Pak 'n Save Clendon;Four Square Ellerslie;Four Square Hobsonville,3,16,11151.48,03:05:51
Fri_2030,Pak 'n Save Highland Park;Four Square Fair Price Henderson;Four Square Hobsonville,3,15,11152.53,03:05:52
Fri_2031,Four Square Glen Eden;New World Howick;Four Square Cockle Bay,3,15,11155.49,03:05:55
Fri_2032,Four Square Glen Eden;Four Square Cockle Bay;New World Howick,3,15,11155.49,03:05:55
Fri_2033,Pak 'n Save Highland Park;Four Square Cockle Bay;Four Square Hobsonville,3,16,11155.66,03:05:55
Fri_2034,Pak 'n Save Albany;Four Square Cockle Bay,2,14,11155.72,03:05:55
Fri_2035,New World Mt Albert;Four Square Hobsonville;Four Square Britomart;Four Square Ellerslie,4,16,11155.85,03:05:55
Fri_2036,Four Square Pakuranga Heights;Four Square Lancaster;New World Hobsonville,3,16,11159.33,03:05:59
Fri_2037,Four Square Fair Price Henderson;Four Square Glen Eden;Pak 'n Save Albany,3,16,11159.86,03:05:59
Fri_2038,New World Eastridge;New World Metro Shore City;Four Square Lancaster,3,14,11162.42,03:06:02
Fri_2039,New World Birkenhead;Four Square Onehunga;New World Metro Shore City,3,16,11172.92,03:06:12
Fri_2040,Four Square Cockle Bay;Pak 'n Save Highland Park;Four Square Hobsonville,3,16,11176.27,03:06:16
Fri_2041,New World Green Bay;New World Metro Shore City;Four Square Pakuranga Heights,3,16,11178.3,03:06:18
Fri_2042,Pak 'n Save Manukau;Four Square Fair Price Henderson;Four Square Ellerslie,3,16,11178.37,03:06:18
Fri_2043,New World Metro Queen St;Four Square Remuera;Four Square Onehunga;Four Square Botany Junction,4,16,11182.39,03:06:22
Fri_2044,Four Square Hobsonville;New World Hobsonville;New World Metro Shore City;Four Square Ellerslie,4,16,11192.22,03:06:32
Fri_2045,New World Botany;New World Long Bay,2,15,11192.35,03:06:32
Fri_2046,Four Square Onehunga;Four Square Fair Price Henderson;Four Square Torbay,3,11,11193.0,03:06:33
Fri_2047,Pak 'n Save Highland Park;Four Square Glen Eden;Four Square Fair Price Henderson,3,15,11197.96,03:06:37
Fri_2048,New World Mt Roskill;Four Square Fair Price Henderson;Four Square Cockle Bay,3,15,11201.07,03:06:41
Fri_2049,Four Square Ellerslie;Pak 'n Save Botany;Four Square Hobsonville,3,15,11217.82,03:06:57
Fri_2050,New World Metro Queen St;New World Point Chevalier;Four Square Pakuranga Heights;Four Square Ellerslie,4,16,11220.55,03:07:00
Fri_2051,Four Square Torbay;Pak 'n Save Ormiston,2,13,11222.91,03:07:02
Fri_2052,New World Papatoetoe;Four Square Ellerslie;Four Square Eden Terrace;Four Square Hobsonville,4,16,11224.84,03:07:04
Fri_2053,New World Devonport;New World Howick,2,15,11227.85,03:07:07
Fri_2054,Four Square St Heliers;Four Square Torbay,2,8,11231.23,03:07:11
Fri_2055,New World Remuera;Four Square Ellerslie;Four Square Fair Price Henderson;Four Square Hobsonville,4,16,11235.84,03:07:15
Fri_2056,Pak 'n Save Albany;Four Square Glen Eden;Four Square Fair Price Henderson,3,16,11242.02,03:07:22
Fri_2057,New World Papakura;New World Devonport,2,15,11242.34,03:07:22
Fri_2058,Pak 'n Save Ormiston;Four Square Pakuranga Heights;Four Square Hobsonville,3,16,11244.0,03:07:24
Fri_2059,New World Papatoetoe;Four Square Remuera;Four Square Ellerslie;New World Metro Shore City,4,16,11250.05,03:07:30
Fri_2060,New World Metro Shore City;Four Square Cockle Bay;New World Botany,3,15,11253.47,03:07:33
Fri_2061,Four Square St Heliers;New World Birkenhead;New World Metro Shore City,3,16,11254.27,03:07:34
Fri_2062,Pak 'n Save Ormiston;New World Long Bay,2,16,11255.77,03:07:35
Fri_2063,New World Southmall;Four Square Eden Terrace;Four Square Lancaster,3,15,11256.69,03:07:36
Fri_2064,Pak 'n Save Papakura;Four Square Cockle Bay;Four Square Ellerslie,3,16,11260.11,03:07:40
Fri_2065,New World Metro Shore City;Pak 'n Save Mangere;Four Square Glen Eden,3,16,11265.6,03:07:45
Fri_2066,Four Square Britomart;New World Point Chevalier;Four Square St Heliers;Four Square Ellerslie,4,16,11267.67,03:07:47
Fri_2067,New World Point Chevalier;New World Metro Shore City;Four Square Hobsonville;Four Square Fair Price Henderson,4,15,11267.85,03:07:47
Fri_2068,Four Square Lancaster;New World Stonefields;Four Square Pakuranga Heights,3,16,11271.58,03:07:51
Fri_2069,Four Square Torbay;Pak 'n Save Clendon,2,15,11287.14,03:08:07
Fri_2070,New World Botany;Four Square Cockle Bay;New World Metro Shore City,3,15,11290.89,03:08:10
Fri_2071,New World Devonport;New World Papakura,2,15,11295.08,03:08:15
Fri_2072,Four Square Torbay;New World Birkenhead;New World Metro Shore City,3,16,11296.16,03:08:16
Fri_2073,New World New Lynn;Four Square Glen Eden;Four Square Cockle Bay,3,15,11302.99,03:08:22
Fri_2074,New World Howick;Four Square Eden Terrace;Four Square St Heliers,3,16,11304.43,03:08:24
Fri_2075,Four Square Lancaster;Four Square Pakuranga Heights;New World Stonefields,3,16,11305.93,03:08:25
Fri_2076,New World Green Bay;Four Square Glen Eden;Four Square Cockle Bay,3,16,11306.5,03:08:26
Fri_2077,Four Square Onehunga;Four Square Fair Price Henderson;Pak 'n Save Highland Park,3,16,11310.72,03:08:30
Fri_2078,Four Square Cockle Bay;New World Botany;Four Square Hobsonville,3,15,11326.41,03:08:46
Fri_2079,Four Square Ellerslie;New World Mt Albert;Four Square Fair Price Henderson;Four Square Hobsonville,4,15,11335.11,03:08:55
Fri_2080,New World Metro Shore City;New World Howick;Four Square Cockle Bay,3,15,11338.14,03:08:58
Fri_2081,Four Square St Heliers;Pak 'n Save Ormiston;Four Square Ellerslie,3,15,11339.38,03:08:59
Fri_2082,New World Papatoetoe;Four Square Hobsonville;Four Square Remuera,3,14,11344.14,03:09:04
Fri_2083,New World Devonport;New World Eastridge;Four Square Ellerslie,3,16,11349.13,03:09:09
Fri_2084,Pak 'n Save Ormiston;Four Square Torbay,2,13,11355.37,03:09:15
Fri_2085,New World Browns Bay;New World Metro Shore City;Four Square Fair Price Henderson,3,14,11363.4,03:09:23
Fri_2086,Pak 'n Save Glen Innes;New World Metro Shore City;Four Square Ellerslie,3,16,11363.52,03:09:23
Fri_2087,New World Milford;Four Square Ellerslie;Four Square Hobsonville,3,14,11364.28,03:09:24
Fri_2088,Four Square Britomart;New World Metro Queen St;Four Square Cockle Bay;Four Square Pakuranga Heights,4,16,11366.65,03:09:26
Fri_2089,Four Square Cockle Bay;New World Milford;New World Metro Shore City,3,16,11372.65,03:09:32
Fri_2090,Four Square Glen Eden;Pak 'n Save Papakura;Four Square Ellerslie,3,15,11372.88,03:09:32
Fri_2091,Pak 'n Save Papakura;Four Square Fair Price Henderson;Four Square Glen Eden,3,16,11380.78,03:09:40
Fri_2092,New World Papakura;New World Metro Queen St;New World Metro Shore City,3,15,11382.35,03:09:42
Fri_2093,New World Green Bay;Four Square St Heliers;New World Metro Shore City,3,16,11383.34,03:09:43
Fri_2094,New World Remuera;Four Square Fair Price Henderson;Four Square Lancaster,3,15,11383.84,03:09:43
Fri_2095,New World Howick;Four Square Torbay,2,12,11387.76,03:09:47
Fri_2096,New World Long Bay;New World Point Chevalier;Four Square Fair Price Henderson,3,16,11390.44,03:09:50
Fri_2097,Four Square Pakuranga Heights;Four Square Remuera;New World Point Chevalier;Four Square Ellerslie,4,16,11391.13,03:09:51
Fri_2098,Pak 'n Save Manukau;Four Square Glen Eden;Four Square Ellerslie,3,16,11392.98,03:09:52
Fri_2099,Four Square Onehunga;Four Square Cockle Bay;Four Square Botany Junction;Four Square Britomart,4,16,11405.41,03:10:05
Fri_2100,Four Square Eden Terrace;New World Mt Albert;Four Square Glen Eden;Four Square Ellerslie,4,16,11407.08,03:10:07
Fri_2101,New World Southmall;Four Square Botany Junction;Four Square Lancaster,3,15,11412.85,03:10:12
Fri_2102,New World Metro Shore City;New World Victoria Park;Four Square Torbay,3,15,11417.5,03:10:17
Fri_2103,New World Point Chevalier;Four Square Lancaster;Four Square Britomart;Four Square Ellerslie,4,16,11424.92,03:10:24
Fri_2104,Four Square Glen Eden;New World Green Bay;Four Square Cockle Bay,3,16,11425.82,03:10:25
Fri_2105,Four Square Britomart;Four Square Eden Terrace;Four Square Lancaster;New World Metro Shore City,4,15,11428.7,03:10:28
Fri_2106,New World Ormiston;Four Square Fair Price Henderson;Four Square Hobsonville,3,14,11431.08,03:10:31
Fri_2107,Four Square Pakuranga Heights;New World Birkenhead;Four Square Glen Eden,3,16,11434.72,03:10:34
Fri_2108,Four Square Eden Terrace;Four Square Ellerslie;Four Square Onehunga;Four Square Lancaster,4,14,11444.37,03:10:44
Fri_2109,Four Square Pakuranga Heights;New World Devonport;New World Metro Queen St,3,15,11444.84,03:10:44
Fri_2110,Four Square Fair Price Henderson;Pak 'n Save Clendon;Four Square Ellerslie,3,16,11452.18,03:10:52
Fri_2111,New World New Lynn;Four Square Glen Eden;Four Square Hobsonville;Four Square Ellerslie,4,16,11452.84,03:10:52
Fri_2112,New World Green Bay;Four Square Hobsonville;Four Square St Heliers,3,16,11454.81,03:10:54
Fri_2113,Pak 'n Save Highland Park;Four Square St Heliers;New World Metro Shore City,3,16,11459.48,03:10:59
Fri_2114,Four Square Pakuranga Heights;New World Green Bay;Four Square Ellerslie,3,15,11478.86,03:11:18
Fri_2115,New World Point Chevalier;Four Square Fair Price Henderson;Four Square Britomart;New World Metro Shore City,4,16,11485.09,03:11:25
Fri_2116,Four Square Botany Junction;New World Albany;Four Square Hobsonville,3,15,11486.21,03:11:26
Fri_2117,New World Metro Queen St;Four Square Britomart;Four Square Torbay;Four Square Hobsonville,4,15,11488.16,03:11:28
Fri_2118,Pak 'n Save Papakura;Four Square Glen Eden;Four Square Fair Price Henderson,3,16,11495.5,03:11:35
Fri_2119,Four Square St Heliers;New World Ormiston;New World Metro Queen St,3,16,11496.32,03:11:36
Fri_2120,Pak 'n Save Henderson;Four Square Ellerslie;Four Square Cockle Bay,3,16,11496.89,03:11:36
Fri_2121,Four Square Lancaster;New World Papatoetoe;Four Square Remuera,3,15,11505.51,03:11:45
Fri_2122,Four Square Torbay;Four Square Lancaster;New World New Lynn,3,16,11506.25,03:11:46
Fri_2123,New World Botany;Four Square Botany Junction;Four Square Lancaster,3,16,11512.72,03:11:52
Fri_2124,Four Square Ellerslie;New World Remuera;New World Metro Shore City;Four Square Hobsonville,4,16,11513.67,03:11:53
Fri_2125,Four Square Lancaster;New World Mt Roskill;Four Square Hobsonville,3,15,11515.73,03:11:55
Fri_2126,New World Metro Queen St;Four Square St Heliers;New World Point Chevalier;Four Square Ellerslie,4,16,11516.33,03:11:56
Fri_2127,Four Square Glen Eden;New World Eastridge;Four Square St Heliers;Four Square Ellerslie,4,16,11517.07,03:11:57
Fri_2128,Pak 'n Save Sylvia Park;Four Square Hobsonville;Four Square Ellerslie,3,16,11517.98,03:11:57
Fri_2129,New World Devonport;Four Square Glen Eden;New World Point Chevalier,3,16,11520.17,03:12:00
Fri_2130,New World Albany;Four Square Glen Eden;Four Square Eden Terrace,3,15,11522.94,03:12:02
Fri_2131,New World Papakura;Four Square Pakuranga Heights;Four Square Cockle Bay,3,16,11527.99,03:12:07
Fri_2132,New World Southmall;Four Square Lancaster;Four Square Hobsonville,3,14,11528.17,03:12:08
Fri_2133,New World Long Bay;New World Mt Albert;Four Square Ellerslie,3,16,11549.69,03:12:29
Fri_2134,Four Square Eden Terrace;Four Square Pakuranga Heights;Four Square Cockle Bay;New World Metro Queen St,4,16,11550.15,03:12:30
Fri_2135,Pak 'n Save Botany;Four Square Glen Eden;Four Square Fair Price Henderson,3,16,11551.04,03:12:31
Fri_2136,New World Botany;Four Square Lancaster;New World Metro Queen St,3,16,11554.68,03:12:34
Fri_2137,New World Papatoetoe;Four Square Botany Junction;Four Square Ellerslie;Four Square Fair Price Henderson,4,16,11554.88,03:12:34
Fri_2138,New World Eastridge;Four Square Glen Eden;Four Square Hobsonville,3,13,11558.26,03:12:38
Fri_2139,New World Metro Shore City;New World Botany;Four Square Cockle Bay,3,15,11565.85,03:12:45
Fri_2140,New World Metro Shore City;Pak 'n Save Mangere;Four Square Ellerslie,3,15,11567.56,03:12:47
Fri_2141,New World Stonefields;Four Square Torbay;Four Square Hobsonville,3,15,11576.44,03:12:56
Fri_2142,Pak 'n Save Highland Park;Four Square St Heliers;Four Square Hobsonville,3,16,11580.7,03:13:00
Fri_2143,Pak 'n Save Sylvia Park;Four Square Glen Eden;Four Square Ellerslie,3,16,11581.55,03:13:01
Fri_2144,Four Square Onehunga;Four Square Botany Junction;New World Albany,3,16,11589.28,03:13:09
Fri_2145,New World Papakura;Four Square Eden Terrace;New World Metro Shore City,3,15,11589.64,03:13:09
Fri_2146,New World Metro Queen St;Four Square Lancaster;New World Botany,3,16,11595.62,03:13:15
Fri_2147,New World Hobsonville;Four Square Botany Junction;Four Square Remuera,3,16,11596.16,03:13:16
Fri_2148,Four Square Britomart;New World Albany;Four Square Pakuranga Heights,3,16,11597.91,03:13:17
Fri_2149,Four Square Glen Eden;New World Stonefields;Four Square Cockle Bay,3,15,11601.52,03:13:21
Fri_2150,New World Botany;Four Square Hobsonville;Four Square Onehunga,3,15,11607.39,03:13:27
Fri_2151,Pak 'n Save Ormiston;Four Square Hobsonville;Four Square Fair Price Henderson,3,15,11612.88,03:13:32
Fri_2152,New World Botany;Four Square Lancaster;Four Square Britomart,3,16,11615.44,03:13:35
Fri_2153,Four Square Lancaster;New World Metro Shore City;New World Metro Queen St;Four Square Remuera,4,15,11618.84,03:13:38
Fri_2154,New World Eastridge;Four Square Ellerslie;Four Square Britomart;New World Metro Shore City,4,16,11623.39,03:13:43
Fri_2155,New World New Lynn;Four Square Hobsonville;Four Square Fair Price Henderson;Four Square Ellerslie,4,16,11623.98,03:13:43
Fri_2156,New World Metro Shore City;Four Square Britomart;New World Metro Queen St;Four Square Lancaster,4,15,11624.59,03:13:44
Fri_2157,Four Square Torbay;Four Square Fair Price Henderson;New World Hobsonville,3,15,11631.39,03:13:51
Fri_2158,Pak 'n Save Henderson;Four Square Torbay;Four Square Ellerslie,3,16,11632.97,03:13:52
Fri_2159,Pak 'n Save Clendon;Four Square Fair Price Henderson;Four Square Ellerslie,3,16,11636.79,03:13:56
Fri_2160,Pak 'n Save Manukau;Four Square Hobsonville;Four Square Ellerslie,3,16,11638.78,03:13:58
Fri_2161,Four Square Onehunga;Four Square Eden Terrace;Four Square Hobsonville;Four Square Lancaster,4,15,11649.66,03:14:09
Fri_2162,New World Eastridge;Four Square Ellerslie;Four Square Remuera;Four Square Hobsonville,4,16,11652.05,03:14:12
Fri_2163,Four Square Remuera;New World Mt Albert;Four Square Cockle Bay,3,15,11654.74,03:14:14
Fri_2164,Four Square Britomart;Pak 'n Save Highland Park;Four Square Hobsonville,3,16,11657.37,03:14:17
Fri_2165,Four Square St Heliers;Pak 'n Save Wairau Road;Four Square Ellerslie,3,16,11659.37,03:14:19
Fri_2166,Four Square Remuera;Four Square Onehunga;Four Square Torbay,3,12,11659.81,03:14:19
Fri_2167,New World Mt Roskill;Four Square Hobsonville;Four Square Cockle Bay,3,15,11661.48,03:14:21
Fri_2168,Pak 'n Save Clendon;New World Metro Shore City;Four Square Ellerslie,3,16,11663.33,03:14:23
Fri_2169,Four Square Pakuranga Heights;Pak 'n Save Albany;Four Square Ellerslie,3,16,11665.39,03:14:25
Fri_2170,Pak 'n Save Henderson;Four Square Cockle Bay;Four Square Ellerslie,3,16,11670.36,03:14:30
Fri_2171,Pak 'n Save Wairau Road;Four Square Ellerslie;Four Square Cockle Bay,3,16,11675.4,03:14:35
Fri_2172,New World Hobsonville;Four Square Hobsonville;Four Square Cockle Bay,3,15,11678.52,03:14:38
Fri_2173,Four Square Glen Eden;New World New Lynn;Four Square Ellerslie;Four Square Fair Price Henderson,4,16,11683.88,03:14:43
Fri_2174,New World New Lynn;Four Square Glen Eden;New World Metro Shore City;Four Square Ellerslie,4,16,11685.5,03:14:45
Fri_2175,Four Square Hobsonville;New World Hobsonville;Four Square Cockle Bay,3,15,11692.78,03:14:52
Fri_2176,New World Long Bay;Four Square Eden Terrace;Four Square Fair Price Henderson,3,14,11694.39,03:14:54
Fri_2177,New World Long Bay;New World Howick,2,15,11697.31,03:14:57
Fri_2178,New World Stonefields;Four Square Ellerslie;Four Square Glen Eden;Four Square Fair Price Henderson,4,16,11697.35,03:14:57
Fri_2179,New World Browns Bay;Four Square Pakuranga Heights;Four Square Eden Terrace,3,16,11702.24,03:15:02
Fri_2180,Four Square Torbay;New World Green Bay;Four Square Glen Eden,3,16,11705.86,03:15:05
Fri_2181,New World Botany;Four Square Fair Price Henderson;Four Square Britomart,3,15,11706.11,03:15:06
Fri_2182,New World New Lynn;Four Square Lancaster;Four Square St Heliers,3,16,11710.33,03:15:10
Fri_2183,New World Eastridge;Four Square Remuera;Four Square Torbay,3,15,11711.13,03:15:11
Fri_2184,New World Green Bay;Four Square Botany Junction;Four Square Hobsonville,3,16,11712.5,03:15:12
Fri_2185,Four Square Cockle Bay;Four Square St Heliers;New World Botany,3,16,11714.33,03:15:14
Fri_2186,Four Square Fair Price Henderson;New World Mt Roskill;Four Square Cockle Bay,3,15,11714.73,03:15:14
Fri_2187,New World Metro Shore City;New World Devonport;Four Square Remuera;Four Square Ellerslie,4,16,11717.48,03:15:17
Fri_2188,Four Square Lancaster;New World Point Chevalier;Four Square Remuera;Four Square Ellerslie,4,16,11724.94,03:15:24
Fri_2189,Pak 'n Save Papakura;Four Square Torbay,2,14,11742.62,03:15:42
Fri_2190,Four Square Cockle Bay;Four Square Torbay,2,8,11743.1,03:15:43
Fri_2191,New World Howick;Four Square Remuera;Four Square Lancaster,3,16,11744.57,03:15:44
Fri_2192,Four Square Remuera;New World New Lynn;Four Square Pakuranga Heights,3,16,11748.1,03:15:48
Fri_2193,New World New Lynn;Four Square Glen Eden;Four Square Ellerslie;New World Metro Shore City,4,16,11748.11,03:15:48
Fri_2194,New World Devonport;New World Metro Shore City;New World Metro Queen St;Four Square Ellerslie,4,16,11764.02,03:16:04
Fri_2195,Four Square Glen Eden;New World New Lynn;New World Metro Shore City;Four Square Ellerslie,4,16,11764.89,03:16:04
Fri_2196,New World Papakura;Four Square Fair Price Henderson;Four Square Eden Terrace,3,15,11770.82,03:16:10
Fri_2197,New World Howick;Four Square Eden Terrace;Four Square Lancaster,3,16,11779.48,03:16:19
Fri_2198,Four Square Torbay;Four Square Fair Price Henderson;New World Victoria Park,3,15,11779.99,03:16:19
Fri_2199,New World Newmarket;Four Square Glen Eden;Four Square St Heliers,3,16,11784.2,03:16:24
Fri_2200,New World Devonport;New World Metro Shore City;Four Square Torbay,3,14,11787.07,03:16:27
Fri_2201,New World Birkenhead;Four Square Cockle Bay;Four Square Ellerslie,3,15,11793.69,03:16:33
Fri_2202,New World Metro Shore City;Four Square Fair Price Henderson;New World Stonefields,3,14,11794.17,03:16:34
Fri_2203,Four Square Hobsonville;New World Albany;New World Metro Shore City;Four Square Ellerslie,4,16,11796.65,03:16:36
Fri_2204,New World Mt Albert;Four Square Fair Price Henderson;Four Square St Heliers;Four Square Ellerslie,4,16,11800.35,03:16:40
Fri_2205,New World Papakura;Four Square Botany Junction;Four Square Fair Price Henderson,3,15,11800.7,03:16:40
Fri_2206,Four Square Cockle Bay;Pak 'n Save Ormiston;New World Metro Shore City,3,16,11801.35,03:16:41
Fri_2207,New World Papakura;New World Long Bay,2,15,11808.93,03:16:48
Fri_2208,Four Square St Heliers;New World Albany;Four Square Eden Terrace,3,16,11813.31,03:16:53
Fri_2209,New World Long Bay;New World Eastridge;Four Square Ellerslie,3,16,11818.59,03:16:58
Fri_2210,New World Devonport;Four Square Botany Junction;Four Square Onehunga,3,15,11822.97,03:17:02
Fri_2211,New World Devonport;New World Metro Shore City;Four Square Britomart;Four Square Ellerslie,4,16,11824.74,03:17:04
Fri_2212,New World Mt Albert;Four Square Onehunga;Four Square Glen Eden;Four Square Ellerslie,4,16,11826.91,03:17:06
Fri_2213,Pak 'n Save Ormiston;Four Square Lancaster;New World Metro Shore City,3,16,11829.96,03:17:09
Fri_2214,Pak 'n Save Clendon;Four Square Glen Eden;Four Square Ellerslie,3,16,11843.62,03:17:23
Fri_2215,Four Square Botany Junction;New World Papakura;Four Square Fair Price Henderson,3,15,11845.88,03:17:25
Fri_2216,New World Papakura;Four Square Glen Eden;Four Square Eden Terrace,3,15,11845.95,03:17:25
Fri_2217,New World Ormiston;Four Square Onehunga;Four Square Lancaster,3,16,11851.32,03:17:31
Fri_2218,New World New Lynn;Four Square Fair Price Henderson;Four Square Cockle Bay,3,15,11857.57,03:17:37
Fri_2219,Four Square Onehunga;New World Metro Shore City;New World Devonport;Four Square Ellerslie,4,16,11860.16,03:17:40
Fri_2220,Four Square Botany Junction;Four Square St Heliers;Four Square Eden Terrace;New World Metro Queen St,4,16,11862.26,03:17:42
Fri_2221,Four Square Glen Eden;Four Square Ellerslie;New World Remuera;New World Metro Shore City,4,16,11871.1,03:17:51
Fri_2222,New World Metro Shore City;New World Papatoetoe;Four Square St Heliers,3,14,11875.23,03:17:55
Fri_2223,Four Square Hobsonville;New World Hobsonville;Four Square Ellerslie;Four Square Glen Eden,4,16,11882.35,03:18:02
Fri_2224,Four Square Ellerslie;Four Square Pakuranga Heights;New World Browns Bay,3,14,11884.04,03:18:04
Fri_2225,New World Devonport;Four Square Pakuranga Heights;Four Square Botany Junction,3,15,11886.54,03:18:06
Fri_2226,New World Point Chevalier;Four Square Onehunga;New World Metro Shore City;Four Square Hobsonville,4,16,11896.67,03:18:16
Fri_2227,Four Square Lancaster;New World Stonefields;New World Metro Shore City,3,15,11897.06,03:18:17
Fri_2228,Pak 'n Save Ormiston;Four Square Glen Eden;New World Metro Queen St,3,16,11906.46,03:18:26
Fri_2229,New World Papakura;Four Square Torbay,2,12,11908.53,03:18:28
Fri_2230,Four Square Eden Terrace;Four Square Cockle Bay;Four Square Botany Junction;Four Square Remuera,4,16,11932.5,03:18:52
Fri_2231,Four Square Pakuranga Heights;New World Metro Queen St;New World Long Bay,3,15,11933.14,03:18:53
Fri_2232,Four Square Glen Eden;Four Square St Heliers;New World Ormiston,3,15,11939.33,03:18:59
Fri_2233,New World Metro Queen St;Four Square Britomart;New World Metro Shore City;Four Square Torbay,4,15,11946.58,03:19:06
Fri_2234,New World Devonport;Four Square Glen Eden;Four Square Fair Price Henderson,3,13,11947.63,03:19:07
Fri_2235,New World Metro Shore City;Four Square Hobsonville;New World Hobsonville;Four Square Ellerslie,4,16,11956.9,03:19:16
Fri_2236,New World Mt Roskill;Four Square Torbay;Four Square Botany Junction,3,16,11968.09,03:19:28
Fri_2237,Pak 'n Save Glen Innes;Four Square Fair Price Henderson;Four Square Ellerslie,3,16,11971.26,03:19:31
Fri_2238,New World Devonport;New World Papatoetoe;Four Square Ellerslie,3,16,11975.27,03:19:35
Fri_2239,Four Square Eden Terrace;New World Devonport;New World Metro Shore City;Four Square Ellerslie,4,16,11982.87,03:19:42
Fri_2240,New World Green Bay;Four Square Fair Price Henderson;Four Square Cockle Bay,3,16,11983.03,03:19:43
Fri_2241,Four Square St Heliers;Pak 'n Save Mangere;Four Square Ellerslie,3,16,11985.16,03:19:45
Fri_2242,Four Square Pakuranga Heights;New World Albany;Four Square Torbay,3,16,11988.61,03:19:48
Fri_2243,New World Mt Albert;Four Square Ellerslie;Four Square Pakuranga Heights;Four Square Hobsonville,4,16,11990.1,03:19:50
Fri_2244,Four Square Hobsonville;New World Hobsonville;Four Square Ellerslie;Four Square Fair Price Henderson,4,16,11994.29,03:19:54
Fri_2245,New World Eastridge;Four Square Torbay;Four Square Britomart,3,15,12000.73,03:20:00
Fri_2246,New World Albany;Four Square Glen Eden;New World Metro Queen St,3,15,12003.76,03:20:03
Fri_2247,Four Square Lancaster;New World Point Chevalier;New World Metro Queen St;Four Square Ellerslie,4,16,12013.17,03:20:13
Fri_2248,Four Square St Heliers;Pak 'n Save Henderson;Four Square Ellerslie,3,16,12023.77,03:20:23
Fri_2249,Pak 'n Save Papakura;New World Metro Shore City;Four Square Ellerslie,3,15,12025.03,03:20:25
Fri_2250,Four Square Eden Terrace;New World Papakura;Four Square Fair Price Henderson,3,15,12026.44,03:20:26
Fri_2251,Four Square Botany Junction;Four Square Eden Terrace;New World Devonport,3,15,12033.05,03:20:33
Fri_2252,Four Square Britomart;New World Metro Queen St;Four Square Eden Terrace;Four Square Torbay,4,16,12034.11,03:20:34
Fri_2253,New World Stonefields;New World Metro Shore City;Four Square Torbay,3,15,12034.87,03:20:34
Fri_2254,New World Mt Roskill;Four Square Lancaster;Four Square Cockle Bay,3,16,12042.43,03:20:42
Fri_2255,New World Metro Queen St;New World Point Chevalier;Four Square Lancaster;Four Square Ellerslie,4,16,12044.11,03:20:44
Fri_2256,New World Hobsonville;Four Square Hobsonville;Four Square Glen Eden;Four Square Ellerslie,4,16,12046.47,03:20:46
Fri_2257,Four Square Glen Eden;Four Square Cockle Bay;Four Square Pakuranga Heights;Four Square Onehunga,4,15,12046.83,03:20:46
Fri_2258,New World Long Bay;Four Square Cockle Bay,2,11,12052.65,03:20:52
Fri_2259,New World Papatoetoe;Four Square Hobsonville;Four Square Ellerslie;Four Square Onehunga,4,16,12058.34,03:20:58
Fri_2260,Four Square Hobsonville;New World Hobsonville;Four Square Glen Eden;Four Square Ellerslie,4,16,12060.73,03:21:00
Fri_2261,New World Mt Albert;Four Square Glen Eden;Four Square Hobsonville;Four Square Ellerslie,4,15,12070.55,03:21:10
Fri_2262,Four Square Lancaster;New World Metro Shore City;New World Point Chevalier;Four Square Ellerslie,4,15,12072.7,03:21:12
Fri_2263,New World Metro Shore City;Four Square Fair Price Henderson;Pak 'n Save Albany,3,16,12075.84,03:21:15
Fri_2264,New World Ormiston;Four Square Hobsonville;New World Metro Queen St,3,15,12078.3,03:21:18
Fri_2265,New World Point Chevalier;New World Metro Shore City;Four Square Torbay;Four Square Hobsonville,4,16,12083.87,03:21:23
Fri_2266,Four Square Lancaster;New World Point Chevalier;Four Square Britomart;Four Square Ellerslie,4,16,12084.17,03:21:24
Fri_2267,New World Long Bay;Four Square Torbay;Four Square Botany Junction,3,15,12091.49,03:21:31
Fri_2268,New World Milford;Four Square Cockle Bay;Four Square Ellerslie,3,15,12095.13,03:21:35
Fri_2269,New World Metro Shore City;New World Eastridge;Four Square Eden Terrace;Four Square Ellerslie,4,16,12103.79,03:21:43
Fri_2270,New World Long Bay;Four Square Torbay;Four Square St Heliers,3,15,12120.74,03:22:00
Fri_2271,New World Devonport;Four Square Glen Eden;Four Square Eden Terrace,3,14,12132.17,03:22:12
Fri_2272,New World Browns Bay;Four Square Torbay;Four Square St Heliers,3,16,12146.75,03:22:26
Fri_2273,New World Metro Shore City;Pak 'n Save Mangere;Four Square Hobsonville,3,16,12155.1,03:22:35
Fri_2274,New World Devonport;Four Square Fair Price Henderson;Four Square Britomart,3,14,12160.07,03:22:40
Fri_2275,New World Point Chevalier;Four Square Botany Junction;Four Square Ellerslie;Four Square St Heliers,4,16,12163.23,03:22:43
Fri_2276,Four Square Torbay;New World Browns Bay;Four Square Pakuranga Heights,3,16,12165.77,03:22:45
Fri_2277,New World Long Bay;Four Square Torbay;Four Square Pakuranga Heights,3,15,12173.89,03:22:53
Fri_2278,Four Square Torbay;New World Long Bay;Four Square Pakuranga Heights,3,15,12175.51,03:22:55
Fri_2279,New World Botany;Four Square Fair Price Henderson;Four Square Ellerslie,3,13,12182.1,03:23:02
Fri_2280,New World Milford;Four Square St Heliers;Four Square Glen Eden,3,16,12189.3,03:23:09
Fri_2281,New World Papatoetoe;New World Long Bay;Four Square Ellerslie,3,16,12199.45,03:23:19
Fri_2282,Four Square Hobsonville;Four Square St Heliers;New World Eastridge;Four Square Ellerslie,4,16,12217.97,03:23:37
Fri_2283,Pak 'n Save Papakura;New World Metro Shore City;Four Square Hobsonville,3,16,12219.76,03:23:39
Fri_2284,Four Square Fair Price Henderson;Four Square Eden Terrace;Four Square Lancaster;New World Metro Queen St,4,15,12221.5,03:23:41
Fri_2285,Pak 'n Save Mangere;Four Square Torbay;Four Square Ellerslie,3,16,12221.64,03:23:41
Fri_2286,Four Square St Heliers;New World Papatoetoe;Four Square Hobsonville,3,14,12238.77,03:23:58
Fri_2287,New World Devonport;Four Square Onehunga;Four Square Pakuranga Heights,3,15,12241.93,03:24:01
Fri_2288,New World Birkenhead;Four Square Botany Junction;Four Square Glen Eden,3,16,12242.9,03:24:02
Fri_2289,New World Papatoetoe;Four Square Botany Junction;Four Square Torbay,3,15,12244.74,03:24:04
Fri_2290,New World Hobsonville;Four Square Cockle Bay;New World Metro Queen St,3,16,12246.55,03:24:06
Fri_2291,Four Square Torbay;New World Newmarket;Four Square Hobsonville,3,16,12248.59,03:24:08
Fri_2292,Four Square Pakuranga Heights;Four Square Lancaster;New World Eastridge,3,15,12267.97,03:24:27
Fri_2293,Four Square Pakuranga Heights;Four Square Glen Eden;Four Square Fair Price Henderson;New World Point Chevalier,4,16,12274.54,03:24:34
Fri_2294,New World Devonport;Four Square Botany Junction;Four Square Eden Terrace,3,15,12275.13,03:24:35
Fri_2295,New World New Lynn;New World Metro Shore City;Four Square Cockle Bay,3,15,12276.07,03:24:36
Fri_2296,New World Hobsonville;Four Square Fair Price Henderson;Four Square Glen Eden;Four Square Ellerslie,4,16,12278.96,03:24:38
Fri_2297,New World Albany;Four Square Cockle Bay;Four Square Botany Junction,3,16,12292.93,03:24:52
Fri_2298,Four Square Torbay;Four Square Botany Junction;New World Ormiston,3,16,12300.79,03:25:00
Fri_2299,New World New Lynn;Four Square Fair Price Henderson;Four Square Ellerslie;New World Metro Shore City,4,16,12302.7,03:25:02
Fri_2300,New World Green Bay;Four Square Cockle Bay;Four Square Fair Price Henderson,3,16,12320.51,03:25:20
Fri_2301,New World Papakura;Four Square Glen Eden;New World Metro Queen St,3,15,12326.77,03:25:26
Fri_2302,Four Square Glen Eden;New World Metro Shore City;Pak 'n Save Highland Park,3,15,12337.09,03:25:37
Fri_2303,Four Square Torbay;Four Square St Heliers;New World Metro Queen St,3,12,12345.8,03:25:45
Fri_2304,Pak 'n Save Highland Park;Four Square Hobsonville;Four Square Ellerslie,3,14,12346.8,03:25:46
Fri_2305,New World Devonport;Four Square Cockle Bay;Four Square Onehunga,3,15,12349.75,03:25:49
Fri_2306,Four Square Fair Price Henderson;New World Papakura;New World Metro Queen St,3,15,12354.94,03:25:54
Fri_2307,New World Long Bay;Four Square Pakuranga Heights;Four Square Botany Junction,3,15,12356.0,03:25:56
Fri_2308,New World Eastridge;New World Metro Shore City;New World Metro Queen St;Four Square Ellerslie,4,16,12370.86,03:26:10
Fri_2309,New World Papatoetoe;Four Square Ellerslie;Four Square St Heliers;New World Metro Shore City,4,16,12371.26,03:26:11
Fri_2310,New World Metro Shore City;Pak 'n Save Botany;Four Square Glen Eden,3,16,12382.4,03:26:22
Fri_2311,New World Browns Bay;Four Square Cockle Bay;Four Square Onehunga,3,16,12394.75,03:26:34
Fri_2312,Four Square Pakuranga Heights;New World Long Bay;Four Square Fair Price Henderson,3,14,12400.03,03:26:40
Fri_2313,Four Square Cockle Bay;New World Birkenhead;Four Square Hobsonville,3,16,12416.65,03:26:56
Fri_2314,Four Square Pakuranga Heights;New World Papakura;Four Square Fair Price Henderson,3,15,12418.3,03:26:58
Fri_2315,Four Square Fair Price Henderson;Four Square Eden Terrace;New World Southmall;Four Square Ellerslie,4,16,12425.89,03:27:05
Fri_2316,Four Square Eden Terrace;Four Square Ellerslie;New World Southmall;New World Metro Shore City,4,16,12445.78,03:27:25
Fri_2317,Four Square Glen Eden;Pak 'n Save Botany;New World Metro Shore City,3,16,12455.31,03:27:35
Fri_2318,Pak 'n Save Papakura;Four Square Glen Eden;Four Square Hobsonville,3,16,12458.71,03:27:38
Fri_2319,New World Eastridge;Four Square Ellerslie;Four Square St Heliers;Four Square Fair Price Henderson,4,16,12460.21,03:27:40
Fri_2320,New World Papatoetoe;Four Square Onehunga;Four Square Fair Price Henderson;Four Square Ellerslie,4,16,12464.07,03:27:44
Fri_2321,Four Square Pakuranga Heights;Four Square Glen Eden;New World Stonefields,3,15,12464.98,03:27:44
Fri_2322,New World Eastridge;Four Square Hobsonville;Four Square Fair Price Henderson;Four Square Glen Eden,4,16,12471.61,03:27:51
Fri_2323,New World Long Bay;Four Square Torbay;New World Metro Shore City;Four Square Ellerslie,4,16,12478.5,03:27:58
Fri_2324,Four Square Torbay;New World Long Bay;New World Metro Shore City;Four Square Ellerslie,4,16,12480.12,03:28:00
Fri_2325,New World Eastridge;Four Square Eden Terrace;Four Square Ellerslie;Four Square Hobsonville,4,16,12483.21,03:28:03
Fri_2326,Four Square Glen Eden;Four Square Torbay;New World Papatoetoe,3,14,12489.52,03:28:09
Fri_2327,New World Milford;Four Square Pakuranga Heights;New World Metro Shore City,3,16,12498.01,03:28:18
Fri_2328,Four Square Cockle Bay;New World Papakura;Four Square Pakuranga Heights,3,16,12504.85,03:28:24
Fri_2329,New World Southmall;Four Square Onehunga;Four Square Ellerslie;Four Square Hobsonville,4,16,12508.27,03:28:28
Fri_2330,Pak 'n Save Botany;Four Square Glen Eden;Four Square Hobsonville,3,16,12514.25,03:28:34
Fri_2331,New World Southmall;New World Metro Shore City;Four Square Botany Junction,3,14,12515.51,03:28:35
Fri_2332,New World Southmall;New World Devonport;Four Square Ellerslie,3,16,12520.19,03:28:40
Fri_2333,New World Browns Bay;Four Square Fair Price Henderson;New World Metro Shore City,3,14,12521.03,03:28:41
Fri_2334,New World Papatoetoe;Four Square Glen Eden;Four Square Pakuranga Heights,3,14,12532.68,03:28:52
Fri_2335,New World Southmall;Four Square Ellerslie;Four Square Glen Eden;Four Square Fair Price Henderson,4,15,12559.46,03:29:19
Fri_2336,Four Square Ellerslie;New World Metro Shore City;Four Square Torbay;New World Mt Albert,4,16,12565.85,03:29:25
Fri_2337,New World New Lynn;New World Metro Shore City;Four Square Ellerslie;Four Square Fair Price Henderson,4,16,12577.58,03:29:37
Fri_2338,Four Square Lancaster;New World Point Chevalier;Four Square Glen Eden;Four Square Fair Price Henderson,4,16,12599.91,03:29:59
