RouteID,Weekday,Stores,Pallets,DriveMin,UnloadMin,TotalMin,BaseCost,OvertimeMin,OvertimeCost,TotalCost,NStops
Wed_00001,Wednesday,Four Square Glen Eden,3,42.8,54,96.8,354.77,0.0,0.0,354.77,1
Wed_00002,Wednesday,Four Square Onehunga,4,25.9,72,97.9,358.99,0.0,0.0,358.99,1
Wed_00003,Wednesday,New World Metro Queen St,3,47.6,54,101.6,372.37,0.0,0.0,372.37,1
Wed_00004,Wednesday,Four Square Ellerslie,3,56.7,54,110.7,405.8,0.0,0.0,405.8,1
Wed_00005,Wednesday,Four Square Eden Terrace,4,39.5,72,111.5,408.99,0.0,0.0,408.99,1
Wed_00006,Wednesday,Four Square Hobsonville,3,61.9,54,115.9,424.94,0.0,0.0,424.94,1
Wed_00007,Wednesday,Four Square Britomart,4,48.7,72,120.7,442.72,0.0,0.0,442.72,1
Wed_00008,Wednesday,New World Metro Shore City,3,68.9,54,122.9,450.71,0.0,0.0,450.71,1
Wed_00009,Wednesday,Four Square Pakuranga Heights,3,71.4,54,125.4,459.68,0.0,0.0,459.68,1
Wed_00010,Wednesday,Four Square Fair Price Henderson,4,54.2,72,126.2,462.8,0.0,0.0,462.8,1
Wed_00011,Wednesday,Four Square Cockle Bay,2,91.8,36,127.8,468.43,0.0,0.0,468.43,1
Wed_00012,Wednesday,Four Square Remuera,4,56.8,72,128.8,472.32,0.0,0.0,472.32,1
Wed_00013,Wednesday,Four Square St Heliers,3,80.0,54,134.0,491.2,0.0,0.0,491.2,1
Wed_00014,Wednesday,Four Square Botany Junction,4,67.3,72,139.3,510.95,0.0,0.0,510.95,1
Wed_00015,Wednesday,Four Square Lancaster,4,80.8,72,152.8,560.13,0.0,0.0,560.13,1
Wed_00016,Wednesday,New World Victoria Park,6,46.5,108,154.5,566.58,0.0,0.0,566.58,1
Wed_00017,Wednesday,New World Point Chevalier,7,34.7,126,160.7,589.37,0.0,0.0,589.37,1
Wed_00018,Wednesday,New World Mt Albert,8,24.2,144,168.2,616.84,0.0,0.0,616.84,1
Wed_00019,Wednesday,New World Mt Roskill,9,6.5,162,168.5,618.0,0.0,0.0,618.0,1
Wed_00020,Wednesday,New World New Lynn,8,27.7,144,171.7,629.55,0.0,0.0,629.55,1
Wed_00021,Wednesday,New World Green Bay,8,28.8,144,172.8,633.45,0.0,0.0,633.45,1
Wed_00022,Wednesday,"Four Square Ellerslie,New World Metro Queen St",6,67.5,108,175.5,643.54,0.0,0.0,643.54,2
Wed_00023,Wednesday,"Four Square Britomart,New World Metro Queen St",7,49.8,126,175.8,644.72,0.0,0.0,644.72,2
Wed_00024,Wednesday,Four Square Torbay,4,104.3,72,176.3,646.34,0.0,0.0,646.34,1
Wed_00025,Wednesday,"Four Square Ellerslie,Four Square Onehunga",7,50.7,126,176.7,647.96,0.0,0.0,647.96,2
Wed_00026,Wednesday,"Four Square Eden Terrace,New World Metro Queen St",7,51.3,126,177.3,649.93,0.0,0.0,649.93,2
Wed_00027,Wednesday,New World Birkenhead,6,70.4,108,178.4,654.24,0.0,0.0,654.24,1
Wed_00028,Wednesday,"Four Square Onehunga,New World Metro Queen St",7,54.4,126,180.4,661.5,0.0,0.0,661.5,2
Wed_00029,Wednesday,"Four Square Cockle Bay,Four Square Pakuranga Heights",5,94.6,90,184.6,676.98,0.0,0.0,676.98,2
Wed_00030,Wednesday,"New World Metro Queen St,Four Square Glen Eden",6,77.3,108,185.3,679.35,0.0,0.0,679.35,2
Wed_00031,Wednesday,"New World Metro Shore City,New World Metro Queen St",6,77.4,108,185.4,679.94,0.0,0.0,679.94,2
Wed_00032,Wednesday,"Four Square Pakuranga Heights,Four Square Ellerslie",6,78.2,108,186.2,682.91,0.0,0.0,682.91,2
Wed_00033,Wednesday,"Four Square Ellerslie,Four Square Remuera",7,60.3,126,186.3,683.02,0.0,0.0,683.02,2
Wed_00034,Wednesday,"Four Square Ellerslie,Four Square Eden Terrace",7,60.3,126,186.3,683.08,0.0,0.0,683.08,2
Wed_00035,Wednesday,New World Hobsonville,7,61.5,126,187.5,687.49,0.0,0.0,687.49,1
Wed_00036,Wednesday,"Four Square Onehunga,Four Square Glen Eden",7,62.0,126,188.0,689.46,0.0,0.0,689.46,2
Wed_00037,Wednesday,New World Papakura,6,80.6,108,188.6,691.63,0.0,0.0,691.63,1
Wed_00038,Wednesday,"Four Square Cockle Bay,Four Square Ellerslie",5,98.6,90,188.6,691.66,0.0,0.0,691.66,2
Wed_00039,Wednesday,New World Southmall,7,63.2,126,189.2,693.85,0.0,0.0,693.85,1
Wed_00040,Wednesday,"Four Square Ellerslie,Four Square St Heliers",6,81.4,108,189.4,694.55,0.0,0.0,694.55,2
Wed_00041,Wednesday,New World Newmarket,8,45.6,144,189.6,695.13,0.0,0.0,695.13,1
Wed_00042,Wednesday,"Four Square Pakuranga Heights,New World Metro Queen St",6,82.2,108,190.2,697.42,0.0,0.0,697.42,2
Wed_00043,Wednesday,"Four Square Glen Eden,Four Square Hobsonville",6,82.4,108,190.4,698.18,0.0,0.0,698.18,2
Wed_00044,Wednesday,"Four Square Onehunga,Four Square Eden Terrace",8,47.2,144,191.2,701.04,0.0,0.0,701.04,2
Wed_00045,Wednesday,"New World Metro Queen St,Four Square St Heliers",6,83.5,108,191.5,702.32,0.0,0.0,702.32,2
Wed_00046,Wednesday,"Four Square Pakuranga Heights,Four Square Onehunga",7,66.1,126,192.1,704.53,0.0,0.0,704.53,2
Wed_00047,Wednesday,"Four Square Glen Eden,Four Square Fair Price Henderson",7,66.4,126,192.4,705.32,0.0,0.0,705.32,2
Wed_00048,Wednesday,"Four Square Cockle Bay,New World Metro Queen St",5,102.6,90,192.6,706.17,0.0,0.0,706.17,2
Wed_00049,Wednesday,"Four Square Remuera,New World Metro Queen St",7,67.7,126,193.7,710.06,0.0,0.0,710.06,2
Wed_00050,Wednesday,"Four Square Hobsonville,New World Metro Queen St",6,86.0,108,194.0,711.29,0.0,0.0,711.29,2
Wed_00051,Wednesday,"Four Square Ellerslie,Four Square Glen Eden",6,86.4,108,194.4,712.78,0.0,0.0,712.78,2
Wed_00052,Wednesday,"Four Square Cockle Bay,Four Square Onehunga",6,86.5,108,194.5,713.28,0.0,0.0,713.28,2
Wed_00053,Wednesday,"Four Square Britomart,Four Square Ellerslie",7,68.9,126,194.9,714.69,0.0,0.0,714.69,2
Wed_00054,Wednesday,New World Eastridge,7,69.3,126,195.3,715.94,0.0,0.0,715.94,1
Wed_00055,Wednesday,"Four Square Eden Terrace,Four Square Glen Eden",7,69.3,126,195.3,715.97,0.0,0.0,715.97,2
Wed_00056,Wednesday,"Four Square Onehunga,Four Square Remuera",8,53.2,144,197.2,723.02,0.0,0.0,723.02,2
Wed_00057,Wednesday,"Four Square Britomart,Four Square Eden Terrace",8,53.6,144,197.6,724.37,0.0,0.0,724.37,2
Wed_00058,Wednesday,"New World Metro Shore City,Four Square Ellerslie",6,89.6,108,197.6,724.57,0.0,0.0,724.57,2
Wed_00059,Wednesday,New World Remuera,8,53.8,144,197.8,725.41,0.0,0.0,725.41,1
Wed_00060,Wednesday,New World Ormiston,7,72.3,126,198.3,727.02,0.0,0.0,727.02,1
Wed_00061,Wednesday,"Four Square Cockle Bay,Four Square Botany Junction",6,91.1,108,199.1,730.04,0.0,0.0,730.04,2
Wed_00062,Wednesday,"Four Square Hobsonville,New World Metro Shore City",6,91.4,108,199.4,731.29,0.0,0.0,731.29,2
Wed_00063,Wednesday,"Four Square Pakuranga Heights,Four Square St Heliers",6,92.0,108,200.0,733.2,0.0,0.0,733.2,2
Wed_00064,Wednesday,"Four Square Onehunga,Four Square Britomart",8,56.3,144,200.3,734.28,0.0,0.0,734.28,2
Wed_00065,Wednesday,"Four Square Pakuranga Heights,Four Square Eden Terrace",7,75.0,126,201.0,736.96,0.0,0.0,736.96,2
Wed_00066,Wednesday,"Four Square Onehunga,Four Square St Heliers",7,75.2,126,201.2,737.57,0.0,0.0,737.57,2
Wed_00067,Wednesday,"Four Square Fair Price Henderson,Four Square Hobsonville",7,75.2,126,201.2,737.74,0.0,0.0,737.74,2
Wed_00068,Wednesday,"Four Square Cockle Bay,Four Square St Heliers",5,112.2,90,202.2,741.4,0.0,0.0,741.4,2
Wed_00069,Wednesday,"Four Square Onehunga,Four Square Hobsonville",7,76.9,126,202.9,743.81,0.0,0.0,743.81,2
Wed_00070,Wednesday,"Four Square Hobsonville,Four Square Ellerslie",6,95.1,108,203.1,744.72,0.0,0.0,744.72,2
Wed_00071,Wednesday,"Four Square Cockle Bay,Four Square Eden Terrace",6,95.4,108,203.4,745.71,0.0,0.0,745.71,2
Wed_00072,Wednesday,"Four Square Onehunga,New World Metro Shore City",7,77.6,126,203.6,746.36,0.0,0.0,746.36,2
Wed_00073,Wednesday,"Four Square Hobsonville,Four Square Eden Terrace",7,78.0,126,204.0,747.91,0.0,0.0,747.91,2
Wed_00074,Wednesday,"Four Square Fair Price Henderson,New World Metro Queen St",7,78.3,126,204.3,749.15,0.0,0.0,749.15,2
Wed_00075,Wednesday,"Four Square Remuera,Four Square Eden Terrace",8,60.4,144,204.4,749.59,0.0,0.0,749.59,2
Wed_00076,Wednesday,"Four Square Britomart,New World Metro Shore City",7,78.4,126,204.4,749.62,0.0,0.0,749.62,2
Wed_00077,Wednesday,"Four Square Britomart,Four Square Glen Eden",7,78.5,126,204.5,749.69,0.0,0.0,749.69,2
Wed_00078,Wednesday,"New World Metro Shore City,Four Square Eden Terrace",7,78.6,126,204.6,750.25,0.0,0.0,750.25,2
Wed_00079,Wednesday,"Four Square Pakuranga Heights,Four Square Botany Junction",7,78.8,126,204.8,750.97,0.0,0.0,750.97,2
Wed_00080,Wednesday,"Four Square Remuera,Four Square St Heliers",7,80.6,126,206.6,757.35,0.0,0.0,757.35,2
Wed_00081,Wednesday,"New World Metro Shore City,Four Square Glen Eden",6,98.6,108,206.6,757.69,0.0,0.0,757.69,2
Wed_00082,Wednesday,"Four Square Pakuranga Heights,Four Square Remuera",7,81.5,126,207.5,760.67,0.0,0.0,760.67,2
Wed_00083,Wednesday,"Four Square Britomart,Four Square St Heliers",7,82.7,126,208.7,765.17,0.0,0.0,765.17,2
Wed_00084,Wednesday,"Four Square Pakuranga Heights,Four Square Glen Eden",6,101.1,108,209.1,766.66,0.0,0.0,766.66,2
Wed_00085,Wednesday,Pak 'n Save Lincoln Road,9,47.4,162,209.4,767.67,0.0,0.0,767.67,1
Wed_00086,Wednesday,"Four Square Ellerslie,Four Square Botany Junction",7,83.5,126,209.5,768.04,0.0,0.0,768.04,2
Wed_00087,Wednesday,New World Stonefields,8,65.5,144,209.5,768.25,0.0,0.0,768.25,1
Wed_00088,Wednesday,"Four Square Cockle Bay,Four Square Remuera",6,101.8,108,209.8,769.42,0.0,0.0,769.42,2
Wed_00089,Wednesday,"Four Square Pakuranga Heights,Four Square Britomart",7,84.1,126,210.1,770.0,0.1,0.28,770.28,2
Wed_00090,Wednesday,"Four Square Eden Terrace,Four Square St Heliers",7,84.5,126,210.5,770.0,0.5,2.57,772.57,2
Wed_00091,Wednesday,"Four Square Cockle Bay,Four Square Glen Eden",5,121.5,90,211.5,770.0,1.5,7.62,777.62,2
Wed_00092,Wednesday,"Four Square Cockle Bay,Four Square Britomart",6,104.4,108,212.4,770.0,2.4,12.61,782.61,2
Wed_00093,Wednesday,"Four Square Remuera,Four Square Glen Eden",7,86.5,126,212.5,770.0,2.5,13.1,783.1,2
Wed_00094,Wednesday,New World Papatoetoe,9,50.8,162,212.8,770.0,2.8,14.28,784.28,1
Wed_00095,Wednesday,"Four Square Britomart,Four Square Remuera",8,69.1,144,213.1,770.0,3.1,15.78,785.78,2
Wed_00096,Wednesday,"Four Square Hobsonville,Four Square Britomart",7,87.2,126,213.2,770.0,3.2,16.39,786.39,2
Wed_00097,Wednesday,"Four Square Onehunga,Four Square Fair Price Henderson",8,69.2,144,213.2,770.0,3.2,16.46,786.46,2
Wed_00098,Wednesday,"Four Square Pakuranga Heights,New World Metro Shore City",6,105.3,108,213.3,770.0,3.3,17.3,787.3,2
Wed_00099,Wednesday,"Four Square Fair Price Henderson,Four Square Ellerslie",7,87.4,126,213.4,770.0,3.4,17.73,787.73,2
Wed_00100,Wednesday,"New World Victoria Park,New World Metro Queen St",9,52.1,162,214.1,770.0,4.1,21.29,791.29,2
Wed_00101,Wednesday,"Four Square Fair Price Henderson,Four Square Eden Terrace",8,70.3,144,214.3,770.0,4.3,22.22,792.22,2
Wed_00102,Wednesday,"Four Square Lancaster,New World Metro Queen St",7,89.3,126,215.3,770.0,5.3,27.29,797.29,2
Wed_00103,Wednesday,"Four Square Cockle Bay,New World Metro Shore City",5,125.7,90,215.7,770.0,5.7,29.63,799.63,2
Wed_00104,Wednesday,"New World Metro Shore City,Four Square Remuera",7,89.8,126,215.8,770.0,5.8,29.71,799.71,2
Wed_00105,Wednesday,"Four Square Botany Junction,New World Metro Queen St",7,89.9,126,215.9,770.0,5.9,30.27,800.27,2
Wed_00106,Wednesday,"Four Square St Heliers,Four Square Glen Eden",6,109.7,108,217.7,770.0,7.7,39.7,809.7,2
Wed_00107,Wednesday,"Four Square Onehunga,Four Square Botany Junction",8,74.5,144,218.5,770.0,8.5,44.03,814.03,2
Wed_00108,Wednesday,"Four Square Pakuranga Heights,Four Square Hobsonville",6,110.6,108,218.6,770.0,8.6,44.58,814.58,2
Wed_00109,Wednesday,"Four Square Lancaster,New World Metro Shore City",7,92.8,126,218.8,770.0,8.8,45.54,815.54,2
Wed_00110,Wednesday,New World Milford,8,75.5,144,219.5,770.0,9.5,48.84,818.84,1
Wed_00111,Wednesday,"New World Metro Shore City,Four Square St Heliers",6,112.9,108,220.9,770.0,10.9,56.32,826.32,2
Wed_00112,Wednesday,"Four Square Cockle Bay,Four Square Hobsonville",5,131.0,90,221.0,770.0,11.0,56.91,826.91,2
Wed_00113,Wednesday,"Four Square Hobsonville,Four Square Remuera",7,95.2,126,221.2,770.0,11.2,58.1,828.1,2
Wed_00114,Wednesday,New World Browns Bay,7,95.5,126,221.5,770.0,11.5,59.63,829.63,1
Wed_00115,Wednesday,"Four Square Lancaster,Four Square Hobsonville",7,96.0,126,222.0,770.0,12.0,61.78,831.78,2
Wed_00116,Wednesday,"Four Square Fair Price Henderson,Four Square Britomart",8,79.5,144,223.5,770.0,13.5,69.74,839.74,2
Wed_00117,Wednesday,New World Botany,8,79.9,144,223.9,770.0,13.9,71.62,841.62,1
Wed_00118,Wednesday,"Four Square Fair Price Henderson,New World Metro Shore City",7,98.4,126,224.4,770.0,14.4,74.23,844.23,2
Wed_00119,Wednesday,Pak 'n Save Royal Oak,11,26.9,198,224.9,770.0,14.9,76.94,846.94,1
Wed_00120,Wednesday,"Four Square Hobsonville,Four Square St Heliers",6,118.4,108,226.4,770.0,16.4,84.71,854.71,2
Wed_00121,Wednesday,"Four Square Botany Junction,Four Square Eden Terrace",8,82.6,144,226.6,770.0,16.6,85.98,855.98,2
Wed_00122,Wednesday,"Four Square Lancaster,Four Square Ellerslie",7,101.5,126,227.5,770.0,17.5,90.18,860.18,2
Wed_00123,Wednesday,"Four Square Pakuranga Heights,Four Square Fair Price Henderson",7,103.0,126,229.0,770.0,19.0,97.93,867.93,2
Wed_00124,Wednesday,New World Howick,8,85.8,144,229.8,770.0,19.8,102.46,872.46,1
Wed_00125,Wednesday,"Four Square Ellerslie,New World Victoria Park",9,68.5,162,230.5,770.0,20.5,105.94,875.94,2
Wed_00126,Wednesday,"Four Square Cockle Bay,Four Square Fair Price Henderson",6,123.3,108,231.3,770.0,21.3,110.26,880.26,2
Wed_00127,Wednesday,"Four Square Fair Price Henderson,Four Square Remuera",8,87.6,144,231.6,770.0,21.6,111.45,881.45,2
Wed_00128,Wednesday,"New World Victoria Park,Four Square Eden Terrace",10,51.7,180,231.7,770.0,21.7,112.18,882.18,2
Wed_00129,Wednesday,"Four Square Remuera,Four Square Botany Junction",8,88.5,144,232.5,770.0,22.5,116.1,886.1,2
Wed_00130,Wednesday,"Four Square Botany Junction,Four Square St Heliers",7,107.1,126,233.1,770.0,23.1,119.42,889.42,2
Wed_00131,Wednesday,"Four Square Onehunga,Four Square Lancaster",8,89.4,144,233.4,770.0,23.4,120.88,890.88,2
Wed_00132,Wednesday,"New World Victoria Park,Four Square Britomart",10,53.8,180,233.8,770.0,23.8,123.2,893.2,2
Wed_00133,Wednesday,Pak 'n Save Westgate,10,54.0,180,234.0,770.0,24.0,123.91,893.91,1
Wed_00134,Wednesday,"New World Metro Queen St,New World Point Chevalier",10,54.1,180,234.1,770.0,24.1,124.37,894.37,2
Wed_00135,Wednesday,"Four Square Britomart,Four Square Lancaster",8,90.3,144,234.3,770.0,24.3,125.47,895.47,2
Wed_00136,Wednesday,"Four Square Lancaster,Four Square Eden Terrace",8,90.5,144,234.5,770.0,24.5,126.37,896.37,2
Wed_00137,Wednesday,"Four Square Onehunga,New World Victoria Park",10,55.4,180,235.4,770.0,25.4,131.24,901.24,2
Wed_00138,Wednesday,"Four Square Botany Junction,Four Square Britomart",8,91.7,144,235.7,770.0,25.7,132.83,902.83,2
Wed_00139,Wednesday,"Four Square Torbay,Four Square Hobsonville",7,109.7,126,235.7,770.0,25.7,132.93,902.93,2
Wed_00140,Wednesday,"Four Square Torbay,New World Metro Queen St",7,109.8,126,235.8,770.0,25.8,133.32,903.32,2
Wed_00141,Wednesday,"New World Victoria Park,New World Metro Shore City",9,74.2,162,236.2,770.0,26.2,135.46,905.46,2
Wed_00142,Wednesday,"Four Square Fair Price Henderson,Four Square St Heliers",7,110.7,126,236.7,770.0,26.7,138.06,908.06,2
Wed_00143,Wednesday,Pak 'n Save Mt Albert,12,21.7,216,237.7,770.0,27.7,142.88,912.88,1
Wed_00144,Wednesday,"Four Square Glen Eden,Four Square Lancaster",7,111.7,126,237.7,770.0,27.7,143.3,913.3,2
Wed_00145,Wednesday,"New World Victoria Park,Four Square Glen Eden",9,76.2,162,238.2,770.0,28.2,145.93,915.93,2
Wed_00146,Wednesday,"New World Metro Shore City,Four Square Botany Junction",7,112.4,126,238.4,770.0,28.4,146.8,916.8,2
Wed_00147,Wednesday,"Four Square Torbay,New World Metro Shore City",7,112.5,126,238.5,770.0,28.5,147.44,917.44,2
Wed_00148,Wednesday,"Four Square Glen Eden,New World Point Chevalier",10,59.2,180,239.2,770.0,29.2,151.05,921.05,2
Wed_00149,Wednesday,"New World Birkenhead,New World Metro Queen St",9,78.9,162,240.9,770.0,30.9,159.9,929.9,2
Wed_00150,Wednesday,"New World Metro Queen St,Four Square Ellerslie,Four Square Onehunga",10,61.8,180,241.8,770.0,31.8,164.17,934.17,3
Wed_00151,Wednesday,"New World Hobsonville,Four Square Hobsonville",10,62.9,180,242.9,770.0,32.9,169.81,939.81,2
Wed_00152,Wednesday,"Four Square Ellerslie,New World Point Chevalier",10,63.2,180,243.2,770.0,33.2,171.47,941.47,2
Wed_00153,Wednesday,"Four Square Pakuranga Heights,Four Square Lancaster",7,117.2,126,243.2,770.0,33.2,171.49,941.49,2
Wed_00154,Wednesday,"Four Square Glen Eden,New World Green Bay",11,45.4,198,243.4,770.0,33.4,172.75,942.75,2
Wed_00155,Wednesday,"Four Square Glen Eden,New World New Lynn",11,45.7,198,243.7,770.0,33.7,174.31,944.31,2
Wed_00156,Wednesday,"Four Square Eden Terrace,New World Point Chevalier",11,46.1,198,244.1,770.0,34.1,175.96,945.96,2
Wed_00157,Wednesday,"Four Square Pakuranga Heights,New World Victoria Park",9,83.2,162,245.2,770.0,35.2,181.86,951.86,2
Wed_00158,Wednesday,"Four Square Cockle Bay,Four Square Pakuranga Heights,Four Square Ellerslie",8,101.5,144,245.5,770.0,35.5,183.46,953.46,3
Wed_00159,Wednesday,"Four Square Cockle Bay,Four Square Lancaster",6,137.6,108,245.6,770.0,35.6,183.82,953.82,2
Wed_00160,Wednesday,"Four Square Lancaster,Four Square Remuera",8,101.6,144,245.6,770.0,35.6,183.9,953.9,2
Wed_00161,Wednesday,New World Long Bay,8,102.6,144,246.6,770.0,36.6,189.18,959.18,1
Wed_00162,Wednesday,"Four Square Hobsonville,New World Victoria Park",9,85.0,162,247.0,770.0,37.0,190.93,960.93,2
Wed_00163,Wednesday,"New World Birkenhead,New World Metro Shore City",9,85.3,162,247.3,770.0,37.3,192.66,962.66,2
Wed_00164,Wednesday,"Four Square Cockle Bay,New World Victoria Park",8,103.6,144,247.6,770.0,37.6,194.19,964.19,2
Wed_00165,Wednesday,"Four Square Torbay,Four Square Ellerslie",7,122.0,126,248.0,770.0,38.0,196.21,966.21,2
Wed_00166,Wednesday,"New World Metro Queen St,New World Mt Albert",11,50.2,198,248.2,770.0,38.2,197.6,967.6,2
Wed_00167,Wednesday,"Four Square Fair Price Henderson,Four Square Lancaster",8,104.5,144,248.5,770.0,38.5,199.04,969.04,2
Wed_00168,Wednesday,"Four Square Remuera,New World Victoria Park",10,68.6,180,248.6,770.0,38.6,199.66,969.66,2
Wed_00169,Wednesday,"Four Square Cockle Bay,Four Square Pakuranga Heights,New World Metro Queen St",8,105.5,144,249.5,770.0,39.5,203.92,973.92,3
Wed_00170,Wednesday,"Four Square Hobsonville,New World Point Chevalier",10,69.8,180,249.8,770.0,39.8,205.5,975.5,2
Wed_00171,Wednesday,"Four Square Ellerslie,Four Square St Heliers,New World Metro Queen St",9,87.9,162,249.9,770.0,39.9,206.25,976.25,3
Wed_00172,Wednesday,"Four Square Britomart,New World Metro Queen St,Four Square Ellerslie",10,70.0,180,250.0,770.0,40.0,206.7,976.7,3
Wed_00173,Wednesday,"Four Square Lancaster,Four Square St Heliers",7,124.7,126,250.7,770.0,40.7,210.51,980.51,2
Wed_00174,Wednesday,"Four Square Glen Eden,Four Square Torbay",7,124.8,126,250.8,770.0,40.8,210.78,980.78,2
Wed_00175,Wednesday,"Four Square Pakuranga Heights,Four Square Ellerslie,New World Metro Queen St",9,89.1,162,251.1,770.0,41.1,212.27,982.27,3
Wed_00176,Wednesday,"Four Square Ellerslie,Four Square Remuera,New World Metro Queen St",10,71.1,180,251.1,770.0,41.1,212.44,982.44,3
Wed_00177,Wednesday,"Four Square Ellerslie,New World Metro Queen St,Four Square Eden Terrace",10,71.2,180,251.2,770.0,41.2,213.06,983.06,3
Wed_00178,Wednesday,New World Albany,9,89.3,162,251.3,770.0,41.3,213.24,983.24,1
Wed_00179,Wednesday,"Four Square Cockle Bay,Four Square Pakuranga Heights,Four Square Onehunga",9,89.4,162,251.4,770.0,41.4,213.93,983.93,3
Wed_00180,Wednesday,"Four Square Britomart,New World Metro Queen St,Four Square Eden Terrace",11,53.6,198,251.6,770.0,41.6,214.71,984.71,3
Wed_00181,Wednesday,"Four Square Pakuranga Heights,Four Square Ellerslie,Four Square Onehunga",10,72.3,180,252.3,770.0,42.3,218.5,988.5,3
Wed_00182,Wednesday,"Four Square Onehunga,Four Square Ellerslie,Four Square Remuera",11,55.0,198,253.0,770.0,43.0,222.22,992.22,3
Wed_00183,Wednesday,"Four Square Onehunga,Four Square Ellerslie,Four Square Eden Terrace",11,55.0,198,253.0,770.0,43.0,222.3,992.3,3
Wed_00184,Wednesday,"New World Birkenhead,Four Square Ellerslie",9,91.1,162,253.1,770.0,43.1,222.79,992.79,2
Wed_00185,Wednesday,"Four Square Britomart,New World Point Chevalier",11,55.3,198,253.3,770.0,43.3,223.49,993.49,2
Wed_00186,Wednesday,"Four Square Cockle Bay,Four Square Ellerslie,New World Metro Queen St",8,109.5,144,253.5,770.0,43.5,224.6,994.6,3
Wed_00187,Wednesday,New World Devonport,9,91.8,162,253.8,770.0,43.8,226.3,996.3,1
Wed_00188,Wednesday,Pak 'n Save Manukau,11,55.9,198,253.9,770.0,43.9,227.05,997.05,1
Wed_00189,Wednesday,"New World Newmarket,New World Metro Queen St",11,56.4,198,254.4,770.0,44.4,229.5,999.5,2
Wed_00190,Wednesday,Pak 'n Save Mangere,12,38.7,216,254.7,770.0,44.7,230.74,1000.74,1
Wed_00191,Wednesday,"Four Square Cockle Bay,Four Square Ellerslie,Four Square Onehunga",9,92.7,162,254.7,770.0,44.7,230.83,1000.83,3
Wed_00192,Wednesday,"Four Square Torbay,Four Square Britomart",8,110.8,144,254.8,770.0,44.8,231.55,1001.55,2
Wed_00193,Wednesday,"New World Metro Queen St,New World Eastridge",10,74.8,180,254.8,770.0,44.8,231.6,1001.6,2
Wed_00194,Wednesday,"Four Square Torbay,Four Square Eden Terrace",8,111.0,144,255.0,770.0,45.0,232.39,1002.39,2
Wed_00195,Wednesday,"Four Square Onehunga,New World Metro Queen St,Four Square Britomart",11,57.2,198,255.2,770.0,45.2,233.45,1003.45,3
Wed_00196,Wednesday,"Four Square Torbay,Four Square Onehunga",8,111.4,144,255.4,770.0,45.4,234.7,1004.7,2
Wed_00197,Wednesday,"New World Metro Shore City,New World Point Chevalier",10,75.4,180,255.4,770.0,45.4,234.75,1004.75,2
Wed_00198,Wednesday,"Four Square Ellerslie,New World Eastridge",10,75.6,180,255.6,770.0,45.6,235.38,1005.38,2
Wed_00199,Wednesday,"Four Square Onehunga,New World Metro Queen St,Four Square Eden Terrace",11,58.1,198,256.1,770.0,46.1,238.36,1008.36,3
Wed_00200,Wednesday,"Four Square Onehunga,Four Square Ellerslie,Four Square St Heliers",10,76.2,180,256.2,770.0,46.2,238.46,1008.46,3
Wed_00201,Wednesday,"New World Victoria Park,Four Square St Heliers",9,94.4,162,256.4,770.0,46.4,239.52,1009.52,2
Wed_00202,Wednesday,"New World Mt Albert,Four Square Eden Terrace",12,40.6,216,256.6,770.0,46.6,240.74,1010.74,2
Wed_00203,Wednesday,"Four Square Pakuranga Heights,Four Square Cockle Bay,Four Square Botany Junction",9,95.0,162,257.0,770.0,47.0,242.81,1012.81,3
Wed_00204,Wednesday,"Four Square Fair Price Henderson,New World Victoria Park",10,77.3,180,257.3,770.0,47.3,244.29,1014.29,2
Wed_00205,Wednesday,"Four Square Ellerslie,New World Mt Albert",11,59.4,198,257.4,770.0,47.4,244.71,1014.71,2
Wed_00206,Wednesday,"Four Square Cockle Bay,New World Ormiston",9,95.7,162,257.7,770.0,47.7,246.42,1016.42,2
Wed_00207,Wednesday,"Four Square Pakuranga Heights,New World Point Chevalier",10,77.9,180,257.9,770.0,47.9,247.39,1017.39,2
Wed_00208,Wednesday,"New World Birkenhead,Four Square Hobsonville",9,96.1,162,258.1,770.0,48.1,248.67,1018.67,2
Wed_00209,Wednesday,"New World Newmarket,Four Square Ellerslie",11,60.4,198,258.4,770.0,48.4,249.84,1019.84,2
Wed_00210,Wednesday,"Four Square Cockle Bay,Four Square Pakuranga Heights,Four Square St Heliers",8,115.2,144,259.2,770.0,49.2,254.33,1024.33,3
Wed_00211,Wednesday,"Four Square Ellerslie,New World Metro Queen St,Four Square Glen Eden",9,97.2,162,259.2,770.0,49.2,254.37,1024.37,3
Wed_00212,Wednesday,Pak 'n Save Highland Park,10,79.3,180,259.3,770.0,49.3,254.75,1024.75,1
Wed_00213,Wednesday,"New World Metro Shore City,Four Square Britomart,New World Metro Queen St",10,79.5,180,259.5,770.0,49.5,255.97,1025.97,3
Wed_00214,Wednesday,"Four Square Britomart,New World Metro Queen St,Four Square Glen Eden",10,79.6,180,259.6,770.0,49.6,256.03,1026.03,3
Wed_00215,Wednesday,"New World Metro Shore City,New World Metro Queen St,Four Square Ellerslie",9,97.6,162,259.6,770.0,49.6,256.34,1026.34,3
Wed_00216,Wednesday,"Four Square Britomart,New World Birkenhead",10,80.0,180,260.0,770.0,50.0,258.08,1028.08,2
Wed_00217,Wednesday,"Four Square Ellerslie,New World Remuera",11,62.0,198,260.0,770.0,50.0,258.22,1028.22,2
Wed_00218,Wednesday,"Four Square Fair Price Henderson,New World Point Chevalier",11,62.1,198,260.1,770.0,50.1,258.85,1028.85,2
Wed_00219,Wednesday,"New World Birkenhead,Four Square Eden Terrace",10,80.1,180,260.1,770.0,50.1,258.97,1028.97,2
Wed_00220,Wednesday,"Four Square Cockle Bay,Four Square Pakuranga Heights,Four Square Eden Terrace",9,98.3,162,260.3,770.0,50.3,259.63,1029.63,3
Wed_00221,Wednesday,"Four Square Cockle Bay,New World Point Chevalier",9,98.3,162,260.3,770.0,50.3,259.72,1029.72,2
Wed_00222,Wednesday,"Four Square Pakuranga Heights,Four Square St Heliers,New World Metro Queen St",9,98.5,162,260.5,770.0,50.5,260.72,1030.72,3
Wed_00223,Wednesday,"Four Square Glen Eden,Four Square Ellerslie,Four Square Onehunga",10,80.6,180,260.6,770.0,50.6,261.49,1031.49,3
Wed_00224,Wednesday,"Four Square Britomart,Four Square Ellerslie,Four Square Onehunga",11,63.0,198,261.0,770.0,51.0,263.28,1033.28,3
Wed_00225,Wednesday,"Four Square Eden Terrace,New World Metro Queen St,Four Square Glen Eden",10,81.0,180,261.0,770.0,51.0,263.37,1033.37,3
Wed_00226,Wednesday,"New World Metro Shore City,New World Metro Queen St,Four Square Eden Terrace",10,81.2,180,261.2,770.0,51.2,264.35,1034.35,3
Wed_00227,Wednesday,"Four Square Remuera,New World Point Chevalier",11,63.3,198,261.3,770.0,51.3,265.2,1035.2,2
Wed_00228,Wednesday,"Four Square Pakuranga Heights,Four Square St Heliers,Four Square Ellerslie",9,99.3,162,261.3,770.0,51.3,265.2,1035.2,3
Wed_00229,Wednesday,Pak 'n Save Clendon,11,63.5,198,261.5,770.0,51.5,265.85,1035.85,1
Wed_00230,Wednesday,"Four Square Fair Price Henderson,Four Square Torbay",8,117.6,144,261.6,770.0,51.6,266.52,1036.52,2
Wed_00231,Wednesday,"Four Square Onehunga,Four Square St Heliers,New World Metro Queen St",10,81.7,180,261.7,770.0,51.7,266.88,1036.88,3
Wed_00232,Wednesday,"Four Square Pakuranga Heights,Four Square Ellerslie,Four Square Remuera",10,81.9,180,261.9,770.0,51.9,267.9,1037.9,3
Wed_00233,Wednesday,"Four Square Pakuranga Heights,Four Square Ellerslie,Four Square Eden Terrace",10,81.9,180,261.9,770.0,51.9,267.98,1037.98,3
Wed_00234,Wednesday,"Four Square Ellerslie,Four Square Remuera,Four Square Eden Terrace",11,63.9,198,261.9,770.0,51.9,268.15,1038.15,3
Wed_00235,Wednesday,"Four Square Hobsonville,New World Metro Shore City,New World Metro Queen St",9,100.0,162,262.0,770.0,52.0,268.47,1038.47,3
Wed_00236,Wednesday,"Four Square Glen Eden,New World Hobsonville",10,82.0,180,262.0,770.0,52.0,268.75,1038.75,2
Wed_00237,Wednesday,"Four Square Onehunga,Four Square Remuera,New World Metro Queen St",11,64.0,198,262.0,770.0,52.0,268.8,1038.8,3
Wed_00238,Wednesday,"Four Square Ellerslie,New World Papakura",9,100.4,162,262.4,770.0,52.4,270.85,1040.85,2
Wed_00239,Wednesday,"New World Remuera,New World Metro Queen St",11,64.7,198,262.7,770.0,52.7,272.17,1042.17,2
Wed_00240,Wednesday,"New World Eastridge,Four Square St Heliers",10,82.7,180,262.7,770.0,52.7,272.24,1042.24,2
Wed_00241,Wednesday,"Four Square Cockle Bay,Four Square St Heliers,New World Metro Queen St",8,118.7,144,262.7,770.0,52.7,272.27,1042.27,3
Wed_00242,Wednesday,"New World Birkenhead,Four Square Lancaster",10,82.8,180,262.8,770.0,52.8,272.55,1042.55,2
Wed_00243,Wednesday,"Four Square Ellerslie,New World Southmall",10,83.0,180,263.0,770.0,53.0,273.98,1043.98,2
Wed_00244,Wednesday,"Four Square Pakuranga Heights,New World Ormiston",10,83.5,180,263.5,770.0,53.5,276.42,1046.42,2
Wed_00245,Wednesday,"Four Square Cockle Bay,Four Square St Heliers,Four Square Ellerslie",8,119.6,144,263.6,770.0,53.6,276.75,1046.75,3
Wed_00246,Wednesday,"New World Metro Shore City,Four Square Ellerslie,Four Square Onehunga",10,83.7,180,263.7,770.0,53.7,277.21,1047.21,3
Wed_00247,Wednesday,"Four Square Ellerslie,Four Square Remuera,Four Square St Heliers",10,84.0,180,264.0,770.0,54.0,279.08,1049.08,3
Wed_00248,Wednesday,"Four Square Onehunga,New World Metro Queen St,Four Square Glen Eden",10,84.1,180,264.1,770.0,54.1,279.68,1049.68,3
Wed_00249,Wednesday,"Four Square Onehunga,New World Eastridge",11,66.2,198,264.2,770.0,54.2,280.17,1050.17,2
Wed_00250,Wednesday,"Four Square Cockle Bay,Four Square Ellerslie,Four Square Remuera",9,102.2,162,264.2,770.0,54.2,280.23,1050.23,3
Wed_00251,Wednesday,"Four Square Cockle Bay,Four Square Ellerslie,Four Square Eden Terrace",9,102.3,162,264.3,770.0,54.3,280.31,1050.31,3
Wed_00252,Wednesday,"New World Metro Queen St,Four Square Britomart,Four Square St Heliers",10,84.3,180,264.3,770.0,54.3,280.4,1050.4,3
Wed_00253,Wednesday,"Four Square Onehunga,New World Newmarket",12,48.6,216,264.6,770.0,54.6,282.34,1052.34,2
Wed_00254,Wednesday,"Four Square Onehunga,New World Metro Queen St,New World Metro Shore City",10,84.8,180,264.8,770.0,54.8,282.96,1052.96,3
Wed_00255,Wednesday,"Four Square Onehunga,Four Square Pakuranga Heights,New World Metro Queen St",10,84.8,180,264.8,770.0,54.8,283.32,1053.32,3
Wed_00256,Wednesday,"Four Square Pakuranga Heights,New World Metro Queen St,Four Square Britomart",10,85.0,180,265.0,770.0,55.0,284.06,1054.06,3
Wed_00257,Wednesday,"Four Square Ellerslie,New World Stonefields",11,67.0,198,265.0,770.0,55.0,284.07,1054.07,2
Wed_00258,Wednesday,"Four Square Cockle Bay,New World Papakura",8,121.2,144,265.2,770.0,55.2,285.14,1055.14,2
Wed_00259,Wednesday,"New World Newmarket,Four Square Eden Terrace",12,49.2,216,265.2,770.0,55.2,285.21,1055.21,2
Wed_00260,Wednesday,"Four Square Pakuranga Heights,Four Square Torbay",7,139.3,126,265.3,770.0,55.3,285.88,1055.88,2
Wed_00261,Wednesday,"New World Hobsonville,New World Metro Queen St",10,85.6,180,265.6,770.0,55.6,287.22,1057.22,2
Wed_00262,Wednesday,"Four Square Cockle Bay,New World Southmall",9,103.8,162,265.8,770.0,55.8,288.28,1058.28,2
Wed_00263,Wednesday,"Four Square Pakuranga Heights,New World Metro Queen St,Four Square Eden Terrace",10,85.9,180,265.9,770.0,55.9,288.97,1058.97,3
Wed_00264,Wednesday,"Four Square Eden Terrace,Four Square Ellerslie,Four Square St Heliers",10,86.0,180,266.0,770.0,56.0,289.11,1059.11,3
Wed_00265,Wednesday,"Four Square Lancaster,Four Square Torbay",8,122.0,144,266.0,770.0,56.0,289.14,1059.14,2
Wed_00266,Wednesday,"New World Victoria Park,Four Square Lancaster",10,86.1,180,266.1,770.0,56.1,289.65,1059.65,2
Wed_00267,Wednesday,"Four Square Torbay,Four Square Remuera",8,122.1,144,266.1,770.0,56.1,289.93,1059.93,2
Wed_00268,Wednesday,"Four Square St Heliers,New World Point Chevalier",10,86.5,180,266.5,770.0,56.5,291.8,1061.8,2
Wed_00269,Wednesday,"Four Square Ellerslie,Four Square Cockle Bay,Four Square Botany Junction",9,104.6,162,266.6,770.0,56.6,292.28,1062.28,3
Wed_00270,Wednesday,"Four Square Cockle Bay,Four Square Pakuranga Heights,Four Square Remuera",9,104.7,162,266.7,770.0,56.7,293.04,1063.04,3
Wed_00271,Wednesday,"Four Square Remuera,Four Square St Heliers,New World Metro Queen St",10,87.0,180,267.0,770.0,57.0,294.75,1064.75,3
Wed_00272,Wednesday,"Four Square Onehunga,Four Square Cockle Bay,New World Metro Queen St",9,105.2,162,267.2,770.0,57.2,295.65,1065.65,3
Wed_00273,Wednesday,"Four Square Eden Terrace,New World Metro Queen St,Four Square St Heliers",10,87.2,180,267.2,770.0,57.2,295.73,1065.73,3
Wed_00274,Wednesday,"Four Square Onehunga,New World Remuera",12,51.3,216,267.3,770.0,57.3,296.27,1066.27,2
Wed_00275,Wednesday,"Four Square Glen Eden,Four Square Fair Price Henderson,Four Square Hobsonville",10,87.3,180,267.3,770.0,57.3,296.27,1066.27,3
Wed_00276,Wednesday,"Four Square Cockle Bay,New World Metro Queen St,Four Square Britomart",9,105.4,162,267.4,770.0,57.4,296.39,1066.39,3
Wed_00277,Wednesday,"Four Square Ellerslie,Four Square St Heliers,Four Square Britomart",10,87.6,180,267.6,770.0,57.6,297.51,1067.51,3
Wed_00278,Wednesday,"Four Square Cockle Bay,Four Square Torbay",6,159.7,108,267.7,770.0,57.7,298.21,1068.21,2
Wed_00279,Wednesday,"Four Square Hobsonville,Four Square Ellerslie,New World Metro Queen St",9,105.9,162,267.9,770.0,57.9,299.37,1069.37,3
Wed_00280,Wednesday,"Four Square Britomart,New World Metro Queen St,Four Square Remuera",11,70.1,198,268.1,770.0,58.1,300.42,1070.42,3
Wed_00281,Wednesday,"Four Square Lancaster,Four Square Botany Junction",8,124.3,144,268.3,770.0,58.3,300.99,1070.99,2
Wed_00282,Wednesday,"Four Square Pakuranga Heights,New World Eastridge",10,88.3,180,268.3,770.0,58.3,301.01,1071.01,2
Wed_00283,Wednesday,"Four Square Hobsonville,Four Square Britomart,New World Metro Queen St",10,88.3,180,268.3,770.0,58.3,301.03,1071.03,3
Wed_00284,Wednesday,"Four Square Cockle Bay,New World Metro Queen St,Four Square Eden Terrace",9,106.3,162,268.3,770.0,58.3,301.3,1071.3,3
Wed_00285,Wednesday,"Four Square Cockle Bay,Four Square Pakuranga Heights,Four Square Glen Eden",8,124.4,144,268.4,770.0,58.4,301.48,1071.48,3
Wed_00286,Wednesday,"Four Square Ellerslie,New World Ormiston",10,88.4,180,268.4,770.0,58.4,301.69,1071.69,2
Wed_00287,Wednesday,"Four Square Glen Eden,Four Square Hobsonville,New World Metro Queen St",9,106.5,162,268.5,770.0,58.5,302.3,1072.3,3
Wed_00288,Wednesday,"Four Square Pakuranga Heights,New World Birkenhead",9,106.9,162,268.9,770.0,58.9,304.1,1074.1,2
Wed_00289,Wednesday,"Four Square Hobsonville,Four Square Ellerslie,Four Square Onehunga",10,89.1,180,269.1,770.0,59.1,305.6,1075.6,3
Wed_00290,Wednesday,"New World Metro Shore City,New World Metro Queen St,Four Square Glen Eden",9,107.2,162,269.2,770.0,59.2,305.66,1075.66,3
Wed_00291,Wednesday,"Four Square Cockle Bay,Four Square Pakuranga Heights,Four Square Britomart",9,107.3,162,269.3,770.0,59.3,306.47,1076.47,3
Wed_00292,Wednesday,Pak 'n Save Wairau Road,11,71.3,198,269.3,770.0,59.3,306.64,1076.64,1
Wed_00293,Wednesday,"Four Square Remuera,New World Metro Queen St,Four Square Eden Terrace",11,71.4,198,269.4,770.0,59.4,306.78,1076.78,3
Wed_00294,Wednesday,"Four Square Pakuranga Heights,New World Papakura",9,107.5,162,269.5,770.0,59.5,307.41,1077.41,2
Wed_00295,Wednesday,"Four Square Hobsonville,Four Square Eden Terrace,New World Metro Queen St",10,89.7,180,269.7,770.0,59.7,308.37,1078.37,3
Wed_00296,Wednesday,"Four Square Pakuranga Heights,Four Square Ellerslie,Four Square Glen Eden",9,108.0,162,270.0,770.0,60.0,309.84,1079.84,3
Wed_00297,Wednesday,"Four Square Ellerslie,Four Square Remuera,Four Square Glen Eden",10,90.0,180,270.0,770.0,60.0,310.0,1080.0,3
Wed_00298,Wednesday,"Four Square Ellerslie,Four Square Eden Terrace,Four Square Glen Eden",10,90.0,180,270.0,770.0,60.0,310.08,1080.08,3
Wed_00299,Wednesday,"Four Square Remuera,New World Eastridge",11,72.1,198,270.1,770.0,60.1,310.47,1080.47,2
Wed_00300,Wednesday,"Four Square Pakuranga Heights,New World Southmall",10,90.1,180,270.1,770.0,60.1,310.55,1080.55,2
Wed_00301,Wednesday,"Four Square Glen Eden,Four Square Fair Price Henderson,New World Metro Queen St",10,90.5,180,270.5,770.0,60.5,312.35,1082.35,3
Wed_00302,Wednesday,"Four Square Cockle Bay,New World Eastridge",9,108.5,162,270.5,770.0,60.5,312.56,1082.56,2
Wed_00303,Wednesday,"Four Square Britomart,Four Square Ellerslie,Four Square Remuera",11,72.5,198,270.5,770.0,60.5,312.69,1082.69,3
Wed_00304,Wednesday,"Four Square Britomart,Four Square Ellerslie,Four Square Eden Terrace",11,72.5,198,270.5,770.0,60.5,312.77,1082.77,3
Wed_00305,Wednesday,"New World Ormiston,Four Square Botany Junction",11,72.8,198,270.8,770.0,60.8,314.13,1084.13,2
Wed_00306,Wednesday,"Four Square Pakuranga Heights,Four Square Ellerslie,Four Square Britomart",10,90.9,180,270.9,770.0,60.9,314.83,1084.83,3
Wed_00307,Wednesday,"Four Square Cockle Bay,New World Botany",10,91.1,180,271.1,770.0,61.1,315.88,1085.88,2
Wed_00308,Wednesday,"Four Square Cockle Bay,New World Birkenhead",8,127.2,144,271.2,770.0,61.2,316.43,1086.43,2
Wed_00309,Wednesday,"New World Birkenhead,Four Square Remuera",10,91.3,180,271.3,770.0,61.3,316.51,1086.51,2
Wed_00310,Wednesday,"Four Square Torbay,Four Square St Heliers",7,145.3,126,271.3,770.0,61.3,316.54,1086.54,2
Wed_00311,Wednesday,"Four Square Eden Terrace,New World Eastridge",11,73.8,198,271.8,770.0,61.8,319.26,1089.26,2
Wed_00312,Wednesday,Pak 'n Save Henderson,12,55.9,216,271.9,770.0,61.9,319.57,1089.57,1
Wed_00313,Wednesday,"Four Square Britomart,New World Eastridge",11,74.0,198,272.0,770.0,62.0,320.16,1090.16,2
Wed_00314,Wednesday,"New World Hobsonville,New World Metro Shore City",10,92.2,180,272.2,770.0,62.2,321.56,1091.56,2
Wed_00315,Wednesday,"Four Square Ellerslie,Four Square Pakuranga Heights,Four Square Botany Junction",10,92.3,180,272.3,770.0,62.3,321.78,1091.78,3
Wed_00316,Wednesday,"Four Square Pakuranga Heights,Four Square Remuera,New World Metro Queen St",10,92.3,180,272.3,770.0,62.3,321.84,1091.84,3
Wed_00317,Wednesday,"Four Square Cockle Bay,Four Square Ellerslie,Four Square Glen Eden",8,128.4,144,272.4,770.0,62.4,322.17,1092.17,3
Wed_00318,Wednesday,"Four Square Cockle Bay,New World Howick",10,92.6,180,272.6,770.0,62.6,323.18,1093.18,2
Wed_00319,Wednesday,"Four Square Pakuranga Heights,Four Square St Heliers,Four Square Onehunga",10,92.6,180,272.6,770.0,62.6,323.27,1093.27,3
Wed_00320,Wednesday,"Four Square Cockle Bay,Four Square Pakuranga Heights,New World Metro Shore City",8,128.6,144,272.6,770.0,62.6,323.49,1093.49,3
Wed_00321,Wednesday,"Four Square Fair Price Henderson,New World Hobsonville",11,74.8,198,272.8,770.0,62.8,324.49,1094.49,2
Wed_00322,Wednesday,"Four Square Onehunga,Four Square Remuera,Four Square Eden Terrace",12,56.8,216,272.8,770.0,62.8,324.51,1094.51,3
Wed_00323,Wednesday,"Four Square Ellerslie,Four Square St Heliers,Four Square Glen Eden",9,111.1,162,273.1,770.0,63.1,326.24,1096.24,3
Wed_00324,Wednesday,"New World Metro Shore City,Four Square Ellerslie,Four Square Remuera",10,93.2,180,273.2,770.0,63.2,326.62,1096.62,3
Wed_00325,Wednesday,"New World Metro Shore City,Four Square Ellerslie,Four Square Eden Terrace",10,93.2,180,273.2,770.0,63.2,326.7,1096.7,3
Wed_00326,Wednesday,"Four Square Cockle Bay,Four Square Ellerslie,Four Square Britomart",9,111.3,162,273.3,770.0,63.3,327.16,1097.16,3
Wed_00327,Wednesday,"New World Remuera,Four Square Eden Terrace",12,57.5,216,273.5,770.0,63.5,327.88,1097.88,2
Wed_00328,Wednesday,"New World Metro Queen St,Four Square Cockle Bay,Four Square Botany Junction",9,111.6,162,273.6,770.0,63.6,328.81,1098.81,3
Wed_00329,Wednesday,"Four Square Onehunga,New World Metro Queen St,Four Square Hobsonville",10,93.7,180,273.7,770.0,63.7,328.96,1098.96,3
Wed_00330,Wednesday,"Four Square Onehunga,Four Square Cockle Bay,Four Square Botany Junction",10,93.7,180,273.7,770.0,63.7,329.28,1099.28,3
Wed_00331,Wednesday,"Four Square Britomart,New World Newmarket",12,57.8,216,273.8,770.0,63.8,329.74,1099.74,2
Wed_00332,Wednesday,"Four Square Pakuranga Heights,New World Metro Queen St,Four Square Glen Eden",9,111.9,162,273.9,770.0,63.9,330.29,1100.29,3
Wed_00333,Wednesday,"Four Square Glen Eden,Four Square Hobsonville,New World Metro Shore City",9,112.0,162,274.0,770.0,64.0,330.48,1100.48,3
Wed_00334,Wednesday,"Four Square Hobsonville,New World Metro Shore City,Four Square Ellerslie",9,112.1,162,274.1,770.0,64.1,331.36,1101.36,3
Wed_00335,Wednesday,"Four Square Pakuranga Heights,Four Square Ellerslie,New World Metro Shore City",9,112.2,162,274.2,770.0,64.2,331.84,1101.84,3
Wed_00336,Wednesday,"New World Stonefields,New World Metro Queen St",11,76.4,198,274.4,770.0,64.4,332.53,1102.53,2
Wed_00337,Wednesday,"New World Remuera,Four Square Remuera",12,58.5,216,274.5,770.0,64.5,333.24,1103.24,2
Wed_00338,Wednesday,"New World Metro Queen St,Four Square Ellerslie,Four Square Botany Junction",10,94.5,180,274.5,770.0,64.5,333.36,1103.36,3
Wed_00339,Wednesday,"Four Square Pakuranga Heights,New World Metro Queen St,New World Metro Shore City",9,112.6,162,274.6,770.0,64.6,333.57,1103.57,3
Wed_00340,Wednesday,"Four Square Cockle Bay,Four Square Remuera,New World Metro Queen St",9,112.7,162,274.7,770.0,64.7,334.17,1104.17,3
Wed_00341,Wednesday,"Four Square Cockle Bay,Four Square St Heliers,Four Square Onehunga",9,112.8,162,274.8,770.0,64.8,334.82,1104.82,3
Wed_00342,Wednesday,"Four Square Onehunga,Four Square Eden Terrace,Four Square Glen Eden",11,76.9,198,274.9,770.0,64.9,335.39,1105.39,3
Wed_00343,Wednesday,"Four Square Onehunga,Four Square Remuera,Four Square St Heliers",11,76.9,198,274.9,770.0,64.9,335.44,1105.44,3
Wed_00344,Wednesday,"Four Square Pakuranga Heights,New World Newmarket",11,77.2,198,275.2,770.0,65.2,336.8,1106.8,2
Wed_00345,Wednesday,"New World Metro Queen St,Four Square St Heliers,Four Square Glen Eden",9,113.3,162,275.3,770.0,65.3,337.19,1107.19,3
Wed_00346,Wednesday,"New World Metro Shore City,New World Metro Queen St,Four Square St Heliers",9,113.4,162,275.4,770.0,65.4,338.02,1108.02,3
Wed_00347,Wednesday,"Four Square Onehunga,Four Square Pakuranga Heights,Four Square Eden Terrace",11,77.6,198,275.6,770.0,65.6,339.03,1109.03,3
Wed_00348,Wednesday,"Four Square Pakuranga Heights,Four Square St Heliers,Four Square Remuera",10,95.9,180,275.9,770.0,65.9,340.65,1110.65,3
Wed_00349,Wednesday,"Four Square Onehunga,Four Square Ellerslie,Four Square Botany Junction",11,78.2,198,276.2,770.0,66.2,342.01,1112.01,3
Wed_00350,Wednesday,"Four Square Cockle Bay,New World Metro Queen St,Four Square Glen Eden",8,132.3,144,276.3,770.0,66.3,342.62,1112.62,3
Wed_00351,Wednesday,"New World Metro Shore City,Four Square Ellerslie,Four Square St Heliers",9,114.4,162,276.4,770.0,66.4,342.85,1112.85,3
Wed_00352,Wednesday,"New World Birkenhead,Four Square St Heliers",9,114.4,162,276.4,770.0,66.4,343.11,1113.11,2
Wed_00353,Wednesday,"New World Metro Shore City,New World Milford",11,78.5,198,276.5,770.0,66.5,343.5,1113.5,2
Wed_00354,Wednesday,"New World Newmarket,Four Square Remuera",12,60.5,216,276.5,770.0,66.5,343.56,1113.56,2
Wed_00355,Wednesday,"New World Metro Shore City,New World Newmarket",11,78.5,198,276.5,770.0,66.5,343.67,1113.67,2
Wed_00356,Wednesday,"Four Square Cockle Bay,Four Square Ellerslie,New World Metro Shore City",8,132.6,144,276.6,770.0,66.6,344.17,1114.17,3
Wed_00357,Wednesday,"Four Square Onehunga,New World Stonefields",12,60.7,216,276.7,770.0,66.7,344.69,1114.69,2
Wed_00358,Wednesday,"New World Southmall,Four Square Botany Junction",11,78.7,198,276.7,770.0,66.7,344.71,1114.71,2
Wed_00359,Wednesday,"Four Square Cockle Bay,New World Metro Queen St,New World Metro Shore City",8,132.9,144,276.9,770.0,66.9,345.9,1115.9,3
Wed_00360,Wednesday,"Four Square Onehunga,Four Square Britomart,Four Square Eden Terrace",12,61.1,216,277.1,770.0,67.1,346.55,1116.55,3
Wed_00361,Wednesday,"Four Square Pakuranga Heights,Four Square Remuera,Four Square Onehunga",11,79.3,198,277.3,770.0,67.3,347.93,1117.93,3
Wed_00362,Wednesday,"Four Square Remuera,New World Metro Queen St,Four Square Glen Eden",10,97.4,180,277.4,770.0,67.4,348.1,1118.1,3
Wed_00363,Wednesday,"Four Square Cockle Bay,New World Newmarket",10,97.6,180,277.6,770.0,67.6,349.13,1119.13,2
Wed_00364,Wednesday,"Four Square Pakuranga Heights,New World Botany",11,79.6,198,277.6,770.0,67.6,349.28,1119.28,2
Wed_00365,Wednesday,"Four Square Glen Eden,Four Square Hobsonville,Four Square Ellerslie",9,115.6,162,277.6,770.0,67.6,349.4,1119.4,3
Wed_00366,Wednesday,"New World Metro Shore City,New World Metro Queen St,Four Square Remuera",10,97.8,180,277.8,770.0,67.8,350.06,1120.06,3
Wed_00367,Wednesday,"Four Square Cockle Bay,Four Square Pakuranga Heights,Four Square Hobsonville",8,133.9,144,277.9,770.0,67.9,350.77,1120.77,3
Wed_00368,Wednesday,"Four Square Botany Junction,New World Papakura",10,98.0,180,278.0,770.0,68.0,351.12,1121.12,2
Wed_00369,Wednesday,"Four Square Onehunga,Four Square Cockle Bay,Four Square Eden Terrace",10,98.0,180,278.0,770.0,68.0,351.36,1121.36,3
Wed_00370,Wednesday,"Four Square Pakuranga Heights,Four Square St Heliers,Four Square Britomart",10,98.1,180,278.1,770.0,68.1,351.97,1121.97,3
Wed_00371,Wednesday,"Four Square Cockle Bay,Four Square St Heliers,Four Square Remuera",9,116.2,162,278.2,770.0,68.2,352.2,1122.2,3
Wed_00372,Wednesday,"Four Square Pakuranga Heights,New World Stonefields",11,80.2,198,278.2,770.0,68.2,352.21,1122.21,2
Wed_00373,Wednesday,"Four Square Fair Price Henderson,Four Square Ellerslie,New World Metro Queen St",10,98.3,180,278.3,770.0,68.3,352.73,1122.73,3
Wed_00374,Wednesday,"Four Square Glen Eden,Four Square Hobsonville,Four Square Onehunga",10,98.4,180,278.4,770.0,68.4,353.27,1123.27,3
Wed_00375,Wednesday,"Four Square Glen Eden,Four Square Hobsonville,Four Square Eden Terrace",10,98.5,180,278.5,770.0,68.5,353.89,1123.89,3
Wed_00376,Wednesday,"New World Newmarket,Four Square St Heliers",11,80.5,198,278.5,770.0,68.5,354.05,1124.05,2
Wed_00377,Wednesday,"Four Square Fair Price Henderson,Four Square Britomart,New World Metro Queen St",11,80.6,198,278.6,770.0,68.6,354.38,1124.38,3
Wed_00378,Wednesday,"New World Metro Shore City,Four Square Britomart,Four Square Ellerslie",10,98.6,180,278.6,770.0,68.6,354.57,1124.57,3
Wed_00379,Wednesday,"Four Square Britomart,Four Square Ellerslie,Four Square Glen Eden",10,98.6,180,278.6,770.0,68.6,354.62,1124.62,3
Wed_00380,Wednesday,"Four Square Hobsonville,Four Square Ellerslie,Four Square Remuera",10,98.7,180,278.7,770.0,68.7,355.01,1125.01,3
Wed_00381,Wednesday,"Four Square Hobsonville,Four Square Ellerslie,Four Square Eden Terrace",10,98.7,180,278.7,770.0,68.7,355.09,1125.09,3
Wed_00382,Wednesday,"Four Square Pakuranga Heights,New World Remuera",11,80.8,198,278.8,770.0,68.8,355.64,1125.64,2
Wed_00383,Wednesday,"Four Square Pakuranga Heights,Four Square St Heliers,Four Square Eden Terrace",10,98.8,180,278.8,770.0,68.8,355.69,1125.69,3
Wed_00384,Wednesday,"Four Square Fair Price Henderson,Four Square Hobsonville,New World Metro Queen St",10,99.3,180,279.3,770.0,69.3,358.03,1128.03,3
Wed_00385,Wednesday,"Four Square Onehunga,Four Square St Heliers,Four Square Britomart",11,81.3,198,279.3,770.0,69.3,358.13,1128.13,3
Wed_00386,Wednesday,"New World Metro Queen St,Four Square Pakuranga Heights,Four Square Botany Junction",10,99.3,180,279.3,770.0,69.3,358.3,1128.3,3
Wed_00387,Wednesday,"Four Square Onehunga,Four Square Pakuranga Heights,Four Square Botany Junction",11,81.4,198,279.4,770.0,69.4,358.77,1128.77,3
Wed_00388,Wednesday,"Four Square Fair Price Henderson,Four Square Ellerslie,Four Square Onehunga",11,81.5,198,279.5,770.0,69.5,358.96,1128.96,3
Wed_00389,Wednesday,"Four Square Pakuranga Heights,Four Square Ellerslie,Four Square Hobsonville",9,117.5,162,279.5,770.0,69.5,359.12,1129.12,3
Wed_00390,Wednesday,"Four Square Onehunga,Four Square Fair Price Henderson,Four Square Glen Eden",11,81.5,198,279.5,770.0,69.5,359.25,1129.25,3
Wed_00391,Wednesday,"New World Remuera,Four Square St Heliers",11,81.5,198,279.5,770.0,69.5,359.31,1129.31,2
Wed_00392,Wednesday,"Four Square Glen Eden,Four Square Fair Price Henderson,Four Square Ellerslie",10,99.6,180,279.6,770.0,69.6,359.46,1129.46,3
Wed_00393,Wednesday,"Four Square Cockle Bay,Four Square Remuera,Four Square Onehunga",10,99.7,180,279.7,770.0,69.7,360.27,1130.27,3
Wed_00394,Wednesday,"Four Square Fair Price Henderson,Four Square Eden Terrace,New World Metro Queen St",11,82.0,198,280.0,770.0,70.0,361.72,1131.72,3
Wed_00395,Wednesday,"Four Square Onehunga,Four Square St Heliers,Four Square Eden Terrace",11,82.0,198,280.0,770.0,70.0,361.85,1131.85,3
Wed_00396,Wednesday,"Four Square Cockle Bay,Four Square St Heliers,Four Square Britomart",9,118.4,162,280.4,770.0,70.4,363.52,1133.52,3
Wed_00397,Wednesday,"Four Square Cockle Bay,New World Stonefields",10,100.4,180,280.4,770.0,70.4,363.76,1133.76,2
Wed_00398,Wednesday,"Four Square Glen Eden,Four Square Fair Price Henderson,Four Square Eden Terrace",11,82.4,198,280.4,770.0,70.4,363.95,1133.95,3
Wed_00399,Wednesday,"Four Square Onehunga,Four Square Remuera,Four Square Glen Eden",11,82.9,198,280.9,770.0,70.9,366.36,1136.36,3
Wed_00400,Wednesday,"Four Square Hobsonville,New World Metro Shore City,Four Square Britomart",10,101.0,180,281.0,770.0,71.0,366.7,1136.7,3
Wed_00401,Wednesday,"New World Browns Bay,Four Square Hobsonville",10,101.0,180,281.0,770.0,71.0,366.81,1136.81,2
Wed_00402,Wednesday,"New World Browns Bay,New World Metro Queen St",10,101.1,180,281.1,770.0,71.1,367.19,1137.19,2
Wed_00403,Wednesday,"Four Square Cockle Bay,Four Square St Heliers,Four Square Eden Terrace",9,119.1,162,281.1,770.0,71.1,367.24,1137.24,3
Wed_00404,Wednesday,"Four Square Hobsonville,New World Metro Shore City,Four Square Eden Terrace",10,101.1,180,281.1,770.0,71.1,367.54,1137.54,3
Wed_00405,Wednesday,"Four Square Cockle Bay,New World Remuera",10,101.2,180,281.2,770.0,71.2,367.97,1137.97,2
Wed_00406,Wednesday,"New World Metro Shore City,Four Square Britomart,Four Square Eden Terrace",11,83.3,198,281.3,770.0,71.3,368.22,1138.22,3
Wed_00407,Wednesday,"Four Square Britomart,Four Square Eden Terrace,Four Square Glen Eden",11,83.3,198,281.3,770.0,71.3,368.27,1138.27,3
Wed_00408,Wednesday,"New World Metro Shore City,Four Square Ellerslie,Four Square Glen Eden",9,119.3,162,281.3,770.0,71.3,368.55,1138.55,3
Wed_00409,Wednesday,"Four Square Lancaster,New World Metro Shore City,New World Metro Queen St",10,101.3,180,281.3,770.0,71.3,368.55,1138.55,3
Wed_00410,Wednesday,"New World Stonefields,Four Square St Heliers",11,83.4,198,281.4,770.0,71.4,368.98,1138.98,2
Wed_00411,Wednesday,"Four Square Onehunga,New World Metro Shore City,Four Square Hobsonville",10,101.5,180,281.5,770.0,71.5,369.35,1139.35,3
Wed_00412,Wednesday,Pak 'n Save Sylvia Park,12,65.5,216,281.5,770.0,71.5,369.38,1139.38,1
Wed_00413,Wednesday,"Four Square Hobsonville,Four Square Ellerslie,Four Square St Heliers",9,119.9,162,281.9,770.0,71.9,371.24,1141.24,3
Wed_00414,Wednesday,"Four Square Onehunga,Four Square Remuera,Four Square Britomart",12,65.9,216,281.9,770.0,71.9,371.35,1141.35,3
Wed_00415,Wednesday,"Four Square Cockle Bay,Four Square Ellerslie,Four Square Hobsonville",8,137.9,144,281.9,770.0,71.9,371.45,1141.45,3
Wed_00416,Wednesday,"New World Milford,New World Metro Queen St",11,84.0,198,282.0,770.0,72.0,371.86,1141.86,2
Wed_00417,Wednesday,"Four Square Britomart,New World Remuera",12,66.1,216,282.1,770.0,72.1,372.41,1142.41,2
Wed_00418,Wednesday,"New World Metro Shore City,New World Eastridge",10,102.2,180,282.2,770.0,72.2,373.01,1143.01,2
Wed_00419,Wednesday,"Four Square Pakuranga Heights,Four Square Onehunga,Four Square Glen Eden",10,102.3,180,282.3,770.0,72.3,373.39,1143.39,3
Wed_00420,Wednesday,"Four Square Pakuranga Heights,Four Square Remuera,Four Square Eden Terrace",11,85.1,198,283.1,770.0,73.1,377.55,1147.55,3
Wed_00421,Wednesday,"Four Square Eden Terrace,Four Square Remuera,Four Square St Heliers",11,85.1,198,283.1,770.0,73.1,377.61,1147.61,3
Wed_00422,Wednesday,"Four Square Pakuranga Heights,New World Metro Queen St,Four Square Hobsonville",9,121.5,162,283.5,770.0,73.5,379.58,1149.58,3
Wed_00423,Wednesday,"Four Square Botany Junction,Four Square Cockle Bay,Four Square St Heliers",9,121.7,162,283.7,770.0,73.7,380.64,1150.64,3
Wed_00424,Wednesday,"Four Square Pakuranga Heights,Four Square St Heliers,Four Square Glen Eden",9,121.7,162,283.7,770.0,73.7,380.7,1150.7,3
Wed_00425,Wednesday,"New World Browns Bay,New World Metro Shore City",10,103.8,180,283.8,770.0,73.8,381.31,1151.31,2
Wed_00426,Wednesday,"Four Square Onehunga,Four Square Britomart,New World Metro Shore City",11,86.0,198,284.0,770.0,74.0,382.13,1152.13,3
Wed_00427,Wednesday,"Four Square Hobsonville,New World Metro Queen St,Four Square St Heliers",9,122.0,162,284.0,770.0,74.0,382.19,1152.19,3
Wed_00428,Wednesday,"Four Square Onehunga,Four Square Britomart,Four Square Glen Eden",11,86.0,198,284.0,770.0,74.0,382.23,1152.23,3
Wed_00429,Wednesday,"Four Square Onehunga,New World Metro Queen St,Four Square Fair Price Henderson",11,86.0,198,284.0,770.0,74.0,382.32,1152.32,3
Wed_00430,Wednesday,"New World Stonefields,Four Square Remuera",12,68.0,216,284.0,770.0,74.0,382.52,1152.52,2
Wed_00431,Wednesday,"Pak 'n Save Lincoln Road,Four Square Hobsonville",12,68.3,216,284.3,770.0,74.3,384.13,1154.13,2
Wed_00432,Wednesday,"Four Square Onehunga,Four Square Eden Terrace,Four Square Hobsonville",11,86.5,198,284.5,770.0,74.5,384.67,1154.67,3
Wed_00433,Wednesday,"New World Papakura,Four Square Remuera",10,104.6,180,284.6,770.0,74.6,385.42,1155.42,2
Wed_00434,Wednesday,"New World Papakura,Four Square St Heliers",9,122.6,162,284.6,770.0,74.6,385.45,1155.45,2
Wed_00435,Wednesday,"Four Square Britomart,Four Square St Heliers,Four Square Remuera",11,86.7,198,284.7,770.0,74.7,385.7,1155.7,3
Wed_00436,Wednesday,"Four Square Cockle Bay,Four Square Onehunga,Four Square Glen Eden",9,122.7,162,284.7,770.0,74.7,385.72,1155.72,3
Wed_00437,Wednesday,"Four Square Onehunga,Four Square Pakuranga Heights,Four Square Britomart",11,86.7,198,284.7,770.0,74.7,385.87,1155.87,3
Wed_00438,Wednesday,"Four Square Pakuranga Heights,Four Square Eden Terrace,Four Square Glen Eden",10,104.7,180,284.7,770.0,74.7,386.0,1156.0,3
Wed_00439,Wednesday,"Four Square Fair Price Henderson,Four Square Hobsonville,New World Metro Shore City",10,104.8,180,284.8,770.0,74.8,386.22,1156.22,3
Wed_00440,Wednesday,"New World Metro Shore City,New World Remuera",11,86.8,198,284.8,770.0,74.8,386.34,1156.34,2
Wed_00441,Wednesday,"Four Square Botany Junction,Four Square Cockle Bay,Four Square Eden Terrace",10,104.8,180,284.8,770.0,74.8,386.72,1156.72,3
Wed_00442,Wednesday,"Four Square Onehunga,Four Square St Heliers,Four Square Glen Eden",10,104.9,180,284.9,770.0,74.9,386.86,1156.86,3
Wed_00443,Wednesday,"New World Metro Queen St,Four Square Lancaster,Four Square Hobsonville",10,104.9,180,284.9,770.0,74.9,387.24,1157.24,3
Wed_00444,Wednesday,"New World Stonefields,Four Square Eden Terrace",12,69.1,216,285.1,770.0,75.1,388.24,1158.24,2
Wed_00445,Wednesday,"Four Square Onehunga,Four Square Remuera,New World Metro Shore City",11,87.2,198,285.2,770.0,75.2,388.37,1158.37,3
Wed_00446,Wednesday,"New World Southmall,Four Square Remuera",11,87.2,198,285.2,770.0,75.2,388.56,1158.56,2
Wed_00447,Wednesday,"New World Southmall,Four Square St Heliers",10,105.2,180,285.2,770.0,75.2,388.59,1158.59,2
Wed_00448,Wednesday,"Four Square Onehunga,New World Metro Shore City,Four Square Eden Terrace",11,87.2,198,285.2,770.0,75.2,388.77,1158.77,3
Wed_00449,Wednesday,"Four Square Cockle Bay,Four Square Remuera,Four Square Eden Terrace",10,105.5,180,285.5,770.0,75.5,389.89,1159.89,3
Wed_00450,Wednesday,"Four Square Cockle Bay,New World Metro Queen St,Four Square Hobsonville",8,141.9,144,285.9,770.0,75.9,391.91,1161.91,3
Wed_00451,Wednesday,"Four Square Cockle Bay,Four Square St Heliers,Four Square Glen Eden",8,141.9,144,285.9,770.0,75.9,392.26,1162.26,3
Wed_00452,Wednesday,"Four Square Eden Terrace,Four Square Britomart,Four Square St Heliers",11,88.0,198,286.0,770.0,76.0,392.5,1162.5,3
Wed_00453,Wednesday,"Four Square Eden Terrace,Four Square Ellerslie,Four Square Botany Junction",11,88.0,198,286.0,770.0,76.0,392.66,1162.66,3
Wed_00454,Wednesday,"Four Square Hobsonville,Four Square Remuera,New World Metro Queen St",10,106.1,180,286.1,770.0,76.1,393.1,1163.1,3
Wed_00455,Wednesday,"New World Howick,Four Square Pakuranga Heights",11,88.7,198,286.7,770.0,76.7,396.32,1166.32,2
Wed_00456,Wednesday,"Four Square Pakuranga Heights,Four Square Britomart,Four Square Eden Terrace",11,88.9,198,286.9,770.0,76.9,397.16,1167.16,3
Wed_00457,Wednesday,"Four Square Fair Price Henderson,New World Metro Shore City,New World Metro Queen St",10,106.9,180,286.9,770.0,76.9,397.24,1167.24,3
Wed_00458,Wednesday,"Four Square Torbay,New World Victoria Park",10,107.0,180,287.0,770.0,77.0,397.72,1167.72,2
Wed_00459,Wednesday,"Four Square Onehunga,Four Square Cockle Bay,Four Square Britomart",10,107.1,180,287.1,770.0,77.1,398.2,1168.2,3
Wed_00460,Wednesday,"Four Square Cockle Bay,Four Square Eden Terrace,Four Square Glen Eden",9,125.1,162,287.1,770.0,77.1,398.33,1168.33,3
Wed_00461,Wednesday,"Four Square Hobsonville,Four Square Britomart,Four Square Ellerslie",10,107.3,180,287.3,770.0,77.3,399.62,1169.62,3
Wed_00462,Wednesday,"Four Square Ellerslie,New World Botany",11,89.5,198,287.5,770.0,77.5,400.29,1170.29,2
Wed_00463,Wednesday,"Four Square Botany Junction,Four Square Ellerslie,Four Square Remuera",11,89.5,198,287.5,770.0,77.5,400.45,1170.45,3
Wed_00464,Wednesday,"Four Square Glen Eden,Four Square Hobsonville,Four Square Britomart",10,107.7,180,287.7,770.0,77.7,401.41,1171.41,3
Wed_00465,Wednesday,"Four Square Onehunga,Four Square Pakuranga Heights,New World Metro Shore City",10,108.0,180,288.0,770.0,78.0,402.89,1172.89,3
Wed_00466,Wednesday,"Four Square Remuera,Four Square Eden Terrace,Four Square Glen Eden",11,90.2,198,288.2,770.0,78.2,403.81,1173.81,3
Wed_00467,Wednesday,"Four Square Britomart,New World Metro Shore City,Four Square Glen Eden",10,108.2,180,288.2,770.0,78.2,403.84,1173.84,3
Wed_00468,Wednesday,"Four Square Onehunga,Four Square Fair Price Henderson,Four Square Hobsonville",11,90.2,198,288.2,770.0,78.2,403.86,1173.86,3
Wed_00469,Wednesday,"New World Papatoetoe,Four Square Ellerslie",12,72.2,216,288.2,770.0,78.2,404.03,1174.03,2
Wed_00470,Wednesday,"Four Square Cockle Bay,Four Square Pakuranga Heights,Four Square Fair Price Henderson",9,126.2,162,288.2,770.0,78.2,404.12,1174.12,3
Wed_00471,Wednesday,"Four Square Hobsonville,New World Milford",11,90.2,198,288.2,770.0,78.2,404.25,1174.25,2
Wed_00472,Wednesday,"New World Victoria Park,New World Metro Queen St,Four Square Ellerslie",12,72.3,216,288.3,770.0,78.3,404.53,1174.53,3
Wed_00473,Wednesday,"New World Metro Shore City,Four Square Eden Terrace,Four Square Glen Eden",10,108.3,180,288.3,770.0,78.3,404.74,1174.74,3
Wed_00474,Wednesday,"Four Square Fair Price Henderson,Four Square Hobsonville,Four Square Ellerslie",10,108.4,180,288.4,770.0,78.4,405.14,1175.14,3
Wed_00475,Wednesday,"Four Square Britomart,Four Square Remuera,Four Square Eden Terrace",12,72.7,216,288.7,770.0,78.7,406.49,1176.49,3
Wed_00476,Wednesday,"Four Square Britomart,New World Metro Queen St,New World Victoria Park",13,54.7,234,288.7,770.0,78.7,406.77,1176.77,3
Wed_00477,Wednesday,"Pak 'n Save Lincoln Road,Four Square Fair Price Henderson",13,54.8,234,288.8,770.0,78.8,407.01,1177.01,2
Wed_00478,Wednesday,"Four Square Fair Price Henderson,Four Square Ellerslie,Four Square Remuera",11,91.0,198,289.0,770.0,79.0,408.36,1178.36,3
Wed_00479,Wednesday,"Four Square Fair Price Henderson,Four Square Ellerslie,Four Square Eden Terrace",11,91.1,198,289.1,770.0,79.1,408.44,1178.44,3
Wed_00480,Wednesday,"Four Square Cockle Bay,Four Square Botany Junction,Four Square Glen Eden",9,127.2,162,289.2,770.0,79.2,409.34,1179.34,3
Wed_00481,Wednesday,"Four Square Cockle Bay,Four Square Britomart,Four Square Eden Terrace",10,109.3,180,289.3,770.0,79.3,409.49,1179.49,3
Wed_00482,Wednesday,"Four Square Fair Price Henderson,Four Square Hobsonville,Four Square Eden Terrace",11,91.3,198,289.3,770.0,79.3,409.63,1179.63,3
Wed_00483,Wednesday,"Four Square Lancaster,Four Square Britomart,New World Metro Queen St",11,91.4,198,289.4,770.0,79.4,410.16,1180.16,3
Wed_00484,Wednesday,"Four Square Lancaster,New World Metro Queen St,Four Square Ellerslie",10,109.5,180,289.5,770.0,79.5,410.53,1180.53,3
Wed_00485,Wednesday,"Four Square Remuera,Four Square Cockle Bay,Four Square Botany Junction",10,109.6,180,289.6,770.0,79.6,411.16,1181.16,3
Wed_00486,Wednesday,Pak 'n Save Ormiston,12,73.6,216,289.6,770.0,79.6,411.37,1181.37,1
Wed_00487,Wednesday,"Four Square Glen Eden,Four Square Fair Price Henderson,Four Square Britomart",11,91.6,198,289.6,770.0,79.6,411.47,1181.47,3
Wed_00488,Wednesday,"Four Square Hobsonville,Four Square Lancaster,New World Metro Shore City",10,109.6,180,289.6,770.0,79.6,411.52,1181.52,3
Wed_00489,Wednesday,"Four Square Botany Junction,Four Square Pakuranga Heights,Four Square St Heliers",10,109.8,180,289.8,770.0,79.8,412.11,1182.11,3
Wed_00490,Wednesday,"Four Square Pakuranga Heights,Four Square Ellerslie,Four Square Fair Price Henderson",10,109.8,180,289.8,770.0,79.8,412.48,1182.48,3
Wed_00491,Wednesday,"New World Victoria Park,New World Metro Queen St,Four Square Eden Terrace",13,55.8,234,289.8,770.0,79.8,412.53,1182.53,3
Wed_00492,Wednesday,"Four Square Hobsonville,Four Square Britomart,Four Square Eden Terrace",11,92.0,198,290.0,770.0,80.0,413.27,1183.27,3
Wed_00493,Wednesday,"Four Square Remuera,Four Square St Heliers,Four Square Glen Eden",10,110.3,180,290.3,770.0,80.3,414.74,1184.74,3
Wed_00494,Wednesday,"Four Square Onehunga,Four Square Cockle Bay,New World Metro Shore City",9,128.4,162,290.4,770.0,80.4,415.22,1185.22,3
Wed_00495,Wednesday,"Four Square Onehunga,Four Square Remuera,Four Square Hobsonville",11,92.4,198,290.4,770.0,80.4,415.65,1185.65,3
Wed_00496,Wednesday,"Four Square Glen Eden,Four Square Fair Price Henderson,New World Metro Shore City",10,110.5,180,290.5,770.0,80.5,415.95,1185.95,3
Wed_00497,Wednesday,"Four Square Botany Junction,New World Metro Queen St,Four Square Britomart",11,92.6,198,290.6,770.0,80.6,416.61,1186.61,3
Wed_00498,Wednesday,"Four Square Botany Junction,Four Square Ellerslie,Four Square St Heliers",10,110.6,180,290.6,770.0,80.6,416.68,1186.68,3
Wed_00499,Wednesday,"New World Howick,Four Square Ellerslie",11,92.7,198,290.7,770.0,80.7,417.01,1187.01,2
Wed_00500,Wednesday,"Four Square Botany Junction,Four Square Pakuranga Heights,Four Square Eden Terrace",11,92.8,198,290.8,770.0,80.8,417.41,1187.41,3
Wed_00501,Wednesday,"Four Square Lancaster,New World Metro Queen St,Four Square Eden Terrace",11,93.0,198,291.0,770.0,81.0,418.54,1188.54,3
Wed_00502,Wednesday,"Four Square Pakuranga Heights,Four Square Remuera,Four Square Glen Eden",10,111.2,180,291.2,770.0,81.2,419.41,1189.41,3
Wed_00503,Wednesday,"Four Square Pakuranga Heights,Four Square St Heliers,New World Metro Shore City",9,129.2,162,291.2,770.0,81.2,419.55,1189.55,3
Wed_00504,Wednesday,"Four Square Pakuranga Heights,New World Metro Shore City,Four Square Hobsonville",9,129.3,162,291.3,770.0,81.3,419.97,1189.97,3
Wed_00505,Wednesday,"New World Metro Shore City,Four Square Remuera,Four Square Eden Terrace",11,93.4,198,291.4,770.0,81.4,420.42,1190.42,3
Wed_00506,Wednesday,"Four Square Remuera,New World Ormiston",11,93.4,198,291.4,770.0,81.4,420.56,1190.56,2
Wed_00507,Wednesday,"Four Square Botany Junction,New World Metro Queen St,Four Square Eden Terrace",11,93.6,198,291.6,770.0,81.6,421.52,1191.52,3
Wed_00508,Wednesday,"New World Victoria Park,New World Birkenhead",12,75.7,216,291.7,770.0,81.7,422.26,1192.26,2
Wed_00509,Wednesday,"New World Ormiston,Four Square St Heliers",10,112.0,180,292.0,770.0,82.0,423.88,1193.88,2
Wed_00510,Wednesday,"Four Square Pakuranga Heights,Four Square Remuera,Four Square Britomart",11,94.1,198,292.1,770.0,82.1,424.4,1194.4,3
Wed_00511,Wednesday,"Four Square Fair Price Henderson,Four Square Ellerslie,Four Square St Heliers",10,112.2,180,292.2,770.0,82.2,424.6,1194.6,3
Wed_00512,Wednesday,"Four Square Cockle Bay,Four Square Ellerslie,Four Square Fair Price Henderson",9,130.2,162,292.2,770.0,82.2,424.81,1194.81,3
Wed_00513,Wednesday,"Four Square Hobsonville,New World Metro Shore City,Four Square Remuera",10,112.3,180,292.3,770.0,82.3,425.08,1195.08,3
Wed_00514,Wednesday,"New World Metro Shore City,Four Square Britomart,Four Square St Heliers",10,112.4,180,292.4,770.0,82.4,425.7,1195.7,3
Wed_00515,Wednesday,"Four Square Onehunga,Four Square St Heliers,New World Metro Shore City",10,112.4,180,292.4,770.0,82.4,425.71,1195.71,3
Wed_00516,Wednesday,"Four Square Britomart,Four Square St Heliers,Four Square Glen Eden",10,112.4,180,292.4,770.0,82.4,425.75,1195.75,3
Wed_00517,Wednesday,"Four Square Cockle Bay,New World Papatoetoe",11,94.5,198,292.5,770.0,82.5,426.43,1196.43,2
Wed_00518,Wednesday,"Four Square Britomart,Four Square Cockle Bay,Four Square Botany Junction",10,112.8,180,292.8,770.0,82.8,427.92,1197.92,3
Wed_00519,Wednesday,"New World Botany,New World Metro Queen St",11,95.1,198,293.1,770.0,83.1,429.21,1199.21,2
Wed_00520,Wednesday,"Four Square Pakuranga Heights,Four Square St Heliers,Four Square Hobsonville",9,131.2,162,293.2,770.0,83.2,429.99,1199.99,3
Wed_00521,Wednesday,"New World Browns Bay,Four Square Ellerslie",10,113.2,180,293.2,770.0,83.2,430.08,1200.08,2
Wed_00522,Wednesday,"Four Square Onehunga,Four Square Pakuranga Heights,Four Square Hobsonville",10,113.3,180,293.3,770.0,83.3,430.17,1200.17,3
Wed_00523,Wednesday,"Four Square Onehunga,New World Metro Queen St,New World Victoria Park",13,59.3,234,293.3,770.0,83.3,430.42,1200.42,3
Wed_00524,Wednesday,"Four Square Glen Eden,Four Square Ellerslie,Four Square Botany Junction",10,113.4,180,293.4,770.0,83.4,430.68,1200.68,3
Wed_00525,Wednesday,"Four Square Cockle Bay,Four Square St Heliers,New World Metro Shore City",8,149.4,144,293.4,770.0,83.4,431.1,1201.1,3
Wed_00526,Wednesday,"New World Metro Shore City,Four Square Remuera,Four Square St Heliers",10,113.5,180,293.5,770.0,83.5,431.36,1201.36,3
Wed_00527,Wednesday,"Four Square Lancaster,Four Square Ellerslie,Four Square Onehunga",11,95.5,198,293.5,770.0,83.5,431.41,1201.41,3
Wed_00528,Wednesday,"Four Square Lancaster,New World Metro Shore City,Four Square Ellerslie",10,113.5,180,293.5,770.0,83.5,431.44,1201.44,3
Wed_00529,Wednesday,"Four Square Onehunga,Four Square Britomart,Four Square Hobsonville",11,95.5,198,293.5,770.0,83.5,431.52,1201.52,3
Wed_00530,Wednesday,"Four Square Lancaster,New World Hobsonville",11,95.6,198,293.6,770.0,83.6,431.73,1201.73,2
Wed_00531,Wednesday,"Four Square Cockle Bay,Four Square Remuera,Four Square Glen Eden",9,131.6,162,293.6,770.0,83.6,431.74,1201.74,3
Wed_00532,Wednesday,"Four Square Botany Junction,Four Square St Heliers,New World Metro Queen St",10,113.6,180,293.6,770.0,83.6,431.99,1201.99,3
Wed_00533,Wednesday,"Four Square Cockle Bay,New World Metro Shore City,Four Square Hobsonville",8,149.7,144,293.7,770.0,83.7,432.3,1202.3,3
Wed_00534,Wednesday,"Four Square Britomart,Four Square Ellerslie,Four Square Botany Junction",11,95.7,198,293.7,770.0,83.7,432.48,1202.48,3
Wed_00535,Wednesday,"Four Square Pakuranga Heights,Four Square Britomart,New World Metro Shore City",10,113.8,180,293.8,770.0,83.8,432.74,1202.74,3
Wed_00536,Wednesday,"Four Square Britomart,New World Stonefields",12,77.8,216,293.8,770.0,83.8,432.78,1202.78,2
Wed_00537,Wednesday,"Four Square Pakuranga Heights,Four Square Britomart,Four Square Glen Eden",10,113.8,180,293.8,770.0,83.8,432.84,1202.84,3
Wed_00538,Wednesday,"Four Square Pakuranga Heights,New World Metro Queen St,Four Square Fair Price Henderson",10,113.8,180,293.8,770.0,83.8,432.93,1202.93,3
Wed_00539,Wednesday,Pak 'n Save Papakura,12,77.9,216,293.9,770.0,83.9,433.28,1203.28,1
Wed_00540,Wednesday,"New World Milford,Four Square Ellerslie",11,96.1,198,294.1,770.0,84.1,434.74,1204.74,2
Wed_00541,Wednesday,"Four Square Eden Terrace,Four Square St Heliers,Four Square Glen Eden",10,114.2,180,294.2,770.0,84.2,435.13,1205.13,3
Wed_00542,Wednesday,"Four Square Pakuranga Heights,Four Square Eden Terrace,Four Square Hobsonville",10,114.2,180,294.2,770.0,84.2,435.29,1205.29,3
Wed_00543,Wednesday,"Four Square Fair Price Henderson,New World Metro Queen St,Four Square St Heliers",10,114.3,180,294.3,770.0,84.3,435.54,1205.54,3
Wed_00544,Wednesday,"Four Square Onehunga,Four Square St Heliers,Four Square Hobsonville",10,114.4,180,294.4,770.0,84.4,436.15,1206.15,3
Wed_00545,Wednesday,"Four Square Cockle Bay,Four Square Remuera,Four Square Britomart",10,114.5,180,294.5,770.0,84.5,436.73,1206.73,3
Wed_00546,Wednesday,"Four Square Onehunga,New World Metro Queen St,Four Square Lancaster",11,96.6,198,294.6,770.0,84.6,437.15,1207.15,3
Wed_00547,Wednesday,"New World Howick,New World Metro Queen St",11,96.7,198,294.7,770.0,84.7,437.46,1207.46,2
Wed_00548,Wednesday,"Four Square Pakuranga Heights,New World Papatoetoe",12,78.7,216,294.7,770.0,84.7,437.74,1207.74,2
Wed_00549,Wednesday,"Four Square Pakuranga Heights,Four Square Hobsonville,Four Square Glen Eden",9,132.7,162,294.7,770.0,84.7,437.74,1207.74,3
Wed_00550,Wednesday,"Four Square Onehunga,Four Square Eden Terrace,Four Square Fair Price Henderson",12,78.8,216,294.8,770.0,84.8,438.03,1208.03,3
Wed_00551,Wednesday,"Four Square Pakuranga Heights,Four Square Botany Junction,Four Square Glen Eden",10,114.9,180,294.9,770.0,84.9,438.84,1208.84,3
Wed_00552,Wednesday,"Four Square Onehunga,Four Square Botany Junction,New World Metro Queen St",11,97.0,198,295.0,770.0,85.0,439.33,1209.33,3
Wed_00553,Wednesday,"Four Square Pakuranga Heights,New World Metro Shore City,Four Square Eden Terrace",10,115.0,180,295.0,770.0,85.0,439.39,1209.39,3
Wed_00554,Wednesday,"Four Square Remuera,Four Square Pakuranga Heights,Four Square Botany Junction",11,97.3,198,295.3,770.0,85.3,440.65,1210.65,3
Wed_00555,Wednesday,"Four Square Pakuranga Heights,Four Square Fair Price Henderson,Four Square Glen Eden",10,115.3,180,295.3,770.0,85.3,440.72,1210.72,3
Wed_00556,Wednesday,"Four Square Pakuranga Heights,Four Square Remuera,New World Metro Shore City",10,115.4,180,295.4,770.0,85.4,441.41,1211.41,3
Wed_00557,Wednesday,"Four Square Cockle Bay,Four Square St Heliers,Four Square Hobsonville",8,151.5,144,295.5,770.0,85.5,441.54,1211.54,3
Wed_00558,Wednesday,"New World Metro Shore City,Four Square Cockle Bay,Four Square Botany Junction",9,133.5,162,295.5,770.0,85.5,441.85,1211.85,3
Wed_00559,Wednesday,"Four Square Onehunga,Four Square Cockle Bay,Four Square Hobsonville",9,133.6,162,295.6,770.0,85.6,442.5,1212.5,3
Wed_00560,Wednesday,"Four Square Glen Eden,Four Square Hobsonville,Four Square Remuera",10,115.8,180,295.8,770.0,85.8,443.13,1213.13,3
Wed_00561,Wednesday,"Four Square Cockle Bay,Four Square Britomart,New World Metro Shore City",9,134.1,162,296.1,770.0,86.1,445.07,1215.07,3
Wed_00562,Wednesday,"New World Metro Queen St,New World Victoria Park,New World Metro Shore City",12,80.1,216,296.1,770.0,86.1,445.1,1215.1,3
Wed_00563,Wednesday,"Four Square Cockle Bay,Four Square Britomart,Four Square Glen Eden",9,134.2,162,296.2,770.0,86.2,445.17,1215.17,3
Wed_00564,Wednesday,"Four Square Cockle Bay,New World Metro Queen St,Four Square Fair Price Henderson",9,134.2,162,296.2,770.0,86.2,445.26,1215.26,3
Wed_00565,Wednesday,"Four Square Hobsonville,Four Square Torbay,New World Metro Queen St",10,116.2,180,296.2,770.0,86.2,445.31,1215.31,3
Wed_00566,Wednesday,"New World Botany,Four Square Botany Junction",12,80.4,216,296.4,770.0,86.4,446.31,1216.31,2
Wed_00567,Wednesday,"New World Metro Shore City,Four Square Ellerslie,Four Square Botany Junction",10,116.4,180,296.4,770.0,86.4,446.41,1216.41,3
Wed_00568,Wednesday,"Four Square Fair Price Henderson,Four Square Remuera,New World Metro Queen St",11,98.4,198,296.4,770.0,86.4,446.45,1216.45,3
Wed_00569,Wednesday,"New World Metro Shore City,New World Stonefields",11,98.5,198,296.5,770.0,86.5,446.71,1216.71,2
Wed_00570,Wednesday,"New World Howick,Four Square Onehunga",12,80.6,216,296.6,770.0,86.6,447.47,1217.47,2
Wed_00571,Wednesday,"Four Square Cockle Bay,Four Square Eden Terrace,Four Square Hobsonville",9,134.6,162,296.6,770.0,86.6,447.62,1217.62,3
Wed_00572,Wednesday,"New World Metro Shore City,Four Square Britomart,Four Square Remuera",11,98.8,198,296.8,770.0,86.8,448.29,1218.29,3
Wed_00573,Wednesday,"Four Square Britomart,Four Square Remuera,Four Square Glen Eden",11,98.8,198,296.8,770.0,86.8,448.34,1218.34,3
Wed_00574,Wednesday,"Four Square Hobsonville,Four Square Remuera,Four Square Eden Terrace",11,98.9,198,296.9,770.0,86.9,448.81,1218.81,3
Wed_00575,Wednesday,"Four Square Pakuranga Heights,New World Metro Shore City,Four Square Glen Eden",9,135.1,162,297.1,770.0,87.1,449.86,1219.86,3
Wed_00576,Wednesday,"Four Square Cockle Bay,Four Square Hobsonville,Four Square Glen Eden",8,153.1,144,297.1,770.0,87.1,450.07,1220.07,3
Wed_00577,Wednesday,"Four Square Onehunga,Four Square Ellerslie,New World Victoria Park",13,63.2,234,297.2,770.0,87.2,450.72,1220.72,3
Wed_00578,Wednesday,"Four Square Hobsonville,New World Metro Shore City,Four Square St Heliers",9,135.4,162,297.4,770.0,87.4,451.69,1221.69,3
Wed_00579,Wednesday,"Four Square Cockle Bay,New World Metro Shore City,Four Square Eden Terrace",9,135.4,162,297.4,770.0,87.4,451.72,1221.72,3
Wed_00580,Wednesday,"New World Metro Queen St,Four Square Remuera,Four Square Botany Junction",11,99.5,198,297.5,770.0,87.5,452.23,1222.23,3
Wed_00581,Wednesday,"Four Square Fair Price Henderson,Four Square Britomart,Four Square Ellerslie",11,99.7,198,297.7,770.0,87.7,452.98,1222.98,3
Wed_00582,Wednesday,"Four Square Cockle Bay,Four Square Fair Price Henderson,Four Square Glen Eden",9,135.7,162,297.7,770.0,87.7,453.05,1223.05,3
Wed_00583,Wednesday,"Four Square Ellerslie,Four Square Lancaster,Four Square Hobsonville",10,117.7,180,297.7,770.0,87.7,453.07,1223.07,3
Wed_00584,Wednesday,"Four Square Glen Eden,Four Square Fair Price Henderson,Four Square Remuera",11,99.7,198,297.7,770.0,87.7,453.18,1223.18,3
Wed_00585,Wednesday,"Four Square Cockle Bay,Four Square Remuera,New World Metro Shore City",9,135.8,162,297.8,770.0,87.8,453.75,1223.75,3
Wed_00586,Wednesday,"New World Victoria Park,New World Metro Queen St,Four Square Glen Eden",12,81.8,216,297.8,770.0,87.8,453.85,1223.85,3
Wed_00587,Wednesday,"Four Square Lancaster,Four Square Hobsonville,Four Square Glen Eden",10,118.1,180,298.1,770.0,88.1,454.94,1224.94,3
Wed_00588,Wednesday,Pak 'n Save Botany,12,82.3,216,298.3,770.0,88.3,456.17,1226.17,1
Wed_00589,Wednesday,"Four Square Fair Price Henderson,Four Square Hobsonville,Four Square Britomart",11,100.5,198,298.5,770.0,88.5,457.15,1227.15,3
Wed_00590,Wednesday,"Four Square Britomart,Four Square Pakuranga Heights,Four Square Botany Junction",11,100.5,198,298.5,770.0,88.5,457.42,1227.42,3
Wed_00591,Wednesday,"Four Square Hobsonville,Four Square Torbay,New World Metro Shore City",10,118.9,180,298.9,770.0,88.9,459.44,1229.44,3
Wed_00592,Wednesday,"Four Square Hobsonville,Four Square Remuera,Four Square St Heliers",10,119.0,180,299.0,770.0,89.0,459.74,1229.74,3
Wed_00593,Wednesday,"Four Square Lancaster,New World Metro Queen St,Four Square Glen Eden",10,119.0,180,299.0,770.0,89.0,459.86,1229.86,3
Wed_00594,Wednesday,"Four Square Fair Price Henderson,New World Metro Shore City,Four Square Ellerslie",10,119.1,180,299.1,770.0,89.1,460.13,1230.13,3
Wed_00595,Wednesday,"New World Birkenhead,Four Square Torbay",10,119.3,180,299.3,770.0,89.3,461.24,1231.24,2
Wed_00596,Wednesday,"Four Square Onehunga,Four Square Lancaster,New World Metro Shore City",11,101.4,198,299.4,770.0,89.4,462.14,1232.14,3
Wed_00597,Wednesday,"Four Square Cockle Bay,New World Metro Shore City,Four Square Glen Eden",8,155.5,144,299.5,770.0,89.5,462.19,1232.19,3
Wed_00598,Wednesday,"New World Metro Shore City,Four Square Remuera,Four Square Glen Eden",10,119.5,180,299.5,770.0,89.5,462.27,1232.27,3
Wed_00599,Wednesday,"Four Square Botany Junction,New World Metro Queen St,Four Square Glen Eden",10,119.6,180,299.6,770.0,89.6,462.83,1232.83,3
Wed_00600,Wednesday,"New World Metro Shore City,Four Square St Heliers,Four Square Eden Terrace",10,119.8,180,299.8,770.0,89.8,463.87,1233.87,3
Wed_00601,Wednesday,"New World Browns Bay,Four Square Britomart",11,102.1,198,300.1,770.0,90.1,465.42,1235.42,2
Wed_00602,Wednesday,"New World Metro Queen St,Four Square Torbay,New World Metro Shore City",10,120.2,180,300.2,770.0,90.2,465.82,1235.82,3
Wed_00603,Wednesday,"Four Square Botany Junction,New World Metro Queen St,New World Metro Shore City",10,120.2,180,300.2,770.0,90.2,466.11,1236.11,3
Wed_00604,Wednesday,"New World Browns Bay,Four Square Eden Terrace",11,102.2,198,300.2,770.0,90.2,466.26,1236.26,2
Wed_00605,Wednesday,"Four Square Fair Price Henderson,Four Square Britomart,Four Square Eden Terrace",12,84.3,216,300.3,770.0,90.3,466.62,1236.62,3
Wed_00606,Wednesday,"Four Square Britomart,Four Square Lancaster,New World Metro Shore City",11,102.3,198,300.3,770.0,90.3,466.73,1236.73,3
Wed_00607,Wednesday,"Four Square Lancaster,New World Metro Shore City,Four Square Eden Terrace",11,102.5,198,300.5,770.0,90.5,467.62,1237.62,3
Wed_00608,Wednesday,"Four Square Pakuranga Heights,Four Square Remuera,Four Square Hobsonville",10,120.7,180,300.7,770.0,90.7,468.69,1238.69,3
Wed_00609,Wednesday,"Pak 'n Save Westgate,Four Square Hobsonville",13,66.7,234,300.7,770.0,90.7,468.83,1238.83,2
Wed_00610,Wednesday,"Four Square Onehunga,Four Square Remuera,Four Square Fair Price Henderson",12,84.8,216,300.8,770.0,90.8,469.0,1239.0,3
Wed_00611,Wednesday,"Four Square Onehunga,Four Square Remuera,Four Square Botany Junction",12,84.8,216,300.8,770.0,90.8,469.36,1239.36,3
Wed_00612,Wednesday,"Four Square Glen Eden,Four Square Hobsonville,Four Square St Heliers",9,138.9,162,300.9,770.0,90.9,469.73,1239.73,3
Wed_00613,Wednesday,"Four Square Britomart,New World Milford",12,85.0,216,301.0,770.0,91.0,470.04,1240.04,2
Wed_00614,Wednesday,"Four Square Hobsonville,Four Square Cockle Bay,Four Square Botany Junction",9,139.0,162,301.0,770.0,91.0,470.24,1240.24,3
Wed_00615,Wednesday,"Four Square Hobsonville,Four Square Britomart,Four Square St Heliers",10,121.1,180,301.1,770.0,91.1,470.75,1240.75,3
Wed_00616,Wednesday,"New World Metro Shore City,Four Square Pakuranga Heights,Four Square Botany Junction",10,121.2,180,301.2,770.0,91.2,471.35,1241.35,3
Wed_00617,Wednesday,"Four Square Hobsonville,Four Square Ellerslie,Four Square Botany Junction",10,121.9,180,301.9,770.0,91.9,474.8,1244.8,3
Wed_00618,Wednesday,"Four Square Cockle Bay,Four Square Pakuranga Heights,Four Square Lancaster",9,140.5,162,302.5,770.0,92.5,477.68,1247.68,3
Wed_00619,Wednesday,"Four Square Lancaster,New World Metro Shore City,Four Square Glen Eden",10,122.5,180,302.5,770.0,92.5,478.1,1248.1,3
Wed_00620,Wednesday,"Four Square Onehunga,Four Square Lancaster,Four Square Hobsonville",11,104.6,198,302.6,770.0,92.6,478.38,1248.38,3
Wed_00621,Wednesday,"New World Botany,Four Square St Heliers",11,104.8,198,302.8,770.0,92.8,479.62,1249.62,2
Wed_00622,Wednesday,"Four Square Glen Eden,Four Square Fair Price Henderson,Four Square St Heliers",10,122.9,180,302.9,770.0,92.9,479.79,1249.79,3
Wed_00623,Wednesday,"Four Square Hobsonville,Four Square Eden Terrace,Four Square St Heliers",10,122.9,180,302.9,770.0,92.9,480.13,1250.13,3
Wed_00624,Wednesday,"Four Square Lancaster,Four Square Ellerslie,Four Square Remuera",11,105.1,198,303.1,770.0,93.1,480.81,1250.81,3
Wed_00625,Wednesday,"Four Square Lancaster,Four Square Ellerslie,Four Square Eden Terrace",11,105.1,198,303.1,770.0,93.1,480.89,1250.89,3
Wed_00626,Wednesday,"Four Square Cockle Bay,Four Square Remuera,Four Square Hobsonville",9,141.1,162,303.1,770.0,93.1,481.03,1251.03,3
Wed_00627,Wednesday,"Four Square Pakuranga Heights,New World Metro Queen St,New World Victoria Park",12,87.1,216,303.1,770.0,93.1,481.04,1251.04,3
Wed_00628,Wednesday,"Four Square Pakuranga Heights,Four Square Britomart,Four Square Hobsonville",10,123.3,180,303.3,770.0,93.3,482.13,1252.13,3
Wed_00629,Wednesday,"Four Square Onehunga,Four Square St Heliers,Four Square Botany Junction",11,105.4,198,303.4,770.0,93.4,482.36,1252.36,3
Wed_00630,Wednesday,"Four Square Britomart,Four Square Lancaster,Four Square Hobsonville",11,105.5,198,303.5,770.0,93.5,482.97,1252.97,3
Wed_00631,Wednesday,"Four Square Pakuranga Heights,Four Square St Heliers,Four Square Fair Price Henderson",10,123.6,180,303.6,770.0,93.6,483.34,1253.34,3
Wed_00632,Wednesday,"Four Square Onehunga,Four Square Pakuranga Heights,Four Square Fair Price Henderson",11,105.6,198,303.6,770.0,93.6,483.52,1253.52,3
Wed_00633,Wednesday,"Four Square Onehunga,Four Square Britomart,Four Square Fair Price Henderson",12,87.8,216,303.8,770.0,93.8,484.87,1254.87,3
Wed_00634,Wednesday,"Four Square Pakuranga Heights,Four Square Fair Price Henderson,Four Square Hobsonville",10,123.9,180,303.9,770.0,93.9,485.34,1255.34,3
Wed_00635,Wednesday,"Four Square Pakuranga Heights,Four Square Ellerslie,Four Square Lancaster",10,124.1,180,304.1,770.0,94.1,486.04,1256.04,3
Wed_00636,Wednesday,"New World Victoria Park,New World Metro Queen St,Four Square St Heliers",12,88.1,216,304.1,770.0,94.1,486.21,1256.21,3
Wed_00637,Wednesday,"New World Howick,Four Square St Heliers",11,106.3,198,304.3,770.0,94.3,487.09,1257.09,2
Wed_00638,Wednesday,"Four Square Pakuranga Heights,New World Metro Queen St,Four Square Lancaster",10,124.4,180,304.4,770.0,94.4,487.76,1257.76,3
Wed_00639,Wednesday,"New World Papatoetoe,Four Square Botany Junction",13,70.4,234,304.4,770.0,94.4,487.96,1257.96,2
Wed_00640,Wednesday,"Four Square Cockle Bay,Four Square Pakuranga Heights,New World Victoria Park",11,106.5,198,304.5,770.0,94.5,488.05,1258.05,3
Wed_00641,Wednesday,"Four Square Pakuranga Heights,Four Square Eden Terrace,Four Square Fair Price Henderson",11,106.6,198,304.6,770.0,94.6,488.64,1258.64,3
Wed_00642,Wednesday,"New World Metro Shore City,Four Square St Heliers,Four Square Glen Eden",9,142.6,162,304.6,770.0,94.6,488.88,1258.88,3
Wed_00643,Wednesday,"New World Howick,Four Square Botany Junction",12,88.7,216,304.7,770.0,94.7,489.25,1259.25,2
Wed_00644,Wednesday,"Four Square Onehunga,Four Square St Heliers,Four Square Fair Price Henderson",11,106.7,198,304.7,770.0,94.7,489.5,1259.5,3
Wed_00645,Wednesday,"Four Square Torbay,New World Browns Bay",11,106.9,198,304.9,770.0,94.9,490.25,1260.25,2
Wed_00646,Wednesday,"Four Square Lancaster,New World Metro Queen St,Four Square St Heliers",10,125.3,180,305.3,770.0,95.3,492.22,1262.22,3
Wed_00647,Wednesday,"Four Square Hobsonville,Four Square Lancaster,Four Square Eden Terrace",11,107.3,198,305.3,770.0,95.3,492.35,1262.35,3
Wed_00648,Wednesday,"New World Howick,Four Square Eden Terrace",12,89.5,216,305.5,770.0,95.5,493.17,1263.17,2
Wed_00649,Wednesday,"Four Square Hobsonville,Four Square Britomart,Four Square Remuera",11,107.5,198,305.5,770.0,95.5,493.35,1263.35,3
Wed_00650,Wednesday,"Four Square Cockle Bay,New World Metro Queen St,New World Victoria Park",11,107.5,198,305.5,770.0,95.5,493.37,1263.37,3
Wed_00651,Wednesday,"Four Square Cockle Bay,Four Square Britomart,Four Square Hobsonville",9,143.7,162,305.7,770.0,95.7,494.46,1264.46,3
Wed_00652,Wednesday,"Four Square Cockle Bay,Four Square St Heliers,Four Square Fair Price Henderson",9,143.8,162,305.8,770.0,95.8,494.89,1264.89,3
Wed_00653,Wednesday,"Four Square Onehunga,Four Square Botany Junction,Four Square Eden Terrace",12,89.8,216,305.8,770.0,95.8,495.04,1265.04,3
Wed_00654,Wednesday,"Four Square Fair Price Henderson,New World Metro Shore City,Four Square Britomart",11,107.9,198,305.9,770.0,95.9,495.47,1265.47,3
Wed_00655,Wednesday,"Four Square Onehunga,Four Square Cockle Bay,Four Square Fair Price Henderson",10,126.0,180,306.0,770.0,96.0,495.85,1265.85,3
Wed_00656,Wednesday,"Four Square Fair Price Henderson,New World Metro Shore City,Four Square Eden Terrace",11,108.1,198,306.1,770.0,96.1,496.31,1266.31,3
Wed_00657,Wednesday,"New World Long Bay,Four Square Hobsonville",11,108.1,198,306.1,770.0,96.1,496.36,1266.36,2
Wed_00658,Wednesday,"Four Square Pakuranga Heights,Four Square Ellerslie,New World Victoria Park",12,90.1,216,306.1,770.0,96.1,496.4,1266.4,3
Wed_00659,Wednesday,"Four Square Ellerslie,Four Square Remuera,New World Victoria Park",13,72.1,234,306.1,770.0,96.1,496.57,1266.57,3
Wed_00660,Wednesday,"New World Long Bay,New World Metro Queen St",11,108.1,198,306.1,770.0,96.1,496.74,1266.74,2
Wed_00661,Wednesday,"Four Square Lancaster,Four Square Ellerslie,Four Square St Heliers",10,126.2,180,306.2,770.0,96.2,497.05,1267.05,3
Wed_00662,Wednesday,"Four Square Cockle Bay,Four Square Fair Price Henderson,Four Square Hobsonville",9,144.3,162,306.3,770.0,96.3,497.67,1267.67,3
Wed_00663,Wednesday,"New World Victoria Park,New World Metro Queen St,Four Square Remuera",13,72.4,234,306.4,770.0,96.4,498.25,1268.25,3
Wed_00664,Wednesday,"Four Square Cockle Bay,Four Square Ellerslie,Four Square Lancaster",9,144.5,162,306.5,770.0,96.5,498.37,1268.37,3
Wed_00665,Wednesday,"Four Square Fair Price Henderson,New World Metro Shore City,Four Square Onehunga",11,108.5,198,306.5,770.0,96.5,498.62,1268.62,3
Wed_00666,Wednesday,"Four Square Hobsonville,New World Victoria Park,New World Metro Queen St",12,90.6,216,306.6,770.0,96.6,498.85,1268.85,3
Wed_00667,Wednesday,"Four Square Fair Price Henderson,Four Square Hobsonville,Four Square Remuera",11,108.6,198,306.6,770.0,96.6,498.86,1268.86,3
Wed_00668,Wednesday,"Four Square Hobsonville,Four Square Pakuranga Heights,Four Square Botany Junction",10,126.7,180,306.7,770.0,96.7,499.74,1269.74,3
Wed_00669,Wednesday,"Four Square Cockle Bay,New World Metro Queen St,Four Square Lancaster",9,144.8,162,306.8,770.0,96.8,500.09,1270.09,3
Wed_00670,Wednesday,"Four Square Fair Price Henderson,New World Browns Bay",11,108.8,198,306.8,770.0,96.8,500.39,1270.39,2
Wed_00671,Wednesday,"Four Square Cockle Bay,Four Square Eden Terrace,Four Square Fair Price Henderson",10,127.0,180,307.0,770.0,97.0,500.97,1270.97,3
Wed_00672,Wednesday,"Four Square Ellerslie,Four Square Eden Terrace,New World Victoria Park",13,73.0,234,307.0,770.0,97.0,501.31,1271.31,3
Wed_00673,Wednesday,"Four Square Fair Price Henderson,Four Square Remuera,Four Square Eden Terrace",12,91.2,216,307.2,770.0,97.2,502.16,1272.16,3
Wed_00674,Wednesday,"Four Square Torbay,New World Hobsonville",11,109.3,198,307.3,770.0,97.3,502.89,1272.89,2
Wed_00675,Wednesday,"Four Square Lancaster,New World Metro Queen St,Four Square Remuera",11,109.6,198,307.6,770.0,97.6,504.25,1274.25,3
Wed_00676,Wednesday,"New World Stonefields,Four Square Botany Junction",12,92.0,216,308.0,770.0,98.0,506.15,1276.15,2
Wed_00677,Wednesday,"New World Victoria Park,Four Square Britomart,Four Square Ellerslie",13,74.0,234,308.0,770.0,98.0,506.43,1276.43,3
Wed_00678,Wednesday,"Four Square Ellerslie,New World Metro Queen St,New World Point Chevalier",13,74.0,234,308.0,770.0,98.0,506.47,1276.47,3
Wed_00679,Wednesday,"Four Square Britomart,New World Metro Queen St,New World Point Chevalier",14,56.3,252,308.3,770.0,98.3,508.12,1278.12,3
Wed_00680,Wednesday,"Four Square Hobsonville,Four Square Torbay,Four Square Ellerslie",10,128.4,180,308.4,770.0,98.4,508.2,1278.2,3
Wed_00681,Wednesday,"Four Square Cockle Bay,Four Square Ellerslie,New World Victoria Park",11,110.5,198,308.5,770.0,98.5,508.73,1278.73,3
Wed_00682,Wednesday,"Four Square Lancaster,Four Square Britomart,Four Square Ellerslie",11,110.5,198,308.5,770.0,98.5,508.76,1278.76,3
Wed_00683,Wednesday,"Pak 'n Save Highland Park,Four Square Cockle Bay",12,92.7,216,308.7,770.0,98.7,509.78,1279.78,2
Wed_00684,Wednesday,"Four Square Botany Junction,Four Square Remuera,Four Square Eden Terrace",12,92.7,216,308.7,770.0,98.7,510.1,1280.1,3
Wed_00685,Wednesday,"Four Square Remuera,Four Square St Heliers,Four Square Botany Junction",11,110.8,198,308.8,770.0,98.8,510.24,1280.24,3
Wed_00686,Wednesday,"New World Long Bay,New World Metro Shore City",11,110.9,198,308.9,770.0,98.9,510.87,1280.87,2
Wed_00687,Wednesday,"Four Square Fair Price Henderson,Four Square Hobsonville,Four Square Lancaster",11,110.9,198,308.9,770.0,98.9,511.03,1281.03,3
Wed_00688,Wednesday,"Four Square Hobsonville,New World Metro Queen St,Four Square Botany Junction",10,129.0,180,309.0,770.0,99.0,511.32,1281.32,3
Wed_00689,Wednesday,"Four Square Pakuranga Heights,Four Square Lancaster,New World Metro Shore City",10,129.2,180,309.2,770.0,99.2,512.75,1282.75,3
Wed_00690,Wednesday,"Four Square Fair Price Henderson,Four Square Remuera,Four Square St Heliers",11,111.3,198,309.3,770.0,99.3,513.1,1283.1,3
Wed_00691,Wednesday,"New World Metro Queen St,Four Square Torbay,Four Square Ellerslie",10,129.6,180,309.6,770.0,99.6,514.58,1284.58,3
Wed_00692,Wednesday,"Four Square Lancaster,New World Milford",12,93.8,216,309.8,770.0,99.8,515.41,1285.41,2
Wed_00693,Wednesday,"Four Square Eden Terrace,New World Metro Queen St,New World Point Chevalier",14,57.8,252,309.8,770.0,99.8,515.47,1285.47,3
Wed_00694,Wednesday,"New World Birkenhead,New World Metro Shore City,New World Metro Queen St",12,93.8,216,309.8,770.0,99.8,515.67,1285.67,3
Wed_00695,Wednesday,"Four Square Torbay,Four Square Britomart,New World Metro Queen St",11,111.9,198,309.9,770.0,99.9,516.19,1286.19,3
Wed_00696,Wednesday,"Four Square Onehunga,Four Square Ellerslie,New World Point Chevalier",14,57.9,252,309.9,770.0,99.9,516.26,1286.26,3
Wed_00697,Wednesday,"Four Square Glen Eden,Four Square Torbay,Four Square Hobsonville",10,130.2,180,310.2,770.0,100.2,517.96,1287.96,3
Wed_00698,Wednesday,"New World Botany,Four Square Remuera",12,94.3,216,310.3,770.0,100.3,518.33,1288.33,2
Wed_00699,Wednesday,"Four Square Glen Eden,Four Square Torbay,New World Metro Queen St",10,130.3,180,310.3,770.0,100.3,518.34,1288.34,3
Wed_00700,Wednesday,"Four Square Cockle Bay,Four Square Pakuranga Heights,Four Square Ellerslie,New World Metro Queen St",11,112.3,198,310.3,770.0,100.3,518.46,1288.46,4
Wed_00701,Wednesday,"New World Victoria Park,Four Square Britomart,Four Square Eden Terrace",14,58.7,252,310.7,770.0,100.7,520.08,1290.08,3
Wed_00702,Wednesday,"New World Albany,Four Square Hobsonville",12,94.7,216,310.7,770.0,100.7,520.42,1290.42,2
Wed_00703,Wednesday,"New World Albany,New World Metro Queen St",12,94.8,216,310.8,770.0,100.8,520.81,1290.81,2
Wed_00704,Wednesday,"Four Square Britomart,Four Square St Heliers,Four Square Botany Junction",11,112.9,198,310.9,770.0,100.9,521.25,1291.25,3
Wed_00705,Wednesday,"New World Victoria Park,New World Metro Shore City,Four Square Ellerslie",12,94.9,216,310.9,770.0,100.9,521.36,1291.36,3
Wed_00706,Wednesday,"Four Square Fair Price Henderson,Four Square Lancaster,New World Metro Queen St",11,113.0,198,311.0,770.0,101.0,522.05,1292.05,3
Wed_00707,Wednesday,"Four Square Pakuranga Heights,Four Square Remuera,Four Square Fair Price Henderson",11,113.0,198,311.0,770.0,101.0,522.05,1292.05,3
Wed_00708,Wednesday,"Four Square Lancaster,Four Square Britomart,Four Square Eden Terrace",12,95.1,216,311.1,770.0,101.1,522.41,1292.41,3
Wed_00709,Wednesday,"Four Square Lancaster,Four Square Ellerslie,Four Square Glen Eden",10,131.2,180,311.2,770.0,101.2,522.74,1292.74,3
Wed_00710,Wednesday,"Four Square Lancaster,New World Browns Bay",11,113.2,198,311.2,770.0,101.2,523.02,1293.02,2
Wed_00711,Wednesday,"Four Square Fair Price Henderson,Four Square Cockle Bay,Four Square Botany Junction",10,131.3,180,311.3,770.0,101.3,523.6,1293.6,3
Wed_00712,Wednesday,"New World Devonport,New World Metro Shore City",12,95.4,216,311.4,770.0,101.4,523.76,1293.76,2
Wed_00713,Wednesday,"New World Browns Bay,Four Square Remuera",11,113.4,198,311.4,770.0,101.4,523.8,1293.8,2
Wed_00714,Wednesday,"Four Square Fair Price Henderson,Four Square Britomart,Four Square St Heliers",11,113.4,198,311.4,770.0,101.4,524.1,1294.1,3
Wed_00715,Wednesday,"Four Square Torbay,New World Metro Queen St,Four Square Eden Terrace",11,113.5,198,311.5,770.0,101.5,524.56,1294.56,3
Wed_00716,Wednesday,"Four Square Cockle Bay,Four Square Pakuranga Heights,Four Square Ellerslie,Four Square Onehunga",12,95.6,216,311.6,770.0,101.6,524.69,1294.69,4
Wed_00717,Wednesday,"Four Square Cockle Bay,Four Square Lancaster,New World Metro Shore City",9,149.6,162,311.6,770.0,101.6,525.08,1295.08,3
Wed_00718,Wednesday,"Four Square Lancaster,New World Metro Shore City,Four Square Remuera",11,113.6,198,311.6,770.0,101.6,525.16,1295.16,3
Wed_00719,Wednesday,"Four Square Fair Price Henderson,Four Square Hobsonville,Four Square St Heliers",10,131.7,180,311.7,770.0,101.7,525.47,1295.47,3
Wed_00720,Wednesday,"New World Victoria Park,Four Square Ellerslie,Four Square St Heliers",12,95.8,216,311.8,770.0,101.8,526.05,1296.05,3
Wed_00721,Wednesday,"New World Howick,Four Square Remuera",12,95.9,216,311.9,770.0,101.9,526.58,1296.58,2
Wed_00722,Wednesday,"Four Square Onehunga,Four Square Eden Terrace,New World Victoria Park",14,59.9,252,311.9,770.0,101.9,526.62,1296.62,3
Wed_00723,Wednesday,"Four Square Botany Junction,Four Square St Heliers,Four Square Eden Terrace",11,114.0,198,312.0,770.0,102.0,526.97,1296.97,3
Wed_00724,Wednesday,"Four Square Fair Price Henderson,Four Square Ellerslie,Four Square Botany Junction",11,114.2,198,312.2,770.0,102.2,528.15,1298.15,3
Wed_00725,Wednesday,"Four Square Pakuranga Heights,Four Square Lancaster,Four Square Hobsonville",10,132.4,180,312.4,770.0,102.4,528.99,1298.99,3
Wed_00726,Wednesday,"Four Square Botany Junction,Four Square Britomart,Four Square Eden Terrace",12,96.5,216,312.5,770.0,102.5,529.71,1299.71,3
Wed_00727,Wednesday,"Four Square Ellerslie,Four Square Torbay,New World Metro Shore City",10,132.9,180,312.9,770.0,102.9,531.65,1301.65,3
Wed_00728,Wednesday,"Four Square Onehunga,New World Metro Queen St,New World Point Chevalier",14,60.9,252,312.9,770.0,102.9,531.78,1301.78,3
Wed_00729,Wednesday,"Four Square Glen Eden,Four Square Torbay,New World Metro Shore City",10,133.1,180,313.1,770.0,103.1,532.47,1302.47,3
Wed_00730,Wednesday,"Four Square Hobsonville,New World Metro Shore City,New World Victoria Park",12,97.1,216,313.1,770.0,103.1,532.87,1302.87,3
Wed_00731,Wednesday,"Four Square Fair Price Henderson,Four Square Eden Terrace,Four Square St Heliers",11,115.3,198,313.3,770.0,103.3,533.49,1303.49,3
Wed_00732,Wednesday,"Four Square Cockle Bay,Four Square Remuera,Four Square Fair Price Henderson",10,133.4,180,313.4,770.0,103.4,534.38,1304.38,3
Wed_00733,Wednesday,"New World Albany,New World Metro Shore City",12,97.5,216,313.5,770.0,103.5,534.93,1304.93,2
Wed_00734,Wednesday,"Four Square Pakuranga Heights,Four Square Britomart,Four Square Fair Price Henderson",11,115.6,198,313.6,770.0,103.6,535.48,1305.48,3
Wed_00735,Wednesday,"Four Square Onehunga,Four Square Britomart,New World Victoria Park",14,61.7,252,313.7,770.0,103.7,535.66,1305.66,3
Wed_00736,Wednesday,"New World Metro Shore City,New World Victoria Park,Four Square Eden Terrace",13,79.8,234,313.8,770.0,103.8,536.31,1306.31,3
Wed_00737,Wednesday,"Four Square Onehunga,Four Square Britomart,Four Square Lancaster",12,97.8,216,313.8,770.0,103.8,536.32,1306.32,3
Wed_00738,Wednesday,"Four Square Glen Eden,New World Point Chevalier,New World Metro Queen St",13,80.0,234,314.0,770.0,104.0,537.34,1307.34,3
Wed_00739,Wednesday,"Four Square Torbay,Four Square Ellerslie,Four Square Onehunga",11,116.0,198,314.0,770.0,104.0,537.43,1307.43,3
Wed_00740,Wednesday,"Four Square Ellerslie,New World Victoria Park,Four Square Glen Eden",12,98.2,216,314.2,770.0,104.2,538.5,1308.5,3
Wed_00741,Wednesday,"New World Howick,Four Square Britomart",12,98.5,216,314.5,770.0,104.5,540.01,1310.01,2
Wed_00742,Wednesday,"Four Square Fair Price Henderson,Four Square Lancaster,New World Metro Shore City",11,116.6,198,314.6,770.0,104.6,540.29,1310.29,3
Wed_00743,Wednesday,"Four Square Glen Eden,Four Square Fair Price Henderson,Four Square Lancaster",11,116.7,198,314.7,770.0,104.7,540.76,1310.76,3
Wed_00744,Wednesday,Pak 'n Save Glen Innes,13,80.7,234,314.7,770.0,104.7,541.06,1311.06,1
Wed_00745,Wednesday,"Four Square Cockle Bay,Four Square Lancaster,Four Square Hobsonville",9,152.8,162,314.8,770.0,104.8,541.32,1311.32,3
Wed_00746,Wednesday,"Four Square Onehunga,Four Square Botany Junction,Four Square Britomart",12,98.9,216,314.9,770.0,104.9,541.88,1311.88,3
Wed_00747,Wednesday,"Four Square Hobsonville,New World Metro Shore City,Four Square Botany Junction",10,134.9,180,314.9,770.0,104.9,542.17,1312.17,3
Wed_00748,Wednesday,"Four Square Onehunga,Four Square Torbay,Four Square Hobsonville",11,117.0,198,315.0,770.0,105.0,542.45,1312.45,3
Wed_00749,Wednesday,"Four Square Onehunga,Four Square Remuera,Four Square Lancaster",12,99.0,216,315.0,770.0,105.0,542.56,1312.56,3
Wed_00750,Wednesday,"New World Birkenhead,Four Square Britomart,New World Metro Queen St",13,81.1,234,315.1,770.0,105.1,542.77,1312.77,3
Wed_00751,Wednesday,"Four Square Onehunga,Four Square Torbay,New World Metro Queen St",11,117.1,198,315.1,770.0,105.1,542.83,1312.83,3
Wed_00752,Wednesday,"Four Square Onehunga,Four Square Lancaster,Four Square Eden Terrace",12,99.1,216,315.1,770.0,105.1,542.96,1312.96,3
Wed_00753,Wednesday,"New World Birkenhead,New World Metro Queen St,Four Square Ellerslie",12,99.1,216,315.1,770.0,105.1,543.14,1313.14,3
Wed_00754,Wednesday,"Four Square Hobsonville,Four Square Torbay,Four Square Britomart",11,117.2,198,315.2,770.0,105.2,543.54,1313.54,3
Wed_00755,Wednesday,"Four Square Hobsonville,Four Square Torbay,Four Square Eden Terrace",11,117.4,198,315.4,770.0,105.4,544.38,1314.38,3
Wed_00756,Wednesday,"New World Victoria Park,Four Square Eden Terrace,Four Square Glen Eden",13,81.4,234,315.4,770.0,105.4,544.74,1314.74,3
Wed_00757,Wednesday,"Four Square Pakuranga Heights,Four Square Cockle Bay,New World Ormiston",12,99.6,216,315.6,770.0,105.6,545.54,1315.54,3
Wed_00758,Wednesday,"Four Square Fair Price Henderson,Four Square Britomart,Four Square Remuera",12,99.8,216,315.8,770.0,105.8,546.7,1316.7,3
Wed_00759,Wednesday,"Four Square Remuera,Four Square Lancaster,Four Square Hobsonville",11,117.8,198,315.8,770.0,105.8,546.8,1316.8,3
Wed_00760,Wednesday,"Four Square Britomart,New World Victoria Park,New World Metro Shore City",13,81.9,234,315.9,770.0,105.9,546.9,1316.9,3
Wed_00761,Wednesday,"Four Square Cockle Bay,Four Square Britomart,Four Square Fair Price Henderson",10,136.0,180,316.0,770.0,106.0,547.81,1317.81,3
Wed_00762,Wednesday,"Four Square Britomart,New World Metro Queen St,Four Square Ellerslie,Four Square Onehunga",14,64.0,252,316.0,770.0,106.0,547.92,1317.92,4
Wed_00763,Wednesday,"Four Square Ellerslie,New World Eastridge,New World Metro Queen St",13,82.1,234,316.1,770.0,106.1,547.95,1317.95,3
Wed_00764,Wednesday,"Pak 'n Save Highland Park,Four Square Pakuranga Heights",13,82.2,234,316.2,770.0,106.2,548.61,1318.61,2
Wed_00765,Wednesday,"New World Devonport,New World Metro Queen St",12,100.3,216,316.3,770.0,106.3,549.32,1319.32,2
Wed_00766,Wednesday,"Four Square Glen Eden,Four Square Remuera,Four Square Botany Junction",11,118.4,198,316.4,770.0,106.4,549.55,1319.55,3
Wed_00767,Wednesday,"New World Browns Bay,Four Square St Heliers",10,136.5,180,316.5,770.0,106.5,550.41,1320.41,2
Wed_00768,Wednesday,"Four Square Onehunga,Four Square Ellerslie,Four Square St Heliers,New World Metro Queen St",13,82.7,234,316.7,770.0,106.7,551.04,1321.04,4
Wed_00769,Wednesday,"New World Birkenhead,New World Metro Queen St,Four Square Eden Terrace",13,82.7,234,316.7,770.0,106.7,551.14,1321.14,3
Wed_00770,Wednesday,"Four Square Britomart,Four Square Remuera,Four Square Botany Junction",12,100.7,216,316.7,770.0,106.7,551.35,1321.35,3
Wed_00771,Wednesday,"Four Square Lancaster,New World Metro Shore City,Four Square St Heliers",10,136.8,180,316.8,770.0,106.8,551.77,1321.77,3
Wed_00772,Wednesday,"Four Square Botany Junction,Four Square St Heliers,Four Square Glen Eden",10,136.8,180,316.8,770.0,106.8,551.98,1321.98,3
Wed_00773,Wednesday,"Four Square Fair Price Henderson,New World Victoria Park,New World Metro Queen St",13,82.9,234,316.9,770.0,106.9,552.21,1322.21,3
Wed_00774,Wednesday,"Four Square Pakuranga Heights,New World Metro Shore City,Four Square Fair Price Henderson",10,136.9,180,316.9,770.0,106.9,552.5,1322.5,3
Wed_00775,Wednesday,"Four Square Onehunga,Four Square Remuera,New World Victoria Park",14,65.0,252,317.0,770.0,107.0,552.93,1322.93,3
Wed_00776,Wednesday,"Four Square Fair Price Henderson,Four Square Pakuranga Heights,Four Square Botany Junction",11,119.0,198,317.0,770.0,107.0,553.09,1323.09,3
Wed_00777,Wednesday,"Four Square Onehunga,New World Victoria Park,New World Metro Shore City",13,83.1,234,317.1,770.0,107.1,553.33,1323.33,3
Wed_00778,Wednesday,"Four Square Cockle Bay,Four Square Pakuranga Heights,New World Point Chevalier",12,101.1,216,317.1,770.0,107.1,553.58,1323.58,3
Wed_00779,Wednesday,"Four Square Fair Price Henderson,New World Metro Shore City,Four Square Remuera",11,119.2,198,317.2,770.0,107.2,553.85,1323.85,3
Wed_00780,Wednesday,"Four Square Glen Eden,New World Hobsonville,Four Square Hobsonville",13,83.4,234,317.4,770.0,107.4,554.84,1324.84,3
Wed_00781,Wednesday,"Four Square Eden Terrace,New World Metro Queen St,Four Square Ellerslie,Four Square Onehunga",14,65.5,252,317.5,770.0,107.5,555.27,1325.27,4
Wed_00782,Wednesday,"New World Victoria Park,Four Square Britomart,Four Square Glen Eden",13,83.6,234,317.6,770.0,107.6,555.76,1325.76,3
Wed_00783,Wednesday,"Four Square Onehunga,Four Square Torbay,New World Metro Shore City",11,119.8,198,317.8,770.0,107.8,556.95,1326.95,3
Wed_00784,Wednesday,"Four Square Onehunga,Four Square Pakuranga Heights,Four Square Lancaster",11,119.8,198,317.8,770.0,107.8,557.08,1327.08,3
Wed_00785,Wednesday,"Four Square Onehunga,Four Square Ellerslie,Four Square Remuera,New World Metro Queen St",14,65.8,252,317.8,770.0,107.8,557.22,1327.22,4
Wed_00786,Wednesday,"New World Metro Shore City,New World Metro Queen St,New World Point Chevalier",13,84.0,234,318.0,770.0,108.0,557.76,1327.76,3
Wed_00787,Wednesday,"Four Square Lancaster,Four Square Britomart,Four Square Glen Eden",11,120.0,198,318.0,770.0,108.0,558.09,1328.09,3
Wed_00788,Wednesday,"New World Long Bay,Four Square Ellerslie",11,120.3,198,318.3,770.0,108.3,559.63,1329.63,2
Wed_00789,Wednesday,"Four Square Ellerslie,Four Square St Heliers,New World Eastridge",13,84.6,234,318.6,770.0,108.6,561.01,1331.01,3
Wed_00790,Wednesday,"Four Square Britomart,Four Square Torbay,New World Metro Shore City",11,120.7,198,318.7,770.0,108.7,561.55,1331.55,3
Wed_00791,Wednesday,"Four Square Pakuranga Heights,Four Square Ellerslie,New World Point Chevalier",13,84.8,234,318.8,770.0,108.8,561.94,1331.94,3
Wed_00792,Wednesday,"Four Square Ellerslie,Four Square Remuera,New World Point Chevalier",14,66.8,252,318.8,770.0,108.8,562.1,1332.1,3
Wed_00793,Wednesday,"Four Square Ellerslie,Four Square Eden Terrace,New World Point Chevalier",14,66.8,252,318.8,770.0,108.8,562.18,1332.18,3
Wed_00794,Wednesday,"New World Birkenhead,Four Square Ellerslie,Four Square Onehunga",13,85.2,234,319.2,770.0,109.2,564.01,1334.01,3
Wed_00795,Wednesday,"Four Square Fair Price Henderson,New World Metro Queen St,Four Square Botany Junction",11,121.3,198,319.3,770.0,109.3,564.67,1334.67,3
Wed_00796,Wednesday,"Four Square Fair Price Henderson,Pak 'n Save Westgate",14,67.3,252,319.3,770.0,109.3,564.68,1334.68,2
Wed_00797,Wednesday,"Four Square Cockle Bay,New World Metro Shore City,Four Square Fair Price Henderson",9,157.3,162,319.3,770.0,109.3,564.83,1334.83,3
Wed_00798,Wednesday,"Four Square Botany Junction,Four Square Britomart,New World Metro Shore City",11,121.4,198,319.4,770.0,109.4,565.28,1335.28,3
Wed_00799,Wednesday,"New World Metro Shore City,Four Square Remuera,Four Square Botany Junction",11,121.4,198,319.4,770.0,109.4,565.28,1335.28,3
Wed_00800,Wednesday,"Four Square Cockle Bay,Four Square Pakuranga Heights,Four Square St Heliers,New World Metro Queen St",11,121.7,198,319.7,770.0,109.7,566.9,1336.9,4
Wed_00801,Wednesday,"Four Square Onehunga,Four Square Pakuranga Heights,New World Victoria Park",13,85.8,234,319.8,770.0,109.8,567.45,1337.45,3
Wed_00802,Wednesday,"Four Square Botany Junction,Four Square Eden Terrace,Four Square Hobsonville",11,121.9,198,319.9,770.0,109.9,567.83,1337.83,3
Wed_00803,Wednesday,"New World Victoria Park,New World Metro Shore City,Four Square Glen Eden",12,103.9,216,319.9,770.0,109.9,568.02,1338.02,3
Wed_00804,Wednesday,"Pak 'n Save Highland Park,Four Square Ellerslie",13,86.2,234,320.2,770.0,110.2,569.29,1339.29,2
Wed_00805,Wednesday,"Four Square Onehunga,Four Square Cockle Bay,Four Square Lancaster",10,140.2,180,320.2,770.0,110.2,569.41,1339.41,3
Wed_00806,Wednesday,"Four Square Torbay,New World Metro Shore City,Four Square Eden Terrace",11,122.2,198,320.2,770.0,110.2,569.53,1339.53,3
Wed_00807,Wednesday,"New World Papakura,New World Southmall",13,86.3,234,320.3,770.0,110.3,569.75,1339.75,2
Wed_00808,Wednesday,"Four Square Onehunga,New World Metro Queen St,New World Birkenhead",13,86.3,234,320.3,770.0,110.3,569.75,1339.75,3
Wed_00809,Wednesday,"Four Square Cockle Bay,Four Square Pakuranga Heights,Four Square St Heliers,Four Square Ellerslie",11,122.6,198,320.6,770.0,110.6,571.39,1341.39,4
Wed_00810,Wednesday,"Four Square Botany Junction,New World Metro Shore City,Four Square Eden Terrace",11,122.7,198,320.7,770.0,110.7,571.93,1341.93,3
Wed_00811,Wednesday,"New World Metro Queen St,Four Square St Heliers,New World Eastridge",13,86.7,234,320.7,770.0,110.7,571.96,1341.96,3
Wed_00812,Wednesday,"New World Hobsonville,Four Square Hobsonville,New World Metro Queen St",13,87.0,234,321.0,770.0,111.0,573.31,1343.31,3
Wed_00813,Wednesday,"Four Square Fair Price Henderson,Four Square Torbay,Four Square Hobsonville",11,123.0,198,321.0,770.0,111.0,573.69,1343.69,3
Wed_00814,Wednesday,"Four Square Pakuranga Heights,Four Square St Heliers,Four Square Lancaster",10,141.0,180,321.0,770.0,111.0,573.74,1343.74,3
Wed_00815,Wednesday,"Four Square Fair Price Henderson,Four Square Torbay,New World Metro Queen St",11,123.1,198,321.1,770.0,111.1,574.08,1344.08,3
Wed_00816,Wednesday,"Four Square Cockle Bay,Four Square Pakuranga Heights,Four Square Ellerslie,Four Square Remuera",12,105.1,216,321.1,770.0,111.1,574.09,1344.09,4
Wed_00817,Wednesday,"New World Metro Queen St,New World Birkenhead,Four Square Hobsonville",12,105.1,216,321.1,770.0,111.1,574.13,1344.13,3
Wed_00818,Wednesday,"Four Square Cockle Bay,Four Square Pakuranga Heights,Four Square Ellerslie,Four Square Eden Terrace",12,105.1,216,321.1,770.0,111.1,574.17,1344.17,4
Wed_00819,Wednesday,"Four Square Cockle Bay,Four Square Ellerslie,New World Point Chevalier",12,105.1,216,321.1,770.0,111.1,574.27,1344.27,3
Wed_00820,Wednesday,"Four Square Lancaster,Four Square Remuera,Four Square Eden Terrace",12,105.2,216,321.2,770.0,111.2,574.61,1344.61,3
Wed_00821,Wednesday,"Four Square Glen Eden,Four Square Hobsonville,New World Victoria Park",12,105.5,216,321.5,770.0,111.5,575.96,1345.96,3
Wed_00822,Wednesday,"Four Square Hobsonville,Four Square Lancaster,Four Square St Heliers",10,141.6,180,321.6,770.0,111.6,576.5,1346.5,3
Wed_00823,Wednesday,"Four Square Pakuranga Heights,Four Square Eden Terrace,New World Victoria Park",13,87.7,234,321.7,770.0,111.7,577.23,1347.23,3
Wed_00824,Wednesday,"New World Victoria Park,Four Square Britomart,Four Square St Heliers",13,87.8,234,321.8,770.0,111.8,577.56,1347.56,3
Wed_00825,Wednesday,"Four Square Ellerslie,Four Square St Heliers,New World Point Chevalier",13,87.9,234,321.9,770.0,111.9,578.34,1348.34,3
Wed_00826,Wednesday,"New World Birkenhead,New World Metro Shore City,Four Square Ellerslie",12,106.0,216,322.0,770.0,112.0,578.56,1348.56,3
Wed_00827,Wednesday,"Four Square Ellerslie,New World Metro Queen St,New World Mt Albert",14,70.2,252,322.2,770.0,112.2,579.7,1349.7,3
Wed_00828,Wednesday,"Four Square Onehunga,Four Square Cockle Bay,New World Victoria Park",12,106.2,216,322.2,770.0,112.2,579.78,1349.78,3
Wed_00829,Wednesday,"Four Square Lancaster,Four Square Britomart,Four Square St Heliers",11,124.2,198,322.2,770.0,112.2,579.89,1349.89,3
Wed_00830,Wednesday,"Four Square Onehunga,Four Square St Heliers,Four Square Lancaster",11,124.2,198,322.2,770.0,112.2,579.9,1349.9,3
Wed_00831,Wednesday,"Four Square Onehunga,Four Square Ellerslie,New World Eastridge",14,70.3,252,322.3,770.0,112.3,580.16,1350.16,3
Wed_00832,Wednesday,"New World Mt Albert,Four Square Eden Terrace,New World Metro Queen St",15,52.3,270,322.3,770.0,112.3,580.25,1350.25,3
Wed_00833,Wednesday,"Four Square Fair Price Henderson,New World Metro Shore City,Four Square St Heliers",10,142.3,180,322.3,770.0,112.3,580.46,1350.46,3
Wed_00834,Wednesday,"Four Square Glen Eden,Four Square Torbay,Four Square Ellerslie",10,142.5,180,322.5,770.0,112.5,581.23,1351.23,3
Wed_00835,Wednesday,"Four Square Britomart,New World Metro Queen St,New World Mt Albert",15,52.5,270,322.5,770.0,112.5,581.36,1351.36,3
Wed_00836,Wednesday,"Four Square Ellerslie,Four Square St Heliers,Four Square Britomart,New World Metro Queen St",13,88.7,234,322.7,770.0,112.7,582.15,1352.15,4
Wed_00837,Wednesday,"Four Square Pakuranga Heights,New World Metro Queen St,New World Point Chevalier",13,88.7,234,322.7,770.0,112.7,582.39,1352.39,3
Wed_00838,Wednesday,"Four Square Hobsonville,Four Square Ellerslie,New World Victoria Park",12,106.9,216,322.9,770.0,112.9,583.5,1353.5,3
Wed_00839,Wednesday,"New World Albany,Four Square Ellerslie",12,107.0,216,323.0,770.0,113.0,583.69,1353.69,2
Wed_00840,Wednesday,"New World Long Bay,Four Square Torbay",12,107.0,216,323.0,770.0,113.0,583.95,1353.95,2
Wed_00841,Wednesday,"Four Square Pakuranga Heights,Four Square St Heliers,New World Victoria Park",12,107.1,216,323.1,770.0,113.1,584.11,1354.11,3
Wed_00842,Wednesday,"Four Square Pakuranga Heights,Four Square Cockle Bay,New World Papakura",11,125.1,198,323.1,770.0,113.1,584.26,1354.26,3
Wed_00843,Wednesday,"New World Metro Shore City,Four Square St Heliers,Four Square Botany Junction",10,143.1,180,323.1,770.0,113.1,584.38,1354.38,3
Wed_00844,Wednesday,"New World Newmarket,Four Square Ellerslie,New World Metro Queen St",14,71.2,252,323.2,770.0,113.2,584.83,1354.83,3
Wed_00845,Wednesday,"Four Square Fair Price Henderson,Four Square Lancaster,Four Square Ellerslie",11,125.2,198,323.2,770.0,113.2,584.94,1354.94,3
Wed_00846,Wednesday,"Four Square Cockle Bay,Four Square St Heliers,Four Square Lancaster",9,161.3,162,323.3,770.0,113.3,585.29,1355.29,3
Wed_00847,Wednesday,"Four Square Lancaster,Four Square Remuera,Four Square St Heliers",11,125.3,198,323.3,770.0,113.3,585.55,1355.55,3
Wed_00848,Wednesday,"Four Square Glen Eden,Four Square Fair Price Henderson,New World Victoria Park",13,89.4,234,323.4,770.0,113.4,586.02,1356.02,3
Wed_00849,Wednesday,"Four Square Pakuranga Heights,Four Square Britomart,New World Victoria Park",13,89.5,234,323.5,770.0,113.5,586.27,1356.27,3
Wed_00850,Wednesday,"Four Square Torbay,Four Square Ellerslie,Four Square Remuera",11,125.6,198,323.6,770.0,113.6,586.83,1356.83,3
Wed_00851,Wednesday,"Four Square Torbay,Four Square Ellerslie,Four Square Eden Terrace",11,125.6,198,323.6,770.0,113.6,586.91,1356.91,3
Wed_00852,Wednesday,"Four Square Pakuranga Heights,Four Square Britomart,Four Square Lancaster",11,125.6,198,323.6,770.0,113.6,586.93,1356.93,3
Wed_00853,Wednesday,"Four Square Pakuranga Heights,Four Square Cockle Bay,New World Southmall",12,107.7,216,323.7,770.0,113.7,587.4,1357.4,3
Wed_00854,Wednesday,"Four Square Fair Price Henderson,Four Square Torbay,New World Metro Shore City",11,125.8,198,323.8,770.0,113.8,588.2,1358.2,3
Wed_00855,Wednesday,"New World Metro Queen St,Four Square St Heliers,New World Point Chevalier",13,90.1,234,324.1,770.0,114.1,589.29,1359.29,3
Wed_00856,Wednesday,"Four Square Onehunga,Four Square Ellerslie,New World Mt Albert",15,54.1,270,324.1,770.0,114.1,589.49,1359.49,3
Wed_00857,Wednesday,"Four Square Onehunga,Four Square Cockle Bay,Four Square Pakuranga Heights,New World Metro Queen St",12,108.1,216,324.1,770.0,114.1,589.51,1359.51,4
Wed_00858,Wednesday,"Four Square Cockle Bay,Four Square Eden Terrace,New World Victoria Park",12,108.1,216,324.1,770.0,114.1,589.56,1359.56,3
Wed_00859,Wednesday,"Pak 'n Save Highland Park,New World Metro Queen St",13,90.1,234,324.1,770.0,114.1,589.75,1359.75,2
Wed_00860,Wednesday,"Four Square Hobsonville,New World Victoria Park,Four Square Eden Terrace",13,90.1,234,324.1,770.0,114.1,589.75,1359.75,3
Wed_00861,Wednesday,"Four Square Cockle Bay,Four Square Pakuranga Heights,New World Metro Queen St,Four Square Britomart",12,108.2,216,324.2,770.0,114.2,590.25,1360.25,4
Wed_00862,Wednesday,"Four Square Onehunga,Four Square St Heliers,New World Victoria Park",13,90.2,234,324.2,770.0,114.2,590.27,1360.27,3
Wed_00863,Wednesday,"Four Square Glen Eden,Four Square Hobsonville,New World Point Chevalier",13,90.3,234,324.3,770.0,114.3,590.53,1360.53,3
Wed_00864,Wednesday,"New World Newmarket,Four Square Ellerslie,Four Square Onehunga",15,54.4,270,324.4,770.0,114.4,591.06,1361.06,3
Wed_00865,Wednesday,"Four Square Onehunga,Four Square Ellerslie,Four Square Pakuranga Heights,New World Metro Queen St",13,90.4,234,324.4,770.0,114.4,591.11,1361.11,4
Wed_00866,Wednesday,"Four Square Ellerslie,Four Square Pakuranga Heights,Four Square Cockle Bay,Four Square Botany Junction",12,108.5,216,324.5,770.0,114.5,591.41,1361.41,4
Wed_00867,Wednesday,"Four Square Ellerslie,Four Square Remuera,Four Square St Heliers,New World Metro Queen St",13,90.5,234,324.5,770.0,114.5,591.66,1361.66,4
Wed_00868,Wednesday,"Four Square Hobsonville,New World Point Chevalier,New World Metro Queen St",13,90.5,234,324.5,770.0,114.5,591.79,1361.79,3
Wed_00869,Wednesday,"Four Square Cockle Bay,Four Square Pakuranga Heights,Four Square Torbay",9,162.6,162,324.6,770.0,114.6,592.07,1362.07,3
Wed_00870,Wednesday,"New World Birkenhead,New World Metro Queen St,Four Square Glen Eden",12,108.7,216,324.7,770.0,114.7,592.46,1362.46,3
Wed_00871,Wednesday,"Four Square Onehunga,New World Eastridge,New World Metro Queen St",14,72.7,252,324.7,770.0,114.7,592.75,1362.75,3
Wed_00872,Wednesday,"Four Square Pakuranga Heights,Four Square Torbay,Four Square Hobsonville",10,144.8,180,324.8,770.0,114.8,593.06,1363.06,3
Wed_00873,Wednesday,"Four Square Ellerslie,New World Remuera,New World Metro Queen St",14,72.8,252,324.8,770.0,114.8,593.22,1363.22,3
Wed_00874,Wednesday,"Four Square Pakuranga Heights,Four Square Torbay,New World Metro Queen St",10,144.9,180,324.9,770.0,114.9,593.45,1363.45,3
Wed_00875,Wednesday,"Four Square Pakuranga Heights,Four Square Lancaster,Four Square Eden Terrace",11,126.9,198,324.9,770.0,114.9,593.58,1363.58,3
Wed_00876,Wednesday,"Four Square Hobsonville,Four Square Remuera,Four Square Botany Junction",11,126.9,198,324.9,770.0,114.9,593.67,1363.67,3
Wed_00877,Wednesday,"Four Square Cockle Bay,New World Metro Queen St,New World Point Chevalier",12,109.1,216,325.1,770.0,115.1,594.72,1364.72,3
Wed_00878,Wednesday,"New World Long Bay,Four Square Britomart",12,109.2,216,325.2,770.0,115.2,594.98,1364.98,2
Wed_00879,Wednesday,"Four Square Ellerslie,Four Square Cockle Bay,New World Ormiston",12,109.2,216,325.2,770.0,115.2,595.01,1365.01,3
Wed_00880,Wednesday,"Four Square Remuera,Four Square Eden Terrace,New World Victoria Park",14,73.2,252,325.2,770.0,115.2,595.04,1365.04,3
Wed_00881,Wednesday,"Four Square Cockle Bay,Four Square Pakuranga Heights,New World Metro Queen St,Four Square Eden Terrace",12,109.2,216,325.2,770.0,115.2,595.16,1365.16,4
Wed_00882,Wednesday,"New World Birkenhead,New World Metro Shore City,Four Square Hobsonville",12,109.2,216,325.2,770.0,115.2,595.32,1365.32,3
Wed_00883,Wednesday,"New World Birkenhead,Four Square Lancaster,New World Metro Queen St",13,91.3,234,325.3,770.0,115.3,595.57,1365.57,3
Wed_00884,Wednesday,"Four Square Pakuranga Heights,Four Square Remuera,Four Square Lancaster",11,127.3,198,325.3,770.0,115.3,595.61,1365.61,3
Wed_00885,Wednesday,"Four Square Cockle Bay,Four Square St Heliers,New World Victoria Park",11,127.3,198,325.3,770.0,115.3,595.66,1365.66,3
Wed_00886,Wednesday,"New World Long Bay,Four Square Eden Terrace",12,109.3,216,325.3,770.0,115.3,595.82,1365.82,2
Wed_00887,Wednesday,"Four Square Lancaster,Four Square Cockle Bay,Four Square Botany Junction",10,145.4,180,325.4,770.0,115.4,596.05,1366.05,3
Wed_00888,Wednesday,"Four Square Lancaster,Four Square Torbay,Four Square Hobsonville",11,127.4,198,325.4,770.0,115.4,596.32,1366.32,3
Wed_00889,Wednesday,"Four Square Lancaster,Four Square Torbay,New World Metro Queen St",11,127.5,198,325.5,770.0,115.5,596.71,1366.71,3
Wed_00890,Wednesday,"Four Square Pakuranga Heights,Four Square Ellerslie,Four Square St Heliers,New World Metro Queen St",12,109.5,216,325.5,770.0,115.5,596.72,1366.72,4
Wed_00891,Wednesday,"Four Square Britomart,New World Metro Queen St,Four Square Ellerslie,Four Square Remuera",14,73.6,252,325.6,770.0,115.6,597.33,1367.33,4
Wed_00892,Wednesday,"Four Square Britomart,New World Metro Queen St,Four Square Ellerslie,Four Square Eden Terrace",14,73.6,252,325.6,770.0,115.6,597.41,1367.41,4
Wed_00893,Wednesday,"Four Square Ellerslie,Four Square St Heliers,New World Metro Queen St,Four Square Eden Terrace",13,91.6,234,325.6,770.0,115.6,597.5,1367.5,4
Wed_00894,Wednesday,"New World Metro Shore City,New World Metro Queen St,Four Square Ellerslie,Four Square Onehunga",13,91.7,234,325.7,770.0,115.7,597.56,1367.56,4
Wed_00895,Wednesday,"Four Square Glen Eden,New World Metro Queen St,Four Square Ellerslie,Four Square Onehunga",13,91.7,234,325.7,770.0,115.7,597.61,1367.61,4
Wed_00896,Wednesday,"Four Square Torbay,New World Metro Queen St,Four Square St Heliers",10,145.8,180,325.8,770.0,115.8,598.24,1368.24,3
Wed_00897,Wednesday,"Four Square Cockle Bay,Four Square Britomart,New World Victoria Park",12,109.9,216,325.9,770.0,115.9,598.6,1368.6,3
Wed_00898,Wednesday,"Four Square Pakuranga Heights,Four Square Ellerslie,New World Metro Queen St,Four Square Britomart",13,91.9,234,325.9,770.0,115.9,598.61,1368.61,4
Wed_00899,Wednesday,"Four Square Cockle Bay,Four Square Britomart,Four Square Lancaster",10,146.0,180,326.0,770.0,116.0,599.26,1369.26,3
Wed_00900,Wednesday,"New World Metro Queen St,New World Victoria Park,Four Square Lancaster",13,92.0,234,326.0,770.0,116.0,599.3,1369.3,3
Wed_00901,Wednesday,"Four Square Ellerslie,Pak 'n Save Manukau",14,74.1,252,326.1,770.0,116.1,599.63,1369.63,2
Wed_00902,Wednesday,"Pak 'n Save Highland Park,Four Square Onehunga",14,74.1,252,326.1,770.0,116.1,599.76,1369.76,2
Wed_00903,Wednesday,"New World Victoria Park,Four Square Britomart,Four Square Remuera",14,74.2,252,326.2,770.0,116.2,600.16,1370.16,3
Wed_00904,Wednesday,"Four Square Remuera,New World Metro Queen St,New World Point Chevalier",14,74.2,252,326.2,770.0,116.2,600.19,1370.19,3
Wed_00905,Wednesday,"Four Square Pakuranga Heights,Four Square Ellerslie,Four Square Torbay",10,146.2,180,326.2,770.0,116.2,600.43,1370.43,3
Wed_00906,Wednesday,"Four Square Glen Eden,Four Square Fair Price Henderson,New World Point Chevalier",14,74.2,252,326.2,770.0,116.2,600.58,1370.58,3
Wed_00907,Wednesday,"Four Square Lancaster,Four Square Ellerslie,Four Square Botany Junction",11,128.2,198,326.2,770.0,116.2,600.6,1370.6,3
Wed_00908,Wednesday,"Four Square Hobsonville,New World Victoria Park,Four Square Britomart",13,92.3,234,326.3,770.0,116.3,600.77,1370.77,3
Wed_00909,Wednesday,"Four Square Botany Junction,Four Square St Heliers,Four Square Hobsonville",10,146.4,180,326.4,770.0,116.4,601.27,1371.27,3
Wed_00910,Wednesday,"New World Hobsonville,Four Square Hobsonville,New World Metro Shore City",13,92.4,234,326.4,770.0,116.4,601.49,1371.49,3
Wed_00911,Wednesday,"Four Square Hobsonville,Four Square Torbay,Four Square Remuera",11,128.5,198,326.5,770.0,116.5,601.92,1371.92,3
Wed_00912,Wednesday,"Four Square Lancaster,Four Square Britomart,Four Square Remuera",12,110.6,216,326.6,770.0,116.6,602.48,1372.48,3
Wed_00913,Wednesday,"Four Square Pakuranga Heights,Four Square Ellerslie,Four Square Remuera,New World Metro Queen St",13,92.7,234,326.7,770.0,116.7,602.9,1372.9,4
Wed_00914,Wednesday,"Four Square Onehunga,Four Square Ellerslie,New World Remuera",15,56.7,270,326.7,770.0,116.7,603.0,1373.0,3
Wed_00915,Wednesday,"Four Square Torbay,Four Square Ellerslie,Four Square St Heliers",10,146.7,180,326.7,770.0,116.7,603.07,1373.07,3
Wed_00916,Wednesday,"Four Square Onehunga,Four Square Ellerslie,Four Square Cockle Bay,New World Metro Queen St",12,110.8,216,326.8,770.0,116.8,603.44,1373.44,4
Wed_00917,Wednesday,"Four Square Pakuranga Heights,Four Square Ellerslie,New World Metro Queen St,Four Square Eden Terrace",13,92.8,234,326.8,770.0,116.8,603.52,1373.52,4
Wed_00918,Wednesday,"Four Square Ellerslie,Four Square Remuera,New World Metro Queen St,Four Square Eden Terrace",14,74.8,252,326.8,770.0,116.8,603.68,1373.68,4
Wed_00919,Wednesday,"Four Square Pakuranga Heights,New World Victoria Park,New World Metro Shore City",12,110.9,216,326.9,770.0,116.9,603.95,1373.95,3
Wed_00920,Wednesday,"Four Square Cockle Bay,Four Square Torbay,Four Square Hobsonville",9,165.2,162,327.2,770.0,117.2,605.39,1375.39,3
Wed_00921,Wednesday,"Four Square Cockle Bay,Four Square Torbay,New World Metro Queen St",9,165.2,162,327.2,770.0,117.2,605.78,1375.78,3
Wed_00922,Wednesday,"Four Square Cockle Bay,Four Square Lancaster,Four Square Eden Terrace",10,147.3,180,327.3,770.0,117.3,605.91,1375.91,3
Wed_00923,Wednesday,"Four Square Pakuranga Heights,Four Square Remuera,New World Victoria Park",13,93.3,234,327.3,770.0,117.3,605.97,1375.97,3
Wed_00924,Wednesday,"Four Square Torbay,New World Milford",12,111.3,216,327.3,770.0,117.3,606.24,1376.24,2
Wed_00925,Wednesday,"Four Square Britomart,Four Square Ellerslie,New World Point Chevalier",14,75.4,252,327.4,770.0,117.4,606.72,1376.72,3
Wed_00926,Wednesday,"Four Square Cockle Bay,Pak 'n Save Manukau",13,93.5,234,327.5,770.0,117.5,606.95,1376.95,2
Wed_00927,Wednesday,"New World Metro Queen St,Four Square Ellerslie,New World Papakura",12,111.5,216,327.5,770.0,117.5,606.98,1376.98,3
Wed_00928,Wednesday,"Four Square Cockle Bay,Four Square Pakuranga Heights,New World Eastridge",12,111.5,216,327.5,770.0,117.5,607.2,1377.2,3
Wed_00929,Wednesday,"New World Metro Queen St,Four Square Britomart,New World Eastridge",14,75.6,252,327.6,770.0,117.6,607.38,1377.38,3
Wed_00930,Wednesday,"Four Square Ellerslie,Four Square Remuera,New World Eastridge",14,75.6,252,327.6,770.0,117.6,607.38,1377.38,3
Wed_00931,Wednesday,"Four Square Pakuranga Heights,Four Square Torbay,New World Metro Shore City",10,147.6,180,327.6,770.0,117.6,607.57,1377.57,3
Wed_00932,Wednesday,"Four Square Cockle Bay,Four Square Remuera,Four Square Lancaster",10,147.7,180,327.7,770.0,117.7,607.94,1377.94,3
Wed_00933,Wednesday,"Four Square Glen Eden,Four Square Fair Price Henderson,Four Square Torbay",11,129.7,198,327.7,770.0,117.7,608.24,1378.24,3
Wed_00934,Wednesday,"New World Metro Queen St,Four Square Torbay,Four Square Remuera",11,129.7,198,327.7,770.0,117.7,608.3,1378.3,3
Wed_00935,Wednesday,"Four Square Cockle Bay,Four Square Ellerslie,Four Square St Heliers,New World Metro Queen St",11,129.9,198,327.9,770.0,117.9,609.05,1379.05,4
Wed_00936,Wednesday,"Four Square Onehunga,New World Birkenhead,New World Metro Shore City",13,93.9,234,327.9,770.0,117.9,609.25,1379.25,3
Wed_00937,Wednesday,"New World Metro Queen St,Four Square Ellerslie,New World Southmall",13,94.1,234,328.1,770.0,118.1,610.11,1380.11,3
Wed_00938,Wednesday,"Four Square Cockle Bay,Four Square Pakuranga Heights,New World Birkenhead",11,130.1,198,328.1,770.0,118.1,610.28,1380.28,3
Wed_00939,Wednesday,"Four Square Britomart,Four Square Torbay,Four Square Ellerslie",11,130.1,198,328.1,770.0,118.1,610.32,1380.32,3
Wed_00940,Wednesday,"Four Square Fair Price Henderson,New World Hobsonville,Four Square Hobsonville",14,76.2,252,328.2,770.0,118.2,610.57,1380.57,3
Wed_00941,Wednesday,"Four Square Lancaster,Four Square Torbay,New World Metro Shore City",11,130.2,198,328.2,770.0,118.2,610.83,1380.83,3
Wed_00942,Wednesday,"Four Square Cockle Bay,Four Square Ellerslie,New World Metro Queen St,Four Square Britomart",12,112.2,216,328.2,770.0,118.2,610.94,1380.94,4
Wed_00943,Wednesday,"New World Devonport,Four Square Ellerslie",12,112.5,216,328.5,770.0,118.5,612.2,1382.2,2
Wed_00944,Wednesday,"Four Square Cockle Bay,Four Square Ellerslie,Four Square Torbay",9,166.6,162,328.6,770.0,118.6,612.76,1382.76,3
Wed_00945,Wednesday,"Four Square Onehunga,Four Square Ellerslie,Four Square Remuera,Four Square Eden Terrace",15,58.6,270,328.6,770.0,118.6,612.93,1382.93,4
Wed_00946,Wednesday,"New World Birkenhead,Four Square Ellerslie,Four Square Remuera",13,94.7,234,328.7,770.0,118.7,613.41,1383.41,3
Wed_00947,Wednesday,"New World Birkenhead,Four Square Ellerslie,Four Square Eden Terrace",13,94.7,234,328.7,770.0,118.7,613.49,1383.49,3
Wed_00948,Wednesday,"Four Square Botany Junction,New World Metro Queen St,New World Victoria Park",13,94.8,234,328.8,770.0,118.8,613.58,1383.58,3
Wed_00949,Wednesday,"Four Square Pakuranga Heights,New World Eastridge,New World Metro Queen St",13,94.8,234,328.8,770.0,118.8,613.58,1383.58,3
Wed_00950,Wednesday,"New World Birkenhead,Four Square Lancaster,New World Metro Shore City",13,94.8,234,328.8,770.0,118.8,613.81,1383.81,3
Wed_00951,Wednesday,"Four Square Britomart,New World Birkenhead,New World Metro Shore City",13,94.8,234,328.8,770.0,118.8,613.85,1383.85,3
Wed_00952,Wednesday,"Four Square Britomart,New World Metro Queen St,New World Newmarket",15,58.9,270,328.9,770.0,118.9,614.38,1384.38,3
Wed_00953,Wednesday,"New World Victoria Park,Four Square Remuera,Four Square St Heliers",13,94.9,234,328.9,770.0,118.9,614.55,1384.55,3
Wed_00954,Wednesday,"New World Birkenhead,New World Metro Shore City,Four Square Eden Terrace",13,95.0,234,329.0,770.0,119.0,614.74,1384.74,3
Wed_00955,Wednesday,"Four Square Pakuranga Heights,Four Square Cockle Bay,New World Botany",13,95.0,234,329.0,770.0,119.0,615.01,1385.01,3
Wed_00956,Wednesday,"New World Victoria Park,New World Metro Shore City,Four Square Remuera",13,95.0,234,329.0,770.0,119.0,615.08,1385.08,3
Wed_00957,Wednesday,"Four Square Botany Junction,Four Square Cockle Bay,New World Victoria Park",12,113.1,216,329.1,770.0,119.1,615.14,1385.14,3
Wed_00958,Wednesday,"Four Square Cockle Bay,Four Square Ellerslie,Four Square Remuera,New World Metro Queen St",12,113.1,216,329.1,770.0,119.1,615.23,1385.23,4
Wed_00959,Wednesday,"Four Square Pakuranga Heights,Four Square St Heliers,New World Eastridge",13,95.1,234,329.1,770.0,119.1,615.47,1385.47,3
Wed_00960,Wednesday,"Four Square Onehunga,Four Square Ellerslie,New World Papakura",13,95.2,234,329.2,770.0,119.2,615.63,1385.63,3
Wed_00961,Wednesday,"Four Square Cockle Bay,Four Square Ellerslie,New World Metro Queen St,Four Square Eden Terrace",12,113.2,216,329.2,770.0,119.2,615.85,1385.85,4
Wed_00962,Wednesday,"Four Square Fair Price Henderson,Four Square Hobsonville,Four Square Botany Junction",11,131.2,198,329.2,770.0,119.2,615.95,1385.95,3
Wed_00963,Wednesday,"Four Square Cockle Bay,Four Square Pakuranga Heights,Four Square Ellerslie,Four Square Glen Eden",11,131.2,198,329.2,770.0,119.2,616.03,1386.03,4
Wed_00964,Wednesday,"Four Square Cockle Bay,New World Victoria Park,New World Metro Shore City",11,131.3,198,329.3,770.0,119.3,616.28,1386.28,3
Wed_00965,Wednesday,"Four Square Lancaster,Four Square Remuera,Four Square Glen Eden",11,131.3,198,329.3,770.0,119.3,616.47,1386.47,3
Wed_00966,Wednesday,"Four Square Glen Eden,Four Square Torbay,Four Square Britomart",11,131.3,198,329.3,770.0,119.3,616.58,1386.58,3
Wed_00967,Wednesday,"Four Square Cockle Bay,New World Howick,Four Square Pakuranga Heights",13,95.4,234,329.4,770.0,119.4,617.03,1387.03,3
Wed_00968,Wednesday,"Four Square Onehunga,New World Newmarket,New World Metro Queen St",15,59.5,270,329.5,770.0,119.5,617.34,1387.34,3
Wed_00969,Wednesday,"Four Square Glen Eden,Four Square Torbay,Four Square Eden Terrace",11,131.5,198,329.5,770.0,119.5,617.42,1387.42,3
Wed_00970,Wednesday,"Four Square Cockle Bay,Four Square St Heliers,Four Square Ellerslie,Four Square Onehunga",12,113.6,216,329.6,770.0,119.6,617.98,1387.98,4
Wed_00971,Wednesday,"Four Square Lancaster,Four Square St Heliers,Four Square Eden Terrace",11,131.6,198,329.6,770.0,119.6,618.06,1388.06,3
Wed_00972,Wednesday,"Four Square Cockle Bay,Four Square Remuera,New World Victoria Park",12,113.7,216,329.7,770.0,119.7,618.3,1388.3,3
Wed_00973,Wednesday,"Four Square Onehunga,Four Square Remuera,New World Point Chevalier",15,59.7,270,329.7,770.0,119.7,618.46,1388.46,3
Wed_00974,Wednesday,"Four Square Pakuranga Heights,Four Square Ellerslie,New World Birkenhead",12,113.7,216,329.7,770.0,119.7,618.64,1388.64,3
Wed_00975,Wednesday,"Four Square Onehunga,Four Square Ellerslie,New World Southmall",14,77.8,252,329.8,770.0,119.8,618.77,1388.77,3
Wed_00976,Wednesday,"New World Albany,Four Square Britomart",13,95.8,234,329.8,770.0,119.8,619.04,1389.04,2
Wed_00977,Wednesday,"Four Square Ellerslie,New World Stonefields,New World Metro Queen St",14,77.8,252,329.8,770.0,119.8,619.07,1389.07,3
Wed_00978,Wednesday,"Four Square Onehunga,New World Hobsonville,Four Square Hobsonville",14,77.8,252,329.8,770.0,119.8,619.14,1389.14,3
Wed_00979,Wednesday,"New World Albany,Four Square Eden Terrace",13,96.0,234,330.0,770.0,120.0,619.88,1389.88,2
Wed_00980,Wednesday,"Four Square Cockle Bay,Four Square Torbay,New World Metro Shore City",9,168.0,162,330.0,770.0,120.0,619.9,1389.9,3
Wed_00981,Wednesday,"Four Square Fair Price Henderson,Four Square Lancaster,Four Square Britomart",12,114.1,216,330.1,770.0,120.1,620.28,1390.28,3
Wed_00982,Wednesday,"Four Square Botany Junction,New World Metro Queen St,Four Square Lancaster",11,132.1,198,330.1,770.0,120.1,620.31,1390.31,3
Wed_00983,Wednesday,"Four Square Britomart,Four Square Eden Terrace,New World Point Chevalier",15,60.1,270,330.1,770.0,120.1,620.37,1390.37,3
Wed_00984,Wednesday,"Four Square Pakuranga Heights,New World Metro Queen St,New World Birkenhead",12,114.1,216,330.1,770.0,120.1,620.37,1390.37,3
Wed_00985,Wednesday,"New World Hobsonville,Four Square Hobsonville,Four Square Ellerslie",13,96.1,234,330.1,770.0,120.1,620.41,1390.41,3
Wed_00986,Wednesday,"New World Metro Shore City,Four Square Ellerslie,New World Point Chevalier",13,96.1,234,330.1,770.0,120.1,620.65,1390.65,3
Wed_00987,Wednesday,"New World Newmarket,New World Metro Queen St,Four Square Eden Terrace",15,60.1,270,330.1,770.0,120.1,620.74,1390.74,3
Wed_00988,Wednesday,"Four Square Cockle Bay,Four Square Pakuranga Heights,Four Square Ellerslie,Four Square Britomart",12,114.2,216,330.2,770.0,120.2,621.02,1391.02,4
Wed_00989,Wednesday,"Four Square Cockle Bay,New World Ormiston,Four Square Botany Junction",13,96.2,234,330.2,770.0,120.2,621.12,1391.12,3
Wed_00990,Wednesday,"Four Square Fair Price Henderson,Four Square Lancaster,Four Square Eden Terrace",12,114.2,216,330.2,770.0,120.2,621.12,1391.12,3
Wed_00991,Wednesday,"Four Square Onehunga,Four Square St Heliers,New World Eastridge",14,78.3,252,330.3,770.0,120.3,621.63,1391.63,3
Wed_00992,Wednesday,"Four Square Hobsonville,New World Devonport",12,114.3,216,330.3,770.0,120.3,621.67,1391.67,2
Wed_00993,Wednesday,"Four Square Eden Terrace,New World Metro Queen St,New World Eastridge",14,78.5,252,330.5,770.0,120.5,622.7,1392.7,3
Wed_00994,Wednesday,"Four Square Remuera,New World Eastridge,New World Metro Queen St",14,78.6,252,330.6,770.0,120.6,623.05,1393.05,3
Wed_00995,Wednesday,"New World Victoria Park,Four Square Eden Terrace,Four Square St Heliers",13,96.7,234,330.7,770.0,120.7,623.45,1393.45,3
Wed_00996,Wednesday,"Four Square Onehunga,Four Square Ellerslie,Four Square Remuera,Four Square St Heliers",14,78.7,252,330.7,770.0,120.7,623.87,1393.87,4
Wed_00997,Wednesday,"Pak 'n Save Wairau Road,New World Metro Shore City",14,78.8,252,330.8,770.0,120.8,624.09,1394.09,2
Wed_00998,Wednesday,"New World Birkenhead,New World Metro Queen St,Four Square St Heliers",12,114.9,216,330.9,770.0,120.9,624.82,1394.82,3
Wed_00999,Wednesday,"Four Square Botany Junction,Four Square Cockle Bay,Four Square Pakuranga Heights,New World Metro Queen St",12,114.9,216,330.9,770.0,120.9,624.87,1394.87,4
Wed_01000,Wednesday,"New World Hobsonville,Four Square Hobsonville,Four Square Eden Terrace",14,78.9,252,330.9,770.0,120.9,624.9,1394.9,3
Wed_01001,Wednesday,"Four Square Ellerslie,Four Square Pakuranga Heights,New World Ormiston",13,97.0,234,331.0,770.0,121.0,625.02,1395.02,3
Wed_01002,Wednesday,"Four Square Cockle Bay,New World Eastridge,New World Metro Queen St",12,115.0,216,331.0,770.0,121.0,625.14,1395.14,3
Wed_01003,Wednesday,"New World Birkenhead,New World Metro Shore City,Four Square Glen Eden",12,115.0,216,331.0,770.0,121.0,625.22,1395.22,3
Wed_01004,Wednesday,"Four Square Remuera,Four Square Torbay,New World Metro Shore City",11,133.0,198,331.0,770.0,121.0,625.37,1395.37,3
Wed_01005,Wednesday,"Four Square Lancaster,Four Square Pakuranga Heights,Four Square Botany Junction",11,133.1,198,331.1,770.0,121.1,625.54,1395.54,3
Wed_01006,Wednesday,"Four Square Onehunga,Four Square Britomart,New World Metro Queen St,Four Square Eden Terrace",15,61.1,270,331.1,770.0,121.1,625.55,1395.55,4
Wed_01007,Wednesday,"Four Square Pakuranga Heights,Four Square Ellerslie,New World Eastridge",13,97.1,234,331.1,770.0,121.1,625.84,1395.84,3
Wed_01008,Wednesday,"Four Square Cockle Bay,Four Square Pakuranga Heights,New World Mt Albert",13,97.3,234,331.3,770.0,121.3,626.81,1396.81,3
Wed_01009,Wednesday,"Four Square Cockle Bay,Four Square St Heliers,New World Eastridge",12,115.4,216,331.4,770.0,121.4,627.02,1397.02,3
Wed_01010,Wednesday,"Four Square Cockle Bay,Four Square Pakuranga Heights,Four Square Remuera,New World Metro Queen St",12,115.6,216,331.6,770.0,121.6,628.03,1398.03,4
Wed_01011,Wednesday,"Four Square Onehunga,Four Square Pakuranga Heights,Four Square Cockle Bay,Four Square Botany Junction",13,97.6,234,331.6,770.0,121.6,628.4,1398.4,4
Wed_01012,Wednesday,"New World Metro Queen St,Four Square Ellerslie,Four Square Cockle Bay,Four Square Botany Junction",12,115.6,216,331.6,770.0,121.6,628.41,1398.41,4
Wed_01013,Wednesday,"Four Square Torbay,Four Square Britomart,Four Square Eden Terrace",12,115.6,216,331.6,770.0,121.6,628.43,1398.43,3
Wed_01014,Wednesday,"Four Square Hobsonville,Four Square Torbay,Four Square St Heliers",10,151.7,180,331.7,770.0,121.7,628.53,1398.53,3
Wed_01015,Wednesday,"New World Ormiston,Four Square Cockle Bay,New World Metro Queen St",12,115.7,216,331.7,770.0,121.7,628.76,1398.76,3
Wed_01016,Wednesday,"Four Square Onehunga,Four Square Ellerslie,New World Stonefields",15,61.7,270,331.7,770.0,121.7,628.85,1398.85,3
Wed_01017,Wednesday,"Four Square Botany Junction,Four Square Ellerslie,New World Victoria Park",13,97.7,234,331.7,770.0,121.7,628.94,1398.94,3
Wed_01018,Wednesday,"Four Square Pakuranga Heights,Four Square Ellerslie,Four Square Remuera,Four Square Onehunga",14,79.7,252,331.7,770.0,121.7,628.99,1398.99,4
Wed_01019,Wednesday,"Four Square Glen Eden,Pak 'n Save Henderson",15,61.8,270,331.8,770.0,121.8,629.38,1399.38,2
Wed_01020,Wednesday,"Four Square Cockle Bay,Four Square Pakuranga Heights,Four Square St Heliers,Four Square Onehunga",12,115.8,216,331.8,770.0,121.8,629.46,1399.46,4
Wed_01021,Wednesday,"Pak 'n Save Wairau Road,New World Metro Queen St",14,79.9,252,331.9,770.0,121.9,629.65,1399.65,2
Wed_01022,Wednesday,"New World Birkenhead,Four Square Ellerslie,Four Square St Heliers",12,115.9,216,331.9,770.0,121.9,629.65,1399.65,3
Wed_01023,Wednesday,"Four Square Fair Price Henderson,New World Long Bay",12,115.9,216,331.9,770.0,121.9,629.94,1399.94,2
Wed_01024,Wednesday,"New World Birkenhead,Four Square Lancaster,Four Square Hobsonville",13,97.9,234,331.9,770.0,121.9,630.05,1400.05,3
Wed_01025,Wednesday,"Four Square Hobsonville,New World Metro Shore City,New World Point Chevalier",13,98.0,234,332.0,770.0,122.0,630.12,1400.12,3
Wed_01026,Wednesday,"Four Square Eden Terrace,Four Square Ellerslie,New World Eastridge",14,80.1,252,332.1,770.0,122.1,630.8,1400.8,3
Wed_01027,Wednesday,"New World Victoria Park,Four Square Lancaster,New World Metro Shore City",13,98.1,234,332.1,770.0,122.1,630.91,1400.91,3
Wed_01028,Wednesday,"Four Square Cockle Bay,Four Square Ellerslie,New World Birkenhead",11,134.1,198,332.1,770.0,122.1,630.97,1400.97,3
Wed_01029,Wednesday,"New World Metro Shore City,New World Metro Queen St,New World Mt Albert",14,80.1,252,332.1,770.0,122.1,631.0,1401.0,3
Wed_01030,Wednesday,"Four Square Onehunga,New World Remuera,New World Metro Queen St",15,62.2,270,332.2,770.0,122.2,631.27,1401.27,3
Wed_01031,Wednesday,"New World Mt Albert,Four Square Eden Terrace,Four Square Ellerslie",15,62.3,270,332.3,770.0,122.3,631.68,1401.68,3
Wed_01032,Wednesday,"Four Square Fair Price Henderson,Four Square Hobsonville,New World Victoria Park",13,98.3,234,332.3,770.0,122.3,631.69,1401.69,3
Wed_01033,Wednesday,"Four Square Onehunga,Four Square Cockle Bay,New World Ormiston",13,98.3,234,332.3,770.0,122.3,632.01,1402.01,3
Wed_01034,Wednesday,"Four Square Cockle Bay,New World Metro Queen St,New World Birkenhead",11,134.5,198,332.5,770.0,122.5,632.7,1402.7,3
Wed_01035,Wednesday,"Four Square Pakuranga Heights,Four Square St Heliers,New World Point Chevalier",13,98.5,234,332.5,770.0,122.5,632.8,1402.8,3
Wed_01036,Wednesday,"Four Square Onehunga,Four Square Pakuranga Heights,New World Point Chevalier",14,80.5,252,332.5,770.0,122.5,632.98,1402.98,3
Wed_01037,Wednesday,"Four Square Ellerslie,Four Square Cockle Bay,New World Papakura",11,134.7,198,332.7,770.0,122.7,633.73,1403.73,3
Wed_01038,Wednesday,"Four Square Pakuranga Heights,Four Square Ellerslie,New World Mt Albert",14,80.9,252,332.9,770.0,122.9,635.17,1405.17,3
Wed_01039,Wednesday,"Four Square Ellerslie,Four Square Remuera,New World Mt Albert",15,63.0,270,333.0,770.0,123.0,635.33,1405.33,3
Wed_01040,Wednesday,"Four Square Pakuranga Heights,Pak 'n Save Manukau",14,81.1,252,333.1,770.0,123.1,636.19,1406.19,2
Wed_01041,Wednesday,"Four Square Cockle Bay,Four Square Pakuranga Heights,New World Metro Queen St,Four Square Glen Eden",11,135.2,198,333.2,770.0,123.2,636.48,1406.48,4
Wed_01042,Wednesday,"Four Square Pakuranga Heights,Four Square St Heliers,Four Square Britomart,New World Metro Queen St",13,99.2,234,333.2,770.0,123.2,636.61,1406.61,4
Wed_01043,Wednesday,"Four Square Fair Price Henderson,Four Square Ellerslie,New World Victoria Park",13,99.3,234,333.3,770.0,123.3,636.86,1406.86,3
Wed_01044,Wednesday,"New World Birkenhead,New World Metro Queen St,Four Square Remuera",13,99.3,234,333.3,770.0,123.3,636.86,1406.86,3
Wed_01045,Wednesday,"Four Square Ellerslie,Four Square Cockle Bay,New World Southmall",12,117.3,216,333.3,770.0,123.3,636.87,1406.87,3
Wed_01046,Wednesday,"Four Square Fair Price Henderson,Four Square Torbay,Four Square Ellerslie",11,135.3,198,333.3,770.0,123.3,636.97,1406.97,3
Wed_01047,Wednesday,"Four Square Onehunga,Four Square Ellerslie,Four Square Cockle Bay,Four Square Botany Junction",13,99.3,234,333.3,770.0,123.3,637.07,1407.07,4
Wed_01048,Wednesday,"Four Square Cockle Bay,New World Howick,Four Square Ellerslie",13,99.4,234,333.4,770.0,123.4,637.72,1407.72,3
Wed_01049,Wednesday,"New World Metro Queen St,Four Square Ellerslie,New World Ormiston",13,99.4,234,333.4,770.0,123.4,637.82,1407.82,3
Wed_01050,Wednesday,"Four Square Cockle Bay,Four Square Pakuranga Heights,Four Square Ellerslie,New World Metro Shore City",11,135.5,198,333.5,770.0,123.5,638.03,1408.03,4
Wed_01051,Wednesday,"Four Square Pakuranga Heights,Four Square Eden Terrace,New World Point Chevalier",14,81.5,252,333.5,770.0,123.5,638.1,1408.1,3
Wed_01052,Wednesday,"Four Square Cockle Bay,Four Square Ellerslie,New World Eastridge",12,117.5,216,333.5,770.0,123.5,638.17,1408.17,3
Wed_01053,Wednesday,"Four Square Ellerslie,Four Square St Heliers,New World Metro Queen St,Four Square Glen Eden",12,117.6,216,333.6,770.0,123.6,638.82,1408.82,4
Wed_01054,Wednesday,"Four Square Hobsonville,New World Point Chevalier,Four Square Ellerslie",13,99.7,234,333.7,770.0,123.7,638.9,1408.9,3
Wed_01055,Wednesday,"Four Square Onehunga,Four Square St Heliers,New World Point Chevalier",14,81.7,252,333.7,770.0,123.7,638.96,1408.96,3
Wed_01056,Wednesday,"Four Square Ellerslie,New World Eastridge,Four Square Britomart",14,81.7,252,333.7,770.0,123.7,639.2,1409.2,3
Wed_01057,Wednesday,"New World Metro Shore City,Four Square Britomart,New World Metro Queen St,Four Square Ellerslie",13,99.7,234,333.7,770.0,123.7,639.21,1409.21,4
Wed_01058,Wednesday,"Four Square Britomart,New World Metro Queen St,Four Square Ellerslie,Four Square Glen Eden",13,99.7,234,333.7,770.0,123.7,639.26,1409.26,4
Wed_01059,Wednesday,"Pak 'n Save Highland Park,Four Square St Heliers",13,99.8,234,333.8,770.0,123.8,639.38,1409.38,2
Wed_01060,Wednesday,"Four Square Ellerslie,Four Square Remuera,New World Remuera",15,63.8,270,333.8,770.0,123.8,639.51,1409.51,3
Wed_01061,Wednesday,"Four Square Cockle Bay,Four Square Pakuranga Heights,New World Metro Queen St,New World Metro Shore City",11,135.8,198,333.8,770.0,123.8,639.76,1409.76,4
Wed_01062,Wednesday,"Four Square Ellerslie,New World Birkenhead,Four Square Hobsonville",12,117.9,216,333.9,770.0,123.9,639.96,1409.96,3
Wed_01063,Wednesday,"New World Newmarket,Four Square Ellerslie,Four Square Remuera",15,64.0,270,334.0,770.0,124.0,640.46,1410.46,3
Wed_01064,Wednesday,"New World Newmarket,Four Square Ellerslie,Four Square Eden Terrace",15,64.0,270,334.0,770.0,124.0,640.54,1410.54,3
Wed_01065,Wednesday,"Four Square Onehunga,Four Square Torbay,Four Square Britomart",12,118.1,216,334.1,770.0,124.1,641.06,1411.06,3
Wed_01066,Wednesday,"Four Square Cockle Bay,Four Square Ellerslie,Four Square Remuera,Four Square Onehunga",13,100.1,234,334.1,770.0,124.1,641.32,1411.32,4
Wed_01067,Wednesday,"New World Birkenhead,Four Square Britomart,Four Square Ellerslie",13,100.1,234,334.1,770.0,124.1,641.36,1411.36,3
Wed_01068,Wednesday,"Four Square Onehunga,Four Square Ellerslie,Four Square Pakuranga Heights,Four Square St Heliers",13,100.2,234,334.2,770.0,124.2,641.52,1411.52,4
Wed_01069,Wednesday,"New World Victoria Park,New World Metro Shore City,Four Square St Heliers",12,118.2,216,334.2,770.0,124.2,641.69,1411.69,3
Wed_01070,Wednesday,"Four Square Hobsonville,New World Metro Queen St,Four Square Ellerslie,Four Square Onehunga",13,100.2,234,334.2,770.0,124.2,641.73,1411.73,4
Wed_01071,Wednesday,"New World Birkenhead,Four Square Hobsonville,Four Square Glen Eden",12,118.2,216,334.2,770.0,124.2,641.83,1411.83,3
Wed_01072,Wednesday,"Four Square Onehunga,Four Square Torbay,Four Square Eden Terrace",12,118.2,216,334.2,770.0,124.2,641.9,1411.9,3
Wed_01073,Wednesday,"Four Square Ellerslie,Four Square St Heliers,New World Metro Queen St,New World Metro Shore City",12,118.3,216,334.3,770.0,124.3,642.1,1412.1,4
Wed_01074,Wednesday,"Four Square Lancaster,New World Metro Shore City,Four Square Botany Junction",11,136.3,198,334.3,770.0,124.3,642.25,1412.25,3
Wed_01075,Wednesday,"Four Square Onehunga,Four Square Ellerslie,Four Square St Heliers,Four Square Britomart",14,82.3,252,334.3,770.0,124.3,642.29,1412.29,4
Wed_01076,Wednesday,"Four Square Onehunga,Four Square St Heliers,Four Square Britomart,New World Metro Queen St",14,82.4,252,334.4,770.0,124.4,642.77,1412.77,4
Wed_01077,Wednesday,"Four Square Cockle Bay,Four Square Pakuranga Heights,New World Newmarket",13,100.4,234,334.4,770.0,124.4,642.98,1412.98,3
Wed_01078,Wednesday,"Four Square Fair Price Henderson,New World Victoria Park,Four Square Eden Terrace",14,82.5,252,334.5,770.0,124.5,643.1,1413.1,3
Wed_01079,Wednesday,"Four Square Hobsonville,New World Point Chevalier,Four Square Eden Terrace",14,82.5,252,334.5,770.0,124.5,643.39,1413.39,3
Wed_01080,Wednesday,"Four Square Cockle Bay,Four Square St Heliers,New World Point Chevalier",12,118.7,216,334.7,770.0,124.7,644.35,1414.35,3
Wed_01081,Wednesday,"New World Hobsonville,New World Metro Shore City,New World Metro Queen St",13,100.8,234,334.8,770.0,124.8,644.58,1414.58,3
Wed_01082,Wednesday,"Four Square Pakuranga Heights,Four Square Ellerslie,New World Metro Queen St,Four Square Glen Eden",12,118.8,216,334.8,770.0,124.8,644.84,1414.84,4
Wed_01083,Wednesday,"Four Square Ellerslie,Four Square Remuera,New World Metro Queen St,Four Square Glen Eden",13,100.8,234,334.8,770.0,124.8,645.0,1415.0,4
Wed_01084,Wednesday,"New World Papakura,New World Ormiston",13,100.8,234,334.8,770.0,124.8,645.01,1415.01,2
Wed_01085,Wednesday,"Four Square Fair Price Henderson,New World Point Chevalier,New World Metro Queen St",14,82.9,252,334.9,770.0,124.9,645.14,1415.14,3
Wed_01086,Wednesday,"Four Square Onehunga,Four Square Cockle Bay,Four Square Pakuranga Heights,Four Square Eden Terrace",13,100.9,234,334.9,770.0,124.9,645.22,1415.22,4
Wed_01087,Wednesday,"Four Square Onehunga,Four Square Cockle Bay,New World Point Chevalier",13,100.9,234,334.9,770.0,124.9,645.31,1415.31,3
Wed_01088,Wednesday,"Pak 'n Save Highland Park,Four Square Eden Terrace",14,82.9,252,334.9,770.0,124.9,645.46,1415.46,2
Wed_01089,Wednesday,"Four Square Ellerslie,New World Metro Queen St,Four Square Eden Terrace,Four Square Glen Eden",13,101.0,234,335.0,770.0,125.0,645.62,1415.62,4
Wed_01090,Wednesday,"Four Square Botany Junction,Four Square Pakuranga Heights,New World Victoria Park",13,101.0,234,335.0,770.0,125.0,645.82,1415.82,3
Wed_01091,Wednesday,"Four Square Onehunga,Four Square Ellerslie,Four Square St Heliers,Four Square Eden Terrace",14,83.0,252,335.0,770.0,125.0,646.01,1416.01,4
Wed_01092,Wednesday,"Four Square Fair Price Henderson,Four Square Hobsonville,New World Point Chevalier",14,83.1,252,335.1,770.0,125.1,646.26,1416.26,3
Wed_01093,Wednesday,"Four Square Onehunga,Four Square Pakuranga Heights,Four Square St Heliers,New World Metro Queen St",13,101.1,234,335.1,770.0,125.1,646.31,1416.31,4
Wed_01094,Wednesday,"Four Square Onehunga,Four Square Ellerslie,New World Ormiston",14,83.1,252,335.1,770.0,125.1,646.47,1416.47,3
Wed_01095,Wednesday,"New World Southmall,New World Ormiston",14,83.1,252,335.1,770.0,125.1,646.51,1416.51,2
Wed_01096,Wednesday,"Four Square Cockle Bay,Four Square Pakuranga Heights,Four Square St Heliers,Four Square Remuera",12,119.2,216,335.2,770.0,125.2,646.84,1416.84,4
Wed_01097,Wednesday,"Four Square Fair Price Henderson,Four Square Remuera,Four Square Botany Junction",12,119.2,216,335.2,770.0,125.2,647.02,1417.02,3
Wed_01098,Wednesday,"New World Metro Shore City,New World Metro Queen St,Four Square Ellerslie,Four Square Eden Terrace",13,101.2,234,335.2,770.0,125.2,647.05,1417.05,4
Wed_01099,Wednesday,"Four Square Britomart,New World Metro Queen St,New World New Lynn",15,65.2,270,335.2,770.0,125.2,647.06,1417.06,3
Wed_01100,Wednesday,"New World Victoria Park,Four Square Lancaster,Four Square Hobsonville",13,101.3,234,335.3,770.0,125.3,647.15,1417.15,3
Wed_01101,Wednesday,"New World Metro Shore City,Four Square Britomart,New World Metro Queen St,Four Square Eden Terrace",14,83.3,252,335.3,770.0,125.3,647.22,1417.22,4
Wed_01102,Wednesday,"Four Square Britomart,New World Metro Queen St,Four Square Eden Terrace,Four Square Glen Eden",14,83.3,252,335.3,770.0,125.3,647.27,1417.27,4
Wed_01103,Wednesday,"Four Square Britomart,New World Devonport",13,101.3,234,335.3,770.0,125.3,647.5,1417.5,2
Wed_01104,Wednesday,"Four Square Cockle Bay,Four Square Ellerslie,New World Mt Albert",13,101.3,234,335.3,770.0,125.3,647.5,1417.5,3
Wed_01105,Wednesday,"Four Square Onehunga,Four Square Remuera,Four Square St Heliers,New World Metro Queen St",14,83.4,252,335.4,770.0,125.4,648.02,1418.02,4
Wed_01106,Wednesday,"Four Square Pakuranga Heights,Four Square Ellerslie,New World Metro Queen St,New World Metro Shore City",12,119.4,216,335.4,770.0,125.4,648.12,1418.12,4
Wed_01107,Wednesday,"Four Square Cockle Bay,Four Square St Heliers,Four Square Britomart,New World Metro Queen St",12,119.5,216,335.5,770.0,125.5,648.16,1418.16,4
Wed_01108,Wednesday,"Four Square Ellerslie,Four Square Remuera,New World Metro Queen St,New World Metro Shore City",13,101.5,234,335.5,770.0,125.5,648.28,1418.28,4
Wed_01109,Wednesday,"Four Square Pakuranga Heights,Four Square Ellerslie,New World Remuera",14,83.6,252,335.6,770.0,125.6,648.68,1418.68,3
Wed_01110,Wednesday,"Four Square Ellerslie,New World Remuera,Four Square Eden Terrace",15,65.6,270,335.6,770.0,125.6,648.93,1418.93,3
Wed_01111,Wednesday,"Four Square Remuera,Four Square St Heliers,New World Eastridge",14,83.7,252,335.7,770.0,125.7,649.51,1419.51,3
Wed_01112,Wednesday,"Four Square Cockle Bay,Four Square Eden Terrace,New World Point Chevalier",13,101.9,234,335.9,770.0,125.9,650.43,1420.43,3
Wed_01113,Wednesday,"Four Square Torbay,Four Square Remuera,Four Square Onehunga",12,120.0,216,336.0,770.0,126.0,651.02,1421.02,3
Wed_01114,Wednesday,"Four Square Pakuranga Heights,New World Ormiston,Four Square Botany Junction",14,84.0,252,336.0,770.0,126.0,651.12,1421.12,3
Wed_01115,Wednesday,"Four Square Pakuranga Heights,Four Square St Heliers,Four Square Remuera,Four Square Ellerslie",13,102.0,234,336.0,770.0,126.0,651.24,1421.24,4
Wed_01116,Wednesday,"Four Square Pakuranga Heights,Four Square Ellerslie,New World Newmarket",14,84.1,252,336.1,770.0,126.1,651.34,1421.34,3
Wed_01117,Wednesday,"Four Square Hobsonville,New World Metro Shore City,Four Square Britomart,New World Metro Queen St",13,102.1,234,336.1,770.0,126.1,651.34,1421.34,4
Wed_01118,Wednesday,"Four Square Ellerslie,Four Square St Heliers,New World Mt Albert",14,84.1,252,336.1,770.0,126.1,651.57,1421.57,3
Wed_01119,Wednesday,"Four Square Hobsonville,New World Metro Shore City,New World Metro Queen St,Four Square Ellerslie",12,120.1,216,336.1,770.0,126.1,651.71,1421.71,4
Wed_01120,Wednesday,"Four Square Eden Terrace,Four Square Ellerslie,Four Square Pakuranga Heights,Four Square Onehunga",14,84.1,252,336.1,770.0,126.1,651.76,1421.76,4
Wed_01121,Wednesday,"Four Square Pakuranga Heights,Four Square St Heliers,New World Metro Queen St,Four Square Eden Terrace",13,102.2,234,336.2,770.0,126.2,651.96,1421.96,4
Wed_01122,Wednesday,"Four Square Pakuranga Heights,New World Stonefields,Four Square Ellerslie",14,84.3,252,336.3,770.0,126.3,652.43,1422.43,3
Wed_01123,Wednesday,"Four Square Lancaster,New World Long Bay",12,120.3,216,336.3,770.0,126.3,652.57,1422.57,2
Wed_01124,Wednesday,"Four Square Cockle Bay,New World Botany,Four Square Ellerslie",13,102.4,234,336.4,770.0,126.4,653.03,1423.03,3
Wed_01125,Wednesday,"New World Long Bay,Four Square Remuera",12,120.5,216,336.5,770.0,126.5,653.35,1423.35,2
Wed_01126,Wednesday,"Four Square Glen Eden,Four Square Hobsonville,New World Metro Shore City,New World Metro Queen St",12,120.5,216,336.5,770.0,126.5,653.5,1423.5,4
Wed_01127,Wednesday,"Four Square Torbay,New World Metro Shore City,Four Square St Heliers",10,156.5,180,336.5,770.0,126.5,653.67,1423.67,3
Wed_01128,Wednesday,"Four Square Fair Price Henderson,New World Albany",13,102.6,234,336.6,770.0,126.6,654.0,1424.0,2
Wed_01129,Wednesday,"Four Square Fair Price Henderson,New World Victoria Park,Four Square Britomart",14,84.6,252,336.6,770.0,126.6,654.12,1424.12,3
Wed_01130,Wednesday,"Four Square Cockle Bay,Four Square Pakuranga Heights,Four Square Remuera,Four Square Onehunga",13,102.6,234,336.6,770.0,126.6,654.12,1424.12,4
Wed_01131,Wednesday,"Four Square Botany Junction,Four Square St Heliers,Four Square Fair Price Henderson",11,138.7,198,336.7,770.0,126.7,654.62,1424.62,3
Wed_01132,Wednesday,"New World Papakura,Four Square Pakuranga Heights,Four Square Ellerslie",12,120.7,216,336.7,770.0,126.7,654.78,1424.78,3
Wed_01133,Wednesday,"Four Square Onehunga,Four Square Ellerslie,Four Square Remuera,Four Square Glen Eden",14,84.7,252,336.7,770.0,126.7,654.78,1424.78,4
Wed_01134,Wednesday,"Four Square Onehunga,Four Square Ellerslie,Four Square Eden Terrace,Four Square Glen Eden",14,84.7,252,336.7,770.0,126.7,654.86,1424.86,4
Wed_01135,Wednesday,"New World Birkenhead,Four Square Britomart,Four Square Eden Terrace",14,84.8,252,336.8,770.0,126.8,655.01,1425.01,3
Wed_01136,Wednesday,"Four Square Onehunga,Four Square Remuera,New World Metro Queen St,Four Square Britomart",15,66.8,270,336.8,770.0,126.8,655.13,1425.13,4
Wed_01137,Wednesday,"Four Square Ellerslie,New World Stonefields,Four Square St Heliers",14,84.9,252,336.9,770.0,126.9,655.52,1425.52,3
Wed_01138,Wednesday,"Four Square Pakuranga Heights,New World Metro Queen St,New World Mt Albert",14,84.9,252,336.9,770.0,126.9,655.62,1425.62,3
Wed_01139,Wednesday,"Four Square Remuera,Four Square Eden Terrace,New World Point Chevalier",15,66.9,270,336.9,770.0,126.9,655.9,1425.9,3
Wed_01140,Wednesday,"Four Square Britomart,New World Metro Shore City,New World Point Chevalier",14,85.0,252,337.0,770.0,127.0,655.94,1425.94,3
Wed_01141,Wednesday,"Pak 'n Save Highland Park,Four Square Botany Junction",14,85.0,252,337.0,770.0,127.0,656.4,1426.4,2
Wed_01142,Wednesday,"New World Newmarket,Four Square Ellerslie,Four Square St Heliers",14,85.1,252,337.1,770.0,127.1,656.7,1426.7,3
Wed_01143,Wednesday,"New World Metro Shore City,Four Square Eden Terrace,New World Point Chevalier",14,85.1,252,337.1,770.0,127.1,656.83,1426.83,3
Wed_01144,Wednesday,"Four Square Britomart,New World Metro Queen St,New World Remuera",15,67.2,270,337.2,770.0,127.2,657.06,1427.06,3
Wed_01145,Wednesday,"Four Square Cockle Bay,Four Square Ellerslie,New World Metro Queen St,Four Square Glen Eden",11,139.2,198,337.2,770.0,127.2,657.17,1427.17,4
Wed_01146,Wednesday,"Four Square Onehunga,Four Square Cockle Bay,Four Square St Heliers,New World Metro Queen St",12,121.3,216,337.3,770.0,127.3,657.86,1427.86,4
Wed_01147,Wednesday,"New World Metro Queen St,Four Square Ellerslie,Four Square Pakuranga Heights,Four Square Botany Junction",13,103.3,234,337.3,770.0,127.3,657.91,1427.91,4
Wed_01148,Wednesday,"New World Southmall,Four Square Pakuranga Heights,Four Square Ellerslie",13,103.3,234,337.3,770.0,127.3,657.92,1427.92,3
Wed_01149,Wednesday,"Four Square Onehunga,Four Square St Heliers,New World Metro Queen St,Four Square Eden Terrace",14,85.4,252,337.4,770.0,127.4,658.12,1428.12,4
Wed_01150,Wednesday,"Four Square Cockle Bay,Four Square Pakuranga Heights,Four Square St Heliers,Four Square Britomart",12,121.4,216,337.4,770.0,127.4,658.16,1428.16,4
Wed_01151,Wednesday,"Four Square Cockle Bay,New World Howick,New World Metro Queen St",13,103.4,234,337.4,770.0,127.4,658.17,1428.17,3
Wed_01152,Wednesday,"New World Southmall,Four Square Cockle Bay,New World Metro Queen St",12,121.4,216,337.4,770.0,127.4,658.26,1428.26,3
Wed_01153,Wednesday,"Four Square Cockle Bay,Four Square Pakuranga Heights,New World Stonefields",13,103.4,234,337.4,770.0,127.4,658.4,1428.4,3
Wed_01154,Wednesday,"New World Birkenhead,Four Square Lancaster,Four Square Ellerslie",13,103.4,234,337.4,770.0,127.4,658.46,1428.46,3
Wed_01155,Wednesday,"Four Square Pakuranga Heights,Four Square Ellerslie,Four Square Remuera,Four Square Eden Terrace",14,85.5,252,337.5,770.0,127.5,658.61,1428.61,4
Wed_01156,Wednesday,"New World Ormiston,Four Square Pakuranga Heights,New World Metro Queen St",13,103.6,234,337.6,770.0,127.6,659.44,1429.44,3
Wed_01157,Wednesday,"Four Square Lancaster,Four Square Torbay,Four Square Ellerslie",11,139.7,198,337.7,770.0,127.7,659.59,1429.59,3
Wed_01158,Wednesday,"Four Square Hobsonville,New World Metro Shore City,New World Metro Queen St,Four Square Eden Terrace",13,103.7,234,337.7,770.0,127.7,659.71,1429.71,4
Wed_01159,Wednesday,"Four Square Onehunga,Four Square Ellerslie,Four Square Remuera,Four Square Britomart",15,67.7,270,337.7,770.0,127.7,659.77,1429.77,4
Wed_01160,Wednesday,"Four Square Cockle Bay,Four Square Botany Junction,New World Papakura",12,121.7,216,337.7,770.0,127.7,659.84,1429.84,3
Wed_01161,Wednesday,"Four Square Pakuranga Heights,New World Birkenhead,New World Metro Shore City",12,121.7,216,337.7,770.0,127.7,659.87,1429.87,3
Wed_01162,Wednesday,"Four Square Pakuranga Heights,New World Victoria Park,Four Square Hobsonville",12,121.7,216,337.7,770.0,127.7,659.96,1429.96,3
Wed_01163,Wednesday,"Four Square Onehunga,Four Square Remuera,New World Metro Queen St,Four Square Eden Terrace",15,67.8,270,337.8,770.0,127.8,660.04,1430.04,4
Wed_01164,Wednesday,"Four Square Cockle Bay,Four Square Ellerslie,New World Metro Queen St,New World Metro Shore City",11,139.8,198,337.8,770.0,127.8,660.45,1430.45,4
Wed_01165,Wednesday,"Four Square Britomart,Four Square St Heliers,New World Eastridge",14,85.8,252,337.8,770.0,127.8,660.52,1430.52,3
Wed_01166,Wednesday,"Pak 'n Save Wairau Road,Four Square Hobsonville",14,85.9,252,337.9,770.0,127.9,660.75,1430.75,2
Wed_01167,Wednesday,"Four Square Cockle Bay,Four Square Ellerslie,New World Remuera",13,103.9,234,337.9,770.0,127.9,661.01,1431.01,3
Wed_01168,Wednesday,"Four Square Botany Junction,Four Square Lancaster,Four Square Hobsonville",11,140.0,198,338.0,770.0,128.0,661.53,1431.53,3
Wed_01169,Wednesday,"Four Square Fair Price Henderson,New World Metro Shore City,New World Victoria Park",13,104.1,234,338.1,770.0,128.1,661.64,1431.64,3
Wed_01170,Wednesday,"Four Square Cockle Bay,Four Square Pakuranga Heights,New World Remuera",13,104.1,234,338.1,770.0,128.1,661.83,1431.83,3
Wed_01171,Wednesday,"Four Square Cockle Bay,Four Square Pakuranga Heights,Four Square St Heliers,Four Square Eden Terrace",12,122.1,216,338.1,770.0,128.1,661.88,1431.88,4
Wed_01172,Wednesday,"Four Square Onehunga,Four Square Pakuranga Heights,New World Ormiston",14,86.1,252,338.1,770.0,128.1,662.01,1432.01,3
Wed_01173,Wednesday,"New World Metro Queen St,Four Square St Heliers,New World Mt Albert",14,86.2,252,338.2,770.0,128.2,662.52,1432.52,3
Wed_01174,Wednesday,"Four Square Eden Terrace,Four Square Britomart,Four Square Ellerslie,Four Square Onehunga",15,68.2,270,338.2,770.0,128.2,662.6,1432.6,4
Wed_01175,Wednesday,"Four Square Cockle Bay,Four Square St Heliers,Four Square Remuera,Four Square Ellerslie",12,122.3,216,338.3,770.0,128.3,662.79,1432.79,4
Wed_01176,Wednesday,"Four Square Cockle Bay,Four Square Botany Junction,New World Southmall",13,104.3,234,338.3,770.0,128.3,662.97,1432.97,3
Wed_01177,Wednesday,"New World Green Bay,Four Square Britomart,New World Metro Queen St",15,68.4,270,338.4,770.0,128.4,663.14,1433.14,3
Wed_01178,Wednesday,"New World Remuera,New World Metro Queen St,Four Square Eden Terrace",15,68.4,270,338.4,770.0,128.4,663.41,1433.41,3
Wed_01179,Wednesday,"Four Square Cockle Bay,Four Square St Heliers,New World Metro Queen St,Four Square Eden Terrace",12,122.4,216,338.4,770.0,128.4,663.51,1433.51,4
Wed_01180,Wednesday,"Four Square Cockle Bay,Four Square Ellerslie,New World Newmarket",13,104.5,234,338.5,770.0,128.5,663.67,1433.67,3
Wed_01181,Wednesday,"Four Square Onehunga,Four Square Remuera,New World Eastridge",15,68.5,270,338.5,770.0,128.5,663.73,1433.73,3
Wed_01182,Wednesday,"Four Square Cockle Bay,New World Stonefields,Four Square Ellerslie",13,104.5,234,338.5,770.0,128.5,663.98,1433.98,3
Wed_01183,Wednesday,"New World Metro Shore City,New World Metro Queen St,New World Newmarket",14,86.5,252,338.5,770.0,128.5,664.02,1434.02,3
Wed_01184,Wednesday,"Four Square Eden Terrace,Four Square Ellerslie,Four Square Cockle Bay,Four Square Onehunga",13,104.5,234,338.5,770.0,128.5,664.09,1434.09,4
Wed_01185,Wednesday,"New World Metro Queen St,New World Eastridge,Four Square Glen Eden",13,104.5,234,338.5,770.0,128.5,664.16,1434.16,3
Wed_01186,Wednesday,"New World Metro Shore City,New World Metro Queen St,New World Eastridge",13,104.7,234,338.7,770.0,128.7,665.0,1435.0,3
Wed_01187,Wednesday,"Four Square Onehunga,New World Birkenhead,Four Square Hobsonville",13,104.8,234,338.8,770.0,128.8,665.27,1435.27,3
Wed_01188,Wednesday,"Four Square Cockle Bay,Four Square Pakuranga Heights,Four Square Ellerslie,Four Square Hobsonville",11,140.8,198,338.8,770.0,128.8,665.31,1435.31,4
Wed_01189,Wednesday,"Four Square Onehunga,New World Metro Queen St,Four Square Britomart,New World Metro Shore City",14,86.9,252,338.9,770.0,128.9,665.91,1435.91,4
Wed_01190,Wednesday,"Four Square Onehunga,New World Metro Queen St,Four Square Britomart,Four Square Glen Eden",14,86.9,252,338.9,770.0,128.9,666.01,1436.01,4
Wed_01191,Wednesday,"Four Square Torbay,Four Square Pakuranga Heights,Four Square Onehunga",11,140.9,198,338.9,770.0,128.9,666.12,1436.12,3
Wed_01192,Wednesday,"Four Square Glen Eden,Four Square Fair Price Henderson,New World Hobsonville",14,86.9,252,338.9,770.0,128.9,666.22,1436.22,3
Wed_01193,Wednesday,"Four Square Eden Terrace,Four Square Ellerslie,New World Papakura",13,105.0,234,339.0,770.0,129.0,666.27,1436.27,3
Wed_01194,Wednesday,"Pak 'n Save Manukau,Four Square Botany Junction",15,69.0,270,339.0,770.0,129.0,666.45,1436.45,2
Wed_01195,Wednesday,"New World Papakura,Four Square Ellerslie,Four Square Remuera",13,105.0,234,339.0,770.0,129.0,666.48,1436.48,3
Wed_01196,Wednesday,"New World Metro Shore City,New World Milford,New World Metro Queen St",14,87.0,252,339.0,770.0,129.0,666.51,1436.51,3
Wed_01197,Wednesday,"Four Square Onehunga,Four Square Ellerslie,Four Square Pakuranga Heights,Four Square Botany Junction",14,87.0,252,339.0,770.0,129.0,666.56,1436.56,4
Wed_01198,Wednesday,"New World Newmarket,Four Square St Heliers,New World Metro Queen St",14,87.0,252,339.0,770.0,129.0,666.63,1436.63,3
Wed_01199,Wednesday,"Four Square Remuera,Four Square St Heliers,New World Point Chevalier",14,87.1,252,339.1,770.0,129.1,666.84,1436.84,3
Wed_01200,Wednesday,"Four Square Cockle Bay,Four Square St Heliers,Four Square Ellerslie,Four Square Eden Terrace",12,123.2,216,339.2,770.0,129.2,667.46,1437.46,4
Wed_01201,Wednesday,"Four Square Eden Terrace,New World Eastridge,Four Square St Heliers",14,87.2,252,339.2,770.0,129.2,667.67,1437.67,3
Wed_01202,Wednesday,"Four Square Fair Price Henderson,Four Square Glen Eden,New World Green Bay",15,69.2,270,339.2,770.0,129.2,667.77,1437.77,3
Wed_01203,Wednesday,"Four Square Ellerslie,New World Eastridge,Four Square Glen Eden",13,105.3,234,339.3,770.0,129.3,667.94,1437.94,3
Wed_01204,Wednesday,"Four Square Cockle Bay,New World Metro Queen St,New World Mt Albert",13,105.3,234,339.3,770.0,129.3,667.95,1437.95,3
Wed_01205,Wednesday,"Four Square Cockle Bay,New World Howick,Four Square Onehunga",14,87.3,252,339.3,770.0,129.3,668.18,1438.18,3
Wed_01206,Wednesday,"New World Remuera,Four Square Remuera,New World Metro Queen St",15,69.3,270,339.3,770.0,129.3,668.23,1438.23,3
Wed_01207,Wednesday,"New World Southmall,Four Square Cockle Bay,Four Square Onehunga",13,105.3,234,339.3,770.0,129.3,668.27,1438.27,3
Wed_01208,Wednesday,"New World Remuera,Four Square Ellerslie,Four Square St Heliers",14,87.4,252,339.4,770.0,129.4,668.79,1438.79,3
Wed_01209,Wednesday,"Four Square Onehunga,Four Square Britomart,New World Birkenhead",14,87.5,252,339.5,770.0,129.5,668.92,1438.92,3
Wed_01210,Wednesday,"Four Square Ellerslie,Pak 'n Save Sylvia Park",15,69.5,270,339.5,770.0,129.5,668.98,1438.98,2
Wed_01211,Wednesday,"Four Square Ellerslie,New World Stonefields,Four Square Remuera",15,69.5,270,339.5,770.0,129.5,669.05,1439.05,3
Wed_01212,Wednesday,"New World Hobsonville,Four Square Ellerslie,New World Metro Queen St",13,105.5,234,339.5,770.0,129.5,669.33,1439.33,3
Wed_01213,Wednesday,"Four Square Fair Price Henderson,Four Square Glen Eden,New World New Lynn",15,69.5,270,339.5,770.0,129.5,669.33,1439.33,3
Wed_01214,Wednesday,"Four Square Eden Terrace,Four Square Ellerslie,New World Southmall",14,87.6,252,339.6,770.0,129.6,669.41,1439.41,3
Wed_01215,Wednesday,"New World Southmall,Four Square Ellerslie,Four Square Remuera",14,87.6,252,339.6,770.0,129.6,669.62,1439.62,3
Wed_01216,Wednesday,"Four Square Onehunga,Four Square Pakuranga Heights,New World Metro Queen St,Four Square Britomart",14,87.6,252,339.6,770.0,129.6,669.65,1439.65,4
Wed_01217,Wednesday,"Four Square Britomart,New World Birkenhead,Four Square Hobsonville",13,105.7,234,339.7,770.0,129.7,669.86,1439.86,3
Wed_01218,Wednesday,Pak 'n Save Albany,14,87.7,252,339.7,770.0,129.7,669.94,1439.94,1
Wed_01219,Wednesday,"New World Metro Queen St,Four Square Cockle Bay,New World Papakura",11,141.7,198,339.7,770.0,129.7,670.26,1440.26,3
Wed_01220,Wednesday,"Four Square Remuera,Four Square St Heliers,Four Square Britomart,New World Metro Queen St",14,87.8,252,339.8,770.0,129.8,670.65,1440.65,4
Wed_01221,Wednesday,"Four Square Onehunga,Four Square Cockle Bay,New World Papakura",12,123.8,216,339.8,770.0,129.8,670.73,1440.73,3
Wed_01222,Wednesday,"Four Square Onehunga,New World Metro Queen St,Four Square Eden Terrace,Four Square Glen Eden",14,87.9,252,339.9,770.0,129.9,670.92,1440.92,4
Wed_01223,Wednesday,"Four Square Cockle Bay,Four Square Ellerslie,Four Square Remuera,Four Square Eden Terrace",13,105.9,234,339.9,770.0,129.9,670.94,1440.94,4
Wed_01224,Wednesday,"New World Hobsonville,Four Square Britomart,New World Metro Queen St",14,87.9,252,339.9,770.0,129.9,670.98,1440.98,3
Wed_01225,Wednesday,"Four Square Onehunga,Four Square Ellerslie,Four Square St Heliers,Four Square Glen Eden",13,105.9,234,339.9,770.0,129.9,671.02,1441.02,4
Wed_01226,Wednesday,"Four Square Pakuranga Heights,Four Square Lancaster,Four Square Fair Price Henderson",11,141.9,198,339.9,770.0,129.9,671.29,1441.29,3
Wed_01227,Wednesday,"Four Square Eden Terrace,New World Metro Queen St,Four Square Britomart,Four Square St Heliers",14,88.0,252,340.0,770.0,130.0,671.5,1441.5,4
Wed_01228,Wednesday,"Four Square Pakuranga Heights,Four Square Remuera,New World Point Chevalier",14,88.0,252,340.0,770.0,130.0,671.51,1441.51,3
Wed_01229,Wednesday,"Four Square Pakuranga Heights,New World Newmarket,New World Metro Queen St",14,88.0,252,340.0,770.0,130.0,671.79,1441.79,3
Wed_01230,Wednesday,"New World Remuera,Four Square St Heliers,New World Metro Queen St",14,88.0,252,340.0,770.0,130.0,671.88,1441.88,3
Wed_01231,Wednesday,"Four Square Cockle Bay,New World Birkenhead,New World Metro Shore City",11,142.1,198,340.1,770.0,130.1,672.2,1442.2,3
Wed_01232,Wednesday,"New World Birkenhead,New World Metro Shore City,Four Square Remuera",13,106.1,234,340.1,770.0,130.1,672.28,1442.28,3
Wed_01233,Wednesday,"Four Square Cockle Bay,New World Victoria Park,Four Square Hobsonville",11,142.1,198,340.1,770.0,130.1,672.29,1442.29,3
Wed_01234,Wednesday,"Four Square Fair Price Henderson,Four Square Torbay,Four Square Britomart",12,124.1,216,340.1,770.0,130.1,672.31,1442.31,3
Wed_01235,Wednesday,"New World Hobsonville,Four Square Hobsonville,Four Square Britomart",14,88.1,252,340.1,770.0,130.1,672.43,1442.43,3
Wed_01236,Wednesday,"Four Square Hobsonville,New World Metro Shore City,Four Square Ellerslie,Four Square Onehunga",13,106.2,234,340.2,770.0,130.2,672.58,1442.58,4
Wed_01237,Wednesday,"Four Square Onehunga,New World Newmarket,Four Square Eden Terrace",16,52.3,288,340.3,770.0,130.3,673.05,1443.05,3
Wed_01238,Wednesday,"Four Square Fair Price Henderson,Four Square Torbay,Four Square Eden Terrace",12,124.3,216,340.3,770.0,130.3,673.15,1443.15,3
Wed_01239,Wednesday,"Four Square Remuera,New World Metro Queen St,New World Mt Albert",15,70.3,270,340.3,770.0,130.3,673.43,1443.43,3
Wed_01240,Wednesday,"Four Square Cockle Bay,New World Botany,New World Metro Queen St",13,106.4,234,340.4,770.0,130.4,673.48,1443.48,3
Wed_01241,Wednesday,"Four Square Pakuranga Heights,New World Eastridge,Four Square Onehunga",14,88.4,252,340.4,770.0,130.4,673.72,1443.72,3
Wed_01242,Wednesday,"Four Square Eden Terrace,Four Square Ellerslie,Four Square Remuera,Four Square St Heliers",14,88.6,252,340.6,770.0,130.6,674.51,1444.51,4
Wed_01243,Wednesday,"Four Square Onehunga,Four Square Pakuranga Heights,New World Metro Queen St,Four Square Eden Terrace",14,88.6,252,340.6,770.0,130.6,674.56,1444.56,4
Wed_01244,Wednesday,"Four Square Ellerslie,New World Stonefields,Four Square Eden Terrace",15,70.6,270,340.6,770.0,130.6,674.78,1444.78,3
Wed_01245,Wednesday,"Four Square Glen Eden,Four Square Torbay,Four Square Remuera",11,142.6,198,340.6,770.0,130.6,674.95,1444.95,3
Wed_01246,Wednesday,"Four Square Onehunga,Four Square Remuera,New World Birkenhead",14,88.7,252,340.7,770.0,130.7,675.16,1445.16,3
Wed_01247,Wednesday,"New World Papakura,Four Square Pakuranga Heights,New World Metro Queen St",12,124.7,216,340.7,770.0,130.7,675.23,1445.23,3
Wed_01248,Wednesday,"Four Square Botany Junction,Four Square Cockle Bay,Four Square Pakuranga Heights,Four Square St Heliers",12,124.7,216,340.7,770.0,130.7,675.28,1445.28,4
Wed_01249,Wednesday,"Four Square Fair Price Henderson,Four Square Torbay,Four Square Onehunga",12,124.7,216,340.7,770.0,130.7,675.46,1445.46,3
Wed_01250,Wednesday,"New World Victoria Park,Four Square Lancaster,Four Square Ellerslie",13,106.8,234,340.8,770.0,130.8,675.55,1445.55,3
Wed_01251,Wednesday,"New World Hobsonville,Four Square Ellerslie,Four Square Onehunga",14,88.8,252,340.8,770.0,130.8,675.55,1445.55,3
Wed_01252,Wednesday,"Four Square Pakuranga Heights,Four Square St Heliers,Four Square Remuera,New World Metro Queen St",13,106.8,234,340.8,770.0,130.8,675.65,1445.65,4
Wed_01253,Wednesday,"New World Birkenhead,New World Milford",14,88.8,252,340.8,770.0,130.8,675.78,1445.78,2
Wed_01254,Wednesday,"Four Square Pakuranga Heights,Four Square Britomart,New World Metro Queen St,Four Square Eden Terrace",14,88.9,252,340.9,770.0,130.9,676.16,1446.16,4
Wed_01255,Wednesday,"Four Square Glen Eden,Four Square Torbay,Four Square Lancaster",11,142.9,198,340.9,770.0,130.9,676.24,1446.24,3
Wed_01256,Wednesday,"Four Square Ellerslie,New World Ormiston,Four Square Botany Junction",14,88.9,252,340.9,770.0,130.9,676.39,1446.39,3
Wed_01257,Wednesday,"Four Square Lancaster,New World Albany",13,107.0,234,341.0,770.0,131.0,676.63,1446.63,2
Wed_01258,Wednesday,"Four Square Onehunga,Four Square Ellerslie,Four Square Remuera,New World Metro Shore City",14,89.0,252,341.0,770.0,131.0,676.79,1446.79,4
Wed_01259,Wednesday,"Four Square Hobsonville,Four Square Remuera,New World Victoria Park",13,107.1,234,341.1,770.0,131.1,677.23,1447.23,3
Wed_01260,Wednesday,"New World Albany,Four Square Remuera",13,107.1,234,341.1,770.0,131.1,677.42,1447.42,2
Wed_01261,Wednesday,"Four Square Ellerslie,Four Square St Heliers,Four Square Cockle Bay,Four Square Botany Junction",12,125.2,216,341.2,770.0,131.2,677.83,1447.83,4
Wed_01262,Wednesday,"Four Square Britomart,Four Square St Heliers,New World Point Chevalier",14,89.2,252,341.2,770.0,131.2,677.85,1447.85,3
Wed_01263,Wednesday,"Four Square Onehunga,Four Square Eden Terrace,New World Metro Queen St,New World Metro Shore City",14,89.3,252,341.3,770.0,131.3,678.17,1448.17,4
Wed_01264,Wednesday,"New World Hobsonville,Four Square Eden Terrace,New World Metro Queen St",14,89.3,252,341.3,770.0,131.3,678.32,1448.32,3
Wed_01265,Wednesday,"New World Southmall,Four Square Pakuranga Heights,New World Metro Queen St",13,107.3,234,341.3,770.0,131.3,678.37,1448.37,3
Wed_01266,Wednesday,"New World Ormiston,Four Square Cockle Bay,Four Square St Heliers",12,125.3,216,341.3,770.0,131.3,678.39,1448.39,3
Wed_01267,Wednesday,"Four Square Torbay,Four Square Cockle Bay,Four Square Onehunga",10,161.3,180,341.3,770.0,131.3,678.45,1448.45,3
Wed_01268,Wednesday,"New World Newmarket,Four Square Remuera,New World Metro Queen St",15,71.3,270,341.3,770.0,131.3,678.56,1448.56,3
Wed_01269,Wednesday,"Four Square Fair Price Henderson,Four Square Lancaster,Four Square Remuera",12,125.4,216,341.4,770.0,131.4,678.66,1448.66,3
Wed_01270,Wednesday,"Pak 'n Save Highland Park,Four Square Remuera",14,89.4,252,341.4,770.0,131.4,678.86,1448.86,2
Wed_01271,Wednesday,"Four Square Pakuranga Heights,Four Square Torbay,Four Square Glen Eden",10,161.4,180,341.4,770.0,131.4,679.04,1449.04,3
Wed_01272,Wednesday,"Four Square Hobsonville,New World Browns Bay,New World Metro Queen St",13,107.5,234,341.5,770.0,131.5,679.18,1449.18,3
Wed_01273,Wednesday,"Four Square Cockle Bay,Four Square Pakuranga Heights,Four Square Onehunga,Four Square Glen Eden",12,125.5,216,341.5,770.0,131.5,679.58,1449.58,4
Wed_01274,Wednesday,"Four Square Onehunga,New World Stonefields,New World Metro Queen St",15,71.6,270,341.6,770.0,131.6,679.69,1449.69,3
Wed_01275,Wednesday,"Four Square Britomart,Four Square Ellerslie,New World Mt Albert",15,71.6,270,341.6,770.0,131.6,679.95,1449.95,3
Wed_01276,Wednesday,"New World Long Bay,Four Square St Heliers",11,143.6,198,341.6,770.0,131.6,679.96,1449.96,2
Wed_01277,Wednesday,"Four Square Botany Junction,Four Square Cockle Bay,Four Square Pakuranga Heights,Four Square Eden Terrace",13,107.7,234,341.7,770.0,131.7,680.58,1450.58,4
Wed_01278,Wednesday,"Four Square Torbay,Four Square Remuera,Four Square Eden Terrace",12,125.7,216,341.7,770.0,131.7,680.64,1450.64,3
Wed_01279,Wednesday,"Four Square Botany Junction,Four Square Cockle Bay,New World Point Chevalier",13,107.7,234,341.7,770.0,131.7,680.67,1450.67,3
Wed_01280,Wednesday,"Four Square Eden Terrace,New World Birkenhead,Four Square Hobsonville",13,107.8,234,341.8,770.0,131.8,680.87,1450.87,3
Wed_01281,Wednesday,"New World Stonefields,Four Square St Heliers,New World Metro Queen St",14,89.9,252,341.9,770.0,131.9,681.56,1451.56,3
Wed_01282,Wednesday,"Four Square Onehunga,Four Square Cockle Bay,New World Metro Queen St,Four Square Britomart",13,108.0,234,342.0,770.0,132.0,681.99,1451.99,4
Wed_01283,Wednesday,"New World Newmarket,Four Square Ellerslie,Four Square Glen Eden",14,90.1,252,342.1,770.0,132.1,682.4,1452.4,3
Wed_01284,Wednesday,"Four Square Onehunga,New World Eastridge,Four Square Eden Terrace",15,72.1,270,342.1,770.0,132.1,682.5,1452.5,3
Wed_01285,Wednesday,"New World Papakura,New World Metro Queen St,Four Square Britomart",13,108.1,234,342.1,770.0,132.1,682.64,1452.64,3
Wed_01286,Wednesday,"New World Papakura,Four Square Ellerslie,Four Square St Heliers",12,126.1,216,342.1,770.0,132.1,682.72,1452.72,3
Wed_01287,Wednesday,"Four Square Ellerslie,Four Square Remuera,Four Square St Heliers,Four Square Britomart",14,90.2,252,342.2,770.0,132.2,682.91,1452.91,4
Wed_01288,Wednesday,"Four Square Cockle Bay,New World Botany,Four Square Onehunga",14,90.3,252,342.3,770.0,132.3,683.49,1453.49,3
Wed_01289,Wednesday,"Four Square Cockle Bay,Four Square Lancaster,Four Square Fair Price Henderson",10,162.3,180,342.3,770.0,132.3,683.62,1453.62,3
Wed_01290,Wednesday,"Four Square Cockle Bay,Four Square Pakuranga Heights,Four Square Remuera,Four Square Eden Terrace",13,108.3,234,342.3,770.0,132.3,683.74,1453.74,4
Wed_01291,Wednesday,"Four Square Hobsonville,Four Square Ellerslie,Four Square St Heliers,New World Metro Queen St",12,126.4,216,342.4,770.0,132.4,683.82,1453.82,4
Wed_01292,Wednesday,"Four Square Cockle Bay,Four Square Remuera,New World Point Chevalier",13,108.4,234,342.4,770.0,132.4,683.84,1453.84,3
Wed_01293,Wednesday,"Four Square Onehunga,New World Eastridge,Four Square Britomart",15,72.4,270,342.4,770.0,132.4,684.0,1454.0,3
Wed_01294,Wednesday,"Four Square Cockle Bay,New World Newmarket,New World Metro Queen St",13,108.4,234,342.4,770.0,132.4,684.12,1454.12,3
Wed_01295,Wednesday,"Four Square Pakuranga Heights,Four Square Ellerslie,Four Square Onehunga,Four Square Glen Eden",13,108.4,234,342.4,770.0,132.4,684.15,1454.15,4
Wed_01296,Wednesday,"Four Square Hobsonville,Four Square Britomart,New World Metro Queen St,Four Square Ellerslie",13,108.4,234,342.4,770.0,132.4,684.26,1454.26,4
Wed_01297,Wednesday,"Four Square Glen Eden,Four Square Hobsonville,Four Square Ellerslie,New World Metro Queen St",12,126.5,216,342.5,770.0,132.5,684.4,1454.4,4
Wed_01298,Wednesday,"New World Ormiston,Four Square Cockle Bay,Four Square Eden Terrace",13,108.5,234,342.5,770.0,132.5,684.47,1454.47,3
Wed_01299,Wednesday,"New World Metro Shore City,Four Square Ellerslie,New World Eastridge",13,108.5,234,342.5,770.0,132.5,684.55,1454.55,3
Wed_01300,Wednesday,"Four Square Pakuranga Heights,Four Square Britomart,New World Point Chevalier",14,90.6,252,342.6,770.0,132.6,684.94,1454.94,3
Wed_01301,Wednesday,"Four Square Britomart,New World Newmarket,Four Square Ellerslie",15,72.6,270,342.6,770.0,132.6,685.08,1455.08,3
Wed_01302,Wednesday,"New World Papakura,Four Square Pakuranga Heights,Four Square Onehunga",13,108.6,234,342.6,770.0,132.6,685.24,1455.24,3
Wed_01303,Wednesday,"Four Square Cockle Bay,New World Eastridge,Four Square Onehunga",13,108.6,234,342.6,770.0,132.6,685.27,1455.27,3
Wed_01304,Wednesday,"Four Square Onehunga,New World Metro Queen St,New World Metro Shore City,Four Square Hobsonville",13,108.7,234,342.7,770.0,132.7,685.63,1455.63,4
Wed_01305,Wednesday,"Four Square Cockle Bay,Four Square Pakuranga Heights,New World Metro Queen St,Four Square Hobsonville",11,144.7,198,342.7,770.0,132.7,685.77,1455.77,4
Wed_01306,Wednesday,"New World Southmall,New World Metro Queen St,Four Square Britomart",14,90.7,252,342.7,770.0,132.7,685.78,1455.78,3
Wed_01307,Wednesday,"New World Southmall,Four Square Ellerslie,Four Square St Heliers",13,108.7,234,342.7,770.0,132.7,685.86,1455.86,3
Wed_01308,Wednesday,"Four Square Torbay,Four Square Britomart,Four Square St Heliers",11,144.8,198,342.8,770.0,132.8,685.91,1455.91,3
Wed_01309,Wednesday,"Four Square Remuera,Four Square St Heliers,New World Metro Queen St,Four Square Eden Terrace",14,90.8,252,342.8,770.0,132.8,686.0,1456.0,4
Wed_01310,Wednesday,"Four Square Glen Eden,Four Square Hobsonville,Four Square Britomart,New World Metro Queen St",13,108.8,234,342.8,770.0,132.8,686.05,1456.05,4
Wed_01311,Wednesday,"Four Square Pakuranga Heights,New World Botany,Four Square Ellerslie",14,90.9,252,342.9,770.0,132.9,686.43,1456.43,3
Wed_01312,Wednesday,"Four Square Onehunga,Four Square Cockle Bay,New World Metro Queen St,Four Square Eden Terrace",13,108.9,234,342.9,770.0,132.9,686.89,1456.89,4
Wed_01313,Wednesday,"Four Square Cockle Bay,Four Square Pakuranga Heights,Four Square St Heliers,Four Square Glen Eden",11,144.9,198,342.9,770.0,132.9,686.89,1456.89,4
Wed_01314,Wednesday,"Four Square Onehunga,New World Remuera,Four Square Eden Terrace",16,55.0,288,343.0,770.0,133.0,686.98,1456.98,3
Wed_01315,Wednesday,"Four Square Cockle Bay,Four Square St Heliers,Four Square Remuera,New World Metro Queen St",12,127.0,216,343.0,770.0,133.0,687.2,1457.2,4
Wed_01316,Wednesday,"Four Square Pakuranga Heights,New World Stonefields,New World Metro Queen St",14,91.0,252,343.0,770.0,133.0,687.21,1457.21,3
Wed_01317,Wednesday,"Four Square Eden Terrace,Four Square St Heliers,New World Point Chevalier",14,91.0,252,343.0,770.0,133.0,687.23,1457.23,3
Wed_01318,Wednesday,"New World Papakura,New World Metro Queen St,Four Square Eden Terrace",13,109.1,234,343.1,770.0,133.1,687.55,1457.55,3
Wed_01319,Wednesday,"New World Mt Albert,Four Square Eden Terrace,Four Square Britomart",16,55.1,288,343.1,770.0,133.1,687.58,1457.58,3
Wed_01320,Wednesday,"Four Square Eden Terrace,Four Square Ellerslie,Four Square Cockle Bay,Four Square Botany Junction",13,109.1,234,343.1,770.0,133.1,687.71,1457.71,4
Wed_01321,Wednesday,"Four Square Pakuranga Heights,Four Square Ellerslie,Four Square St Heliers,Four Square Britomart",13,109.2,234,343.2,770.0,133.2,687.97,1457.97,4
Wed_01322,Wednesday,"Four Square Pakuranga Heights,Four Square St Heliers,Four Square Torbay",10,163.2,180,343.2,770.0,133.2,688.13,1458.13,3
Wed_01323,Wednesday,"New World Southmall,Four Square Pakuranga Heights,Four Square Onehunga",14,91.2,252,343.2,770.0,133.2,688.38,1458.38,3
Wed_01324,Wednesday,"Four Square Cockle Bay,Four Square Britomart,New World Metro Queen St,Four Square Eden Terrace",13,109.3,234,343.3,770.0,133.3,688.49,1458.49,4
Wed_01325,Wednesday,"New World Metro Shore City,Four Square Britomart,New World Metro Queen St,Four Square Glen Eden",13,109.3,234,343.3,770.0,133.3,688.53,1458.53,4
Wed_01326,Wednesday,"Four Square Cockle Bay,Pak 'n Save Botany",14,91.3,252,343.3,770.0,133.3,688.6,1458.6,2
Wed_01327,Wednesday,"New World Metro Queen St,Four Square St Heliers,Four Square Cockle Bay,Four Square Botany Junction",12,127.3,216,343.3,770.0,133.3,688.77,1458.77,4
Wed_01328,Wednesday,"New World Metro Shore City,New World Metro Queen St,Four Square Ellerslie,Four Square Glen Eden",12,127.3,216,343.3,770.0,133.3,688.9,1458.9,4
Wed_01329,Wednesday,"Four Square Onehunga,New World Birkenhead,Four Square Lancaster",14,91.4,252,343.4,770.0,133.4,689.15,1459.15,3
Wed_01330,Wednesday,"New World Point Chevalier,Four Square Ellerslie,Four Square Botany Junction",14,91.4,252,343.4,770.0,133.4,689.28,1459.28,3
Wed_01331,Wednesday,"Four Square Pakuranga Heights,Four Square Botany Junction,New World Papakura",13,109.4,234,343.4,770.0,133.4,689.33,1459.33,3
Wed_01332,Wednesday,"Four Square Onehunga,Four Square Pakuranga Heights,New World Birkenhead",13,109.5,234,343.5,770.0,133.5,689.69,1459.69,3
Wed_01333,Wednesday,"Four Square Hobsonville,Four Square Ellerslie,Four Square Remuera,New World Metro Queen St",13,109.5,234,343.5,770.0,133.5,690.0,1460.0,4
Wed_01334,Wednesday,"Four Square Lancaster,New World Victoria Park,Four Square Eden Terrace",14,91.6,252,343.6,770.0,133.6,690.51,1460.51,3
Wed_01335,Wednesday,"Four Square Cockle Bay,New World Botany,Four Square Botany Junction",14,91.7,252,343.7,770.0,133.7,690.58,1460.58,3
Wed_01336,Wednesday,"Four Square Hobsonville,Four Square Ellerslie,New World Metro Queen St,Four Square Eden Terrace",13,109.7,234,343.7,770.0,133.7,690.62,1460.62,4
Wed_01337,Wednesday,"Four Square Pakuranga Heights,New World Remuera,New World Metro Queen St",14,91.7,252,343.7,770.0,133.7,690.63,1460.63,3
Wed_01338,Wednesday,"Four Square Glen Eden,Four Square Hobsonville,Four Square Ellerslie,Four Square Onehunga",13,109.7,234,343.7,770.0,133.7,690.63,1460.63,4
Wed_01339,Wednesday,"New World Southmall,New World Metro Queen St,Four Square Eden Terrace",14,91.7,252,343.7,770.0,133.7,690.69,1460.69,3
Wed_01340,Wednesday,"Four Square Ellerslie,New World Remuera,Four Square Glen Eden",14,91.7,252,343.7,770.0,133.7,690.78,1460.78,3
Wed_01341,Wednesday,"Four Square Fair Price Henderson,New World Birkenhead,New World Metro Queen St",13,109.7,234,343.7,770.0,133.7,690.82,1460.82,3
Wed_01342,Wednesday,"Four Square Britomart,New World Metro Queen St,Four Square Remuera,Four Square Eden Terrace",15,73.8,270,343.8,770.0,133.8,691.13,1461.13,4
Wed_01343,Wednesday,"Four Square Cockle Bay,Four Square Torbay,Four Square Glen Eden",9,181.8,162,343.8,770.0,133.8,691.37,1461.37,3
Wed_01344,Wednesday,"Four Square Torbay,Four Square Remuera,Four Square St Heliers",11,145.9,198,343.9,770.0,133.9,691.57,1461.57,3
Wed_01345,Wednesday,"Four Square Britomart,Four Square Ellerslie,Four Square Pakuranga Heights,Four Square Onehunga",14,91.9,252,343.9,770.0,133.9,691.58,1461.58,4
Wed_01346,Wednesday,"Four Square Torbay,Four Square St Heliers,Four Square Onehunga",11,145.9,198,343.9,770.0,133.9,691.66,1461.66,3
Wed_01347,Wednesday,"Four Square Pakuranga Heights,Four Square Torbay,Four Square Britomart",11,145.9,198,343.9,770.0,133.9,691.68,1461.68,3
Wed_01348,Wednesday,"New World Howick,Four Square Cockle Bay,Four Square Botany Junction",14,91.9,252,343.9,770.0,133.9,691.8,1461.8,3
Wed_01349,Wednesday,"Four Square Onehunga,Four Square Cockle Bay,Four Square Pakuranga Heights,Four Square Britomart",13,109.9,234,343.9,770.0,133.9,692.06,1462.06,4
Wed_01350,Wednesday,"Four Square Eden Terrace,Four Square Ellerslie,Four Square Pakuranga Heights,Four Square St Heliers",13,110.0,234,344.0,770.0,134.0,692.16,1462.16,4
Wed_01351,Wednesday,"Four Square Cockle Bay,Four Square Pakuranga Heights,Four Square Eden Terrace,Four Square Glen Eden",12,128.0,216,344.0,770.0,134.0,692.19,1462.19,4
Wed_01352,Wednesday,"Four Square Hobsonville,Four Square Britomart,New World Metro Queen St,Four Square Eden Terrace",14,92.0,252,344.0,770.0,134.0,692.27,1462.27,4
Wed_01353,Wednesday,"Pak 'n Save Highland Park,Four Square Britomart",14,92.0,252,344.0,770.0,134.0,692.3,1462.3,2
Wed_01354,Wednesday,"Four Square Onehunga,New World Remuera,Four Square Remuera",16,56.0,288,344.0,770.0,134.0,692.34,1462.34,3
Wed_01355,Wednesday,"Four Square Pakuranga Heights,Four Square Botany Junction,New World Southmall",14,92.0,252,344.0,770.0,134.0,692.47,1462.47,3
Wed_01356,Wednesday,"Four Square Cockle Bay,Four Square Pakuranga Heights,New World New Lynn",13,110.0,234,344.0,770.0,134.0,692.52,1462.52,3
Wed_01357,Wednesday,"Four Square Pakuranga Heights,Four Square Torbay,Four Square Eden Terrace",11,146.0,198,344.0,770.0,134.0,692.52,1462.52,3
Wed_01358,Wednesday,"Pak 'n Save Wairau Road,Four Square Ellerslie",14,92.0,252,344.0,770.0,134.0,692.54,1462.54,2
Wed_01359,Wednesday,"Four Square Eden Terrace,Four Square Ellerslie,Four Square St Heliers,Four Square Britomart",14,92.1,252,344.1,770.0,134.1,692.93,1462.93,4
Wed_01360,Wednesday,"Four Square Pakuranga Heights,Four Square St Heliers,New World Metro Queen St,Four Square Glen Eden",12,128.2,216,344.2,770.0,134.2,693.28,1463.28,4
Wed_01361,Wednesday,"Four Square Hobsonville,New World Browns Bay,New World Metro Shore City",13,110.2,234,344.2,770.0,134.2,693.31,1463.31,3
Wed_01362,Wednesday,"Four Square Glen Eden,Four Square Hobsonville,Four Square Eden Terrace,New World Metro Queen St",13,110.2,234,344.2,770.0,134.2,693.4,1463.4,4
Wed_01363,Wednesday,"Four Square Britomart,Four Square Ellerslie,New World Remuera",15,74.2,270,344.2,770.0,134.2,693.46,1463.46,3
Wed_01364,Wednesday,"Four Square Pakuranga Heights,New World Eastridge,Four Square Remuera",14,92.2,252,344.2,770.0,134.2,693.49,1463.49,3
Wed_01365,Wednesday,"Four Square Britomart,New World Birkenhead,Four Square Lancaster",14,92.3,252,344.3,770.0,134.3,693.75,1463.75,3
Wed_01366,Wednesday,"New World Metro Shore City,Four Square Ellerslie,New World Mt Albert",14,92.3,252,344.3,770.0,134.3,693.88,1463.88,3
Wed_01367,Wednesday,"Four Square Glen Eden,Four Square Fair Price Henderson,Four Square Ellerslie,New World Metro Queen St",13,110.4,234,344.4,770.0,134.4,694.46,1464.46,4
Wed_01368,Wednesday,"New World Birkenhead,Four Square Lancaster,Four Square Eden Terrace",14,92.4,252,344.4,770.0,134.4,694.64,1464.64,3
Wed_01369,Wednesday,"Four Square Lancaster,Four Square Torbay,Four Square Britomart",12,128.5,216,344.5,770.0,134.5,694.94,1464.94,3
Wed_01370,Wednesday,"Four Square Fair Price Henderson,New World Metro Queen St,Four Square Ellerslie,Four Square Onehunga",14,92.5,252,344.5,770.0,134.5,695.08,1465.08,4
Wed_01371,Wednesday,"New World Birkenhead,New World Browns Bay",13,110.5,234,344.5,770.0,134.5,695.11,1465.11,2
Wed_01372,Wednesday,"Four Square Torbay,New World Albany",13,110.6,234,344.6,770.0,134.6,695.22,1465.22,2
Wed_01373,Wednesday,"Four Square Lancaster,Four Square Torbay,Four Square Eden Terrace",12,128.7,216,344.7,770.0,134.7,695.78,1465.78,3
Wed_01374,Wednesday,"New World Metro Shore City,Four Square Britomart,Four Square Ellerslie,Four Square Onehunga",14,92.7,252,344.7,770.0,134.7,695.79,1465.79,4
Wed_01375,Wednesday,"Four Square Glen Eden,Four Square Fair Price Henderson,Four Square Britomart,New World Metro Queen St",14,92.7,252,344.7,770.0,134.7,696.11,1466.11,4
Wed_01376,Wednesday,"Four Square Cockle Bay,Four Square Ellerslie,Four Square Onehunga,Four Square Glen Eden",12,128.8,216,344.8,770.0,134.8,696.48,1466.48,4
Wed_01377,Wednesday,"Four Square Pakuranga Heights,Four Square St Heliers,New World Metro Queen St,New World Metro Shore City",12,128.8,216,344.8,770.0,134.8,696.56,1466.56,4
Wed_01378,Wednesday,"Four Square Remuera,Four Square Ellerslie,Four Square Cockle Bay,Four Square Botany Junction",13,110.8,234,344.8,770.0,134.8,696.59,1466.59,4
Wed_01379,Wednesday,"Four Square Glen Eden,Four Square Britomart,Four Square Ellerslie,Four Square Onehunga",14,92.9,252,344.9,770.0,134.9,696.73,1466.73,4
Wed_01380,Wednesday,"New World Metro Shore City,New World Metro Queen St,Four Square Eden Terrace,Four Square Glen Eden",13,110.9,234,344.9,770.0,134.9,696.91,1466.91,4
Wed_01381,Wednesday,"Four Square Eden Terrace,Four Square Ellerslie,New World Ormiston",14,92.9,252,344.9,770.0,134.9,697.12,1467.12,3
Wed_01382,Wednesday,"Four Square Cockle Bay,Four Square Britomart,New World Point Chevalier",13,111.0,234,345.0,770.0,135.0,697.27,1467.27,3
Wed_01383,Wednesday,"Four Square Pakuranga Heights,Four Square St Heliers,Four Square Ellerslie,Four Square Glen Eden",12,129.1,216,345.1,770.0,135.1,697.76,1467.76,4
Wed_01384,Wednesday,"New World Papakura,Four Square St Heliers,New World Metro Queen St",12,129.1,216,345.1,770.0,135.1,698.03,1468.03,3
Wed_01385,Wednesday,"Four Square Lancaster,Four Square Torbay,Four Square Onehunga",12,129.1,216,345.1,770.0,135.1,698.09,1468.09,3
Wed_01386,Wednesday,"New World Birkenhead,Four Square Hobsonville,Four Square Fair Price Henderson",13,111.1,234,345.1,770.0,135.1,698.15,1468.15,3
Wed_01387,Wednesday,"Four Square Cockle Bay,Pak 'n Save Clendon",13,111.2,234,345.2,770.0,135.2,698.37,1468.37,2
Wed_01388,Wednesday,"Four Square Cockle Bay,New World Stonefields,New World Metro Queen St",13,111.2,234,345.2,770.0,135.2,698.76,1468.76,3
Wed_01389,Wednesday,"New World Birkenhead,New World Metro Shore City,Four Square St Heliers",12,129.3,216,345.3,770.0,135.3,698.88,1468.88,3
Wed_01390,Wednesday,"New World Metro Shore City,New World Newmarket,Four Square Ellerslie",14,93.3,252,345.3,770.0,135.3,699.01,1469.01,3
Wed_01391,Wednesday,"Four Square Onehunga,Four Square St Heliers,New World Metro Queen St,Four Square Glen Eden",13,111.4,234,345.4,770.0,135.4,699.44,1469.44,4
Wed_01392,Wednesday,"Four Square Cockle Bay,Four Square St Heliers,Four Square Torbay",9,183.4,162,345.4,770.0,135.4,699.68,1469.68,3
Wed_01393,Wednesday,"New World Metro Queen St,New World Browns Bay,New World Metro Shore City",13,111.4,234,345.4,770.0,135.4,699.69,1469.69,3
Wed_01394,Wednesday,"Four Square Glen Eden,Four Square Fair Price Henderson,Four Square Hobsonville,New World Metro Queen St",13,111.4,234,345.4,770.0,135.4,699.76,1469.76,4
Wed_01395,Wednesday,"Four Square Hobsonville,New World Milford,New World Metro Shore City",14,93.5,252,345.5,770.0,135.5,700.18,1470.18,3
Wed_01396,Wednesday,"Four Square Cockle Bay,Four Square Ellerslie,Four Square St Heliers,Four Square Britomart",12,129.5,216,345.5,770.0,135.5,700.3,1470.3,4
Wed_01397,Wednesday,"Four Square Britomart,Four Square Remuera,New World Point Chevalier",15,75.6,270,345.6,770.0,135.6,700.44,1470.44,3
Wed_01398,Wednesday,"Four Square Pakuranga Heights,Four Square Ellerslie,Four Square Remuera,Four Square Glen Eden",13,111.6,234,345.6,770.0,135.6,700.46,1470.46,4
Wed_01399,Wednesday,"Four Square Pakuranga Heights,Four Square Ellerslie,Four Square Eden Terrace,Four Square Glen Eden",13,111.6,234,345.6,770.0,135.6,700.55,1470.55,4
Wed_01400,Wednesday,"Four Square Pakuranga Heights,New World Hobsonville,Four Square Hobsonville",13,111.6,234,345.6,770.0,135.6,700.62,1470.62,3
Wed_01401,Wednesday,"Four Square Glen Eden,Four Square Fair Price Henderson,Four Square Ellerslie,Four Square Onehunga",14,93.6,252,345.6,770.0,135.6,700.68,1470.68,4
Wed_01402,Wednesday,"Four Square Ellerslie,Four Square Remuera,Four Square Eden Terrace,Four Square Glen Eden",14,93.6,252,345.6,770.0,135.6,700.71,1470.71,4
Wed_01403,Wednesday,"Four Square Onehunga,Four Square Remuera,New World Newmarket",16,57.6,288,345.6,770.0,135.6,700.84,1470.84,3
Wed_01404,Wednesday,"Four Square Pakuranga Heights,Four Square Ellerslie,New World New Lynn",14,93.7,252,345.7,770.0,135.7,700.87,1470.87,3
Wed_01405,Wednesday,"Four Square Hobsonville,Four Square Eden Terrace,Four Square Ellerslie,Four Square Onehunga",14,93.7,252,345.7,770.0,135.7,701.03,1471.03,4
Wed_01406,Wednesday,"Four Square Ellerslie,Four Square Remuera,New World New Lynn",15,75.7,270,345.7,770.0,135.7,701.04,1471.04,3
Wed_01407,Wednesday,"Four Square Britomart,New World Victoria Park,Four Square Lancaster",14,93.7,252,345.7,770.0,135.7,701.09,1471.09,3
Wed_01408,Wednesday,"New World Southmall,Four Square St Heliers,New World Metro Queen St",13,111.7,234,345.7,770.0,135.7,701.16,1471.16,3
Wed_01409,Wednesday,"Four Square Onehunga,Four Square Remuera,New World Metro Queen St,Four Square Glen Eden",14,93.7,252,345.7,770.0,135.7,701.36,1471.36,4
Wed_01410,Wednesday,"Four Square Glen Eden,Four Square Torbay,Four Square St Heliers",10,165.8,180,345.8,770.0,135.8,701.56,1471.56,3
Wed_01411,Wednesday,"Four Square Pakuranga Heights,Four Square St Heliers,Four Square Remuera,Four Square Onehunga",14,93.8,252,345.8,770.0,135.8,701.74,1471.74,4
Wed_01412,Wednesday,"Four Square Pakuranga Heights,New World Metro Shore City,New World Point Chevalier",13,111.9,234,345.9,770.0,135.9,701.96,1471.96,3
Wed_01413,Wednesday,"Four Square Onehunga,Four Square Cockle Bay,New World Birkenhead",12,129.9,216,345.9,770.0,135.9,702.02,1472.02,3
Wed_01414,Wednesday,"Four Square Torbay,Four Square Cockle Bay,Four Square Botany Junction",10,165.9,180,345.9,770.0,135.9,702.07,1472.07,3
Wed_01415,Wednesday,"Four Square Onehunga,Four Square St Heliers,New World Metro Queen St,New World Metro Shore City",13,112.0,234,346.0,770.0,136.0,702.72,1472.72,4
Wed_01416,Wednesday,"Four Square Cockle Bay,New World Remuera,New World Metro Queen St",13,112.1,234,346.1,770.0,136.1,702.96,1472.96,3
Wed_01417,Wednesday,"Four Square Pakuranga Heights,New World Eastridge,Four Square Eden Terrace",14,94.1,252,346.1,770.0,136.1,703.34,1473.34,3
Wed_01418,Wednesday,"Four Square Hobsonville,New World Metro Shore City,New World Mt Albert",14,94.1,252,346.1,770.0,136.1,703.35,1473.35,3
Wed_01419,Wednesday,"Four Square Cockle Bay,Four Square Pakuranga Heights,Four Square Britomart,Four Square Eden Terrace",13,112.1,234,346.1,770.0,136.1,703.35,1473.35,4
Wed_01420,Wednesday,"Four Square Britomart,Four Square Ellerslie,Four Square Remuera,Four Square Eden Terrace",15,76.1,270,346.1,770.0,136.1,703.39,1473.39,4
Wed_01421,Wednesday,"Four Square Glen Eden,Four Square Fair Price Henderson,Four Square Eden Terrace,New World Metro Queen St",14,94.2,252,346.2,770.0,136.2,703.45,1473.45,4
Wed_01422,Wednesday,"Four Square Britomart,Four Square Ellerslie,Four Square Cockle Bay,Four Square Onehunga",13,112.2,234,346.2,770.0,136.2,703.91,1473.91,4
Wed_01423,Wednesday,"Four Square Cockle Bay,Four Square Torbay,Four Square Britomart",10,166.3,180,346.3,770.0,136.3,704.01,1474.01,3
Wed_01424,Wednesday,"New World Albany,Four Square St Heliers",12,130.3,216,346.3,770.0,136.3,704.02,1474.02,2
Wed_01425,Wednesday,"Four Square Britomart,Four Square Torbay,Four Square Remuera",12,130.3,216,346.3,770.0,136.3,704.04,1474.04,3
Wed_01426,Wednesday,"Four Square Onehunga,Four Square Ellerslie,Four Square Remuera,Four Square Hobsonville",14,94.3,252,346.3,770.0,136.3,704.07,1474.07,4
Wed_01427,Wednesday,"New World Metro Shore City,Four Square Eden Terrace,Four Square Ellerslie,Four Square Onehunga",14,94.3,252,346.3,770.0,136.3,704.34,1474.34,4
Wed_01428,Wednesday,"Pak 'n Save Sylvia Park,New World Metro Queen St",15,76.3,270,346.3,770.0,136.3,704.38,1474.38,2
Wed_01429,Wednesday,"Four Square Onehunga,Four Square Remuera,New World Metro Queen St,New World Metro Shore City",14,94.4,252,346.4,770.0,136.4,704.64,1474.64,4
Wed_01430,Wednesday,"New World Eastridge,Four Square St Heliers,Four Square Glen Eden",13,112.4,234,346.4,770.0,136.4,704.8,1474.8,3
Wed_01431,Wednesday,"Four Square Cockle Bay,Four Square St Heliers,New World Metro Queen St,Four Square Glen Eden",11,148.4,198,346.4,770.0,136.4,704.83,1474.83,4
Wed_01432,Wednesday,"Four Square Pakuranga Heights,New World Eastridge,Four Square Britomart",14,94.4,252,346.4,770.0,136.4,704.84,1474.84,3
Wed_01433,Wednesday,"Four Square Cockle Bay,Four Square Torbay,Four Square Eden Terrace",10,166.4,180,346.4,770.0,136.4,704.85,1474.85,3
Wed_01434,Wednesday,"New World Ormiston,Four Square Ellerslie,Four Square Remuera",14,94.4,252,346.4,770.0,136.4,704.91,1474.91,3
Wed_01435,Wednesday,"Four Square Cockle Bay,New World Eastridge,Four Square Remuera",13,112.5,234,346.5,770.0,136.5,705.04,1475.04,3
Wed_01436,Wednesday,"Four Square Fair Price Henderson,Four Square Lancaster,Four Square St Heliers",11,148.5,198,346.5,770.0,136.5,705.27,1475.27,3
Wed_01437,Wednesday,"Four Square Pakuranga Heights,Four Square Ellerslie,Four Square Remuera,Four Square Britomart",14,94.5,252,346.5,770.0,136.5,705.45,1475.45,4
Wed_01438,Wednesday,"Four Square Torbay,New World Victoria Park,New World Metro Queen St",13,112.6,234,346.6,770.0,136.6,705.64,1475.64,3
Wed_01439,Wednesday,"Four Square Eden Terrace,Four Square Remuera,New World Eastridge",15,76.6,270,346.6,770.0,136.6,705.9,1475.9,3
Wed_01440,Wednesday,"New World Victoria Park,New World Metro Queen St,New World Point Chevalier",16,58.6,288,346.6,770.0,136.6,705.95,1475.95,3
Wed_01441,Wednesday,"Four Square Glen Eden,New World Birkenhead,Four Square Lancaster",13,112.6,234,346.6,770.0,136.6,706.0,1476.0,3
Wed_01442,Wednesday,"Four Square Pakuranga Heights,Four Square St Heliers,New World Mt Albert",14,94.7,252,346.7,770.0,136.7,706.03,1476.03,3
Wed_01443,Wednesday,"Four Square Britomart,Four Square Ellerslie,New World Papakura",13,112.7,234,346.7,770.0,136.7,706.09,1476.09,3
Wed_01444,Wednesday,"Four Square Pakuranga Heights,Four Square St Heliers,New World Birkenhead",12,130.7,216,346.7,770.0,136.7,706.35,1476.35,3
Wed_01445,Wednesday,"Four Square Cockle Bay,Four Square Ellerslie,New World Metro Queen St,Four Square Hobsonville",11,148.7,198,346.7,770.0,136.7,706.45,1476.45,4
Wed_01446,Wednesday,"Four Square Glen Eden,New World Hobsonville,New World Metro Shore City",13,112.8,234,346.8,770.0,136.8,706.59,1476.59,3
Wed_01447,Wednesday,"Four Square Torbay,Four Square Ellerslie,Four Square Botany Junction",11,148.8,198,346.8,770.0,136.8,706.62,1476.62,3
Wed_01448,Wednesday,"New World Metro Shore City,New World Metro Queen St,New World Remuera",14,94.8,252,346.8,770.0,136.8,706.69,1476.69,3
Wed_01449,Wednesday,"Four Square Pakuranga Heights,New World Botany,New World Metro Queen St",14,94.8,252,346.8,770.0,136.8,706.88,1476.88,3
Wed_01450,Wednesday,"Four Square Hobsonville,New World Newmarket,New World Metro Queen St",14,94.9,252,346.9,770.0,136.9,707.06,1477.06,3
Wed_01451,Wednesday,"New World Birkenhead,Four Square Remuera,Four Square Eden Terrace",14,94.9,252,346.9,770.0,136.9,707.22,1477.22,3
Wed_01452,Wednesday,"Four Square Ellerslie,Four Square St Heliers,Four Square Pakuranga Heights,Four Square Botany Junction",13,112.9,234,346.9,770.0,136.9,707.32,1477.32,4
Wed_01453,Wednesday,"New World Metro Shore City,Four Square Ellerslie,New World Remuera",14,94.9,252,346.9,770.0,136.9,707.39,1477.39,3
Wed_01454,Wednesday,"Four Square Onehunga,Four Square Pakuranga Heights,Four Square Remuera,New World Metro Queen St",14,94.9,252,346.9,770.0,136.9,707.43,1477.43,4
Wed_01455,Wednesday,"New World Hobsonville,New World Metro Shore City,Four Square Ellerslie",13,112.9,234,346.9,770.0,136.9,707.46,1477.46,3
Wed_01456,Wednesday,"Four Square Onehunga,New World Victoria Park,Four Square Lancaster",14,94.9,252,346.9,770.0,136.9,707.53,1477.53,3
Wed_01457,Wednesday,"Four Square Cockle Bay,New World Howick,Four Square St Heliers",13,113.0,234,347.0,770.0,137.0,707.8,1477.8,3
Wed_01458,Wednesday,"New World Southmall,Four Square Cockle Bay,Four Square St Heliers",12,131.0,216,347.0,770.0,137.0,707.89,1477.89,3
Wed_01459,Wednesday,"Four Square Cockle Bay,Four Square St Heliers,New World Metro Queen St,New World Metro Shore City",11,149.1,198,347.1,770.0,137.1,708.11,1478.11,4
Wed_01460,Wednesday,"Four Square Pakuranga Heights,Four Square Remuera,New World Metro Queen St,Four Square Britomart",14,95.1,252,347.1,770.0,137.1,708.18,1478.18,4
Wed_01461,Wednesday,"Four Square Pakuranga Heights,Four Square Cockle Bay,Four Square Botany Junction,Four Square Glen Eden",12,131.1,216,347.1,770.0,137.1,708.46,1478.46,4
Wed_01462,Wednesday,"Four Square Onehunga,Four Square Cockle Bay,Four Square Pakuranga Heights,New World Metro Shore City",12,131.2,216,347.2,770.0,137.2,709.08,1479.08,4
Wed_01463,Wednesday,"Four Square Hobsonville,New World Metro Queen St,New World Eastridge",13,113.3,234,347.3,770.0,137.3,709.17,1479.17,3
Wed_01464,Wednesday,"Four Square Britomart,Four Square Ellerslie,New World Southmall",14,95.3,252,347.3,770.0,137.3,709.23,1479.23,3
Wed_01465,Wednesday,"Four Square Fair Price Henderson,Four Square Hobsonville,New World Metro Shore City,New World Metro Queen St",13,113.3,234,347.3,770.0,137.3,709.23,1479.23,4
Wed_01466,Wednesday,"Four Square Cockle Bay,Four Square St Heliers,Four Square Ellerslie,Four Square Glen Eden",11,149.3,198,347.3,770.0,137.3,709.31,1479.31,4
Wed_01467,Wednesday,"New World Ormiston,Four Square Botany Junction,New World Metro Queen St",14,95.3,252,347.3,770.0,137.3,709.43,1479.43,3
Wed_01468,Wednesday,"New World Mt Roskill,Four Square Cockle Bay,Four Square Pakuranga Heights",14,95.3,252,347.3,770.0,137.3,709.49,1479.49,3
Wed_01469,Wednesday,"Four Square Hobsonville,Four Square Torbay,New World Victoria Park",13,113.4,234,347.4,770.0,137.4,709.71,1479.71,3
Wed_01470,Wednesday,"Four Square Botany Junction,Four Square Eden Terrace,New World Victoria Park",14,95.4,252,347.4,770.0,137.4,709.78,1479.78,3
Wed_01471,Wednesday,"New World Ormiston,Four Square Pakuranga Heights,Four Square St Heliers",13,113.4,234,347.4,770.0,137.4,709.86,1479.86,3
Wed_01472,Wednesday,"Four Square Onehunga,Four Square Ellerslie,Four Square St Heliers,New World Metro Shore City",13,113.4,234,347.4,770.0,137.4,709.87,1479.87,4
Wed_01473,Wednesday,"Four Square Pakuranga Heights,Four Square Remuera,Four Square Torbay",11,149.4,198,347.4,770.0,137.4,710.0,1480.0,3
Wed_01474,Wednesday,"Four Square Remuera,Four Square Pakuranga Heights,Four Square Cockle Bay,Four Square Botany Junction",13,113.5,234,347.5,770.0,137.5,710.28,1480.28,4
Wed_01475,Wednesday,"Four Square Pakuranga Heights,New World Stonefields,Four Square Onehunga",15,77.5,270,347.5,770.0,137.5,710.5,1480.5,3
Wed_01476,Wednesday,"Four Square Pakuranga Heights,Pak 'n Save Sylvia Park",15,77.5,270,347.5,770.0,137.5,710.65,1480.65,2
Wed_01477,Wednesday,"Four Square Glen Eden,New World Metro Shore City,Four Square Ellerslie,Four Square Onehunga",13,113.5,234,347.5,770.0,137.5,710.66,1480.66,4
Wed_01478,Wednesday,"Four Square Onehunga,Four Square Ellerslie,Four Square Pakuranga Heights,New World Metro Shore City",13,113.6,234,347.6,770.0,137.6,710.68,1480.68,4
Wed_01479,Wednesday,"New World Howick,Four Square Pakuranga Heights,Four Square Ellerslie",14,95.6,252,347.6,770.0,137.6,710.87,1480.87,3
Wed_01480,Wednesday,"Pak 'n Save Manukau,Four Square St Heliers",14,95.6,252,347.6,770.0,137.6,710.92,1480.92,2
Wed_01481,Wednesday,"Four Square Pakuranga Heights,Four Square Eden Terrace,New World Mt Albert",15,77.7,270,347.7,770.0,137.7,711.33,1481.33,3
Wed_01482,Wednesday,"Four Square Botany Junction,Four Square Pakuranga Heights,New World Point Chevalier",14,95.7,252,347.7,770.0,137.7,711.36,1481.36,3
Wed_01483,Wednesday,"Four Square Ellerslie,Four Square Remuera,Four Square St Heliers,Four Square Glen Eden",13,113.7,234,347.7,770.0,137.7,711.65,1481.65,4
Wed_01484,Wednesday,"Four Square Pakuranga Heights,Four Square Ellerslie,Four Square Britomart,Four Square Eden Terrace",14,95.8,252,347.8,770.0,137.8,711.71,1481.71,4
Wed_01485,Wednesday,"Four Square Lancaster,New World Metro Queen St,New World Point Chevalier",14,95.8,252,347.8,770.0,137.8,711.95,1481.95,3
Wed_01486,Wednesday,"Four Square Cockle Bay,New World Ormiston,Four Square Glen Eden",12,131.8,216,347.8,770.0,137.8,712.07,1482.07,3
Wed_01487,Wednesday,"New World Birkenhead,Four Square Britomart,Four Square St Heliers",13,113.9,234,347.9,770.0,137.9,712.49,1482.49,3
Wed_01488,Wednesday,"Four Square Onehunga,Four Square St Heliers,New World Birkenhead",13,113.9,234,347.9,770.0,137.9,712.51,1482.51,3
Wed_01489,Wednesday,"Four Square Britomart,New World Metro Queen St,Four Square Cockle Bay,Four Square Botany Junction",13,113.9,234,347.9,770.0,137.9,712.56,1482.56,4
Wed_01490,Wednesday,"Four Square Britomart,New World Eastridge,Four Square Remuera",15,77.9,270,347.9,770.0,137.9,712.64,1482.64,3
Wed_01491,Wednesday,"Four Square Cockle Bay,Four Square Ellerslie,Four Square Remuera,Four Square Glen Eden",12,132.0,216,348.0,770.0,138.0,712.8,1482.8,4
Wed_01492,Wednesday,"Four Square Cockle Bay,Four Square Ellerslie,Four Square Eden Terrace,Four Square Glen Eden",12,132.0,216,348.0,770.0,138.0,712.88,1482.88,4
Wed_01493,Wednesday,"Four Square Hobsonville,Four Square Ellerslie,New World Eastridge",13,114.0,234,348.0,770.0,138.0,712.94,1482.94,3
Wed_01494,Wednesday,"Four Square Cockle Bay,New World Hobsonville,Four Square Hobsonville",12,132.0,216,348.0,770.0,138.0,712.95,1482.95,3
Wed_01495,Wednesday,"New World Metro Queen St,Four Square Britomart,Four Square St Heliers,Four Square Glen Eden",13,114.0,234,348.0,770.0,138.0,712.97,1482.97,4
Wed_01496,Wednesday,"Four Square Pakuranga Heights,Four Square Remuera,New World Metro Queen St,Four Square Eden Terrace",14,96.0,252,348.0,770.0,138.0,713.09,1483.09,4
Wed_01497,Wednesday,"Four Square Cockle Bay,Four Square Ellerslie,New World New Lynn",13,114.0,234,348.0,770.0,138.0,713.2,1483.2,3
Wed_01498,Wednesday,"Four Square Cockle Bay,Four Square St Heliers,Four Square Remuera,Four Square Onehunga",13,114.1,234,348.1,770.0,138.1,713.29,1483.29,4
Wed_01499,Wednesday,"Four Square Ellerslie,Four Square Botany Junction,New World Papakura",13,114.1,234,348.1,770.0,138.1,713.38,1483.38,3
Wed_01500,Wednesday,"Four Square Cockle Bay,Four Square Pakuranga Heights,New World Green Bay",13,114.1,234,348.1,770.0,138.1,713.74,1483.74,3
Wed_01501,Wednesday,"New World Metro Shore City,New World Metro Queen St,Four Square Britomart,Four Square St Heliers",13,114.2,234,348.2,770.0,138.2,713.8,1483.8,4
Wed_01502,Wednesday,"Four Square Onehunga,Pak 'n Save Sylvia Park",16,60.2,288,348.2,770.0,138.2,713.83,1483.83,2
Wed_01503,Wednesday,"Four Square Cockle Bay,New World Howick,Four Square Eden Terrace",14,96.2,252,348.2,770.0,138.2,713.88,1483.88,3
Wed_01504,Wednesday,"Four Square Remuera,Four Square Cockle Bay,New World Ormiston",13,114.2,234,348.2,770.0,138.2,713.89,1483.89,3
Wed_01505,Wednesday,"New World Southmall,Four Square Cockle Bay,Four Square Eden Terrace",13,114.2,234,348.2,770.0,138.2,713.97,1483.97,3
Wed_01506,Wednesday,"New World Hobsonville,Four Square Hobsonville,Four Square Remuera",14,96.2,252,348.2,770.0,138.2,714.14,1484.14,3
Wed_01507,Wednesday,"Four Square Cockle Bay,New World Metro Shore City,New World Point Chevalier",12,132.2,216,348.2,770.0,138.2,714.29,1484.29,3
Wed_01508,Wednesday,"New World Metro Shore City,Four Square Remuera,New World Point Chevalier",14,96.3,252,348.3,770.0,138.3,714.37,1484.37,3
Wed_01509,Wednesday,"Four Square Cockle Bay,New World Eastridge,Four Square Eden Terrace",13,114.4,234,348.4,770.0,138.4,714.89,1484.89,3
Wed_01510,Wednesday,"New World Ormiston,Four Square Pakuranga Heights,Four Square Eden Terrace",14,96.4,252,348.4,770.0,138.4,715.15,1485.15,3
Wed_01511,Wednesday,"Four Square Onehunga,New World Metro Queen St,Four Square Britomart,Four Square Hobsonville",14,96.4,252,348.4,770.0,138.4,715.3,1485.3,4
Wed_01512,Wednesday,"Four Square Onehunga,New World Metro Queen St,New World Metro Shore City,Four Square Glen Eden",13,114.5,234,348.5,770.0,138.5,715.52,1485.52,4
Wed_01513,Wednesday,"Four Square Pakuranga Heights,New World Birkenhead,Four Square Hobsonville",12,132.6,216,348.6,770.0,138.6,715.88,1485.88,3
Wed_01514,Wednesday,"Four Square Onehunga,Four Square Pakuranga Heights,New World Metro Queen St,Four Square Glen Eden",13,114.6,234,348.6,770.0,138.6,715.88,1485.88,4
Wed_01515,Wednesday,"Four Square Pakuranga Heights,New World Remuera,Four Square Onehunga",15,78.6,270,348.6,770.0,138.6,716.03,1486.03,3
Wed_01516,Wednesday,"Four Square Onehunga,New World Stonefields,Four Square St Heliers",15,78.6,270,348.6,770.0,138.6,716.14,1486.14,3
Wed_01517,Wednesday,"Four Square Glen Eden,Four Square Hobsonville,New World Metro Shore City,Four Square Ellerslie",12,132.7,216,348.7,770.0,138.7,716.38,1486.38,4
Wed_01518,Wednesday,"Four Square Cockle Bay,New World Eastridge,Four Square Britomart",13,114.7,234,348.7,770.0,138.7,716.39,1486.39,3
Wed_01519,Wednesday,"Four Square Ellerslie,Four Square Botany Junction,New World Southmall",14,96.7,252,348.7,770.0,138.7,716.51,1486.51,3
Wed_01520,Wednesday,"Four Square Pakuranga Heights,New World Metro Queen St,Four Square Britomart,New World Metro Shore City",13,114.7,234,348.7,770.0,138.7,716.52,1486.52,4
Wed_01521,Wednesday,"Four Square Ellerslie,New World Stonefields,Four Square Glen Eden",14,96.7,252,348.7,770.0,138.7,716.63,1486.63,3
Wed_01522,Wednesday,"Four Square Pakuranga Heights,New World Metro Queen St,Four Square Britomart,Four Square Glen Eden",13,114.7,234,348.7,770.0,138.7,716.63,1486.63,4
Wed_01523,Wednesday,"Four Square Pakuranga Heights,New World Botany,Four Square Onehunga",15,78.8,270,348.8,770.0,138.8,716.89,1486.89,3
Wed_01524,Wednesday,"Four Square Pakuranga Heights,New World Victoria Park,Four Square Fair Price Henderson",13,114.8,234,348.8,770.0,138.8,717.06,1487.06,3
Wed_01525,Wednesday,"New World Green Bay,Four Square Ellerslie,Four Square Remuera",15,78.8,270,348.8,770.0,138.8,717.12,1487.12,3
Wed_01526,Wednesday,"Four Square Britomart,New World Metro Queen St,Four Square Ellerslie,Four Square Botany Junction",14,96.8,252,348.8,770.0,138.8,717.12,1487.12,4
Wed_01527,Wednesday,"Four Square Eden Terrace,Four Square Ellerslie,Four Square Pakuranga Heights,Four Square Botany Junction",14,96.8,252,348.8,770.0,138.8,717.2,1487.2,4
Wed_01528,Wednesday,"New World Victoria Park,Four Square Britomart,Four Square Botany Junction",14,96.8,252,348.8,770.0,138.8,717.25,1487.25,3
Wed_01529,Wednesday,"Four Square Ellerslie,Four Square St Heliers,New World New Lynn",14,96.8,252,348.8,770.0,138.8,717.28,1487.28,3
Wed_01530,Wednesday,"Four Square Britomart,New World Metro Queen St,New World Stonefields",15,78.9,270,348.9,770.0,138.9,717.42,1487.42,3
Wed_01531,Wednesday,"Four Square Pakuranga Heights,Four Square St Heliers,New World Newmarket",14,96.9,252,348.9,770.0,138.9,717.46,1487.46,3
Wed_01532,Wednesday,"New World Stonefields,Four Square Remuera,New World Metro Queen St",15,78.9,270,348.9,770.0,138.9,717.51,1487.51,3
Wed_01533,Wednesday,"Four Square Cockle Bay,Four Square St Heliers,New World Mt Albert",13,114.9,234,348.9,770.0,138.9,717.59,1487.59,3
Wed_01534,Wednesday,"Four Square Cockle Bay,Four Square Ellerslie,Four Square Remuera,Four Square Britomart",13,114.9,234,348.9,770.0,138.9,717.78,1487.78,4
Wed_01535,Wednesday,"Four Square Lancaster,New World Hobsonville,Four Square Hobsonville",14,96.9,252,348.9,770.0,138.9,717.82,1487.82,3
Wed_01536,Wednesday,"Four Square Cockle Bay,Four Square St Heliers,New World Birkenhead",11,150.9,198,348.9,770.0,138.9,717.9,1487.9,3
Wed_01537,Wednesday,"New World Mt Roskill,Four Square Ellerslie,Four Square Remuera",16,61.0,288,349.0,770.0,139.0,718.01,1488.01,3
Wed_01538,Wednesday,"New World Birkenhead,Four Square Remuera,Four Square St Heliers",13,115.0,234,349.0,770.0,139.0,718.15,1488.15,3
Wed_01539,Wednesday,"New World Metro Queen St,Four Square St Heliers,Four Square Pakuranga Heights,Four Square Botany Junction",13,115.0,234,349.0,770.0,139.0,718.27,1488.27,4
Wed_01540,Wednesday,"Four Square Cockle Bay,Pak 'n Save Ormiston",14,97.0,252,349.0,770.0,139.0,718.36,1488.36,2
Wed_01541,Wednesday,"Four Square Onehunga,New World Remuera,Four Square St Heliers",15,79.0,270,349.0,770.0,139.0,718.4,1488.4,3
Wed_01542,Wednesday,"Four Square Cockle Bay,Four Square Pakuranga Heights,Four Square Ellerslie,Four Square Fair Price Henderson",12,133.1,216,349.1,770.0,139.1,718.67,1488.67,4
Wed_01543,Wednesday,"Four Square Hobsonville,Four Square Torbay,Four Square Botany Junction",11,151.2,198,349.2,770.0,139.2,719.01,1489.01,3
Wed_01544,Wednesday,"Four Square Onehunga,Four Square Pakuranga Heights,New World Metro Queen St,New World Metro Shore City",13,115.2,234,349.2,770.0,139.2,719.16,1489.16,4
Wed_01545,Wednesday,"Four Square Britomart,Four Square Ellerslie,New World Stonefields",15,79.2,270,349.2,770.0,139.2,719.31,1489.31,3
Wed_01546,Wednesday,"Four Square Botany Junction,Four Square Britomart,Four Square Lancaster",12,133.3,216,349.3,770.0,139.3,719.47,1489.47,3
Wed_01547,Wednesday,"Four Square Lancaster,Four Square Remuera,Four Square Botany Junction",12,133.3,216,349.3,770.0,139.3,719.47,1489.47,3
Wed_01548,Wednesday,"Four Square Eden Terrace,Four Square Britomart,New World Eastridge",15,79.3,270,349.3,770.0,139.3,719.48,1489.48,3
Wed_01549,Wednesday,"Four Square Pakuranga Heights,Four Square Britomart,New World Birkenhead",13,115.3,234,349.3,770.0,139.3,719.54,1489.54,3
Wed_01550,Wednesday,"New World Newmarket,Four Square Pakuranga Heights,Four Square Onehunga",15,79.3,270,349.3,770.0,139.3,719.75,1489.75,3
Wed_01551,Wednesday,"Four Square Onehunga,Four Square Cockle Bay,Four Square Remuera,New World Metro Queen St",13,115.3,234,349.3,770.0,139.3,719.77,1489.77,4
Wed_01552,Wednesday,"Four Square Pakuranga Heights,Four Square St Heliers,Four Square Ellerslie,New World Metro Shore City",12,133.3,216,349.3,770.0,139.3,719.77,1489.77,4
Wed_01553,Wednesday,"Four Square Onehunga,New World Newmarket,Four Square Britomart",16,61.3,288,349.3,770.0,139.3,719.89,1489.89,3
Wed_01554,Wednesday,"Four Square Eden Terrace,New World Metro Queen St,Four Square Cockle Bay,Four Square Botany Junction",13,115.3,234,349.3,770.0,139.3,719.91,1489.91,4
Wed_01555,Wednesday,"New World Metro Shore City,Four Square Ellerslie,New World Papakura",12,133.4,216,349.4,770.0,139.4,720.02,1490.02,3
Wed_01556,Wednesday,"Four Square Onehunga,New World Metro Queen St,Four Square Eden Terrace,Four Square Hobsonville",14,97.4,252,349.4,770.0,139.4,720.21,1490.21,4
Wed_01557,Wednesday,"Four Square Onehunga,Four Square Ellerslie,Four Square St Heliers,Four Square Hobsonville",13,115.4,234,349.4,770.0,139.4,720.31,1490.31,4
Wed_01558,Wednesday,"New World Papakura,Four Square Remuera,New World Metro Queen St",13,115.4,234,349.4,770.0,139.4,720.42,1490.42,3
Wed_01559,Wednesday,"Four Square Britomart,New World Newmarket,Four Square Eden Terrace",16,61.4,288,349.4,770.0,139.4,720.45,1490.45,3
Wed_01560,Wednesday,"Four Square Fair Price Henderson,Pak 'n Save Henderson",16,61.5,288,349.5,770.0,139.5,720.5,1490.5,2
Wed_01561,Wednesday,"Four Square Cockle Bay,Four Square Remuera,New World Metro Queen St,Four Square Britomart",13,115.5,234,349.5,770.0,139.5,720.51,1490.51,4
Wed_01562,Wednesday,"Four Square Cockle Bay,Four Square Pakuranga Heights,New World Hobsonville",12,133.5,216,349.5,770.0,139.5,720.72,1490.72,3
Wed_01563,Wednesday,"New World Ormiston,New World Metro Queen St,Four Square Britomart",14,97.6,252,349.6,770.0,139.6,721.07,1491.07,3
Wed_01564,Wednesday,"New World Ormiston,Four Square Ellerslie,Four Square St Heliers",13,115.6,234,349.6,770.0,139.6,721.14,1491.14,3
Wed_01565,Wednesday,"New World Metro Shore City,New World Eastridge,Four Square St Heliers",13,115.6,234,349.6,770.0,139.6,721.42,1491.42,3
Wed_01566,Wednesday,"Four Square Pakuranga Heights,New World Metro Queen St,Four Square Eden Terrace,Four Square Glen Eden",13,115.7,234,349.7,770.0,139.7,721.54,1491.54,4
Wed_01567,Wednesday,"Four Square Eden Terrace,Four Square Ellerslie,Four Square St Heliers,Four Square Glen Eden",13,115.7,234,349.7,770.0,139.7,721.67,1491.67,4
Wed_01568,Wednesday,"Four Square Cockle Bay,New World Stonefields,Four Square Onehunga",14,97.8,252,349.8,770.0,139.8,722.05,1492.05,3
Wed_01569,Wednesday,"Four Square Hobsonville,New World Metro Shore City,Four Square Ellerslie,Four Square Eden Terrace",13,115.8,234,349.8,770.0,139.8,722.06,1492.06,4
Wed_01570,Wednesday,"Four Square Pakuranga Heights,Four Square Ellerslie,New World Green Bay",14,97.8,252,349.8,770.0,139.8,722.1,1492.1,3
Wed_01571,Wednesday,"Four Square Onehunga,New World Metro Queen St,Four Square Hobsonville,Four Square Glen Eden",13,115.8,234,349.8,770.0,139.8,722.13,1492.13,4
Wed_01572,Wednesday,"Pak 'n Save Henderson,Four Square Hobsonville",15,79.8,270,349.8,770.0,139.8,722.3,1492.3,2
Wed_01573,Wednesday,"Four Square Cockle Bay,Four Square Remuera,Four Square Torbay",10,169.8,180,349.8,770.0,139.8,722.33,1492.33,3
Wed_01574,Wednesday,"Four Square Pakuranga Heights,Four Square Ellerslie,Four Square Remuera,New World Metro Shore City",13,115.8,234,349.8,770.0,139.8,722.47,1492.47,4
Wed_01575,Wednesday,"Four Square Pakuranga Heights,Pak 'n Save Clendon",14,97.9,252,349.9,770.0,139.9,722.72,1492.72,2
Wed_01576,Wednesday,"Four Square Cockle Bay,Pak 'n Save Sylvia Park",14,97.9,252,349.9,770.0,139.9,722.98,1492.98,2
Wed_01577,Wednesday,"Four Square Onehunga,Four Square Ellerslie,Four Square Cockle Bay,New World Metro Shore City",12,133.9,216,349.9,770.0,139.9,723.01,1493.01,4
Wed_01578,Wednesday,"New World Metro Shore City,Four Square Ellerslie,New World Southmall",13,116.0,234,350.0,770.0,140.0,723.16,1493.16,3
Wed_01579,Wednesday,"Four Square Onehunga,New World Ormiston,Four Square Botany Junction",15,80.0,270,350.0,770.0,140.0,723.18,1493.18,3
Wed_01580,Wednesday,"New World Southmall,Four Square Remuera,New World Metro Queen St",14,98.0,252,350.0,770.0,140.0,723.56,1493.56,3
Wed_01581,Wednesday,"Four Square Fair Price Henderson,New World Birkenhead,New World Metro Shore City",13,116.0,234,350.0,770.0,140.0,723.57,1493.57,3
Wed_01582,Wednesday,"Four Square Onehunga,Four Square St Heliers,New World Newmarket",15,80.1,270,350.1,770.0,140.1,723.62,1493.62,3
Wed_01583,Wednesday,"Four Square Cockle Bay,Four Square Eden Terrace,New World Mt Albert",14,98.1,252,350.1,770.0,140.1,723.66,1493.66,3
Wed_01584,Wednesday,"Four Square Pakuranga Heights,New World Stonefields,Four Square St Heliers",14,98.1,252,350.1,770.0,140.1,723.66,1493.66,3
Wed_01585,Wednesday,"New World Stonefields,New World Metro Queen St,Four Square Eden Terrace",15,80.1,270,350.1,770.0,140.1,723.77,1493.77,3
Wed_01586,Wednesday,"Four Square Cockle Bay,New World Botany,Four Square St Heliers",13,116.1,234,350.1,770.0,140.1,723.89,1493.89,3
Wed_01587,Wednesday,"Four Square Hobsonville,Four Square Ellerslie,Four Square Pakuranga Heights,New World Metro Queen St",12,134.1,216,350.1,770.0,140.1,723.89,1493.89,4
Wed_01588,Wednesday,"New World Remuera,Four Square Remuera,Four Square Eden Terrace",16,62.1,288,350.1,770.0,140.1,723.94,1493.94,3
Wed_01589,Wednesday,"Four Square Pakuranga Heights,New World Botany,Four Square Botany Junction",15,80.1,270,350.1,770.0,140.1,723.98,1493.98,3
Wed_01590,Wednesday,"Four Square Cockle Bay,Four Square Ellerslie,Four Square Britomart,Four Square Eden Terrace",13,116.1,234,350.1,770.0,140.1,724.04,1494.04,4
Wed_01591,Wednesday,"Four Square Torbay,Four Square St Heliers,Four Square Eden Terrace",11,152.1,198,350.1,770.0,140.1,724.09,1494.09,3
Wed_01592,Wednesday,"Four Square Eden Terrace,New World Metro Queen St,Four Square Ellerslie,Four Square Botany Junction",14,98.2,252,350.2,770.0,140.2,724.46,1494.46,4
Wed_01593,Wednesday,"Four Square Onehunga,Four Square Cockle Bay,Four Square Botany Junction,New World Metro Queen St",13,116.2,234,350.2,770.0,140.2,724.58,1494.58,4
Wed_01594,Wednesday,"New World Hobsonville,Four Square Ellerslie,Four Square Remuera",14,98.3,252,350.3,770.0,140.3,724.96,1494.96,3
Wed_01595,Wednesday,"New World Hobsonville,Four Square Ellerslie,Four Square Eden Terrace",14,98.3,252,350.3,770.0,140.3,725.04,1495.04,3
Wed_01596,Wednesday,"Four Square Onehunga,New World Metro Queen St,Four Square Fair Price Henderson,Four Square Glen Eden",14,98.3,252,350.3,770.0,140.3,725.11,1495.11,4
Wed_01597,Wednesday,"Four Square Lancaster,New World Devonport",13,116.4,234,350.4,770.0,140.4,725.24,1495.24,2
Wed_01598,Wednesday,"New World Metro Queen St,Four Square Torbay,Four Square Botany Junction",11,152.4,198,350.4,770.0,140.4,725.39,1495.39,3
Wed_01599,Wednesday,"New World Mt Albert,Four Square Eden Terrace,Four Square Remuera",16,62.4,288,350.4,770.0,140.4,725.4,1495.4,3
Wed_01600,Wednesday,"Four Square Cockle Bay,Four Square Remuera,New World Metro Queen St,Four Square Eden Terrace",13,116.4,234,350.4,770.0,140.4,725.42,1495.42,4
Wed_01601,Wednesday,"Four Square Pakuranga Heights,Four Square Cockle Bay,New World Papatoetoe",14,98.4,252,350.4,770.0,140.4,725.55,1495.55,3
Wed_01602,Wednesday,"Four Square Cockle Bay,Four Square Pakuranga Heights,Four Square Remuera,Four Square Glen Eden",12,134.4,216,350.4,770.0,140.4,725.6,1495.6,4
Wed_01603,Wednesday,"New World Papakura,Four Square Pakuranga Heights,Four Square St Heliers",12,134.4,216,350.4,770.0,140.4,725.64,1495.64,3
Wed_01604,Wednesday,"Four Square Pakuranga Heights,Four Square St Heliers,New World Remuera",14,98.5,252,350.5,770.0,140.5,725.7,1495.7,3
Wed_01605,Wednesday,"New World Victoria Park,Four Square Torbay,New World Metro Shore City",13,116.5,234,350.5,770.0,140.5,725.73,1495.73,3
Wed_01606,Wednesday,"Four Square Glen Eden,Four Square Ellerslie,Four Square Cockle Bay,Four Square Botany Junction",12,134.5,216,350.5,770.0,140.5,725.73,1495.73,4
Wed_01607,Wednesday,"Four Square Cockle Bay,Four Square Pakuranga Heights,Four Square St Heliers,New World Metro Shore City",11,152.5,198,350.5,770.0,140.5,725.74,1495.74,4
Wed_01608,Wednesday,"New World Ormiston,New World Metro Queen St,Four Square Eden Terrace",14,98.5,252,350.5,770.0,140.5,725.98,1495.98,3
Wed_01609,Wednesday,"Four Square Remuera,Four Square Ellerslie,Four Square Pakuranga Heights,Four Square Botany Junction",14,98.5,252,350.5,770.0,140.5,726.09,1496.09,4
Wed_01610,Wednesday,"Four Square Cockle Bay,Four Square Pakuranga Heights,New World Metro Shore City,Four Square Hobsonville",11,152.5,198,350.5,770.0,140.5,726.16,1496.16,4
Wed_01611,Wednesday,"Four Square Pakuranga Heights,New World Birkenhead,Four Square Eden Terrace",13,116.6,234,350.6,770.0,140.6,726.18,1496.18,3
Wed_01612,Wednesday,"Four Square Britomart,Four Square Pakuranga Heights,Four Square Cockle Bay,Four Square Botany Junction",13,116.7,234,350.7,770.0,140.7,727.05,1497.05,4
Wed_01613,Wednesday,"Four Square Hobsonville,New World Milford,New World Metro Queen St",14,98.8,252,350.8,770.0,140.8,727.26,1497.26,3
Wed_01614,Wednesday,"Four Square Remuera,Four Square St Heliers,New World Metro Queen St,Four Square Glen Eden",13,116.8,234,350.8,770.0,140.8,727.32,1497.32,4
Wed_01615,Wednesday,"Four Square Hobsonville,New World Newmarket,Four Square Ellerslie",14,98.8,252,350.8,770.0,140.8,727.4,1497.4,3
Wed_01616,Wednesday,"Four Square Eden Terrace,Four Square Ellerslie,Four Square Remuera,New World Metro Shore City",14,98.8,252,350.8,770.0,140.8,727.43,1497.43,4
Wed_01617,Wednesday,"Four Square Pakuranga Heights,New World Newmarket,Four Square Eden Terrace",15,80.8,270,350.8,770.0,140.8,727.5,1497.5,3
Wed_01618,Wednesday,"Four Square Britomart,Four Square Ellerslie,Four Square Cockle Bay,Four Square Botany Junction",13,116.8,234,350.8,770.0,140.8,727.53,1497.53,4
Wed_01619,Wednesday,"Four Square Britomart,Pak 'n Save Wairau Road",15,80.9,270,350.9,770.0,140.9,727.83,1497.83,2
Wed_01620,Wednesday,"Four Square Glen Eden,Four Square Fair Price Henderson,Four Square Hobsonville,New World Metro Shore City",13,116.9,234,350.9,770.0,140.9,727.95,1497.95,4
Wed_01621,Wednesday,"Four Square Fair Price Henderson,New World Hobsonville,New World Metro Queen St",14,98.9,252,350.9,770.0,140.9,727.98,1497.98,3
Wed_01622,Wednesday,"Four Square Pakuranga Heights,Pak 'n Save Botany",15,80.9,270,350.9,770.0,140.9,728.14,1498.14,2
Wed_01623,Wednesday,"Four Square Cockle Bay,New World Birkenhead,Four Square Hobsonville",11,152.9,198,350.9,770.0,140.9,728.21,1498.21,3
Wed_01624,Wednesday,"Four Square Pakuranga Heights,Four Square Remuera,New World Birkenhead",13,116.9,234,350.9,770.0,140.9,728.21,1498.21,3
Wed_01625,Wednesday,"Four Square Onehunga,Four Square Cockle Bay,New World Metro Queen St,Four Square Glen Eden",12,134.9,216,350.9,770.0,140.9,728.21,1498.21,4
Wed_01626,Wednesday,"New World Metro Shore City,Four Square Ellerslie,Four Square Remuera,Four Square St Heliers",13,117.0,234,351.0,770.0,141.0,728.26,1498.26,4
Wed_01627,Wednesday,"Four Square Eden Terrace,New World Metro Queen St,Four Square St Heliers,Four Square Glen Eden",13,117.0,234,351.0,770.0,141.0,728.29,1498.29,4
Wed_01628,Wednesday,"Four Square Cockle Bay,New World Remuera,Four Square Onehunga",14,99.0,252,351.0,770.0,141.0,728.36,1498.36,3
Wed_01629,Wednesday,"New World Birkenhead,Four Square Cockle Bay,Four Square Botany Junction",12,135.0,216,351.0,770.0,141.0,728.65,1498.65,3
Wed_01630,Wednesday,"New World Southmall,Four Square Pakuranga Heights,Four Square St Heliers",13,117.1,234,351.1,770.0,141.1,728.78,1498.78,3
Wed_01631,Wednesday,"Four Square Pakuranga Heights,Four Square Eden Terrace,New World Metro Queen St,New World Metro Shore City",13,117.1,234,351.1,770.0,141.1,728.79,1498.79,4
Wed_01632,Wednesday,"Four Square Cockle Bay,New World Metro Queen St,Four Square Britomart,New World Metro Shore City",12,135.1,216,351.1,770.0,141.1,728.85,1498.85,4
Wed_01633,Wednesday,"Four Square Cockle Bay,New World Metro Queen St,Four Square Britomart,Four Square Glen Eden",12,135.1,216,351.1,770.0,141.1,728.96,1498.96,4
Wed_01634,Wednesday,"Four Square Cockle Bay,Four Square St Heliers,New World Newmarket",13,117.1,234,351.1,770.0,141.1,729.02,1499.02,3
Wed_01635,Wednesday,"Four Square Pakuranga Heights,Four Square Ellerslie,New World Hobsonville",13,117.1,234,351.1,770.0,141.1,729.08,1499.08,3
Wed_01636,Wednesday,"Four Square Britomart,New World Metro Shore City,New World Mt Albert",15,81.1,270,351.1,770.0,141.1,729.18,1499.18,3
Wed_01637,Wednesday,"Four Square Cockle Bay,New World Botany,Four Square Eden Terrace",14,99.1,252,351.1,770.0,141.1,729.19,1499.19,3
Wed_01638,Wednesday,"Four Square Botany Junction,Four Square Ellerslie,Four Square St Heliers,New World Metro Queen St",13,117.1,234,351.1,770.0,141.1,729.26,1499.26,4
Wed_01639,Wednesday,"New World Metro Shore City,New World Milford,Four Square Ellerslie",14,99.2,252,351.2,770.0,141.2,729.4,1499.4,3
Wed_01640,Wednesday,"Four Square Eden Terrace,Four Square Cockle Bay,New World Papakura",12,135.2,216,351.2,770.0,141.2,729.55,1499.55,3
Wed_01641,Wednesday,"Four Square Onehunga,New World Stonefields,Four Square Remuera",16,63.2,288,351.2,770.0,141.2,729.68,1499.68,3
Wed_01642,Wednesday,"Four Square Ellerslie,Four Square St Heliers,Four Square Britomart,New World Metro Shore City",13,117.3,234,351.3,770.0,141.3,729.96,1499.96,4
Wed_01643,Wednesday,"Four Square Ellerslie,Four Square St Heliers,Four Square Britomart,Four Square Glen Eden",13,117.3,234,351.3,770.0,141.3,730.07,1500.07,4
Wed_01644,Wednesday,"Four Square Lancaster,New World Metro Shore City,New World Point Chevalier",14,99.3,252,351.3,770.0,141.3,730.2,1500.2,3
Wed_01645,Wednesday,"New World Metro Shore City,New World Metro Queen St,Four Square St Heliers,Four Square Remuera",13,117.4,234,351.4,770.0,141.4,730.53,1500.53,4
Wed_01646,Wednesday,"Four Square Fair Price Henderson,Four Square Remuera,New World Victoria Park",14,99.4,252,351.4,770.0,141.4,730.58,1500.58,3
Wed_01647,Wednesday,"Four Square Cockle Bay,Four Square Pakuranga Heights,Four Square Remuera,Four Square Britomart",13,117.4,234,351.4,770.0,141.4,730.59,1500.59,4
Wed_01648,Wednesday,"Four Square Britomart,Four Square Cockle Bay,New World Ormiston",13,117.4,234,351.4,770.0,141.4,730.65,1500.65,3
Wed_01649,Wednesday,"Four Square Fair Price Henderson,Four Square Torbay,Four Square Remuera",12,135.4,216,351.4,770.0,141.4,730.69,1500.69,3
Wed_01650,Wednesday,"New World Papakura,Four Square Cockle Bay,Four Square St Heliers",11,153.4,198,351.4,770.0,141.4,730.74,1500.74,3
Wed_01651,Wednesday,"New World Papakura,Four Square Pakuranga Heights,Four Square Eden Terrace",13,117.5,234,351.5,770.0,141.5,730.94,1500.94,3
Wed_01652,Wednesday,"New World Howick,Four Square Pakuranga Heights,New World Metro Queen St",14,99.5,252,351.5,770.0,141.5,731.32,1501.32,3
Wed_01653,Wednesday,"Four Square Cockle Bay,Four Square St Heliers,Four Square Ellerslie,New World Metro Shore City",11,153.5,198,351.5,770.0,141.5,731.32,1501.32,4
Wed_01654,Wednesday,"Four Square Pakuranga Heights,Four Square St Heliers,Four Square Remuera,Four Square Eden Terrace",14,99.6,252,351.6,770.0,141.6,731.36,1501.36,4
Wed_01655,Wednesday,"Four Square Onehunga,Four Square Cockle Bay,New World Metro Queen St,New World Metro Shore City",12,135.6,216,351.6,770.0,141.6,731.49,1501.49,4
Wed_01656,Wednesday,"Four Square Torbay,Four Square Pakuranga Heights,Four Square Botany Junction",11,153.6,198,351.6,770.0,141.6,731.57,1501.57,3
Wed_01657,Wednesday,"Four Square Cockle Bay,Four Square Britomart,New World Birkenhead",12,135.7,216,351.7,770.0,141.7,731.87,1501.87,3
Wed_01658,Wednesday,"New World Metro Queen St,New World Victoria Park,New World Birkenhead",15,81.7,270,351.7,770.0,141.7,731.9,1501.9,3
Wed_01659,Wednesday,"Four Square Fair Price Henderson,Four Square Torbay,Four Square Lancaster",12,135.7,216,351.7,770.0,141.7,731.98,1501.98,3
Wed_01660,Wednesday,"New World Newmarket,Four Square Cockle Bay,Four Square Onehunga",14,99.7,252,351.7,770.0,141.7,732.08,1502.08,3
Wed_01661,Wednesday,"New World Papakura,New World Metro Queen St,New World Metro Shore City",12,135.7,216,351.7,770.0,141.7,732.15,1502.15,3
Wed_01662,Wednesday,"New World Victoria Park,New World Metro Shore City,Four Square Botany Junction",13,117.7,234,351.7,770.0,141.7,732.17,1502.17,3
Wed_01663,Wednesday,"New World Mt Albert,Four Square Fair Price Henderson,Four Square Hobsonville",15,81.8,270,351.8,770.0,141.8,732.56,1502.56,3
Wed_01664,Wednesday,"Four Square Britomart,New World Remuera,Four Square Onehunga",16,63.8,288,351.8,770.0,141.8,732.81,1502.81,3
Wed_01665,Wednesday,"New World Metro Shore City,Four Square Britomart,New World Metro Queen St,Four Square Remuera",14,99.9,252,351.9,770.0,141.9,732.93,1502.93,4
Wed_01666,Wednesday,"Four Square Britomart,New World Metro Queen St,Four Square Remuera,Four Square Glen Eden",14,99.9,252,351.9,770.0,141.9,732.98,1502.98,4
Wed_01667,Wednesday,"New World Birkenhead,Four Square Ellerslie,Four Square Botany Junction",13,117.9,234,351.9,770.0,141.9,733.2,1503.2,3
Wed_01668,Wednesday,"New World Metro Shore City,Four Square Ellerslie,New World Stonefields",14,99.9,252,351.9,770.0,141.9,733.24,1503.24,3
Wed_01669,Wednesday,"New World Green Bay,Four Square Ellerslie,Four Square St Heliers",14,99.9,252,351.9,770.0,141.9,733.36,1503.36,3
Wed_01670,Wednesday,"Four Square Hobsonville,New World Metro Shore City,New World Metro Queen St,Four Square St Heliers",12,135.9,216,351.9,770.0,141.9,733.39,1503.39,4
Wed_01671,Wednesday,"Four Square Botany Junction,Four Square Cockle Bay,New World Eastridge",13,118.0,234,352.0,770.0,142.0,733.51,1503.51,3
Wed_01672,Wednesday,"Four Square Pakuranga Heights,New World Eastridge,Four Square Glen Eden",13,118.0,234,352.0,770.0,142.0,733.57,1503.57,3
Wed_01673,Wednesday,"Four Square Remuera,New World Birkenhead,Four Square Hobsonville",13,118.0,234,352.0,770.0,142.0,733.69,1503.69,3
Wed_01674,Wednesday,"Four Square Cockle Bay,New World Metro Queen St,Four Square Eden Terrace,Four Square Glen Eden",12,136.0,216,352.0,770.0,142.0,733.87,1503.87,4
Wed_01675,Wednesday,"Four Square Hobsonville,Four Square Ellerslie,Four Square Pakuranga Heights,Four Square Onehunga",13,118.0,234,352.0,770.0,142.0,733.9,1503.9,4
Wed_01676,Wednesday,"New World Southmall,Four Square Pakuranga Heights,Four Square Eden Terrace",14,100.1,252,352.1,770.0,142.1,734.08,1504.08,3
Wed_01677,Wednesday,"New World Mt Roskill,Four Square Ellerslie,Four Square St Heliers",15,82.1,270,352.1,770.0,142.1,734.25,1504.25,3
Wed_01678,Wednesday,"New World Newmarket,Four Square Remuera,Four Square Eden Terrace",16,64.1,288,352.1,770.0,142.1,734.27,1504.27,3
Wed_01679,Wednesday,"New World Metro Shore City,New World Newmarket,Four Square Eden Terrace",15,82.1,270,352.1,770.0,142.1,734.38,1504.38,3
Wed_01680,Wednesday,"Four Square Cockle Bay,Four Square Ellerslie,New World Green Bay",13,118.1,234,352.1,770.0,142.1,734.43,1504.43,3
Wed_01681,Wednesday,"Four Square Pakuranga Heights,Four Square Ellerslie,New World Metro Shore City,Four Square Hobsonville",12,136.2,216,352.2,770.0,142.2,734.51,1504.51,4
Wed_01682,Wednesday,"Four Square Hobsonville,Four Square Lancaster,New World Metro Shore City,New World Metro Queen St",13,118.2,234,352.2,770.0,142.2,734.54,1504.54,4
Wed_01683,Wednesday,"Four Square Ellerslie,Four Square Remuera,New World Metro Shore City,Four Square Hobsonville",13,118.2,234,352.2,770.0,142.2,734.68,1504.68,4
Wed_01684,Wednesday,"Four Square Cockle Bay,Four Square Ellerslie,Four Square Remuera,New World Metro Shore City",12,136.2,216,352.2,770.0,142.2,734.8,1504.8,4
Wed_01685,Wednesday,"New World Remuera,Four Square Remuera,Four Square St Heliers",15,82.2,270,352.2,770.0,142.2,734.88,1504.88,3
Wed_01686,Wednesday,"New World Birkenhead,Four Square Britomart,Four Square Remuera",14,100.3,252,352.3,770.0,142.3,735.09,1505.09,3
Wed_01687,Wednesday,"Four Square Cockle Bay,New World Stonefields,Four Square St Heliers",13,118.3,234,352.3,770.0,142.3,735.21,1505.21,3
Wed_01688,Wednesday,"New World Southmall,New World Metro Queen St,New World Metro Shore City",13,118.3,234,352.3,770.0,142.3,735.28,1505.28,3
Wed_01689,Wednesday,"Four Square Pakuranga Heights,Four Square Torbay,Four Square Fair Price Henderson",11,154.3,198,352.3,770.0,142.3,735.36,1505.36,3
Wed_01690,Wednesday,"Four Square Onehunga,New World Stonefields,Four Square Eden Terrace",16,64.3,288,352.3,770.0,142.3,735.4,1505.4,3
Wed_01691,Wednesday,"Four Square Botany Junction,Four Square Ellerslie,Four Square Remuera,New World Metro Queen St",14,100.3,252,352.3,770.0,142.3,735.44,1505.44,4
Wed_01692,Wednesday,"Four Square Hobsonville,Four Square Ellerslie,New World Remuera",14,100.4,252,352.4,770.0,142.4,735.78,1505.78,3
Wed_01693,Wednesday,"Four Square Cockle Bay,Four Square Pakuranga Heights,Four Square St Heliers,Four Square Hobsonville",11,154.5,198,352.5,770.0,142.5,736.18,1506.18,4
Wed_01694,Wednesday,"Four Square Pakuranga Heights,New World Metro Queen St,New World Metro Shore City,Four Square Hobsonville",12,136.5,216,352.5,770.0,142.5,736.24,1506.24,4
Wed_01695,Wednesday,"Four Square Onehunga,Four Square Cockle Bay,Four Square Pakuranga Heights,Four Square Hobsonville",12,136.5,216,352.5,770.0,142.5,736.36,1506.36,4
Wed_01696,Wednesday,"New World Metro Queen St,Four Square Ellerslie,New World Botany",14,100.5,252,352.5,770.0,142.5,736.42,1506.42,3
Wed_01697,Wednesday,"New World Ormiston,Four Square St Heliers,New World Metro Queen St",13,118.5,234,352.5,770.0,142.5,736.45,1506.45,3
Wed_01698,Wednesday,"New World Browns Bay,New World Hobsonville",14,100.6,252,352.6,770.0,142.6,736.76,1506.76,2
Wed_01699,Wednesday,"Four Square Britomart,Four Square Ellerslie,New World Ormiston",14,100.6,252,352.6,770.0,142.6,736.94,1506.94,3
Wed_01700,Wednesday,"Four Square Fair Price Henderson,Four Square Ellerslie,Four Square St Heliers,New World Metro Queen St",13,118.7,234,352.7,770.0,142.7,737.17,1507.17,4
Wed_01701,Wednesday,"Four Square Pakuranga Heights,New World Stonefields,Four Square Remuera",15,82.7,270,352.7,770.0,142.7,737.19,1507.19,3
Wed_01702,Wednesday,"Four Square Cockle Bay,Four Square St Heliers,New World Remuera",13,118.7,234,352.7,770.0,142.7,737.25,1507.25,3
Wed_01703,Wednesday,"Four Square Onehunga,Four Square Ellerslie,Four Square Botany Junction,New World Metro Queen St",14,100.7,252,352.7,770.0,142.7,737.31,1507.31,4
Wed_01704,Wednesday,"Four Square Onehunga,Four Square St Heliers,Four Square Remuera,Four Square Eden Terrace",15,82.7,270,352.7,770.0,142.7,737.52,1507.52,4
Wed_01705,Wednesday,"Four Square Onehunga,Four Square Pakuranga Heights,Four Square St Heliers,Four Square Britomart",14,100.8,252,352.8,770.0,142.8,737.56,1507.56,4
Wed_01706,Wednesday,"Four Square Fair Price Henderson,Four Square Britomart,New World Metro Queen St,Four Square Ellerslie",14,100.8,252,352.8,770.0,142.8,737.62,1507.62,4
Wed_01707,Wednesday,"Four Square Onehunga,Four Square St Heliers,Four Square Cockle Bay,Four Square Botany Junction",13,118.9,234,352.9,770.0,142.9,738.45,1508.45,4
Wed_01708,Wednesday,"Four Square Cockle Bay,New World Birkenhead,Four Square Eden Terrace",12,136.9,216,352.9,770.0,142.9,738.51,1508.51,3
Wed_01709,Wednesday,"Four Square Botany Junction,Four Square Remuera,New World Victoria Park",14,100.9,252,352.9,770.0,142.9,738.52,1508.52,3
Wed_01710,Wednesday,"Four Square Lancaster,Four Square St Heliers,Four Square Botany Junction",11,154.9,198,352.9,770.0,142.9,738.57,1508.57,3
Wed_01711,Wednesday,"Four Square Cockle Bay,Four Square Pakuranga Heights,Four Square Britomart,New World Metro Shore City",12,137.0,216,353.0,770.0,143.0,738.93,1508.93,4
Wed_01712,Wednesday,"Four Square Glen Eden,Four Square Fair Price Henderson,New World Metro Shore City,New World Metro Queen St",13,119.0,234,353.0,770.0,143.0,738.97,1508.97,4
Wed_01713,Wednesday,"New World Papatoetoe,Four Square Ellerslie,New World Metro Queen St",15,83.0,270,353.0,770.0,143.0,739.03,1509.03,3
Wed_01714,Wednesday,"Four Square Cockle Bay,Four Square Pakuranga Heights,Four Square Britomart,Four Square Glen Eden",12,137.0,216,353.0,770.0,143.0,739.03,1509.03,4
Wed_01715,Wednesday,"Four Square Hobsonville,New World Metro Shore City,New World Newmarket",14,101.0,252,353.0,770.0,143.0,739.04,1509.04,3
Wed_01716,Wednesday,"Four Square Cockle Bay,Four Square Pakuranga Heights,New World Metro Queen St,Four Square Fair Price Henderson",12,137.1,216,353.1,770.0,143.1,739.12,1509.12,4
Wed_01717,Wednesday,"Four Square Onehunga,Four Square Remuera,Four Square St Heliers,Four Square Britomart",15,83.1,270,353.1,770.0,143.1,739.27,1509.27,4
Wed_01718,Wednesday,"Four Square Remuera,New World Metro Queen St,Four Square Eden Terrace,Four Square Glen Eden",14,101.1,252,353.1,770.0,143.1,739.34,1509.34,4
Wed_01719,Wednesday,"Four Square Pakuranga Heights,New World Birkenhead,Four Square Lancaster",13,119.2,234,353.2,770.0,143.2,739.76,1509.76,3
Wed_01720,Wednesday,"Four Square Cockle Bay,New World Newmarket,Four Square Eden Terrace",14,101.2,252,353.2,770.0,143.2,739.83,1509.83,3
Wed_01721,Wednesday,"New World Southmall,Four Square Botany Junction,New World Metro Queen St",14,101.2,252,353.2,770.0,143.2,740.01,1510.01,3
Wed_01722,Wednesday,"Four Square Glen Eden,Four Square Hobsonville,Four Square Ellerslie,Four Square Remuera",13,119.2,234,353.2,770.0,143.2,740.03,1510.03,4
Wed_01723,Wednesday,"Four Square Remuera,Four Square St Heliers,New World Mt Albert",15,83.2,270,353.2,770.0,143.2,740.07,1510.07,3
Wed_01724,Wednesday,"Four Square Botany Junction,Four Square Torbay,New World Metro Shore City",11,155.2,198,353.2,770.0,143.2,740.11,1510.11,3
Wed_01725,Wednesday,"Four Square Glen Eden,Four Square Hobsonville,Four Square Ellerslie,Four Square Eden Terrace",13,119.2,234,353.2,770.0,143.2,740.11,1510.11,4
Wed_01726,Wednesday,"Four Square Fair Price Henderson,Four Square Hobsonville,Four Square Ellerslie,New World Metro Queen St",13,119.3,234,353.3,770.0,143.3,740.14,1510.14,4
Wed_01727,Wednesday,"Four Square Cockle Bay,Four Square Remuera,New World Birkenhead",12,137.3,216,353.3,770.0,143.3,740.54,1510.54,3
Wed_01728,Wednesday,"New World Hobsonville,Four Square Hobsonville,Four Square St Heliers",13,119.4,234,353.4,770.0,143.4,740.74,1510.74,3
Wed_01729,Wednesday,"New World Metro Shore City,New World Metro Queen St,Four Square Remuera,Four Square Eden Terrace",14,101.4,252,353.4,770.0,143.4,740.77,1510.77,4
Wed_01730,Wednesday,"Four Square Hobsonville,Four Square Britomart,Four Square Ellerslie,Four Square Onehunga",14,101.4,252,353.4,770.0,143.4,740.85,1510.85,4
Wed_01731,Wednesday,"New World Metro Shore City,Four Square St Heliers,New World Point Chevalier",13,119.4,234,353.4,770.0,143.4,740.98,1510.98,3
Wed_01732,Wednesday,"New World Metro Shore City,Four Square Pakuranga Heights,Four Square Cockle Bay,Four Square Botany Junction",12,137.4,216,353.4,770.0,143.4,740.98,1510.98,4
Wed_01733,Wednesday,"Four Square Cockle Bay,Four Square Eden Terrace,New World Metro Queen St,New World Metro Shore City",12,137.4,216,353.4,770.0,143.4,741.12,1511.12,4
Wed_01734,Wednesday,"New World Hobsonville,Four Square Ellerslie,Four Square St Heliers",13,119.5,234,353.5,770.0,143.5,741.2,1511.2,3
Wed_01735,Wednesday,"Four Square Onehunga,Four Square Pakuranga Heights,Four Square St Heliers,Four Square Eden Terrace",14,101.5,252,353.5,770.0,143.5,741.28,1511.28,4
Wed_01736,Wednesday,"New World Howick,Four Square Pakuranga Heights,Four Square Onehunga",15,83.5,270,353.5,770.0,143.5,741.33,1511.33,3
Wed_01737,Wednesday,"Four Square Cockle Bay,Four Square Ellerslie,New World Hobsonville",12,137.5,216,353.5,770.0,143.5,741.41,1511.41,3
Wed_01738,Wednesday,"New World Metro Shore City,Four Square Ellerslie,Four Square Cockle Bay,Four Square Botany Junction",12,137.5,216,353.5,770.0,143.5,741.46,1511.46,4
Wed_01739,Wednesday,"Four Square Cockle Bay,Four Square Pakuranga Heights,Four Square Eden Terrace,Four Square Hobsonville",12,137.5,216,353.5,770.0,143.5,741.48,1511.48,4
Wed_01740,Wednesday,"Four Square Fair Price Henderson,Four Square Hobsonville,Four Square Britomart,New World Metro Queen St",14,101.6,252,353.6,770.0,143.6,741.79,1511.79,4
Wed_01741,Wednesday,"Four Square Britomart,New World Metro Queen St,Four Square Pakuranga Heights,Four Square Botany Junction",14,101.6,252,353.6,770.0,143.6,742.06,1512.06,4
Wed_01742,Wednesday,"Four Square Hobsonville,New World Browns Bay,Four Square Ellerslie",13,119.6,234,353.6,770.0,143.6,742.07,1512.07,3
Wed_01743,Wednesday,"Four Square Pakuranga Heights,New World Ormiston,Four Square Glen Eden",13,119.6,234,353.6,770.0,143.6,742.07,1512.07,3
Wed_01744,Wednesday,"Four Square Pakuranga Heights,Four Square St Heliers,New World Metro Queen St,Four Square Hobsonville",12,137.7,216,353.7,770.0,143.7,742.56,1512.56,4
Wed_01745,Wednesday,"New World Hobsonville,New World Metro Shore City,Four Square Britomart",14,101.8,252,353.8,770.0,143.8,742.81,1512.81,3
Wed_01746,Wednesday,"Four Square Cockle Bay,Four Square St Heliers,Four Square Remuera,Four Square Eden Terrace",13,119.8,234,353.8,770.0,143.8,742.91,1512.91,4
Wed_01747,Wednesday,"Four Square Pakuranga Heights,New World Stonefields,Four Square Eden Terrace",15,83.8,270,353.8,770.0,143.8,742.92,1512.92,3
Wed_01748,Wednesday,"Four Square Onehunga,Four Square Remuera,New World Papakura",14,101.8,252,353.8,770.0,143.8,742.98,1512.98,3
Wed_01749,Wednesday,"Four Square Remuera,New World Eastridge,Four Square Glen Eden",14,101.8,252,353.8,770.0,143.8,743.03,1513.03,3
Wed_01750,Wednesday,"Four Square Fair Price Henderson,Four Square Ellerslie,Four Square Remuera,New World Metro Queen St",14,101.9,252,353.9,770.0,143.9,743.36,1513.36,4
Wed_01751,Wednesday,"New World Hobsonville,New World Metro Shore City,Four Square Eden Terrace",14,101.9,252,353.9,770.0,143.9,743.65,1513.65,3
Wed_01752,Wednesday,"Four Square Remuera,Four Square Pakuranga Heights,New World Ormiston",14,102.0,252,354.0,770.0,144.0,743.89,1513.89,3
Wed_01753,Wednesday,"Four Square Cockle Bay,Four Square Pakuranga Heights,Four Square Hobsonville,Four Square Glen Eden",11,156.0,198,354.0,770.0,144.0,743.93,1513.93,4
Wed_01754,Wednesday,"Four Square Fair Price Henderson,Four Square Ellerslie,New World Metro Queen St,Four Square Eden Terrace",14,102.0,252,354.0,770.0,144.0,743.97,1513.97,4
Wed_01755,Wednesday,"New World Metro Shore City,Four Square Cockle Bay,New World Ormiston",12,138.1,216,354.1,770.0,144.1,744.58,1514.58,3
Wed_01756,Wednesday,"Four Square Pakuranga Heights,Four Square Remuera,New World Mt Albert",15,84.1,270,354.1,770.0,144.1,744.74,1514.74,3
Wed_01757,Wednesday,"Four Square Onehunga,Four Square Ellerslie,New World Botany",15,84.2,270,354.2,770.0,144.2,745.07,1515.07,3
Wed_01758,Wednesday,"Four Square Cockle Bay,New World Eastridge,Four Square Glen Eden",12,138.2,216,354.2,770.0,144.2,745.12,1515.12,3
Wed_01759,Wednesday,"New World Newmarket,Four Square Remuera,Four Square St Heliers",15,84.2,270,354.2,770.0,144.2,745.2,1515.2,3
Wed_01760,Wednesday,"New World Metro Shore City,Four Square Britomart,Four Square Ellerslie,Four Square Remuera",14,102.2,252,354.2,770.0,144.2,745.2,1515.2,4
Wed_01761,Wednesday,"New World Papatoetoe,Four Square Ellerslie,Four Square Onehunga",16,66.2,288,354.2,770.0,144.2,745.25,1515.25,3
Wed_01762,Wednesday,"Four Square Britomart,Four Square Ellerslie,Four Square Remuera,Four Square Glen Eden",14,102.2,252,354.2,770.0,144.2,745.25,1515.25,4
Wed_01763,Wednesday,"New World Metro Shore City,Four Square Britomart,Four Square Ellerslie,Four Square Eden Terrace",14,102.2,252,354.2,770.0,144.2,745.28,1515.28,4
Wed_01764,Wednesday,"Four Square Britomart,Four Square Ellerslie,Four Square Eden Terrace,Four Square Glen Eden",14,102.3,252,354.3,770.0,144.3,745.33,1515.33,4
Wed_01765,Wednesday,"Four Square Hobsonville,New World Metro Shore City,New World Metro Queen St,Four Square Remuera",13,120.3,234,354.3,770.0,144.3,745.43,1515.43,4
Wed_01766,Wednesday,"Four Square Cockle Bay,Four Square Pakuranga Heights,New World Metro Shore City,Four Square Eden Terrace",12,138.3,216,354.3,770.0,144.3,745.57,1515.57,4
Wed_01767,Wednesday,"New World Metro Shore City,New World Metro Queen St,Four Square St Heliers,Four Square Eden Terrace",13,120.3,234,354.3,770.0,144.3,745.57,1515.57,4
Wed_01768,Wednesday,"Four Square Fair Price Henderson,Four Square Britomart,New World Metro Queen St,Four Square Eden Terrace",15,84.3,270,354.3,770.0,144.3,745.62,1515.62,4
Wed_01769,Wednesday,"Pak 'n Save Clendon,Four Square Botany Junction",15,84.3,270,354.3,770.0,144.3,745.71,1515.71,2
Wed_01770,Wednesday,"New World Metro Shore City,New World Eastridge,Four Square Onehunga",14,102.3,252,354.3,770.0,144.3,745.71,1515.71,3
Wed_01771,Wednesday,"Four Square Hobsonville,Four Square Ellerslie,Four Square Remuera,Four Square Eden Terrace",14,102.3,252,354.3,770.0,144.3,745.71,1515.71,4
Wed_01772,Wednesday,"New World Victoria Park,New World Metro Queen St,Four Square Ellerslie,Four Square Onehunga",16,66.3,288,354.3,770.0,144.3,745.75,1515.75,4
Wed_01773,Wednesday,"Four Square Onehunga,Four Square Remuera,New World Southmall",15,84.4,270,354.4,770.0,144.4,746.12,1516.12,3
Wed_01774,Wednesday,"Four Square Hobsonville,Four Square Ellerslie,Four Square Cockle Bay,Four Square Onehunga",12,138.4,216,354.4,770.0,144.4,746.23,1516.23,4
Wed_01775,Wednesday,"Four Square Pakuranga Heights,New World Remuera,Four Square Eden Terrace",15,84.5,270,354.5,770.0,144.5,746.34,1516.34,3
Wed_01776,Wednesday,"Four Square Fair Price Henderson,Four Square Hobsonville,Four Square Ellerslie,Four Square Onehunga",14,102.5,252,354.5,770.0,144.5,746.36,1516.36,4
Wed_01777,Wednesday,"New World Metro Shore City,New World Remuera,Four Square Onehunga",15,84.5,270,354.5,770.0,144.5,746.74,1516.74,3
Wed_01778,Wednesday,"Four Square Cockle Bay,Four Square Ellerslie,New World Metro Shore City,Four Square Hobsonville",11,156.6,198,354.6,770.0,144.6,746.84,1516.84,4
Wed_01779,Wednesday,"Four Square Glen Eden,Four Square Fair Price Henderson,Four Square Hobsonville,Four Square Ellerslie",13,120.6,234,354.6,770.0,144.6,746.87,1516.87,4
Wed_01780,Wednesday,"Four Square Cockle Bay,Four Square Pakuranga Heights,Four Square Fair Price Henderson,Four Square Glen Eden",12,138.6,216,354.6,770.0,144.6,746.91,1516.91,4
Wed_01781,Wednesday,"Four Square Pakuranga Heights,Four Square Ellerslie,Four Square Britomart,New World Metro Shore City",13,120.6,234,354.6,770.0,144.6,747.28,1517.28,4
Wed_01782,Wednesday,"Four Square Cockle Bay,New World Howick,Four Square Remuera",14,102.6,252,354.6,770.0,144.6,747.29,1517.29,3
Wed_01783,Wednesday,"New World Metro Queen St,Four Square Remuera,Four Square Cockle Bay,Four Square Botany Junction",13,120.6,234,354.6,770.0,144.6,747.29,1517.29,4
Wed_01784,Wednesday,"New World Southmall,Four Square Cockle Bay,Four Square Remuera",13,120.7,234,354.7,770.0,144.7,747.38,1517.38,3
Wed_01785,Wednesday,"Four Square Pakuranga Heights,Four Square Ellerslie,Four Square Britomart,Four Square Glen Eden",13,120.7,234,354.7,770.0,144.7,747.39,1517.39,4
Wed_01786,Wednesday,"Four Square Cockle Bay,Four Square Pakuranga Heights,Four Square Remuera,New World Metro Shore City",12,138.7,216,354.7,770.0,144.7,747.6,1517.6,4
Wed_01787,Wednesday,"Four Square Cockle Bay,Four Square Torbay,Four Square Fair Price Henderson",10,174.7,180,354.7,770.0,144.7,747.69,1517.69,3
Wed_01788,Wednesday,"Four Square Pakuranga Heights,Pak 'n Save Ormiston",15,84.8,270,354.8,770.0,144.8,748.36,1518.36,2
Wed_01789,Wednesday,"Four Square Hobsonville,Four Square Ellerslie,New World Papakura",12,138.9,216,354.9,770.0,144.9,748.41,1518.41,3
Wed_01790,Wednesday,"New World Metro Queen St,New World Browns Bay,Four Square Ellerslie",13,120.9,234,354.9,770.0,144.9,748.45,1518.45,3
Wed_01791,Wednesday,"Four Square Glen Eden,Pak 'n Save Lincoln Road,Four Square Hobsonville",15,84.9,270,354.9,770.0,144.9,748.56,1518.56,3
Wed_01792,Wednesday,"Four Square Cockle Bay,New World Metro Queen St,New World Metro Shore City,Four Square Hobsonville",11,156.9,198,354.9,770.0,144.9,748.57,1518.57,4
Wed_01793,Wednesday,"Four Square Onehunga,Four Square St Heliers,New World Metro Queen St,Four Square Hobsonville",13,120.9,234,354.9,770.0,144.9,748.72,1518.72,4
Wed_01794,Wednesday,"Four Square Glen Eden,Four Square Fair Price Henderson,Pak 'n Save Lincoln Road",16,66.9,288,354.9,770.0,144.9,748.73,1518.73,3
Wed_01795,Wednesday,"Four Square Cockle Bay,New World Stonefields,Four Square Remuera",14,102.9,252,354.9,770.0,144.9,748.75,1518.75,3
Wed_01796,Wednesday,"Four Square Pakuranga Heights,Four Square St Heliers,Four Square Britomart,Four Square Eden Terrace",14,102.9,252,354.9,770.0,144.9,748.85,1518.85,4
Wed_01797,Wednesday,"Four Square Pakuranga Heights,Four Square Remuera,New World Remuera",15,85.0,270,355.0,770.0,145.0,748.91,1518.91,3
Wed_01798,Wednesday,"New World Botany,New World Ormiston",15,85.0,270,355.0,770.0,145.0,749.04,1519.04,2
Wed_01799,Wednesday,"Four Square Onehunga,Four Square Cockle Bay,Four Square St Heliers,Four Square Britomart",13,121.0,234,355.0,770.0,145.0,749.11,1519.11,4
Wed_01800,Wednesday,"Four Square Fair Price Henderson,Four Square Hobsonville,Four Square Eden Terrace,New World Metro Queen St",14,103.0,252,355.0,770.0,145.0,749.13,1519.13,4
Wed_01801,Wednesday,"Four Square Eden Terrace,New World Metro Queen St,Four Square Pakuranga Heights,Four Square Botany Junction",14,103.0,252,355.0,770.0,145.0,749.4,1519.4,4
Wed_01802,Wednesday,"Four Square Eden Terrace,New World Newmarket,Four Square St Heliers",15,85.1,270,355.1,770.0,145.1,749.48,1519.48,3
Wed_01803,Wednesday,"Four Square Pakuranga Heights,New World Metro Queen St,New World Hobsonville",13,121.1,234,355.1,770.0,145.1,749.53,1519.53,3
Wed_01804,Wednesday,"Four Square Hobsonville,New World Remuera,New World Metro Queen St",14,103.1,252,355.1,770.0,145.1,749.73,1519.73,3
Wed_01805,Wednesday,"Four Square Pakuranga Heights,Four Square Ellerslie,Four Square Remuera,Four Square Hobsonville",13,121.1,234,355.1,770.0,145.1,749.75,1519.75,4
Wed_01806,Wednesday,"Four Square Hobsonville,New World Eastridge,Four Square St Heliers",13,121.1,234,355.1,770.0,145.1,749.8,1519.8,3
Wed_01807,Wednesday,"Four Square Pakuranga Heights,Four Square Ellerslie,Four Square Eden Terrace,Four Square Hobsonville",13,121.1,234,355.1,770.0,145.1,749.83,1519.83,4
Wed_01808,Wednesday,"New World Metro Queen St,Four Square Botany Junction,New World Papakura",13,121.1,234,355.1,770.0,145.1,749.9,1519.9,3
Wed_01809,Wednesday,"Four Square Hobsonville,New World Metro Shore City,Four Square Britomart,Four Square Ellerslie",13,121.1,234,355.1,770.0,145.1,749.94,1519.94,4
Wed_01810,Wednesday,"New World Browns Bay,Four Square Britomart,New World Metro Queen St",14,103.2,252,355.2,770.0,145.2,750.06,1520.06,3
Wed_01811,Wednesday,"Four Square Glen Eden,Four Square Fair Price Henderson,Four Square Ellerslie,Four Square Remuera",14,103.2,252,355.2,770.0,145.2,750.09,1520.09,4
Wed_01812,Wednesday,"Four Square Glen Eden,Four Square Fair Price Henderson,Four Square Ellerslie,Four Square Eden Terrace",14,103.2,252,355.2,770.0,145.2,750.17,1520.17,4
Wed_01813,Wednesday,"Four Square Onehunga,Four Square Remuera,New World Metro Queen St,Four Square Hobsonville",14,103.3,252,355.3,770.0,145.3,750.65,1520.65,4
Wed_01814,Wednesday,"New World Birkenhead,Four Square St Heliers,Four Square Eden Terrace",13,121.3,234,355.3,770.0,145.3,750.66,1520.66,3
Wed_01815,Wednesday,"Four Square Glen Eden,Four Square Fair Price Henderson,Four Square Hobsonville,Four Square Onehunga",14,103.3,252,355.3,770.0,145.3,750.73,1520.73,4
Wed_01816,Wednesday,"New World Metro Shore City,Four Square Ellerslie,New World Ormiston",13,121.3,234,355.3,770.0,145.3,750.87,1520.87,3
Wed_01817,Wednesday,"Four Square Britomart,Four Square St Heliers,New World Mt Albert",15,85.4,270,355.4,770.0,145.4,751.08,1521.08,3
Wed_01818,Wednesday,"New World Metro Shore City,Four Square Ellerslie,Four Square Pakuranga Heights,Four Square Eden Terrace",13,121.4,234,355.4,770.0,145.4,751.21,1521.21,4
Wed_01819,Wednesday,"Four Square Pakuranga Heights,Four Square Torbay,Four Square Lancaster",11,157.4,198,355.4,770.0,145.4,751.34,1521.34,3
Wed_01820,Wednesday,"Four Square Glen Eden,Four Square Fair Price Henderson,Four Square Hobsonville,Four Square Eden Terrace",14,103.4,252,355.4,770.0,145.4,751.36,1521.36,4
Wed_01821,Wednesday,"Four Square Hobsonville,Four Square Ellerslie,New World Southmall",13,121.5,234,355.5,770.0,145.5,751.55,1521.55,3
Wed_01822,Wednesday,"Four Square Glen Eden,Four Square Hobsonville,New World Metro Shore City,Four Square Britomart",13,121.5,234,355.5,770.0,145.5,751.73,1521.73,4
Wed_01823,Wednesday,"Four Square Lancaster,New World Metro Queen St,Four Square Ellerslie,Four Square Onehunga",14,103.5,252,355.5,770.0,145.5,751.76,1521.76,4
Wed_01824,Wednesday,"Four Square Glen Eden,New World Browns Bay,Four Square Hobsonville",13,121.5,234,355.5,770.0,145.5,751.83,1521.83,3
Wed_01825,Wednesday,"New World Howick,Four Square Ellerslie,New World Metro Queen St",14,103.5,252,355.5,770.0,145.5,752.0,1522.0,3
Wed_01826,Wednesday,"Four Square Cockle Bay,New World Birkenhead,Four Square Lancaster",12,139.6,216,355.6,770.0,145.6,752.1,1522.1,3
Wed_01827,Wednesday,"New World Hobsonville,New World Metro Queen St,Four Square St Heliers",13,121.6,234,355.6,770.0,145.6,752.14,1522.14,3
Wed_01828,Wednesday,"New World Birkenhead,Four Square Lancaster,Four Square Remuera",14,103.6,252,355.6,770.0,145.6,752.18,1522.18,3
Wed_01829,Wednesday,"Four Square Glen Eden,New World Browns Bay,New World Metro Queen St",13,121.6,234,355.6,770.0,145.6,752.22,1522.22,3
Wed_01830,Wednesday,"Four Square Pakuranga Heights,Four Square Ellerslie,Four Square Hobsonville,Four Square Glen Eden",12,139.6,216,355.6,770.0,145.6,752.29,1522.29,4
Wed_01831,Wednesday,"Four Square Glen Eden,Four Square Hobsonville,New World Metro Shore City,Four Square Eden Terrace",13,121.7,234,355.7,770.0,145.7,752.57,1522.57,4
Wed_01832,Wednesday,"Four Square Remuera,Four Square Cockle Bay,New World Papakura",12,139.7,216,355.7,770.0,145.7,752.6,1522.6,3
Wed_01833,Wednesday,"New World Metro Shore City,Four Square Britomart,New World Eastridge",14,103.7,252,355.7,770.0,145.7,752.67,1522.67,3
Wed_01834,Wednesday,"Four Square Onehunga,Four Square Cockle Bay,Four Square St Heliers,Four Square Eden Terrace",13,121.7,234,355.7,770.0,145.7,752.83,1522.83,4
Wed_01835,Wednesday,"Four Square Botany Junction,New World Metro Queen St,New World Birkenhead",13,121.7,234,355.7,770.0,145.7,752.91,1522.91,3
Wed_01836,Wednesday,"Four Square Ellerslie,New World Metro Queen St,Four Square Lancaster,New World Metro Shore City",13,121.8,234,355.8,770.0,145.8,753.1,1523.1,4
Wed_01837,Wednesday,"Four Square Lancaster,Four Square Torbay,Four Square Remuera",12,139.8,216,355.8,770.0,145.8,753.32,1523.32,3
Wed_01838,Wednesday,"Four Square Lancaster,Four Square Hobsonville,New World Point Chevalier",14,103.8,252,355.8,770.0,145.8,753.5,1523.5,3
Wed_01839,Wednesday,"Four Square Onehunga,New World Southmall,Four Square Botany Junction",15,85.9,270,355.9,770.0,145.9,753.77,1523.77,3
Wed_01840,Wednesday,"Four Square Pakuranga Heights,Four Square Remuera,New World Newmarket",15,85.9,270,355.9,770.0,145.9,753.88,1523.88,3
Wed_01841,Wednesday,"Four Square Botany Junction,Four Square Cockle Bay,New World Mt Albert",14,103.9,252,355.9,770.0,145.9,753.9,1523.9,3
Wed_01842,Wednesday,"New World Metro Queen St,Four Square Britomart,Four Square Lancaster,New World Metro Shore City",14,103.9,252,355.9,770.0,145.9,753.95,1523.95,4
Wed_01843,Wednesday,"Four Square Onehunga,Four Square Pakuranga Heights,Four Square Botany Junction,New World Metro Queen St",14,103.9,252,355.9,770.0,145.9,754.07,1524.07,4
Wed_01844,Wednesday,"Four Square Cockle Bay,Four Square St Heliers,New World Metro Queen St,Four Square Hobsonville",11,158.0,198,356.0,770.0,146.0,754.12,1524.12,4
Wed_01845,Wednesday,"Four Square Fair Price Henderson,Four Square Eden Terrace,Four Square Ellerslie,Four Square Onehunga",15,86.0,270,356.0,770.0,146.0,754.38,1524.38,4
Wed_01846,Wednesday,"Four Square Remuera,New World Stonefields,Four Square St Heliers",15,86.0,270,356.0,770.0,146.0,754.39,1524.39,3
Wed_01847,Wednesday,"Four Square Pakuranga Heights,Four Square Remuera,New World Metro Queen St,Four Square Glen Eden",13,122.0,234,356.0,770.0,146.0,754.41,1524.41,4
Wed_01848,Wednesday,"Four Square Cockle Bay,New World Stonefields,Four Square Eden Terrace",14,104.0,252,356.0,770.0,146.0,754.47,1524.47,3
Wed_01849,Wednesday,"New World Milford,Four Square Britomart,New World Metro Queen St",15,86.1,270,356.1,770.0,146.1,754.73,1524.73,3
Wed_01850,Wednesday,"Four Square Eden Terrace,New World Remuera,Four Square St Heliers",15,86.1,270,356.1,770.0,146.1,754.73,1524.73,3
Wed_01851,Wednesday,"Four Square Onehunga,Four Square Remuera,Four Square Ellerslie,Four Square Botany Junction",15,86.1,270,356.1,770.0,146.1,754.81,1524.81,4
Wed_01852,Wednesday,"Four Square Glen Eden,Four Square Hobsonville,New World Metro Shore City,Four Square Onehunga",13,122.1,234,356.1,770.0,146.1,754.88,1524.88,4
Wed_01853,Wednesday,"Four Square Onehunga,Four Square St Heliers,Four Square Britomart,Four Square Eden Terrace",15,86.1,270,356.1,770.0,146.1,755.01,1525.01,4
Wed_01854,Wednesday,"New World Milford,New World Metro Queen St,Four Square Ellerslie",14,104.1,252,356.1,770.0,146.1,755.09,1525.09,3
Wed_01855,Wednesday,"Four Square Glen Eden,Four Square Ellerslie,Four Square Pakuranga Heights,Four Square Botany Junction",13,122.2,234,356.2,770.0,146.2,755.23,1525.23,4
Wed_01856,Wednesday,"Four Square Pakuranga Heights,Four Square Ellerslie,Four Square Fair Price Henderson,Four Square Glen Eden",13,122.2,234,356.2,770.0,146.2,755.27,1525.27,4
Wed_01857,Wednesday,"Four Square Botany Junction,Four Square St Heliers,New World Victoria Park",13,122.2,234,356.2,770.0,146.2,755.39,1525.39,3
Wed_01858,Wednesday,"New World Newmarket,Four Square Cockle Bay,Four Square Botany Junction",14,104.3,252,356.3,770.0,146.3,755.7,1525.7,3
Wed_01859,Wednesday,"Four Square Cockle Bay,New World Howick,Four Square Glen Eden",13,122.3,234,356.3,770.0,146.3,755.74,1525.74,3
Wed_01860,Wednesday,"Four Square Onehunga,Four Square St Heliers,New World Papakura",13,122.3,234,356.3,770.0,146.3,755.98,1525.98,3
Wed_01861,Wednesday,"Four Square Cockle Bay,Four Square Pakuranga Heights,New World Metro Shore City,Four Square Glen Eden",11,158.3,198,356.3,770.0,146.3,756.05,1526.05,4
Wed_01862,Wednesday,"Four Square Glen Eden,Four Square Hobsonville,Four Square Ellerslie,Four Square St Heliers",12,140.4,216,356.4,770.0,146.4,756.27,1526.27,4
Wed_01863,Wednesday,"Four Square Hobsonville,Four Square Ellerslie,Four Square Remuera,Four Square St Heliers",13,122.4,234,356.4,770.0,146.4,756.65,1526.65,4
Wed_01864,Wednesday,"New World Metro Queen St,Four Square Remuera,New World Ormiston",14,104.5,252,356.5,770.0,146.5,756.69,1526.69,3
Wed_01865,Wednesday,"Four Square Britomart,Four Square Ellerslie,Four Square Pakuranga Heights,Four Square Botany Junction",14,104.5,252,356.5,770.0,146.5,757.02,1527.02,4
Wed_01866,Wednesday,"Four Square Cockle Bay,Four Square Remuera,New World Mt Albert",14,104.5,252,356.5,770.0,146.5,757.07,1527.07,3
Wed_01867,Wednesday,"Four Square Onehunga,Four Square Remuera,Four Square Eden Terrace,Four Square Glen Eden",15,86.5,270,356.5,770.0,146.5,757.07,1527.07,4
Wed_01868,Wednesday,"New World Metro Queen St,Four Square Lancaster,New World Hobsonville",14,104.6,252,356.6,770.0,146.6,757.19,1527.19,3
Wed_01869,Wednesday,"Four Square Pakuranga Heights,New World Botany,Four Square St Heliers",14,104.6,252,356.6,770.0,146.6,757.29,1527.29,3
Wed_01870,Wednesday,"Four Square Fair Price Henderson,Four Square Torbay,Four Square St Heliers",11,158.6,198,356.6,770.0,146.6,757.3,1527.3,3
Wed_01871,Wednesday,"Four Square Onehunga,Four Square Ellerslie,Four Square Remuera,Four Square Fair Price Henderson",15,86.6,270,356.6,770.0,146.6,757.42,1527.42,4
Wed_01872,Wednesday,"Four Square Pakuranga Heights,Four Square Remuera,New World Metro Queen St,New World Metro Shore City",13,122.6,234,356.6,770.0,146.6,757.69,1527.69,4
Wed_01873,Wednesday,"New World Newmarket,Four Square St Heliers,Four Square Britomart",15,86.7,270,356.7,770.0,146.7,757.88,1527.88,3
Wed_01874,Wednesday,"Four Square Hobsonville,New World Metro Queen St,Four Square Britomart,Four Square St Heliers",13,122.7,234,356.7,770.0,146.7,757.97,1527.97,4
Wed_01875,Wednesday,"New World Birkenhead,Four Square Pakuranga Heights,Four Square Botany Junction",13,122.7,234,356.7,770.0,146.7,758.14,1528.14,3
Wed_01876,Wednesday,"Four Square Pakuranga Heights,New World Victoria Park,Four Square Lancaster",13,122.7,234,356.7,770.0,146.7,758.14,1528.14,3
Wed_01877,Wednesday,"New World Howick,Four Square Ellerslie,Four Square Onehunga",15,86.8,270,356.8,770.0,146.8,758.23,1528.23,3
Wed_01878,Wednesday,"Four Square Botany Junction,Four Square Ellerslie,New World Eastridge",14,104.8,252,356.8,770.0,146.8,758.38,1528.38,3
Wed_01879,Wednesday,"New World Browns Bay,New World Metro Queen St,Four Square Eden Terrace",14,104.8,252,356.8,770.0,146.8,758.44,1528.44,3
Wed_01880,Wednesday,"Four Square Cockle Bay,Four Square St Heliers,Four Square Ellerslie,Four Square Hobsonville",11,158.8,198,356.8,770.0,146.8,758.6,1528.6,4
Wed_01881,Wednesday,"Four Square Cockle Bay,New World Remuera,Four Square Eden Terrace",14,104.8,252,356.8,770.0,146.8,758.68,1528.68,3
Wed_01882,Wednesday,"Four Square Onehunga,Four Square St Heliers,New World Southmall",14,104.9,252,356.9,770.0,146.9,759.11,1529.11,3
Wed_01883,Wednesday,"New World Metro Shore City,Four Square Ellerslie,Four Square Remuera,Four Square Glen Eden",13,122.9,234,356.9,770.0,146.9,759.18,1529.18,4
Wed_01884,Wednesday,"New World Metro Shore City,Four Square Ellerslie,Four Square Eden Terrace,Four Square Glen Eden",13,123.0,234,357.0,770.0,147.0,759.26,1529.26,4
Wed_01885,Wednesday,"Four Square Lancaster,Pak 'n Save Wairau Road",15,87.0,270,357.0,770.0,147.0,759.49,1529.49,2
Wed_01886,Wednesday,"Four Square Cockle Bay,Four Square Ellerslie,Four Square Britomart,New World Metro Shore City",12,141.0,216,357.0,770.0,147.0,759.61,1529.61,4
Wed_01887,Wednesday,"New World Metro Shore City,Four Square Remuera,New World Eastridge",14,105.0,252,357.0,770.0,147.0,759.65,1529.65,3
Wed_01888,Wednesday,"Four Square Cockle Bay,Four Square Ellerslie,Four Square Britomart,Four Square Glen Eden",12,141.0,216,357.0,770.0,147.0,759.72,1529.72,4
Wed_01889,Wednesday,"Four Square Cockle Bay,Four Square Ellerslie,New World Metro Queen St,Four Square Fair Price Henderson",12,141.1,216,357.1,770.0,147.1,759.8,1529.8,4
Wed_01890,Wednesday,"Pak 'n Save Sylvia Park,Four Square Eden Terrace",16,69.1,288,357.1,770.0,147.1,760.09,1530.09,2
Wed_01891,Wednesday,"Four Square Onehunga,New World Metro Shore City,New World Milford",15,87.1,270,357.1,770.0,147.1,760.09,1530.09,3
Wed_01892,Wednesday,"Four Square Onehunga,Four Square Botany Junction,New World Papakura",14,105.1,252,357.1,770.0,147.1,760.17,1530.17,3
Wed_01893,Wednesday,"New World Newmarket,Four Square Ellerslie,Four Square Botany Junction",15,87.1,270,357.1,770.0,147.1,760.25,1530.25,3
Wed_01894,Wednesday,"Four Square Cockle Bay,Four Square St Heliers,Four Square Britomart,Four Square Eden Terrace",13,123.2,234,357.2,770.0,147.2,760.4,1530.4,4
Wed_01895,Wednesday,"Four Square Eden Terrace,Four Square Ellerslie,Four Square St Heliers,New World Metro Shore City",13,123.2,234,357.2,770.0,147.2,760.51,1530.51,4
Wed_01896,Wednesday,"New World Mt Albert,Four Square Ellerslie,Four Square Botany Junction",15,87.2,270,357.2,770.0,147.2,760.54,1530.54,3
Wed_01897,Wednesday,"Four Square Britomart,Four Square Pakuranga Heights,New World Ormiston",14,105.2,252,357.2,770.0,147.2,760.65,1530.65,3
Wed_01898,Wednesday,"Four Square Cockle Bay,New World Howick,Four Square Britomart",14,105.2,252,357.2,770.0,147.2,760.73,1530.73,3
Wed_01899,Wednesday,"New World Southmall,Four Square Cockle Bay,Four Square Britomart",13,123.3,234,357.3,770.0,147.3,760.81,1530.81,3
Wed_01900,Wednesday,"Four Square Cockle Bay,Four Square Remuera,New World Remuera",14,105.3,252,357.3,770.0,147.3,761.24,1531.24,3
Wed_01901,Wednesday,"Four Square Hobsonville,Four Square Ellerslie,New World Stonefields",14,105.4,252,357.4,770.0,147.4,761.63,1531.63,3
Wed_01902,Wednesday,"Four Square Cockle Bay,Four Square Ellerslie,Four Square Remuera,Four Square Hobsonville",12,141.5,216,357.5,770.0,147.5,762.08,1532.08,4
Wed_01903,Wednesday,"Four Square Eden Terrace,New World Metro Queen St,Four Square Lancaster,New World Metro Shore City",14,105.5,252,357.5,770.0,147.5,762.1,1532.1,4
Wed_01904,Wednesday,"Four Square Cockle Bay,Four Square Ellerslie,Four Square Eden Terrace,Four Square Hobsonville",12,141.5,216,357.5,770.0,147.5,762.16,1532.16,4
Wed_01905,Wednesday,"New World Metro Shore City,New World Metro Queen St,Four Square Cockle Bay,Four Square Botany Junction",12,141.5,216,357.5,770.0,147.5,762.2,1532.2,4
Wed_01906,Wednesday,"New World Metro Shore City,Four Square Britomart,New World Newmarket",15,87.5,270,357.5,770.0,147.5,762.25,1532.25,3
Wed_01907,Wednesday,"Four Square Glen Eden,New World Metro Queen St,Four Square Cockle Bay,Four Square Botany Junction",12,141.5,216,357.5,770.0,147.5,762.25,1532.25,4
Wed_01908,Wednesday,"Four Square Fair Price Henderson,New World Hobsonville,New World Metro Shore City",14,105.5,252,357.5,770.0,147.5,762.32,1532.32,3
Wed_01909,Wednesday,"Four Square Fair Price Henderson,New World Metro Queen St,New World Eastridge",14,105.6,252,357.6,770.0,147.6,762.52,1532.52,3
Wed_01910,Wednesday,"Four Square Pakuranga Heights,New World Botany,Four Square Eden Terrace",15,87.6,270,357.6,770.0,147.6,762.59,1532.59,3
Wed_01911,Wednesday,"Four Square Cockle Bay,New World Botany,Four Square Remuera",14,105.6,252,357.6,770.0,147.6,762.6,1532.6,3
Wed_01912,Wednesday,"New World Milford,New World Metro Queen St,Four Square Eden Terrace",15,87.7,270,357.7,770.0,147.7,763.1,1533.1,3
Wed_01913,Wednesday,"Four Square Britomart,New World Remuera,Four Square Eden Terrace",16,69.7,288,357.7,770.0,147.7,763.12,1533.12,3
Wed_01914,Wednesday,"New World Remuera,Four Square St Heliers,Four Square Britomart",15,87.7,270,357.7,770.0,147.7,763.13,1533.13,3
Wed_01915,Wednesday,"Four Square Onehunga,Four Square Pakuranga Heights,Four Square Remuera,Four Square Eden Terrace",15,87.7,270,357.7,770.0,147.7,763.14,1533.14,4
Wed_01916,Wednesday,"New World Metro Shore City,Four Square Ellerslie,Four Square Cockle Bay,Four Square Eden Terrace",12,141.8,216,357.8,770.0,147.8,763.54,1533.54,4
Wed_01917,Wednesday,"Four Square Hobsonville,New World Metro Shore City,Four Square Britomart,Four Square Eden Terrace",14,105.8,252,357.8,770.0,147.8,763.59,1533.59,4
Wed_01918,Wednesday,"Four Square Cockle Bay,Four Square Torbay,Four Square Lancaster",10,177.8,180,357.8,770.0,147.8,763.67,1533.67,3
Wed_01919,Wednesday,"New World Papakura,Four Square Pakuranga Heights,Four Square Remuera",13,123.9,234,357.9,770.0,147.9,764.35,1534.35,3
Wed_01920,Wednesday,"Four Square Pakuranga Heights,Four Square Ellerslie,New World Metro Shore City,Four Square Glen Eden",12,141.9,216,357.9,770.0,147.9,764.4,1534.4,4
Wed_01921,Wednesday,"Four Square Eden Terrace,New World Stonefields,Four Square St Heliers",15,88.0,270,358.0,770.0,148.0,764.41,1534.41,3
Wed_01922,Wednesday,"Four Square Onehunga,Four Square Remuera,Four Square Cockle Bay,Four Square Botany Junction",14,106.0,252,358.0,770.0,148.0,764.42,1534.42,4
Wed_01923,Wednesday,"Four Square Cockle Bay,Four Square Ellerslie,Four Square Hobsonville,Four Square Glen Eden",11,160.0,198,358.0,770.0,148.0,764.62,1534.62,4
Wed_01924,Wednesday,"Four Square Britomart,New World Metro Shore City,New World Milford",15,88.0,270,358.0,770.0,148.0,764.69,1534.69,3
Wed_01925,Wednesday,"Four Square Botany Junction,Four Square Pakuranga Heights,New World Eastridge",14,106.1,252,358.1,770.0,148.1,764.98,1534.98,3
Wed_01926,Wednesday,"New World Ormiston,Four Square Botany Junction,Four Square Eden Terrace",15,88.1,270,358.1,770.0,148.1,765.14,1535.14,3
Wed_01927,Wednesday,"Four Square Onehunga,Four Square Pakuranga Heights,New World Metro Queen St,Four Square Hobsonville",13,124.1,234,358.1,770.0,148.1,765.17,1535.17,4
Wed_01928,Wednesday,"Four Square Ellerslie,New World Browns Bay,New World Metro Shore City",13,124.2,234,358.2,770.0,148.2,765.52,1535.52,3
Wed_01929,Wednesday,"New World Metro Shore City,New World Milford,Four Square Eden Terrace",15,88.2,270,358.2,770.0,148.2,765.58,1535.58,3
Wed_01930,Wednesday,"New World Remuera,Four Square Remuera,Four Square Glen Eden",15,88.2,270,358.2,770.0,148.2,765.8,1535.8,3
Wed_01931,Wednesday,"Four Square Pakuranga Heights,New World Metro Queen St,Four Square Britomart,Four Square Hobsonville",13,124.2,234,358.2,770.0,148.2,765.91,1535.91,4
Wed_01932,Wednesday,"Four Square Pakuranga Heights,New World Metro Queen St,New World Metro Shore City,Four Square Glen Eden",12,142.3,216,358.3,770.0,148.3,766.13,1536.13,4
Wed_01933,Wednesday,"Four Square Hobsonville,New World Birkenhead,Four Square St Heliers",12,142.3,216,358.3,770.0,148.3,766.2,1536.2,3
Wed_01934,Wednesday,"Four Square Cockle Bay,Four Square Remuera,New World Newmarket",14,106.3,252,358.3,770.0,148.3,766.21,1536.21,3
Wed_01935,Wednesday,"Four Square Fair Price Henderson,Four Square Ellerslie,New World Eastridge",14,106.3,252,358.3,770.0,148.3,766.29,1536.29,3
Wed_01936,Wednesday,"Four Square Onehunga,Four Square Pakuranga Heights,Four Square St Heliers,Four Square Glen Eden",13,124.3,234,358.3,770.0,148.3,766.29,1536.29,4
Wed_01937,Wednesday,"Four Square Remuera,Four Square St Heliers,Four Square Cockle Bay,Four Square Botany Junction",13,124.3,234,358.3,770.0,148.3,766.33,1536.33,4
Wed_01938,Wednesday,"Four Square Glen Eden,Four Square Fair Price Henderson,Four Square Ellerslie,Four Square St Heliers",13,124.3,234,358.3,770.0,148.3,766.33,1536.33,4
Wed_01939,Wednesday,"Four Square Glen Eden,New World Browns Bay,New World Metro Shore City",13,124.3,234,358.3,770.0,148.3,766.34,1536.34,3
Wed_01940,Wednesday,"Four Square Onehunga,Four Square Ellerslie,Four Square St Heliers,Four Square Botany Junction",14,106.4,252,358.4,770.0,148.4,766.52,1536.52,4
Wed_01941,Wednesday,"Four Square Hobsonville,Four Square Eden Terrace,Four Square Ellerslie,Four Square St Heliers",13,124.4,234,358.4,770.0,148.4,766.67,1536.67,4
Wed_01942,Wednesday,"Four Square Cockle Bay,Four Square Remuera,New World Metro Queen St,Four Square Glen Eden",12,142.4,216,358.4,770.0,148.4,766.74,1536.74,4
Wed_01943,Wednesday,"New World Metro Shore City,New World Metro Queen St,Four Square Ellerslie,Four Square Botany Junction",13,124.4,234,358.4,770.0,148.4,766.76,1536.76,4
Wed_01944,Wednesday,"Four Square Glen Eden,New World Metro Queen St,Four Square Ellerslie,Four Square Botany Junction",13,124.4,234,358.4,770.0,148.4,766.81,1536.81,4
Wed_01945,Wednesday,"New World Metro Shore City,New World Metro Queen St,New World Stonefields",14,106.5,252,358.5,770.0,148.5,767.06,1537.06,3
Wed_01946,Wednesday,"Four Square Pakuranga Heights,New World Eastridge,New World Metro Shore City",13,124.5,234,358.5,770.0,148.5,767.2,1537.2,3
Wed_01947,Wednesday,"Four Square Glen Eden,Four Square Hobsonville,New World Metro Queen St,Four Square St Heliers",12,142.5,216,358.5,770.0,148.5,767.22,1537.22,4
Wed_01948,Wednesday,"New World Southmall,Four Square Pakuranga Heights,Four Square Remuera",14,106.5,252,358.5,770.0,148.5,767.49,1537.49,3
Wed_01949,Wednesday,"Four Square Cockle Bay,Four Square Ellerslie,Four Square Fair Price Henderson,Four Square Glen Eden",12,142.6,216,358.6,770.0,148.6,767.6,1537.6,4
Wed_01950,Wednesday,"Four Square Ellerslie,Four Square St Heliers,New World Metro Shore City,Four Square Hobsonville",12,142.6,216,358.6,770.0,148.6,767.76,1537.76,4
Wed_01951,Wednesday,"New World Remuera,Four Square Cockle Bay,Four Square Botany Junction",14,106.6,252,358.6,770.0,148.6,767.79,1537.79,3
Wed_01952,Wednesday,"Four Square Onehunga,Four Square St Heliers,Four Square Pakuranga Heights,Four Square Botany Junction",14,106.6,252,358.6,770.0,148.6,767.94,1537.94,4
Wed_01953,Wednesday,"Four Square Onehunga,Four Square Remuera,Four Square St Heliers,Four Square Glen Eden",14,106.6,252,358.6,770.0,148.6,768.01,1538.01,4
Wed_01954,Wednesday,"Four Square Onehunga,Four Square Remuera,Four Square Britomart,Four Square Eden Terrace",16,70.7,288,358.7,770.0,148.7,768.23,1538.23,4
Wed_01955,Wednesday,"Four Square Hobsonville,New World Metro Shore City,New World Eastridge",13,124.7,234,358.7,770.0,148.7,768.37,1538.37,3
Wed_01956,Wednesday,"Four Square Fair Price Henderson,Four Square Lancaster,New World Birkenhead",14,106.7,252,358.7,770.0,148.7,768.39,1538.39,3
Wed_01957,Wednesday,"New World Birkenhead,Four Square Torbay,Four Square Hobsonville",13,124.7,234,358.7,770.0,148.7,768.42,1538.42,3
Wed_01958,Wednesday,"Four Square Britomart,New World Remuera,Four Square Remuera",16,70.7,288,358.7,770.0,148.7,768.48,1538.48,3
Wed_01959,Wednesday,"Four Square Onehunga,New World Metro Queen St,Four Square Britomart,Four Square Fair Price Henderson",15,88.8,270,358.8,770.0,148.8,768.65,1538.65,4
Wed_01960,Wednesday,"Pak 'n Save Sylvia Park,Four Square St Heliers",15,88.8,270,358.8,770.0,148.8,768.7,1538.7,2
Wed_01961,Wednesday,"New World Birkenhead,Four Square Torbay,New World Metro Queen St",13,124.8,234,358.8,770.0,148.8,768.8,1538.8,3
Wed_01962,Wednesday,"New World Victoria Park,Four Square Lancaster,Four Square Remuera",14,106.9,252,358.9,770.0,148.9,769.28,1539.28,3
Wed_01963,Wednesday,"Four Square Ellerslie,New World Metro Queen St,Four Square Lancaster,Four Square Hobsonville",13,124.9,234,358.9,770.0,148.9,769.34,1539.34,4
Wed_01964,Wednesday,"Four Square Hobsonville,Four Square Pakuranga Heights,Four Square Cockle Bay,Four Square Botany Junction",12,142.9,216,358.9,770.0,148.9,769.36,1539.36,4
Wed_01965,Wednesday,"Four Square Britomart,Four Square Cockle Bay,New World Papakura",12,142.9,216,358.9,770.0,148.9,769.37,1539.37,3
Wed_01966,Wednesday,"Four Square Onehunga,New World Metro Queen St,Four Square Fair Price Henderson,Four Square Hobsonville",14,107.0,252,359.0,770.0,149.0,769.72,1539.72,4
Wed_01967,Wednesday,"Four Square Hobsonville,Four Square Ellerslie,Four Square Cockle Bay,Four Square Botany Junction",12,143.0,216,359.0,770.0,149.0,769.85,1539.85,4
Wed_01968,Wednesday,"Four Square Cockle Bay,Four Square Remuera,New World Metro Queen St,New World Metro Shore City",12,143.0,216,359.0,770.0,149.0,770.02,1540.02,4
Wed_01969,Wednesday,"New World Metro Queen St,Four Square Britomart,Four Square Lancaster,Four Square Hobsonville",14,107.1,252,359.1,770.0,149.1,770.19,1540.19,4
Wed_01970,Wednesday,"Four Square Cockle Bay,New World Victoria Park,Four Square Lancaster",12,143.1,216,359.1,770.0,149.1,770.47,1540.47,3
Wed_01971,Wednesday,"New World Ormiston,New World Metro Queen St,New World Metro Shore City",13,125.1,234,359.1,770.0,149.1,770.57,1540.57,3
Wed_01972,Wednesday,"New World Metro Shore City,New World Metro Queen St,Four Square St Heliers,Four Square Glen Eden",12,143.1,216,359.1,770.0,149.1,770.59,1540.59,4
Wed_01973,Wednesday,"Four Square Pakuranga Heights,New World Metro Queen St,Four Square Eden Terrace,Four Square Hobsonville",13,125.2,234,359.2,770.0,149.2,770.82,1540.82,4
Wed_01974,Wednesday,"New World Metro Shore City,Four Square Ellerslie,Four Square Pakuranga Heights,Four Square Botany Junction",13,125.2,234,359.2,770.0,149.2,770.95,1540.95,4
Wed_01975,Wednesday,"New World Browns Bay,Four Square Ellerslie,Four Square Onehunga",14,107.3,252,359.3,770.0,149.3,771.3,1541.3,3
Wed_01976,Wednesday,"Four Square Britomart,Four Square St Heliers,New World Stonefields",15,89.3,270,359.3,770.0,149.3,771.32,1541.32,3
Wed_01977,Wednesday,"Four Square Onehunga,Four Square Pakuranga Heights,Four Square Eden Terrace,Four Square Glen Eden",14,107.3,252,359.3,770.0,149.3,771.59,1541.59,4
Wed_01978,Wednesday,"Four Square Pakuranga Heights,Four Square St Heliers,New World New Lynn",14,107.4,252,359.4,770.0,149.4,771.74,1541.74,3
Wed_01979,Wednesday,"Four Square Fair Price Henderson,Four Square Hobsonville,New World Metro Shore City,Four Square Ellerslie",13,125.4,234,359.4,770.0,149.4,772.12,1542.12,4
Wed_01980,Wednesday,"Four Square Hobsonville,Four Square Remuera,Four Square St Heliers,New World Metro Queen St",13,125.5,234,359.5,770.0,149.5,772.32,1542.32,4
Wed_01981,Wednesday,"New World Remuera,Four Square Ellerslie,Four Square Botany Junction",15,89.5,270,359.5,770.0,149.5,772.34,1542.34,3
Wed_01982,Wednesday,"Four Square Hobsonville,Four Square Cockle Bay,New World Ormiston",12,143.6,216,359.6,770.0,149.6,772.97,1542.97,3
Wed_01983,Wednesday,"Four Square Glen Eden,New World Milford,New World Metro Shore City",14,107.7,252,359.7,770.0,149.7,773.21,1543.21,3
Wed_01984,Wednesday,"Four Square Pakuranga Heights,Four Square St Heliers,Four Square Remuera,Four Square Glen Eden",13,125.7,234,359.7,770.0,149.7,773.21,1543.21,4
Wed_01985,Wednesday,"New World Stonefields,Four Square Remuera,Four Square Eden Terrace",16,71.7,288,359.7,770.0,149.7,773.22,1543.22,3
Wed_01986,Wednesday,"Four Square Hobsonville,Four Square Eden Terrace,New World Metro Queen St,Four Square St Heliers",13,125.7,234,359.7,770.0,149.7,773.29,1543.29,4
Wed_01987,Wednesday,"Four Square Onehunga,New World Metro Queen St,Four Square Eden Terrace,Four Square Fair Price Henderson",15,89.7,270,359.7,770.0,149.7,773.56,1543.56,4
Wed_01988,Wednesday,"Four Square Ellerslie,Pak 'n Save Ormiston",15,89.7,270,359.7,770.0,149.7,773.63,1543.63,2
Wed_01989,Wednesday,"Four Square Onehunga,Four Square Ellerslie,Four Square St Heliers,Four Square Fair Price Henderson",14,107.7,252,359.7,770.0,149.7,773.66,1543.66,4
Wed_01990,Wednesday,"Four Square Onehunga,Four Square Remuera,New World Ormiston",15,89.8,270,359.8,770.0,149.8,773.83,1543.83,3
Wed_01991,Wednesday,"Four Square Hobsonville,Four Square Ellerslie,Four Square Pakuranga Heights,Four Square St Heliers",12,143.9,216,359.9,770.0,149.9,774.3,1544.3,4
Wed_01992,Wednesday,"Four Square Pakuranga Heights,New World Newmarket,Four Square Britomart",15,89.9,270,359.9,770.0,149.9,774.35,1544.35,3
Wed_01993,Wednesday,"New World Victoria Park,Four Square Torbay,Four Square Ellerslie",13,125.9,234,359.9,770.0,149.9,774.49,1544.49,3
Wed_01994,Wednesday,"New World Metro Shore City,Four Square Pakuranga Heights,New World Ormiston",13,125.9,234,359.9,770.0,149.9,774.58,1544.58,3
Wed_01995,Wednesday,"Four Square Lancaster,Four Square Ellerslie,New World Point Chevalier",14,108.0,252,360.0,770.0,150.0,774.84,1544.84,3
Wed_01996,Wednesday,"Four Square Cockle Bay,Four Square Pakuranga Heights,Four Square Remuera,Four Square Hobsonville",12,144.0,216,360.0,770.0,150.0,774.88,1544.88,4
Wed_01997,Wednesday,"Four Square Ellerslie,New World Botany,Four Square Botany Junction",15,90.0,270,360.0,770.0,150.0,774.99,1544.99,3
