RouteID,Weekday,Stores,Pallets,DriveMin,UnloadMin,TotalMin,BaseCost,OvertimeMin,OvertimeCost,TotalCost,NStops
Mon_00001,Monday,Four Square Onehunga,3,25.9,54,79.9,292.99,0.0,0.0,292.99,1
Mon_00002,Monday,Four Square Glen Eden,3,42.8,54,96.8,354.77,0.0,0.0,354.77,1
Mon_00003,Monday,Four Square Britomart,3,48.7,54,102.7,376.72,0.0,0.0,376.72,1
Mon_00004,Monday,New World Metro Shore City,2,68.9,36,104.9,384.71,0.0,0.0,384.71,1
Mon_00005,Monday,Four Square Pakuranga Heights,2,71.4,36,107.4,393.68,0.0,0.0,393.68,1
Mon_00006,Monday,Four Square Fair Price Henderson,3,54.2,54,108.2,396.8,0.0,0.0,396.8,1
Mon_00007,Monday,Four Square Ellerslie,3,56.7,54,110.7,405.8,0.0,0.0,405.8,1
Mon_00008,Monday,Four Square Remuera,3,56.8,54,110.8,406.32,0.0,0.0,406.32,1
Mon_00009,Monday,Four Square Eden Terrace,4,39.5,72,111.5,408.99,0.0,0.0,408.99,1
Mon_00010,Monday,New World Metro Queen St,4,47.6,72,119.6,438.37,0.0,0.0,438.37,1
Mon_00011,Monday,Four Square Botany Junction,3,67.3,54,121.3,444.95,0.0,0.0,444.95,1
Mon_00012,Monday,New World Mt Roskill,7,6.5,126,132.5,486.0,0.0,0.0,486.0,1
Mon_00013,Monday,Four Square Hobsonville,4,61.9,72,133.9,490.94,0.0,0.0,490.94,1
Mon_00014,Monday,Four Square Lancaster,3,80.8,54,134.8,494.13,0.0,0.0,494.13,1
Mon_00015,Monday,New World New Lynn,6,27.7,108,135.7,497.55,0.0,0.0,497.55,1
Mon_00016,Monday,New World Green Bay,6,28.8,108,136.8,501.45,0.0,0.0,501.45,1
Mon_00017,Monday,Four Square Cockle Bay,3,91.8,54,145.8,534.43,0.0,0.0,534.43,1
Mon_00018,Monday,Four Square St Heliers,4,80.0,72,152.0,557.2,0.0,0.0,557.2,1
Mon_00019,Monday,"Four Square Pakuranga Heights,Four Square Onehunga",5,66.1,90,156.1,572.53,0.0,0.0,572.53,2
Mon_00020,Monday,"Four Square Ellerslie,Four Square Onehunga",6,50.7,108,158.7,581.96,0.0,0.0,581.96,2
Mon_00021,Monday,"Four Square Onehunga,Four Square Remuera",6,53.2,108,161.2,591.02,0.0,0.0,591.02,2
Mon_00022,Monday,"Four Square Onehunga,Four Square Britomart",6,56.3,108,164.3,602.28,0.0,0.0,602.28,2
Mon_00023,Monday,"Four Square Onehunga,New World Metro Shore City",5,77.6,90,167.6,614.36,0.0,0.0,614.36,2
Mon_00024,Monday,New World Mt Albert,8,24.2,144,168.2,616.84,0.0,0.0,616.84,1
Mon_00025,Monday,"Four Square Pakuranga Heights,Four Square Ellerslie",5,78.2,90,168.2,616.91,0.0,0.0,616.91,2
Mon_00026,Monday,"Four Square Ellerslie,Four Square Remuera",6,60.3,108,168.3,617.02,0.0,0.0,617.02,2
Mon_00027,Monday,"Four Square Britomart,New World Metro Shore City",5,78.4,90,168.4,617.62,0.0,0.0,617.62,2
Mon_00028,Monday,"Four Square Pakuranga Heights,Four Square Botany Junction",5,78.8,90,168.8,618.97,0.0,0.0,618.97,2
Mon_00029,Monday,"Four Square Onehunga,Four Square Glen Eden",6,62.0,108,170.0,623.46,0.0,0.0,623.46,2
Mon_00030,Monday,"Four Square Pakuranga Heights,Four Square Remuera",5,81.5,90,171.5,628.67,0.0,0.0,628.67,2
Mon_00031,Monday,"Four Square Onehunga,Four Square Eden Terrace",7,47.2,126,173.2,635.04,0.0,0.0,635.04,2
Mon_00032,Monday,"Four Square Pakuranga Heights,Four Square Britomart",5,84.1,90,174.1,638.2,0.0,0.0,638.2,2
Mon_00033,Monday,"Four Square Glen Eden,Four Square Fair Price Henderson",6,66.4,108,174.4,639.32,0.0,0.0,639.32,2
Mon_00034,Monday,"Four Square Britomart,New World Metro Queen St",7,49.8,126,175.8,644.72,0.0,0.0,644.72,2
Mon_00035,Monday,Four Square Torbay,4,104.3,72,176.3,646.34,0.0,0.0,646.34,1
Mon_00036,Monday,"Four Square Britomart,Four Square Ellerslie",6,68.9,108,176.9,648.69,0.0,0.0,648.69,2
Mon_00037,Monday,"Four Square Britomart,Four Square Remuera",6,69.1,108,177.1,649.2,0.0,0.0,649.2,2
Mon_00038,Monday,"Four Square Onehunga,Four Square Fair Price Henderson",6,69.2,108,177.2,649.68,0.0,0.0,649.68,2
Mon_00039,Monday,"Four Square Pakuranga Heights,New World Metro Shore City",4,105.3,72,177.3,650.28,0.0,0.0,650.28,2
Mon_00040,Monday,New World Point Chevalier,8,34.7,144,178.7,655.37,0.0,0.0,655.37,1
Mon_00041,Monday,"Four Square Britomart,Four Square Eden Terrace",7,53.6,126,179.6,658.37,0.0,0.0,658.37,2
Mon_00042,Monday,"New World Metro Shore City,Four Square Ellerslie",5,89.6,90,179.6,658.57,0.0,0.0,658.57,2
Mon_00043,Monday,"New World Metro Shore City,Four Square Remuera",5,89.8,90,179.8,659.09,0.0,0.0,659.09,2
Mon_00044,Monday,"Four Square Onehunga,New World Metro Queen St",7,54.4,126,180.4,661.5,0.0,0.0,661.5,2
Mon_00045,Monday,"Four Square Onehunga,Four Square Botany Junction",6,74.5,108,182.5,669.24,0.0,0.0,669.24,2
Mon_00046,Monday,"Four Square Lancaster,New World Metro Shore City",5,92.8,90,182.8,670.32,0.0,0.0,670.32,2
Mon_00047,Monday,"Four Square Pakuranga Heights,Four Square Eden Terrace",6,75.0,108,183.0,670.96,0.0,0.0,670.96,2
Mon_00048,Monday,Pak 'n Save Mt Albert,9,21.7,162,183.7,673.4,0.0,0.0,673.4,1
Mon_00049,Monday,"Four Square Cockle Bay,Four Square Pakuranga Heights",5,94.6,90,184.6,676.98,0.0,0.0,676.98,2
Mon_00050,Monday,"New World Metro Shore City,New World Metro Queen St",6,77.4,108,185.4,679.94,0.0,0.0,679.94,2
Mon_00051,Monday,"Four Square Ellerslie,Four Square Eden Terrace",7,60.3,126,186.3,683.08,0.0,0.0,683.08,2
Mon_00052,Monday,"Four Square Remuera,Four Square Eden Terrace",7,60.4,126,186.4,683.59,0.0,0.0,683.59,2
Mon_00053,Monday,"Four Square Britomart,Four Square Glen Eden",6,78.5,108,186.5,683.69,0.0,0.0,683.69,2
Mon_00054,Monday,"New World Metro Shore City,Four Square Eden Terrace",6,78.6,108,186.6,684.25,0.0,0.0,684.25,2
Mon_00055,Monday,"Four Square Fair Price Henderson,Four Square Britomart",6,79.5,108,187.5,687.5,0.0,0.0,687.5,2
Mon_00056,Monday,"Four Square Fair Price Henderson,New World Metro Shore City",5,98.4,90,188.4,690.68,0.0,0.0,690.68,2
Mon_00057,Monday,"New World Metro Shore City,Four Square Glen Eden",5,98.6,90,188.6,691.69,0.0,0.0,691.69,2
Mon_00058,Monday,New World Southmall,7,63.2,126,189.2,693.85,0.0,0.0,693.85,1
Mon_00059,Monday,New World Newmarket,8,45.6,144,189.6,695.13,0.0,0.0,695.13,1
Mon_00060,Monday,"Four Square Pakuranga Heights,New World Metro Queen St",6,82.2,108,190.2,697.42,0.0,0.0,697.42,2
Mon_00061,Monday,"Four Square Pakuranga Heights,Four Square Glen Eden",5,101.1,90,191.1,700.66,0.0,0.0,700.66,2
Mon_00062,Monday,Pak 'n Save Lincoln Road,8,47.4,144,191.4,701.67,0.0,0.0,701.67,1
Mon_00063,Monday,"Four Square Ellerslie,Four Square Botany Junction",6,83.5,108,191.5,702.04,0.0,0.0,702.04,2
Mon_00064,Monday,New World Stonefields,7,65.5,126,191.5,702.25,0.0,0.0,702.25,1
Mon_00065,Monday,"Four Square Pakuranga Heights,Four Square Fair Price Henderson",5,103.0,90,193.0,707.5,0.0,0.0,707.5,2
Mon_00066,Monday,"Four Square Ellerslie,New World Metro Queen St",7,67.5,126,193.5,709.54,0.0,0.0,709.54,2
Mon_00067,Monday,"Four Square Remuera,New World Metro Queen St",7,67.7,126,193.7,710.06,0.0,0.0,710.06,2
Mon_00068,Monday,"Four Square Ellerslie,Four Square Glen Eden",6,86.4,108,194.4,712.78,0.0,0.0,712.78,2
Mon_00069,Monday,"Four Square Cockle Bay,Four Square Onehunga",6,86.5,108,194.5,713.28,0.0,0.0,713.28,2
Mon_00070,Monday,"Four Square Remuera,Four Square Glen Eden",6,86.5,108,194.5,713.3,0.0,0.0,713.3,2
Mon_00071,Monday,New World Papatoetoe,8,50.8,144,194.8,714.14,0.0,0.0,714.14,1
Mon_00072,Monday,"Four Square Eden Terrace,New World Metro Queen St",8,51.3,144,195.3,715.93,0.0,0.0,715.93,2
Mon_00073,Monday,"Four Square Eden Terrace,Four Square Glen Eden",7,69.3,126,195.3,715.97,0.0,0.0,715.97,2
Mon_00074,Monday,"Four Square Fair Price Henderson,Four Square Ellerslie",6,87.4,108,195.4,716.58,0.0,0.0,716.58,2
Mon_00075,Monday,"Four Square Fair Price Henderson,Four Square Remuera",6,87.6,108,195.6,717.1,0.0,0.0,717.1,2
Mon_00076,Monday,"Four Square Fair Price Henderson,Four Square Eden Terrace",7,70.3,126,196.3,719.77,0.0,0.0,719.77,2
Mon_00077,Monday,New World Birkenhead,7,70.4,126,196.4,720.24,0.0,0.0,720.24,1
Mon_00078,Monday,"Four Square Remuera,Four Square Botany Junction",6,88.5,108,196.5,720.39,0.0,0.0,720.39,2
Mon_00079,Monday,"Four Square Onehunga,Four Square Lancaster",6,89.4,108,197.4,723.78,0.0,0.0,723.78,2
Mon_00080,Monday,"Four Square Britomart,Four Square Lancaster",6,90.3,108,198.3,727.05,0.0,0.0,727.05,2
Mon_00081,Monday,"Four Square Cockle Bay,Four Square Botany Junction",6,91.1,108,199.1,730.04,0.0,0.0,730.04,2
Mon_00082,Monday,"Four Square Hobsonville,New World Metro Shore City",6,91.4,108,199.4,731.29,0.0,0.0,731.29,2
Mon_00083,Monday,"Four Square Botany Junction,Four Square Britomart",6,91.7,108,199.7,732.26,0.0,0.0,732.26,2
Mon_00084,Monday,New World Devonport,6,91.8,108,199.8,732.6,0.0,0.0,732.6,1
Mon_00085,Monday,"Four Square Pakuranga Heights,Four Square St Heliers",6,92.0,108,200.0,733.2,0.0,0.0,733.2,2
Mon_00086,Monday,"Four Square Onehunga,Four Square St Heliers",7,75.2,126,201.2,737.57,0.0,0.0,737.57,2
Mon_00087,Monday,"Four Square Fair Price Henderson,Four Square Hobsonville",7,75.2,126,201.2,737.74,0.0,0.0,737.74,2
Mon_00088,Monday,New World Milford,7,75.5,126,201.5,738.66,0.0,0.0,738.66,1
Mon_00089,Monday,"New World Metro Shore City,Four Square Botany Junction",5,112.4,90,202.4,742.18,0.0,0.0,742.18,2
Mon_00090,Monday,"Four Square Onehunga,Four Square Hobsonville",7,76.9,126,202.9,743.81,0.0,0.0,743.81,2
Mon_00091,Monday,"New World Metro Queen St,Four Square Glen Eden",7,77.3,126,203.3,745.35,0.0,0.0,745.35,2
Mon_00092,Monday,"Four Square Fair Price Henderson,New World Metro Queen St",7,78.3,126,204.3,749.15,0.0,0.0,749.15,2
Mon_00093,Monday,New World Hobsonville,8,61.5,144,205.5,753.49,0.0,0.0,753.49,1
Mon_00094,Monday,"Four Square Remuera,Four Square St Heliers",7,80.6,126,206.6,757.35,0.0,0.0,757.35,2
Mon_00095,Monday,"New World Mt Roskill,Four Square Onehunga",10,26.6,180,206.6,757.53,0.0,0.0,757.53,2
Mon_00096,Monday,"Four Square Cockle Bay,Four Square Ellerslie",6,98.6,108,206.6,757.66,0.0,0.0,757.66,2
Mon_00097,Monday,Pak 'n Save Royal Oak,10,26.9,180,206.9,758.61,0.0,0.0,758.61,1
Mon_00098,Monday,"Four Square Pakuranga Heights,Four Square Lancaster",5,117.2,90,207.2,759.7,0.0,0.0,759.7,2
Mon_00099,Monday,"Four Square Ellerslie,Four Square St Heliers",7,81.4,126,207.4,760.55,0.0,0.0,760.55,2
Mon_00100,Monday,"Four Square Glen Eden,New World Green Bay",9,45.4,162,207.4,760.59,0.0,0.0,760.59,2
Mon_00101,Monday,"Four Square Glen Eden,New World New Lynn",9,45.7,162,207.7,761.7,0.0,0.0,761.7,2
Mon_00102,Monday,"Four Square Onehunga,New World New Lynn",9,46.2,162,208.2,763.24,0.0,0.0,763.24,2
Mon_00103,Monday,"Four Square Glen Eden,Four Square Hobsonville",7,82.4,126,208.4,764.18,0.0,0.0,764.18,2
Mon_00104,Monday,New World Victoria Park,9,46.5,162,208.5,764.58,0.0,0.0,764.58,1
Mon_00105,Monday,"Four Square Botany Junction,Four Square Eden Terrace",7,82.6,126,208.6,765.02,0.0,0.0,765.02,2
Mon_00106,Monday,"Four Square Britomart,Four Square St Heliers",7,82.7,126,208.7,765.17,0.0,0.0,765.17,2
Mon_00107,Monday,"Four Square Lancaster,Four Square Ellerslie",6,101.5,108,209.5,768.0,0.0,0.0,768.0,2
Mon_00108,Monday,"Four Square Lancaster,Four Square Remuera",6,101.6,108,209.6,768.51,0.0,0.0,768.51,2
Mon_00109,Monday,"Four Square Cockle Bay,Four Square Remuera",6,101.8,108,209.8,769.42,0.0,0.0,769.42,2
Mon_00110,Monday,"Four Square Onehunga,New World Green Bay",9,48.0,162,210.0,770.0,0.0,0.19,770.19,2
Mon_00111,Monday,"Four Square Botany Junction,Four Square Glen Eden",6,103.5,108,211.5,770.0,1.5,7.63,777.63,2
Mon_00112,Monday,New World Howick,7,85.8,126,211.8,770.0,1.8,9.46,779.46,1
Mon_00113,Monday,"Four Square Cockle Bay,Four Square Britomart",6,104.4,108,212.4,770.0,2.4,12.61,782.61,2
Mon_00114,Monday,"Four Square Fair Price Henderson,Four Square Lancaster",6,104.5,108,212.5,770.0,2.5,13.04,783.04,2
Mon_00115,Monday,"Four Square Hobsonville,Four Square Britomart",7,87.2,126,213.2,770.0,3.2,16.39,786.39,2
Mon_00116,Monday,New World Eastridge,8,69.3,144,213.3,770.0,3.3,16.83,786.83,1
Mon_00117,Monday,"Four Square Lancaster,New World Metro Queen St",7,89.3,126,215.3,770.0,5.3,27.29,797.29,2
Mon_00118,Monday,Pak 'n Save Wairau Road,8,71.3,144,215.3,770.0,5.3,27.64,797.64,1
Mon_00119,Monday,"Four Square Cockle Bay,New World Metro Shore City",5,125.7,90,215.7,770.0,5.7,29.63,799.63,2
Mon_00120,Monday,New World Remuera,9,53.8,162,215.8,770.0,5.8,30.17,800.17,1
Mon_00121,Monday,"Four Square Botany Junction,New World Metro Queen St",7,89.9,126,215.9,770.0,5.9,30.27,800.27,2
Mon_00122,Monday,New World Ormiston,8,72.3,144,216.3,770.0,6.3,32.43,802.43,1
Mon_00123,Monday,"Four Square Pakuranga Heights,Four Square Ellerslie,Four Square Onehunga",8,72.3,144,216.3,770.0,6.3,32.5,802.5,3
Mon_00124,Monday,"Four Square Lancaster,Four Square Eden Terrace",7,90.5,126,216.5,770.0,6.5,33.37,803.37,2
Mon_00125,Monday,"Four Square Onehunga,Four Square Ellerslie,Four Square Remuera",9,55.0,162,217.0,770.0,7.0,36.22,806.22,3
Mon_00126,Monday,Pak 'n Save Manukau,9,55.9,162,217.9,770.0,7.9,41.05,811.05,1
Mon_00127,Monday,"Four Square Fair Price Henderson,Four Square Botany Junction",6,110.2,108,218.2,770.0,8.2,42.54,812.54,2
Mon_00128,Monday,"Four Square Pakuranga Heights,Four Square Hobsonville",6,110.6,108,218.6,770.0,8.6,44.58,814.58,2
Mon_00129,Monday,Pak 'n Save Mangere,10,38.7,180,218.7,770.0,8.7,44.74,814.74,1
Mon_00130,Monday,"Four Square Glen Eden,Four Square Lancaster",6,111.7,108,219.7,770.0,9.7,50.3,820.3,2
Mon_00131,Monday,"Four Square Torbay,New World Metro Shore City",6,112.5,108,220.5,770.0,10.5,54.44,824.44,2
Mon_00132,Monday,"New World Metro Shore City,Four Square St Heliers",6,112.9,108,220.9,770.0,10.9,56.32,826.32,2
Mon_00133,Monday,"Four Square Hobsonville,Four Square Ellerslie",7,95.1,126,221.1,770.0,11.1,57.38,827.38,2
Mon_00134,Monday,"Four Square Hobsonville,Four Square Remuera",7,95.2,126,221.2,770.0,11.2,58.1,828.1,2
Mon_00135,Monday,"Four Square Cockle Bay,Four Square Eden Terrace",7,95.4,126,221.4,770.0,11.4,58.77,828.77,2
Mon_00136,Monday,"Four Square Lancaster,Four Square Hobsonville",7,96.0,126,222.0,770.0,12.0,61.78,831.78,2
Mon_00137,Monday,"Four Square Hobsonville,Four Square Eden Terrace",8,78.0,144,222.0,770.0,12.0,61.87,831.87,2
Mon_00138,Monday,"Four Square Pakuranga Heights,Four Square Remuera,Four Square Onehunga",8,79.3,144,223.3,770.0,13.3,68.93,838.93,3
Mon_00139,Monday,"Four Square Britomart,Four Square Ellerslie,Four Square Onehunga",9,63.0,162,225.0,770.0,15.0,77.28,847.28,3
Mon_00140,Monday,"Four Square Onehunga,Four Square Pakuranga Heights,Four Square Botany Junction",8,81.4,144,225.4,770.0,15.4,79.77,849.77,3
Mon_00141,Monday,"Four Square Pakuranga Heights,Four Square Ellerslie,Four Square Remuera",8,81.9,144,225.9,770.0,15.9,81.9,851.9,3
Mon_00142,Monday,"Four Square Britomart,New World New Lynn",9,64.1,162,226.1,770.0,16.1,83.42,853.42,2
Mon_00143,Monday,"New World Metro Queen St,Four Square St Heliers",8,83.5,144,227.5,770.0,17.5,90.63,860.63,2
Mon_00144,Monday,"New World Metro Shore City,Four Square Ellerslie,Four Square Onehunga",8,83.7,144,227.7,770.0,17.7,91.21,861.21,3
Mon_00145,Monday,"Four Square Fair Price Henderson,New World New Lynn",9,65.8,162,227.8,770.0,17.8,92.22,862.22,2
Mon_00146,Monday,"Four Square Onehunga,Four Square Remuera,Four Square Britomart",9,65.9,162,227.9,770.0,17.9,92.35,862.35,3
Mon_00147,Monday,"New World Metro Shore City,New World New Lynn",8,84.3,144,228.3,770.0,18.3,94.69,864.69,2
Mon_00148,Monday,"Four Square Eden Terrace,Four Square St Heliers",8,84.5,144,228.5,770.0,18.5,95.57,865.57,2
Mon_00149,Monday,"Four Square Cockle Bay,New World Metro Queen St",7,102.6,126,228.6,770.0,18.6,96.06,866.06,2
Mon_00150,Monday,New World Long Bay,7,102.6,126,228.6,770.0,18.6,96.18,866.18,1
Mon_00151,Monday,"Four Square Fair Price Henderson,New World Green Bay",9,67.0,162,229.0,770.0,19.0,97.96,867.96,2
Mon_00152,Monday,"New World Green Bay,Four Square Britomart",9,67.3,162,229.3,770.0,19.3,99.51,869.51,2
Mon_00153,Monday,"Four Square Cockle Bay,Four Square Glen Eden",6,121.5,108,229.5,770.0,19.5,100.62,870.62,2
Mon_00154,Monday,"Four Square Onehunga,Four Square Britomart,New World Metro Shore City",8,86.0,144,230.0,770.0,20.0,103.13,873.13,3
Mon_00155,Monday,"Four Square Hobsonville,New World Metro Queen St",8,86.0,144,230.0,770.0,20.0,103.27,873.27,2
Mon_00156,Monday,"Four Square Onehunga,Four Square Pakuranga Heights,Four Square Britomart",8,86.7,144,230.7,770.0,20.7,106.87,876.87,3
Mon_00157,Monday,"Four Square Pakuranga Heights,New World New Lynn",8,86.8,144,230.8,770.0,20.8,107.33,877.33,2
Mon_00158,Monday,"Four Square Onehunga,Four Square Remuera,New World Metro Shore City",8,87.2,144,231.2,770.0,21.2,109.37,879.37,3
Mon_00159,Monday,"Four Square Cockle Bay,Four Square Fair Price Henderson",6,123.3,108,231.3,770.0,21.3,110.26,880.26,2
Mon_00160,Monday,"New World Green Bay,New World Metro Shore City",8,87.4,144,231.4,770.0,21.4,110.77,880.77,2
Mon_00161,Monday,"Four Square Lancaster,Four Square Botany Junction",6,124.3,108,232.3,770.0,22.3,114.99,884.99,2
Mon_00162,Monday,"Four Square Botany Junction,Four Square St Heliers",7,107.1,126,233.1,770.0,23.1,119.42,889.42,2
Mon_00163,Monday,"Four Square Cockle Bay,Four Square Pakuranga Heights,Four Square Onehunga",8,89.4,144,233.4,770.0,23.4,120.93,890.93,3
Mon_00164,Monday,"Four Square Onehunga,Four Square Pakuranga Heights,New World Metro Shore City",7,108.0,126,234.0,770.0,24.0,123.89,893.89,3
Mon_00165,Monday,Pak 'n Save Westgate,10,54.0,180,234.0,770.0,24.0,123.91,893.91,1
Mon_00166,Monday,"Four Square Ellerslie,New World New Lynn",9,72.1,162,234.1,770.0,24.1,124.41,894.41,2
Mon_00167,Monday,"Four Square Remuera,New World New Lynn",9,72.2,162,234.2,770.0,24.2,125.13,895.13,2
Mon_00168,Monday,"Four Square Britomart,Four Square Ellerslie,Four Square Remuera",9,72.5,162,234.5,770.0,24.5,126.69,896.69,3
Mon_00169,Monday,"Four Square Pakuranga Heights,Four Square Ellerslie,Four Square Britomart",8,90.9,144,234.9,770.0,24.9,128.83,898.83,3
Mon_00170,Monday,"Four Square Eden Terrace,New World New Lynn",10,54.9,180,234.9,770.0,24.9,128.9,898.9,2
Mon_00171,Monday,"Four Square Onehunga,Four Square Ellerslie,Four Square Eden Terrace",10,55.0,180,235.0,770.0,25.0,129.3,899.3,3
Mon_00172,Monday,"Four Square St Heliers,Four Square Glen Eden",7,109.7,126,235.7,770.0,25.7,132.7,902.7,2
Mon_00173,Monday,"Four Square Ellerslie,Four Square Pakuranga Heights,Four Square Botany Junction",8,92.3,144,236.3,770.0,26.3,135.78,905.78,3
Mon_00174,Monday,"Four Square Fair Price Henderson,Four Square St Heliers",7,110.7,126,236.7,770.0,26.7,138.06,908.06,2
Mon_00175,Monday,"Four Square Onehunga,Four Square Remuera,Four Square Eden Terrace",10,56.8,180,236.8,770.0,26.8,138.51,908.51,3
Mon_00176,Monday,"Four Square Torbay,Four Square Britomart",7,110.8,126,236.8,770.0,26.8,138.55,908.55,2
Mon_00177,Monday,"Four Square Onehunga,New World Metro Queen St,Four Square Britomart",10,57.2,180,237.2,770.0,27.2,140.45,910.45,3
Mon_00178,Monday,"New World Metro Shore City,Four Square Ellerslie,Four Square Remuera",8,93.2,144,237.2,770.0,27.2,140.62,910.62,3
Mon_00179,Monday,"Four Square Torbay,Four Square Onehunga",7,111.4,126,237.4,770.0,27.4,141.7,911.7,2
Mon_00180,Monday,"Four Square Pakuranga Heights,Four Square Remuera,Four Square Britomart",8,94.1,144,238.1,770.0,28.1,145.4,915.4,3
Mon_00181,Monday,"Four Square Cockle Bay,Four Square St Heliers",7,112.2,126,238.2,770.0,28.2,145.69,915.69,2
Mon_00182,Monday,"Four Square Pakuranga Heights,Four Square Ellerslie,New World Metro Shore City",7,112.2,126,238.2,770.0,28.2,145.84,915.84,3
Mon_00183,Monday,"Four Square Pakuranga Heights,Four Square Cockle Bay,Four Square Botany Junction",8,95.0,144,239.0,770.0,29.0,149.81,919.81,3
Mon_00184,Monday,"New World Devonport,New World Metro Shore City",8,95.4,144,239.4,770.0,29.4,151.76,921.76,2
Mon_00185,Monday,New World Browns Bay,8,95.5,144,239.5,770.0,29.5,152.63,922.63,1
Mon_00186,Monday,"Four Square Onehunga,Four Square Pakuranga Heights,Four Square Eden Terrace",9,77.6,162,239.6,770.0,29.6,153.03,923.03,3
Mon_00187,Monday,"Four Square Pakuranga Heights,Four Square Britomart,New World Metro Shore City",7,113.8,126,239.8,770.0,29.8,153.74,923.74,3
Mon_00188,Monday,Pak 'n Save Papakura,9,77.9,162,239.9,770.0,29.9,154.28,924.28,1
Mon_00189,Monday,"Four Square Onehunga,Four Square Ellerslie,Four Square Botany Junction",9,78.2,162,240.2,770.0,30.2,156.01,926.01,3
Mon_00190,Monday,"New World Metro Shore City,New World Milford",9,78.5,162,240.5,770.0,30.5,157.5,927.5,2
Mon_00191,Monday,"Four Square Onehunga,New World Stonefields",10,60.7,180,240.7,770.0,30.7,158.69,928.69,2
Mon_00192,Monday,"Four Square Onehunga,Four Square Britomart,Four Square Eden Terrace",10,61.1,180,241.1,770.0,31.1,160.55,930.55,3
Mon_00193,Monday,"Four Square Remuera,Four Square Pakuranga Heights,Four Square Botany Junction",8,97.3,144,241.3,770.0,31.3,161.65,931.65,3
Mon_00194,Monday,"Four Square Pakuranga Heights,Four Square Remuera,New World Metro Shore City",7,115.4,126,241.4,770.0,31.4,162.41,932.41,3
Mon_00195,Monday,"New World Metro Shore City,Four Square Britomart,New World Metro Queen St",9,79.5,162,241.5,770.0,31.5,162.97,932.97,3
Mon_00196,Monday,"New World Metro Queen St,Four Square Ellerslie,Four Square Onehunga",10,61.8,180,241.8,770.0,31.8,164.17,934.17,3
Mon_00197,Monday,New World Botany,9,79.9,162,241.9,770.0,31.9,164.62,934.62,1
Mon_00198,Monday,"Four Square Pakuranga Heights,New World Stonefields",9,80.2,162,242.2,770.0,32.2,166.21,936.21,2
Mon_00199,Monday,"Four Square Glen Eden,Four Square Ellerslie,Four Square Onehunga",9,80.6,162,242.6,770.0,32.6,168.49,938.49,3
Mon_00200,Monday,New World Papakura,9,80.6,162,242.6,770.0,32.6,168.57,938.57,1
Mon_00201,Monday,"New World Metro Shore City,Four Square Britomart,Four Square Ellerslie",8,98.6,144,242.6,770.0,32.6,168.57,938.57,3
Mon_00202,Monday,"New World Metro Shore City,Four Square Britomart,Four Square Remuera",8,98.8,144,242.8,770.0,32.8,169.29,939.29,3
Mon_00203,Monday,"Four Square Fair Price Henderson,Four Square Ellerslie,Four Square Onehunga",9,81.5,162,243.5,770.0,33.5,172.96,942.96,3
Mon_00204,Monday,"Four Square Onehunga,Four Square Fair Price Henderson,Four Square Glen Eden",9,81.5,162,243.5,770.0,33.5,173.25,943.25,3
Mon_00205,Monday,"Four Square Fair Price Henderson,Four Square Torbay",7,117.6,126,243.6,770.0,33.6,173.52,943.52,2
Mon_00206,Monday,"Four Square Pakuranga Heights,Four Square Ellerslie,Four Square Eden Terrace",9,81.9,162,243.9,770.0,33.9,174.98,944.98,3
Mon_00207,Monday,"Four Square Ellerslie,Four Square Remuera,Four Square Eden Terrace",10,63.9,180,243.9,770.0,33.9,175.15,945.15,3
Mon_00208,Monday,"Four Square Onehunga,Four Square Remuera,New World Metro Queen St",10,64.0,180,244.0,770.0,34.0,175.8,945.8,3
Mon_00209,Monday,"Four Square Britomart,Four Square Pakuranga Heights,Four Square Botany Junction",8,100.5,144,244.5,770.0,34.5,178.42,948.42,3
Mon_00210,Monday,"Four Square Onehunga,Four Square Remuera,Four Square Glen Eden",9,82.9,162,244.9,770.0,34.9,180.36,950.36,3
Mon_00211,Monday,"New World Metro Shore City,Four Square Britomart,Four Square Eden Terrace",9,83.3,162,245.3,770.0,35.3,182.22,952.22,3
Mon_00212,Monday,"Four Square Onehunga,Four Square Lancaster,New World Metro Shore City",8,101.4,144,245.4,770.0,35.4,183.14,953.14,3
Mon_00213,Monday,"Four Square Cockle Bay,Four Square Pakuranga Heights,Four Square Ellerslie",8,101.5,144,245.5,770.0,35.5,183.46,953.46,3
Mon_00214,Monday,"Four Square Cockle Bay,Four Square Lancaster",6,137.6,108,245.6,770.0,35.6,183.82,953.82,2
Mon_00215,Monday,"Four Square Pakuranga Heights,Four Square Onehunga,Four Square Glen Eden",8,102.3,144,246.3,770.0,36.3,187.39,957.39,3
Mon_00216,Monday,"Four Square Britomart,Four Square Lancaster,New World Metro Shore City",8,102.3,144,246.3,770.0,36.3,187.73,957.73,3
Mon_00217,Monday,"Four Square Onehunga,New World Newmarket",11,48.6,198,246.6,770.0,36.6,189.34,959.34,2
Mon_00218,Monday,"Four Square Onehunga,New World Metro Queen St,New World Metro Shore City",9,84.8,162,246.8,770.0,36.8,189.96,959.96,3
Mon_00219,Monday,"Four Square Onehunga,Four Square Remuera,Four Square Fair Price Henderson",9,84.8,162,246.8,770.0,36.8,190.0,960.0,3
Mon_00220,Monday,"Four Square Onehunga,Four Square Pakuranga Heights,New World Metro Queen St",9,84.8,162,246.8,770.0,36.8,190.32,960.32,3
Mon_00221,Monday,"Four Square Onehunga,Four Square Remuera,Four Square Botany Junction",9,84.8,162,246.8,770.0,36.8,190.36,960.36,3
Mon_00222,Monday,"Four Square Pakuranga Heights,New World Metro Queen St,Four Square Britomart",9,85.0,162,247.0,770.0,37.0,191.06,961.06,3
Mon_00223,Monday,"Four Square Ellerslie,New World Stonefields",10,67.0,180,247.0,770.0,37.0,191.07,961.07,2
Mon_00224,Monday,"Four Square Pakuranga Heights,Four Square Remuera,Four Square Eden Terrace",9,85.1,162,247.1,770.0,37.1,191.55,961.55,3
Mon_00225,Monday,"New World Metro Shore City,Four Square Pakuranga Heights,Four Square Botany Junction",7,121.2,126,247.2,770.0,37.2,192.35,962.35,3
Mon_00226,Monday,"New World Birkenhead,New World Metro Shore City",9,85.3,162,247.3,770.0,37.3,192.66,962.66,2
Mon_00227,Monday,"Four Square Pakuranga Heights,Four Square Torbay",6,139.3,108,247.3,770.0,37.3,192.88,962.88,2
Mon_00228,Monday,"Four Square Lancaster,Four Square Torbay",7,122.0,126,248.0,770.0,38.0,196.14,966.14,2
Mon_00229,Monday,"Four Square Torbay,Four Square Ellerslie",7,122.0,126,248.0,770.0,38.0,196.21,966.21,2
Mon_00230,Monday,"Four Square Onehunga,Four Square Britomart,Four Square Glen Eden",9,86.0,162,248.0,770.0,38.0,196.23,966.23,3
Mon_00231,Monday,"New World Stonefields,Four Square Remuera",10,68.0,180,248.0,770.0,38.0,196.52,966.52,2
Mon_00232,Monday,"Four Square Torbay,Four Square Remuera",7,122.1,126,248.1,770.0,38.1,196.93,966.93,2
Mon_00233,Monday,"Four Square Cockle Bay,Four Square Pakuranga Heights,Four Square Remuera",8,104.7,144,248.7,770.0,38.7,200.04,970.04,3
Mon_00234,Monday,"Four Square Onehunga,New World Metro Shore City,Four Square Eden Terrace",9,87.2,162,249.2,770.0,39.2,202.77,972.77,3
Mon_00235,Monday,"Four Square Britomart,New World Mt Albert",11,51.4,198,249.4,770.0,39.4,203.72,973.72,2
Mon_00236,Monday,"Four Square Onehunga,Four Square Pakuranga Heights,Four Square Fair Price Henderson",8,105.6,144,249.6,770.0,39.6,204.52,974.52,3
Mon_00237,Monday,Pak 'n Save Albany,9,87.7,162,249.7,770.0,39.7,204.94,974.94,1
Mon_00238,Monday,"Four Square Onehunga,Four Square Britomart,Four Square Fair Price Henderson",9,87.8,162,249.8,770.0,39.8,205.87,975.87,3
Mon_00239,Monday,"Four Square Britomart,New World Metro Queen St,Four Square Ellerslie",10,70.0,180,250.0,770.0,40.0,206.7,976.7,3
Mon_00240,Monday,"Four Square Britomart,New World Metro Queen St,Four Square Remuera",10,70.1,180,250.1,770.0,40.1,207.42,977.42,3
Mon_00241,Monday,"Four Square Onehunga,New World Southmall",10,70.4,180,250.4,770.0,40.4,208.76,978.76,2
Mon_00242,Monday,"New World Howick,Four Square Pakuranga Heights",9,88.7,162,250.7,770.0,40.7,210.32,980.32,2
Mon_00243,Monday,"Four Square Lancaster,Four Square St Heliers",7,124.7,126,250.7,770.0,40.7,210.51,980.51,2
Mon_00244,Monday,"Four Square Glen Eden,Four Square Torbay",7,124.8,126,250.8,770.0,40.8,210.78,980.78,2
Mon_00245,Monday,"Four Square Pakuranga Heights,Four Square Britomart,Four Square Eden Terrace",9,88.9,162,250.9,770.0,40.9,211.16,981.16,3
Mon_00246,Monday,"Four Square Pakuranga Heights,Four Square Ellerslie,New World Metro Queen St",9,89.1,162,251.1,770.0,41.1,212.27,982.27,3
Mon_00247,Monday,"Four Square Ellerslie,Four Square Remuera,New World Metro Queen St",10,71.1,180,251.1,770.0,41.1,212.44,982.44,3
Mon_00248,Monday,New World Albany,9,89.3,162,251.3,770.0,41.3,213.24,983.24,1
Mon_00249,Monday,"Four Square Onehunga,New World Metro Shore City,Four Square Glen Eden",8,107.3,144,251.3,770.0,41.3,213.25,983.25,3
Mon_00250,Monday,"Four Square Cockle Bay,Four Square Pakuranga Heights,Four Square Britomart",8,107.3,144,251.3,770.0,41.3,213.47,983.47,3
Mon_00251,Monday,"Four Square Botany Junction,Four Square Ellerslie,Four Square Remuera",9,89.5,162,251.5,770.0,41.5,214.45,984.45,3
Mon_00252,Monday,"Four Square Britomart,New World Metro Queen St,Four Square Eden Terrace",11,53.6,198,251.6,770.0,41.6,214.71,984.71,3
Mon_00253,Monday,"New World Metro Shore City,New World Mt Albert",10,71.6,180,251.6,770.0,41.6,214.98,984.98,2
Mon_00254,Monday,"Four Square Fair Price Henderson,New World Metro Shore City,Four Square Britomart",8,107.9,144,251.9,770.0,41.9,216.47,986.47,3
Mon_00255,Monday,"New World New Lynn,New World Green Bay",12,36.0,216,252.0,770.0,42.0,216.75,986.75,2
Mon_00256,Monday,"Four Square Pakuranga Heights,Four Square Ellerslie,Four Square Glen Eden",8,108.0,144,252.0,770.0,42.0,216.84,986.84,3
Mon_00257,Monday,"Four Square Ellerslie,Four Square Remuera,Four Square Glen Eden",9,90.0,162,252.0,770.0,42.0,217.0,987.0,3
Mon_00258,Monday,"Four Square Pakuranga Heights,New World Southmall",9,90.1,162,252.1,770.0,42.1,217.55,987.55,2
Mon_00259,Monday,"Four Square Britomart,New World Metro Shore City,Four Square Glen Eden",8,108.2,144,252.2,770.0,42.2,217.84,987.84,3
Mon_00260,Monday,"Four Square Fair Price Henderson,New World Metro Shore City,Four Square Onehunga",8,108.5,144,252.5,770.0,42.5,219.62,989.62,3
Mon_00261,Monday,"Four Square Britomart,Four Square Ellerslie,Four Square Eden Terrace",10,72.5,180,252.5,770.0,42.5,219.77,989.77,3
Mon_00262,Monday,"Four Square Britomart,Four Square Remuera,Four Square Eden Terrace",10,72.7,180,252.7,770.0,42.7,220.49,990.49,3
Mon_00263,Monday,"Pak 'n Save Lincoln Road,Four Square Fair Price Henderson",11,54.8,198,252.8,770.0,42.8,221.01,991.01,2
Mon_00264,Monday,"Four Square Fair Price Henderson,Four Square Ellerslie,Four Square Remuera",9,91.0,162,253.0,770.0,43.0,222.36,992.36,3
Mon_00265,Monday,"Four Square Britomart,New World Point Chevalier",11,55.3,198,253.3,770.0,43.3,223.49,993.49,2
Mon_00266,Monday,"Four Square Glen Eden,Four Square Fair Price Henderson,Four Square Britomart",9,91.6,162,253.6,770.0,43.6,225.47,995.47,3
Mon_00267,Monday,"Four Square Torbay,Four Square Hobsonville",8,109.7,144,253.7,770.0,43.7,225.93,995.93,2
Mon_00268,Monday,"Four Square Torbay,New World Metro Queen St",8,109.8,144,253.8,770.0,43.8,226.32,996.32,2
Mon_00269,Monday,"Four Square Pakuranga Heights,Four Square Ellerslie,Four Square Fair Price Henderson",8,109.8,144,253.8,770.0,43.8,226.48,996.48,3
Mon_00270,Monday,Pak 'n Save Henderson,11,55.9,198,253.9,770.0,43.9,226.57,996.57,1
Mon_00271,Monday,"Four Square Pakuranga Heights,New World Mt Albert",10,74.1,180,254.1,770.0,44.1,227.62,997.62,2
Mon_00272,Monday,"Four Square Pakuranga Heights,Four Square Remuera,New World Metro Queen St",9,92.3,162,254.3,770.0,44.3,228.84,998.84,3
Mon_00273,Monday,"Four Square Glen Eden,Four Square Fair Price Henderson,New World Metro Shore City",8,110.5,144,254.5,770.0,44.5,229.95,999.95,3
Mon_00274,Monday,"Four Square Pakuranga Heights,Four Square St Heliers,Four Square Onehunga",9,92.6,162,254.6,770.0,44.6,230.27,1000.27,3
Mon_00275,Monday,"Four Square Cockle Bay,Four Square Pakuranga Heights,New World Metro Shore City",7,128.6,126,254.6,770.0,44.6,230.49,1000.49,3
Mon_00276,Monday,"Four Square Cockle Bay,Four Square Ellerslie,Four Square Onehunga",9,92.7,162,254.7,770.0,44.7,230.83,1000.83,3
Mon_00277,Monday,"Four Square Botany Junction,Four Square Pakuranga Heights,Four Square Eden Terrace",9,92.8,162,254.8,770.0,44.8,231.41,1001.41,3
Mon_00278,Monday,"Four Square Torbay,Four Square Eden Terrace",8,111.0,144,255.0,770.0,45.0,232.39,1002.39,2
Mon_00279,Monday,"Four Square Pakuranga Heights,Four Square Remuera,Four Square Glen Eden",8,111.2,144,255.2,770.0,45.2,233.41,1003.41,3
Mon_00280,Monday,"New World Metro Shore City,Four Square Ellerslie,Four Square Eden Terrace",9,93.2,162,255.2,770.0,45.2,233.7,1003.7,3
Mon_00281,Monday,"Four Square Pakuranga Heights,Four Square Lancaster,New World Metro Shore City",7,129.2,126,255.2,770.0,45.2,233.75,1003.75,3
Mon_00282,Monday,"New World Metro Shore City,Four Square Remuera,Four Square Eden Terrace",9,93.4,162,255.4,770.0,45.4,234.42,1004.42,3
Mon_00283,Monday,"New World Metro Shore City,New World Point Chevalier",10,75.4,180,255.4,770.0,45.4,234.75,1004.75,2
Mon_00284,Monday,"Four Square Onehunga,Four Square Cockle Bay,Four Square Botany Junction",9,93.7,162,255.7,770.0,45.7,236.28,1006.28,3
Mon_00285,Monday,"Four Square Britomart,New World Newmarket",11,57.8,198,255.8,770.0,45.8,236.74,1006.74,2
Mon_00286,Monday,"Four Square Onehunga,New World Metro Queen St,Four Square Eden Terrace",11,58.1,198,256.1,770.0,46.1,238.36,1008.36,3
Mon_00287,Monday,"Four Square Onehunga,Four Square Ellerslie,Four Square St Heliers",10,76.2,180,256.2,770.0,46.2,238.46,1008.46,3
Mon_00288,Monday,"Four Square Pakuranga Heights,New World Metro Queen St,New World Metro Shore City",8,112.6,144,256.6,770.0,46.6,240.57,1010.57,3
Mon_00289,Monday,"New World Mt Albert,Four Square Eden Terrace",12,40.6,216,256.6,770.0,46.6,240.74,1010.74,2
Mon_00290,Monday,"Four Square Onehunga,Four Square Eden Terrace,Four Square Glen Eden",10,76.9,180,256.9,770.0,46.9,242.39,1012.39,3
Mon_00291,Monday,"Four Square Onehunga,Four Square Remuera,Four Square St Heliers",10,76.9,180,256.9,770.0,46.9,242.44,1012.44,3
Mon_00292,Monday,"Four Square Cockle Bay,Four Square Hobsonville",7,131.0,126,257.0,770.0,47.0,242.91,1012.91,2
Mon_00293,Monday,"Four Square Pakuranga Heights,Four Square Remuera,Four Square Fair Price Henderson",8,113.0,144,257.0,770.0,47.0,243.05,1013.05,3
Mon_00294,Monday,"Four Square Pakuranga Heights,New World Newmarket",10,77.2,180,257.2,770.0,47.2,243.8,1013.8,2
Mon_00295,Monday,"Four Square Ellerslie,New World Mt Albert",11,59.4,198,257.4,770.0,47.4,244.71,1014.71,2
Mon_00296,Monday,"Four Square Lancaster,Four Square Ellerslie,Four Square Onehunga",9,95.5,162,257.5,770.0,47.5,245.41,1015.41,3
Mon_00297,Monday,"Four Square Remuera,New World Mt Albert",11,59.5,198,257.5,770.0,47.5,245.43,1015.43,2
Mon_00298,Monday,"Four Square Lancaster,New World Metro Shore City,Four Square Ellerslie",8,113.5,144,257.5,770.0,47.5,245.44,1015.44,3
Mon_00299,Monday,"Four Square Lancaster,New World Metro Shore City,Four Square Remuera",8,113.6,144,257.6,770.0,47.6,246.16,1016.16,3
Mon_00300,Monday,"Four Square Britomart,Four Square Ellerslie,Four Square Botany Junction",9,95.7,162,257.7,770.0,47.7,246.48,1016.48,3
Mon_00301,Monday,"Four Square Britomart,New World Stonefields",10,77.8,180,257.8,770.0,47.8,246.78,1016.78,2
Mon_00302,Monday,"Four Square Pakuranga Heights,Four Square Britomart,Four Square Glen Eden",8,113.8,144,257.8,770.0,47.8,246.84,1016.84,3
Mon_00303,Monday,"Four Square Pakuranga Heights,New World Point Chevalier",10,77.9,180,257.9,770.0,47.9,247.39,1017.39,2
Mon_00304,Monday,"Four Square Pakuranga Heights,Four Square St Heliers,Four Square Remuera",9,95.9,162,257.9,770.0,47.9,247.65,1017.65,3
Mon_00305,Monday,"New World Newmarket,Four Square Ellerslie",11,60.4,198,258.4,770.0,48.4,249.84,1019.84,2
Mon_00306,Monday,"New World Newmarket,Four Square Remuera",11,60.5,198,258.5,770.0,48.5,250.56,1020.56,2
Mon_00307,Monday,"New World Metro Shore City,New World Newmarket",10,78.5,180,258.5,770.0,48.5,250.67,1020.67,2
Mon_00308,Monday,"New World Southmall,Four Square Botany Junction",10,78.7,180,258.7,770.0,48.7,251.71,1021.71,2
Mon_00309,Monday,"Four Square Pakuranga Heights,New World Papatoetoe",10,78.7,180,258.7,770.0,48.7,251.74,1021.74,2
Mon_00310,Monday,"Four Square Onehunga,Four Square Eden Terrace,Four Square Fair Price Henderson",10,78.8,180,258.8,770.0,48.8,252.03,1022.03,3
Mon_00311,Monday,"Pak 'n Save Wairau Road,New World Metro Shore City",10,78.8,180,258.8,770.0,48.8,252.09,1022.09,2
Mon_00312,Monday,"Four Square Pakuranga Heights,Four Square Botany Junction,Four Square Glen Eden",8,114.9,144,258.9,770.0,48.9,252.84,1022.84,3
Mon_00313,Monday,"Four Square Pakuranga Heights,New World Metro Shore City,Four Square Eden Terrace",8,115.0,144,259.0,770.0,49.0,253.39,1023.39,3
Mon_00314,Monday,"Four Square Pakuranga Heights,Four Square Fair Price Henderson,Four Square Glen Eden",8,115.3,144,259.3,770.0,49.3,254.72,1024.72,3
Mon_00315,Monday,"Four Square Britomart,New World Metro Queen St,Four Square Glen Eden",10,79.6,180,259.6,770.0,49.6,256.03,1026.03,3
Mon_00316,Monday,"New World Metro Shore City,New World Metro Queen St,Four Square Ellerslie",9,97.6,162,259.6,770.0,49.6,256.34,1026.34,3
Mon_00317,Monday,"Four Square Pakuranga Heights,Four Square Britomart,Four Square Fair Price Henderson",8,115.6,144,259.6,770.0,49.6,256.48,1026.48,3
Mon_00318,Monday,"New World Metro Shore City,New World Metro Queen St,Four Square Remuera",9,97.8,162,259.8,770.0,49.8,257.06,1027.06,3
Mon_00319,Monday,"Four Square Onehunga,Four Square Britomart,Four Square Lancaster",9,97.8,162,259.8,770.0,49.8,257.32,1027.32,3
Mon_00320,Monday,"Four Square Britomart,New World Birkenhead",10,80.0,180,260.0,770.0,50.0,258.08,1028.08,2
Mon_00321,Monday,"Four Square Fair Price Henderson,New World Point Chevalier",11,62.1,198,260.1,770.0,50.1,258.85,1028.85,2
Mon_00322,Monday,"Four Square Pakuranga Heights,Four Square St Heliers,Four Square Britomart",9,98.1,162,260.1,770.0,50.1,258.97,1028.97,3
Mon_00323,Monday,"Four Square Cockle Bay,Four Square Pakuranga Heights,Four Square Eden Terrace",9,98.3,162,260.3,770.0,50.3,259.63,1029.63,3
Mon_00324,Monday,"New World Metro Shore City,Four Square Ellerslie,Four Square Botany Junction",8,116.4,144,260.4,770.0,50.4,260.41,1030.41,3
Mon_00325,Monday,"New World Metro Shore City,New World Stonefields",9,98.5,162,260.5,770.0,50.5,260.71,1030.71,2
Mon_00326,Monday,"Four Square Fair Price Henderson,Four Square Lancaster,New World Metro Shore City",8,116.6,144,260.6,770.0,50.6,261.29,1031.29,3
Mon_00327,Monday,"Four Square Fair Price Henderson,Four Square Britomart,New World Metro Queen St",10,80.6,180,260.6,770.0,50.6,261.38,1031.38,3
Mon_00328,Monday,"New World Howick,Four Square Onehunga",10,80.6,180,260.6,770.0,50.6,261.47,1031.47,2
Mon_00329,Monday,"Four Square Britomart,Four Square Ellerslie,Four Square Glen Eden",9,98.6,162,260.6,770.0,50.6,261.62,1031.62,3
Mon_00330,Monday,Pak 'n Save Glen Innes,10,80.7,180,260.7,770.0,50.7,262.06,1032.06,1
Mon_00331,Monday,"Four Square Britomart,Four Square Remuera,Four Square Glen Eden",9,98.8,162,260.8,770.0,50.8,262.34,1032.34,3
Mon_00332,Monday,"Four Square Onehunga,Four Square Botany Junction,Four Square Britomart",9,98.9,162,260.9,770.0,50.9,262.88,1032.88,3
Mon_00333,Monday,"Four Square Onehunga,Four Square Remuera,Four Square Lancaster",9,99.0,162,261.0,770.0,51.0,263.56,1033.56,3
Mon_00334,Monday,"Four Square Pakuranga Heights,New World Metro Shore City,Four Square Glen Eden",7,135.1,126,261.1,770.0,51.1,263.86,1033.86,3
Mon_00335,Monday,"New World Metro Shore City,New World Metro Queen St,Four Square Eden Terrace",10,81.2,180,261.2,770.0,51.2,264.35,1034.35,3
Mon_00336,Monday,"Four Square Ellerslie,New World Point Chevalier",11,63.2,198,261.2,770.0,51.2,264.47,1034.47,2
Mon_00337,Monday,"Four Square Onehunga,Four Square St Heliers,Four Square Britomart",10,81.3,180,261.3,770.0,51.3,265.13,1035.13,3
Mon_00338,Monday,"Four Square Remuera,New World Point Chevalier",11,63.3,198,261.3,770.0,51.3,265.2,1035.2,2
Mon_00339,Monday,"Four Square Pakuranga Heights,Four Square St Heliers,Four Square Ellerslie",9,99.3,162,261.3,770.0,51.3,265.2,1035.2,3
Mon_00340,Monday,"New World Metro Queen St,Four Square Pakuranga Heights,Four Square Botany Junction",9,99.3,162,261.3,770.0,51.3,265.3,1035.3,3
Mon_00341,Monday,"Four Square Glen Eden,Four Square Fair Price Henderson,Four Square Ellerslie",9,99.6,162,261.6,770.0,51.6,266.46,1036.46,3
Mon_00342,Monday,"Four Square Fair Price Henderson,Four Square Britomart,Four Square Ellerslie",9,99.7,162,261.7,770.0,51.7,266.98,1036.98,3
Mon_00343,Monday,"Four Square Glen Eden,Four Square Fair Price Henderson,Four Square Remuera",9,99.7,162,261.7,770.0,51.7,267.18,1037.18,3
Mon_00344,Monday,"Four Square Cockle Bay,Four Square Remuera,Four Square Onehunga",9,99.7,162,261.7,770.0,51.7,267.27,1037.27,3
Mon_00345,Monday,"Four Square Fair Price Henderson,Four Square Britomart,Four Square Remuera",9,99.8,162,261.8,770.0,51.8,267.7,1037.7,3
Mon_00346,Monday,"Four Square Glen Eden,Pak 'n Save Lincoln Road",11,63.9,198,261.9,770.0,51.9,268.16,1038.16,2
Mon_00347,Monday,"Four Square Eden Terrace,New World Point Chevalier",12,46.1,216,262.1,770.0,52.1,268.96,1038.96,2
Mon_00348,Monday,"Four Square Hobsonville,Four Square St Heliers",8,118.4,144,262.4,770.0,52.4,270.71,1040.71,2
Mon_00349,Monday,"Four Square Glen Eden,Four Square Fair Price Henderson,Four Square Eden Terrace",10,82.4,180,262.4,770.0,52.4,270.95,1040.95,3
Mon_00350,Monday,"Four Square Britomart,Four Square Remuera,Four Square Botany Junction",9,100.7,162,262.7,770.0,52.7,272.35,1042.35,3
Mon_00351,Monday,"New World Birkenhead,Four Square Lancaster",10,82.8,180,262.8,770.0,52.8,272.55,1042.55,2
Mon_00352,Monday,"Four Square Pakuranga Heights,New World Metro Shore City,Four Square Fair Price Henderson",7,136.9,126,262.9,770.0,52.9,273.5,1043.5,3
Mon_00353,Monday,"Four Square Hobsonville,New World Metro Shore City,Four Square Britomart",9,101.0,162,263.0,770.0,53.0,273.7,1043.7,3
Mon_00354,Monday,"Four Square Ellerslie,New World Southmall",10,83.0,180,263.0,770.0,53.0,273.98,1043.98,2
Mon_00355,Monday,"Four Square Fair Price Henderson,Four Square Pakuranga Heights,Four Square Botany Junction",8,119.0,144,263.0,770.0,53.0,274.09,1044.09,3
Mon_00356,Monday,"Four Square Fair Price Henderson,New World Metro Shore City,Four Square Ellerslie",8,119.1,144,263.1,770.0,53.1,274.13,1044.13,3
Mon_00357,Monday,"Four Square Fair Price Henderson,New World Metro Shore City,Four Square Remuera",8,119.2,144,263.2,770.0,53.2,274.85,1044.85,3
Mon_00358,Monday,"Four Square Britomart,Four Square Eden Terrace,Four Square Glen Eden",10,83.3,180,263.3,770.0,53.3,275.27,1045.27,3
Mon_00359,Monday,"Four Square Britomart,New World Devonport",9,101.3,162,263.3,770.0,53.3,275.5,1045.5,2
Mon_00360,Monday,"New World Metro Shore City,Four Square Ellerslie,Four Square Glen Eden",8,119.3,144,263.3,770.0,53.3,275.55,1045.55,3
Mon_00361,Monday,"Four Square Lancaster,New World Metro Shore City,New World Metro Queen St",9,101.3,162,263.3,770.0,53.3,275.55,1045.55,3
Mon_00362,Monday,"New World Metro Shore City,Four Square Remuera,Four Square Glen Eden",8,119.5,144,263.5,770.0,53.5,276.27,1046.27,3
Mon_00363,Monday,"Four Square Onehunga,New World Metro Shore City,Four Square Hobsonville",9,101.5,162,263.5,770.0,53.5,276.35,1046.35,3
Mon_00364,Monday,Pak 'n Save Sylvia Park,11,65.5,198,263.5,770.0,53.5,276.38,1046.38,1
Mon_00365,Monday,"Four Square Pakuranga Heights,New World Ormiston",10,83.5,180,263.5,770.0,53.5,276.42,1046.42,2
Mon_00366,Monday,"Pak 'n Save Royal Oak,Four Square Onehunga",13,29.6,234,263.6,770.0,53.6,276.89,1046.89,2
Mon_00367,Monday,"Four Square Onehunga,Four Square Pakuranga Heights,Four Square Lancaster",8,119.8,144,263.8,770.0,53.8,278.08,1048.08,3
Mon_00368,Monday,"Four Square Ellerslie,Four Square Remuera,Four Square St Heliers",10,84.0,180,264.0,770.0,54.0,279.08,1049.08,3
Mon_00369,Monday,"Four Square Onehunga,New World Metro Queen St,Four Square Glen Eden",10,84.1,180,264.1,770.0,54.1,279.68,1049.68,3
Mon_00370,Monday,"New World Metro Shore City,Four Square Botany Junction,Four Square Onehunga",8,120.2,144,264.2,770.0,54.2,279.87,1049.87,3
Mon_00371,Monday,"Four Square Onehunga,New World Eastridge",11,66.2,198,264.2,770.0,54.2,280.17,1050.17,2
Mon_00372,Monday,"Four Square Cockle Bay,Four Square Ellerslie,Four Square Remuera",9,102.2,162,264.2,770.0,54.2,280.23,1050.23,3
Mon_00373,Monday,"Four Square Fair Price Henderson,Four Square Britomart,Four Square Eden Terrace",10,84.3,180,264.3,770.0,54.3,280.62,1050.62,3
Mon_00374,Monday,"Four Square Lancaster,New World Metro Shore City,Four Square Eden Terrace",9,102.5,162,264.5,770.0,54.5,281.62,1051.62,3
Mon_00375,Monday,"Four Square Britomart,New World Milford",10,85.0,180,265.0,770.0,55.0,284.04,1054.04,2
Mon_00376,Monday,"New World Newmarket,Four Square Eden Terrace",12,49.2,216,265.2,770.0,55.2,285.21,1055.21,2
Mon_00377,Monday,"Four Square Botany Junction,Four Square Britomart,New World Metro Shore City",8,121.4,144,265.4,770.0,55.4,286.28,1056.28,3
Mon_00378,Monday,"New World Metro Shore City,Four Square Remuera,Four Square Botany Junction",8,121.4,144,265.4,770.0,55.4,286.28,1056.28,3
Mon_00379,Monday,"Four Square Pakuranga Heights,New World Metro Queen St,Four Square Eden Terrace",10,85.9,180,265.9,770.0,55.9,288.97,1058.97,3
Mon_00380,Monday,"Four Square Onehunga,New World Metro Queen St,Four Square Fair Price Henderson",10,86.0,180,266.0,770.0,56.0,289.32,1059.32,3
Mon_00381,Monday,"Four Square Lancaster,New World Metro Shore City,Four Square Glen Eden",8,122.5,144,266.5,770.0,56.5,292.1,1062.1,3
Mon_00382,Monday,"Four Square Ellerslie,Four Square Cockle Bay,Four Square Botany Junction",9,104.6,162,266.6,770.0,56.6,292.28,1062.28,3
Mon_00383,Monday,"Four Square Britomart,Four Square St Heliers,Four Square Remuera",10,86.7,180,266.7,770.0,56.7,292.7,1062.7,3
Mon_00384,Monday,"Four Square Pakuranga Heights,Four Square Eden Terrace,Four Square Glen Eden",9,104.7,162,266.7,770.0,56.7,293.0,1063.0,3
Mon_00385,Monday,"Four Square Fair Price Henderson,Four Square Hobsonville,New World Metro Shore City",9,104.8,162,266.8,770.0,56.8,293.22,1063.22,3
Mon_00386,Monday,"Four Square Lancaster,Four Square Ellerslie,Four Square Remuera",9,105.1,162,267.1,770.0,57.1,294.81,1064.81,3
Mon_00387,Monday,"New World Stonefields,Four Square Eden Terrace",11,69.1,198,267.1,770.0,57.1,295.24,1065.24,2
Mon_00388,Monday,"New World Southmall,Four Square Remuera",10,87.2,180,267.2,770.0,57.2,295.56,1065.56,2
Mon_00389,Monday,"Four Square Onehunga,New World Remuera",12,51.3,216,267.3,770.0,57.3,296.27,1066.27,2
Mon_00390,Monday,"Four Square Glen Eden,Four Square Fair Price Henderson,Four Square Hobsonville",10,87.3,180,267.3,770.0,57.3,296.27,1066.27,3
Mon_00391,Monday,"Four Square Cockle Bay,Four Square Pakuranga Heights,New World Metro Queen St",9,105.5,162,267.5,770.0,57.5,296.92,1066.92,3
Mon_00392,Monday,"Four Square Ellerslie,Four Square St Heliers,Four Square Britomart",10,87.6,180,267.6,770.0,57.6,297.51,1067.51,3
Mon_00393,Monday,"Four Square Eden Terrace,Four Square Ellerslie,Four Square Botany Junction",10,88.0,180,268.0,770.0,58.0,299.66,1069.66,3
Mon_00394,Monday,"Four Square Pakuranga Heights,Four Square Ellerslie,Four Square Lancaster",8,124.1,144,268.1,770.0,58.1,300.04,1070.04,3
Mon_00395,Monday,"Four Square Pakuranga Heights,New World Eastridge",10,88.3,180,268.3,770.0,58.3,301.01,1071.01,2
Mon_00396,Monday,"Four Square Cockle Bay,Four Square Pakuranga Heights,Four Square Glen Eden",8,124.4,144,268.4,770.0,58.4,301.48,1071.48,3
Mon_00397,Monday,"New World Papatoetoe,Four Square Botany Junction",11,70.4,198,268.4,770.0,58.4,301.96,1071.96,2
Mon_00398,Monday,"Four Square Pakuranga Heights,Four Square Eden Terrace,Four Square Fair Price Henderson",9,106.6,162,268.6,770.0,58.6,302.64,1072.64,3
Mon_00399,Monday,"New World Howick,Four Square Botany Junction",10,88.7,180,268.7,770.0,58.7,303.25,1073.25,2
Mon_00400,Monday,"Four Square Pakuranga Heights,New World Birkenhead",9,106.9,162,268.9,770.0,58.9,304.1,1074.1,2
Mon_00401,Monday,"Four Square Fair Price Henderson,New World Metro Shore City,New World Metro Queen St",9,106.9,162,268.9,770.0,58.9,304.24,1074.24,3
Mon_00402,Monday,"Four Square Onehunga,Four Square Cockle Bay,Four Square Britomart",9,107.1,162,269.1,770.0,59.1,305.2,1075.2,3
Mon_00403,Monday,"Four Square Hobsonville,Four Square Ellerslie,Four Square Onehunga",10,89.1,180,269.1,770.0,59.1,305.6,1075.6,3
Mon_00404,Monday,"New World Metro Shore City,New World Metro Queen St,Four Square Glen Eden",9,107.2,162,269.2,770.0,59.2,305.66,1075.66,3
Mon_00405,Monday,"Four Square Ellerslie,New World Metro Queen St,Four Square Eden Terrace",11,71.2,198,269.2,770.0,59.2,306.06,1076.06,3
Mon_00406,Monday,"Four Square Remuera,New World Metro Queen St,Four Square Eden Terrace",11,71.4,198,269.4,770.0,59.4,306.78,1076.78,3
Mon_00407,Monday,"Four Square Pakuranga Heights,Four Square Britomart,Four Square Lancaster",8,125.6,144,269.6,770.0,59.6,307.93,1077.93,3
Mon_00408,Monday,"Four Square Onehunga,Four Square Botany Junction,Four Square Eden Terrace",10,89.8,180,269.8,770.0,59.8,309.04,1079.04,3
Mon_00409,Monday,"New World Victoria Park,Four Square Britomart",12,53.8,216,269.8,770.0,59.8,309.2,1079.2,2
Mon_00410,Monday,"Four Square Ellerslie,Four Square Eden Terrace,Four Square Glen Eden",10,90.0,180,270.0,770.0,60.0,310.08,1080.08,3
Mon_00411,Monday,"Four Square Fair Price Henderson,New World Metro Shore City,Four Square Eden Terrace",9,108.1,162,270.1,770.0,60.1,310.31,1080.31,3
Mon_00412,Monday,"New World Metro Queen St,New World Point Chevalier",12,54.1,216,270.1,770.0,60.1,310.37,1080.37,2
Mon_00413,Monday,"Four Square Remuera,New World Eastridge",11,72.1,198,270.1,770.0,60.1,310.47,1080.47,2
Mon_00414,Monday,"Four Square Remuera,Four Square Eden Terrace,Four Square Glen Eden",10,90.2,180,270.2,770.0,60.2,310.81,1080.81,3
Mon_00415,Monday,"Four Square Onehunga,Four Square Fair Price Henderson,Four Square Hobsonville",10,90.2,180,270.2,770.0,60.2,310.86,1080.86,3
Mon_00416,Monday,"New World Papatoetoe,Four Square Ellerslie",11,72.2,198,270.2,770.0,60.2,311.03,1081.03,2
Mon_00417,Monday,"Four Square Cockle Bay,Four Square Pakuranga Heights,Four Square Fair Price Henderson",8,126.2,144,270.2,770.0,60.2,311.12,1081.12,3
Mon_00418,Monday,"New World Metro Shore City,Four Square Eden Terrace,Four Square Glen Eden",9,108.3,162,270.3,770.0,60.3,311.74,1081.74,3
Mon_00419,Monday,"Four Square Glen Eden,Four Square Fair Price Henderson,New World Metro Queen St",10,90.5,180,270.5,770.0,60.5,312.35,1082.35,3
Mon_00420,Monday,"Four Square Torbay,Four Square Botany Junction",7,144.8,126,270.8,770.0,60.8,314.02,1084.02,2
Mon_00421,Monday,"New World Ormiston,Four Square Botany Junction",11,72.8,198,270.8,770.0,60.8,314.13,1084.13,2
Mon_00422,Monday,"Four Square Fair Price Henderson,Four Square Ellerslie,Four Square Eden Terrace",10,91.1,180,271.1,770.0,61.1,315.44,1085.44,3
Mon_00423,Monday,"New World Birkenhead,Four Square Ellerslie",10,91.1,180,271.1,770.0,61.1,315.79,1085.79,2
Mon_00424,Monday,"Four Square Fair Price Henderson,Four Square Remuera,Four Square Eden Terrace",10,91.2,180,271.2,770.0,61.2,316.16,1086.16,3
Mon_00425,Monday,"New World Birkenhead,Four Square Remuera",10,91.3,180,271.3,770.0,61.3,316.51,1086.51,2
Mon_00426,Monday,"Four Square Pakuranga Heights,Four Square Remuera,Four Square Lancaster",8,127.3,144,271.3,770.0,61.3,316.61,1086.61,3
Mon_00427,Monday,"Four Square Lancaster,Four Square Britomart,New World Metro Queen St",10,91.4,180,271.4,770.0,61.4,317.16,1087.16,3
Mon_00428,Monday,"Four Square Remuera,Four Square Cockle Bay,Four Square Botany Junction",9,109.6,162,271.6,770.0,61.6,318.16,1088.16,3
Mon_00429,Monday,Pak 'n Save Ormiston,11,73.6,198,271.6,770.0,61.6,318.37,1088.37,1
Mon_00430,Monday,"Four Square Hobsonville,Four Square Lancaster,New World Metro Shore City",9,109.6,162,271.6,770.0,61.6,318.52,1088.52,3
Mon_00431,Monday,"Four Square Botany Junction,Four Square Pakuranga Heights,Four Square St Heliers",9,109.8,162,271.8,770.0,61.8,319.11,1089.11,3
Mon_00432,Monday,"New World Stonefields,Four Square Botany Junction",10,92.0,180,272.0,770.0,62.0,320.15,1090.15,2
Mon_00433,Monday,"Four Square Britomart,New World Eastridge",11,74.0,198,272.0,770.0,62.0,320.16,1090.16,2
Mon_00434,Monday,"New World Victoria Park,New World Metro Shore City",11,74.2,198,272.2,770.0,62.2,321.46,1091.46,2
Mon_00435,Monday,"Four Square Pakuranga Heights,New World Devonport",8,128.2,144,272.2,770.0,62.2,321.51,1091.51,2
Mon_00436,Monday,"New World Hobsonville,New World Metro Shore City",10,92.2,180,272.2,770.0,62.2,321.56,1091.56,2
Mon_00437,Monday,"Four Square Onehunga,Four Square Cockle Bay,New World Metro Shore City",8,128.4,144,272.4,770.0,62.4,322.22,1092.22,3
Mon_00438,Monday,"New World Newmarket,New World Metro Queen St",12,56.4,216,272.4,770.0,62.4,322.5,1092.5,2
Mon_00439,Monday,"Four Square Onehunga,Four Square Remuera,Four Square Hobsonville",10,92.4,180,272.4,770.0,62.4,322.65,1092.65,3
Mon_00440,Monday,"Four Square Lancaster,Four Square Britomart,Four Square Ellerslie",9,110.5,162,272.5,770.0,62.5,322.76,1092.76,3
Mon_00441,Monday,"Four Square Cockle Bay,New World Howick",10,92.6,180,272.6,770.0,62.6,323.18,1093.18,2
Mon_00442,Monday,"Four Square Lancaster,Four Square Britomart,Four Square Remuera",9,110.6,162,272.6,770.0,62.6,323.48,1093.48,3
Mon_00443,Monday,"Four Square Botany Junction,New World Metro Queen St,Four Square Britomart",10,92.6,180,272.6,770.0,62.6,323.61,1093.61,3
Mon_00444,Monday,"New World Howick,Four Square Ellerslie",10,92.7,180,272.7,770.0,62.7,324.01,1094.01,2
Mon_00445,Monday,"Four Square Botany Junction,Four Square Remuera,Four Square Eden Terrace",10,92.7,180,272.7,770.0,62.7,324.1,1094.1,3
Mon_00446,Monday,"Four Square Fair Price Henderson,New World Hobsonville",11,74.8,198,272.8,770.0,62.8,324.49,1094.49,2
Mon_00447,Monday,"New World Long Bay,New World Metro Shore City",9,110.9,162,272.9,770.0,62.9,324.87,1094.87,2
Mon_00448,Monday,"Four Square Pakuranga Heights,Four Square St Heliers,New World Metro Shore City",8,129.2,144,273.2,770.0,63.2,326.55,1096.55,3
Mon_00449,Monday,"Four Square Pakuranga Heights,New World Metro Shore City,Four Square Hobsonville",8,129.3,144,273.3,770.0,63.3,326.97,1096.97,3
Mon_00450,Monday,"Four Square Cockle Bay,Four Square Ellerslie,Four Square Britomart",9,111.3,162,273.3,770.0,63.3,327.16,1097.16,3
Mon_00451,Monday,"New World Papatoetoe,Four Square Remuera",11,75.4,198,273.4,770.0,63.4,327.6,1097.6,2
Mon_00452,Monday,"Four Square Ellerslie,New World Eastridge",11,75.6,198,273.6,770.0,63.6,328.38,1098.38,2
Mon_00453,Monday,"Four Square Lancaster,New World Milford",10,93.8,180,273.8,770.0,63.8,329.41,1099.41,2
Mon_00454,Monday,"Four Square Pakuranga Heights,New World Milford",9,111.9,162,273.9,770.0,63.9,330.05,1100.05,2
Mon_00455,Monday,"Four Square Pakuranga Heights,New World Metro Queen St,Four Square Glen Eden",9,111.9,162,273.9,770.0,63.9,330.29,1100.29,3
Mon_00456,Monday,"Four Square Glen Eden,Four Square Hobsonville,New World Metro Shore City",9,112.0,162,274.0,770.0,64.0,330.48,1100.48,3
Mon_00457,Monday,"Four Square Hobsonville,New World Metro Shore City,Four Square Ellerslie",9,112.1,162,274.1,770.0,64.1,331.36,1101.36,3
Mon_00458,Monday,"Four Square Hobsonville,New World Metro Shore City,Four Square Remuera",9,112.3,162,274.3,770.0,64.3,332.08,1102.08,3
Mon_00459,Monday,"New World Stonefields,New World Metro Queen St",11,76.4,198,274.4,770.0,64.4,332.53,1102.53,2
Mon_00460,Monday,"New World Metro Shore City,Four Square Britomart,Four Square St Heliers",9,112.4,162,274.4,770.0,64.4,332.7,1102.7,3
Mon_00461,Monday,"Four Square Onehunga,Four Square St Heliers,New World Metro Shore City",9,112.4,162,274.4,770.0,64.4,332.71,1102.71,3
Mon_00462,Monday,"New World Devonport,Four Square Ellerslie",9,112.5,162,274.5,770.0,64.5,333.2,1103.2,2
Mon_00463,Monday,"New World Remuera,Four Square Remuera",12,58.5,216,274.5,770.0,64.5,333.24,1103.24,2
Mon_00464,Monday,"New World Metro Queen St,Four Square Ellerslie,Four Square Botany Junction",10,94.5,180,274.5,770.0,64.5,333.36,1103.36,3
Mon_00465,Monday,"New World Devonport,Four Square Remuera",9,112.6,162,274.6,770.0,64.6,333.93,1103.93,2
Mon_00466,Monday,"Four Square Britomart,Four Square Cockle Bay,Four Square Botany Junction",9,112.8,162,274.8,770.0,64.8,334.92,1104.92,3
Mon_00467,Monday,"Four Square Lancaster,Four Square Britomart,Four Square Eden Terrace",10,95.1,180,275.1,770.0,65.1,336.41,1106.41,3
Mon_00468,Monday,"Four Square Onehunga,Four Square Pakuranga Heights,Four Square Hobsonville",9,113.3,162,275.3,770.0,65.3,337.17,1107.17,3
Mon_00469,Monday,"Four Square Glen Eden,Four Square Ellerslie,Four Square Botany Junction",9,113.4,162,275.4,770.0,65.4,337.68,1107.68,3
Mon_00470,Monday,"New World Metro Shore City,Four Square Remuera,Four Square St Heliers",9,113.5,162,275.5,770.0,65.5,338.36,1108.36,3
Mon_00471,Monday,"Four Square Onehunga,Four Square Britomart,Four Square Hobsonville",10,95.5,180,275.5,770.0,65.5,338.52,1108.52,3
Mon_00472,Monday,"Four Square Pakuranga Heights,New World Metro Queen St,Four Square Fair Price Henderson",9,113.8,162,275.8,770.0,65.8,339.93,1109.93,3
Mon_00473,Monday,"New World Howick,Four Square Remuera",10,95.9,180,275.9,770.0,65.9,340.58,1110.58,2
Mon_00474,Monday,"Four Square Fair Price Henderson,Four Square Lancaster,Four Square Britomart",9,114.1,162,276.1,770.0,66.1,341.28,1111.28,3
Mon_00475,Monday,"Four Square Onehunga,Four Square Lancaster,Four Square Fair Price Henderson",9,114.1,162,276.1,770.0,66.1,341.68,1111.68,3
Mon_00476,Monday,"New World Milford,Four Square Ellerslie",10,96.1,180,276.1,770.0,66.1,341.74,1111.74,2
Mon_00477,Monday,"Four Square Fair Price Henderson,Four Square Ellerslie,Four Square Botany Junction",9,114.2,162,276.2,770.0,66.2,342.15,1112.15,3
Mon_00478,Monday,"New World Milford,Four Square Remuera",10,96.3,180,276.3,770.0,66.3,342.47,1112.47,2
Mon_00479,Monday,"New World Metro Shore City,Four Square Ellerslie,Four Square St Heliers",9,114.4,162,276.4,770.0,66.4,342.85,1112.85,3
Mon_00480,Monday,"Four Square Botany Junction,Four Square Britomart,Four Square Eden Terrace",10,96.5,180,276.5,770.0,66.5,343.71,1113.71,3
Mon_00481,Monday,"Four Square Cockle Bay,Four Square Remuera,Four Square Britomart",9,114.5,162,276.5,770.0,66.5,343.73,1113.73,3
Mon_00482,Monday,"Four Square Onehunga,New World Metro Queen St,Four Square Lancaster",10,96.6,180,276.6,770.0,66.6,344.15,1114.15,3
Mon_00483,Monday,"Four Square Cockle Bay,Four Square Ellerslie,New World Metro Shore City",8,132.6,144,276.6,770.0,66.6,344.17,1114.17,3
Mon_00484,Monday,"New World Birkenhead,New World Metro Queen St",11,78.9,198,276.9,770.0,66.9,345.9,1115.9,2
Mon_00485,Monday,"Four Square Onehunga,Four Square Botany Junction,New World Metro Queen St",10,97.0,180,277.0,770.0,67.0,346.33,1116.33,3
Mon_00486,Monday,"Four Square Lancaster,Four Square Pakuranga Heights,Four Square Botany Junction",8,133.1,144,277.1,770.0,67.1,346.54,1116.54,3
Mon_00487,Monday,"Four Square Fair Price Henderson,New World Milford",10,97.2,180,277.2,770.0,67.2,347.02,1117.02,2
Mon_00488,Monday,"Four Square Cockle Bay,Four Square Pakuranga Heights,Four Square St Heliers",9,115.2,162,277.2,770.0,67.2,347.33,1117.33,3
Mon_00489,Monday,"Four Square Ellerslie,New World Metro Queen St,Four Square Glen Eden",10,97.2,180,277.2,770.0,67.2,347.37,1117.37,3
Mon_00490,Monday,"Four Square Remuera,New World Metro Queen St,Four Square Glen Eden",10,97.4,180,277.4,770.0,67.4,348.1,1118.1,3
Mon_00491,Monday,"New World Metro Shore City,Four Square Cockle Bay,Four Square Botany Junction",8,133.5,144,277.5,770.0,67.5,348.85,1118.85,3
Mon_00492,Monday,"Four Square Pakuranga Heights,New World Botany",11,79.6,198,277.6,770.0,67.6,349.28,1119.28,2
Mon_00493,Monday,"Four Square Pakuranga Heights,Four Square Ellerslie,Four Square Remuera,Four Square Onehunga",11,79.7,198,277.7,770.0,67.7,349.99,1119.99,4
Mon_00494,Monday,"Four Square Ellerslie,New World Remuera",12,62.0,216,278.0,770.0,68.0,351.22,1121.22,2
Mon_00495,Monday,"Four Square Onehunga,Four Square Cockle Bay,Four Square Eden Terrace",10,98.0,180,278.0,770.0,68.0,351.36,1121.36,3
Mon_00496,Monday,"New World Birkenhead,Four Square Eden Terrace",11,80.1,198,278.1,770.0,68.1,351.97,1121.97,2
Mon_00497,Monday,"Four Square Cockle Bay,Four Square Britomart,New World Metro Shore City",8,134.1,144,278.1,770.0,68.1,352.07,1122.07,3
Mon_00498,Monday,"Four Square Fair Price Henderson,Four Square Ellerslie,New World Metro Queen St",10,98.3,180,278.3,770.0,68.3,352.73,1122.73,3
Mon_00499,Monday,"Four Square Lancaster,New World Devonport",9,116.4,162,278.4,770.0,68.4,353.24,1123.24,2
Mon_00500,Monday,"Four Square Glen Eden,Four Square Hobsonville,Four Square Onehunga",10,98.4,180,278.4,770.0,68.4,353.27,1123.27,3
Mon_00501,Monday,"Four Square Fair Price Henderson,Four Square Remuera,New World Metro Queen St",10,98.4,180,278.4,770.0,68.4,353.45,1123.45,3
Mon_00502,Monday,"Four Square Pakuranga Heights,Four Square St Heliers,New World Metro Queen St",10,98.5,180,278.5,770.0,68.5,353.72,1123.72,3
Mon_00503,Monday,"New World Howick,Four Square Britomart",10,98.5,180,278.5,770.0,68.5,354.01,1124.01,2
Mon_00504,Monday,"Four Square Glen Eden,Four Square Fair Price Henderson,Four Square Lancaster",9,116.7,162,278.7,770.0,68.7,354.76,1124.76,3
Mon_00505,Monday,"Four Square Hobsonville,Four Square Ellerslie,Four Square Remuera",10,98.7,180,278.7,770.0,68.7,355.01,1125.01,3
Mon_00506,Monday,"Four Square Pakuranga Heights,New World Remuera",11,80.8,198,278.8,770.0,68.8,355.64,1125.64,2
Mon_00507,Monday,"Four Square Pakuranga Heights,Four Square St Heliers,Four Square Eden Terrace",10,98.8,180,278.8,770.0,68.8,355.69,1125.69,3
Mon_00508,Monday,"New World Hobsonville,Four Square Hobsonville",12,62.9,216,278.9,770.0,68.9,355.81,1125.81,2
Mon_00509,Monday,"Four Square Britomart,Pak 'n Save Wairau Road",11,80.9,198,278.9,770.0,68.9,355.83,1125.83,2
Mon_00510,Monday,"Four Square Eden Terrace,New World Metro Queen St,Four Square Glen Eden",11,81.0,198,279.0,770.0,69.0,356.37,1126.37,3
Mon_00511,Monday,"Four Square Onehunga,Four Square Lancaster,Four Square Eden Terrace",10,99.1,180,279.1,770.0,69.1,356.96,1126.96,3
Mon_00512,Monday,"Four Square Pakuranga Heights,Pak 'n Save Manukau",11,81.1,198,279.1,770.0,69.1,357.19,1127.19,2
Mon_00513,Monday,Pak 'n Save Clendon,12,63.5,216,279.5,770.0,69.5,358.85,1128.85,1
Mon_00514,Monday,"Four Square Pakuranga Heights,Four Square Ellerslie,Four Square Hobsonville",9,117.5,162,279.5,770.0,69.5,359.12,1129.12,3
Mon_00515,Monday,"New World Metro Queen St,Four Square Remuera,Four Square Botany Junction",10,99.5,180,279.5,770.0,69.5,359.23,1129.23,3
Mon_00516,Monday,"Four Square Onehunga,Four Square St Heliers,New World Metro Queen St",11,81.7,198,279.7,770.0,69.7,359.88,1129.88,3
Mon_00517,Monday,"Four Square Onehunga,Four Square Botany Junction,Four Square Fair Price Henderson",9,117.8,162,279.8,770.0,69.8,360.53,1130.53,3
Mon_00518,Monday,"Four Square Cockle Bay,Four Square Remuera,New World Metro Shore City",8,135.8,144,279.8,770.0,69.8,360.75,1130.75,3
Mon_00519,Monday,"Four Square Hobsonville,New World Metro Shore City,New World Metro Queen St",10,100.0,180,280.0,770.0,70.0,361.47,1131.47,3
Mon_00520,Monday,"Four Square Fair Price Henderson,Four Square Eden Terrace,New World Metro Queen St",11,82.0,198,280.0,770.0,70.0,361.72,1131.72,3
Mon_00521,Monday,"Four Square Onehunga,Four Square St Heliers,Four Square Eden Terrace",11,82.0,198,280.0,770.0,70.0,361.85,1131.85,3
Mon_00522,Monday,Pak 'n Save Botany,11,82.3,198,280.3,770.0,70.3,363.17,1133.17,1
Mon_00523,Monday,"Four Square Lancaster,New World Metro Shore City,Four Square Botany Junction",8,136.3,144,280.3,770.0,70.3,363.25,1133.25,3
Mon_00524,Monday,"New World Devonport,New World Metro Queen St",10,100.3,180,280.3,770.0,70.3,363.32,1133.32,2
Mon_00525,Monday,"Four Square Glen Eden,Four Square Remuera,Four Square Botany Junction",9,118.4,162,280.4,770.0,70.4,363.55,1133.55,3
Mon_00526,Monday,"Four Square Cockle Bay,New World Stonefields",10,100.4,180,280.4,770.0,70.4,363.76,1133.76,2
Mon_00527,Monday,"Four Square Onehunga,New World New Lynn,Four Square Glen Eden",12,64.5,216,280.5,770.0,70.5,364.1,1134.1,3
Mon_00528,Monday,"Four Square Fair Price Henderson,Four Square Hobsonville,Four Square Britomart",10,100.5,180,280.5,770.0,70.5,364.15,1134.15,3
Mon_00529,Monday,"Four Square Onehunga,Four Square Glen Eden,New World Green Bay",12,64.7,216,280.7,770.0,70.7,365.35,1135.35,3
Mon_00530,Monday,"Four Square Hobsonville,New World Metro Shore City,Four Square Eden Terrace",10,101.1,180,281.1,770.0,71.1,367.54,1137.54,3
Mon_00531,Monday,"New World Newmarket,Four Square Botany Junction",11,83.2,198,281.2,770.0,71.2,367.65,1137.65,2
Mon_00532,Monday,"Four Square Pakuranga Heights,New World Victoria Park",11,83.2,198,281.2,770.0,71.2,367.86,1137.86,2
Mon_00533,Monday,"Four Square Fair Price Henderson,Four Square Remuera,Four Square Botany Junction",9,119.2,162,281.2,770.0,71.2,368.02,1138.02,3
Mon_00534,Monday,"New World Stonefields,Four Square St Heliers",11,83.4,198,281.4,770.0,71.4,368.98,1138.98,2
Mon_00535,Monday,"New World Devonport,Four Square Eden Terrace",10,101.5,180,281.5,770.0,71.5,369.39,1139.39,2
Mon_00536,Monday,"Four Square Onehunga,Four Square Torbay,New World Metro Shore City",9,119.8,162,281.8,770.0,71.8,370.95,1140.95,3
Mon_00537,Monday,"New World Howick,New World Metro Shore City",9,119.8,162,281.8,770.0,71.8,371.03,1141.03,2
Mon_00538,Monday,"New World Milford,New World Metro Queen St",11,84.0,198,282.0,770.0,72.0,371.86,1141.86,2
Mon_00539,Monday,"Four Square Lancaster,Four Square Britomart,Four Square Glen Eden",9,120.0,162,282.0,770.0,72.0,372.09,1142.09,3
Mon_00540,Monday,"Four Square Britomart,New World Remuera",12,66.1,216,282.1,770.0,72.1,372.41,1142.41,2
Mon_00541,Monday,"New World Metro Shore City,New World Eastridge",10,102.2,180,282.2,770.0,72.2,373.01,1143.01,2
Mon_00542,Monday,"Four Square Botany Junction,New World Metro Queen St,New World Metro Shore City",9,120.2,162,282.2,770.0,72.2,373.11,1143.11,3
Mon_00543,Monday,"Four Square Cockle Bay,Four Square Ellerslie,Four Square Eden Terrace",10,102.3,180,282.3,770.0,72.3,373.31,1143.31,3
Mon_00544,Monday,"New World Metro Queen St,Four Square Britomart,Four Square St Heliers",11,84.3,198,282.3,770.0,72.3,373.4,1143.4,3
Mon_00545,Monday,"Four Square Britomart,Four Square Torbay,New World Metro Shore City",9,120.7,162,282.7,770.0,72.7,375.55,1145.55,3
Mon_00546,Monday,"Four Square Pakuranga Heights,Four Square Remuera,Four Square Hobsonville",9,120.7,162,282.7,770.0,72.7,375.69,1145.69,3
Mon_00547,Monday,"Four Square Onehunga,Four Square Ellerslie,New World New Lynn",12,66.8,216,282.8,770.0,72.8,376.19,1146.19,3
Mon_00548,Monday,"New World Mt Roskill,Four Square Pakuranga Heights,Four Square Onehunga",12,66.8,216,282.8,770.0,72.8,376.31,1146.31,3
Mon_00549,Monday,"Four Square Eden Terrace,Four Square Remuera,Four Square St Heliers",11,85.1,198,283.1,770.0,73.1,377.61,1147.61,3
Mon_00550,Monday,"Four Square Botany Junction,Four Square Britomart,Four Square Glen Eden",9,121.4,162,283.4,770.0,73.4,379.39,1149.39,3
Mon_00551,Monday,"Four Square Pakuranga Heights,Four Square St Heliers,Four Square Glen Eden",9,121.7,162,283.7,770.0,73.7,380.7,1150.7,3
Mon_00552,Monday,"Four Square Onehunga,Four Square Ellerslie,Four Square Remuera,Four Square Britomart",12,67.7,216,283.7,770.0,73.7,380.77,1150.77,4
Mon_00553,Monday,"Four Square Cockle Bay,New World Southmall",10,103.8,180,283.8,770.0,73.8,381.28,1151.28,2
Mon_00554,Monday,"New World Browns Bay,New World Metro Shore City",10,103.8,180,283.8,770.0,73.8,381.31,1151.31,2
Mon_00555,Monday,"Four Square Eden Terrace,Four Square Ellerslie,Four Square St Heliers",11,86.0,198,284.0,770.0,74.0,382.11,1152.11,3
Mon_00556,Monday,"Pak 'n Save Lincoln Road,Four Square Hobsonville",12,68.3,216,284.3,770.0,74.3,384.13,1154.13,2
Mon_00557,Monday,"Four Square Glen Eden,Four Square Fair Price Henderson,Four Square Botany Junction",9,122.4,162,284.4,770.0,74.4,384.27,1154.27,3
Mon_00558,Monday,"Four Square Pakuranga Heights,Four Square Onehunga,New World New Lynn",11,86.4,198,284.4,770.0,74.4,384.36,1154.36,3
Mon_00559,Monday,"Four Square Onehunga,Four Square Eden Terrace,Four Square Hobsonville",11,86.5,198,284.5,770.0,74.5,384.67,1154.67,3
Mon_00560,Monday,"Four Square Cockle Bay,Four Square Pakuranga Heights,Four Square Lancaster",8,140.5,144,284.5,770.0,74.5,384.68,1154.68,3
Mon_00561,Monday,"Four Square Fair Price Henderson,Four Square Britomart,Four Square Botany Junction",9,122.5,162,284.5,770.0,74.5,384.79,1154.79,3
Mon_00562,Monday,"Four Square Ellerslie,New World Victoria Park",12,68.5,216,284.5,770.0,74.5,384.94,1154.94,2
Mon_00563,Monday,"Four Square Onehunga,Four Square Lancaster,Four Square Hobsonville",10,104.6,180,284.6,770.0,74.6,385.38,1155.38,3
Mon_00564,Monday,"Four Square Onehunga,Four Square Remuera,New World New Lynn",12,68.6,216,284.6,770.0,74.6,385.4,1155.4,3
Mon_00565,Monday,"Four Square Remuera,New World Victoria Park",12,68.6,216,284.6,770.0,74.6,385.66,1155.66,2
Mon_00566,Monday,"Four Square Cockle Bay,Four Square Onehunga,Four Square Glen Eden",9,122.7,162,284.7,770.0,74.7,385.72,1155.72,3
Mon_00567,Monday,"Four Square Botany Junction,New World Metro Shore City,Four Square Eden Terrace",9,122.7,162,284.7,770.0,74.7,385.93,1155.93,3
Mon_00568,Monday,"New World Metro Shore City,New World Remuera",11,86.8,198,284.8,770.0,74.8,386.34,1156.34,2
Mon_00569,Monday,"Four Square Botany Junction,Four Square Cockle Bay,Four Square Eden Terrace",10,104.8,180,284.8,770.0,74.8,386.72,1156.72,3
Mon_00570,Monday,"Four Square Onehunga,Four Square St Heliers,Four Square Glen Eden",10,104.9,180,284.9,770.0,74.9,386.86,1156.86,3
Mon_00571,Monday,"Pak 'n Save Manukau,Four Square Botany Junction",12,69.0,216,285.0,770.0,75.0,387.45,1157.45,2
Mon_00572,Monday,"Four Square Lancaster,Pak 'n Save Wairau Road",11,87.0,198,285.0,770.0,75.0,387.49,1157.49,2
Mon_00573,Monday,"Four Square Onehunga,Four Square Ellerslie,Four Square Pakuranga Heights,Four Square Botany Junction",11,87.0,198,285.0,770.0,75.0,387.56,1157.56,4
Mon_00574,Monday,"Four Square Remuera,Four Square St Heliers,New World Metro Queen St",11,87.0,198,285.0,770.0,75.0,387.75,1157.75,3
Mon_00575,Monday,"Four Square Lancaster,Four Square Ellerslie,Four Square Eden Terrace",10,105.1,180,285.1,770.0,75.1,387.89,1157.89,3
Mon_00576,Monday,"Four Square Lancaster,Four Square Remuera,Four Square Eden Terrace",10,105.2,180,285.2,770.0,75.2,388.61,1158.61,3
Mon_00577,Monday,"Four Square Onehunga,Four Square Cockle Bay,New World Metro Queen St",10,105.2,180,285.2,770.0,75.2,388.65,1158.65,3
Mon_00578,Monday,"New World Green Bay,Four Square Ellerslie,Four Square Onehunga",12,69.2,216,285.2,770.0,75.2,388.72,1158.72,3
Mon_00579,Monday,"Four Square Fair Price Henderson,Four Square Glen Eden,New World Green Bay",12,69.2,216,285.2,770.0,75.2,388.77,1158.77,3
Mon_00580,Monday,"Four Square Pakuranga Heights,Four Square Britomart,Four Square Hobsonville",9,123.3,162,285.3,770.0,75.3,389.13,1159.13,3
Mon_00581,Monday,"Four Square Onehunga,Four Square St Heliers,Four Square Botany Junction",10,105.4,180,285.4,770.0,75.4,389.36,1159.36,3
Mon_00582,Monday,"Four Square Cockle Bay,New World Metro Queen St,Four Square Britomart",10,105.4,180,285.4,770.0,75.4,389.39,1159.39,3
Mon_00583,Monday,"New World Mt Roskill,Four Square Ellerslie,Four Square Onehunga",13,51.4,234,285.4,770.0,75.4,389.61,1159.61,3
Mon_00584,Monday,"Four Square Cockle Bay,Four Square Remuera,Four Square Eden Terrace",10,105.5,180,285.5,770.0,75.5,389.89,1159.89,3
Mon_00585,Monday,"Four Square Britomart,Four Square Lancaster,Four Square Hobsonville",10,105.5,180,285.5,770.0,75.5,389.97,1159.97,3
Mon_00586,Monday,"Four Square Fair Price Henderson,Four Square Glen Eden,New World New Lynn",12,69.5,216,285.5,770.0,75.5,390.33,1160.33,3
Mon_00587,Monday,"Four Square Pakuranga Heights,Four Square St Heliers,Four Square Fair Price Henderson",9,123.6,162,285.6,770.0,75.6,390.34,1160.34,3
Mon_00588,Monday,"New World Victoria Park,Four Square Eden Terrace",13,51.7,234,285.7,770.0,75.7,391.18,1161.18,2
Mon_00589,Monday,"Four Square Cockle Bay,Four Square Torbay",7,159.7,126,285.7,770.0,75.7,391.21,1161.21,2
Mon_00590,Monday,"Pak 'n Save Royal Oak,Four Square Ellerslie",13,51.9,234,285.9,770.0,75.9,391.91,1161.91,2
Mon_00591,Monday,"Four Square Fair Price Henderson,New World Metro Shore City,Four Square Botany Junction",8,141.9,144,285.9,770.0,75.9,391.94,1161.94,3
Mon_00592,Monday,"Four Square Ellerslie,Four Square St Heliers,New World Metro Queen St",11,87.9,198,285.9,770.0,75.9,392.25,1162.25,3
Mon_00593,Monday,"Four Square Pakuranga Heights,Four Square Lancaster,Four Square Fair Price Henderson",8,141.9,144,285.9,770.0,75.9,392.29,1162.29,3
Mon_00594,Monday,"Four Square Pakuranga Heights,Four Square Fair Price Henderson,Four Square Hobsonville",9,123.9,162,285.9,770.0,75.9,392.34,1162.34,3
Mon_00595,Monday,"Four Square Eden Terrace,Four Square Britomart,Four Square St Heliers",11,88.0,198,286.0,770.0,76.0,392.5,1162.5,3
Mon_00596,Monday,"New World Victoria Park,New World Metro Queen St",13,52.1,234,286.1,770.0,76.1,393.29,1163.29,2
Mon_00597,Monday,"Four Square Hobsonville,Four Square Britomart,New World Metro Queen St",11,88.3,198,286.3,770.0,76.3,394.03,1164.03,3
Mon_00598,Monday,"Four Square Pakuranga Heights,Four Square Onehunga,New World Green Bay",11,88.3,198,286.3,770.0,76.3,394.08,1164.08,3
Mon_00599,Monday,"Four Square Glen Eden,New World Metro Shore City,Four Square Botany Junction",8,142.3,144,286.3,770.0,76.3,394.25,1164.25,3
Mon_00600,Monday,"Four Square Ellerslie,New World Ormiston",11,88.4,198,286.4,770.0,76.4,394.69,1164.69,2
Mon_00601,Monday,"Four Square Pakuranga Heights,New World Metro Queen St,Four Square Lancaster",9,124.4,162,286.4,770.0,76.4,394.76,1164.76,3
Mon_00602,Monday,"Four Square Onehunga,Four Square St Heliers,Four Square Fair Price Henderson",10,106.7,180,286.7,770.0,76.7,396.5,1166.5,3
Mon_00603,Monday,"Four Square Onehunga,Four Square Ellerslie,Four Square Remuera,New World Metro Shore City",11,89.0,198,287.0,770.0,77.0,397.79,1167.79,4
Mon_00604,Monday,"Four Square Fair Price Henderson,Four Square Lancaster,Four Square Ellerslie",9,125.2,162,287.2,770.0,77.2,398.94,1168.94,3
Mon_00605,Monday,"Four Square Hobsonville,Four Square Britomart,Four Square Ellerslie",10,107.3,180,287.3,770.0,77.3,399.62,1169.62,3
Mon_00606,Monday,"Four Square Fair Price Henderson,Four Square Lancaster,Four Square Remuera",9,125.4,162,287.4,770.0,77.4,399.66,1169.66,3
Mon_00607,Monday,"New World Howick,Four Square Eden Terrace",11,89.5,198,287.5,770.0,77.5,400.17,1170.17,2
Mon_00608,Monday,"Four Square Hobsonville,Four Square Britomart,Four Square Remuera",10,107.5,180,287.5,770.0,77.5,400.35,1170.35,3
Mon_00609,Monday,"Four Square Glen Eden,Four Square Hobsonville,Four Square Britomart",10,107.7,180,287.7,770.0,77.7,401.41,1171.41,3
Mon_00610,Monday,"Four Square Pakuranga Heights,Pak 'n Save Wairau Road",10,107.8,180,287.8,770.0,77.8,401.85,1171.85,2
Mon_00611,Monday,"Four Square Fair Price Henderson,Four Square Torbay,New World Metro Shore City",9,125.8,162,287.8,770.0,77.8,402.2,1172.2,3
Mon_00612,Monday,"New World Mt Roskill,Four Square Onehunga,Four Square Remuera",13,53.9,234,287.9,770.0,77.9,402.37,1172.37,3
Mon_00613,Monday,"Four Square Onehunga,Four Square Cockle Bay,Four Square Fair Price Henderson",9,126.0,162,288.0,770.0,78.0,402.85,1172.85,3
Mon_00614,Monday,"Four Square Hobsonville,New World Milford",11,90.2,198,288.2,770.0,78.2,404.25,1174.25,2
Mon_00615,Monday,"Four Square Lancaster,New World Newmarket",11,90.4,198,288.4,770.0,78.4,404.87,1174.87,2
Mon_00616,Monday,"Four Square Fair Price Henderson,Four Square Hobsonville,Four Square Ellerslie",10,108.4,180,288.4,770.0,78.4,405.14,1175.14,3
Mon_00617,Monday,"Four Square Fair Price Henderson,Four Square Hobsonville,Four Square Remuera",10,108.6,180,288.6,770.0,78.6,405.86,1175.86,3
Mon_00618,Monday,"Four Square Onehunga,Four Square Remuera,New World Green Bay",12,72.7,216,288.7,770.0,78.7,406.62,1176.62,3
Mon_00619,Monday,"Four Square Hobsonville,Four Square Pakuranga Heights,Four Square Botany Junction",9,126.7,162,288.7,770.0,78.7,406.74,1176.74,3
Mon_00620,Monday,"Four Square Pakuranga Heights,Four Square Lancaster,Four Square Eden Terrace",9,126.9,162,288.9,770.0,78.9,407.58,1177.58,3
Mon_00621,Monday,"New World Long Bay,Four Square Britomart",10,109.2,180,289.2,770.0,79.2,408.98,1178.98,2
Mon_00622,Monday,"Four Square Cockle Bay,Four Square Botany Junction,Four Square Glen Eden",9,127.2,162,289.2,770.0,79.2,409.34,1179.34,3
Mon_00623,Monday,"Four Square Cockle Bay,Four Square Britomart,Four Square Eden Terrace",10,109.3,180,289.3,770.0,79.3,409.49,1179.49,3
Mon_00624,Monday,"Four Square Torbay,Four Square St Heliers",8,145.3,144,289.3,770.0,79.3,409.54,1179.54,2
Mon_00625,Monday,"Four Square Fair Price Henderson,Four Square Hobsonville,Four Square Eden Terrace",11,91.3,198,289.3,770.0,79.3,409.63,1179.63,3
Mon_00626,Monday,"Four Square Lancaster,New World Metro Queen St,Four Square Ellerslie",10,109.5,180,289.5,770.0,79.5,410.53,1180.53,3
Mon_00627,Monday,"Four Square Cockle Bay,Four Square Ellerslie,New World Metro Queen St",10,109.5,180,289.5,770.0,79.5,410.6,1180.6,3
Mon_00628,Monday,"Four Square Lancaster,New World Metro Queen St,Four Square Remuera",10,109.6,180,289.6,770.0,79.6,411.25,1181.25,3
Mon_00629,Monday,"Four Square Eden Terrace,New World Eastridge",12,73.8,216,289.8,770.0,79.8,412.26,1182.26,2
Mon_00630,Monday,"Four Square Britomart,Four Square Ellerslie,Four Square Pakuranga Heights,Four Square Onehunga",11,91.9,198,289.9,770.0,79.9,412.58,1182.58,4
Mon_00631,Monday,"Four Square Hobsonville,Four Square Britomart,Four Square Eden Terrace",11,92.0,198,290.0,770.0,80.0,413.27,1183.27,3
Mon_00632,Monday,"Pak 'n Save Wairau Road,Four Square Ellerslie",11,92.0,198,290.0,770.0,80.0,413.54,1183.54,2
Mon_00633,Monday,"Four Square Ellerslie,Pak 'n Save Manukau",12,74.1,216,290.1,770.0,80.1,413.63,1183.63,2
Mon_00634,Monday,"Pak 'n Save Wairau Road,Four Square Remuera",11,92.2,198,290.2,770.0,80.2,414.26,1184.26,2
Mon_00635,Monday,"Four Square Lancaster,Four Square Ellerslie,Four Square Botany Junction",9,128.2,162,290.2,770.0,80.2,414.6,1184.6,3
Mon_00636,Monday,"Four Square Remuera,Four Square St Heliers,Four Square Glen Eden",10,110.3,180,290.3,770.0,80.3,414.74,1184.74,3
Mon_00637,Monday,"Four Square Lancaster,New World Stonefields",10,110.3,180,290.3,770.0,80.3,414.9,1184.9,2
Mon_00638,Monday,"Four Square Cockle Bay,Four Square Ellerslie,Four Square Glen Eden",9,128.4,162,290.4,770.0,80.4,415.17,1185.17,3
Mon_00639,Monday,"Four Square Botany Junction,Four Square Ellerslie,Four Square St Heliers",10,110.6,180,290.6,770.0,80.6,416.68,1186.68,3
Mon_00640,Monday,"New World Metro Shore City,Four Square Britomart,Four Square Ellerslie,Four Square Onehunga",11,92.7,198,290.7,770.0,80.7,416.79,1186.79,4
Mon_00641,Monday,"Four Square Remuera,Four Square St Heliers,Four Square Botany Junction",10,110.8,180,290.8,770.0,80.8,417.24,1187.24,3
Mon_00642,Monday,"New World Metro Queen St,New World Eastridge",12,74.8,216,290.8,770.0,80.8,417.6,1187.6,2
Mon_00643,Monday,"Four Square Fair Price Henderson,Four Square Hobsonville,Four Square Lancaster",10,110.9,180,290.9,770.0,80.9,418.03,1188.03,3
Mon_00644,Monday,"Four Square Lancaster,New World Metro Queen St,Four Square Eden Terrace",11,93.0,198,291.0,770.0,81.0,418.54,1188.54,3
Mon_00645,Monday,"Four Square Ellerslie,Four Square St Heliers,Four Square Glen Eden",10,111.1,180,291.1,770.0,81.1,419.24,1189.24,3
Mon_00646,Monday,"Four Square Fair Price Henderson,Four Square Remuera,Four Square St Heliers",10,111.3,180,291.3,770.0,81.3,420.1,1190.1,3
Mon_00647,Monday,"Four Square Remuera,New World Ormiston",11,93.4,198,291.4,770.0,81.4,420.56,1190.56,2
Mon_00648,Monday,"New World Remuera,Four Square Eden Terrace",13,57.5,234,291.5,770.0,81.5,420.88,1190.88,2
Mon_00649,Monday,"Four Square Botany Junction,New World Metro Queen St,Four Square Eden Terrace",11,93.6,198,291.6,770.0,81.6,421.52,1191.52,3
Mon_00650,Monday,"Four Square Pakuranga Heights,Four Square Torbay,New World Metro Shore City",8,147.6,144,291.6,770.0,81.6,421.57,1191.57,3
Mon_00651,Monday,"New World Metro Queen St,Four Square Cockle Bay,Four Square Botany Junction",10,111.6,180,291.6,770.0,81.6,421.81,1191.81,3
Mon_00652,Monday,"Four Square Pakuranga Heights,Four Square Ellerslie,New World New Lynn",11,93.7,198,291.7,770.0,81.7,421.87,1191.87,3
Mon_00653,Monday,"Four Square Onehunga,Four Square Remuera,Four Square Pakuranga Heights,Four Square Botany Junction",11,93.7,198,291.7,770.0,81.7,421.91,1191.91,4
Mon_00654,Monday,"Four Square Onehunga,New World Metro Queen St,Four Square Hobsonville",11,93.7,198,291.7,770.0,81.7,421.96,1191.96,3
Mon_00655,Monday,"Four Square Ellerslie,Four Square Remuera,New World New Lynn",12,75.7,216,291.7,770.0,81.7,422.04,1192.04,3
Mon_00656,Monday,"Four Square Fair Price Henderson,Pak 'n Save Wairau Road",11,93.8,198,291.8,770.0,81.8,422.85,1192.85,2
Mon_00657,Monday,"Four Square Britomart,New World Metro Shore City,New World New Lynn",11,93.8,198,291.8,770.0,81.8,422.88,1192.88,3
Mon_00658,Monday,"Four Square Fair Price Henderson,Four Square Ellerslie,Four Square St Heliers",10,112.2,180,292.2,770.0,82.2,424.6,1194.6,3
Mon_00659,Monday,"Four Square Cockle Bay,Four Square Ellerslie,Four Square Fair Price Henderson",9,130.2,162,292.2,770.0,82.2,424.81,1194.81,3
Mon_00660,Monday,"Four Square Lancaster,Four Square Torbay,New World Metro Shore City",9,130.2,162,292.2,770.0,82.2,424.83,1194.83,3
Mon_00661,Monday,"Four Square Botany Junction,Four Square Eden Terrace,Four Square Glen Eden",10,112.4,180,292.4,770.0,82.4,425.54,1195.54,3
Mon_00662,Monday,"Four Square Britomart,Four Square St Heliers,Four Square Glen Eden",10,112.4,180,292.4,770.0,82.4,425.75,1195.75,3
Mon_00663,Monday,"Four Square Cockle Bay,New World Papatoetoe",11,94.5,198,292.5,770.0,82.5,426.43,1196.43,2
Mon_00664,Monday,"Four Square Pakuranga Heights,Four Square Ellerslie,Four Square Remuera,Four Square Britomart",11,94.5,198,292.5,770.0,82.5,426.45,1196.45,4
Mon_00665,Monday,"Four Square Onehunga,Four Square Ellerslie,Four Square Remuera,Four Square Eden Terrace",13,58.6,234,292.6,770.0,82.6,426.93,1196.93,4
Mon_00666,Monday,"Four Square Cockle Bay,Four Square Remuera,New World Metro Queen St",10,112.7,180,292.7,770.0,82.7,427.17,1197.17,3
Mon_00667,Monday,"Four Square Cockle Bay,Four Square St Heliers,Four Square Onehunga",10,112.8,180,292.8,770.0,82.8,427.82,1197.82,3
Mon_00668,Monday,"Four Square Britomart,Four Square St Heliers,Four Square Botany Junction",10,112.9,180,292.9,770.0,82.9,428.25,1198.25,3
Mon_00669,Monday,"Four Square Pakuranga Heights,Four Square Lancaster,Four Square Glen Eden",8,149.0,144,293.0,770.0,83.0,428.97,1198.97,3
Mon_00670,Monday,"Four Square Fair Price Henderson,Four Square Lancaster,New World Metro Queen St",10,113.0,180,293.0,770.0,83.0,429.05,1199.05,3
Mon_00671,Monday,"Four Square Lancaster,Four Square Ellerslie,Four Square Glen Eden",9,131.2,162,293.2,770.0,83.2,429.74,1199.74,3
Mon_00672,Monday,"Four Square Lancaster,Four Square Remuera,Four Square Glen Eden",9,131.3,162,293.3,770.0,83.3,430.47,1200.47,3
Mon_00673,Monday,"Four Square Fair Price Henderson,Four Square Cockle Bay,Four Square Botany Junction",9,131.3,162,293.3,770.0,83.3,430.6,1200.6,3
Mon_00674,Monday,"New World Metro Shore City,New World Metro Queen St,Four Square St Heliers",10,113.4,180,293.4,770.0,83.4,431.02,1201.02,3
Mon_00675,Monday,"Four Square Fair Price Henderson,Four Square Britomart,Four Square St Heliers",10,113.4,180,293.4,770.0,83.4,431.1,1201.1,3
Mon_00676,Monday,"Four Square Pakuranga Heights,New World Stonefields,Four Square Onehunga",12,77.5,216,293.5,770.0,83.5,431.5,1201.5,3
Mon_00677,Monday,"Four Square Onehunga,Four Square Ellerslie,Four Square Pakuranga Heights,New World Metro Shore City",10,113.6,180,293.6,770.0,83.6,431.68,1201.68,4
Mon_00678,Monday,"Four Square Cockle Bay,Four Square Pakuranga Heights,Four Square Ellerslie,Four Square Onehunga",11,95.6,198,293.6,770.0,83.6,431.69,1201.69,4
Mon_00679,Monday,"Four Square Lancaster,New World Hobsonville",11,95.6,198,293.6,770.0,83.6,431.73,1201.73,2
Mon_00680,Monday,"Four Square Cockle Bay,Four Square Remuera,Four Square Glen Eden",9,131.6,162,293.6,770.0,83.6,431.74,1201.74,3
Mon_00681,Monday,"Four Square Onehunga,Four Square Remuera,Four Square Britomart,New World Metro Shore City",11,95.6,198,293.6,770.0,83.6,431.81,1201.81,4
Mon_00682,Monday,"Pak 'n Save Manukau,Four Square Remuera",12,77.6,216,293.6,770.0,83.6,431.9,1201.9,2
Mon_00683,Monday,"Four Square Cockle Bay,Four Square Lancaster,New World Metro Shore City",8,149.6,144,293.6,770.0,83.6,432.08,1202.08,3
Mon_00684,Monday,"Four Square Cockle Bay,New World Ormiston",11,95.7,198,293.7,770.0,83.7,432.42,1202.42,2
Mon_00685,Monday,"Pak 'n Save Albany,New World Metro Shore City",11,95.9,198,293.9,770.0,83.9,433.63,1203.63,2
Mon_00686,Monday,"Four Square Lancaster,Four Square Botany Junction,Four Square Onehunga",9,132.0,162,294.0,770.0,84.0,434.07,1204.07,3
Mon_00687,Monday,"New World Birkenhead,Four Square Hobsonville",11,96.1,198,294.1,770.0,84.1,434.67,1204.67,2
Mon_00688,Monday,"Four Square Fair Price Henderson,Four Square Lancaster,Four Square Eden Terrace",10,114.2,180,294.2,770.0,84.2,435.12,1205.12,3
Mon_00689,Monday,"Four Square Botany Junction,Four Square Eden Terrace,Four Square Fair Price Henderson",10,114.2,180,294.2,770.0,84.2,435.18,1205.18,3
Mon_00690,Monday,"Four Square Pakuranga Heights,Four Square Eden Terrace,Four Square Hobsonville",10,114.2,180,294.2,770.0,84.2,435.29,1205.29,3
Mon_00691,Monday,"Four Square Hobsonville,New World Devonport",10,114.3,180,294.3,770.0,84.3,435.67,1205.67,2
Mon_00692,Monday,"Four Square Pakuranga Heights,Four Square Lancaster,Four Square Hobsonville",9,132.4,162,294.4,770.0,84.4,435.99,1205.99,3
Mon_00693,Monday,"Four Square Onehunga,New World Botany",12,78.6,216,294.6,770.0,84.6,437.29,1207.29,2
Mon_00694,Monday,"New World Howick,New World Metro Queen St",11,96.7,198,294.7,770.0,84.7,437.46,1207.46,2
Mon_00695,Monday,"Four Square Pakuranga Heights,Four Square Hobsonville,Four Square Glen Eden",9,132.7,162,294.7,770.0,84.7,437.74,1207.74,3
Mon_00696,Monday,"Four Square Onehunga,Four Square Pakuranga Heights,Four Square Remuera,Four Square Britomart",11,96.8,198,294.8,770.0,84.8,437.99,1207.99,4
Mon_00697,Monday,"New World Green Bay,Four Square Ellerslie,Four Square Remuera",12,78.8,216,294.8,770.0,84.8,438.12,1208.12,3
Mon_00698,Monday,"Four Square Pakuranga Heights,Four Square Remuera,New World New Lynn",11,96.9,198,294.9,770.0,84.9,438.44,1208.44,3
Mon_00699,Monday,"Four Square Ellerslie,Four Square Torbay,New World Metro Shore City",9,132.9,162,294.9,770.0,84.9,438.65,1208.65,3
Mon_00700,Monday,"New World Mt Roskill,Four Square Pakuranga Heights,Four Square Ellerslie",12,78.9,216,294.9,770.0,84.9,438.84,1208.84,3
Mon_00701,Monday,"Four Square Cockle Bay,New World Metro Queen St,New World Metro Shore City",9,132.9,162,294.9,770.0,84.9,438.9,1208.9,3
Mon_00702,Monday,"New World Green Bay,Four Square Britomart,New World Metro Shore City",11,97.0,198,295.0,770.0,85.0,438.96,1208.96,3
Mon_00703,Monday,"New World Mt Roskill,Four Square Ellerslie,Four Square Remuera",13,61.0,234,295.0,770.0,85.0,439.01,1209.01,3
Mon_00704,Monday,"Four Square Remuera,Four Square Torbay,New World Metro Shore City",9,133.0,162,295.0,770.0,85.0,439.37,1209.37,3
Mon_00705,Monday,"Four Square Glen Eden,Four Square Torbay,New World Metro Shore City",9,133.1,162,295.1,770.0,85.1,439.47,1209.47,3
Mon_00706,Monday,"New World Mt Roskill,Four Square Britomart,New World Metro Shore City",12,79.1,216,295.1,770.0,85.1,439.85,1209.85,3
Mon_00707,Monday,"Four Square Botany Junction,Four Square Britomart,Four Square Lancaster",9,133.3,162,295.3,770.0,85.3,440.47,1210.47,3
Mon_00708,Monday,"Four Square Lancaster,Four Square Remuera,Four Square Botany Junction",9,133.3,162,295.3,770.0,85.3,440.47,1210.47,3
Mon_00709,Monday,Pak 'n Save Highland Park,12,79.3,216,295.3,770.0,85.3,440.75,1210.75,1
Mon_00710,Monday,"Four Square Cockle Bay,Four Square Remuera,Four Square Fair Price Henderson",9,133.4,162,295.4,770.0,85.4,441.38,1211.38,3
Mon_00711,Monday,"New World Mt Roskill,Four Square Pakuranga Heights,Four Square Botany Junction",12,79.5,216,295.5,770.0,85.5,441.75,1211.75,3
Mon_00712,Monday,"New World Albany,New World Metro Shore City",11,97.5,198,295.5,770.0,85.5,441.93,1211.93,2
Mon_00713,Monday,"Four Square Cockle Bay,New World Newmarket",11,97.6,198,295.6,770.0,85.6,442.13,1212.13,2
Mon_00714,Monday,"Four Square Glen Eden,Four Square Hobsonville,Four Square Ellerslie",10,115.6,180,295.6,770.0,85.6,442.4,1212.4,3
Mon_00715,Monday,"Four Square Onehunga,Four Square Pakuranga Heights,Four Square Cockle Bay,Four Square Botany Junction",11,97.6,198,295.6,770.0,85.6,442.4,1212.4,4
Mon_00716,Monday,"Four Square Onehunga,Four Square Ellerslie,New World Stonefields",13,61.7,234,295.7,770.0,85.7,442.85,1212.85,3
Mon_00717,Monday,"Four Square Pakuranga Heights,Four Square Ellerslie,New World Green Bay",11,97.8,198,295.8,770.0,85.8,443.1,1213.1,3
Mon_00718,Monday,"Four Square Glen Eden,Four Square Hobsonville,Four Square Remuera",10,115.8,180,295.8,770.0,85.8,443.13,1213.13,3
Mon_00719,Monday,"Four Square Pakuranga Heights,Four Square Ellerslie,Four Square Remuera,New World Metro Shore City",10,115.8,180,295.8,770.0,85.8,443.47,1213.47,4
Mon_00720,Monday,"Pak 'n Save Wairau Road,New World Metro Queen St",12,79.9,216,295.9,770.0,85.9,443.65,1213.65,2
Mon_00721,Monday,"Four Square Cockle Bay,Four Square Pakuranga Heights,Four Square Hobsonville",9,133.9,162,295.9,770.0,85.9,443.77,1213.77,3
Mon_00722,Monday,"Four Square Fair Price Henderson,New World Long Bay",10,115.9,180,295.9,770.0,85.9,443.94,1213.94,2
Mon_00723,Monday,"Four Square Torbay,Four Square Ellerslie,Four Square Onehunga",10,116.0,180,296.0,770.0,86.0,444.43,1214.43,3
Mon_00724,Monday,"Four Square Cockle Bay,Four Square Britomart,Four Square Glen Eden",9,134.2,162,296.2,770.0,86.2,445.17,1215.17,3
Mon_00725,Monday,"Four Square Cockle Bay,Four Square St Heliers,Four Square Remuera",10,116.2,180,296.2,770.0,86.2,445.2,1215.2,3
Mon_00726,Monday,"New World Botany,Four Square Botany Junction",12,80.4,216,296.4,770.0,86.4,446.31,1216.31,2
Mon_00727,Monday,"Four Square Onehunga,Four Square Pakuranga Heights,Four Square Britomart,New World Metro Shore City",10,116.4,180,296.4,770.0,86.4,446.33,1216.33,4
Mon_00728,Monday,"Four Square Glen Eden,Four Square Hobsonville,Four Square Eden Terrace",11,98.5,198,296.5,770.0,86.5,446.89,1216.89,3
Mon_00729,Monday,"New World Newmarket,Four Square St Heliers",12,80.5,216,296.5,770.0,86.5,447.05,1217.05,2
Mon_00730,Monday,"Four Square Remuera,Four Square Ellerslie,Four Square Pakuranga Heights,Four Square Botany Junction",11,98.5,198,296.5,770.0,86.5,447.09,1217.09,4
Mon_00731,Monday,"Four Square Hobsonville,Four Square Ellerslie,Four Square Eden Terrace",11,98.7,198,296.7,770.0,86.7,448.09,1218.09,3
Mon_00732,Monday,"Four Square Hobsonville,Four Square Remuera,Four Square Eden Terrace",11,98.9,198,296.9,770.0,86.9,448.81,1218.81,3
Mon_00733,Monday,"Four Square Hobsonville,New World Metro Shore City,Four Square Botany Junction",9,134.9,162,296.9,770.0,86.9,449.17,1219.17,3
Mon_00734,Monday,"Four Square Pakuranga Heights,Four Square Botany Junction,New World New Lynn",11,99.1,198,297.1,770.0,87.1,449.81,1219.81,3
Mon_00735,Monday,"Four Square Britomart,Four Square Glen Eden,New World Green Bay",12,81.1,216,297.1,770.0,87.1,450.23,1220.23,3
Mon_00736,Monday,"Four Square Onehunga,New World Stonefields,Four Square Remuera",13,63.2,234,297.2,770.0,87.2,450.68,1220.68,3
Mon_00737,Monday,"Four Square Fair Price Henderson,Four Square Hobsonville,New World Metro Queen St",11,99.3,198,297.3,770.0,87.3,451.03,1221.03,3
Mon_00738,Monday,"Four Square Cockle Bay,New World Metro Shore City,Four Square Eden Terrace",9,135.4,162,297.4,770.0,87.4,451.72,1221.72,3
Mon_00739,Monday,"Four Square Britomart,Four Square Glen Eden,New World New Lynn",12,81.4,216,297.4,770.0,87.4,451.8,1221.8,3
Mon_00740,Monday,"Four Square Pakuranga Heights,Four Square Britomart,New World New Lynn",11,99.5,198,297.5,770.0,87.5,451.88,1221.88,3
Mon_00741,Monday,"New World Metro Shore City,Four Square Remuera,Four Square Pakuranga Heights,Four Square Onehunga",10,117.6,180,297.6,770.0,87.6,452.38,1222.38,4
Mon_00742,Monday,"Four Square Cockle Bay,Four Square Fair Price Henderson,Four Square Glen Eden",9,135.7,162,297.7,770.0,87.7,453.05,1223.05,3
Mon_00743,Monday,"Four Square Ellerslie,Four Square Lancaster,Four Square Hobsonville",10,117.7,180,297.7,770.0,87.7,453.07,1223.07,3
Mon_00744,Monday,"Four Square Remuera,Four Square Lancaster,Four Square Hobsonville",10,117.8,180,297.8,770.0,87.8,453.8,1223.8,3
Mon_00745,Monday,"Four Square Cockle Bay,Four Square Britomart,Four Square Fair Price Henderson",9,136.0,162,298.0,770.0,88.0,454.81,1224.81,3
Mon_00746,Monday,"Four Square Britomart,New World Metro Queen St,Four Square Ellerslie,Four Square Onehunga",13,64.0,234,298.0,770.0,88.0,454.92,1224.92,4
Mon_00747,Monday,"Four Square Lancaster,Four Square Hobsonville,Four Square Glen Eden",10,118.1,180,298.1,770.0,88.1,454.94,1224.94,3
Mon_00748,Monday,"Four Square Onehunga,Four Square Torbay,Four Square Britomart",10,118.1,180,298.1,770.0,88.1,455.06,1225.06,3
Mon_00749,Monday,"New World Mt Roskill,Four Square Pakuranga Heights,Four Square Remuera",12,82.1,216,298.1,770.0,88.1,455.41,1225.41,3
Mon_00750,Monday,"Four Square Cockle Bay,Four Square St Heliers,Four Square Britomart",10,118.4,180,298.4,770.0,88.4,456.52,1226.52,3
Mon_00751,Monday,"New World Remuera,New World Metro Queen St",13,64.7,234,298.7,770.0,88.7,458.17,1228.17,2
Mon_00752,Monday,"Four Square Pakuranga Heights,New World Stonefields,Four Square Remuera",12,82.7,216,298.7,770.0,88.7,458.19,1228.19,3
Mon_00753,Monday,"New World Eastridge,Four Square St Heliers",12,82.7,216,298.7,770.0,88.7,458.24,1228.24,2
Mon_00754,Monday,"Four Square Lancaster,New World Metro Shore City,Four Square St Heliers",9,136.8,162,298.8,770.0,88.8,458.77,1228.77,3
Mon_00755,Monday,"Four Square Hobsonville,Four Square Torbay,New World Metro Shore City",10,118.9,180,298.9,770.0,88.9,459.44,1229.44,3
Mon_00756,Monday,"Four Square Pakuranga Heights,Four Square Botany Junction,New World Green Bay",11,100.9,198,298.9,770.0,88.9,459.52,1229.52,3
Mon_00757,Monday,"Four Square Pakuranga Heights,Four Square Remuera,New World Green Bay",11,101.0,198,299.0,770.0,89.0,459.67,1229.67,3
Mon_00758,Monday,"Four Square Lancaster,New World Metro Queen St,Four Square Glen Eden",10,119.0,180,299.0,770.0,89.0,459.86,1229.86,3
Mon_00759,Monday,"Four Square Britomart,New World Metro Queen St,New World New Lynn",13,65.2,234,299.2,770.0,89.2,461.06,1231.06,3
Mon_00760,Monday,"New World Metro Shore City,Four Square Glen Eden,New World Green Bay",11,101.3,198,299.3,770.0,89.3,461.5,1231.5,3
Mon_00761,Monday,"Four Square Cockle Bay,New World Metro Shore City,Four Square Glen Eden",8,155.5,144,299.5,770.0,89.5,462.19,1232.19,3
Mon_00762,Monday,"New World Howick,Four Square Pakuranga Heights,Four Square Onehunga",12,83.5,216,299.5,770.0,89.5,462.33,1232.33,3
Mon_00763,Monday,"Four Square Cockle Bay,Four Square St Heliers,Four Square Ellerslie",10,119.6,180,299.6,770.0,89.6,462.75,1232.75,3
Mon_00764,Monday,"Four Square Botany Junction,New World Metro Queen St,Four Square Glen Eden",10,119.6,180,299.6,770.0,89.6,462.83,1232.83,3
Mon_00765,Monday,"New World Metro Shore City,Four Square Glen Eden,New World New Lynn",11,101.6,198,299.6,770.0,89.6,463.06,1233.06,3
Mon_00766,Monday,"Four Square Pakuranga Heights,New World Long Bay",9,137.7,162,299.7,770.0,89.7,463.3,1233.3,2
Mon_00767,Monday,"New World Metro Shore City,Four Square St Heliers,Four Square Eden Terrace",10,119.8,180,299.8,770.0,89.8,463.87,1233.87,3
Mon_00768,Monday,"Four Square Onehunga,Four Square Ellerslie,Four Square Remuera,New World Metro Queen St",13,65.8,234,299.8,770.0,89.8,464.22,1234.22,4
Mon_00769,Monday,"Four Square Torbay,Four Square Remuera,Four Square Onehunga",10,120.0,180,300.0,770.0,90.0,465.02,1235.02,3
Mon_00770,Monday,"New World Browns Bay,Four Square Britomart",11,102.1,198,300.1,770.0,90.1,465.42,1235.42,2
Mon_00771,Monday,"Four Square Eden Terrace,Four Square Ellerslie,Four Square Pakuranga Heights,Four Square Onehunga",12,84.1,216,300.1,770.0,90.1,465.76,1235.76,4
Mon_00772,Monday,"New World Metro Queen St,Four Square Torbay,New World Metro Shore City",10,120.2,180,300.2,770.0,90.2,465.82,1235.82,3
Mon_00773,Monday,"Four Square Lancaster,Four Square Eden Terrace,Four Square Glen Eden",10,120.2,180,300.2,770.0,90.2,465.93,1235.93,3
Mon_00774,Monday,"New World Metro Shore City,Four Square Britomart,Four Square Ellerslie,Four Square Remuera",11,102.2,198,300.2,770.0,90.2,466.2,1236.2,4
Mon_00775,Monday,"Four Square Pakuranga Heights,New World Stonefields,Four Square Ellerslie",12,84.3,216,300.3,770.0,90.3,466.43,1236.43,3
Mon_00776,Monday,"Four Square Lancaster,New World Long Bay",10,120.3,180,300.3,770.0,90.3,466.57,1236.57,2
Mon_00777,Monday,"New World Long Bay,Four Square Ellerslie",10,120.3,180,300.3,770.0,90.3,466.63,1236.63,2
Mon_00778,Monday,"Four Square Britomart,Four Square Ellerslie,New World New Lynn",12,84.3,216,300.3,770.0,90.3,466.65,1236.65,3
Mon_00779,Monday,"New World Long Bay,Four Square Remuera",10,120.5,180,300.5,770.0,90.5,467.35,1237.35,2
Mon_00780,Monday,"Four Square Britomart,Four Square Remuera,New World New Lynn",12,84.5,216,300.5,770.0,90.5,467.38,1237.38,3
Mon_00781,Monday,"Four Square Cockle Bay,Four Square Pakuranga Heights,Four Square Remuera,Four Square Onehunga",11,102.6,198,300.6,770.0,90.6,468.12,1238.12,4
Mon_00782,Monday,"Four Square Pakuranga Heights,Four Square Ellerslie,Four Square Britomart,New World Metro Shore City",10,120.6,180,300.6,770.0,90.6,468.28,1238.28,4
Mon_00783,Monday,"Four Square Onehunga,Four Square Ellerslie,Four Square Remuera,Four Square Glen Eden",12,84.7,216,300.7,770.0,90.7,468.78,1238.78,4
Mon_00784,Monday,"New World Mt Roskill,Four Square Pakuranga Heights,Four Square Britomart",12,84.7,216,300.7,770.0,90.7,468.85,1238.85,3
Mon_00785,Monday,"Four Square Pakuranga Heights,New World Metro Shore City,New World New Lynn",10,120.8,180,300.8,770.0,90.8,468.9,1238.9,3
Mon_00786,Monday,"Four Square Onehunga,Four Square Remuera,New World Metro Queen St,Four Square Britomart",13,66.8,234,300.8,770.0,90.8,469.13,1239.13,4
Mon_00787,Monday,"Four Square Fair Price Henderson,New World Metro Queen St,Four Square Botany Junction",10,121.3,180,301.3,770.0,91.3,471.67,1241.67,3
Mon_00788,Monday,"Four Square Fair Price Henderson,Pak 'n Save Westgate",13,67.3,234,301.3,770.0,91.3,471.68,1241.68,2
Mon_00789,Monday,"Four Square Cockle Bay,New World Metro Shore City,Four Square Fair Price Henderson",8,157.3,144,301.3,770.0,91.3,471.83,1241.83,3
Mon_00790,Monday,"Four Square Pakuranga Heights,New World Metro Queen St,Four Square Hobsonville",10,121.5,180,301.5,770.0,91.5,472.58,1242.58,3
Mon_00791,Monday,"Four Square Pakuranga Heights,Four Square Ellerslie,Four Square Remuera,Four Square Eden Terrace",12,85.5,216,301.5,770.0,91.5,472.61,1242.61,4
Mon_00792,Monday,"New World Remuera,Four Square Botany Junction",12,85.5,216,301.5,770.0,91.5,472.73,1242.73,2
Mon_00793,Monday,"Four Square Pakuranga Heights,Four Square Britomart,New World Green Bay",11,103.6,198,301.6,770.0,91.6,473.1,1243.1,3
Mon_00794,Monday,"Four Square Botany Junction,Four Square Cockle Bay,Four Square St Heliers",10,121.7,180,301.7,770.0,91.7,473.64,1243.64,3
Mon_00795,Monday,"Four Square Pakuranga Heights,Four Square Glen Eden,New World Green Bay",11,103.8,198,301.8,770.0,91.8,474.14,1244.14,3
Mon_00796,Monday,"Pak 'n Save Wairau Road,Four Square Hobsonville",12,85.9,216,301.9,770.0,91.9,474.75,1244.75,2
Mon_00797,Monday,"Four Square Hobsonville,Four Square Ellerslie,Four Square Botany Junction",10,121.9,180,301.9,770.0,91.9,474.8,1244.8,3
Mon_00798,Monday,"Four Square Onehunga,New World Devonport,New World Metro Shore City",11,104.0,198,302.0,770.0,92.0,475.36,1245.36,3
Mon_00799,Monday,"New World Victoria Park,Four Square Lancaster",12,86.1,216,302.1,770.0,92.1,475.65,1245.65,2
Mon_00800,Monday,"Four Square Pakuranga Heights,Four Square Glen Eden,New World New Lynn",11,104.1,198,302.1,770.0,92.1,475.7,1245.7,3
Mon_00801,Monday,"Four Square Onehunga,Four Square Remuera,Four Square Ellerslie,Four Square Botany Junction",12,86.1,216,302.1,770.0,92.1,475.81,1245.81,4
Mon_00802,Monday,"Four Square Onehunga,Four Square Cockle Bay,Four Square Lancaster",9,140.2,162,302.2,770.0,92.2,476.41,1246.41,3
Mon_00803,Monday,"Four Square Torbay,New World Metro Shore City,Four Square Eden Terrace",10,122.2,180,302.2,770.0,92.2,476.53,1246.53,3
Mon_00804,Monday,"Four Square Eden Terrace,Four Square Britomart,Four Square Ellerslie,Four Square Onehunga",13,68.2,234,302.2,770.0,92.2,476.6,1246.6,4
Mon_00805,Monday,"New World Green Bay,Four Square Britomart,New World Metro Queen St",13,68.4,234,302.4,770.0,92.4,477.14,1247.14,3
Mon_00806,Monday,"Four Square Britomart,Four Square Ellerslie,Four Square Pakuranga Heights,Four Square Botany Junction",11,104.5,198,302.5,770.0,92.5,478.02,1248.02,4
Mon_00807,Monday,"New World Mt Roskill,Four Square Britomart,New World Metro Queen St",14,50.5,252,302.5,770.0,92.5,478.03,1248.03,3
Mon_00808,Monday,"Four Square Onehunga,Four Square Ellerslie,Four Square Remuera,Four Square Fair Price Henderson",12,86.6,216,302.6,770.0,92.6,478.42,1248.42,4
Mon_00809,Monday,"Four Square Pakuranga Heights,Pak 'n Save Papakura",11,104.7,198,302.7,770.0,92.7,479.12,1249.12,2
Mon_00810,Monday,"Four Square Glen Eden,Four Square Fair Price Henderson,Four Square St Heliers",10,122.9,180,302.9,770.0,92.9,479.79,1249.79,3
Mon_00811,Monday,"Four Square Onehunga,New World Metro Queen St,Four Square Britomart,New World Metro Shore City",12,86.9,216,302.9,770.0,92.9,479.91,1249.91,4
Mon_00812,Monday,"Four Square Britomart,New World Devonport,New World Metro Shore City",11,104.9,198,302.9,770.0,92.9,479.96,1249.96,3
Mon_00813,Monday,"Four Square Torbay,Four Square Pakuranga Heights,Four Square Onehunga",9,140.9,162,302.9,770.0,92.9,480.12,1250.12,3
Mon_00814,Monday,"New World Metro Queen St,Four Square Lancaster,Four Square Hobsonville",11,104.9,198,302.9,770.0,92.9,480.24,1250.24,3
Mon_00815,Monday,"Four Square Britomart,Four Square Eden Terrace,New World New Lynn",13,69.0,234,303.0,770.0,93.0,480.3,1250.3,3
Mon_00816,Monday,"New World Metro Shore City,Four Square Ellerslie,New World New Lynn",11,105.0,198,303.0,770.0,93.0,480.59,1250.59,3
Mon_00817,Monday,"Four Square Pakuranga Heights,Four Square St Heliers,Four Square Lancaster",9,141.0,162,303.0,770.0,93.0,480.74,1250.74,3
Mon_00818,Monday,"Four Square Onehunga,New World Metro Shore City,New World Milford",12,87.1,216,303.1,770.0,93.1,481.09,1251.09,3
Mon_00819,Monday,"Four Square Cockle Bay,Four Square Pakuranga Heights,Four Square Ellerslie,Four Square Remuera",11,105.1,198,303.1,770.0,93.1,481.09,1251.09,4
Mon_00820,Monday,"New World Metro Shore City,Four Square Remuera,New World New Lynn",11,105.2,198,303.2,770.0,93.2,481.31,1251.31,3
Mon_00821,Monday,"Four Square Eden Terrace,New World Metro Queen St,Four Square St Heliers",12,87.2,216,303.2,770.0,93.2,481.73,1251.73,3
Mon_00822,Monday,"New World Green Bay,Four Square Britomart,Four Square Ellerslie",12,87.4,216,303.4,770.0,93.4,482.74,1252.74,3
Mon_00823,Monday,"Four Square Ellerslie,New World Stonefields,Four Square Remuera",13,69.5,234,303.5,770.0,93.5,483.05,1253.05,3
Mon_00824,Monday,"New World Green Bay,Four Square Britomart,Four Square Remuera",12,87.6,216,303.6,770.0,93.6,483.46,1253.46,3
Mon_00825,Monday,"New World Mt Roskill,Four Square Britomart,Four Square Ellerslie",13,69.6,234,303.6,770.0,93.6,483.63,1253.63,3
Mon_00826,Monday,"Four Square Onehunga,Four Square Pakuranga Heights,New World Metro Queen St,Four Square Britomart",12,87.6,216,303.6,770.0,93.6,483.65,1253.65,4
Mon_00827,Monday,"Four Square Onehunga,Four Square Pakuranga Heights,Four Square Remuera,Four Square Eden Terrace",12,87.7,216,303.7,770.0,93.7,484.14,1254.14,4
Mon_00828,Monday,"New World Mt Roskill,Four Square Britomart,Four Square Remuera",13,69.7,234,303.7,770.0,93.7,484.35,1254.35,3
Mon_00829,Monday,"Four Square Onehunga,Four Square Pakuranga Heights,Four Square Botany Junction,Four Square Britomart",11,105.8,198,303.8,770.0,93.8,484.63,1254.63,4
Mon_00830,Monday,"Four Square Pakuranga Heights,Four Square Remuera,Four Square Britomart,New World Metro Shore City",10,123.8,180,303.8,770.0,93.8,484.85,1254.85,4
Mon_00831,Monday,"Four Square Hobsonville,Four Square Ellerslie,New World Metro Queen St",11,105.9,198,303.9,770.0,93.9,485.37,1255.37,3
Mon_00832,Monday,"Four Square Britomart,New World Metro Shore City,New World Milford",12,88.0,216,304.0,770.0,94.0,485.69,1255.69,3
Mon_00833,Monday,"New World Mt Roskill,Four Square Pakuranga Heights,New World Metro Shore City",11,106.0,198,304.0,770.0,94.0,485.87,1255.87,3
Mon_00834,Monday,"Four Square Hobsonville,Four Square Remuera,New World Metro Queen St",11,106.1,198,304.1,770.0,94.1,486.1,1256.1,3
Mon_00835,Monday,"Four Square Fair Price Henderson,Four Square Torbay,Four Square Britomart",10,124.1,180,304.1,770.0,94.1,486.31,1256.31,3
Mon_00836,Monday,"Four Square Lancaster,Four Square Britomart,Four Square St Heliers",10,124.2,180,304.2,770.0,94.2,486.89,1256.89,3
Mon_00837,Monday,"Four Square Onehunga,Four Square St Heliers,Four Square Lancaster",10,124.2,180,304.2,770.0,94.2,486.9,1256.9,3
Mon_00838,Monday,"New World Howick,Four Square St Heliers",11,106.3,198,304.3,770.0,94.3,487.09,1257.09,2
Mon_00839,Monday,"Four Square Cockle Bay,New World Metro Queen St,Four Square Eden Terrace",11,106.3,198,304.3,770.0,94.3,487.3,1257.3,3
Mon_00840,Monday,"Four Square Fair Price Henderson,New World Metro Shore City,Four Square St Heliers",9,142.3,162,304.3,770.0,94.3,487.46,1257.46,3
Mon_00841,Monday,"Four Square Glen Eden,Four Square Hobsonville,New World Metro Queen St",11,106.5,198,304.5,770.0,94.5,488.3,1258.3,3
Mon_00842,Monday,"New World Metro Shore City,Four Square St Heliers,Four Square Glen Eden",9,142.6,162,304.6,770.0,94.6,488.88,1258.88,3
Mon_00843,Monday,"Four Square Onehunga,Four Square Remuera,Four Square Britomart,Four Square Eden Terrace",13,70.7,234,304.7,770.0,94.7,489.23,1259.23,4
Mon_00844,Monday,"Four Square Fair Price Henderson,Four Square Torbay,Four Square Onehunga",10,124.7,180,304.7,770.0,94.7,489.46,1259.46,3
Mon_00845,Monday,"Four Square Pakuranga Heights,New World Metro Shore City,New World Green Bay",10,124.9,180,304.9,770.0,94.9,490.12,1260.12,3
Mon_00846,Monday,"New World Long Bay,Four Square Torbay",11,107.0,198,305.0,770.0,95.0,490.95,1260.95,2
Mon_00847,Monday,"Four Square Ellerslie,Four Square Glen Eden,New World Green Bay",12,89.1,216,305.1,770.0,95.1,491.22,1261.22,3
Mon_00848,Monday,"Four Square Cockle Bay,Four Square Eden Terrace,Four Square Glen Eden",10,125.1,180,305.1,770.0,95.1,491.33,1261.33,3
Mon_00849,Monday,"New World Metro Shore City,Four Square St Heliers,Four Square Botany Junction",9,143.1,162,305.1,770.0,95.1,491.38,1261.38,3
Mon_00850,Monday,"Four Square Pakuranga Heights,Pak 'n Save Glen Innes",12,89.2,216,305.2,770.0,95.2,491.79,1261.79,2
Mon_00851,Monday,"Four Square Remuera,Four Square Glen Eden,New World Green Bay",12,89.2,216,305.2,770.0,95.2,491.94,1261.94,3
Mon_00852,Monday,"New World Metro Shore City,Four Square Ellerslie,Four Square Pakuranga Heights,Four Square Botany Junction",10,125.2,180,305.2,770.0,95.2,491.95,1261.95,4
Mon_00853,Monday,"Four Square Hobsonville,Four Square Lancaster,Four Square Eden Terrace",11,107.3,198,305.3,770.0,95.3,492.35,1262.35,3
Mon_00854,Monday,"Four Square Lancaster,Four Square Remuera,Four Square St Heliers",10,125.3,180,305.3,770.0,95.3,492.55,1262.55,3
Mon_00855,Monday,"Four Square Ellerslie,New World Botany",12,89.5,216,305.5,770.0,95.5,493.29,1263.29,2
Mon_00856,Monday,"Four Square Pakuranga Heights,New World Papakura",11,107.5,198,305.5,770.0,95.5,493.41,1263.41,2
Mon_00857,Monday,"Four Square Torbay,Four Square Ellerslie,Four Square Remuera",10,125.6,180,305.6,770.0,95.6,493.83,1263.83,3
Mon_00858,Monday,"Four Square Hobsonville,Four Square Eden Terrace,New World Metro Queen St",12,89.7,216,305.7,770.0,95.7,494.37,1264.37,3
Mon_00859,Monday,"Pak 'n Save Westgate,New World Metro Shore City",12,89.9,216,305.9,770.0,95.9,495.52,1265.52,2
Mon_00860,Monday,"New World Long Bay,Four Square Hobsonville",11,108.1,198,306.1,770.0,96.1,496.36,1266.36,2
Mon_00861,Monday,"New World Green Bay,Four Square Britomart,Four Square Eden Terrace",13,72.1,234,306.1,770.0,96.1,496.39,1266.39,3
Mon_00862,Monday,"Four Square Onehunga,Four Square Ellerslie,New World Mt Albert",14,54.1,252,306.1,770.0,96.1,496.49,1266.49,3
Mon_00863,Monday,"New World Green Bay,New World Metro Shore City,Four Square Ellerslie",11,108.1,198,306.1,770.0,96.1,496.67,1266.67,3
Mon_00864,Monday,"New World Long Bay,New World Metro Queen St",11,108.1,198,306.1,770.0,96.1,496.74,1266.74,2
Mon_00865,Monday,"Four Square Lancaster,Four Square Ellerslie,Four Square St Heliers",10,126.2,180,306.2,770.0,96.2,497.05,1267.05,3
Mon_00866,Monday,"Four Square Lancaster,New World Metro Shore City,New World New Lynn",11,108.2,198,306.2,770.0,96.2,497.13,1267.13,3
Mon_00867,Monday,"New World Mt Roskill,Four Square Britomart,Four Square Eden Terrace",14,54.2,252,306.2,770.0,96.2,497.28,1267.28,3
Mon_00868,Monday,"New World Green Bay,New World Metro Shore City,Four Square Remuera",11,108.3,198,306.3,770.0,96.3,497.39,1267.39,3
Mon_00869,Monday,"New World Mt Roskill,New World Metro Shore City,Four Square Ellerslie",12,90.3,216,306.3,770.0,96.3,497.56,1267.56,3
Mon_00870,Monday,"Four Square Pakuranga Heights,Four Square Eden Terrace,New World New Lynn",12,90.4,216,306.4,770.0,96.4,498.04,1268.04,3
Mon_00871,Monday,"New World Newmarket,Four Square Ellerslie,Four Square Onehunga",14,54.4,252,306.4,770.0,96.4,498.06,1268.06,3
Mon_00872,Monday,"Four Square Onehunga,Four Square Ellerslie,Four Square Pakuranga Heights,New World Metro Queen St",12,90.4,216,306.4,770.0,96.4,498.11,1268.11,4
Mon_00873,Monday,"Four Square Pakuranga Heights,Four Square Ellerslie,Four Square Onehunga,Four Square Glen Eden",11,108.4,198,306.4,770.0,96.4,498.15,1268.15,4
Mon_00874,Monday,"New World Mt Roskill,New World Metro Shore City,Four Square Remuera",12,90.4,216,306.4,770.0,96.4,498.28,1268.28,3
Mon_00875,Monday,"Four Square Cockle Bay,Four Square Ellerslie,Four Square Lancaster",9,144.5,162,306.5,770.0,96.5,498.37,1268.37,3
Mon_00876,Monday,"Four Square Ellerslie,Four Square Pakuranga Heights,Four Square Cockle Bay,Four Square Botany Junction",11,108.5,198,306.5,770.0,96.5,498.41,1268.41,4
Mon_00877,Monday,"Four Square Cockle Bay,New World Eastridge",11,108.5,198,306.5,770.0,96.5,498.56,1268.56,2
Mon_00878,Monday,"Four Square Fair Price Henderson,New World Browns Bay",11,108.8,198,306.8,770.0,96.8,500.39,1270.39,2
Mon_00879,Monday,"Four Square Hobsonville,Four Square Remuera,Four Square Botany Junction",10,126.9,180,306.9,770.0,96.9,500.67,1270.67,3
Mon_00880,Monday,"Four Square Cockle Bay,Four Square Eden Terrace,Four Square Fair Price Henderson",10,127.0,180,307.0,770.0,97.0,500.97,1270.97,3
Mon_00881,Monday,"Four Square Onehunga,Four Square Pakuranga Heights,Four Square Botany Junction,New World Metro Shore City",10,127.1,180,307.1,770.0,97.1,501.64,1271.64,4
Mon_00882,Monday,"Four Square Cockle Bay,New World Botany",12,91.1,216,307.1,770.0,97.1,501.88,1271.88,2
Mon_00883,Monday,"New World Southmall,Four Square Pakuranga Heights,Four Square Onehunga",12,91.2,216,307.2,770.0,97.2,502.38,1272.38,3
Mon_00884,Monday,"Four Square Onehunga,Four Square Ellerslie,Four Square Lancaster,New World Metro Shore City",11,109.3,198,307.3,770.0,97.3,502.61,1272.61,4
Mon_00885,Monday,"New World Long Bay,Four Square Eden Terrace",11,109.3,198,307.3,770.0,97.3,502.82,1272.82,2
Mon_00886,Monday,"Four Square Lancaster,Four Square Cockle Bay,Four Square Botany Junction",9,145.4,162,307.4,770.0,97.4,503.05,1273.05,3
Mon_00887,Monday,"Four Square Onehunga,Four Square Eden Terrace,Four Square Britomart,New World Metro Shore City",12,91.4,216,307.4,770.0,97.4,503.12,1273.12,4
Mon_00888,Monday,"Four Square Onehunga,New World Stonefields,Four Square Britomart",13,73.4,234,307.4,770.0,97.4,503.24,1273.24,3
Mon_00889,Monday,"Four Square Onehunga,Four Square Pakuranga Heights,Four Square Britomart,Four Square Eden Terrace",12,91.5,216,307.5,770.0,97.5,503.75,1273.75,4
Mon_00890,Monday,"Four Square Britomart,Four Square Remuera,Four Square Pakuranga Heights,Four Square Botany Junction",11,109.5,198,307.5,770.0,97.5,503.89,1273.89,4
Mon_00891,Monday,"Four Square Britomart,New World Metro Queen St,Four Square Ellerslie,Four Square Remuera",13,73.6,234,307.6,770.0,97.6,504.33,1274.33,4
Mon_00892,Monday,"New World Metro Shore City,New World Metro Queen St,Four Square Ellerslie,Four Square Onehunga",12,91.7,216,307.7,770.0,97.7,504.56,1274.56,4
Mon_00893,Monday,"Four Square Onehunga,Four Square Britomart,Four Square Lancaster,New World Metro Shore City",11,109.9,198,307.9,770.0,97.9,505.57,1275.57,4
Mon_00894,Monday,"Four Square Pakuranga Heights,Four Square Ellerslie,New World Metro Queen St,Four Square Britomart",12,91.9,216,307.9,770.0,97.9,505.61,1275.61,4
Mon_00895,Monday,"Four Square Pakuranga Heights,Four Square Torbay,Four Square Britomart",9,145.9,162,307.9,770.0,97.9,505.68,1275.68,3
Mon_00896,Monday,"Four Square Onehunga,Four Square Remuera,New World Mt Albert",14,55.9,252,307.9,770.0,97.9,505.69,1275.69,3
Mon_00897,Monday,"Four Square Onehunga,Four Square Cockle Bay,Four Square Pakuranga Heights,Four Square Britomart",11,109.9,198,307.9,770.0,97.9,506.06,1276.06,4
Mon_00898,Monday,"Four Square Cockle Bay,Four Square Britomart,Four Square Lancaster",9,146.0,162,308.0,770.0,98.0,506.26,1276.26,3
Mon_00899,Monday,"New World New Lynn,Four Square Fair Price Henderson,New World Metro Shore City",11,110.0,198,308.0,770.0,98.0,506.33,1276.33,3
Mon_00900,Monday,"Four Square Pakuranga Heights,Four Square Botany Junction,New World Southmall",12,92.0,216,308.0,770.0,98.0,506.47,1276.47,3
Mon_00901,Monday,"Four Square Cockle Bay,Four Square Pakuranga Heights,New World New Lynn",11,110.0,198,308.0,770.0,98.0,506.52,1276.52,3
Mon_00902,Monday,"Four Square Pakuranga Heights,Four Square Ellerslie,Four Square Torbay",9,146.2,162,308.2,770.0,98.2,507.43,1277.43,3
Mon_00903,Monday,"Four Square Fair Price Henderson,Four Square Ellerslie,Four Square Pakuranga Heights,Four Square Onehunga",11,110.4,198,308.4,770.0,98.4,508.25,1278.25,4
Mon_00904,Monday,"Four Square Lancaster,Four Square Torbay,Four Square Britomart",10,128.5,180,308.5,770.0,98.5,508.94,1278.94,3
Mon_00905,Monday,"Four Square Pakuranga Heights,New World Howick,Four Square Botany Junction",12,92.6,216,308.6,770.0,98.6,509.37,1279.37,3
Mon_00906,Monday,"Four Square Pakuranga Heights,Four Square Ellerslie,Four Square Remuera,New World Metro Queen St",12,92.7,216,308.7,770.0,98.7,509.9,1279.9,4
Mon_00907,Monday,"New World Metro Shore City,New World Metro Queen St,New World New Lynn",12,92.8,216,308.8,770.0,98.8,510.7,1280.7,3
Mon_00908,Monday,"Four Square Glen Eden,Four Square Britomart,Four Square Ellerslie,Four Square Onehunga",12,92.9,216,308.9,770.0,98.9,510.73,1280.73,4
Mon_00909,Monday,"Four Square Pakuranga Heights,New World Stonefields,Four Square Britomart",12,92.9,216,308.9,770.0,98.9,510.76,1280.76,3
Mon_00910,Monday,"Four Square Onehunga,Four Square Remuera,Four Square Lancaster,New World Metro Shore City",11,111.1,198,309.1,770.0,99.1,511.82,1281.82,4
Mon_00911,Monday,"Four Square Lancaster,Four Square Torbay,Four Square Onehunga",10,129.1,180,309.1,770.0,99.1,512.09,1282.09,3
Mon_00912,Monday,"New World Green Bay,Four Square Lancaster,New World Metro Shore City",11,111.3,198,309.3,770.0,99.3,513.22,1283.22,3
Mon_00913,Monday,"Four Square Torbay,New World Milford",11,111.3,198,309.3,770.0,99.3,513.24,1283.24,2
Mon_00914,Monday,"Four Square Cockle Bay,Pak 'n Save Manukau",12,93.5,216,309.5,770.0,99.5,513.95,1283.95,2
Mon_00915,Monday,"New World Mt Roskill,Four Square Lancaster,New World Metro Shore City",12,93.5,216,309.5,770.0,99.5,514.11,1284.11,3
Mon_00916,Monday,"Four Square Pakuranga Heights,Four Square Ellerslie,Four Square Remuera,Four Square Glen Eden",11,111.6,198,309.6,770.0,99.6,514.46,1284.46,4
Mon_00917,Monday,"Four Square Glen Eden,Four Square Fair Price Henderson,Four Square Ellerslie,Four Square Onehunga",12,93.6,216,309.6,770.0,99.6,514.68,1284.68,4
Mon_00918,Monday,"Four Square Onehunga,Four Square Remuera,New World Newmarket",14,57.6,252,309.6,770.0,99.6,514.84,1284.84,3
Mon_00919,Monday,"Four Square Cockle Bay,Four Square Remuera,Four Square Lancaster",9,147.7,162,309.7,770.0,99.7,514.94,1284.94,3
Mon_00920,Monday,"New World Mt Roskill,Four Square Pakuranga Heights,Four Square Eden Terrace",13,75.7,234,309.7,770.0,99.7,515.01,1285.01,3
Mon_00921,Monday,"Four Square Ellerslie,Four Square Eden Terrace,New World New Lynn",13,75.7,234,309.7,770.0,99.7,515.12,1285.12,3
Mon_00922,Monday,"Four Square Fair Price Henderson,Four Square Britomart,Four Square Ellerslie,Four Square Onehunga",12,93.7,216,309.7,770.0,99.7,515.2,1285.2,4
Mon_00923,Monday,"Four Square Glen Eden,Four Square Fair Price Henderson,Four Square Torbay",10,129.7,180,309.7,770.0,99.7,515.24,1285.24,3
Mon_00924,Monday,"Four Square Pakuranga Heights,Four Square St Heliers,Four Square Remuera,Four Square Onehunga",12,93.8,216,309.8,770.0,99.8,515.74,1285.74,4
Mon_00925,Monday,"Four Square Remuera,Four Square Eden Terrace,New World New Lynn",13,75.8,234,309.8,770.0,99.8,515.84,1285.84,3
Mon_00926,Monday,"Four Square Torbay,Four Square Britomart,New World Metro Queen St",11,111.9,198,309.9,770.0,99.9,516.19,1286.19,3
Mon_00927,Monday,"Four Square Onehunga,Pak 'n Save Glen Innes",13,75.9,234,309.9,770.0,99.9,516.22,1286.22,2
Mon_00928,Monday,"Four Square Onehunga,New World Birkenhead,New World Metro Shore City",12,93.9,216,309.9,770.0,99.9,516.25,1286.25,3
Mon_00929,Monday,"Four Square Onehunga,Four Square Ellerslie,New World Point Chevalier",14,57.9,252,309.9,770.0,99.9,516.26,1286.26,3
Mon_00930,Monday,"Four Square Fair Price Henderson,Four Square Lancaster,Four Square Botany Junction",9,148.0,162,310.0,770.0,100.0,516.75,1286.75,3
Mon_00931,Monday,"New World Metro Shore City,Four Square Eden Terrace,New World New Lynn",12,94.0,216,310.0,770.0,100.0,516.77,1286.77,3
Mon_00932,Monday,"Four Square Britomart,Four Square Torbay,Four Square Ellerslie",10,130.1,180,310.1,770.0,100.1,517.32,1287.32,3
Mon_00933,Monday,"Four Square Britomart,Four Square Ellerslie,Four Square Remuera,Four Square Eden Terrace",13,76.1,234,310.1,770.0,100.1,517.39,1287.39,4
Mon_00934,Monday,"Four Square Hobsonville,Four Square Britomart,Four Square Botany Junction",10,130.1,180,310.1,770.0,100.1,517.43,1287.43,3
Mon_00935,Monday,"Pak 'n Save Albany,Four Square Britomart",12,94.2,216,310.2,770.0,100.2,517.74,1287.74,2
Mon_00936,Monday,"New World Metro Shore City,Four Square Remuera,Four Square Pakuranga Heights,Four Square Botany Junction",10,130.2,180,310.2,770.0,100.2,517.82,1287.82,4
Mon_00937,Monday,"New World Metro Shore City,Four Square Britomart,Four Square Pakuranga Heights,Four Square Botany Junction",10,130.2,180,310.2,770.0,100.2,517.93,1287.93,4
Mon_00938,Monday,"Four Square Britomart,Four Square Torbay,Four Square Remuera",10,130.3,180,310.3,770.0,100.3,518.04,1288.04,3
Mon_00939,Monday,"New World Botany,Four Square Remuera",12,94.3,216,310.3,770.0,100.3,518.33,1288.33,2
Mon_00940,Monday,"New World Metro Shore City,Four Square Eden Terrace,Four Square Ellerslie,Four Square Onehunga",12,94.3,216,310.3,770.0,100.3,518.34,1288.34,4
Mon_00941,Monday,"Four Square Onehunga,Four Square Remuera,New World Metro Queen St,New World Metro Shore City",12,94.4,216,310.4,770.0,100.4,518.64,1288.64,4
Mon_00942,Monday,"Four Square Pakuranga Heights,Four Square Eden Terrace,New World Green Bay",12,94.5,216,310.5,770.0,100.5,519.26,1289.26,3
Mon_00943,Monday,"Four Square Pakuranga Heights,New World Browns Bay",10,130.6,180,310.6,770.0,100.6,519.75,1289.75,2
Mon_00944,Monday,"Four Square Onehunga,Four Square Pakuranga Heights,New World Mt Albert",13,76.7,234,310.7,770.0,100.7,520.21,1290.21,3
Mon_00945,Monday,"Four Square Onehunga,New World Stonefields,New World Metro Shore City",12,94.7,216,310.7,770.0,100.7,520.26,1290.26,3
Mon_00946,Monday,"New World Birkenhead,Four Square Lancaster,New World Metro Shore City",12,94.8,216,310.8,770.0,100.8,520.81,1290.81,3
Mon_00947,Monday,"Four Square Britomart,New World Birkenhead,New World Metro Shore City",12,94.8,216,310.8,770.0,100.8,520.85,1290.85,3
Mon_00948,Monday,"Four Square Onehunga,Four Square Pakuranga Heights,Four Square Remuera,New World Metro Queen St",12,94.9,216,310.9,770.0,100.9,521.43,1291.43,4
Mon_00949,Monday,"Four Square Pakuranga Heights,Four Square Remuera,New World Metro Queen St,Four Square Britomart",12,95.1,216,311.1,770.0,101.1,522.18,1292.18,4
Mon_00950,Monday,"Four Square Fair Price Henderson,New World Metro Shore City,Four Square Ellerslie,Four Square Onehunga",11,113.1,198,311.1,770.0,101.1,522.35,1292.35,4
Mon_00951,Monday,"Four Square Botany Junction,Pak 'n Save Papakura",12,95.2,216,311.2,770.0,101.2,522.83,1292.83,2
Mon_00952,Monday,"Four Square Fair Price Henderson,Four Square Hobsonville,Four Square Botany Junction",10,131.2,180,311.2,770.0,101.2,522.95,1292.95,3
Mon_00953,Monday,"Four Square Pakuranga Heights,Four Square St Heliers,Four Square Hobsonville",10,131.2,180,311.2,770.0,101.2,522.99,1292.99,3
Mon_00954,Monday,"Four Square Lancaster,New World Browns Bay",11,113.2,198,311.2,770.0,101.2,523.02,1293.02,2
Mon_00955,Monday,"New World Browns Bay,Four Square Ellerslie",11,113.2,198,311.2,770.0,101.2,523.08,1293.08,2
Mon_00956,Monday,"Four Square Onehunga,Four Square Cockle Bay,Four Square Pakuranga Heights,New World Metro Shore City",10,131.2,180,311.2,770.0,101.2,523.08,1293.08,4
Mon_00957,Monday,"New World Metro Queen St,Four Square St Heliers,Four Square Glen Eden",11,113.3,198,311.3,770.0,101.3,523.19,1293.19,3
Mon_00958,Monday,"New World Mt Roskill,Four Square Cockle Bay,Four Square Pakuranga Heights",12,95.3,216,311.3,770.0,101.3,523.49,1293.49,3
Mon_00959,Monday,"Four Square Glen Eden,Four Square Torbay,Four Square Britomart",10,131.3,180,311.3,770.0,101.3,523.58,1293.58,3
Mon_00960,Monday,"New World Browns Bay,Four Square Remuera",11,113.4,198,311.4,770.0,101.4,523.8,1293.8,2
Mon_00961,Monday,"Four Square Pakuranga Heights,Four Square Remuera,Four Square Torbay",9,149.4,162,311.4,770.0,101.4,524.0,1294.0,3
Mon_00962,Monday,"Four Square Cockle Bay,New World Howick,Four Square Pakuranga Heights",12,95.4,216,311.4,770.0,101.4,524.03,1294.03,3
Mon_00963,Monday,"Four Square Cockle Bay,Four Square St Heliers,New World Metro Shore City",9,149.4,162,311.4,770.0,101.4,524.1,1294.1,3
Mon_00964,Monday,"Four Square Pakuranga Heights,Four Square Ellerslie,Four Square Remuera,Four Square Fair Price Henderson",11,113.4,198,311.4,770.0,101.4,524.1,1294.1,4
Mon_00965,Monday,"Four Square Remuera,Four Square Pakuranga Heights,Four Square Cockle Bay,Four Square Botany Junction",11,113.5,198,311.5,770.0,101.5,524.28,1294.28,4
Mon_00966,Monday,"Four Square Pakuranga Heights,Pak 'n Save Sylvia Park",13,77.5,234,311.5,770.0,101.5,524.65,1294.65,2
Mon_00967,Monday,"Four Square Glen Eden,New World Metro Shore City,Four Square Ellerslie,Four Square Onehunga",11,113.5,198,311.5,770.0,101.5,524.66,1294.66,4
Mon_00968,Monday,"New World Howick,Four Square Pakuranga Heights,Four Square Ellerslie",12,95.6,216,311.6,770.0,101.6,524.87,1294.87,3
Mon_00969,Monday,"Four Square Onehunga,Four Square Remuera,Four Square Britomart,Four Square Glen Eden",12,95.6,216,311.6,770.0,101.6,524.91,1294.91,4
Mon_00970,Monday,"Four Square Botany Junction,Four Square St Heliers,New World Metro Queen St",11,113.6,198,311.6,770.0,101.6,524.99,1294.99,3
Mon_00971,Monday,"Four Square Cockle Bay,New World Metro Shore City,Four Square Hobsonville",9,149.7,162,311.7,770.0,101.7,525.3,1295.3,3
Mon_00972,Monday,"Four Square Onehunga,Four Square Remuera,New World Point Chevalier",14,59.7,252,311.7,770.0,101.7,525.46,1295.46,3
Mon_00973,Monday,"Four Square Pakuranga Heights,Four Square Ellerslie,Four Square Britomart,Four Square Eden Terrace",12,95.8,216,311.8,770.0,101.8,525.71,1295.71,4
Mon_00974,Monday,"Four Square Onehunga,Four Square Ellerslie,New World Southmall",13,77.8,234,311.8,770.0,101.8,525.77,1295.77,3
Mon_00975,Monday,"Four Square Pakuranga Heights,New World Devonport,New World Metro Shore City",10,131.8,180,311.8,770.0,101.8,525.97,1295.97,3
Mon_00976,Monday,"Four Square Onehunga,Four Square Pakuranga Heights,Four Square Remuera,Four Square Glen Eden",11,113.8,198,311.8,770.0,101.8,526.0,1296.0,4
Mon_00977,Monday,"New World Albany,Four Square Britomart",12,95.8,216,311.8,770.0,101.8,526.04,1296.04,2
Mon_00978,Monday,"Four Square Onehunga,Four Square Pakuranga Heights,Four Square Lancaster,New World Metro Shore City",10,131.9,180,311.9,770.0,101.9,526.34,1296.34,4
Mon_00979,Monday,"New World Green Bay,New World Metro Shore City,New World Metro Queen St",12,96.0,216,312.0,770.0,102.0,526.78,1296.78,3
Mon_00980,Monday,"Four Square Botany Junction,Four Square St Heliers,Four Square Eden Terrace",11,114.0,198,312.0,770.0,102.0,526.97,1296.97,3
Mon_00981,Monday,"Four Square Botany Junction,New World Metro Queen St,Four Square Lancaster",10,132.1,180,312.1,770.0,102.1,527.31,1297.31,3
Mon_00982,Monday,"New World Mt Roskill,New World Metro Shore City,New World Metro Queen St",13,78.1,234,312.1,770.0,102.1,527.67,1297.67,3
Mon_00983,Monday,"Four Square Cockle Bay,Four Square Pakuranga Heights,New World Green Bay",11,114.1,198,312.1,770.0,102.1,527.74,1297.74,3
Mon_00984,Monday,"Four Square Pakuranga Heights,New World Stonefields,New World Metro Shore City",11,114.2,198,312.2,770.0,102.2,527.78,1297.78,3
Mon_00985,Monday,"Four Square Onehunga,Pak 'n Save Sylvia Park",14,60.2,252,312.2,770.0,102.2,527.83,1297.83,2
Mon_00986,Monday,"Four Square Cockle Bay,Four Square Pakuranga Heights,Four Square Ellerslie,Four Square Britomart",11,114.2,198,312.2,770.0,102.2,528.02,1298.02,4
Mon_00987,Monday,"Four Square Eden Terrace,Four Square St Heliers,Four Square Glen Eden",11,114.2,198,312.2,770.0,102.2,528.13,1298.13,3
Mon_00988,Monday,"Four Square Fair Price Henderson,New World Metro Queen St,Four Square St Heliers",11,114.3,198,312.3,770.0,102.3,528.54,1298.54,3
Mon_00989,Monday,"Four Square Cockle Bay,New World Metro Queen St,Four Square Glen Eden",10,132.3,180,312.3,770.0,102.3,528.62,1298.62,3
Mon_00990,Monday,"Four Square Onehunga,Four Square St Heliers,Four Square Hobsonville",11,114.4,198,312.4,770.0,102.4,529.15,1299.15,3
Mon_00991,Monday,"New World Stonefields,Four Square Pakuranga Heights,Four Square Botany Junction",12,96.5,216,312.5,770.0,102.5,529.69,1299.69,3
Mon_00992,Monday,"Four Square Pakuranga Heights,New World Metro Queen St,Four Square Britomart,New World Metro Shore City",11,114.7,198,312.7,770.0,102.7,530.52,1300.52,4
Mon_00993,Monday,"Four Square Onehunga,Four Square Pakuranga Heights,Four Square Botany Junction,Four Square Eden Terrace",12,96.7,216,312.7,770.0,102.7,530.78,1300.78,4
Mon_00994,Monday,"Four Square Onehunga,Four Square Ellerslie,Four Square Remuera,Four Square St Heliers",13,78.7,234,312.7,770.0,102.7,530.87,1300.87,4
Mon_00995,Monday,"New World Green Bay,Four Square Ellerslie,Four Square Eden Terrace",13,78.8,234,312.8,770.0,102.8,531.2,1301.2,3
Mon_00996,Monday,"Four Square Eden Terrace,Four Square Ellerslie,Four Square Pakuranga Heights,Four Square Botany Junction",12,96.8,216,312.8,770.0,102.8,531.2,1301.2,4
Mon_00997,Monday,"Four Square Onehunga,Four Square Remuera,New World Metro Shore City,Four Square Eden Terrace",12,96.9,216,312.9,770.0,102.9,531.45,1301.45,4
Mon_00998,Monday,"Four Square Pakuranga Heights,New World Metro Shore City,New World Milford",11,114.9,198,312.9,770.0,102.9,531.71,1301.71,3
Mon_00999,Monday,"New World Botany,Four Square Britomart",12,96.9,216,312.9,770.0,102.9,531.76,1301.76,2
Mon_01000,Monday,"New World Green Bay,Four Square Remuera,Four Square Eden Terrace",13,79.0,234,313.0,770.0,103.0,531.93,1301.93,3
Mon_01001,Monday,"Four Square Lancaster,New World Milford,New World Metro Shore City",12,97.0,216,313.0,770.0,103.0,532.34,1302.34,3
Mon_01002,Monday,"Four Square Onehunga,Four Square Britomart,New World Metro Queen St,Four Square Eden Terrace",14,61.1,252,313.1,770.0,103.1,532.55,1302.55,4
Mon_01003,Monday,"Four Square Onehunga,Four Square Remuera,Four Square Fair Price Henderson,Four Square Glen Eden",12,97.1,216,313.1,770.0,103.1,532.79,1302.79,4
Mon_01004,Monday,"Four Square Onehunga,Four Square Pakuranga Heights,New World Metro Queen St,New World Metro Shore City",11,115.2,198,313.2,770.0,103.2,533.16,1303.16,4
Mon_01005,Monday,"Four Square Britomart,Four Square Ellerslie,New World Stonefields",13,79.2,234,313.2,770.0,103.2,533.31,1303.31,3
Mon_01006,Monday,"Four Square Fair Price Henderson,Four Square Eden Terrace,Four Square St Heliers",11,115.3,198,313.3,770.0,103.3,533.49,1303.49,3
Mon_01007,Monday,"New World Newmarket,Four Square Pakuranga Heights,Four Square Onehunga",13,79.3,234,313.3,770.0,103.3,533.75,1303.75,3
Mon_01008,Monday,"Four Square Onehunga,New World Newmarket,Four Square Britomart",14,61.3,252,313.3,770.0,103.3,533.89,1303.89,3
Mon_01009,Monday,"Four Square Fair Price Henderson,Four Square Remuera,Four Square Pakuranga Heights,Four Square Onehunga",11,115.4,198,313.4,770.0,103.4,534.12,1304.12,4
Mon_01010,Monday,"Four Square Fair Price Henderson,Pak 'n Save Henderson",14,61.5,252,313.5,770.0,103.5,534.5,1304.5,2
Mon_01011,Monday,"Four Square Onehunga,Four Square Remuera,Four Square Britomart,Four Square Fair Price Henderson",12,97.5,216,313.5,770.0,103.5,534.55,1304.55,4
Mon_01012,Monday,"Four Square Pakuranga Heights,New World Metro Queen St,New World New Lynn",12,97.6,216,313.6,770.0,103.6,535.33,1305.33,3
Mon_01013,Monday,"Four Square Torbay,Four Square Britomart,Four Square Eden Terrace",11,115.6,198,313.6,770.0,103.6,535.43,1305.43,3
Mon_01014,Monday,"Four Square Onehunga,Four Square Cockle Bay,Four Square Hobsonville",10,133.6,180,313.6,770.0,103.6,535.5,1305.5,3
Mon_01015,Monday,"Four Square Ellerslie,Pak 'n Save Papakura",12,97.7,216,313.7,770.0,103.7,535.56,1305.56,2
Mon_01016,Monday,"Four Square Onehunga,Four Square Britomart,New World Metro Shore City,Four Square Glen Eden",11,115.7,198,313.7,770.0,103.7,535.69,1305.69,4
Mon_01017,Monday,"Four Square Glen Eden,Pak 'n Save Henderson",14,61.8,252,313.8,770.0,103.8,536.38,1306.38,2
Mon_01018,Monday,"Four Square Botany Junction,New World Papakura",12,98.0,216,314.0,770.0,104.0,537.12,1307.12,2
Mon_01019,Monday,"New World Devonport,New World Metro Shore City,Four Square Ellerslie",11,116.1,198,314.1,770.0,104.1,537.66,1307.66,3
Mon_01020,Monday,"Four Square Cockle Bay,New World Metro Queen St,Four Square Fair Price Henderson",10,134.2,180,314.2,770.0,104.2,538.26,1308.26,3
Mon_01021,Monday,"New World Devonport,New World Metro Shore City,Four Square Remuera",11,116.2,198,314.2,770.0,104.2,538.39,1308.39,3
Mon_01022,Monday,"Four Square Britomart,New World Stonefields,Four Square Remuera",13,80.3,234,314.3,770.0,104.3,538.76,1308.76,3
Mon_01023,Monday,"Four Square Onehunga,Four Square Pakuranga Heights,Four Square Britomart,Four Square Glen Eden",11,116.4,198,314.4,770.0,104.4,539.43,1309.43,4
Mon_01024,Monday,"New World Papatoetoe,Four Square Pakuranga Heights,Four Square Onehunga",13,80.5,234,314.5,770.0,104.5,539.88,1309.88,3
Mon_01025,Monday,"Four Square Onehunga,Four Square Pakuranga Heights,New World Point Chevalier",13,80.5,234,314.5,770.0,104.5,539.98,1309.98,3
Mon_01026,Monday,"Four Square Botany Junction,Four Square Lancaster,Four Square Eden Terrace",10,134.5,180,314.5,770.0,104.5,540.12,1310.12,3
Mon_01027,Monday,"Four Square Britomart,Four Square Pakuranga Heights,Four Square Cockle Bay,Four Square Botany Junction",11,116.7,198,314.7,770.0,104.7,541.05,1311.05,4
Mon_01028,Monday,"Four Square Onehunga,Four Square Britomart,New World Point Chevalier",14,62.8,252,314.8,770.0,104.8,541.33,1311.33,3
Mon_01029,Monday,"Four Square Eden Terrace,Four Square Ellerslie,Four Square Remuera,New World Metro Shore City",12,98.8,216,314.8,770.0,104.8,541.43,1311.43,4
Mon_01030,Monday,"New World Howick,Four Square Pakuranga Heights,Four Square Remuera",12,98.8,216,314.8,770.0,104.8,541.44,1311.44,3
Mon_01031,Monday,"Four Square Onehunga,Four Square Remuera,New World Metro Shore City,Four Square Glen Eden",11,116.9,198,314.9,770.0,104.9,541.93,1311.93,4
Mon_01032,Monday,"Four Square Pakuranga Heights,Pak 'n Save Botany",13,80.9,234,314.9,770.0,104.9,542.14,1312.14,2
Mon_01033,Monday,"Four Square Pakuranga Heights,Four Square Ellerslie,New World Mt Albert",13,80.9,234,314.9,770.0,104.9,542.17,1312.17,3
Mon_01034,Monday,"Four Square Pakuranga Heights,Four Square Remuera,Four Square Britomart,Four Square Eden Terrace",12,99.0,216,315.0,770.0,105.0,542.28,1312.28,4
Mon_01035,Monday,"Four Square Ellerslie,Four Square Remuera,New World Mt Albert",14,63.0,252,315.0,770.0,105.0,542.33,1312.33,3
Mon_01036,Monday,"Four Square Onehunga,Four Square Torbay,Four Square Hobsonville",11,117.0,198,315.0,770.0,105.0,542.45,1312.45,3
Mon_01037,Monday,"Four Square Onehunga,Four Square Torbay,New World Metro Queen St",11,117.1,198,315.1,770.0,105.1,542.83,1312.83,3
Mon_01038,Monday,"Four Square Fair Price Henderson,New World Metro Shore City,Four Square Remuera,Four Square Onehunga",11,117.1,198,315.1,770.0,105.1,542.94,1312.94,4
Mon_01039,Monday,"Four Square Britomart,New World Metro Shore City,New World Mt Albert",13,81.1,234,315.1,770.0,105.1,543.18,1313.18,3
Mon_01040,Monday,"New World Metro Shore City,New World Milford,Four Square Ellerslie",12,99.2,216,315.2,770.0,105.2,543.4,1313.4,3
Mon_01041,Monday,"Four Square Hobsonville,Four Square Torbay,Four Square Britomart",11,117.2,198,315.2,770.0,105.2,543.54,1313.54,3
Mon_01042,Monday,"Four Square Fair Price Henderson,Four Square Torbay,Four Square Ellerslie",10,135.3,180,315.3,770.0,105.3,543.97,1313.97,3
Mon_01043,Monday,"Four Square Onehunga,Four Square Ellerslie,Four Square Cockle Bay,Four Square Botany Junction",12,99.3,216,315.3,770.0,105.3,544.07,1314.07,4
Mon_01044,Monday,"Four Square Remuera,Pak 'n Save Glen Innes",13,81.3,234,315.3,770.0,105.3,544.09,1314.09,2
Mon_01045,Monday,"New World Metro Shore City,New World Milford,Four Square Remuera",12,99.3,216,315.3,770.0,105.3,544.12,1314.12,3
Mon_01046,Monday,"Four Square Cockle Bay,Four Square Pakuranga Heights,Four Square Remuera,Four Square Britomart",11,117.4,198,315.4,770.0,105.4,544.59,1314.59,4
Mon_01047,Monday,"Four Square Torbay,New World Devonport",10,135.4,180,315.4,770.0,105.4,544.66,1314.66,2
Mon_01048,Monday,"Four Square Fair Price Henderson,Four Square Torbay,Four Square Remuera",10,135.4,180,315.4,770.0,105.4,544.69,1314.69,3
Mon_01049,Monday,"Four Square Hobsonville,New World Metro Shore City,Four Square St Heliers",10,135.4,180,315.4,770.0,105.4,544.69,1314.69,3
Mon_01050,Monday,"Four Square Cockle Bay,Four Square Pakuranga Heights,Four Square Ellerslie,New World Metro Shore City",10,135.5,180,315.5,770.0,105.5,545.03,1315.03,4
Mon_01051,Monday,"Four Square Fair Price Henderson,New World Metro Shore City,Four Square Britomart,Four Square Onehunga",11,117.5,198,315.5,770.0,105.5,545.2,1315.2,4
Mon_01052,Monday,"New World Remuera,Four Square St Heliers",13,81.5,234,315.5,770.0,105.5,545.31,1315.31,2
Mon_01053,Monday,"Four Square Onehunga,Four Square Pakuranga Heights,Four Square Botany Junction,Four Square Glen Eden",11,117.6,198,315.6,770.0,105.6,545.43,1315.43,4
Mon_01054,Monday,"Four Square Torbay,Four Square Pakuranga Heights,Four Square Botany Junction",9,153.6,162,315.6,770.0,105.6,545.57,1315.57,3
Mon_01055,Monday,"Four Square Fair Price Henderson,Four Square Torbay,Four Square Lancaster",10,135.7,180,315.7,770.0,105.7,545.98,1315.98,3
Mon_01056,Monday,"Four Square Onehunga,Four Square Pakuranga Heights,New World Metro Shore City,Four Square Eden Terrace",11,117.7,198,315.7,770.0,105.7,545.98,1315.98,4
Mon_01057,Monday,"New World Metro Shore City,Four Square Britomart,New World Metro Queen St,Four Square Ellerslie",12,99.7,216,315.7,770.0,105.7,546.21,1316.21,4
Mon_01058,Monday,"New World Metro Shore City,Four Square Britomart,New World Metro Queen St,Four Square Remuera",12,99.9,216,315.9,770.0,105.9,546.93,1316.93,4
Mon_01059,Monday,"New World New Lynn,Four Square Ellerslie,Four Square Botany Junction",12,99.9,216,315.9,770.0,105.9,547.11,1317.11,3
Mon_01060,Monday,"New World Metro Shore City,Four Square Ellerslie,New World Stonefields",12,99.9,216,315.9,770.0,105.9,547.24,1317.24,3
Mon_01061,Monday,"Four Square Onehunga,Four Square Pakuranga Heights,Four Square Fair Price Henderson,Four Square Glen Eden",11,117.9,198,315.9,770.0,105.9,547.31,1317.31,4
Mon_01062,Monday,"New World Newmarket,Four Square Ellerslie,Four Square Remuera",14,64.0,252,316.0,770.0,106.0,547.46,1317.46,3
Mon_01063,Monday,"Four Square Pakuranga Heights,Four Square Ellerslie,Four Square Lancaster,New World Metro Shore City",10,136.1,180,316.1,770.0,106.1,548.29,1318.29,4
Mon_01064,Monday,"Four Square Cockle Bay,Four Square Ellerslie,Four Square Remuera,Four Square Onehunga",12,100.1,216,316.1,770.0,106.1,548.32,1318.32,4
Mon_01065,Monday,"Four Square Ellerslie,Four Square Remuera,Four Square Lancaster,New World Metro Shore City",11,118.2,198,316.2,770.0,106.2,548.46,1318.46,4
Mon_01066,Monday,"Four Square Onehunga,Four Square Ellerslie,Four Square Pakuranga Heights,Four Square St Heliers",12,100.2,216,316.2,770.0,106.2,548.52,1318.52,4
Mon_01067,Monday,"Four Square Ellerslie,Pak 'n Save Glen Innes",13,82.2,234,316.2,770.0,106.2,548.59,1318.59,2
Mon_01068,Monday,"Four Square Onehunga,Four Square Britomart,Four Square Fair Price Henderson,Four Square Glen Eden",12,100.2,216,316.2,770.0,106.2,548.66,1318.66,4
Mon_01069,Monday,"New World Botany,New World Metro Shore City",11,118.2,198,316.2,770.0,106.2,548.78,1318.78,2
Mon_01070,Monday,"Four Square Onehunga,Four Square Torbay,Four Square Eden Terrace",11,118.2,198,316.2,770.0,106.2,548.9,1318.9,3
Mon_01071,Monday,"Four Square Onehunga,Four Square Pakuranga Heights,Four Square Britomart,Four Square Fair Price Henderson",11,118.3,198,316.3,770.0,106.3,549.07,1319.07,4
Mon_01072,Monday,"Four Square Onehunga,Four Square Ellerslie,Four Square St Heliers,Four Square Britomart",13,82.3,234,316.3,770.0,106.3,549.29,1319.29,4
Mon_01073,Monday,"Four Square Pakuranga Heights,Four Square Torbay,Four Square Fair Price Henderson",9,154.3,162,316.3,770.0,106.3,549.36,1319.36,3
Mon_01074,Monday,"Four Square Onehunga,New World Stonefields,Four Square Eden Terrace",14,64.3,252,316.3,770.0,106.3,549.4,1319.4,3
Mon_01075,Monday,"Four Square Ellerslie,New World Papakura",12,100.4,216,316.4,770.0,106.4,549.85,1319.85,2
Mon_01076,Monday,"Four Square Fair Price Henderson,New World Milford,New World Metro Shore City",12,100.4,216,316.4,770.0,106.4,549.95,1319.95,3
Mon_01077,Monday,"Four Square Onehunga,New World Newmarket,New World Metro Shore City",13,82.6,234,316.6,770.0,106.6,550.91,1320.91,3
Mon_01078,Monday,"Four Square Cockle Bay,Four Square St Heliers,New World Metro Queen St",11,118.7,198,316.7,770.0,106.7,551.27,1321.27,3
Mon_01079,Monday,"Four Square Onehunga,Four Square Pakuranga Heights,Four Square St Heliers,Four Square Britomart",12,100.8,216,316.8,770.0,106.8,551.56,1321.56,4
Mon_01080,Monday,"Four Square Botany Junction,Four Square St Heliers,Four Square Glen Eden",10,136.8,180,316.8,770.0,106.8,551.98,1321.98,3
Mon_01081,Monday,"Four Square Onehunga,Four Square Ellerslie,Four Square Remuera,Four Square Lancaster",12,100.8,216,316.8,770.0,106.8,551.98,1321.98,4
Mon_01082,Monday,"Four Square Onehunga,Four Square Cockle Bay,Four Square Pakuranga Heights,Four Square Eden Terrace",12,100.9,216,316.9,770.0,106.9,552.22,1322.22,4
Mon_01083,Monday,"Four Square Ellerslie,New World Metro Queen St,New World New Lynn",13,82.9,234,316.9,770.0,106.9,552.41,1322.41,3
Mon_01084,Monday,"New World Metro Shore City,New World Stonefields,Four Square Remuera",12,101.0,216,317.0,770.0,107.0,552.69,1322.69,3
Mon_01085,Monday,"Four Square Fair Price Henderson,Pak 'n Save Albany",12,101.0,216,317.0,770.0,107.0,552.71,1322.71,2
Mon_01086,Monday,"Four Square Hobsonville,Four Square Remuera,Four Square St Heliers",11,119.0,198,317.0,770.0,107.0,552.74,1322.74,3
Mon_01087,Monday,"New World Browns Bay,Four Square Hobsonville",12,101.0,216,317.0,770.0,107.0,552.81,1322.81,2
Mon_01088,Monday,"Four Square Cockle Bay,Four Square Pakuranga Heights,Four Square Britomart,New World Metro Shore City",10,137.0,180,317.0,770.0,107.0,552.93,1322.93,4
Mon_01089,Monday,"Four Square Remuera,New World Metro Queen St,New World New Lynn",13,83.1,234,317.1,770.0,107.1,553.13,1323.13,3
Mon_01090,Monday,"New World Browns Bay,New World Metro Queen St",12,101.1,216,317.1,770.0,107.1,553.19,1323.19,2
Mon_01091,Monday,"Four Square Cockle Bay,Four Square St Heliers,Four Square Eden Terrace",11,119.1,198,317.1,770.0,107.1,553.24,1323.24,3
Mon_01092,Monday,"Four Square Onehunga,Four Square Remuera,Four Square St Heliers,Four Square Britomart",13,83.1,234,317.1,770.0,107.1,553.27,1323.27,4
Mon_01093,Monday,"Four Square Pakuranga Heights,Four Square Eden Terrace,Four Square Britomart,New World Metro Shore City",11,119.2,198,317.2,770.0,107.2,553.73,1323.73,4
Mon_01094,Monday,"Four Square Cockle Bay,New World Remuera",12,101.2,216,317.2,770.0,107.2,553.97,1323.97,2
Mon_01095,Monday,"Four Square Botany Junction,Four Square Torbay,New World Metro Shore City",9,155.2,162,317.2,770.0,107.2,554.11,1324.11,3
Mon_01096,Monday,"New World Metro Shore City,Four Square Britomart,New World Metro Queen St,Four Square Eden Terrace",13,83.3,234,317.3,770.0,107.3,554.22,1324.22,4
Mon_01097,Monday,"New World Birkenhead,Four Square Torbay",11,119.3,198,317.3,770.0,107.3,554.24,1324.24,2
Mon_01098,Monday,"New World Howick,Four Square Pakuranga Heights,Four Square Britomart",12,101.4,216,317.4,770.0,107.4,554.87,1324.87,3
Mon_01099,Monday,"New World Metro Shore City,Four Square Pakuranga Heights,Four Square Cockle Bay,Four Square Botany Junction",10,137.4,180,317.4,770.0,107.4,554.98,1324.98,4
Mon_01100,Monday,"Four Square Pakuranga Heights,Four Square Ellerslie,New World Metro Queen St,New World Metro Shore City",11,119.4,198,317.4,770.0,107.4,555.12,1325.12,4
Mon_01101,Monday,"Four Square Eden Terrace,New World Metro Queen St,Four Square Ellerslie,Four Square Onehunga",14,65.5,252,317.5,770.0,107.5,555.27,1325.27,4
Mon_01102,Monday,"Four Square Ellerslie,Four Square Remuera,New World Metro Queen St,New World Metro Shore City",12,101.5,216,317.5,770.0,107.5,555.28,1325.28,4
Mon_01103,Monday,"Four Square Britomart,New World Metro Queen St,Four Square Pakuranga Heights,Four Square Botany Junction",12,101.6,216,317.6,770.0,107.6,556.06,1326.06,4
Mon_01104,Monday,"Four Square Pakuranga Heights,Four Square Britomart,Four Square Lancaster,New World Metro Shore City",10,137.6,180,317.6,770.0,107.6,556.19,1326.19,4
Mon_01105,Monday,"Four Square Onehunga,Four Square Pakuranga Heights,New World Metro Shore City,Four Square Glen Eden",10,137.7,180,317.7,770.0,107.7,556.45,1326.45,4
Mon_01106,Monday,"Four Square Pakuranga Heights,New World Metro Queen St,New World Green Bay",12,101.7,216,317.7,770.0,107.7,556.55,1326.55,3
Mon_01107,Monday,"Four Square Pakuranga Heights,New World Stonefields,Four Square Eden Terrace",13,83.8,234,317.8,770.0,107.8,556.92,1326.92,3
Mon_01108,Monday,"Four Square Eden Terrace,Four Square Remuera,Four Square Pakuranga Heights,Four Square Botany Junction",12,101.8,216,317.8,770.0,107.8,557.08,1327.08,4
Mon_01109,Monday,"Four Square Pakuranga Heights,Four Square Botany Junction,New World Papatoetoe",13,83.8,234,317.8,770.0,107.8,557.13,1327.13,3
Mon_01110,Monday,"Pak 'n Save Papakura,Four Square Remuera",12,101.8,216,317.8,770.0,107.8,557.14,1327.14,2
Mon_01111,Monday,"Four Square Hobsonville,Four Square Ellerslie,Four Square St Heliers",11,119.9,198,317.9,770.0,107.9,557.24,1327.24,3
Mon_01112,Monday,"Four Square Cockle Bay,Four Square Ellerslie,Four Square Hobsonville",10,137.9,180,317.9,770.0,107.9,557.45,1327.45,3
Mon_01113,Monday,"Four Square Lancaster,New World Devonport,New World Metro Shore City",11,119.9,198,317.9,770.0,107.9,557.7,1327.7,3
Mon_01114,Monday,"Four Square Britomart,Four Square Remuera,Four Square Ellerslie,Four Square Botany Junction",12,102.0,216,318.0,770.0,108.0,557.79,1327.79,4
Mon_01115,Monday,"New World Green Bay,Four Square Ellerslie,Four Square Botany Junction",12,102.0,216,318.0,770.0,108.0,557.91,1327.91,3
Mon_01116,Monday,"Four Square Fair Price Henderson,New World Metro Shore City,Four Square Pakuranga Heights,Four Square Onehunga",10,138.0,180,318.0,770.0,108.0,558.04,1328.04,4
Mon_01117,Monday,"Four Square Pakuranga Heights,New World Ormiston,Four Square Botany Junction",13,84.0,234,318.0,770.0,108.0,558.12,1328.12,3
Mon_01118,Monday,"Four Square Glen Eden,Four Square Fair Price Henderson,New World Metro Shore City,Four Square Britomart",11,120.0,198,318.0,770.0,108.0,558.2,1328.2,4
Mon_01119,Monday,"Four Square Pakuranga Heights,Four Square St Heliers,Four Square Remuera,Four Square Ellerslie",12,102.0,216,318.0,770.0,108.0,558.24,1328.24,4
Mon_01120,Monday,"Four Square Pakuranga Heights,Four Square Ellerslie,New World Newmarket",13,84.1,234,318.1,770.0,108.1,558.34,1328.34,3
Mon_01121,Monday,"Four Square Onehunga,New World Metro Shore City,New World Point Chevalier",13,84.1,234,318.1,770.0,108.1,558.35,1328.35,3
Mon_01122,Monday,"Four Square Pakuranga Heights,Four Square Remuera,New World Mt Albert",13,84.1,234,318.1,770.0,108.1,558.74,1328.74,3
Mon_01123,Monday,"New World Mt Roskill,Four Square Ellerslie,Four Square Botany Junction",13,84.2,234,318.2,770.0,108.2,558.8,1328.8,3
Mon_01124,Monday,"New World Papatoetoe,Four Square Ellerslie,Four Square Onehunga",14,66.2,252,318.2,770.0,108.2,559.25,1329.25,3
Mon_01125,Monday,"Four Square Britomart,Four Square Ellerslie,Four Square Remuera,Four Square Glen Eden",12,102.2,216,318.2,770.0,108.2,559.25,1329.25,4
Mon_01126,Monday,"New World Browns Bay,Four Square Eden Terrace",12,102.2,216,318.2,770.0,108.2,559.26,1329.26,2
Mon_01127,Monday,"New World Metro Shore City,Four Square Britomart,Four Square Ellerslie,Four Square Eden Terrace",12,102.2,216,318.2,770.0,108.2,559.28,1329.28,4
Mon_01128,Monday,"New World Metro Shore City,Four Square Britomart,Four Square Remuera,Four Square Eden Terrace",12,102.4,216,318.4,770.0,108.4,560.0,1330.0,4
Mon_01129,Monday,"Four Square Onehunga,Four Square Remuera,New World Southmall",13,84.4,234,318.4,770.0,108.4,560.12,1330.12,3
Mon_01130,Monday,"Four Square Onehunga,Four Square Ellerslie,Four Square Botany Junction,Four Square Britomart",12,102.6,216,318.6,770.0,108.6,560.86,1330.86,4
Mon_01131,Monday,"Four Square Fair Price Henderson,New World Albany",12,102.6,216,318.6,770.0,108.6,561.0,1331.0,2
Mon_01132,Monday,"Four Square Glen Eden,Four Square Fair Price Henderson,New World Metro Shore City,Four Square Onehunga",11,120.6,198,318.6,770.0,108.6,561.35,1331.35,4
Mon_01133,Monday,"Four Square Pakuranga Heights,Four Square Ellerslie,Four Square Britomart,Four Square Glen Eden",11,120.7,198,318.7,770.0,108.7,561.39,1331.39,4
Mon_01134,Monday,"Four Square Eden Terrace,New World Metro Queen St,New World New Lynn",14,66.7,252,318.7,770.0,108.7,561.4,1331.4,3
Mon_01135,Monday,"New World New Lynn,Four Square Glen Eden,New World Green Bay",15,48.7,270,318.7,770.0,108.7,561.56,1331.56,3
Mon_01136,Monday,"Four Square Cockle Bay,Four Square Pakuranga Heights,Four Square Remuera,New World Metro Shore City",10,138.7,180,318.7,770.0,108.7,561.6,1331.6,4
Mon_01137,Monday,"Four Square Botany Junction,Four Square St Heliers,Four Square Fair Price Henderson",10,138.7,180,318.7,770.0,108.7,561.62,1331.62,3
Mon_01138,Monday,"Pak 'n Save Westgate,Four Square Hobsonville",14,66.7,252,318.7,770.0,108.7,561.83,1331.83,2
Mon_01139,Monday,"Four Square Onehunga,Four Square Ellerslie,Four Square Eden Terrace,Four Square Glen Eden",13,84.7,234,318.7,770.0,108.7,561.86,1331.86,4
Mon_01140,Monday,"Four Square Pakuranga Heights,Four Square Ellerslie,New World Point Chevalier",13,84.8,234,318.8,770.0,108.8,561.94,1331.94,3
Mon_01141,Monday,"Four Square Ellerslie,Four Square Remuera,New World Point Chevalier",14,66.8,252,318.8,770.0,108.8,562.1,1332.1,3
Mon_01142,Monday,"Four Square Pakuranga Heights,Pak 'n Save Ormiston",13,84.8,234,318.8,770.0,108.8,562.36,1332.36,2
Mon_01143,Monday,"Four Square Glen Eden,Four Square Fair Price Henderson,Pak 'n Save Lincoln Road",14,66.9,252,318.9,770.0,108.9,562.73,1332.73,3
Mon_01144,Monday,"Four Square Britomart,New World Metro Shore City,New World Point Chevalier",13,85.0,234,319.0,770.0,109.0,562.94,1332.94,3
Mon_01145,Monday,"Four Square Hobsonville,Four Square Cockle Bay,Four Square Botany Junction",10,139.0,180,319.0,770.0,109.0,563.24,1333.24,3
Mon_01146,Monday,"New World New Lynn,Four Square Hobsonville,New World Metro Shore City",12,103.1,216,319.1,770.0,109.1,563.56,1333.56,3
Mon_01147,Monday,"Four Square Hobsonville,Four Square Britomart,Four Square St Heliers",11,121.1,198,319.1,770.0,109.1,563.75,1333.75,3
Mon_01148,Monday,"New World Birkenhead,Four Square Ellerslie,Four Square Onehunga",13,85.2,234,319.2,770.0,109.2,564.01,1334.01,3
Mon_01149,Monday,"Four Square Glen Eden,Four Square Fair Price Henderson,Four Square Ellerslie,Four Square Remuera",12,103.2,216,319.2,770.0,109.2,564.09,1334.09,4
Mon_01150,Monday,"Four Square Fair Price Henderson,Four Square Britomart,Four Square Ellerslie,Four Square Remuera",12,103.3,216,319.3,770.0,109.3,564.6,1334.6,4
Mon_01151,Monday,"Four Square Pakuranga Heights,Four Square Remuera,Four Square Lancaster,New World Metro Shore City",10,139.3,180,319.3,770.0,109.3,564.86,1334.86,4
Mon_01152,Monday,"New World Metro Queen St,Four Square Ellerslie,Four Square Pakuranga Heights,Four Square Botany Junction",12,103.3,216,319.3,770.0,109.3,564.91,1334.91,4
Mon_01153,Monday,"New World Southmall,Four Square Pakuranga Heights,Four Square Ellerslie",12,103.3,216,319.3,770.0,109.3,564.92,1334.92,3
Mon_01154,Monday,"New World Metro Shore City,Four Square Ellerslie,Four Square Pakuranga Heights,Four Square Eden Terrace",11,121.4,198,319.4,770.0,109.4,565.21,1335.21,4
Mon_01155,Monday,"Four Square Pakuranga Heights,Four Square Torbay,Four Square Lancaster",9,157.4,162,319.4,770.0,109.4,565.34,1335.34,3
Mon_01156,Monday,"Four Square Cockle Bay,Four Square Pakuranga Heights,New World Stonefields",12,103.4,216,319.4,770.0,109.4,565.4,1335.4,3
Mon_01157,Monday,"Four Square Lancaster,Four Square Torbay,Four Square Ellerslie",10,139.7,180,319.7,770.0,109.7,566.59,1336.59,3
Mon_01158,Monday,"New World New Lynn,Four Square Glen Eden,Four Square Hobsonville",13,85.7,234,319.7,770.0,109.7,566.62,1336.62,3
Mon_01159,Monday,"Four Square Pakuranga Heights,New World Birkenhead,New World Metro Shore City",11,121.7,198,319.7,770.0,109.7,566.87,1336.87,3
Mon_01160,Monday,"New World Green Bay,Four Square Glen Eden,Four Square Hobsonville",13,85.7,234,319.7,770.0,109.7,566.92,1336.92,3
Mon_01161,Monday,"Four Square Onehunga,Four Square Remuera,New World Metro Queen St,Four Square Eden Terrace",14,67.8,252,319.8,770.0,109.8,567.04,1337.04,4
Mon_01162,Monday,"Four Square Lancaster,Four Square Torbay,Four Square Remuera",10,139.8,180,319.8,770.0,109.8,567.32,1337.32,3
Mon_01163,Monday,"Four Square Onehunga,New World Southmall,Four Square Botany Junction",13,85.9,234,319.9,770.0,109.9,567.77,1337.77,3
Mon_01164,Monday,"New World Devonport,New World Metro Shore City,New World Metro Queen St",12,103.9,216,319.9,770.0,109.9,567.78,1337.78,3
Mon_01165,Monday,"Four Square Botany Junction,Four Square Eden Terrace,Four Square Hobsonville",11,121.9,198,319.9,770.0,109.9,567.83,1337.83,3
Mon_01166,Monday,"Four Square Pakuranga Heights,Four Square Remuera,New World Newmarket",13,85.9,234,319.9,770.0,109.9,567.88,1337.88,3
Mon_01167,Monday,"New World Metro Queen St,Four Square Britomart,Four Square Lancaster,New World Metro Shore City",12,103.9,216,319.9,770.0,109.9,567.95,1337.95,4
Mon_01168,Monday,"Four Square Onehunga,Four Square Pakuranga Heights,Four Square Botany Junction,New World Metro Queen St",12,103.9,216,319.9,770.0,109.9,568.07,1338.07,4
Mon_01169,Monday,"Four Square Fair Price Henderson,Four Square Eden Terrace,Four Square Ellerslie,Four Square Onehunga",13,86.0,234,320.0,770.0,110.0,568.38,1338.38,4
Mon_01170,Monday,"New World Green Bay,Four Square Ellerslie,New World Metro Queen St",13,86.0,234,320.0,770.0,110.0,568.49,1338.49,3
Mon_01171,Monday,"Four Square Botany Junction,Four Square Lancaster,Four Square Hobsonville",10,140.0,180,320.0,770.0,110.0,568.53,1338.53,3
Mon_01172,Monday,"Four Square Onehunga,Four Square Pakuranga Heights,New World Ormiston",13,86.1,234,320.1,770.0,110.1,569.01,1339.01,3
Mon_01173,Monday,"New World Green Bay,Four Square Remuera,New World Metro Queen St",13,86.2,234,320.2,770.0,110.2,569.22,1339.22,3
Mon_01174,Monday,"Four Square Glen Eden,Four Square Ellerslie,Four Square Pakuranga Heights,Four Square Botany Junction",11,122.2,198,320.2,770.0,110.2,569.23,1339.23,4
Mon_01175,Monday,"Four Square Pakuranga Heights,Four Square Ellerslie,Four Square Fair Price Henderson,Four Square Glen Eden",11,122.2,198,320.2,770.0,110.2,569.27,1339.27,4
Mon_01176,Monday,"Four Square Onehunga,Four Square Remuera,New World Eastridge",14,68.5,252,320.5,770.0,110.5,570.73,1340.73,3
Mon_01177,Monday,"Four Square Lancaster,Four Square Britomart,Four Square Ellerslie,Four Square Onehunga",12,104.5,216,320.5,770.0,110.5,570.98,1340.98,4
Mon_01178,Monday,"Four Square Botany Junction,Four Square Remuera,New World New Lynn",12,104.5,216,320.5,770.0,110.5,570.99,1340.99,3
Mon_01179,Monday,"Four Square Pakuranga Heights,Four Square Ellerslie,Four Square Britomart,Four Square Fair Price Henderson",11,122.5,198,320.5,770.0,110.5,571.03,1341.03,4
Mon_01180,Monday,"Four Square Onehunga,Four Square Remuera,Four Square Eden Terrace,Four Square Glen Eden",13,86.5,234,320.5,770.0,110.5,571.07,1341.07,4
Mon_01181,Monday,"New World Papakura,Four Square Remuera",12,104.6,216,320.6,770.0,110.6,571.42,1341.42,2
Mon_01182,Monday,"Four Square Pakuranga Heights,Four Square Remuera,New World Metro Queen St,New World Metro Shore City",11,122.6,198,320.6,770.0,110.6,571.69,1341.69,4
Mon_01183,Monday,"New World Metro Shore City,Four Square Remuera,Four Square Ellerslie,Four Square Botany Junction",11,122.7,198,320.7,770.0,110.7,571.72,1341.72,4
Mon_01184,Monday,"Four Square Fair Price Henderson,New World Metro Shore City,Four Square Ellerslie,Four Square Remuera",11,122.7,198,320.7,770.0,110.7,571.75,1341.75,4
Mon_01185,Monday,"New World Howick,Four Square Pakuranga Heights,New World Metro Shore City",11,122.7,198,320.7,770.0,110.7,571.89,1341.89,3
Mon_01186,Monday,"Four Square Pakuranga Heights,Pak 'n Save Albany",11,122.7,198,320.7,770.0,110.7,572.07,1342.07,2
Mon_01187,Monday,"Four Square Pakuranga Heights,Four Square Britomart,New World Mt Albert",13,86.7,234,320.7,770.0,110.7,572.18,1342.18,3
Mon_01188,Monday,"New World Howick,Four Square Ellerslie,Four Square Onehunga",13,86.8,234,320.8,770.0,110.8,572.23,1342.23,3
Mon_01189,Monday,"Four Square Fair Price Henderson,Four Square Hobsonville,New World New Lynn",13,86.8,234,320.8,770.0,110.8,572.63,1342.63,3
Mon_01190,Monday,"Four Square Onehunga,New World Metro Queen St,Four Square Britomart,Four Square Glen Eden",13,86.9,234,320.9,770.0,110.9,573.01,1343.01,4
Mon_01191,Monday,"New World Metro Shore City,Four Square Ellerslie,Four Square Remuera,Four Square Glen Eden",11,122.9,198,320.9,770.0,110.9,573.18,1343.18,4
Mon_01192,Monday,"Four Square Ellerslie,Four Square Britomart,Four Square Lancaster,New World Metro Shore City",11,123.0,198,321.0,770.0,111.0,573.27,1343.27,4
Mon_01193,Monday,"New World Metro Shore City,New World Milford,New World Metro Queen St",13,87.0,234,321.0,770.0,111.0,573.51,1343.51,3
Mon_01194,Monday,"Four Square Fair Price Henderson,Four Square Torbay,Four Square Hobsonville",11,123.0,198,321.0,770.0,111.0,573.69,1343.69,3
Mon_01195,Monday,"Four Square Fair Price Henderson,Four Square Ellerslie,Four Square Pakuranga Heights,Four Square Botany Junction",11,123.0,198,321.0,770.0,111.0,573.7,1343.7,4
Mon_01196,Monday,"New World Devonport,New World Metro Shore City,Four Square Eden Terrace",12,105.1,216,321.1,770.0,111.1,573.85,1343.85,3
Mon_01197,Monday,"Four Square Remuera,Four Square Britomart,Four Square Lancaster,New World Metro Shore City",11,123.1,198,321.1,770.0,111.1,573.99,1343.99,4
Mon_01198,Monday,"Four Square Cockle Bay,Four Square Remuera,Four Square Hobsonville",10,141.1,180,321.1,770.0,111.1,574.03,1344.03,3
Mon_01199,Monday,"Four Square Fair Price Henderson,Four Square Torbay,New World Metro Queen St",11,123.1,198,321.1,770.0,111.1,574.08,1344.08,3
Mon_01200,Monday,"Four Square Cockle Bay,Four Square Pakuranga Heights,Four Square Ellerslie,Four Square Eden Terrace",12,105.1,216,321.1,770.0,111.1,574.17,1344.17,4
Mon_01201,Monday,"Four Square Onehunga,New World Stonefields,Four Square Botany Junction",13,87.2,234,321.2,770.0,111.2,574.31,1344.31,3
Mon_01202,Monday,"Pak 'n Save Glen Innes,Four Square Britomart",13,87.2,234,321.2,770.0,111.2,574.54,1344.54,2
Mon_01203,Monday,"Four Square Cockle Bay,New World Howick,Four Square Onehunga",13,87.3,234,321.3,770.0,111.3,575.18,1345.18,3
Mon_01204,Monday,"Four Square Lancaster,Pak 'n Save Albany",12,105.4,216,321.4,770.0,111.4,575.33,1345.33,2
Mon_01205,Monday,"Pak 'n Save Albany,Four Square Ellerslie",12,105.4,216,321.4,770.0,111.4,575.39,1345.39,2
Mon_01206,Monday,"Four Square Onehunga,Pak 'n Save Wairau Road,New World Metro Shore City",13,87.4,234,321.4,770.0,111.4,575.68,1345.68,3
Mon_01207,Monday,"Four Square Onehunga,Four Square Britomart,New World Birkenhead",13,87.5,234,321.5,770.0,111.5,575.92,1345.92,3
Mon_01208,Monday,"Four Square Ellerslie,Pak 'n Save Sylvia Park",14,69.5,252,321.5,770.0,111.5,575.98,1345.98,2
Mon_01209,Monday,"Pak 'n Save Albany,Four Square Remuera",12,105.5,216,321.5,770.0,111.5,576.12,1346.12,2
Mon_01210,Monday,"New World Metro Shore City,Four Square Britomart,New World Newmarket",13,87.5,234,321.5,770.0,111.5,576.25,1346.25,3
Mon_01211,Monday,"New World Southmall,Four Square Ellerslie,Four Square Remuera",13,87.6,234,321.6,770.0,111.6,576.62,1346.62,3
Mon_01212,Monday,"Four Square Britomart,Four Square Lancaster,New World New Lynn",12,105.7,216,321.7,770.0,111.7,577.07,1347.07,3
Mon_01213,Monday,"Four Square Onehunga,Four Square Fair Price Henderson,Pak 'n Save Lincoln Road",14,69.7,252,321.7,770.0,111.7,577.33,1347.33,3
Mon_01214,Monday,"New World Green Bay,Four Square Eden Terrace,New World Metro Queen St",14,69.8,252,321.8,770.0,111.8,577.49,1347.49,3
Mon_01215,Monday,"Four Square Eden Terrace,Four Square Britomart,Four Square Pakuranga Heights,Four Square Botany Junction",12,105.8,216,321.8,770.0,111.8,577.73,1347.73,4
Mon_01216,Monday,"Four Square Onehunga,Four Square Ellerslie,Four Square Botany Junction,New World Metro Shore City",11,123.8,198,321.8,770.0,111.8,577.88,1347.88,4
Mon_01217,Monday,"Four Square Pakuranga Heights,Four Square Remuera,Four Square Britomart,Four Square Glen Eden",11,123.9,198,321.9,770.0,111.9,577.96,1347.96,4
Mon_01218,Monday,"Four Square Cockle Bay,Four Square St Heliers,Four Square Glen Eden",10,141.9,180,321.9,770.0,111.9,578.26,1348.26,3
Mon_01219,Monday,"Four Square Pakuranga Heights,Four Square Ellerslie,New World Metro Shore City,Four Square Glen Eden",10,141.9,180,321.9,770.0,111.9,578.4,1348.4,4
Mon_01220,Monday,"Four Square Onehunga,Four Square Remuera,Four Square Cockle Bay,Four Square Botany Junction",12,106.0,216,322.0,770.0,112.0,578.42,1348.42,4
Mon_01221,Monday,"Four Square Pakuranga Heights,Four Square Remuera,New World Point Chevalier",13,88.0,234,322.0,770.0,112.0,578.51,1348.51,3
Mon_01222,Monday,"New World Birkenhead,New World Metro Shore City,Four Square Ellerslie",12,106.0,216,322.0,770.0,112.0,578.56,1348.56,3
Mon_01223,Monday,"New World Birkenhead,New World Metro Shore City,Four Square Remuera",12,106.1,216,322.1,770.0,112.1,579.28,1349.28,3
Mon_01224,Monday,"New World Metro Shore City,New World Milford,Four Square Eden Terrace",13,88.2,234,322.2,770.0,112.2,579.58,1349.58,3
Mon_01225,Monday,"Four Square Hobsonville,New World Metro Shore City,Four Square Ellerslie,Four Square Onehunga",12,106.2,216,322.2,770.0,112.2,579.58,1349.58,4
Mon_01226,Monday,"Four Square Onehunga,New World Newmarket,Four Square Eden Terrace",15,52.3,270,322.3,770.0,112.3,580.05,1350.05,3
Mon_01227,Monday,"Four Square Fair Price Henderson,Four Square Torbay,Four Square Eden Terrace",11,124.3,198,322.3,770.0,112.3,580.15,1350.15,3
Mon_01228,Monday,"Four Square Onehunga,Four Square Ellerslie,New World Eastridge",14,70.3,252,322.3,770.0,112.3,580.16,1350.16,3
Mon_01229,Monday,"Four Square Britomart,Pak 'n Save Wairau Road,New World Metro Shore City",13,88.3,234,322.3,770.0,112.3,580.28,1350.28,3
Mon_01230,Monday,"Four Square Pakuranga Heights,New World Albany",11,124.3,198,322.3,770.0,112.3,580.37,1350.37,2
Mon_01231,Monday,"Four Square Lancaster,Four Square Ellerslie,Four Square Pakuranga Heights,Four Square Onehunga",11,124.4,198,322.4,770.0,112.4,580.7,1350.7,4
Mon_01232,Monday,"Four Square Onehunga,Four Square Remuera,Four Square Eden Terrace,Four Square Fair Price Henderson",13,88.4,234,322.4,770.0,112.4,580.71,1350.71,4
Mon_01233,Monday,"Four Square Pakuranga Heights,New World Eastridge,Four Square Onehunga",13,88.4,234,322.4,770.0,112.4,580.72,1350.72,3
Mon_01234,Monday,"Four Square Glen Eden,Four Square Torbay,Four Square Ellerslie",10,142.5,180,322.5,770.0,112.5,581.23,1351.23,3
Mon_01235,Monday,"Four Square Britomart,New World Metro Queen St,New World Mt Albert",15,52.5,270,322.5,770.0,112.5,581.36,1351.36,3
Mon_01236,Monday,"New World Devonport,Four Square Ellerslie,Four Square Onehunga",12,106.5,216,322.5,770.0,112.5,581.43,1351.43,3
Mon_01237,Monday,"New World Southmall,Four Square Pakuranga Heights,Four Square Remuera",12,106.5,216,322.5,770.0,112.5,581.49,1351.49,3
Mon_01238,Monday,"Four Square Onehunga,Four Square Pakuranga Heights,New World Metro Queen St,Four Square Eden Terrace",13,88.6,234,322.6,770.0,112.6,581.56,1351.56,4
Mon_01239,Monday,"Four Square Ellerslie,New World Stonefields,Four Square Eden Terrace",14,70.6,252,322.6,770.0,112.6,581.78,1351.78,3
Mon_01240,Monday,"Four Square Onehunga,Four Square St Heliers,Four Square Pakuranga Heights,Four Square Botany Junction",12,106.6,216,322.6,770.0,112.6,581.94,1351.94,4
Mon_01241,Monday,"Four Square Glen Eden,Four Square Torbay,Four Square Remuera",10,142.6,180,322.6,770.0,112.6,581.95,1351.95,3
Mon_01242,Monday,"Four Square Onehunga,Four Square Remuera,New World Birkenhead",13,88.7,234,322.7,770.0,112.7,582.16,1352.16,3
Mon_01243,Monday,"Four Square Onehunga,Four Square Pakuranga Heights,Four Square Botany Junction,Four Square Fair Price Henderson",11,124.7,198,322.7,770.0,112.7,582.28,1352.28,4
Mon_01244,Monday,"Four Square Onehunga,New World Metro Queen St,Four Square Britomart,Four Square Fair Price Henderson",13,88.8,234,322.8,770.0,112.8,582.65,1352.65,4
Mon_01245,Monday,"Four Square Fair Price Henderson,New World Devonport,New World Metro Shore City",11,124.8,198,322.8,770.0,112.8,582.9,1352.9,3
Mon_01246,Monday,"Four Square Pakuranga Heights,Four Square Britomart,New World Metro Queen St,Four Square Eden Terrace",13,88.9,234,322.9,770.0,112.9,583.16,1353.16,4
Mon_01247,Monday,"Four Square Glen Eden,Four Square Torbay,Four Square Lancaster",10,142.9,180,322.9,770.0,112.9,583.24,1353.24,3
Mon_01248,Monday,"Four Square Torbay,New World Browns Bay",12,106.9,216,322.9,770.0,112.9,583.25,1353.25,2
Mon_01249,Monday,"New World Green Bay,Four Square Fair Price Henderson,Four Square Hobsonville",13,88.9,234,322.9,770.0,112.9,583.44,1353.44,3
Mon_01250,Monday,"Four Square Lancaster,New World Albany",12,107.0,216,323.0,770.0,113.0,583.63,1353.63,2
Mon_01251,Monday,"New World Albany,Four Square Ellerslie",12,107.0,216,323.0,770.0,113.0,583.69,1353.69,2
Mon_01252,Monday,"New World Devonport,New World Metro Shore City,Four Square Glen Eden",11,125.1,198,323.1,770.0,113.1,584.32,1354.32,3
Mon_01253,Monday,"New World Albany,Four Square Remuera",12,107.1,216,323.1,770.0,113.1,584.42,1354.42,2
Mon_01254,Monday,"Four Square Pakuranga Heights,Four Square Remuera,New World Metro Shore City,Four Square Eden Terrace",11,125.1,198,323.1,770.0,113.1,584.5,1354.5,4
Mon_01255,Monday,"Four Square Onehunga,Four Square Eden Terrace,New World Metro Queen St,New World Metro Shore City",13,89.3,234,323.3,770.0,113.3,585.17,1355.17,4
Mon_01256,Monday,"Four Square Lancaster,New World Metro Queen St,Four Square St Heliers",11,125.3,198,323.3,770.0,113.3,585.22,1355.22,3
Mon_01257,Monday,"Four Square Onehunga,Four Square Pakuranga Heights,Four Square Eden Terrace,Four Square Glen Eden",12,107.3,216,323.3,770.0,113.3,585.59,1355.59,4
Mon_01258,Monday,"Four Square Pakuranga Heights,Four Square St Heliers,New World New Lynn",12,107.4,216,323.4,770.0,113.4,585.74,1355.74,3
Mon_01259,Monday,"Four Square Pakuranga Heights,Four Square Remuera,Four Square Fair Price Henderson,Four Square Glen Eden",11,125.4,198,323.4,770.0,113.4,585.84,1355.84,4
Mon_01260,Monday,"New World Metro Shore City,Four Square Britomart,Four Square Ellerslie,Four Square Botany Junction",11,125.4,198,323.4,770.0,113.4,585.99,1355.99,4
Mon_01261,Monday,"Four Square Onehunga,Four Square Remuera,Four Square Britomart,Four Square Lancaster",12,107.4,216,323.4,770.0,113.4,586.0,1356.0,4
Mon_01262,Monday,"Four Square Pakuranga Heights,Four Square Torbay,Four Square Glen Eden",9,161.4,162,323.4,770.0,113.4,586.04,1356.04,3
Mon_01263,Monday,"New World Metro Shore City,Four Square Britomart,New World Stonefields",12,107.5,216,323.5,770.0,113.5,586.29,1356.29,3
Mon_01264,Monday,"Four Square Pakuranga Heights,Four Square Britomart,New World Metro Shore City,Four Square Glen Eden",10,143.5,180,323.5,770.0,113.5,586.3,1356.3,4
Mon_01265,Monday,"Four Square Cockle Bay,Four Square Pakuranga Heights,Four Square Onehunga,Four Square Glen Eden",11,125.5,198,323.5,770.0,113.5,586.58,1356.58,4
Mon_01266,Monday,"Four Square Onehunga,New World Stonefields,New World Metro Queen St",14,71.6,252,323.6,770.0,113.6,586.69,1356.69,3
Mon_01267,Monday,"Four Square Torbay,Four Square Ellerslie,Four Square Eden Terrace",11,125.6,198,323.6,770.0,113.6,586.91,1356.91,3
Mon_01268,Monday,"Four Square Britomart,Four Square Ellerslie,New World Mt Albert",14,71.6,252,323.6,770.0,113.6,586.95,1356.95,3
Mon_01269,Monday,"Four Square Eden Terrace,Four Square Britomart,Four Square Lancaster,New World Metro Shore City",12,107.6,216,323.6,770.0,113.6,587.05,1357.05,4
Mon_01270,Monday,"Four Square Glen Eden,New World Milford,New World Metro Shore City",12,107.7,216,323.7,770.0,113.7,587.21,1357.21,3
Mon_01271,Monday,"New World Stonefields,Four Square Remuera,Four Square Eden Terrace",14,71.7,252,323.7,770.0,113.7,587.22,1357.22,3
Mon_01272,Monday,"Four Square Pakuranga Heights,Four Square Cockle Bay,New World Southmall",12,107.7,216,323.7,770.0,113.7,587.4,1357.4,3
Mon_01273,Monday,"Four Square Cockle Bay,Four Square Britomart,Four Square Hobsonville",10,143.7,180,323.7,770.0,113.7,587.46,1357.46,3
Mon_01274,Monday,"Four Square Botany Junction,Four Square Cockle Bay,Four Square Pakuranga Heights,Four Square Eden Terrace",12,107.7,216,323.7,770.0,113.7,587.58,1357.58,4
Mon_01275,Monday,"Four Square Pakuranga Heights,Four Square Remuera,Four Square Britomart,Four Square Fair Price Henderson",11,125.7,198,323.7,770.0,113.7,587.6,1357.6,4
Mon_01276,Monday,"Four Square Torbay,Four Square Remuera,Four Square Eden Terrace",11,125.7,198,323.7,770.0,113.7,587.64,1357.64,3
Mon_01277,Monday,"Four Square Britomart,Four Square Remuera,New World Mt Albert",14,71.7,252,323.7,770.0,113.7,587.68,1357.68,3
Mon_01278,Monday,"Four Square Cockle Bay,Four Square St Heliers,Four Square Fair Price Henderson",10,143.8,180,323.8,770.0,113.8,587.89,1357.89,3
Mon_01279,Monday,"Four Square Pakuranga Heights,Four Square Ellerslie,New World Metro Shore City,Four Square Fair Price Henderson",10,143.8,180,323.8,770.0,113.8,588.04,1358.04,4
Mon_01280,Monday,"Four Square Pakuranga Heights,New World Newmarket,Four Square Britomart",13,89.9,234,323.9,770.0,113.9,588.35,1358.35,3
Mon_01281,Monday,"Four Square Torbay,Pak 'n Save Wairau Road",12,108.0,216,324.0,770.0,114.0,589.07,1359.07,2
Mon_01282,Monday,"Four Square Pakuranga Heights,New World Metro Shore City,New World Mt Albert",12,108.0,216,324.0,770.0,114.0,589.19,1359.19,3
Mon_01283,Monday,"Four Square Onehunga,Four Square Cockle Bay,Four Square Pakuranga Heights,New World Metro Queen St",12,108.1,216,324.1,770.0,114.1,589.51,1359.51,4
Mon_01284,Monday,"Four Square Fair Price Henderson,Four Square Lancaster,New World Metro Shore City,Four Square Britomart",11,126.1,198,324.1,770.0,114.1,589.54,1359.54,4
Mon_01285,Monday,"Four Square Ellerslie,Four Square Remuera,Four Square St Heliers,Four Square Britomart",13,90.2,234,324.2,770.0,114.2,589.91,1359.91,4
Mon_01286,Monday,"New World Milford,Four Square Ellerslie,Four Square Onehunga",13,90.2,234,324.2,770.0,114.2,589.97,1359.97,3
Mon_01287,Monday,"Four Square Onehunga,Four Square Britomart,Four Square Remuera,Four Square Botany Junction",12,108.2,216,324.2,770.0,114.2,590.19,1360.19,4
Mon_01288,Monday,"Four Square Cockle Bay,Four Square Pakuranga Heights,New World Metro Queen St,Four Square Britomart",12,108.2,216,324.2,770.0,114.2,590.25,1360.25,4
Mon_01289,Monday,"Four Square Cockle Bay,Four Square Lancaster,Four Square Fair Price Henderson",9,162.3,162,324.3,770.0,114.3,590.62,1360.62,3
Mon_01290,Monday,"Four Square Cockle Bay,Four Square Fair Price Henderson,Four Square Hobsonville",10,144.3,180,324.3,770.0,114.3,590.67,1360.67,3
Mon_01291,Monday,"Four Square Cockle Bay,Four Square Pakuranga Heights,Four Square Remuera,Four Square Eden Terrace",12,108.3,216,324.3,770.0,114.3,590.74,1360.74,4
Mon_01292,Monday,"New World Metro Queen St,Four Square Remuera,Four Square Pakuranga Heights,Four Square Botany Junction",12,108.3,216,324.3,770.0,114.3,590.78,1360.78,4
Mon_01293,Monday,"Four Square Onehunga,New World Eastridge,Four Square Britomart",14,72.4,252,324.4,770.0,114.4,591.0,1361.0,3
Mon_01294,Monday,"Four Square Pakuranga Heights,Four Square Britomart,New World Point Chevalier",13,90.6,234,324.6,770.0,114.6,591.94,1361.94,3
Mon_01295,Monday,"Four Square Cockle Bay,Four Square Pakuranga Heights,Four Square Torbay",9,162.6,162,324.6,770.0,114.6,592.07,1362.07,3
Mon_01296,Monday,"Four Square Britomart,New World Newmarket,Four Square Ellerslie",14,72.6,252,324.6,770.0,114.6,592.08,1362.08,3
Mon_01297,Monday,"Four Square Pakuranga Heights,Four Square St Heliers,Four Square Remuera,Four Square Britomart",12,108.6,216,324.6,770.0,114.6,592.2,1362.2,4
Mon_01298,Monday,"Four Square Onehunga,New World Metro Queen St,Four Square Lancaster,New World Metro Shore City",12,108.7,216,324.7,770.0,114.7,592.41,1362.41,4
Mon_01299,Monday,"Four Square Fair Price Henderson,Four Square Lancaster,New World Metro Shore City,Four Square Onehunga",11,126.7,198,324.7,770.0,114.7,592.69,1362.69,4
Mon_01300,Monday,"Four Square Britomart,New World Newmarket,Four Square Remuera",14,72.7,252,324.7,770.0,114.7,592.8,1362.8,3
Mon_01301,Monday,"Four Square Pakuranga Heights,Four Square Torbay,Four Square Hobsonville",10,144.8,180,324.8,770.0,114.8,593.06,1363.06,3
Mon_01302,Monday,"Four Square Cockle Bay,New World Metro Queen St,Four Square Lancaster",10,144.8,180,324.8,770.0,114.8,593.09,1363.09,3
Mon_01303,Monday,"Four Square Onehunga,Four Square Britomart,Four Square Eden Terrace,Four Square Glen Eden",13,90.8,234,324.8,770.0,114.8,593.11,1363.11,4
Mon_01304,Monday,"New World Green Bay,Four Square Britomart,Four Square Lancaster",12,108.8,216,324.8,770.0,114.8,593.15,1363.15,3
Mon_01305,Monday,"Four Square Onehunga,Four Square Britomart,New World Devonport",12,108.8,216,324.8,770.0,114.8,593.34,1363.34,3
Mon_01306,Monday,"Four Square Pakuranga Heights,Four Square Torbay,New World Metro Queen St",10,144.9,180,324.9,770.0,114.9,593.45,1363.45,3
Mon_01307,Monday,"Four Square Fair Price Henderson,New World Metro Shore City,Four Square Britomart,New World Metro Queen St",12,109.0,216,325.0,770.0,115.0,594.11,1364.11,4
Mon_01308,Monday,"Four Square Pakuranga Heights,New World Stonefields,New World Metro Queen St",13,91.0,234,325.0,770.0,115.0,594.21,1364.21,3
Mon_01309,Monday,"New World Mt Albert,Four Square Eden Terrace,Four Square Britomart",15,55.1,270,325.1,770.0,115.1,594.58,1364.58,3
Mon_01310,Monday,"Four Square Onehunga,Four Square Eden Terrace,Four Square Fair Price Henderson,Four Square Glen Eden",13,91.1,234,325.1,770.0,115.1,594.82,1364.82,4
Mon_01311,Monday,"New World Southmall,Four Square Pakuranga Heights,Four Square Britomart",12,109.1,216,325.1,770.0,115.1,594.92,1364.92,3
Mon_01312,Monday,"New World Mt Albert,Four Square Fair Price Henderson,Four Square Glen Eden",14,73.1,252,325.1,770.0,115.1,594.94,1364.94,3
Mon_01313,Monday,"Four Square Pakuranga Heights,Four Square Ellerslie,Four Square St Heliers,Four Square Britomart",12,109.2,216,325.2,770.0,115.2,594.97,1364.97,4
Mon_01314,Monday,"Four Square Pakuranga Heights,Four Square Remuera,New World Metro Shore City,Four Square Glen Eden",10,145.2,180,325.2,770.0,115.2,594.98,1364.98,4
Mon_01315,Monday,"Four Square Glen Eden,Four Square Remuera,Four Square Pakuranga Heights,Four Square Botany Junction",11,127.2,198,325.2,770.0,115.2,595.1,1365.1,4
Mon_01316,Monday,"Four Square Onehunga,Four Square Pakuranga Heights,Four Square Eden Terrace,Four Square Fair Price Henderson",12,109.2,216,325.2,770.0,115.2,595.23,1365.23,4
Mon_01317,Monday,"New World Metro Shore City,Four Square Britomart,New World Metro Queen St,Four Square Glen Eden",12,109.3,216,325.3,770.0,115.3,595.53,1365.53,4
Mon_01318,Monday,"New World Papatoetoe,Four Square Remuera,Four Square Onehunga",14,73.3,252,325.3,770.0,115.3,595.69,1365.69,3
Mon_01319,Monday,"Four Square Onehunga,New World Howick,Four Square Botany Junction",13,91.3,234,325.3,770.0,115.3,595.84,1365.84,3
Mon_01320,Monday,"Four Square Torbay,New World Hobsonville",12,109.3,216,325.3,770.0,115.3,595.89,1365.89,2
Mon_01321,Monday,"Four Square Pakuranga Heights,Four Square Britomart,New World Metro Shore City,Four Square Fair Price Henderson",10,145.3,180,325.3,770.0,115.3,595.94,1365.94,4
Mon_01322,Monday,"Four Square Onehunga,New World Birkenhead,Four Square Lancaster",13,91.4,234,325.4,770.0,115.4,596.15,1366.15,3
Mon_01323,Monday,"Four Square Lancaster,Four Square Torbay,Four Square Hobsonville",11,127.4,198,325.4,770.0,115.4,596.32,1366.32,3
Mon_01324,Monday,"Four Square Onehunga,Four Square Pakuranga Heights,New World Birkenhead",12,109.5,216,325.5,770.0,115.5,596.69,1366.69,3
Mon_01325,Monday,"Four Square Lancaster,Four Square Torbay,New World Metro Queen St",11,127.5,198,325.5,770.0,115.5,596.71,1366.71,3
Mon_01326,Monday,"Four Square Britomart,New World Metro Queen St,Four Square Ellerslie,Four Square Eden Terrace",14,73.6,252,325.6,770.0,115.6,597.41,1367.41,4
Mon_01327,Monday,"Four Square Glen Eden,New World Metro Queen St,Four Square Ellerslie,Four Square Onehunga",13,91.7,234,325.7,770.0,115.7,597.61,1367.61,4
Mon_01328,Monday,"Four Square Pakuranga Heights,Four Square Ellerslie,Four Square Remuera,Four Square Lancaster",11,127.7,198,325.7,770.0,115.7,597.66,1367.66,4
Mon_01329,Monday,"Four Square Britomart,New World Metro Queen St,Four Square Remuera,Four Square Eden Terrace",14,73.8,252,325.8,770.0,115.8,598.13,1368.13,4
Mon_01330,Monday,"New World Mt Roskill,Four Square Cockle Bay,Four Square Botany Junction",13,91.8,234,325.8,770.0,115.8,598.26,1368.26,3
Mon_01331,Monday,"Four Square Pakuranga Heights,Four Square St Heliers,Four Square Britomart,New World Metro Shore City",11,127.8,198,325.8,770.0,115.8,598.43,1368.43,4
Mon_01332,Monday,"Four Square Botany Junction,Four Square Pakuranga Heights,New World Mt Albert",13,91.9,234,325.9,770.0,115.9,598.59,1368.59,3
Mon_01333,Monday,"Four Square Pakuranga Heights,New World Stonefields,Four Square Glen Eden",12,109.9,216,325.9,770.0,115.9,598.77,1368.77,3
Mon_01334,Monday,"Four Square Onehunga,Four Square Britomart,New World Metro Shore City,Four Square Hobsonville",12,109.9,216,325.9,770.0,115.9,598.79,1368.79,4
Mon_01335,Monday,"New World Howick,Four Square Cockle Bay,Four Square Botany Junction",13,91.9,234,325.9,770.0,115.9,598.8,1368.8,3
Mon_01336,Monday,"New World Green Bay,Four Square Hobsonville,New World Metro Shore City",12,110.0,216,326.0,770.0,116.0,599.14,1369.14,3
Mon_01337,Monday,"New World Newmarket,Four Square Pakuranga Heights,Four Square Botany Junction",13,92.0,234,326.0,770.0,116.0,599.19,1369.19,3
Mon_01338,Monday,"Four Square Pakuranga Heights,Four Square Britomart,Four Square Fair Price Henderson,Four Square Glen Eden",11,128.0,198,326.0,770.0,116.0,599.27,1369.27,4
Mon_01339,Monday,"Four Square Onehunga,New World Remuera,Four Square Remuera",15,56.0,270,326.0,770.0,116.0,599.34,1369.34,3
Mon_01340,Monday,"Four Square Pakuranga Heights,Four Square Torbay,Four Square Eden Terrace",10,146.0,180,326.0,770.0,116.0,599.52,1369.52,3
Mon_01341,Monday,"Four Square Fair Price Henderson,Four Square Remuera,Four Square Pakuranga Heights,Four Square Botany Junction",11,128.0,198,326.0,770.0,116.0,599.57,1369.57,4
Mon_01342,Monday,"Four Square Onehunga,Four Square Remuera,New World Devonport",12,110.0,216,326.0,770.0,116.0,599.58,1369.58,3
Mon_01343,Monday,"Four Square Fair Price Henderson,New World Metro Shore City,Four Square Britomart,Four Square Ellerslie",11,128.1,198,326.1,770.0,116.1,599.7,1369.7,4
Mon_01344,Monday,"Pak 'n Save Ormiston,Four Square Botany Junction",14,74.1,252,326.1,770.0,116.1,600.07,1370.07,2
Mon_01345,Monday,"Four Square Hobsonville,New World Metro Shore City,Four Square Remuera,Four Square Onehunga",12,110.2,216,326.2,770.0,116.2,600.17,1370.17,4
Mon_01346,Monday,"Four Square Onehunga,Four Square Ellerslie,Pak 'n Save Mt Albert",15,56.2,270,326.2,770.0,116.2,600.22,1370.22,3
Mon_01347,Monday,"Four Square Ellerslie,Four Square Pakuranga Heights,New World Papatoetoe",13,92.2,234,326.2,770.0,116.2,600.33,1370.33,3
Mon_01348,Monday,"Four Square Fair Price Henderson,New World Metro Shore City,Four Square Britomart,Four Square Remuera",11,128.2,198,326.2,770.0,116.2,600.43,1370.43,4
Mon_01349,Monday,"Four Square Pakuranga Heights,New World Eastridge,Four Square Remuera",13,92.2,234,326.2,770.0,116.2,600.49,1370.49,3
Mon_01350,Monday,"Four Square Onehunga,Four Square Pakuranga Heights,Four Square Britomart,Four Square Lancaster",11,128.2,198,326.2,770.0,116.2,600.52,1370.52,4
Mon_01351,Monday,"Four Square Glen Eden,Four Square Fair Price Henderson,New World Point Chevalier",14,74.2,252,326.2,770.0,116.2,600.58,1370.58,3
Mon_01352,Monday,"Four Square Britomart,New World Birkenhead,Four Square Lancaster",13,92.3,234,326.3,770.0,116.3,600.75,1370.75,3
Mon_01353,Monday,"New World Metro Shore City,Four Square Ellerslie,New World Mt Albert",13,92.3,234,326.3,770.0,116.3,600.88,1370.88,3
Mon_01354,Monday,"Four Square Onehunga,New World Stonefields,Four Square Fair Price Henderson",13,92.3,234,326.3,770.0,116.3,600.89,1370.89,3
Mon_01355,Monday,"New World Howick,Four Square Pakuranga Heights,Four Square Eden Terrace",13,92.3,234,326.3,770.0,116.3,601.03,1371.03,3
Mon_01356,Monday,"Four Square Britomart,New World Metro Queen St,New World Point Chevalier",15,56.3,270,326.3,770.0,116.3,601.12,1371.12,3
Mon_01357,Monday,"New World Metro Shore City,Four Square Britomart,Four Square Ellerslie,Four Square Glen Eden",11,128.3,198,326.3,770.0,116.3,601.13,1371.13,4
Mon_01358,Monday,"Four Square Hobsonville,Four Square Torbay,Four Square Ellerslie",11,128.4,198,326.4,770.0,116.4,601.2,1371.2,3
Mon_01359,Monday,"New World Metro Shore City,Four Square Remuera,New World Mt Albert",13,92.4,234,326.4,770.0,116.4,601.61,1371.61,3
Mon_01360,Monday,"New World Metro Shore City,Four Square Britomart,Four Square Remuera,Four Square Glen Eden",11,128.5,198,326.5,770.0,116.5,601.85,1371.85,4
Mon_01361,Monday,"Four Square Remuera,Pak 'n Save Sylvia Park",14,74.5,252,326.5,770.0,116.5,601.86,1371.86,2
Mon_01362,Monday,"Four Square Onehunga,Four Square Britomart,New World Milford",13,92.5,234,326.5,770.0,116.5,601.88,1371.88,3
Mon_01363,Monday,"Four Square Hobsonville,Four Square Torbay,Four Square Remuera",11,128.5,198,326.5,770.0,116.5,601.92,1371.92,3
Mon_01364,Monday,"Four Square Fair Price Henderson,New World Metro Queen St,Four Square Ellerslie,Four Square Onehunga",13,92.5,234,326.5,770.0,116.5,602.08,1372.08,4
Mon_01365,Monday,"Four Square Onehunga,Four Square Botany Junction,Four Square Britomart,New World Metro Shore City",11,128.6,198,326.6,770.0,116.6,602.34,1372.34,4
Mon_01366,Monday,"Pak 'n Save Lincoln Road,Four Square Ellerslie,Four Square Onehunga",14,74.6,252,326.6,770.0,116.6,602.54,1372.54,3
Mon_01367,Monday,"New World Mt Roskill,Four Square Pakuranga Heights,Four Square St Heliers",13,92.7,234,326.7,770.0,116.7,602.71,1372.71,3
Mon_01368,Monday,"Four Square Onehunga,Four Square Britomart,Four Square Eden Terrace,Four Square Fair Price Henderson",13,92.7,234,326.7,770.0,116.7,602.75,1372.75,4
Mon_01369,Monday,"Four Square Lancaster,Four Square Torbay,Four Square Eden Terrace",11,128.7,198,326.7,770.0,116.7,602.78,1372.78,3
Mon_01370,Monday,"Four Square Onehunga,Four Square Ellerslie,New World Remuera",15,56.7,270,326.7,770.0,116.7,603.0,1373.0,3
Mon_01371,Monday,"Four Square Glen Eden,Four Square Fair Price Henderson,Four Square Lancaster,New World Metro Shore City",11,128.7,198,326.7,770.0,116.7,603.02,1373.02,4
Mon_01372,Monday,"Four Square Glen Eden,Four Square Fair Price Henderson,Four Square Britomart,New World Metro Queen St",13,92.7,234,326.7,770.0,116.7,603.11,1373.11,4
Mon_01373,Monday,"Four Square Pakuranga Heights,Four Square Ellerslie,New World Metro Queen St,Four Square Eden Terrace",13,92.8,234,326.8,770.0,116.8,603.52,1373.52,4
Mon_01374,Monday,"Four Square Remuera,Four Square Ellerslie,Four Square Cockle Bay,Four Square Botany Junction",12,110.8,216,326.8,770.0,116.8,603.59,1373.59,4
Mon_01375,Monday,"Four Square Ellerslie,Four Square Remuera,New World Metro Queen St,Four Square Eden Terrace",14,74.8,252,326.8,770.0,116.8,603.68,1373.68,4
Mon_01376,Monday,"Four Square Onehunga,Four Square Cockle Bay,Four Square Pakuranga Heights,Four Square Fair Price Henderson",11,128.8,198,326.8,770.0,116.8,603.71,1373.71,4
Mon_01377,Monday,"Four Square Onehunga,Four Square St Heliers,Four Square Britomart,New World Metro Shore City",12,111.0,216,327.0,770.0,117.0,604.59,1374.59,4
Mon_01378,Monday,"Four Square Pakuranga Heights,Four Square Remuera,New World Metro Shore City,Four Square Fair Price Henderson",10,147.0,180,327.0,770.0,117.0,604.61,1374.61,4
Mon_01379,Monday,"Four Square Botany Junction,Four Square Pakuranga Heights,Four Square Lancaster,New World Metro Shore City",10,147.0,180,327.0,770.0,117.0,604.71,1374.71,4
Mon_01380,Monday,"Pak 'n Save Albany,Four Square Hobsonville",13,93.1,234,327.1,770.0,117.1,605.12,1375.12,2
Mon_01381,Monday,"Four Square Botany Junction,Four Square Ellerslie,Four Square Remuera,Four Square Eden Terrace",13,93.1,234,327.1,770.0,117.1,605.15,1375.15,4
Mon_01382,Monday,"Four Square Onehunga,Four Square Lancaster,New World Metro Shore City,Four Square Eden Terrace",12,111.1,216,327.1,770.0,117.1,605.22,1375.22,4
Mon_01383,Monday,"New World Metro Shore City,Four Square Remuera,Four Square Botany Junction,Four Square Onehunga",11,129.2,198,327.2,770.0,117.2,605.35,1375.35,4
Mon_01384,Monday,"Four Square Pakuranga Heights,New World Newmarket,New World Metro Shore City",12,111.2,216,327.2,770.0,117.2,605.36,1375.36,3
Mon_01385,Monday,"Pak 'n Save Albany,New World Metro Queen St",13,93.2,234,327.2,770.0,117.2,605.51,1375.51,2
Mon_01386,Monday,"New World Metro Shore City,New World Metro Queen St,Four Square Pakuranga Heights,Four Square Botany Junction",11,129.2,198,327.2,770.0,117.2,605.7,1375.7,4
Mon_01387,Monday,"Four Square Cockle Bay,Four Square Lancaster,Four Square Eden Terrace",10,147.3,180,327.3,770.0,117.3,605.91,1375.91,3
Mon_01388,Monday,"New World Metro Shore City,New World Newmarket,Four Square Ellerslie",13,93.3,234,327.3,770.0,117.3,606.01,1376.01,3
Mon_01389,Monday,"Four Square Cockle Bay,Four Square Botany Junction,New World New Lynn",12,111.4,216,327.4,770.0,117.4,606.31,1376.31,3
Mon_01390,Monday,"Four Square Lancaster,Four Square Remuera,Four Square Pakuranga Heights,Four Square Onehunga",11,129.4,198,327.4,770.0,117.4,606.57,1376.57,4
Mon_01391,Monday,"Four Square Ellerslie,New World Stonefields,Four Square Botany Junction",13,93.4,234,327.4,770.0,117.4,606.69,1376.69,3
Mon_01392,Monday,"Four Square Britomart,Four Square Ellerslie,New World Point Chevalier",14,75.4,252,327.4,770.0,117.4,606.72,1376.72,3
Mon_01393,Monday,"New World Metro Shore City,New World Newmarket,Four Square Remuera",13,93.4,234,327.4,770.0,117.4,606.73,1376.73,3
Mon_01394,Monday,"Four Square Pakuranga Heights,Four Square St Heliers,New World Green Bay",12,111.5,216,327.5,770.0,117.5,606.96,1376.96,3
Mon_01395,Monday,"Four Square Onehunga,Four Square Ellerslie,Four Square Botany Junction,Four Square Eden Terrace",13,93.5,234,327.5,770.0,117.5,607.02,1377.02,4
Mon_01396,Monday,"Four Square Hobsonville,New World Milford,New World Metro Shore City",13,93.5,234,327.5,770.0,117.5,607.18,1377.18,3
Mon_01397,Monday,"Four Square Ellerslie,Four Square Remuera,New World Eastridge",14,75.6,252,327.6,770.0,117.6,607.38,1377.38,3
Mon_01398,Monday,"Four Square Britomart,Four Square Remuera,New World Point Chevalier",14,75.6,252,327.6,770.0,117.6,607.44,1377.44,3
Mon_01399,Monday,"Four Square Pakuranga Heights,Four Square Ellerslie,Four Square Eden Terrace,Four Square Glen Eden",12,111.6,216,327.6,770.0,117.6,607.55,1377.55,4
Mon_01400,Monday,"New World Metro Queen St,Four Square Torbay,Four Square Ellerslie",11,129.6,198,327.6,770.0,117.6,607.58,1377.58,3
Mon_01401,Monday,"Four Square Ellerslie,Four Square Remuera,Four Square Eden Terrace,Four Square Glen Eden",13,93.6,234,327.6,770.0,117.6,607.71,1377.71,4
Mon_01402,Monday,"Four Square Onehunga,Four Square Remuera,New World Milford",13,93.7,234,327.7,770.0,117.7,608.12,1378.12,3
Mon_01403,Monday,"New World Metro Queen St,Four Square Torbay,Four Square Remuera",11,129.7,198,327.7,770.0,117.7,608.3,1378.3,3
Mon_01404,Monday,"Four Square Onehunga,Four Square Remuera,New World Metro Queen St,Four Square Glen Eden",13,93.7,234,327.7,770.0,117.7,608.36,1378.36,4
Mon_01405,Monday,"Four Square Pakuranga Heights,New World Stonefields,Four Square Fair Price Henderson",12,111.8,216,327.8,770.0,117.8,608.41,1378.41,3
Mon_01406,Monday,"New World Papatoetoe,Four Square Ellerslie,Four Square Remuera",14,75.8,252,327.8,770.0,117.8,608.66,1378.66,3
Mon_01407,Monday,"New World Howick,Four Square Remuera,Four Square Onehunga",13,93.8,234,327.8,770.0,117.8,608.67,1378.67,3
Mon_01408,Monday,"New World Birkenhead,New World Metro Shore City,New World Metro Queen St",13,93.8,234,327.8,770.0,117.8,608.67,1378.67,3
Mon_01409,Monday,"Four Square Glen Eden,Four Square Fair Price Henderson,Four Square Britomart,Four Square Ellerslie",12,111.8,216,327.8,770.0,117.8,608.7,1378.7,4
Mon_01410,Monday,"Four Square Pakuranga Heights,New World Metro Shore City,New World Point Chevalier",12,111.9,216,327.9,770.0,117.9,608.96,1378.96,3
Mon_01411,Monday,"Four Square Pakuranga Heights,Four Square St Heliers,Four Square Remuera,New World Metro Shore City",11,129.9,198,327.9,770.0,117.9,609.22,1379.22,4
Mon_01412,Monday,"Four Square Glen Eden,Four Square Fair Price Henderson,Four Square Britomart,Four Square Remuera",12,112.0,216,328.0,770.0,118.0,609.43,1379.43,4
Mon_01413,Monday,"Four Square Remuera,Four Square St Heliers,Four Square Pakuranga Heights,Four Square Botany Junction",12,112.0,216,328.0,770.0,118.0,609.82,1379.82,4
Mon_01414,Monday,"Four Square Cockle Bay,Four Square Pakuranga Heights,Four Square Britomart,Four Square Eden Terrace",12,112.1,216,328.1,770.0,118.1,610.35,1380.35,4
Mon_01415,Monday,"Four Square Britomart,Four Square Ellerslie,Four Square Cockle Bay,Four Square Onehunga",12,112.2,216,328.2,770.0,118.2,610.91,1380.91,4
Mon_01416,Monday,"Four Square Glen Eden,Four Square Torbay,Four Square Hobsonville",11,130.2,198,328.2,770.0,118.2,610.96,1380.96,3
Mon_01417,Monday,"Four Square Onehunga,Four Square Ellerslie,Four Square Remuera,Four Square Hobsonville",13,94.3,234,328.3,770.0,118.3,611.07,1381.07,4
Mon_01418,Monday,"Four Square Glen Eden,Four Square Torbay,New World Metro Queen St",11,130.3,198,328.3,770.0,118.3,611.34,1381.34,3
Mon_01419,Monday,"Four Square Cockle Bay,Four Square Pakuranga Heights,Four Square Ellerslie,New World Metro Queen St",12,112.3,216,328.3,770.0,118.3,611.46,1381.46,4
Mon_01420,Monday,"Pak 'n Save Albany,Four Square Eden Terrace",13,94.4,234,328.4,770.0,118.4,611.58,1381.58,2
Mon_01421,Monday,"Four Square Pakuranga Heights,New World Eastridge,Four Square Britomart",13,94.4,234,328.4,770.0,118.4,611.84,1381.84,3
Mon_01422,Monday,"New World Metro Shore City,Four Square Britomart,Four Square Remuera,Four Square Botany Junction",11,130.4,198,328.4,770.0,118.4,611.86,1381.86,4
Mon_01423,Monday,"Four Square Glen Eden,Four Square Britomart,Four Square Pakuranga Heights,Four Square Botany Junction",11,130.4,198,328.4,770.0,118.4,611.87,1381.87,4
Mon_01424,Monday,"Four Square Lancaster,Pak 'n Save Wairau Road,New World Metro Shore City",13,94.4,234,328.4,770.0,118.4,611.94,1381.94,3
Mon_01425,Monday,"New World Southmall,Four Square Pakuranga Heights,New World Metro Shore City",11,130.4,198,328.4,770.0,118.4,611.94,1381.94,3
Mon_01426,Monday,"Four Square Fair Price Henderson,Four Square Lancaster,Four Square St Heliers",10,148.5,180,328.5,770.0,118.5,612.27,1382.27,3
Mon_01427,Monday,"Four Square Remuera,New World Stonefields,Four Square Botany Junction",13,94.6,234,328.6,770.0,118.6,612.56,1382.56,3
Mon_01428,Monday,"Four Square Fair Price Henderson,Four Square Ellerslie,Four Square Remuera,Four Square Eden Terrace",13,94.7,234,328.7,770.0,118.7,613.07,1383.07,4
Mon_01429,Monday,"Four Square Fair Price Henderson,New World Metro Shore City,Four Square Britomart,Four Square Eden Terrace",12,112.7,216,328.7,770.0,118.7,613.35,1383.35,4
Mon_01430,Monday,"New World Birkenhead,Four Square Ellerslie,Four Square Remuera",13,94.7,234,328.7,770.0,118.7,613.41,1383.41,3
Mon_01431,Monday,"New World Albany,Four Square Hobsonville",13,94.7,234,328.7,770.0,118.7,613.42,1383.42,2
Mon_01432,Monday,"Four Square Torbay,Four Square Ellerslie,Four Square Botany Junction",10,148.8,180,328.8,770.0,118.8,613.62,1383.62,3
Mon_01433,Monday,"New World Albany,New World Metro Queen St",13,94.8,234,328.8,770.0,118.8,613.81,1383.81,2
Mon_01434,Monday,"Four Square Onehunga,Four Square Pakuranga Heights,New World Devonport",11,130.9,198,328.9,770.0,118.9,614.1,1384.1,3
Mon_01435,Monday,"Four Square Ellerslie,Four Square St Heliers,Four Square Pakuranga Heights,Four Square Botany Junction",12,112.9,216,328.9,770.0,118.9,614.32,1384.32,4
Mon_01436,Monday,"Four Square Britomart,New World Metro Queen St,New World Newmarket",15,58.9,270,328.9,770.0,118.9,614.38,1384.38,3
Mon_01437,Monday,"New World Birkenhead,New World Metro Shore City,Four Square Eden Terrace",13,95.0,234,329.0,770.0,119.0,614.74,1384.74,3
Mon_01438,Monday,"New World Metro Shore City,Four Square Britomart,Four Square Eden Terrace,Four Square Glen Eden",12,113.0,216,329.0,770.0,119.0,614.78,1384.78,4
Mon_01439,Monday,"Four Square Hobsonville,New World Metro Shore City,Four Square Pakuranga Heights,Four Square Onehunga",11,131.1,198,329.1,770.0,119.1,615.27,1385.27,4
Mon_01440,Monday,"Four Square Onehunga,Four Square St Heliers,Four Square Remuera,New World Metro Shore City",12,113.1,216,329.1,770.0,119.1,615.38,1385.38,4
Mon_01441,Monday,"Four Square Pakuranga Heights,Four Square Cockle Bay,Four Square Botany Junction,Four Square Glen Eden",11,131.1,198,329.1,770.0,119.1,615.46,1385.46,4
Mon_01442,Monday,"Four Square Glen Eden,Four Square Fair Price Henderson,Four Square Pakuranga Heights,Four Square Botany Junction",11,131.2,198,329.2,770.0,119.2,615.82,1385.82,4
Mon_01443,Monday,"Four Square Cockle Bay,Four Square Botany Junction,New World Green Bay",12,113.2,216,329.2,770.0,119.2,616.03,1386.03,3
Mon_01444,Monday,"Four Square Cockle Bay,Four Square Pakuranga Heights,Four Square Ellerslie,Four Square Glen Eden",11,131.2,198,329.2,770.0,119.2,616.03,1386.03,4
Mon_01445,Monday,"Four Square Britomart,Four Square Ellerslie,New World Southmall",13,95.3,234,329.3,770.0,119.3,616.23,1386.23,3
Mon_01446,Monday,"Four Square Pakuranga Heights,New World Metro Shore City,Four Square Fair Price Henderson,Four Square Glen Eden",10,149.3,180,329.3,770.0,119.3,616.29,1386.29,4
Mon_01447,Monday,"Four Square Fair Price Henderson,Four Square Britomart,Four Square Pakuranga Heights,Four Square Botany Junction",11,131.3,198,329.3,770.0,119.3,616.34,1386.34,4
Mon_01448,Monday,"Four Square Glen Eden,Four Square Fair Price Henderson,New World Metro Shore City,Four Square Remuera",11,131.3,198,329.3,770.0,119.3,616.58,1386.58,4
Mon_01449,Monday,"Four Square Onehunga,Four Square Ellerslie,Four Square St Heliers,New World Metro Shore City",12,113.4,216,329.4,770.0,119.4,616.87,1386.87,4
Mon_01450,Monday,"Four Square Pakuranga Heights,Four Square Ellerslie,Four Square Eden Terrace,Four Square Fair Price Henderson",12,113.5,216,329.5,770.0,119.5,617.19,1387.19,4
Mon_01451,Monday,"Four Square Onehunga,New World Newmarket,New World Metro Queen St",15,59.5,270,329.5,770.0,119.5,617.34,1387.34,3
Mon_01452,Monday,"Four Square Glen Eden,Four Square Torbay,Four Square Eden Terrace",11,131.5,198,329.5,770.0,119.5,617.42,1387.42,3
Mon_01453,Monday,"Four Square Lancaster,New World Metro Shore City,New World Mt Albert",13,95.5,234,329.5,770.0,119.5,617.43,1387.43,3
Mon_01454,Monday,"Four Square Torbay,New World Metro Queen St,Four Square Eden Terrace",12,113.5,216,329.5,770.0,119.5,617.56,1387.56,3
Mon_01455,Monday,"Four Square Onehunga,Four Square Remuera,New World Metro Queen St,Four Square Fair Price Henderson",13,95.6,234,329.6,770.0,119.6,618.0,1388.0,4
Mon_01456,Monday,"Four Square Onehunga,New World Papatoetoe,Four Square Botany Junction",14,77.6,252,329.6,770.0,119.6,618.01,1388.01,3
Mon_01457,Monday,"Four Square Lancaster,Four Square St Heliers,Four Square Eden Terrace",11,131.6,198,329.6,770.0,119.6,618.06,1388.06,3
Mon_01458,Monday,"New World Metro Shore City,Pak 'n Save Glen Innes",12,113.7,216,329.7,770.0,119.7,618.23,1388.23,2
Mon_01459,Monday,"Four Square Pakuranga Heights,Four Square Eden Terrace,New World Mt Albert",14,77.7,252,329.7,770.0,119.7,618.33,1388.33,3
Mon_01460,Monday,"Four Square Botany Junction,Four Square Pakuranga Heights,New World Point Chevalier",13,95.7,234,329.7,770.0,119.7,618.36,1388.36,3
Mon_01461,Monday,"Four Square Fair Price Henderson,Four Square Hobsonville,Four Square St Heliers",11,131.7,198,329.7,770.0,119.7,618.47,1388.47,3
Mon_01462,Monday,"New World Metro Shore City,Four Square St Heliers,Four Square Pakuranga Heights,Four Square Onehunga",11,131.7,198,329.7,770.0,119.7,618.52,1388.52,4
Mon_01463,Monday,"Four Square Britomart,Pak 'n Save Sylvia Park",14,77.7,252,329.7,770.0,119.7,618.62,1388.62,2
Mon_01464,Monday,"Four Square Pakuranga Heights,Four Square Ellerslie,New World Birkenhead",12,113.7,216,329.7,770.0,119.7,618.64,1388.64,3
Mon_01465,Monday,"New World Papatoetoe,Four Square Pakuranga Heights,Four Square Remuera",13,95.8,234,329.8,770.0,119.8,618.98,1388.98,3
Mon_01466,Monday,"Four Square Ellerslie,New World Stonefields,New World Metro Queen St",14,77.8,252,329.8,770.0,119.8,619.07,1389.07,3
Mon_01467,Monday,"Four Square Onehunga,Four Square Remuera,Pak 'n Save Lincoln Road",14,77.9,252,329.9,770.0,119.9,619.59,1389.59,3
Mon_01468,Monday,"Four Square Britomart,New World Eastridge,Four Square Remuera",14,77.9,252,329.9,770.0,119.9,619.64,1389.64,3
Mon_01469,Monday,"Four Square Remuera,Four Square St Heliers,New World New Lynn",13,96.0,234,330.0,770.0,120.0,619.78,1389.78,3
Mon_01470,Monday,"New World Albany,Four Square Eden Terrace",13,96.0,234,330.0,770.0,120.0,619.88,1389.88,2
Mon_01471,Monday,"Four Square Cockle Bay,Four Square Torbay,New World Metro Shore City",9,168.0,162,330.0,770.0,120.0,619.9,1389.9,3
Mon_01472,Monday,"Four Square Pakuranga Heights,Four Square Remuera,New World Metro Queen St,Four Square Eden Terrace",13,96.0,234,330.0,770.0,120.0,620.09,1390.09,4
Mon_01473,Monday,"Four Square Cockle Bay,Four Square Ellerslie,New World New Lynn",12,114.0,216,330.0,770.0,120.0,620.2,1390.2,3
Mon_01474,Monday,"Four Square Britomart,Four Square Lancaster,New World Metro Shore City,Four Square Glen Eden",11,132.1,198,330.1,770.0,120.1,620.29,1390.29,4
Mon_01475,Monday,"Four Square Britomart,Four Square Eden Terrace,New World Point Chevalier",15,60.1,270,330.1,770.0,120.1,620.37,1390.37,3
Mon_01476,Monday,"Four Square Lancaster,Four Square Britomart,Four Square Ellerslie,Four Square Remuera",12,114.1,216,330.1,770.0,120.1,620.39,1390.39,4
Mon_01477,Monday,"New World Metro Shore City,Four Square Ellerslie,New World Point Chevalier",13,96.1,234,330.1,770.0,120.1,620.65,1390.65,3
Mon_01478,Monday,"Four Square Britomart,Four Square St Heliers,Four Square Pakuranga Heights,Four Square Botany Junction",12,114.2,216,330.2,770.0,120.2,620.83,1390.83,4
Mon_01479,Monday,"New World Metro Shore City,Four Square Remuera,New World Point Chevalier",13,96.3,234,330.3,770.0,120.3,621.37,1391.37,3
Mon_01480,Monday,"Four Square Fair Price Henderson,Four Square Hobsonville,New World Metro Shore City,Four Square Britomart",12,114.3,216,330.3,770.0,120.3,621.46,1391.46,4
Mon_01481,Monday,"New World Howick,Four Square Ellerslie,Four Square Remuera",13,96.3,234,330.3,770.0,120.3,621.64,1391.64,3
Mon_01482,Monday,"Four Square Onehunga,Four Square Ellerslie,Four Square Botany Junction,Four Square Glen Eden",12,114.3,216,330.3,770.0,120.3,621.67,1391.67,4
Mon_01483,Monday,"Four Square Glen Eden,Four Square Fair Price Henderson,Four Square Britomart,Four Square Eden Terrace",13,96.5,234,330.5,770.0,120.5,622.35,1392.35,4
Mon_01484,Monday,"Four Square Pakuranga Heights,Four Square Ellerslie,Four Square Britomart,Four Square Lancaster",11,132.5,198,330.5,770.0,120.5,622.47,1392.47,4
Mon_01485,Monday,"Four Square Onehunga,New World Metro Queen St,New World Metro Shore City,Four Square Glen Eden",12,114.5,216,330.5,770.0,120.5,622.52,1392.52,4
Mon_01486,Monday,"Four Square Onehunga,Four Square Pakuranga Heights,New World Milford",12,114.5,216,330.5,770.0,120.5,622.64,1392.64,3
Mon_01487,Monday,"Four Square Onehunga,Four Square Pakuranga Heights,New World Metro Queen St,Four Square Glen Eden",12,114.6,216,330.6,770.0,120.6,622.88,1392.88,4
Mon_01488,Monday,"Four Square Pakuranga Heights,New World Remuera,Four Square Onehunga",14,78.6,252,330.6,770.0,120.6,623.03,1393.03,3
Mon_01489,Monday,"Four Square Onehunga,New World Stonefields,Four Square St Heliers",14,78.6,252,330.6,770.0,120.6,623.14,1393.14,3
Mon_01490,Monday,"Four Square Fair Price Henderson,New World Metro Shore City,Four Square Pakuranga Heights,Four Square Botany Junction",10,150.7,180,330.7,770.0,120.7,623.48,1393.48,4
Mon_01491,Monday,"Four Square Ellerslie,Four Square Botany Junction,New World Southmall",13,96.7,234,330.7,770.0,120.7,623.51,1393.51,3
Mon_01492,Monday,"Four Square Ellerslie,New World Stonefields,Four Square Glen Eden",13,96.7,234,330.7,770.0,120.7,623.63,1393.63,3
Mon_01493,Monday,"Four Square Pakuranga Heights,New World Metro Queen St,Four Square Britomart,Four Square Glen Eden",12,114.7,216,330.7,770.0,120.7,623.63,1393.63,4
Mon_01494,Monday,"Four Square Pakuranga Heights,New World Botany,Four Square Onehunga",14,78.8,252,330.8,770.0,120.8,623.89,1393.89,3
Mon_01495,Monday,"Four Square Britomart,New World Metro Queen St,Four Square Ellerslie,Four Square Botany Junction",13,96.8,234,330.8,770.0,120.8,624.12,1394.12,4
Mon_01496,Monday,"Four Square Pakuranga Heights,Four Square Remuera,Four Square Eden Terrace,Four Square Glen Eden",12,114.8,216,330.8,770.0,120.8,624.12,1394.12,4
Mon_01497,Monday,"Four Square Ellerslie,Four Square St Heliers,New World New Lynn",13,96.8,234,330.8,770.0,120.8,624.28,1394.28,3
Mon_01498,Monday,"Four Square Botany Junction,Four Square Pakuranga Heights,New World Metro Shore City,Four Square Eden Terrace",11,132.8,198,330.8,770.0,120.8,624.35,1394.35,4
Mon_01499,Monday,"Four Square Britomart,New World Metro Queen St,New World Stonefields",14,78.9,252,330.9,770.0,120.9,624.42,1394.42,3
Mon_01500,Monday,"New World Stonefields,Four Square Remuera,New World Metro Queen St",14,78.9,252,330.9,770.0,120.9,624.51,1394.51,3
Mon_01501,Monday,"Four Square Fair Price Henderson,Four Square Hobsonville,New World Metro Shore City,Four Square Onehunga",12,114.9,216,330.9,770.0,120.9,624.61,1394.61,4
Mon_01502,Monday,"Four Square Cockle Bay,Four Square Ellerslie,Four Square Remuera,Four Square Britomart",12,114.9,216,330.9,770.0,120.9,624.78,1394.78,4
Mon_01503,Monday,"Four Square Botany Junction,Four Square Cockle Bay,Four Square Pakuranga Heights,New World Metro Queen St",12,114.9,216,330.9,770.0,120.9,624.87,1394.87,4
Mon_01504,Monday,"Four Square Ellerslie,Four Square Pakuranga Heights,New World Ormiston",13,97.0,234,331.0,770.0,121.0,625.02,1395.02,3
Mon_01505,Monday,"New World Birkenhead,New World Metro Shore City,Four Square Glen Eden",12,115.0,216,331.0,770.0,121.0,625.22,1395.22,3
Mon_01506,Monday,"Four Square Cockle Bay,Four Square Pakuranga Heights,Four Square Ellerslie,Four Square Fair Price Henderson",11,133.1,198,331.1,770.0,121.1,625.67,1395.67,4
Mon_01507,Monday,"Four Square Glen Eden,New World Metro Shore City,Four Square Pakuranga Heights,Four Square Botany Junction",10,151.1,180,331.1,770.0,121.1,625.8,1395.8,4
Mon_01508,Monday,"Four Square Pakuranga Heights,Four Square Ellerslie,New World Eastridge",13,97.1,234,331.1,770.0,121.1,625.84,1395.84,3
Mon_01509,Monday,"Four Square Pakuranga Heights,Pak 'n Save Wairau Road,New World Metro Shore City",12,115.2,216,331.2,770.0,121.2,626.3,1396.3,3
Mon_01510,Monday,"Four Square Pakuranga Heights,Four Square Britomart,New World Birkenhead",12,115.3,216,331.3,770.0,121.3,626.54,1396.54,3
Mon_01511,Monday,"Four Square Pakuranga Heights,Four Square St Heliers,Four Square Ellerslie,New World Metro Shore City",11,133.3,198,331.3,770.0,121.3,626.77,1396.77,4
Mon_01512,Monday,"Four Square Cockle Bay,Four Square Pakuranga Heights,New World Mt Albert",13,97.3,234,331.3,770.0,121.3,626.81,1396.81,3
Mon_01513,Monday,"Four Square Britomart,New World Newmarket,Four Square Eden Terrace",15,61.4,270,331.4,770.0,121.4,627.45,1397.45,3
Mon_01514,Monday,"New World Metro Shore City,Four Square Ellerslie,Four Square Fair Price Henderson,Four Square Glen Eden",11,133.5,198,331.5,770.0,121.5,627.98,1397.98,4
Mon_01515,Monday,"Four Square Cockle Bay,Four Square Pakuranga Heights,Four Square Remuera,New World Metro Queen St",12,115.6,216,331.6,770.0,121.6,628.03,1398.03,4
Mon_01516,Monday,"Four Square Onehunga,Four Square Britomart,New World Victoria Park",15,61.7,270,331.7,770.0,121.7,628.66,1398.66,3
Mon_01517,Monday,"Four Square Fair Price Henderson,Four Square Ellerslie,New World Stonefields",13,97.7,234,331.7,770.0,121.7,628.99,1398.99,3
Mon_01518,Monday,"Four Square Cockle Bay,New World Stonefields,Four Square Onehunga",13,97.8,234,331.8,770.0,121.8,629.05,1399.05,3
Mon_01519,Monday,"New World Stonefields,Four Square Remuera,Four Square Glen Eden",13,97.8,234,331.8,770.0,121.8,629.08,1399.08,3
Mon_01520,Monday,"Four Square Cockle Bay,Four Square Pakuranga Heights,Four Square St Heliers,Four Square Onehunga",12,115.8,216,331.8,770.0,121.8,629.46,1399.46,4
Mon_01521,Monday,"Four Square Glen Eden,Four Square Lancaster,New World Metro Shore City,Four Square Onehunga",11,133.9,198,331.9,770.0,121.9,629.95,1399.95,4
Mon_01522,Monday,"Four Square Onehunga,Four Square Ellerslie,Four Square Cockle Bay,New World Metro Shore City",11,133.9,198,331.9,770.0,121.9,630.01,1400.01,4
Mon_01523,Monday,"Four Square Onehunga,Pak 'n Save Botany",14,80.0,252,332.0,770.0,122.0,630.14,1400.14,2
Mon_01524,Monday,"New World Metro Shore City,Four Square Ellerslie,New World Southmall",12,116.0,216,332.0,770.0,122.0,630.16,1400.16,3
Mon_01525,Monday,"Four Square Onehunga,New World Ormiston,Four Square Botany Junction",14,80.0,252,332.0,770.0,122.0,630.18,1400.18,3
Mon_01526,Monday,"Four Square Fair Price Henderson,New World Birkenhead,New World Metro Shore City",12,116.0,216,332.0,770.0,122.0,630.57,1400.57,3
Mon_01527,Monday,"Pak 'n Save Lincoln Road,Four Square Fair Price Henderson,Four Square Britomart",14,80.1,252,332.1,770.0,122.1,630.62,1400.62,3
Mon_01528,Monday,"Four Square Pakuranga Heights,New World Stonefields,Four Square St Heliers",13,98.1,234,332.1,770.0,122.1,630.66,1400.66,3
Mon_01529,Monday,"Four Square Britomart,Four Square St Heliers,New World New Lynn",13,98.1,234,332.1,770.0,122.1,630.78,1400.78,3
Mon_01530,Monday,"New World Devonport,Four Square Ellerslie,Four Square Remuera",12,116.1,216,332.1,770.0,122.1,630.83,1400.83,3
Mon_01531,Monday,"Four Square Pakuranga Heights,New World Botany,Four Square Botany Junction",14,80.1,252,332.1,770.0,122.1,630.98,1400.98,3
Mon_01532,Monday,"New World Metro Shore City,New World Metro Queen St,New World Mt Albert",14,80.1,252,332.1,770.0,122.1,631.0,1401.0,3
Mon_01533,Monday,"Four Square Hobsonville,Four Square Torbay,New World Metro Queen St",12,116.2,216,332.2,770.0,122.2,631.31,1401.31,3
Mon_01534,Monday,"New World Mt Albert,Four Square Eden Terrace,Four Square Ellerslie",15,62.3,270,332.3,770.0,122.3,631.68,1401.68,3
Mon_01535,Monday,"Four Square Onehunga,New World Metro Queen St,Four Square Fair Price Henderson,Four Square Glen Eden",13,98.3,234,332.3,770.0,122.3,632.11,1402.11,4
Mon_01536,Monday,"Four Square Onehunga,New World Metro Queen St,New World Metro Shore City,Four Square Fair Price Henderson",12,116.4,216,332.4,770.0,122.4,632.16,1402.16,4
Mon_01537,Monday,"New World Metro Shore City,Four Square Britomart,Four Square St Heliers,Four Square Remuera",12,116.4,216,332.4,770.0,122.4,632.2,1402.2,4
Mon_01538,Monday,"New World Mt Albert,Four Square Eden Terrace,Four Square Remuera",15,62.4,270,332.4,770.0,122.4,632.4,1402.4,3
Mon_01539,Monday,"New World Papatoetoe,Four Square Pakuranga Heights,Four Square Britomart",13,98.4,234,332.4,770.0,122.4,632.42,1402.42,3
Mon_01540,Monday,"Four Square Onehunga,Four Square Pakuranga Heights,New World Metro Queen St,Four Square Fair Price Henderson",12,116.4,216,332.4,770.0,122.4,632.52,1402.52,4
Mon_01541,Monday,"New World Metro Shore City,Pak 'n Save Sylvia Park",13,98.4,234,332.4,770.0,122.4,632.55,1402.55,2
Mon_01542,Monday,"Four Square Pakuranga Heights,Four Square Cockle Bay,New World Papatoetoe",13,98.4,234,332.4,770.0,122.4,632.55,1402.55,3
Mon_01543,Monday,"Four Square Cockle Bay,Four Square Pakuranga Heights,Four Square Remuera,Four Square Glen Eden",11,134.4,198,332.4,770.0,122.4,632.6,1402.6,4
Mon_01544,Monday,"Four Square Cockle Bay,Four Square Pakuranga Heights,Four Square Lancaster,New World Metro Shore City",10,152.5,180,332.5,770.0,122.5,632.94,1402.94,4
Mon_01545,Monday,"Four Square Pakuranga Heights,New World Metro Queen St,Four Square Britomart,Four Square Fair Price Henderson",12,116.6,216,332.6,770.0,122.6,633.27,1403.27,4
Mon_01546,Monday,"Four Square Cockle Bay,Four Square Eden Terrace,Four Square Hobsonville",11,134.6,198,332.6,770.0,122.6,633.62,1403.62,3
Mon_01547,Monday,"Four Square Pakuranga Heights,Four Square Remuera,Four Square Eden Terrace,Four Square Fair Price Henderson",12,116.7,216,332.7,770.0,122.7,633.76,1403.76,4
Mon_01548,Monday,"Four Square Onehunga,New World Metro Queen St,Four Square Britomart,Four Square Lancaster",13,98.7,234,332.7,770.0,122.7,634.1,1404.1,4
Mon_01549,Monday,"Four Square Cockle Bay,Four Square Lancaster,Four Square Hobsonville",10,152.8,180,332.8,770.0,122.8,634.32,1404.32,3
Mon_01550,Monday,"Four Square Fair Price Henderson,New World Stonefields,Four Square Remuera",13,98.8,234,332.8,770.0,122.8,634.43,1404.43,3
Mon_01551,Monday,"Four Square Pakuranga Heights,New World Newmarket,Four Square Eden Terrace",14,80.8,252,332.8,770.0,122.8,634.5,1404.5,3
Mon_01552,Monday,"Four Square Britomart,Four Square Ellerslie,Four Square Cockle Bay,Four Square Botany Junction",12,116.8,216,332.8,770.0,122.8,634.53,1404.53,4
Mon_01553,Monday,"Four Square Glen Eden,Four Square Fair Price Henderson,Four Square Hobsonville,New World Metro Shore City",12,116.9,216,332.9,770.0,122.9,634.95,1404.95,4
Mon_01554,Monday,"Four Square Fair Price Henderson,Pak 'n Save Lincoln Road,New World Metro Shore City",13,98.9,234,332.9,770.0,122.9,635.1,1405.1,3
Mon_01555,Monday,"Four Square Britomart,Four Square Torbay,Four Square Botany Junction",10,152.9,180,332.9,770.0,122.9,635.13,1405.13,3
Mon_01556,Monday,"Four Square Pakuranga Heights,Four Square Remuera,New World Birkenhead",12,116.9,216,332.9,770.0,122.9,635.21,1405.21,3
Mon_01557,Monday,"New World Metro Shore City,Four Square Ellerslie,Four Square Remuera,Four Square St Heliers",12,117.0,216,333.0,770.0,123.0,635.26,1405.26,4
Mon_01558,Monday,"Four Square Onehunga,New World Metro Shore City,Four Square Eden Terrace,Four Square Glen Eden",12,117.0,216,333.0,770.0,123.0,635.33,1405.33,4
Mon_01559,Monday,"New World Birkenhead,Four Square Britomart,New World Metro Queen St",14,81.1,252,333.1,770.0,123.1,635.77,1405.77,3
Mon_01560,Monday,"Four Square Pakuranga Heights,Four Square Eden Terrace,New World Metro Queen St,New World Metro Shore City",12,117.1,216,333.1,770.0,123.1,635.79,1405.79,4
Mon_01561,Monday,"New World Green Bay,Four Square Remuera,Four Square St Heliers",13,99.1,234,333.1,770.0,123.1,635.86,1405.86,3
Mon_01562,Monday,"Four Square Pakuranga Heights,Four Square Ellerslie,New World Devonport",11,135.1,198,333.1,770.0,123.1,636.06,1406.06,3
Mon_01563,Monday,"Four Square Onehunga,Four Square Cockle Bay,Four Square Remuera,Four Square Britomart",12,117.2,216,333.2,770.0,123.2,636.32,1406.32,4
Mon_01564,Monday,"Four Square Pakuranga Heights,Four Square St Heliers,Four Square Britomart,New World Metro Queen St",13,99.2,234,333.2,770.0,123.2,636.61,1406.61,4
Mon_01565,Monday,"Four Square Onehunga,Four Square Ellerslie,New World Victoria Park",15,63.2,270,333.2,770.0,123.2,636.72,1406.72,3
Mon_01566,Monday,"Four Square Fair Price Henderson,Four Square Pakuranga Heights,Four Square Cockle Bay,Four Square Botany Junction",11,135.2,198,333.2,770.0,123.2,636.72,1406.72,4
Mon_01567,Monday,"New World Mt Roskill,Four Square Remuera,Four Square St Heliers",14,81.2,252,333.2,770.0,123.2,636.75,1406.75,3
Mon_01568,Monday,"Four Square Cockle Bay,Four Square Remuera,New World New Lynn",12,117.2,216,333.2,770.0,123.2,636.77,1406.77,3
Mon_01569,Monday,"Four Square Ellerslie,Four Square St Heliers,Four Square Britomart,New World Metro Shore City",12,117.3,216,333.3,770.0,123.3,636.96,1406.96,4
Mon_01570,Monday,"New World Metro Shore City,Four Square Eden Terrace,New World Mt Albert",14,81.3,252,333.3,770.0,123.3,637.07,1407.07,3
Mon_01571,Monday,"New World Mt Roskill,Four Square Cockle Bay,Four Square Ellerslie",13,99.3,234,333.3,770.0,123.3,637.18,1407.18,3
Mon_01572,Monday,"Four Square Lancaster,New World Metro Shore City,New World Point Chevalier",13,99.3,234,333.3,770.0,123.3,637.2,1407.2,3
Mon_01573,Monday,"Four Square Hobsonville,Four Square Torbay,Four Square Eden Terrace",12,117.4,216,333.4,770.0,123.4,637.38,1407.38,3
Mon_01574,Monday,"Four Square Britomart,New World Stonefields,Four Square Eden Terrace",14,81.4,252,333.4,770.0,123.4,637.49,1407.49,3
Mon_01575,Monday,"Four Square Cockle Bay,New World Howick,Four Square Ellerslie",13,99.4,234,333.4,770.0,123.4,637.72,1407.72,3
Mon_01576,Monday,"Pak 'n Save Wairau Road,New World Metro Shore City,Four Square Ellerslie",13,99.5,234,333.5,770.0,123.5,637.99,1407.99,3
Mon_01577,Monday,"Four Square Pakuranga Heights,Four Square Eden Terrace,New World Point Chevalier",14,81.5,252,333.5,770.0,123.5,638.1,1408.1,3
Mon_01578,Monday,"New World Howick,Four Square Pakuranga Heights,New World Metro Queen St",13,99.5,234,333.5,770.0,123.5,638.32,1408.32,3
Mon_01579,Monday,"Four Square Pakuranga Heights,Four Square St Heliers,Four Square Remuera,Four Square Eden Terrace",13,99.6,234,333.6,770.0,123.6,638.36,1408.36,4
Mon_01580,Monday,"Four Square Pakuranga Heights,Four Square Cockle Bay,New World Ormiston",13,99.6,234,333.6,770.0,123.6,638.54,1408.54,3
Mon_01581,Monday,"Pak 'n Save Wairau Road,New World Metro Shore City,Four Square Remuera",13,99.6,234,333.6,770.0,123.6,638.71,1408.71,3
Mon_01582,Monday,"Pak 'n Save Manukau,Four Square Pakuranga Heights,Four Square Onehunga",14,81.6,252,333.6,770.0,123.6,638.72,1408.72,3
Mon_01583,Monday,"Four Square Pakuranga Heights,Four Square Remuera,Four Square Britomart,Four Square Lancaster",11,135.7,198,333.7,770.0,123.7,639.05,1409.05,4
Mon_01584,Monday,"Four Square Pakuranga Heights,Four Square Botany Junction,Pak 'n Save Manukau",14,81.7,252,333.7,770.0,123.7,639.14,1409.14,3
Mon_01585,Monday,"Four Square Ellerslie,New World Eastridge,Four Square Britomart",14,81.7,252,333.7,770.0,123.7,639.2,1409.2,3
Mon_01586,Monday,"Four Square Britomart,New World Metro Queen St,Four Square Ellerslie,Four Square Glen Eden",13,99.7,234,333.7,770.0,123.7,639.26,1409.26,4
Mon_01587,Monday,"New World Milford,Four Square Ellerslie,Four Square Remuera",13,99.7,234,333.7,770.0,123.7,639.37,1409.37,3
Mon_01588,Monday,"Four Square Torbay,Four Square Remuera,Four Square Botany Junction",10,153.8,180,333.8,770.0,123.8,639.49,1409.49,3
Mon_01589,Monday,"Four Square Ellerslie,Four Square Remuera,New World Remuera",15,63.8,270,333.8,770.0,123.8,639.51,1409.51,3
Mon_01590,Monday,"Four Square Onehunga,Four Square Botany Junction,New World Metro Queen St,Four Square Britomart",13,99.8,234,333.8,770.0,123.8,639.66,1409.66,4
Mon_01591,Monday,"Four Square Cockle Bay,Four Square Pakuranga Heights,New World Metro Queen St,New World Metro Shore City",11,135.8,198,333.8,770.0,123.8,639.76,1409.76,4
Mon_01592,Monday,"Four Square Britomart,New World Remuera,Four Square Onehunga",15,63.8,270,333.8,770.0,123.8,639.81,1409.81,3
Mon_01593,Monday,"Four Square Britomart,New World Victoria Park,New World Metro Shore City",14,81.9,252,333.9,770.0,123.9,639.9,1409.9,3
Mon_01594,Monday,"Four Square Britomart,New World Metro Queen St,Four Square Remuera,Four Square Glen Eden",13,99.9,234,333.9,770.0,123.9,639.98,1409.98,4
Mon_01595,Monday,"New World Southmall,Four Square Remuera,Four Square Britomart",13,99.9,234,333.9,770.0,123.9,640.11,1410.11,3
Mon_01596,Monday,"Pak 'n Save Royal Oak,Four Square Ellerslie,Four Square Onehunga",16,45.9,288,333.9,770.0,123.9,640.13,1410.13,3
Mon_01597,Monday,"Four Square Hobsonville,New World Devonport,New World Metro Shore City",12,117.9,216,333.9,770.0,123.9,640.13,1410.13,3
Mon_01598,Monday,"Four Square Onehunga,Four Square Botany Junction,Four Square Remuera,Four Square Eden Terrace",13,99.9,234,333.9,770.0,123.9,640.15,1410.15,4
Mon_01599,Monday,"New World Green Bay,Four Square Ellerslie,Four Square St Heliers",13,99.9,234,333.9,770.0,123.9,640.36,1410.36,3
Mon_01600,Monday,"New World Newmarket,Four Square Ellerslie,Four Square Eden Terrace",15,64.0,270,334.0,770.0,124.0,640.54,1410.54,3
Mon_01601,Monday,"Four Square Hobsonville,Four Square Ellerslie,Four Square Pakuranga Heights,Four Square Onehunga",12,118.0,216,334.0,770.0,124.0,640.9,1410.9,4
Mon_01602,Monday,"New World Southmall,Four Square Pakuranga Heights,Four Square Eden Terrace",13,100.1,234,334.1,770.0,124.1,641.08,1411.08,3
Mon_01603,Monday,"Four Square Onehunga,Four Square Cockle Bay,Four Square Botany Junction,Four Square Britomart",12,118.1,216,334.1,770.0,124.1,641.13,1411.13,4
Mon_01604,Monday,"New World Mt Roskill,Four Square Ellerslie,Four Square St Heliers",14,82.1,252,334.1,770.0,124.1,641.25,1411.25,3
Mon_01605,Monday,"New World Newmarket,Four Square Remuera,Four Square Eden Terrace",15,64.1,270,334.1,770.0,124.1,641.27,1411.27,3
Mon_01606,Monday,"New World Birkenhead,Four Square Britomart,Four Square Ellerslie",13,100.1,234,334.1,770.0,124.1,641.36,1411.36,3
Mon_01607,Monday,"New World Metro Shore City,New World Newmarket,Four Square Eden Terrace",14,82.1,252,334.1,770.0,124.1,641.38,1411.38,3
Mon_01608,Monday,"Four Square Onehunga,New World Long Bay,New World Metro Shore City",12,118.1,216,334.1,770.0,124.1,641.38,1411.38,3
Mon_01609,Monday,"Four Square Cockle Bay,Four Square Ellerslie,New World Green Bay",12,118.1,216,334.1,770.0,124.1,641.43,1411.43,3
Mon_01610,Monday,"Four Square Pakuranga Heights,Four Square Ellerslie,New World Metro Shore City,Four Square Hobsonville",11,136.2,198,334.2,770.0,124.2,641.51,1411.51,4
Mon_01611,Monday,"Pak 'n Save Highland Park,Four Square Pakuranga Heights",14,82.2,252,334.2,770.0,124.2,641.61,1411.61,2
Mon_01612,Monday,"Four Square Ellerslie,Four Square Remuera,New World Metro Shore City,Four Square Hobsonville",12,118.2,216,334.2,770.0,124.2,641.68,1411.68,4
Mon_01613,Monday,"Four Square Cockle Bay,Four Square Ellerslie,Four Square Remuera,New World Metro Shore City",11,136.2,198,334.2,770.0,124.2,641.8,1411.8,4
Mon_01614,Monday,"New World Birkenhead,Four Square Britomart,Four Square Remuera",13,100.3,234,334.3,770.0,124.3,642.09,1412.09,3
Mon_01615,Monday,"Four Square Cockle Bay,Four Square Pakuranga Heights,Four Square Remuera,Four Square Fair Price Henderson",11,136.3,198,334.3,770.0,124.3,642.24,1412.24,4
Mon_01616,Monday,"Four Square Botany Junction,Four Square Ellerslie,Four Square Remuera,New World Metro Queen St",13,100.3,234,334.3,770.0,124.3,642.44,1412.44,4
Mon_01617,Monday,"Four Square Onehunga,Four Square St Heliers,Four Square Britomart,New World Metro Queen St",14,82.4,252,334.4,770.0,124.4,642.77,1412.77,4
Mon_01618,Monday,"Four Square Cockle Bay,Pak 'n Save Papakura",12,118.4,216,334.4,770.0,124.4,642.85,1412.85,2
Mon_01619,Monday,"New World Howick,Four Square Pakuranga Heights,Four Square Glen Eden",12,118.4,216,334.4,770.0,124.4,642.88,1412.88,3
Mon_01620,Monday,"Four Square Cockle Bay,Four Square Pakuranga Heights,New World Newmarket",13,100.4,234,334.4,770.0,124.4,642.98,1412.98,3
Mon_01621,Monday,"Four Square Pakuranga Heights,New World Metro Queen St,Four Square Lancaster,New World Metro Shore City",11,136.5,198,334.5,770.0,124.5,643.02,1413.02,4
Mon_01622,Monday,"New World Southmall,Four Square Botany Junction,Four Square Remuera",13,100.5,234,334.5,770.0,124.5,643.13,1413.13,3
Mon_01623,Monday,"Four Square Pakuranga Heights,Four Square Britomart,Four Square Eden Terrace,Four Square Glen Eden",12,118.6,216,334.6,770.0,124.6,643.73,1413.73,4
Mon_01624,Monday,"Four Square Pakuranga Heights,Four Square Britomart,New World Devonport",11,136.6,198,334.6,770.0,124.6,643.95,1413.95,3
Mon_01625,Monday,"Four Square Onehunga,Four Square Ellerslie,Four Square St Heliers,New World Metro Queen St",14,82.7,252,334.7,770.0,124.7,644.04,1414.04,4
Mon_01626,Monday,"Four Square Onehunga,Four Square Ellerslie,Four Square Botany Junction,New World Metro Queen St",13,100.7,234,334.7,770.0,124.7,644.31,1414.31,4
Mon_01627,Monday,"Four Square Onehunga,Four Square St Heliers,Four Square Remuera,Four Square Eden Terrace",14,82.7,252,334.7,770.0,124.7,644.52,1414.52,4
Mon_01628,Monday,"Four Square Pakuranga Heights,Four Square Ellerslie,New World Milford",12,118.8,216,334.8,770.0,124.8,644.6,1414.6,3
Mon_01629,Monday,"Four Square Fair Price Henderson,Four Square Britomart,New World Metro Queen St,Four Square Ellerslie",13,100.8,234,334.8,770.0,124.8,644.62,1414.62,4
Mon_01630,Monday,"Four Square Onehunga,Four Square Cockle Bay,Four Square Britomart,New World Metro Shore City",11,136.8,198,334.8,770.0,124.8,644.66,1414.66,4
Mon_01631,Monday,"Four Square Pakuranga Heights,Four Square Ellerslie,New World Metro Queen St,Four Square Glen Eden",12,118.8,216,334.8,770.0,124.8,644.84,1414.84,4
Mon_01632,Monday,"Pak 'n Save Botany,Four Square Botany Junction",14,82.8,252,334.8,770.0,124.8,644.86,1414.86,2
Mon_01633,Monday,"Four Square Onehunga,New World Metro Shore City,Four Square Eden Terrace,Four Square Fair Price Henderson",12,118.8,216,334.8,770.0,124.8,644.97,1414.97,4
Mon_01634,Monday,"Four Square Ellerslie,Four Square Remuera,New World Metro Queen St,Four Square Glen Eden",13,100.8,234,334.8,770.0,124.8,645.0,1415.0,4
Mon_01635,Monday,"Four Square Fair Price Henderson,Four Square Britomart,New World Metro Queen St,Four Square Remuera",13,100.9,234,334.9,770.0,124.9,645.34,1415.34,4
Mon_01636,Monday,"Four Square Pakuranga Heights,Four Square Eden Terrace,Four Square Fair Price Henderson,Four Square Glen Eden",12,118.9,216,334.9,770.0,124.9,645.43,1415.43,4
Mon_01637,Monday,"Four Square Lancaster,Four Square St Heliers,Four Square Botany Junction",10,154.9,180,334.9,770.0,124.9,645.57,1415.57,3
Mon_01638,Monday,"Four Square Eden Terrace,Four Square Britomart,Four Square Ellerslie,Four Square Botany Junction",13,101.0,234,335.0,770.0,125.0,645.79,1415.79,4
Mon_01639,Monday,"Four Square Pakuranga Heights,Four Square Ellerslie,Pak 'n Save Mt Albert",14,83.0,252,335.0,770.0,125.0,645.91,1415.91,3
Mon_01640,Monday,"Four Square Onehunga,Four Square Remuera,New World Victoria Park",15,65.0,270,335.0,770.0,125.0,645.93,1415.93,3
Mon_01641,Monday,"Four Square Glen Eden,Four Square Fair Price Henderson,New World Metro Shore City,New World Metro Queen St",12,119.0,216,335.0,770.0,125.0,645.97,1415.97,4
Mon_01642,Monday,"Four Square Britomart,New World Long Bay,New World Metro Shore City",12,119.0,216,335.0,770.0,125.0,645.98,1415.98,3
Mon_01643,Monday,"Four Square Onehunga,Four Square Ellerslie,Four Square St Heliers,Four Square Eden Terrace",14,83.0,252,335.0,770.0,125.0,646.01,1416.01,4
Mon_01644,Monday,"Four Square Cockle Bay,Four Square Pakuranga Heights,Four Square Britomart,Four Square Glen Eden",11,137.0,198,335.0,770.0,125.0,646.03,1416.03,4
Mon_01645,Monday,"Pak 'n Save Lincoln Road,New World Metro Shore City,Four Square Britomart",13,101.0,234,335.0,770.0,125.0,646.06,1416.06,3
Mon_01646,Monday,"Four Square Ellerslie,Four Square Remuera,Pak 'n Save Mt Albert",15,65.0,270,335.0,770.0,125.0,646.07,1416.07,3
Mon_01647,Monday,"Four Square Lancaster,Four Square Ellerslie,Four Square Pakuranga Heights,Four Square Botany Junction",11,137.1,198,335.1,770.0,125.1,646.15,1416.15,4
Mon_01648,Monday,"Four Square Eden Terrace,Four Square Ellerslie,Four Square Lancaster,New World Metro Shore City",12,119.1,216,335.1,770.0,125.1,646.26,1416.26,4
Mon_01649,Monday,"Four Square Onehunga,New World Metro Shore City,New World Hobsonville",13,101.1,234,335.1,770.0,125.1,646.31,1416.31,3
Mon_01650,Monday,"Four Square Onehunga,Four Square Pakuranga Heights,Four Square St Heliers,New World Metro Queen St",13,101.1,234,335.1,770.0,125.1,646.31,1416.31,4
Mon_01651,Monday,"Four Square Onehunga,New World Victoria Park,New World Metro Shore City",14,83.1,252,335.1,770.0,125.1,646.33,1416.33,3
Mon_01652,Monday,"Four Square Onehunga,Four Square Ellerslie,New World Ormiston",14,83.1,252,335.1,770.0,125.1,646.47,1416.47,3
Mon_01653,Monday,"Four Square Cockle Bay,Four Square Pakuranga Heights,New World Point Chevalier",13,101.1,234,335.1,770.0,125.1,646.58,1416.58,3
Mon_01654,Monday,"Four Square Onehunga,New World Howick,Four Square Britomart",13,101.1,234,335.1,770.0,125.1,646.6,1416.6,3
Mon_01655,Monday,"Four Square Pakuranga Heights,New World Birkenhead,Four Square Lancaster",12,119.2,216,335.2,770.0,125.2,646.76,1416.76,3
Mon_01656,Monday,"Four Square Hobsonville,Four Square Lancaster,New World Metro Shore City,Four Square Britomart",12,119.2,216,335.2,770.0,125.2,646.77,1416.77,4
Mon_01657,Monday,"Four Square Cockle Bay,Four Square Pakuranga Heights,Four Square St Heliers,Four Square Remuera",12,119.2,216,335.2,770.0,125.2,646.84,1416.84,4
Mon_01658,Monday,"New World Green Bay,Four Square Britomart,Four Square St Heliers",13,101.2,234,335.2,770.0,125.2,646.87,1416.87,3
Mon_01659,Monday,"Four Square Britomart,New World Metro Shore City,Pak 'n Save Mt Albert",14,83.2,252,335.2,770.0,125.2,646.91,1416.91,3
Mon_01660,Monday,"Four Square Eden Terrace,Four Square Remuera,Four Square Lancaster,New World Metro Shore City",12,119.2,216,335.2,770.0,125.2,646.98,1416.98,4
Mon_01661,Monday,"Four Square Botany Junction,Four Square Ellerslie,Four Square Remuera,Four Square Glen Eden",12,119.2,216,335.2,770.0,125.2,647.01,1417.01,4
Mon_01662,Monday,"New World Metro Shore City,New World Metro Queen St,Four Square Ellerslie,Four Square Eden Terrace",13,101.2,234,335.2,770.0,125.2,647.05,1417.05,4
Mon_01663,Monday,"Four Square Fair Price Henderson,Four Square Lancaster,Four Square Ellerslie,Four Square Onehunga",12,119.3,216,335.3,770.0,125.3,647.16,1417.16,4
Mon_01664,Monday,"Four Square Fair Price Henderson,Four Square Lancaster,New World Metro Shore City,Four Square Ellerslie",11,137.3,198,335.3,770.0,125.3,647.19,1417.19,4
Mon_01665,Monday,"Four Square Britomart,New World Metro Queen St,Four Square Eden Terrace,Four Square Glen Eden",14,83.3,252,335.3,770.0,125.3,647.27,1417.27,4
Mon_01666,Monday,"Four Square Fair Price Henderson,Pak 'n Save Wairau Road,New World Metro Shore City",13,101.3,234,335.3,770.0,125.3,647.3,1417.3,3
Mon_01667,Monday,"Four Square Onehunga,New World Metro Shore City,Four Square Lancaster,Four Square Hobsonville",12,119.3,216,335.3,770.0,125.3,647.38,1417.38,4
Mon_01668,Monday,"New World Mt Roskill,Four Square Britomart,Four Square St Heliers",14,83.4,252,335.4,770.0,125.4,647.76,1417.76,3
Mon_01669,Monday,"New World Metro Shore City,New World Metro Queen St,Four Square Remuera,Four Square Eden Terrace",13,101.4,234,335.4,770.0,125.4,647.77,1417.77,4
Mon_01670,Monday,"Four Square Hobsonville,Four Square Britomart,Four Square Ellerslie,Four Square Onehunga",13,101.4,234,335.4,770.0,125.4,647.85,1417.85,4
Mon_01671,Monday,"Four Square Fair Price Henderson,Four Square Lancaster,New World Metro Shore City,Four Square Remuera",11,137.4,198,335.4,770.0,125.4,647.92,1417.92,4
Mon_01672,Monday,"Four Square Onehunga,Four Square Remuera,Four Square St Heliers,New World Metro Queen St",14,83.4,252,335.4,770.0,125.4,648.02,1418.02,4
Mon_01673,Monday,"Four Square Onehunga,Four Square Pakuranga Heights,Four Square St Heliers,Four Square Eden Terrace",13,101.5,234,335.5,770.0,125.5,648.28,1418.28,4
Mon_01674,Monday,"New World Southmall,Four Square Britomart,New World Metro Shore City",12,119.5,216,335.5,770.0,125.5,648.45,1418.45,3
Mon_01675,Monday,"New World Metro Shore City,Four Square Ellerslie,Four Square Cockle Bay,Four Square Botany Junction",11,137.5,198,335.5,770.0,125.5,648.46,1418.46,4
Mon_01676,Monday,"Four Square Pakuranga Heights,Four Square Ellerslie,New World Remuera",14,83.6,252,335.6,770.0,125.6,648.68,1418.68,3
Mon_01677,Monday,"Four Square Pakuranga Heights,Four Square Britomart,New World Metro Shore City,Four Square Hobsonville",11,137.7,198,335.7,770.0,125.7,649.41,1419.41,4
Mon_01678,Monday,"New World Papatoetoe,Four Square Pakuranga Heights,New World Metro Shore City",12,119.7,216,335.7,770.0,125.7,649.44,1419.44,3
Mon_01679,Monday,"New World Hobsonville,New World Metro Shore City,Four Square Britomart",13,101.8,234,335.8,770.0,125.8,649.81,1419.81,3
Mon_01680,Monday,"Four Square Britomart,New World Metro Queen St,Four Square Remuera,Four Square Botany Junction",13,101.8,234,335.8,770.0,125.8,649.99,1419.99,4
Mon_01681,Monday,"Four Square Fair Price Henderson,Four Square Ellerslie,Four Square Remuera,New World Metro Queen St",13,101.9,234,335.9,770.0,125.9,650.36,1420.36,4
Mon_01682,Monday,"New World Metro Shore City,Four Square Remuera,Four Square Cockle Bay,Four Square Onehunga",11,137.9,198,335.9,770.0,125.9,650.71,1420.71,4
Mon_01683,Monday,"New World Metro Shore City,New World Metro Queen St,New World Point Chevalier",14,84.0,252,336.0,770.0,126.0,650.76,1420.76,3
Mon_01684,Monday,"Four Square Remuera,Four Square Pakuranga Heights,New World Ormiston",13,102.0,234,336.0,770.0,126.0,650.89,1420.89,3
Mon_01685,Monday,"Four Square Fair Price Henderson,New World Point Chevalier,Four Square Britomart",14,84.1,252,336.1,770.0,126.1,651.26,1421.26,3
Mon_01686,Monday,"Four Square Hobsonville,New World Metro Shore City,Four Square Britomart,New World Metro Queen St",13,102.1,234,336.1,770.0,126.1,651.34,1421.34,4
Mon_01687,Monday,"New World Metro Shore City,New World Stonefields,Four Square Eden Terrace",13,102.1,234,336.1,770.0,126.1,651.42,1421.42,3
Mon_01688,Monday,"Four Square Ellerslie,New World Howick,Four Square Botany Junction",13,102.2,234,336.2,770.0,126.2,651.84,1421.84,3
Mon_01689,Monday,"Pak 'n Save Lincoln Road,Four Square Ellerslie,Four Square Remuera",14,84.2,252,336.2,770.0,126.2,651.95,1421.95,3
Mon_01690,Monday,"Four Square Britomart,Four Square Ellerslie,Four Square Eden Terrace,Four Square Glen Eden",13,102.3,234,336.3,770.0,126.3,652.33,1422.33,4
Mon_01691,Monday,"Four Square Pakuranga Heights,Four Square Britomart,New World Milford",12,120.3,216,336.3,770.0,126.3,652.49,1422.49,3
Mon_01692,Monday,"New World Howick,Four Square Pakuranga Heights,Four Square Fair Price Henderson",12,120.3,216,336.3,770.0,126.3,652.52,1422.52,3
Mon_01693,Monday,"Four Square Cockle Bay,Four Square Pakuranga Heights,New World Metro Shore City,Four Square Eden Terrace",11,138.3,198,336.3,770.0,126.3,652.57,1422.57,4
Mon_01694,Monday,"Four Square Fair Price Henderson,Four Square Britomart,New World Metro Queen St,Four Square Eden Terrace",14,84.3,252,336.3,770.0,126.3,652.62,1422.62,4
Mon_01695,Monday,"Four Square Pakuranga Heights,Four Square Remuera,New World Devonport",11,138.3,198,336.3,770.0,126.3,652.63,1422.63,3
Mon_01696,Monday,"New World Metro Shore City,New World Eastridge,Four Square Onehunga",13,102.3,234,336.3,770.0,126.3,652.71,1422.71,3
Mon_01697,Monday,"Pak 'n Save Glen Innes,Four Square Eden Terrace",14,84.3,252,336.3,770.0,126.3,652.77,1422.77,2
Mon_01698,Monday,"Four Square Onehunga,Four Square Lancaster,New World Milford",13,102.4,234,336.4,770.0,126.4,653.01,1423.01,3
Mon_01699,Monday,"Four Square Britomart,Four Square Remuera,Four Square Eden Terrace,Four Square Glen Eden",13,102.4,234,336.4,770.0,126.4,653.05,1423.05,4
Mon_01700,Monday,"Four Square Lancaster,New World Metro Shore City,New World Newmarket",13,102.4,234,336.4,770.0,126.4,653.12,1423.12,3
Mon_01701,Monday,"New World Devonport,Four Square Britomart,New World Metro Queen St",13,102.4,234,336.4,770.0,126.4,653.19,1423.19,3
Mon_01702,Monday,"Four Square Fair Price Henderson,Four Square Hobsonville,Four Square Ellerslie,Four Square Onehunga",13,102.5,234,336.5,770.0,126.5,653.36,1423.36,4
Mon_01703,Monday,"Four Square Pakuranga Heights,Four Square Britomart,Four Square Eden Terrace,Four Square Fair Price Henderson",12,120.5,216,336.5,770.0,126.5,653.37,1423.37,4
Mon_01704,Monday,"Four Square Fair Price Henderson,Four Square Remuera,Four Square Ellerslie,Four Square Botany Junction",12,120.5,216,336.5,770.0,126.5,653.46,1423.46,4
Mon_01705,Monday,"Four Square Torbay,New World Metro Shore City,Four Square St Heliers",10,156.5,180,336.5,770.0,126.5,653.67,1423.67,3
Mon_01706,Monday,"New World Metro Shore City,New World Remuera,Four Square Onehunga",14,84.5,252,336.5,770.0,126.5,653.74,1423.74,3
Mon_01707,Monday,"New World Mt Roskill,Four Square Cockle Bay,Four Square Remuera",13,102.5,234,336.5,770.0,126.5,653.75,1423.75,3
Mon_01708,Monday,"Four Square Cockle Bay,Four Square Pakuranga Heights,Four Square Fair Price Henderson,Four Square Glen Eden",11,138.6,198,336.6,770.0,126.6,653.91,1423.91,4
Mon_01709,Monday,"Four Square Britomart,Four Square Ellerslie,New World Papatoetoe",14,84.6,252,336.6,770.0,126.6,653.92,1423.92,3
Mon_01710,Monday,"Four Square Cockle Bay,New World Howick,Four Square Remuera",13,102.6,234,336.6,770.0,126.6,654.29,1424.29,3
Mon_01711,Monday,"Four Square Pakuranga Heights,New World Metro Shore City,Four Square Lancaster,Four Square Fair Price Henderson",10,156.6,180,336.6,770.0,126.6,654.29,1424.29,4
Mon_01712,Monday,"New World Birkenhead,Four Square Britomart,Four Square Eden Terrace",14,84.8,252,336.8,770.0,126.8,655.01,1425.01,3
Mon_01713,Monday,"Four Square Ellerslie,Four Square Eden Terrace,New World Point Chevalier",15,66.8,270,336.8,770.0,126.8,655.18,1425.18,3
Mon_01714,Monday,"New World Devonport,New World Metro Shore City,Four Square Botany Junction",11,138.9,198,336.9,770.0,126.9,655.47,1425.47,3
Mon_01715,Monday,"Four Square Ellerslie,New World Stonefields,Four Square St Heliers",14,84.9,252,336.9,770.0,126.9,655.52,1425.52,3
Mon_01716,Monday,"Pak 'n Save Sylvia Park,Four Square Botany Junction",14,84.9,252,336.9,770.0,126.9,655.62,1425.62,2
Mon_01717,Monday,"Four Square Pakuranga Heights,New World Metro Queen St,New World Mt Albert",14,84.9,252,336.9,770.0,126.9,655.62,1425.62,3
Mon_01718,Monday,"Four Square Cockle Bay,Four Square Pakuranga Heights,Four Square Britomart,Four Square Fair Price Henderson",11,138.9,198,336.9,770.0,126.9,655.67,1425.67,4
Mon_01719,Monday,"Four Square Cockle Bay,New World Stonefields,Four Square Remuera",13,102.9,234,336.9,770.0,126.9,655.75,1425.75,3
Mon_01720,Monday,"Four Square Pakuranga Heights,Four Square Lancaster,New World Metro Shore City,Four Square Eden Terrace",11,138.9,198,336.9,770.0,126.9,655.83,1425.83,4
Mon_01721,Monday,"Four Square Pakuranga Heights,Four Square St Heliers,Four Square Britomart,Four Square Eden Terrace",13,102.9,234,336.9,770.0,126.9,655.85,1425.85,4
Mon_01722,Monday,"Four Square Remuera,Four Square Eden Terrace,New World Point Chevalier",15,66.9,270,336.9,770.0,126.9,655.9,1425.9,3
Mon_01723,Monday,"Four Square Pakuranga Heights,Four Square Remuera,New World Remuera",14,85.0,252,337.0,770.0,127.0,655.91,1425.91,3
Mon_01724,Monday,"Four Square Onehunga,Four Square Remuera,Four Square Botany Junction,Four Square Glen Eden",12,121.0,216,337.0,770.0,127.0,656.02,1426.02,4
Mon_01725,Monday,"New World Metro Shore City,Four Square Remuera,New World Southmall",12,121.0,216,337.0,770.0,127.0,656.03,1426.03,3
Mon_01726,Monday,"Four Square Pakuranga Heights,Four Square Ellerslie,Pak 'n Save Lincoln Road",13,103.0,234,337.0,770.0,127.0,656.07,1426.07,3
Mon_01727,Monday,"Four Square Eden Terrace,New World Metro Queen St,Four Square Pakuranga Heights,Four Square Botany Junction",13,103.0,234,337.0,770.0,127.0,656.4,1426.4,4
Mon_01728,Monday,"New World Southmall,Four Square Botany Junction,Four Square Britomart",13,103.1,234,337.1,770.0,127.1,656.56,1426.56,3
Mon_01729,Monday,"Four Square Pakuranga Heights,Four Square Ellerslie,Four Square Remuera,Four Square Hobsonville",12,121.1,216,337.1,770.0,127.1,656.75,1426.75,4
Mon_01730,Monday,"New World Metro Shore City,Four Square Eden Terrace,New World Point Chevalier",14,85.1,252,337.1,770.0,127.1,656.83,1426.83,3
Mon_01731,Monday,"Four Square Hobsonville,New World Metro Shore City,Four Square Britomart,Four Square Ellerslie",12,121.1,216,337.1,770.0,127.1,656.94,1426.94,4
Mon_01732,Monday,"Four Square Cockle Bay,New World Papakura",12,121.2,216,337.2,770.0,127.2,657.14,1427.14,2
Mon_01733,Monday,"Four Square Glen Eden,Four Square Fair Price Henderson,Four Square Ellerslie,Four Square Eden Terrace",13,103.2,234,337.2,770.0,127.2,657.17,1427.17,4
Mon_01734,Monday,"Four Square Onehunga,Four Square Eden Terrace,Four Square Britomart,Four Square Lancaster",13,103.2,234,337.2,770.0,127.2,657.31,1427.31,4
Mon_01735,Monday,"Four Square Britomart,Four Square Lancaster,New World Milford",13,103.3,234,337.3,770.0,127.3,657.61,1427.61,3
Mon_01736,Monday,"Four Square Hobsonville,New World Metro Shore City,Four Square Britomart,Four Square Remuera",12,121.3,216,337.3,770.0,127.3,657.66,1427.66,4
Mon_01737,Monday,"Four Square Fair Price Henderson,Four Square Britomart,Four Square Ellerslie,Four Square Eden Terrace",13,103.3,234,337.3,770.0,127.3,657.68,1427.68,4
Mon_01738,Monday,"Four Square Glen Eden,Four Square Fair Price Henderson,Four Square Hobsonville,Four Square Onehunga",13,103.3,234,337.3,770.0,127.3,657.73,1427.73,4
Mon_01739,Monday,"Four Square Glen Eden,Four Square Fair Price Henderson,Four Square Remuera,Four Square Eden Terrace",13,103.3,234,337.3,770.0,127.3,657.89,1427.89,4
Mon_01740,Monday,"Four Square Cockle Bay,Four Square Remuera,New World Green Bay",12,121.4,216,337.4,770.0,127.4,658.0,1428.0,3
Mon_01741,Monday,"Four Square Pakuranga Heights,Four Square Remuera,New World Metro Shore City,Four Square Hobsonville",11,139.4,198,337.4,770.0,127.4,658.08,1428.08,4
Mon_01742,Monday,"Four Square Onehunga,Four Square Cockle Bay,Four Square Botany Junction,New World Metro Shore City",11,139.4,198,337.4,770.0,127.4,658.15,1428.15,4
Mon_01743,Monday,"Four Square Cockle Bay,Four Square Pakuranga Heights,Four Square St Heliers,Four Square Britomart",12,121.4,216,337.4,770.0,127.4,658.16,1428.16,4
Mon_01744,Monday,"Four Square Fair Price Henderson,Four Square Britomart,Four Square Remuera,Four Square Eden Terrace",13,103.4,234,337.4,770.0,127.4,658.41,1428.41,4
Mon_01745,Monday,"New World Birkenhead,Four Square Lancaster,Four Square Ellerslie",13,103.4,234,337.4,770.0,127.4,658.46,1428.46,3
Mon_01746,Monday,"Four Square Glen Eden,Four Square Hobsonville,New World Metro Shore City,Four Square Britomart",12,121.5,216,337.5,770.0,127.5,658.73,1428.73,4
Mon_01747,Monday,"Four Square Lancaster,New World Metro Queen St,Four Square Ellerslie,Four Square Onehunga",13,103.5,234,337.5,770.0,127.5,658.76,1428.76,4
Mon_01748,Monday,"New World Devonport,Four Square Britomart,Four Square Ellerslie",12,121.5,216,337.5,770.0,127.5,658.78,1428.78,3
Mon_01749,Monday,"Four Square Pakuranga Heights,Four Square Fair Price Henderson,Pak 'n Save Lincoln Road",13,103.5,234,337.5,770.0,127.5,658.81,1428.81,3
Mon_01750,Monday,"New World Birkenhead,Four Square Lancaster,Four Square Remuera",13,103.6,234,337.6,770.0,127.6,659.18,1429.18,3
Mon_01751,Monday,"New World Devonport,Four Square Britomart,Four Square Remuera",12,121.6,216,337.6,770.0,127.6,659.51,1429.51,3
Mon_01752,Monday,"Four Square Lancaster,New World Metro Shore City,New World Metro Queen St,Four Square Remuera",12,121.6,216,337.6,770.0,127.6,659.51,1429.51,4
Mon_01753,Monday,"New World Metro Shore City,Four Square Britomart,New World Eastridge",13,103.7,234,337.7,770.0,127.7,659.67,1429.67,3
Mon_01754,Monday,"Four Square Onehunga,Four Square Botany Junction,Four Square Britomart,Four Square Eden Terrace",13,103.7,234,337.7,770.0,127.7,659.76,1429.76,4
Mon_01755,Monday,"Four Square Ellerslie,New World Metro Queen St,Four Square Lancaster,New World Metro Shore City",12,121.8,216,337.8,770.0,127.8,660.1,1430.1,4
Mon_01756,Monday,"Four Square Britomart,Four Square Remuera,Four Square Cockle Bay,Four Square Botany Junction",12,121.8,216,337.8,770.0,127.8,660.4,1430.4,4
Mon_01757,Monday,"Four Square Onehunga,Four Square Pakuranga Heights,New World Victoria Park",14,85.8,252,337.8,770.0,127.8,660.45,1430.45,3
Mon_01758,Monday,"New World Devonport,New World Milford",13,103.9,234,337.9,770.0,127.9,660.94,1430.94,2
Mon_01759,Monday,"Pak 'n Save Glen Innes,Four Square St Heliers",14,86.0,252,338.0,770.0,128.0,661.09,1431.09,2
Mon_01760,Monday,"Four Square Pakuranga Heights,Four Square Remuera,New World Milford",12,122.0,216,338.0,770.0,128.0,661.17,1431.17,3
Mon_01761,Monday,"Four Square Hobsonville,New World Metro Queen St,Four Square St Heliers",12,122.0,216,338.0,770.0,128.0,661.19,1431.19,3
Mon_01762,Monday,"New World Metro Shore City,New World Milford,Four Square Botany Junction",12,122.0,216,338.0,770.0,128.0,661.21,1431.21,3
Mon_01763,Monday,"Four Square Fair Price Henderson,Four Square Ellerslie,Four Square Botany Junction,Four Square Onehunga",12,122.0,216,338.0,770.0,128.0,661.22,1431.22,4
Mon_01764,Monday,"Four Square Remuera,New World Stonefields,Four Square St Heliers",14,86.0,252,338.0,770.0,128.0,661.39,1431.39,3
Mon_01765,Monday,"Four Square Pakuranga Heights,Four Square Remuera,New World Metro Queen St,Four Square Glen Eden",12,122.0,216,338.0,770.0,128.0,661.41,1431.41,4
Mon_01766,Monday,"New World Milford,Four Square Britomart,New World Metro Queen St",14,86.1,252,338.1,770.0,128.1,661.73,1431.73,3
Mon_01767,Monday,"Pak 'n Save Wairau Road,Four Square Ellerslie,Four Square Onehunga",14,86.1,252,338.1,770.0,128.1,661.76,1431.76,3
Mon_01768,Monday,"Four Square Fair Price Henderson,Four Square Torbay,Four Square Botany Junction",10,158.1,180,338.1,770.0,128.1,661.78,1431.78,3
Mon_01769,Monday,"Four Square Glen Eden,Four Square Hobsonville,New World Metro Shore City,Four Square Onehunga",12,122.1,216,338.1,770.0,128.1,661.88,1431.88,4
Mon_01770,Monday,"Four Square Onehunga,Four Square St Heliers,Four Square Britomart,Four Square Eden Terrace",14,86.1,252,338.1,770.0,128.1,662.01,1432.01,4
Mon_01771,Monday,"Four Square Britomart,New World Stonefields,Four Square Botany Junction",13,104.2,234,338.2,770.0,128.2,662.4,1432.4,3
Mon_01772,Monday,"Four Square Pakuranga Heights,Four Square Remuera,Pak 'n Save Mt Albert",14,86.2,252,338.2,770.0,128.2,662.48,1432.48,3
Mon_01773,Monday,"Four Square Onehunga,New World Newmarket,Four Square Botany Junction",14,86.2,252,338.2,770.0,128.2,662.49,1432.49,3
Mon_01774,Monday,"Four Square Fair Price Henderson,New World Point Chevalier,New World Metro Shore City",13,104.2,234,338.2,770.0,128.2,662.53,1432.53,3
Mon_01775,Monday,"Four Square Onehunga,New World Metro Queen St,New World Birkenhead",14,86.3,252,338.3,770.0,128.3,662.75,1432.75,3
Mon_01776,Monday,"Four Square Lancaster,New World Metro Shore City,Four Square Ellerslie,Four Square Botany Junction",11,140.3,198,338.3,770.0,128.3,662.86,1432.86,4
Mon_01777,Monday,"Four Square Cockle Bay,Four Square Botany Junction,New World Southmall",13,104.3,234,338.3,770.0,128.3,662.97,1432.97,3
Mon_01778,Monday,"Four Square Cockle Bay,Four Square Pakuranga Heights,New World Metro Shore City,Four Square Glen Eden",10,158.3,180,338.3,770.0,128.3,663.05,1433.05,4
Mon_01779,Monday,"Four Square Botany Junction,New World Metro Queen St,Four Square Britomart,New World Metro Shore City",12,122.3,216,338.3,770.0,128.3,663.06,1433.06,4
Mon_01780,Monday,"Four Square Lancaster,New World Metro Shore City,New World Stonefields",12,122.4,216,338.4,770.0,128.4,663.16,1433.16,3
Mon_01781,Monday,"Pak 'n Save Manukau,Four Square Ellerslie,Four Square Onehunga",15,68.4,270,338.4,770.0,128.4,663.55,1433.55,3
Mon_01782,Monday,"Four Square Onehunga,New World Howick,New World Metro Shore City",12,122.4,216,338.4,770.0,128.4,663.62,1433.62,3
Mon_01783,Monday,"Four Square Botany Junction,Four Square Pakuranga Heights,Four Square Eden Terrace,Four Square Glen Eden",12,122.5,216,338.5,770.0,128.5,663.97,1433.97,4
Mon_01784,Monday,"Four Square Cockle Bay,New World Stonefields,Four Square Ellerslie",13,104.5,234,338.5,770.0,128.5,663.98,1433.98,3
Mon_01785,Monday,"New World Metro Shore City,New World Metro Queen St,New World Newmarket",14,86.5,252,338.5,770.0,128.5,664.02,1434.02,3
Mon_01786,Monday,"Four Square Eden Terrace,Four Square Ellerslie,Four Square Cockle Bay,Four Square Onehunga",13,104.5,234,338.5,770.0,128.5,664.09,1434.09,4
Mon_01787,Monday,"Four Square Onehunga,Four Square Britomart,Four Square Lancaster,Four Square Fair Price Henderson",12,122.5,216,338.5,770.0,128.5,664.11,1434.11,4
Mon_01788,Monday,"New World Metro Shore City,Four Square Eden Terrace,Four Square Fair Price Henderson,Four Square Glen Eden",12,122.5,216,338.5,770.0,128.5,664.17,1434.17,4
Mon_01789,Monday,"Four Square Cockle Bay,Four Square Pakuranga Heights,Four Square St Heliers,Four Square Ellerslie",12,122.6,216,338.6,770.0,128.6,664.39,1434.39,4
Mon_01790,Monday,"Four Square Botany Junction,Pak 'n Save Glen Innes",13,104.7,234,338.7,770.0,128.7,664.79,1434.79,2
Mon_01791,Monday,"Four Square Fair Price Henderson,New World Metro Shore City,Four Square Ellerslie,Four Square Eden Terrace",12,122.7,216,338.7,770.0,128.7,664.83,1434.83,4
Mon_01792,Monday,"New World Birkenhead,Four Square Pakuranga Heights,Four Square Botany Junction",12,122.7,216,338.7,770.0,128.7,665.14,1435.14,3
Mon_01793,Monday,"Four Square Fair Price Henderson,New World Metro Shore City,Four Square Remuera,Four Square Eden Terrace",12,122.8,216,338.8,770.0,128.8,665.56,1435.56,4
Mon_01794,Monday,"Four Square Lancaster,Four Square Pakuranga Heights,Four Square Botany Junction,Four Square Onehunga",11,140.8,198,338.8,770.0,128.8,665.61,1435.61,4
Mon_01795,Monday,"New World Botany,Four Square St Heliers",13,104.8,234,338.8,770.0,128.8,665.62,1435.62,2
Mon_01796,Monday,"Four Square Hobsonville,Four Square Eden Terrace,Four Square St Heliers",12,122.9,216,338.9,770.0,128.9,666.13,1436.13,3
Mon_01797,Monday,"Four Square Glen Eden,Four Square Fair Price Henderson,New World Hobsonville",14,86.9,252,338.9,770.0,128.9,666.22,1436.22,3
Mon_01798,Monday,"New World Metro Shore City,Four Square Ellerslie,Four Square Eden Terrace,Four Square Glen Eden",12,123.0,216,339.0,770.0,129.0,666.26,1436.26,4
Mon_01799,Monday,"Four Square Fair Price Henderson,Four Square Hobsonville,Four Square Lancaster,New World Metro Shore City",12,123.0,216,339.0,770.0,129.0,666.29,1436.29,4
Mon_01800,Monday,"Four Square Pakuranga Heights,Four Square Lancaster,New World Metro Shore City,Four Square Glen Eden",10,159.0,180,339.0,770.0,129.0,666.31,1436.31,4
Mon_01801,Monday,"Four Square Cockle Bay,Four Square Ellerslie,Four Square Britomart,New World Metro Shore City",11,141.0,198,339.0,770.0,129.0,666.61,1436.61,4
Mon_01802,Monday,"New World Metro Shore City,Four Square Remuera,New World Eastridge",13,105.0,234,339.0,770.0,129.0,666.65,1436.65,3
Mon_01803,Monday,"Four Square Hobsonville,Four Square Remuera,Four Square Pakuranga Heights,Four Square Onehunga",12,123.1,216,339.1,770.0,129.1,666.77,1436.77,4
Mon_01804,Monday,"New World Metro Shore City,Four Square Remuera,Four Square Eden Terrace,Four Square Glen Eden",12,123.1,216,339.1,770.0,129.1,666.98,1436.98,4
Mon_01805,Monday,"Pak 'n Save Sylvia Park,Four Square Eden Terrace",15,69.1,270,339.1,770.0,129.1,667.09,1437.09,2
Mon_01806,Monday,"Four Square Onehunga,Four Square Remuera,Four Square Britomart,Four Square Hobsonville",13,105.1,234,339.1,770.0,129.1,667.2,1437.2,4
Mon_01807,Monday,"New World Newmarket,Four Square Ellerslie,Four Square Botany Junction",14,87.1,252,339.1,770.0,129.1,667.25,1437.25,3
Mon_01808,Monday,"New World Milford,Four Square Britomart,Four Square Ellerslie",13,105.2,234,339.2,770.0,129.2,667.32,1437.32,3
Mon_01809,Monday,"New World Mt Albert,Four Square Ellerslie,Four Square Botany Junction",14,87.2,252,339.2,770.0,129.2,667.54,1437.54,3
Mon_01810,Monday,"Four Square Britomart,Four Square Pakuranga Heights,New World Ormiston",13,105.2,234,339.2,770.0,129.2,667.65,1437.65,3
Mon_01811,Monday,"Four Square Cockle Bay,New World Howick,Four Square Britomart",13,105.2,234,339.2,770.0,129.2,667.73,1437.73,3
Mon_01812,Monday,"Four Square Fair Price Henderson,Four Square Lancaster,Four Square Remuera,Four Square Onehunga",12,123.2,216,339.2,770.0,129.2,667.75,1437.75,4
Mon_01813,Monday,"New World Metro Shore City,Four Square Ellerslie,New World Papatoetoe",13,105.3,234,339.3,770.0,129.3,667.85,1437.85,3
Mon_01814,Monday,"New World Milford,Four Square Britomart,Four Square Remuera",13,105.3,234,339.3,770.0,129.3,668.05,1438.05,3
Mon_01815,Monday,"Pak 'n Save Wairau Road,New World Metro Shore City,New World Metro Queen St",14,87.3,252,339.3,770.0,129.3,668.1,1438.1,3
Mon_01816,Monday,"New World Southmall,Four Square Cockle Bay,Four Square Onehunga",13,105.3,234,339.3,770.0,129.3,668.27,1438.27,3
Mon_01817,Monday,"New World Howick,Four Square Ellerslie,Four Square Britomart",13,105.4,234,339.4,770.0,129.4,668.56,1438.56,3
Mon_01818,Monday,"Four Square Eden Terrace,New World Metro Queen St,Four Square Lancaster,New World Metro Shore City",13,105.5,234,339.5,770.0,129.5,669.1,1439.1,4
Mon_01819,Monday,"Pak 'n Save Royal Oak,Four Square Remuera,Four Square Onehunga",16,51.5,288,339.5,770.0,129.5,669.2,1439.2,3
Mon_01820,Monday,"Pak 'n Save Glen Innes,New World Metro Queen St",14,87.5,252,339.5,770.0,129.5,669.28,1439.28,2
Mon_01821,Monday,"Four Square Fair Price Henderson,New World Hobsonville,New World Metro Shore City",13,105.5,234,339.5,770.0,129.5,669.32,1439.32,3
Mon_01822,Monday,"Four Square Eden Terrace,Four Square Ellerslie,New World Southmall",14,87.6,252,339.6,770.0,129.6,669.41,1439.41,3
Mon_01823,Monday,"Four Square Hobsonville,Four Square Lancaster,Four Square St Heliers",11,141.6,198,339.6,770.0,129.6,669.5,1439.5,3
Mon_01824,Monday,"Four Square Fair Price Henderson,Four Square Eden Terrace,Four Square Pakuranga Heights,Four Square Botany Junction",12,123.6,216,339.6,770.0,129.6,669.52,1439.52,4
Mon_01825,Monday,"Four Square Hobsonville,New World Metro Shore City,Four Square Britomart,Four Square Eden Terrace",13,105.8,234,339.8,770.0,129.8,670.59,1440.59,4
Mon_01826,Monday,"Four Square Remuera,Four Square St Heliers,Four Square Britomart,New World Metro Queen St",14,87.8,252,339.8,770.0,129.8,670.65,1440.65,4
Mon_01827,Monday,"Four Square Cockle Bay,New World Metro Queen St,Four Square Hobsonville",11,141.9,198,339.9,770.0,129.9,670.91,1440.91,3
Mon_01828,Monday,"Four Square Onehunga,New World Metro Queen St,Four Square Eden Terrace,Four Square Glen Eden",14,87.9,252,339.9,770.0,129.9,670.92,1440.92,4
Mon_01829,Monday,"Four Square Cockle Bay,Four Square Ellerslie,Four Square Remuera,Four Square Eden Terrace",13,105.9,234,339.9,770.0,129.9,670.94,1440.94,4
Mon_01830,Monday,"Four Square Onehunga,Four Square Ellerslie,Four Square St Heliers,Four Square Glen Eden",13,105.9,234,339.9,770.0,129.9,671.02,1441.02,4
Mon_01831,Monday,"Four Square Pakuranga Heights,Four Square Remuera,New World Metro Queen St,Four Square Fair Price Henderson",12,123.9,216,339.9,770.0,129.9,671.04,1441.04,4
Mon_01832,Monday,"Pak 'n Save Lincoln Road,Four Square Fair Price Henderson,Four Square Ellerslie",14,88.0,252,340.0,770.0,130.0,671.61,1441.61,3
Mon_01833,Monday,"Four Square Eden Terrace,Four Square Britomart,Four Square Remuera,Four Square Botany Junction",13,106.0,234,340.0,770.0,130.0,671.66,1441.66,4
Mon_01834,Monday,"Four Square Pakuranga Heights,New World Newmarket,New World Metro Queen St",14,88.0,252,340.0,770.0,130.0,671.79,1441.79,3
Mon_01835,Monday,"Four Square Botany Junction,Four Square Pakuranga Heights,New World Eastridge",13,106.1,234,340.1,770.0,130.1,671.98,1441.98,3
Mon_01836,Monday,"Four Square Lancaster,Four Square Remuera,Four Square Pakuranga Heights,Four Square Botany Junction",11,142.1,198,340.1,770.0,130.1,672.02,1442.02,4
Mon_01837,Monday,"Four Square Lancaster,Four Square Britomart,Four Square Pakuranga Heights,Four Square Botany Junction",11,142.1,198,340.1,770.0,130.1,672.12,1442.12,4
Mon_01838,Monday,"New World Papatoetoe,Four Square Remuera,Four Square Britomart",14,88.1,252,340.1,770.0,130.1,672.15,1442.15,3
Mon_01839,Monday,"Four Square Fair Price Henderson,Pak 'n Save Lincoln Road,Four Square Remuera",14,88.1,252,340.1,770.0,130.1,672.33,1442.33,3
Mon_01840,Monday,"New World Devonport,Four Square Britomart,Four Square Eden Terrace",13,106.1,234,340.1,770.0,130.1,672.43,1442.43,3
Mon_01841,Monday,"Four Square Lancaster,Four Square Eden Terrace,Four Square Ellerslie,Four Square Onehunga",13,106.2,234,340.2,770.0,130.2,672.53,1442.53,4
Mon_01842,Monday,"New World New Lynn,Four Square Torbay,New World Metro Shore City",12,124.2,216,340.2,770.0,130.2,672.54,1442.54,3
Mon_01843,Monday,"Four Square Fair Price Henderson,New World Long Bay,New World Metro Shore City",12,124.2,216,340.2,770.0,130.2,672.63,1442.63,3
Mon_01844,Monday,"Four Square Pakuranga Heights,Four Square Remuera,Pak 'n Save Lincoln Road",13,106.2,234,340.2,770.0,130.2,672.64,1442.64,3
Mon_01845,Monday,"Four Square Cockle Bay,Four Square Pakuranga Heights,New World Metro Shore City,Four Square Fair Price Henderson",10,160.2,180,340.2,770.0,130.2,672.69,1442.69,4
Mon_01846,Monday,"Four Square Ellerslie,New World Metro Queen St,New World Mt Albert",15,70.2,270,340.2,770.0,130.2,672.7,1442.7,3
Mon_01847,Monday,"Four Square Onehunga,Four Square Remuera,New World Metro Queen St,Four Square Lancaster",13,106.2,234,340.2,770.0,130.2,672.83,1442.83,4
Mon_01848,Monday,"Four Square Pakuranga Heights,New World Metro Queen St,New World Metro Shore City,Four Square Glen Eden",11,142.3,198,340.3,770.0,130.3,673.13,1443.13,4
Mon_01849,Monday,"New World Mt Albert,Four Square Eden Terrace,New World Metro Queen St",16,52.3,288,340.3,770.0,130.3,673.25,1443.25,3
Mon_01850,Monday,"Four Square Onehunga,Four Square Pakuranga Heights,Four Square St Heliers,Four Square Glen Eden",12,124.3,216,340.3,770.0,130.3,673.29,1443.29,4
Mon_01851,Monday,"Four Square Remuera,New World Metro Queen St,New World Mt Albert",15,70.3,270,340.3,770.0,130.3,673.43,1443.43,3
Mon_01852,Monday,"Four Square Onehunga,Four Square Ellerslie,Four Square St Heliers,Four Square Botany Junction",13,106.4,234,340.4,770.0,130.4,673.52,1443.52,4
Mon_01853,Monday,"New World Southmall,Four Square Botany Junction,New World Metro Shore City",12,124.4,216,340.4,770.0,130.4,673.58,1443.58,3
Mon_01854,Monday,"Four Square Onehunga,New World Metro Queen St,Four Square Remuera,Four Square Botany Junction",13,106.4,234,340.4,770.0,130.4,673.64,1443.64,4
Mon_01855,Monday,"Four Square Onehunga,Four Square Britomart,Pak 'n Save Wairau Road",14,88.4,252,340.4,770.0,130.4,673.67,1443.67,3
Mon_01856,Monday,"New World Metro Shore City,New World Metro Queen St,Four Square Ellerslie,Four Square Botany Junction",12,124.4,216,340.4,770.0,130.4,673.76,1443.76,4
Mon_01857,Monday,"Four Square Onehunga,Four Square Ellerslie,Four Square Remuera,New World New Lynn",15,70.4,270,340.4,770.0,130.4,673.82,1443.82,4
Mon_01858,Monday,"Four Square Fair Price Henderson,Four Square Hobsonville,Four Square Remuera,Four Square Onehunga",13,106.4,234,340.4,770.0,130.4,673.95,1443.95,4
Mon_01859,Monday,"New World Metro Shore City,New World Metro Queen St,New World Stonefields",13,106.5,234,340.5,770.0,130.5,674.06,1444.06,3
Mon_01860,Monday,"Four Square Glen Eden,Four Square Fair Price Henderson,New World Newmarket",14,88.5,252,340.5,770.0,130.5,674.14,1444.14,3
Mon_01861,Monday,"Pak 'n Save Wairau Road,New World Metro Shore City,Four Square Eden Terrace",14,88.5,252,340.5,770.0,130.5,674.17,1444.17,3
Mon_01862,Monday,"Four Square Ellerslie,Four Square Botany Junction,New World Papatoetoe",14,88.5,252,340.5,770.0,130.5,674.18,1444.18,3
Mon_01863,Monday,"Four Square Pakuranga Heights,New World Eastridge,New World Metro Shore City",12,124.5,216,340.5,770.0,130.5,674.2,1444.2,3
Mon_01864,Monday,"New World Metro Shore City,Four Square Remuera,Four Square Cockle Bay,Four Square Botany Junction",11,142.5,198,340.5,770.0,130.5,674.33,1444.33,4
Mon_01865,Monday,"New World Metro Shore City,Four Square Britomart,Four Square Cockle Bay,Four Square Botany Junction",11,142.5,198,340.5,770.0,130.5,674.43,1444.43,4
Mon_01866,Monday,"Four Square Onehunga,New World Stonefields,Four Square Lancaster",13,106.5,234,340.5,770.0,130.5,674.45,1444.45,3
Mon_01867,Monday,"Four Square Eden Terrace,Four Square Ellerslie,Four Square Remuera,Four Square St Heliers",14,88.6,252,340.6,770.0,130.6,674.51,1444.51,4
Mon_01868,Monday,"Four Square Pakuranga Heights,Four Square Onehunga,Pak 'n Save Royal Oak",15,70.6,270,340.6,770.0,130.6,674.52,1444.52,3
Mon_01869,Monday,"Four Square Fair Price Henderson,Four Square Britomart,New World Newmarket",14,88.6,252,340.6,770.0,130.6,674.66,1444.66,3
Mon_01870,Monday,"Four Square Onehunga,Four Square Remuera,Four Square St Heliers,Four Square Glen Eden",13,106.6,234,340.6,770.0,130.6,675.01,1445.01,4
Mon_01871,Monday,"Four Square Ellerslie,Four Square St Heliers,Four Square Britomart,New World Metro Queen St",14,88.7,252,340.7,770.0,130.7,675.15,1445.15,4
Mon_01872,Monday,"Four Square Fair Price Henderson,New World Milford,Four Square Britomart",13,106.7,234,340.7,770.0,130.7,675.27,1445.27,3
Mon_01873,Monday,"Four Square Botany Junction,Four Square Cockle Bay,Four Square Pakuranga Heights,Four Square St Heliers",12,124.7,216,340.7,770.0,130.7,675.28,1445.28,4
Mon_01874,Monday,"Four Square Fair Price Henderson,Four Square Lancaster,New World Birkenhead",13,106.7,234,340.7,770.0,130.7,675.39,1445.39,3
Mon_01875,Monday,"Four Square Pakuranga Heights,New World Metro Queen St,New World Point Chevalier",14,88.7,252,340.7,770.0,130.7,675.39,1445.39,3
Mon_01876,Monday,"Four Square Britomart,New World Remuera,Four Square Remuera",15,70.7,270,340.7,770.0,130.7,675.48,1445.48,3
Mon_01877,Monday,"New World Hobsonville,Four Square Ellerslie,Four Square Onehunga",14,88.8,252,340.8,770.0,130.8,675.55,1445.55,3
Mon_01878,Monday,"Four Square Pakuranga Heights,Four Square St Heliers,Four Square Remuera,New World Metro Queen St",13,106.8,234,340.8,770.0,130.8,675.65,1445.65,4
Mon_01879,Monday,"New World Birkenhead,New World Milford",14,88.8,252,340.8,770.0,130.8,675.78,1445.78,2
Mon_01880,Monday,"Pak 'n Save Lincoln Road,Four Square Fair Price Henderson,Four Square Eden Terrace",15,70.9,270,340.9,770.0,130.9,676.09,1446.09,3
Mon_01881,Monday,"New World Metro Shore City,New World Stonefields,Four Square Botany Junction",12,124.9,216,340.9,770.0,130.9,676.33,1446.33,3
Mon_01882,Monday,"Four Square Ellerslie,New World Ormiston,Four Square Botany Junction",14,88.9,252,340.9,770.0,130.9,676.39,1446.39,3
Mon_01883,Monday,"Four Square Onehunga,Four Square Lancaster,New World Devonport",12,125.0,216,341.0,770.0,131.0,676.84,1446.84,3
Mon_01884,Monday,"Four Square Onehunga,Four Square Cockle Bay,Four Square Pakuranga Heights,Four Square Lancaster",11,143.1,198,341.1,770.0,131.1,677.27,1447.27,4
Mon_01885,Monday,"Four Square Fair Price Henderson,Four Square Lancaster,New World Metro Shore City,New World Metro Queen St",12,125.1,216,341.1,770.0,131.1,677.31,1447.31,4
Mon_01886,Monday,"Four Square Onehunga,Four Square Remuera,Four Square St Heliers,Four Square Botany Junction",13,107.1,234,341.1,770.0,131.1,677.5,1447.5,4
Mon_01887,Monday,"Four Square Remuera,New World Howick,Four Square Botany Junction",13,107.2,234,341.2,770.0,131.2,677.72,1447.72,3
Mon_01888,Monday,"New World Newmarket,Four Square Ellerslie,New World Metro Queen St",15,71.2,270,341.2,770.0,131.2,677.83,1447.83,3
Mon_01889,Monday,"Four Square Lancaster,New World Metro Shore City,Four Square Ellerslie,Four Square Glen Eden",11,143.2,198,341.2,770.0,131.2,678.0,1448.0,4
Mon_01890,Monday,"Four Square Cockle Bay,Four Square St Heliers,Four Square Lancaster",10,161.3,180,341.3,770.0,131.3,678.29,1448.29,3
Mon_01891,Monday,"Four Square Britomart,Four Square St Heliers,New World Stonefields",14,89.3,252,341.3,770.0,131.3,678.32,1448.32,3
Mon_01892,Monday,"New World Southmall,Four Square Pakuranga Heights,New World Metro Queen St",13,107.3,234,341.3,770.0,131.3,678.37,1448.37,3
Mon_01893,Monday,"Four Square Torbay,Four Square Cockle Bay,Four Square Onehunga",10,161.3,180,341.3,770.0,131.3,678.45,1448.45,3
Mon_01894,Monday,"New World Newmarket,Four Square Remuera,New World Metro Queen St",15,71.3,270,341.3,770.0,131.3,678.56,1448.56,3
Mon_01895,Monday,"New World Papatoetoe,Four Square Pakuranga Heights,Four Square Eden Terrace",14,89.3,252,341.3,770.0,131.3,678.58,1448.58,3
Mon_01896,Monday,"Four Square Lancaster,New World Metro Shore City,Four Square Remuera,Four Square Glen Eden",11,143.4,198,341.4,770.0,131.4,678.72,1448.72,4
Mon_01897,Monday,"Four Square Fair Price Henderson,Four Square Hobsonville,New World Metro Shore City,Four Square Ellerslie",12,125.4,216,341.4,770.0,131.4,679.12,1449.12,4
Mon_01898,Monday,"Four Square Pakuranga Heights,Four Square Britomart,New World Victoria Park",14,89.5,252,341.5,770.0,131.5,679.27,1449.27,3
Mon_01899,Monday,"Four Square Fair Price Henderson,Four Square Hobsonville,New World Metro Shore City,Four Square Remuera",12,125.6,216,341.6,770.0,131.6,679.84,1449.84,4
Mon_01900,Monday,"Four Square Lancaster,Four Square Hobsonville,New World New Lynn",13,107.6,234,341.6,770.0,131.6,679.87,1449.87,3
Mon_01901,Monday,"Four Square Onehunga,Four Square Remuera,Pak 'n Save Wairau Road",14,89.6,252,341.6,770.0,131.6,679.92,1449.92,3
Mon_01902,Monday,"Four Square Glen Eden,Four Square Britomart,Four Square Ellerslie,Four Square Botany Junction",12,125.6,216,341.6,770.0,131.6,679.92,1449.92,4
Mon_01903,Monday,"Four Square Onehunga,New World Metro Queen St,New World Devonport",13,107.6,234,341.6,770.0,131.6,680.17,1450.17,3
Mon_01904,Monday,"Four Square Pakuranga Heights,Four Square St Heliers,Four Square Remuera,Four Square Glen Eden",12,125.7,216,341.7,770.0,131.7,680.21,1450.21,4
Mon_01905,Monday,"New World Papatoetoe,Four Square Britomart,New World Metro Shore City",13,107.7,234,341.7,770.0,131.7,680.49,1450.49,3
Mon_01906,Monday,"Four Square Onehunga,New World Metro Queen St,Four Square Eden Terrace,Four Square Fair Price Henderson",14,89.7,252,341.7,770.0,131.7,680.56,1450.56,4
Mon_01907,Monday,"Four Square Ellerslie,Pak 'n Save Ormiston",14,89.7,252,341.7,770.0,131.7,680.63,1450.63,2
Mon_01908,Monday,"Four Square Onehunga,Four Square Ellerslie,Four Square St Heliers,Four Square Fair Price Henderson",13,107.7,234,341.7,770.0,131.7,680.66,1450.66,4
Mon_01909,Monday,"Four Square Hobsonville,New World Metro Shore City,Four Square Pakuranga Heights,Four Square Botany Junction",11,143.8,198,341.8,770.0,131.8,680.72,1450.72,4
Mon_01910,Monday,"Four Square Onehunga,Four Square Remuera,New World Ormiston",14,89.8,252,341.8,770.0,131.8,680.83,1450.83,3
Mon_01911,Monday,"New World Milford,Four Square Britomart,Four Square Eden Terrace",14,89.8,252,341.8,770.0,131.8,680.97,1450.97,3
Mon_01912,Monday,"Four Square Britomart,Four Square Lancaster,New World Devonport",12,125.9,216,341.9,770.0,131.9,681.43,1451.43,3
Mon_01913,Monday,"New World Metro Shore City,Four Square Pakuranga Heights,New World Ormiston",12,125.9,216,341.9,770.0,131.9,681.58,1451.58,3
Mon_01914,Monday,"Four Square Onehunga,Four Square Pakuranga Heights,Four Square Britomart,Four Square Hobsonville",12,125.9,216,341.9,770.0,131.9,681.72,1451.72,4
Mon_01915,Monday,"Four Square Fair Price Henderson,New World Metro Shore City,New World Newmarket",13,108.0,234,342.0,770.0,132.0,681.81,1451.81,3
Mon_01916,Monday,"Four Square Pakuranga Heights,New World Stonefields,Four Square Lancaster",12,126.0,216,342.0,770.0,132.0,681.97,1451.97,3
Mon_01917,Monday,"Four Square Onehunga,Four Square Cockle Bay,New World Metro Queen St,Four Square Britomart",13,108.0,234,342.0,770.0,132.0,681.99,1451.99,4
Mon_01918,Monday,"Four Square Onehunga,Four Square Botany Junction,Four Square Lancaster,New World Metro Shore City",11,144.1,198,342.1,770.0,132.1,682.35,1452.35,4
Mon_01919,Monday,"New World Newmarket,Four Square Ellerslie,Four Square Glen Eden",14,90.1,252,342.1,770.0,132.1,682.4,1452.4,3
Mon_01920,Monday,"Four Square Pakuranga Heights,Four Square Ellerslie,New World Victoria Park",14,90.1,252,342.1,770.0,132.1,682.4,1452.4,3
Mon_01921,Monday,"Four Square Onehunga,Four Square Cockle Bay,Four Square Remuera,Four Square Eden Terrace",13,108.1,234,342.1,770.0,132.1,682.48,1452.48,4
Mon_01922,Monday,"Four Square Onehunga,New World Eastridge,Four Square Eden Terrace",15,72.1,270,342.1,770.0,132.1,682.5,1452.5,3
Mon_01923,Monday,"New World Devonport,Four Square Pakuranga Heights,Four Square Botany Junction",11,144.1,198,342.1,770.0,132.1,682.56,1452.56,3
Mon_01924,Monday,"Four Square Ellerslie,Four Square Remuera,New World Victoria Park",15,72.1,270,342.1,770.0,132.1,682.57,1452.57,3
Mon_01925,Monday,"Four Square Pakuranga Heights,New World Metro Queen St,New World Metro Shore City,Four Square Fair Price Henderson",11,144.1,198,342.1,770.0,132.1,682.77,1452.77,4
Mon_01926,Monday,"Four Square Fair Price Henderson,Four Square Lancaster,Four Square Pakuranga Heights,Four Square Onehunga",11,144.2,198,342.2,770.0,132.2,682.85,1452.85,4
Mon_01927,Monday,"Four Square Onehunga,Four Square Pakuranga Heights,Four Square St Heliers,Four Square Fair Price Henderson",12,126.2,216,342.2,770.0,132.2,682.93,1452.93,4
Mon_01928,Monday,"Four Square Glen Eden,Four Square Fair Price Henderson,Four Square Lancaster,Four Square Britomart",12,126.2,216,342.2,770.0,132.2,683.01,1453.01,4
Mon_01929,Monday,"New World Newmarket,Four Square Remuera,Four Square Glen Eden",14,90.2,252,342.2,770.0,132.2,683.12,1453.12,3
Mon_01930,Monday,"Four Square Cockle Bay,Four Square Remuera,Four Square Britomart,New World Metro Shore City",11,144.2,198,342.2,770.0,132.2,683.18,1453.18,4
Mon_01931,Monday,"Four Square Fair Price Henderson,Four Square Lancaster,New World Metro Shore City,Four Square Eden Terrace",12,126.3,216,342.3,770.0,132.3,683.38,1453.38,4
Mon_01932,Monday,"Four Square Britomart,Four Square St Heliers,Four Square Remuera,Four Square Eden Terrace",14,90.3,252,342.3,770.0,132.3,683.4,1453.4,4
Mon_01933,Monday,"Four Square Pakuranga Heights,New World Metro Shore City,Four Square Hobsonville,Four Square Fair Price Henderson",11,144.3,198,342.3,770.0,132.3,683.44,1453.44,4
Mon_01934,Monday,"Four Square Glen Eden,Four Square Fair Price Henderson,Four Square Ellerslie,Four Square Botany Junction",12,126.4,216,342.4,770.0,132.4,683.88,1453.88,4
Mon_01935,Monday,"New World Metro Shore City,Four Square St Heliers,Four Square Pakuranga Heights,Four Square Botany Junction",11,144.4,198,342.4,770.0,132.4,683.96,1453.96,4
Mon_01936,Monday,"Four Square Fair Price Henderson,Four Square Ellerslie,Four Square Pakuranga Heights,New World Metro Queen St",12,126.4,216,342.4,770.0,132.4,684.24,1454.24,4
Mon_01937,Monday,"Four Square Fair Price Henderson,Four Square Britomart,Four Square Ellerslie,Four Square Botany Junction",12,126.5,216,342.5,770.0,132.5,684.39,1454.39,4
Mon_01938,Monday,"Four Square Lancaster,Four Square Torbay,Four Square Botany Junction",10,162.5,180,342.5,770.0,132.5,684.4,1454.4,3
Mon_01939,Monday,"Four Square Glen Eden,Four Square Lancaster,Four Square Ellerslie,Four Square Onehunga",12,126.5,216,342.5,770.0,132.5,684.42,1454.42,4
Mon_01940,Monday,"Four Square Onehunga,Four Square Lancaster,Four Square Fair Price Henderson,Four Square Glen Eden",12,126.5,216,342.5,770.0,132.5,684.46,1454.46,4
Mon_01941,Monday,"New World Metro Shore City,Four Square Ellerslie,New World Eastridge",13,108.5,234,342.5,770.0,132.5,684.55,1454.55,3
Mon_01942,Monday,"Four Square Glen Eden,Pak 'n Save Wairau Road,New World Metro Shore City",13,108.5,234,342.5,770.0,132.5,684.56,1454.56,3
Mon_01943,Monday,"Four Square Onehunga,Four Square Remuera,Four Square St Heliers,Four Square Fair Price Henderson",13,108.5,234,342.5,770.0,132.5,684.64,1454.64,4
Mon_01944,Monday,"Four Square Ellerslie,Four Square Remuera,Four Square St Heliers,New World Metro Queen St",14,90.5,252,342.5,770.0,132.5,684.66,1454.66,4
Mon_01945,Monday,"Four Square Fair Price Henderson,Four Square Britomart,New World Stonefields",13,108.5,234,342.5,770.0,132.5,684.7,1454.7,3
Mon_01946,Monday,"Four Square Pakuranga Heights,New World Metro Queen St,Four Square Britomart,Four Square Lancaster",12,126.5,216,342.5,770.0,132.5,684.71,1454.71,4
Mon_01947,Monday,"Four Square Cockle Bay,New World Howick,New World Metro Shore City",12,126.5,216,342.5,770.0,132.5,684.74,1454.74,3
Mon_01948,Monday,"Four Square Britomart,New World Metro Queen St,Pak 'n Save Mt Albert",16,54.6,288,342.6,770.0,132.6,685.09,1455.09,3
Mon_01949,Monday,"New World Howick,Four Square Remuera,Four Square Britomart",13,108.6,234,342.6,770.0,132.6,685.13,1455.13,3
Mon_01950,Monday,"New World Howick,Four Square Ellerslie,New World Metro Shore City",12,126.7,216,342.7,770.0,132.7,685.58,1455.58,3
Mon_01951,Monday,"Four Square Onehunga,New World Metro Queen St,New World Metro Shore City,Four Square Hobsonville",13,108.7,234,342.7,770.0,132.7,685.63,1455.63,4
Mon_01952,Monday,"Four Square Onehunga,Four Square Remuera,Four Square Lancaster,Four Square Eden Terrace",13,108.7,234,342.7,770.0,132.7,685.65,1455.65,4
Mon_01953,Monday,"Four Square Onehunga,New World Eastridge,New World Metro Queen St",15,72.7,270,342.7,770.0,132.7,685.75,1455.75,3
Mon_01954,Monday,"Four Square Britomart,New World Metro Queen St,New World Victoria Park",16,54.7,288,342.7,770.0,132.7,685.77,1455.77,3
Mon_01955,Monday,"New World Southmall,New World Metro Queen St,Four Square Britomart",14,90.7,252,342.7,770.0,132.7,685.78,1455.78,3
Mon_01956,Monday,"Four Square Torbay,Four Square Britomart,Four Square St Heliers",11,144.8,198,342.8,770.0,132.8,685.91,1455.91,3
Mon_01957,Monday,"Four Square Pakuranga Heights,New World Metro Shore City,Four Square Eden Terrace,Four Square Glen Eden",11,144.8,198,342.8,770.0,132.8,685.95,1455.95,4
Mon_01958,Monday,"Four Square Pakuranga Heights,New World Newmarket,Four Square Fair Price Henderson",13,108.8,234,342.8,770.0,132.8,686.0,1456.0,3
Mon_01959,Monday,"Four Square Pakuranga Heights,Four Square Britomart,Pak 'n Save Lincoln Road",13,108.8,234,342.8,770.0,132.8,686.07,1456.07,3
Mon_01960,Monday,"Four Square Ellerslie,Pak 'n Save Botany",14,90.8,252,342.8,770.0,132.8,686.15,1456.15,2
Mon_01961,Monday,"New World Stonefields,Four Square Cockle Bay,Four Square Botany Junction",13,108.8,234,342.8,770.0,132.8,686.2,1456.2,3
Mon_01962,Monday,"New World Southmall,Four Square Remuera,Four Square Eden Terrace",14,90.8,252,342.8,770.0,132.8,686.27,1456.27,3
Mon_01963,Monday,"Four Square Botany Junction,Four Square Eden Terrace,Four Square Britomart,New World Metro Shore City",12,126.8,216,342.8,770.0,132.8,686.28,1456.28,4
Mon_01964,Monday,"Four Square Onehunga,Four Square Britomart,Four Square Fair Price Henderson,Four Square Hobsonville",13,108.8,234,342.8,770.0,132.8,686.28,1456.28,4
Mon_01965,Monday,"Four Square Pakuranga Heights,New World Botany,Four Square Ellerslie",14,90.9,252,342.9,770.0,132.9,686.43,1456.43,3
Mon_01966,Monday,"Four Square Onehunga,New World Remuera,Four Square Eden Terrace",16,55.0,288,343.0,770.0,133.0,686.98,1456.98,3
Mon_01967,Monday,"New World Mt Roskill,Four Square Pakuranga Heights,Four Square Ellerslie,Four Square Onehunga",15,73.0,270,343.0,770.0,133.0,687.07,1457.07,4
Mon_01968,Monday,"Four Square Fair Price Henderson,Four Square Remuera,Four Square Botany Junction,Four Square Onehunga",12,127.0,216,343.0,770.0,133.0,687.09,1457.09,4
Mon_01969,Monday,"Four Square Onehunga,Four Square Cockle Bay,Four Square Botany Junction,Four Square Eden Terrace",13,109.0,234,343.0,770.0,133.0,687.29,1457.29,4
Mon_01970,Monday,"Four Square Onehunga,Four Square Pakuranga Heights,New World Metro Queen St,Four Square Lancaster",12,127.0,216,343.0,770.0,133.0,687.35,1457.35,4
Mon_01971,Monday,"Four Square Fair Price Henderson,New World Metro Shore City,New World Metro Queen St,Four Square Ellerslie",12,127.1,216,343.1,770.0,133.1,687.48,1457.48,4
Mon_01972,Monday,"New World Metro Shore City,Four Square Eden Terrace,Four Square Ellerslie,Four Square Botany Junction",12,127.1,216,343.1,770.0,133.1,687.53,1457.53,4
Mon_01973,Monday,"Four Square Eden Terrace,Four Square Ellerslie,Four Square Cockle Bay,Four Square Botany Junction",13,109.1,234,343.1,770.0,133.1,687.71,1457.71,4
Mon_01974,Monday,"Four Square Fair Price Henderson,New World Newmarket,Four Square Ellerslie",14,91.1,252,343.1,770.0,133.1,687.75,1457.75,3
Mon_01975,Monday,"Four Square Pakuranga Heights,Four Square St Heliers,Four Square Torbay",10,163.2,180,343.2,770.0,133.2,688.13,1458.13,3
Mon_01976,Monday,"Four Square Cockle Bay,Four Square Pakuranga Heights,New World Metro Queen St,Four Square Eden Terrace",13,109.2,234,343.2,770.0,133.2,688.16,1458.16,4
Mon_01977,Monday,"Four Square Fair Price Henderson,New World Metro Shore City,New World Metro Queen St,Four Square Remuera",12,127.2,216,343.2,770.0,133.2,688.2,1458.2,4
Mon_01978,Monday,"New World Birkenhead,New World Metro Shore City,Four Square Hobsonville",13,109.2,234,343.2,770.0,133.2,688.32,1458.32,3
Mon_01979,Monday,"Four Square Fair Price Henderson,New World Newmarket,Four Square Remuera",14,91.3,252,343.3,770.0,133.3,688.48,1458.48,3
Mon_01980,Monday,"New World Birkenhead,Four Square Lancaster,New World Metro Queen St",14,91.3,252,343.3,770.0,133.3,688.57,1458.57,3
Mon_01981,Monday,"Four Square Cockle Bay,Pak 'n Save Botany",14,91.3,252,343.3,770.0,133.3,688.6,1458.6,2
Mon_01982,Monday,"Four Square Onehunga,New World Metro Queen St,New World Milford",14,91.3,252,343.3,770.0,133.3,688.71,1458.71,3
Mon_01983,Monday,"New World Howick,Four Square Pakuranga Heights,Four Square St Heliers",13,109.3,234,343.3,770.0,133.3,688.73,1458.73,3
Mon_01984,Monday,"Four Square Botany Junction,Four Square Britomart,Four Square Lancaster,New World Metro Shore City",11,145.3,198,343.3,770.0,133.3,688.73,1458.73,4
Mon_01985,Monday,"Four Square Glen Eden,Four Square Fair Price Henderson,New World Milford",13,109.3,234,343.3,770.0,133.3,688.75,1458.75,3
Mon_01986,Monday,"New World Metro Shore City,New World Metro Queen St,Four Square Ellerslie,Four Square Glen Eden",12,127.3,216,343.3,770.0,133.3,688.9,1458.9,4
Mon_01987,Monday,"Four Square Fair Price Henderson,Four Square Hobsonville,Four Square Pakuranga Heights,Four Square Onehunga",12,127.4,216,343.4,770.0,133.4,689.05,1459.05,4
Mon_01988,Monday,"New World Papatoetoe,Four Square Remuera,New World Metro Shore City",13,109.4,234,343.4,770.0,133.4,689.17,1459.17,3
Mon_01989,Monday,"Four Square Onehunga,Four Square Botany Junction,New World Metro Queen St,New World Metro Shore City",12,127.4,216,343.4,770.0,133.4,689.17,1459.17,4
Mon_01990,Monday,"New World Point Chevalier,Four Square Ellerslie,Four Square Botany Junction",14,91.4,252,343.4,770.0,133.4,689.28,1459.28,3
Mon_01991,Monday,"Four Square Cockle Bay,Pak 'n Save Glen Innes",13,109.4,234,343.4,770.0,133.4,689.34,1459.34,2
Mon_01992,Monday,"New World Metro Shore City,New World Remuera,Four Square Remuera",14,91.4,252,343.4,770.0,133.4,689.41,1459.41,3
Mon_01993,Monday,"Pak 'n Save Royal Oak,Four Square Ellerslie,Four Square Remuera",16,55.5,288,343.5,770.0,133.5,689.54,1459.54,3
Mon_01994,Monday,"New World Metro Shore City,New World Metro Queen St,Four Square Remuera,Four Square Glen Eden",12,127.5,216,343.5,770.0,133.5,689.62,1459.62,4
Mon_01995,Monday,"Four Square Pakuranga Heights,Four Square Ellerslie,Four Square St Heliers,New World Metro Queen St",13,109.5,234,343.5,770.0,133.5,689.72,1459.72,4
Mon_01996,Monday,"Four Square Pakuranga Heights,Four Square St Heliers,Four Square Remuera,Four Square Fair Price Henderson",12,127.5,216,343.5,770.0,133.5,689.85,1459.85,4
Mon_01997,Monday,"Four Square Onehunga,Four Square Ellerslie,Four Square Torbay,New World Metro Shore City",12,127.6,216,343.6,770.0,133.6,690.43,1460.43,4
Mon_01998,Monday,"Four Square Glen Eden,Four Square Hobsonville,Four Square Ellerslie,Four Square Onehunga",13,109.7,234,343.7,770.0,133.7,690.63,1460.63,4
Mon_01999,Monday,"Four Square Pakuranga Heights,Four Square Ellerslie,Pak 'n Save Royal Oak",15,73.7,270,343.7,770.0,133.7,690.7,1460.7,3
Mon_02000,Monday,"New World Mt Roskill,Four Square Onehunga,Four Square Ellerslie,Four Square Remuera",16,55.7,288,343.7,770.0,133.7,690.79,1460.79,4
Mon_02001,Monday,"Pak 'n Save Lincoln Road,Four Square Lancaster,New World Metro Shore City",13,109.7,234,343.7,770.0,133.7,690.88,1460.88,3
Mon_02002,Monday,"Pak 'n Save Lincoln Road,Four Square Britomart,New World Metro Queen St",15,73.7,270,343.7,770.0,133.7,690.97,1460.97,3
Mon_02003,Monday,"New World Milford,Four Square Pakuranga Heights,Four Square Botany Junction",12,127.8,216,343.8,770.0,133.8,691.1,1461.1,3
Mon_02004,Monday,"Four Square Botany Junction,Four Square Remuera,New World Mt Albert",14,91.8,252,343.8,770.0,133.8,691.28,1461.28,3
Mon_02005,Monday,"Four Square Pakuranga Heights,Four Square Botany Junction,Pak 'n Save Mt Albert",14,91.8,252,343.8,770.0,133.8,691.46,1461.46,3
Mon_02006,Monday,"Four Square Pakuranga Heights,Four Square St Heliers,Four Square Britomart,Four Square Glen Eden",12,127.8,216,343.8,770.0,133.8,691.53,1461.53,4
Mon_02007,Monday,"Four Square Fair Price Henderson,New World Metro Shore City,Four Square Ellerslie,Four Square Botany Junction",11,145.8,198,343.8,770.0,133.8,691.54,1461.54,4
Mon_02008,Monday,"Four Square Torbay,Four Square Remuera,Four Square St Heliers",11,145.9,198,343.9,770.0,133.9,691.57,1461.57,3
Mon_02009,Monday,"Four Square Torbay,Four Square St Heliers,Four Square Onehunga",11,145.9,198,343.9,770.0,133.9,691.66,1461.66,3
Mon_02010,Monday,"Four Square Fair Price Henderson,New World Metro Shore City,New World Stonefields",12,127.9,216,343.9,770.0,133.9,691.85,1461.85,3
Mon_02011,Monday,"Four Square Pakuranga Heights,New World Long Bay,New World Metro Shore City",11,145.9,198,343.9,770.0,133.9,691.99,1461.99,3
Mon_02012,Monday,"Four Square Eden Terrace,Four Square Ellerslie,Four Square Pakuranga Heights,Four Square St Heliers",13,110.0,234,344.0,770.0,134.0,692.16,1462.16,4
Mon_02013,Monday,"Four Square Cockle Bay,Four Square Pakuranga Heights,Four Square Eden Terrace,Four Square Glen Eden",12,128.0,216,344.0,770.0,134.0,692.19,1462.19,4
Mon_02014,Monday,"New World Victoria Park,Four Square Britomart,Four Square Ellerslie",15,74.0,270,344.0,770.0,134.0,692.43,1462.43,3
Mon_02015,Monday,"Four Square Ellerslie,New World Metro Queen St,New World Point Chevalier",15,74.0,270,344.0,770.0,134.0,692.47,1462.47,3
Mon_02016,Monday,"New World Southmall,Four Square Pakuranga Heights,Four Square Fair Price Henderson",12,128.0,216,344.0,770.0,134.0,692.57,1462.57,3
Mon_02017,Monday,"Pak 'n Save Highland Park,Four Square Onehunga",15,74.1,270,344.1,770.0,134.1,692.76,1462.76,2
Mon_02018,Monday,"Four Square Onehunga,New World Howick,Four Square Eden Terrace",14,92.1,252,344.1,770.0,134.1,692.76,1462.76,3
Mon_02019,Monday,"Four Square Eden Terrace,Four Square Ellerslie,Four Square St Heliers,Four Square Britomart",14,92.1,252,344.1,770.0,134.1,692.93,1462.93,4
Mon_02020,Monday,"New World Newmarket,Four Square Remuera,Four Square Botany Junction",14,92.2,252,344.2,770.0,134.2,693.12,1463.12,3
Mon_02021,Monday,"New World Victoria Park,Four Square Britomart,Four Square Remuera",15,74.2,270,344.2,770.0,134.2,693.16,1463.16,3
Mon_02022,Monday,"Four Square Remuera,New World Metro Queen St,New World Point Chevalier",15,74.2,270,344.2,770.0,134.2,693.19,1463.19,3
Mon_02023,Monday,"New World Papatoetoe,Four Square Botany Junction,Four Square Remuera",14,92.2,252,344.2,770.0,134.2,693.37,1463.37,3
Mon_02024,Monday,"Four Square Onehunga,Four Square Britomart,Four Square Torbay,New World Metro Shore City",12,128.2,216,344.2,770.0,134.2,693.39,1463.39,4
Mon_02025,Monday,"Four Square Britomart,Four Square Ellerslie,New World Remuera",15,74.2,270,344.2,770.0,134.2,693.46,1463.46,3
Mon_02026,Monday,"New World Howick,Four Square Britomart,New World Metro Shore City",12,128.2,216,344.2,770.0,134.2,693.47,1463.47,3
Mon_02027,Monday,"New World Metro Shore City,Four Square Lancaster,New World Hobsonville",13,110.3,234,344.3,770.0,134.3,693.73,1463.73,3
Mon_02028,Monday,"Four Square Glen Eden,New World Metro Shore City,Four Square Ellerslie,Four Square Botany Junction",11,146.3,198,344.3,770.0,134.3,693.85,1463.85,4
Mon_02029,Monday,"Four Square Botany Junction,Four Square St Heliers,Four Square Hobsonville",11,146.4,198,344.4,770.0,134.4,694.27,1464.27,3
Mon_02030,Monday,"Four Square Onehunga,Four Square Pakuranga Heights,Pak 'n Save Wairau Road",13,110.4,234,344.4,770.0,134.4,694.44,1464.44,3
Mon_02031,Monday,"Four Square Glen Eden,Four Square Fair Price Henderson,Four Square Ellerslie,New World Metro Queen St",13,110.4,234,344.4,770.0,134.4,694.46,1464.46,4
Mon_02032,Monday,"Four Square Britomart,New World Howick,Four Square Botany Junction",13,110.4,234,344.4,770.0,134.4,694.48,1464.48,3
Mon_02033,Monday,"New World Hobsonville,Four Square Hobsonville,New World Metro Shore City",14,92.4,252,344.4,770.0,134.4,694.49,1464.49,3
Mon_02034,Monday,"New World Birkenhead,Four Square Lancaster,Four Square Eden Terrace",14,92.4,252,344.4,770.0,134.4,694.64,1464.64,3
Mon_02035,Monday,"Four Square Onehunga,Four Square Ellerslie,Four Square Remuera,New World Green Bay",15,74.5,270,344.5,770.0,134.5,695.04,1465.04,4
Mon_02036,Monday,"Four Square Pakuranga Heights,Four Square Ellerslie,Four Square Onehunga,New World New Lynn",14,92.5,252,344.5,770.0,134.5,695.12,1465.12,4
Mon_02037,Monday,"Four Square Glen Eden,Four Square Fair Price Henderson,Four Square Remuera,New World Metro Queen St",13,110.6,234,344.6,770.0,134.6,695.18,1465.18,4
Mon_02038,Monday,"Four Square Torbay,New World Albany",13,110.6,234,344.6,770.0,134.6,695.22,1465.22,2
Mon_02039,Monday,"Four Square Lancaster,New World Long Bay,New World Metro Shore City",12,128.6,216,344.6,770.0,134.6,695.25,1465.25,3
Mon_02040,Monday,"Four Square Onehunga,Four Square Botany Junction,Four Square Britomart,Four Square Glen Eden",12,128.6,216,344.6,770.0,134.6,695.44,1465.44,4
Mon_02041,Monday,"Four Square Fair Price Henderson,New World Metro Shore City,New World Metro Queen St,Four Square Eden Terrace",13,110.6,234,344.6,770.0,134.6,695.48,1465.48,4
Mon_02042,Monday,"Four Square Eden Terrace,Four Square Ellerslie,Four Square Remuera,Four Square Lancaster",13,110.6,234,344.6,770.0,134.6,695.63,1465.63,4
Mon_02043,Monday,"Four Square Onehunga,Four Square Lancaster,Four Square Britomart,Four Square Glen Eden",12,128.6,216,344.6,770.0,134.6,695.69,1465.69,4
Mon_02044,Monday,"Four Square Fair Price Henderson,Four Square Britomart,New World Birkenhead",13,110.7,234,344.7,770.0,134.7,696.0,1466.0,3
Mon_02045,Monday,"Four Square Torbay,Four Square Ellerslie,Four Square St Heliers",11,146.7,198,344.7,770.0,134.7,696.07,1466.07,3
Mon_02046,Monday,"New World Birkenhead,New World Metro Shore City,Four Square Botany Junction",12,128.8,216,344.8,770.0,134.8,696.37,1466.37,3
Mon_02047,Monday,"Four Square Onehunga,Four Square Ellerslie,Four Square Cockle Bay,New World Metro Queen St",13,110.8,234,344.8,770.0,134.8,696.44,1466.44,4
Mon_02048,Monday,"Four Square Cockle Bay,Four Square Ellerslie,Four Square Onehunga,Four Square Glen Eden",12,128.8,216,344.8,770.0,134.8,696.48,1466.48,4
Mon_02049,Monday,"Pak 'n Save Lincoln Road,Four Square Britomart,Four Square Ellerslie",14,92.8,252,344.8,770.0,134.8,696.56,1466.56,3
Mon_02050,Monday,"Four Square Fair Price Henderson,Four Square Lancaster,Four Square Ellerslie,Four Square Remuera",12,128.8,216,344.8,770.0,134.8,696.56,1466.56,4
Mon_02051,Monday,"Four Square Pakuranga Heights,Four Square St Heliers,New World Metro Queen St,New World Metro Shore City",12,128.8,216,344.8,770.0,134.8,696.56,1466.56,4
Mon_02052,Monday,"Four Square Fair Price Henderson,New World Metro Shore City,Four Square Pakuranga Heights,Four Square Eden Terrace",11,146.9,198,344.9,770.0,134.9,696.74,1466.74,4
Mon_02053,Monday,"New World Metro Shore City,New World Metro Queen St,Four Square Eden Terrace,Four Square Glen Eden",13,110.9,234,344.9,770.0,134.9,696.91,1466.91,4
Mon_02054,Monday,"Four Square Pakuranga Heights,New World Metro Shore City,New World Hobsonville",12,128.9,216,344.9,770.0,134.9,696.92,1466.92,3
Mon_02055,Monday,"Four Square Pakuranga Heights,New World Victoria Park,New World Metro Shore City",13,110.9,234,344.9,770.0,134.9,696.95,1466.95,3
Mon_02056,Monday,"Four Square Hobsonville,Four Square Britomart,Four Square Ellerslie,Four Square Remuera",13,111.0,234,345.0,770.0,135.0,697.25,1467.25,4
Mon_02057,Monday,"Pak 'n Save Lincoln Road,Four Square Britomart,Four Square Remuera",14,93.0,252,345.0,770.0,135.0,697.29,1467.29,3
Mon_02058,Monday,"Four Square Britomart,Four Square Lancaster,New World Mt Albert",14,93.0,252,345.0,770.0,135.0,697.37,1467.37,3
Mon_02059,Monday,"Four Square Botany Junction,Four Square Remuera,Four Square Lancaster,New World Metro Shore City",11,147.0,198,345.0,770.0,135.0,697.41,1467.41,4
Mon_02060,Monday,"Four Square Onehunga,Four Square St Heliers,Four Square Britomart,Four Square Glen Eden",13,111.0,234,345.0,770.0,135.0,697.69,1467.69,4
Mon_02061,Monday,"Four Square Pakuranga Heights,Four Square St Heliers,Four Square Ellerslie,Four Square Glen Eden",12,129.1,216,345.1,770.0,135.1,697.76,1467.76,4
Mon_02062,Monday,"Four Square Onehunga,New World Browns Bay,New World Metro Shore City",13,111.1,234,345.1,770.0,135.1,697.83,1467.83,3
Mon_02063,Monday,"Four Square Pakuranga Heights,New World Metro Shore City,Four Square Lancaster,Four Square Hobsonville",11,147.1,198,345.1,770.0,135.1,697.99,1467.99,4
Mon_02064,Monday,"Pak 'n Save Albany,Four Square Torbay",13,111.1,234,345.1,770.0,135.1,698.05,1468.05,2
Mon_02065,Monday,"Four Square Glen Eden,New World Metro Queen St,Four Square Pakuranga Heights,Four Square Botany Junction",12,129.2,216,345.2,770.0,135.2,698.75,1468.75,4
Mon_02066,Monday,"Four Square Pakuranga Heights,Four Square Remuera,New World Victoria Park",14,93.3,252,345.3,770.0,135.3,698.97,1468.97,3
Mon_02067,Monday,"Four Square Cockle Bay,Four Square Pakuranga Heights,Four Square Ellerslie,Four Square Lancaster",11,147.3,198,345.3,770.0,135.3,699.22,1469.22,4
Mon_02068,Monday,"New World Metro Shore City,New World Metro Queen St,Four Square Remuera,Four Square Botany Junction",12,129.4,216,345.4,770.0,135.4,699.63,1469.63,4
Mon_02069,Monday,"Four Square Onehunga,Four Square Remuera,Four Square Torbay,New World Metro Shore City",12,129.4,216,345.4,770.0,135.4,699.64,1469.64,4
Mon_02070,Monday,"Four Square Onehunga,Four Square Remuera,Pak 'n Save Manukau",15,75.4,270,345.4,770.0,135.4,699.76,1469.76,3
Mon_02071,Monday,"Four Square Onehunga,Four Square Pakuranga Heights,Four Square Lancaster,Four Square Eden Terrace",12,129.5,216,345.5,770.0,135.5,700.17,1470.17,4
Mon_02072,Monday,"Four Square Pakuranga Heights,New World Remuera,Four Square Britomart",14,93.5,252,345.5,770.0,135.5,700.19,1470.19,3
Mon_02073,Monday,"Four Square Cockle Bay,Four Square Pakuranga Heights,New World Eastridge",13,111.5,234,345.5,770.0,135.5,700.2,1470.2,3
Mon_02074,Monday,"New World Metro Queen St,Four Square Britomart,New World Eastridge",15,75.6,270,345.6,770.0,135.6,700.38,1470.38,3
Mon_02075,Monday,"Four Square Lancaster,Four Square Britomart,New World Metro Queen St,Four Square Ellerslie",13,111.6,234,345.6,770.0,135.6,700.4,1470.4,4
Mon_02076,Monday,"Four Square Hobsonville,Four Square Eden Terrace,Four Square Ellerslie,Four Square Onehunga",14,93.7,252,345.7,770.0,135.7,701.03,1471.03,4
Mon_02077,Monday,"Four Square Lancaster,Four Square Britomart,New World Metro Queen St,Four Square Remuera",13,111.7,234,345.7,770.0,135.7,701.12,1471.12,4
Mon_02078,Monday,"Four Square Pakuranga Heights,Four Square St Heliers,Four Square Britomart,Four Square Fair Price Henderson",12,129.7,216,345.7,770.0,135.7,701.17,1471.17,4
Mon_02079,Monday,"Pak 'n Save Manukau,Four Square Pakuranga Heights,Four Square Ellerslie",14,93.7,252,345.7,770.0,135.7,701.25,1471.25,3
Mon_02080,Monday,"Pak 'n Save Lincoln Road,Four Square Fair Price Henderson,Four Square Hobsonville",15,75.8,270,345.8,770.0,135.8,701.41,1471.41,3
Mon_02081,Monday,"Four Square Lancaster,Four Square Ellerslie,New World Stonefields",13,111.8,234,345.8,770.0,135.8,701.44,1471.44,3
Mon_02082,Monday,"Four Square Eden Terrace,New World Metro Queen St,New World Point Chevalier",16,57.8,288,345.8,770.0,135.8,701.47,1471.47,3
Mon_02083,Monday,"New World Papatoetoe,Four Square Ellerslie,Four Square Eden Terrace",15,75.8,270,345.8,770.0,135.8,701.74,1471.74,3
Mon_02084,Monday,"Four Square Cockle Bay,Four Square Pakuranga Heights,Four Square Eden Terrace,Four Square Fair Price Henderson",12,129.8,216,345.8,770.0,135.8,701.83,1471.83,4
Mon_02085,Monday,"Four Square Onehunga,Four Square Cockle Bay,Four Square Botany Junction,Four Square Glen Eden",12,129.9,216,345.9,770.0,135.9,701.93,1471.93,4
Mon_02086,Monday,"Four Square Onehunga,Four Square Botany Junction,New World Metro Shore City,Four Square Eden Terrace",12,129.9,216,345.9,770.0,135.9,701.98,1471.98,4
Mon_02087,Monday,"Four Square Torbay,Four Square Cockle Bay,Four Square Botany Junction",10,165.9,180,345.9,770.0,135.9,702.07,1472.07,3
Mon_02088,Monday,"Four Square Onehunga,Four Square Cockle Bay,Four Square Britomart,Four Square Eden Terrace",13,111.9,234,345.9,770.0,135.9,702.09,1472.09,4
Mon_02089,Monday,"New World Howick,Four Square Remuera,New World Metro Shore City",12,129.9,216,345.9,770.0,135.9,702.15,1472.15,3
Mon_02090,Monday,"Four Square Remuera,New World Ormiston,Four Square Botany Junction",14,93.9,252,345.9,770.0,135.9,702.26,1472.26,3
Mon_02091,Monday,"Four Square Britomart,New World Browns Bay,New World Metro Shore City",13,112.0,234,346.0,770.0,136.0,702.42,1472.42,3
Mon_02092,Monday,"New World Southmall,Four Square Botany Junction,Four Square Eden Terrace",14,94.0,252,346.0,770.0,136.0,702.72,1472.72,3
Mon_02093,Monday,"Four Square Onehunga,Four Square St Heliers,New World Metro Queen St,New World Metro Shore City",13,112.0,234,346.0,770.0,136.0,702.72,1472.72,4
Mon_02094,Monday,"Four Square Fair Price Henderson,Four Square Hobsonville,Four Square Ellerslie,Four Square Remuera",13,112.0,234,346.0,770.0,136.0,702.77,1472.77,4
Mon_02095,Monday,"Four Square Pakuranga Heights,New World Botany,Four Square Remuera",14,94.1,252,346.1,770.0,136.1,703.0,1473.0,3
Mon_02096,Monday,"Four Square Pakuranga Heights,New World Metro Shore City,Pak 'n Save Lincoln Road",12,130.1,216,346.1,770.0,136.1,703.09,1473.09,3
Mon_02097,Monday,"New World Metro Queen St,Four Square Ellerslie,New World Southmall",14,94.1,252,346.1,770.0,136.1,703.11,1473.11,3
Mon_02098,Monday,"New World Metro Shore City,Pak 'n Save Wairau Road,Four Square Hobsonville",14,94.1,252,346.1,770.0,136.1,703.21,1473.21,3
Mon_02099,Monday,"Four Square Fair Price Henderson,New World Metro Queen St,Four Square Pakuranga Heights,Four Square Botany Junction",12,130.1,216,346.1,770.0,136.1,703.22,1473.22,4
Mon_02100,Monday,"Four Square Cockle Bay,Four Square Pakuranga Heights,New World Birkenhead",12,130.1,216,346.1,770.0,136.1,703.28,1473.28,3
Mon_02101,Monday,"Four Square Onehunga,Four Square Botany Junction,Four Square Fair Price Henderson,Four Square Glen Eden",12,130.1,216,346.1,770.0,136.1,703.32,1473.32,4
Mon_02102,Monday,"Four Square Pakuranga Heights,New World Eastridge,Four Square Eden Terrace",14,94.1,252,346.1,770.0,136.1,703.34,1473.34,3
Mon_02103,Monday,"Four Square Hobsonville,New World Metro Shore City,New World Mt Albert",14,94.1,252,346.1,770.0,136.1,703.35,1473.35,3
Mon_02104,Monday,"Four Square Glen Eden,Four Square Fair Price Henderson,Four Square Eden Terrace,New World Metro Queen St",14,94.2,252,346.2,770.0,136.2,703.45,1473.45,4
Mon_02105,Monday,"Four Square Onehunga,Four Square Eden Terrace,New World Metro Shore City,Four Square Hobsonville",13,112.2,234,346.2,770.0,136.2,703.48,1473.48,4
Mon_02106,Monday,"Four Square Onehunga,Pak 'n Save Manukau,Four Square Botany Junction",15,76.2,270,346.2,770.0,136.2,703.5,1473.5,3
Mon_02107,Monday,"Four Square Glen Eden,Four Square Hobsonville,Four Square Lancaster,New World Metro Shore City",12,130.2,216,346.2,770.0,136.2,703.55,1473.55,4
Mon_02108,Monday,"Four Square Fair Price Henderson,New World Hobsonville,Four Square Hobsonville",15,76.2,270,346.2,770.0,136.2,703.57,1473.57,3
Mon_02109,Monday,"Four Square Pakuranga Heights,Four Square Lancaster,New World Milford",12,130.2,216,346.2,770.0,136.2,703.62,1473.62,3
Mon_02110,Monday,"Four Square Pakuranga Heights,Four Square Ellerslie,Four Square Britomart,Four Square Hobsonville",12,130.2,216,346.2,770.0,136.2,703.67,1473.67,4
Mon_02111,Monday,"Pak 'n Save Lincoln Road,Four Square Pakuranga Heights,Four Square Botany Junction",13,112.2,234,346.2,770.0,136.2,703.68,1473.68,3
Mon_02112,Monday,"Pak 'n Save Lincoln Road,New World Metro Shore City,Four Square Ellerslie",13,112.2,234,346.2,770.0,136.2,703.71,1473.71,3
Mon_02113,Monday,"Four Square Fair Price Henderson,Four Square Britomart,Four Square Botany Junction,Four Square Onehunga",12,130.2,216,346.2,770.0,136.2,703.86,1473.86,4
Mon_02114,Monday,"Four Square Cockle Bay,Four Square Ellerslie,New World Metro Queen St,Four Square Britomart",13,112.2,234,346.2,770.0,136.2,703.94,1473.94,4
Mon_02115,Monday,"Four Square Cockle Bay,Four Square Torbay,Four Square Britomart",10,166.3,180,346.3,770.0,136.3,704.01,1474.01,3
Mon_02116,Monday,"New World Remuera,Four Square Pakuranga Heights,Four Square Botany Junction",14,94.3,252,346.3,770.0,136.3,704.28,1474.28,3
Mon_02117,Monday,"Pak 'n Save Sylvia Park,New World Metro Queen St",15,76.3,270,346.3,770.0,136.3,704.38,1474.38,2
Mon_02118,Monday,"Four Square Hobsonville,Four Square Lancaster,Four Square Ellerslie,Four Square Onehunga",13,112.3,234,346.3,770.0,136.3,704.39,1474.39,4
Mon_02119,Monday,"Four Square Hobsonville,Four Square Lancaster,New World Metro Shore City,Four Square Ellerslie",12,130.3,216,346.3,770.0,136.3,704.43,1474.43,4
Mon_02120,Monday,"Pak 'n Save Lincoln Road,New World Metro Shore City,Four Square Remuera",13,112.3,234,346.3,770.0,136.3,704.44,1474.44,3
Mon_02121,Monday,"Four Square Pakuranga Heights,Four Square Ellerslie,Four Square Onehunga,New World Green Bay",14,94.4,252,346.4,770.0,136.4,704.84,1474.84,4
Mon_02122,Monday,"New World Ormiston,Four Square Ellerslie,Four Square Remuera",14,94.4,252,346.4,770.0,136.4,704.91,1474.91,3
Mon_02123,Monday,"Four Square Glen Eden,Four Square Lancaster,Four Square Remuera,Four Square Onehunga",12,130.5,216,346.5,770.0,136.5,705.01,1475.01,4
Mon_02124,Monday,"Four Square Onehunga,New World Newmarket,Four Square Lancaster",14,94.5,252,346.5,770.0,136.5,705.1,1475.1,3
Mon_02125,Monday,"Four Square Hobsonville,Four Square Lancaster,New World Metro Shore City,Four Square Remuera",12,130.5,216,346.5,770.0,136.5,705.15,1475.15,4
Mon_02126,Monday,"New World Howick,New World Stonefields",14,94.5,252,346.5,770.0,136.5,705.16,1475.16,2
Mon_02127,Monday,"Four Square Cockle Bay,Four Square Ellerslie,Four Square Torbay",10,166.6,180,346.6,770.0,136.6,705.76,1475.76,3
Mon_02128,Monday,"Four Square Glen Eden,Four Square Britomart,Four Square Remuera,Four Square Botany Junction",12,130.6,216,346.6,770.0,136.6,705.79,1475.79,4
Mon_02129,Monday,"New World Southmall,Four Square Britomart,Four Square Eden Terrace",14,94.6,252,346.6,770.0,136.6,705.88,1475.88,3
Mon_02130,Monday,"Four Square Glen Eden,Four Square Fair Price Henderson,Four Square Hobsonville,Four Square Britomart",13,112.6,234,346.6,770.0,136.6,705.88,1475.88,4
Mon_02131,Monday,"Four Square Eden Terrace,Four Square Remuera,New World Eastridge",15,76.6,270,346.6,770.0,136.6,705.9,1475.9,3
Mon_02132,Monday,"Four Square Glen Eden,New World Birkenhead,Four Square Lancaster",13,112.6,234,346.6,770.0,136.6,706.0,1476.0,3
Mon_02133,Monday,"Four Square Pakuranga Heights,Four Square St Heliers,New World Mt Albert",14,94.7,252,346.7,770.0,136.7,706.03,1476.03,3
Mon_02134,Monday,"New World Victoria Park,Four Square Britomart,Four Square Eden Terrace",16,58.7,288,346.7,770.0,136.7,706.08,1476.08,3
Mon_02135,Monday,"Four Square Hobsonville,Four Square Ellerslie,Four Square Pakuranga Heights,Four Square Botany Junction",12,130.7,216,346.7,770.0,136.7,706.34,1476.34,4
Mon_02136,Monday,"New World Birkenhead,Four Square Ellerslie,Four Square Eden Terrace",14,94.7,252,346.7,770.0,136.7,706.49,1476.49,3
Mon_02137,Monday,"Four Square Remuera,Pak 'n Save Ormiston",14,94.7,252,346.7,770.0,136.7,706.5,1476.5,2
Mon_02138,Monday,"Four Square Pakuranga Heights,New World Eastridge,New World Metro Queen St",14,94.8,252,346.8,770.0,136.8,706.58,1476.58,3
Mon_02139,Monday,"Four Square Fair Price Henderson,Four Square Ellerslie,Four Square Cockle Bay,Four Square Onehunga",12,130.8,216,346.8,770.0,136.8,706.58,1476.58,4
Mon_02140,Monday,"Four Square Glen Eden,New World Hobsonville,New World Metro Shore City",13,112.8,234,346.8,770.0,136.8,706.59,1476.59,3
Mon_02141,Monday,"Four Square Fair Price Henderson,New World Devonport,Four Square Britomart",12,130.8,216,346.8,770.0,136.8,706.69,1476.69,3
Mon_02142,Monday,"New World Papatoetoe,Four Square Botany Junction,Four Square Britomart",14,94.8,252,346.8,770.0,136.8,706.81,1476.81,3
Mon_02143,Monday,"Four Square Pakuranga Heights,Four Square Ellerslie,Four Square Lancaster,Four Square Fair Price Henderson",11,148.8,198,346.8,770.0,136.8,706.83,1476.83,4
Mon_02144,Monday,"Four Square Lancaster,New World Stonefields,Four Square Remuera",13,112.8,234,346.8,770.0,136.8,706.88,1476.88,3
Mon_02145,Monday,"Four Square Pakuranga Heights,Four Square Ellerslie,Four Square Fair Price Henderson,Four Square Hobsonville",12,130.8,216,346.8,770.0,136.8,706.88,1476.88,4
Mon_02146,Monday,"Four Square Cockle Bay,Four Square Pakuranga Heights,Four Square Britomart,Four Square Lancaster",11,148.9,198,346.9,770.0,136.9,707.12,1477.12,4
Mon_02147,Monday,"New World Birkenhead,Four Square Remuera,Four Square Eden Terrace",14,94.9,252,346.9,770.0,136.9,707.22,1477.22,3
Mon_02148,Monday,"Four Square Onehunga,Four Square St Heliers,Four Square Britomart,Four Square Fair Price Henderson",13,112.9,234,346.9,770.0,136.9,707.33,1477.33,4
Mon_02149,Monday,"New World Victoria Park,New World Metro Shore City,Four Square Ellerslie",14,94.9,252,346.9,770.0,136.9,707.36,1477.36,3
Mon_02150,Monday,"New World Metro Shore City,Four Square Ellerslie,New World Remuera",14,94.9,252,346.9,770.0,136.9,707.39,1477.39,3
Mon_02151,Monday,"New World Hobsonville,New World Metro Shore City,Four Square Ellerslie",13,112.9,234,346.9,770.0,136.9,707.46,1477.46,3
Mon_02152,Monday,"Four Square Onehunga,Four Square Britomart,Four Square Lancaster,Four Square Hobsonville",13,113.0,234,347.0,770.0,137.0,707.82,1477.82,4
Mon_02153,Monday,"Four Square Pakuranga Heights,Four Square Eden Terrace,Four Square Britomart,Four Square Lancaster",12,131.0,216,347.0,770.0,137.0,707.93,1477.93,4
Mon_02154,Monday,"Four Square Pakuranga Heights,Four Square Cockle Bay,New World Botany",14,95.0,252,347.0,770.0,137.0,708.01,1478.01,3
Mon_02155,Monday,"New World Victoria Park,New World Metro Shore City,Four Square Remuera",14,95.0,252,347.0,770.0,137.0,708.08,1478.08,3
Mon_02156,Monday,"Four Square Lancaster,New World Metro Shore City,New World Metro Queen St,Four Square Glen Eden",12,131.1,216,347.1,770.0,137.1,708.11,1478.11,4
Mon_02157,Monday,"New World Green Bay,Four Square Torbay,New World Metro Shore City",12,131.1,216,347.1,770.0,137.1,708.12,1478.12,3
Mon_02158,Monday,"New World Hobsonville,New World Metro Shore City,Four Square Remuera",13,113.1,234,347.1,770.0,137.1,708.19,1478.19,3
Mon_02159,Monday,"Four Square Cockle Bay,Four Square Ellerslie,Four Square Remuera,New World Metro Queen St",13,113.1,234,347.1,770.0,137.1,708.23,1478.23,4
Mon_02160,Monday,"Four Square Cockle Bay,New World Stonefields,Four Square Britomart",13,113.1,234,347.1,770.0,137.1,708.31,1478.31,3
Mon_02161,Monday,"New World Metro Shore City,New World Howick,Four Square Botany Junction",12,131.1,216,347.1,770.0,137.1,708.41,1478.41,3
Mon_02162,Monday,"Four Square Lancaster,Four Square Britomart,New World Metro Queen St,Four Square Eden Terrace",14,95.1,252,347.1,770.0,137.1,708.41,1478.41,4
Mon_02163,Monday,"Four Square Pakuranga Heights,Four Square St Heliers,New World Eastridge",14,95.1,252,347.1,770.0,137.1,708.47,1478.47,3
Mon_02164,Monday,"New World Mt Roskill,Four Square Torbay,New World Metro Shore City",13,113.2,234,347.2,770.0,137.2,709.01,1479.01,3
Mon_02165,Monday,"Four Square Ellerslie,New World Long Bay,New World Metro Shore City",12,131.2,216,347.2,770.0,137.2,709.07,1479.07,3
Mon_02166,Monday,"Four Square Botany Junction,Four Square Ellerslie,Four Square Remuera,Four Square St Heliers",13,113.2,234,347.2,770.0,137.2,709.09,1479.09,4
Mon_02167,Monday,"Four Square Lancaster,Four Square Pakuranga Heights,Four Square Cockle Bay,Four Square Botany Junction",11,149.3,198,347.3,770.0,137.3,709.17,1479.17,4
Mon_02168,Monday,"Four Square Fair Price Henderson,Four Square Hobsonville,New World Metro Shore City,New World Metro Queen St",13,113.3,234,347.3,770.0,137.3,709.23,1479.23,4
Mon_02169,Monday,"Pak 'n Save Botany,Four Square Remuera",14,95.3,252,347.3,770.0,137.3,709.27,1479.27,2
Mon_02170,Monday,"Four Square Pakuranga Heights,Four Square Ellerslie,New World Metro Queen St,Four Square Lancaster",12,131.3,216,347.3,770.0,137.3,709.31,1479.31,4
Mon_02171,Monday,"Four Square Onehunga,New World Metro Queen St,New World Victoria Park",16,59.3,288,347.3,770.0,137.3,709.42,1479.42,3
Mon_02172,Monday,"Four Square Ellerslie,Four Square Remuera,New World Metro Queen St,Four Square Lancaster",13,113.3,234,347.3,770.0,137.3,709.47,1479.47,4
Mon_02173,Monday,"Four Square Glen Eden,Four Square Fair Price Henderson,Four Square Remuera,Four Square Botany Junction",12,131.4,216,347.4,770.0,137.4,709.75,1479.75,4
Mon_02174,Monday,"Four Square Remuera,New World Long Bay,New World Metro Shore City",12,131.4,216,347.4,770.0,137.4,709.8,1479.8,3
Mon_02175,Monday,"Four Square Britomart,New World Newmarket,Four Square Botany Junction",14,95.4,252,347.4,770.0,137.4,709.89,1479.89,3
Mon_02176,Monday,"Four Square Glen Eden,New World Long Bay,New World Metro Shore City",12,131.4,216,347.4,770.0,137.4,709.89,1479.89,3
Mon_02177,Monday,"Pak 'n Save Lincoln Road,Four Square Britomart,Four Square Eden Terrace",15,77.5,270,347.5,770.0,137.5,710.21,1480.21,3
Mon_02178,Monday,"Four Square Fair Price Henderson,Four Square Britomart,Four Square Remuera,Four Square Botany Junction",12,131.5,216,347.5,770.0,137.5,710.26,1480.26,4
Mon_02179,Monday,"Four Square Cockle Bay,Four Square St Heliers,Four Square Ellerslie,Four Square Onehunga",13,113.6,234,347.6,770.0,137.6,710.98,1480.98,4
Mon_02180,Monday,"Four Square Fair Price Henderson,New World Metro Shore City,Four Square Botany Junction,Four Square Onehunga",11,149.6,198,347.6,770.0,137.6,711.01,1481.01,4
Mon_02181,Monday,"Four Square Botany Junction,Four Square Remuera,New World Point Chevalier",14,95.6,252,347.6,770.0,137.6,711.05,1481.05,3
Mon_02182,Monday,"Four Square Onehunga,Four Square Lancaster,Pak 'n Save Wairau Road",14,95.6,252,347.6,770.0,137.6,711.09,1481.09,3
Mon_02183,Monday,"Pak 'n Save Wairau Road,Four Square Ellerslie,Four Square Remuera",14,95.6,252,347.6,770.0,137.6,711.17,1481.17,3
Mon_02184,Monday,"Four Square Glen Eden,Four Square Hobsonville,Four Square Remuera,Four Square Onehunga",13,113.7,234,347.7,770.0,137.7,711.21,1481.21,4
Mon_02185,Monday,"Four Square Ellerslie,Four Square Remuera,Four Square St Heliers,Four Square Glen Eden",13,113.7,234,347.7,770.0,137.7,711.65,1481.65,4
Mon_02186,Monday,"Four Square Fair Price Henderson,Four Square Ellerslie,New World Southmall",13,113.8,234,347.8,770.0,137.8,711.9,1481.9,3
Mon_02187,Monday,"New World Metro Shore City,Four Square Britomart,New World Remuera",14,95.8,252,347.8,770.0,137.8,711.92,1481.92,3
Mon_02188,Monday,"Four Square Onehunga,New World Hobsonville,Four Square Hobsonville",15,77.8,270,347.8,770.0,137.8,712.14,1482.14,3
Mon_02189,Monday,"Four Square Britomart,New World Metro Queen St,Four Square Cockle Bay,Four Square Botany Junction",13,113.9,234,347.9,770.0,137.9,712.56,1482.56,4
Mon_02190,Monday,"Four Square Botany Junction,New World Stonefields,Four Square Eden Terrace",14,95.9,252,347.9,770.0,137.9,712.66,1482.66,3
Mon_02191,Monday,"Four Square Cockle Bay,Four Square Ellerslie,Four Square Remuera,Four Square Glen Eden",12,132.0,216,348.0,770.0,138.0,712.8,1482.8,4
Mon_02192,Monday,"Pak 'n Save Manukau,Four Square Ellerslie,Four Square Remuera",15,78.0,270,348.0,770.0,138.0,712.95,1482.95,3
Mon_02193,Monday,"Four Square Cockle Bay,Four Square St Heliers,Four Square Remuera,Four Square Onehunga",13,114.1,234,348.1,770.0,138.1,713.29,1483.29,4
Mon_02194,Monday,"Four Square Onehunga,Four Square Remuera,Four Square Eden Terrace,Four Square Hobsonville",14,96.1,252,348.1,770.0,138.1,713.36,1483.36,4
Mon_02195,Monday,"Four Square Pakuranga Heights,New World Metro Queen St,New World Birkenhead",13,114.1,234,348.1,770.0,138.1,713.37,1483.37,3
Mon_02196,Monday,"Four Square Lancaster,Four Square Britomart,Four Square Ellerslie,Four Square Eden Terrace",13,114.1,234,348.1,770.0,138.1,713.47,1483.47,4
Mon_02197,Monday,"Four Square Eden Terrace,Four Square Remuera,Four Square Cockle Bay,Four Square Botany Junction",13,114.1,234,348.1,770.0,138.1,713.58,1483.58,4
Mon_02198,Monday,"Four Square Cockle Bay,Four Square Botany Junction,New World Papatoetoe",14,96.1,252,348.1,770.0,138.1,713.63,1483.63,3
Mon_02199,Monday,"New World Newmarket,New World Metro Queen St,Four Square Eden Terrace",16,60.1,288,348.1,770.0,138.1,713.74,1483.74,3
Mon_02200,Monday,"New World Metro Shore City,New World Metro Queen St,Four Square Britomart,Four Square St Heliers",13,114.2,234,348.2,770.0,138.2,713.8,1483.8,4
Mon_02201,Monday,"Four Square Cockle Bay,New World Howick,Four Square Eden Terrace",14,96.2,252,348.2,770.0,138.2,713.88,1483.88,3
Mon_02202,Monday,"Four Square Onehunga,Four Square Remuera,Four Square Lancaster,Four Square Hobsonville",13,114.2,234,348.2,770.0,138.2,714.06,1484.06,4
Mon_02203,Monday,"Four Square Cockle Bay,New World Ormiston,Four Square Botany Junction",14,96.2,252,348.2,770.0,138.2,714.12,1484.12,3
Mon_02204,Monday,"Four Square Onehunga,Four Square Pakuranga Heights,Four Square Torbay,New World Metro Shore City",11,150.2,198,348.2,770.0,138.2,714.16,1484.16,4
Mon_02205,Monday,"Four Square Lancaster,Four Square Britomart,Four Square Remuera,Four Square Eden Terrace",13,114.2,234,348.2,770.0,138.2,714.19,1484.19,4
Mon_02206,Monday,"Four Square Lancaster,New World Metro Shore City,Four Square Eden Terrace,Four Square Glen Eden",12,132.2,216,348.2,770.0,138.2,714.19,1484.19,4
Mon_02207,Monday,"Four Square Onehunga,Four Square St Heliers,New World Eastridge",15,78.3,270,348.3,770.0,138.3,714.63,1484.63,3
Mon_02208,Monday,"Four Square Pakuranga Heights,New World Stonefields,Four Square Ellerslie,Four Square Onehunga",15,78.3,270,348.3,770.0,138.3,714.65,1484.65,4
Mon_02209,Monday,"New World Howick,Four Square Ellerslie,Four Square Eden Terrace",14,96.3,252,348.3,770.0,138.3,714.72,1484.72,3
Mon_02210,Monday,"Four Square Pakuranga Heights,Four Square Britomart,Four Square Lancaster,Four Square Fair Price Henderson",11,150.3,198,348.3,770.0,138.3,714.73,1484.73,4
Mon_02211,Monday,"New World Long Bay,Four Square Ellerslie,Four Square Onehunga",13,114.4,234,348.4,770.0,138.4,714.85,1484.85,3
Mon_02212,Monday,"Four Square Onehunga,Four Square Pakuranga Heights,Four Square Botany Junction,Four Square Hobsonville",12,132.4,216,348.4,770.0,138.4,714.92,1484.92,4
Mon_02213,Monday,"New World Ormiston,Four Square Pakuranga Heights,Four Square Eden Terrace",14,96.4,252,348.4,770.0,138.4,715.15,1485.15,3
Mon_02214,Monday,"Four Square Onehunga,New World Metro Queen St,Four Square Britomart,Four Square Hobsonville",14,96.4,252,348.4,770.0,138.4,715.3,1485.3,4
Mon_02215,Monday,"Four Square Fair Price Henderson,Four Square Hobsonville,New World Metro Shore City,Four Square Eden Terrace",13,114.4,234,348.4,770.0,138.4,715.3,1485.3,4
Mon_02216,Monday,"Four Square Lancaster,New World Milford,Four Square Ellerslie",13,114.4,234,348.4,770.0,138.4,715.31,1485.31,3
Mon_02217,Monday,"Pak 'n Save Wairau Road,New World Milford",15,78.5,270,348.5,770.0,138.5,715.46,1485.46,2
Mon_02218,Monday,"New World Green Bay,Four Square Lancaster,Four Square Hobsonville",13,114.5,234,348.5,770.0,138.5,715.46,1485.46,3
Mon_02219,Monday,"Four Square Britomart,Four Square Lancaster,Pak 'n Save Wairau Road",14,96.5,252,348.5,770.0,138.5,715.68,1485.68,3
Mon_02220,Monday,"Four Square Botany Junction,Four Square Britomart,New World Metro Queen St,Four Square Eden Terrace",14,96.5,252,348.5,770.0,138.5,715.71,1485.71,4
Mon_02221,Monday,"Four Square Cockle Bay,Four Square Pakuranga Heights,Four Square Remuera,Four Square Lancaster",11,150.5,198,348.5,770.0,138.5,715.79,1485.79,4
Mon_02222,Monday,"New World Papatoetoe,Four Square Pakuranga Heights,New World Metro Queen St",14,96.6,252,348.6,770.0,138.6,715.86,1485.86,3
Mon_02223,Monday,"Four Square Lancaster,New World Milford,Four Square Remuera",13,114.6,234,348.6,770.0,138.6,716.04,1486.04,3
Mon_02224,Monday,"Four Square Remuera,New World Eastridge,New World Metro Queen St",15,78.6,270,348.6,770.0,138.6,716.05,1486.05,3
Mon_02225,Monday,"Four Square Torbay,New World Milford,New World Metro Shore City",13,114.6,234,348.6,770.0,138.6,716.16,1486.16,3
Mon_02226,Monday,"Four Square Glen Eden,Four Square Hobsonville,New World Metro Shore City,Four Square Ellerslie",12,132.7,216,348.7,770.0,138.7,716.38,1486.38,4
Mon_02227,Monday,"Four Square Pakuranga Heights,Four Square Ellerslie,Pak 'n Save Wairau Road",13,114.7,234,348.7,770.0,138.7,716.39,1486.39,3
Mon_02228,Monday,"Four Square Pakuranga Heights,New World Botany,Four Square Britomart",14,96.7,252,348.7,770.0,138.7,716.43,1486.43,3
Mon_02229,Monday,"Four Square Fair Price Henderson,Four Square Ellerslie,Four Square Remuera,Four Square St Heliers",13,114.8,234,348.8,770.0,138.8,717.0,1487.0,4
Mon_02230,Monday,"Four Square Botany Junction,Four Square Remuera,New World Metro Shore City,Four Square Eden Terrace",12,132.8,216,348.8,770.0,138.8,717.04,1487.04,4
Mon_02231,Monday,"Four Square Glen Eden,Four Square Hobsonville,New World Metro Shore City,Four Square Remuera",12,132.8,216,348.8,770.0,138.8,717.11,1487.11,4
Mon_02232,Monday,"Four Square Britomart,Four Square Lancaster,New World Point Chevalier",14,96.8,252,348.8,770.0,138.8,717.13,1487.13,3
Mon_02233,Monday,"Four Square Pakuranga Heights,New World Remuera,New World Metro Shore City",13,114.8,234,348.8,770.0,138.8,717.2,1487.2,3
Mon_02234,Monday,"New World Southmall,Four Square Botany Junction,Four Square Glen Eden",13,114.8,234,348.8,770.0,138.8,717.36,1487.36,3
Mon_02235,Monday,"Four Square Fair Price Henderson,New World Metro Shore City,Four Square Remuera,Four Square Botany Junction",11,150.9,198,348.9,770.0,138.9,717.41,1487.41,4
Mon_02236,Monday,"Four Square Pakuranga Heights,Four Square St Heliers,New World Newmarket",14,96.9,252,348.9,770.0,138.9,717.46,1487.46,3
Mon_02237,Monday,"Four Square Fair Price Henderson,Pak 'n Save Lincoln Road,New World Metro Queen St",15,78.9,270,348.9,770.0,138.9,717.5,1487.5,3
Mon_02238,Monday,"Four Square Fair Price Henderson,New World Metro Shore City,Four Square Britomart,Four Square Botany Junction",11,150.9,198,348.9,770.0,138.9,717.52,1487.52,4
Mon_02239,Monday,"New World Stonefields,New World Eastridge",15,78.9,270,348.9,770.0,138.9,717.58,1487.58,2
Mon_02240,Monday,"New World Papatoetoe,New World Metro Queen St,Four Square Britomart",15,78.9,270,348.9,770.0,138.9,717.82,1487.82,3
Mon_02241,Monday,"Pak 'n Save Manukau,Four Square Pakuranga Heights,Four Square Remuera",14,96.9,252,348.9,770.0,138.9,717.82,1487.82,3
Mon_02242,Monday,"New World Metro Queen St,Four Square St Heliers,Four Square Pakuranga Heights,Four Square Botany Junction",13,115.0,234,349.0,770.0,139.0,718.27,1488.27,4
Mon_02243,Monday,"New World Papatoetoe,Four Square Remuera,Four Square Eden Terrace",15,79.0,270,349.0,770.0,139.0,718.31,1488.31,3
Mon_02244,Monday,"Four Square Cockle Bay,Pak 'n Save Ormiston",14,97.0,252,349.0,770.0,139.0,718.36,1488.36,2
Mon_02245,Monday,"Four Square Botany Junction,Four Square Britomart,New World Metro Shore City,Four Square Glen Eden",11,151.1,198,349.1,770.0,139.1,718.84,1488.84,4
Mon_02246,Monday,"Four Square Fair Price Henderson,Four Square Lancaster,Four Square Britomart,New World Metro Queen St",13,115.1,234,349.1,770.0,139.1,718.92,1488.92,4
Mon_02247,Monday,"New World Ormiston,Four Square Botany Junction,Four Square Britomart",14,97.2,252,349.2,770.0,139.2,718.98,1488.98,3
Mon_02248,Monday,"Four Square Onehunga,New World Botany,Four Square Botany Junction",15,79.2,270,349.2,770.0,139.2,718.98,1488.98,3
Mon_02249,Monday,"Four Square Hobsonville,Four Square Torbay,Four Square Botany Junction",11,151.2,198,349.2,770.0,139.2,719.01,1489.01,3
Mon_02250,Monday,"Four Square Onehunga,Four Square Cockle Bay,New World Papatoetoe",14,97.2,252,349.2,770.0,139.2,719.02,1489.02,3
Mon_02251,Monday,"Four Square Lancaster,Four Square Ellerslie,Four Square Pakuranga Heights,Four Square Eden Terrace",12,133.2,216,349.2,770.0,139.2,719.4,1489.4,4
Mon_02252,Monday,"Four Square Eden Terrace,Four Square Britomart,New World Eastridge",15,79.3,270,349.3,770.0,139.3,719.48,1489.48,3
Mon_02253,Monday,"Four Square Pakuranga Heights,Four Square Ellerslie,Four Square Remuera,New World New Lynn",14,97.3,252,349.3,770.0,139.3,719.5,1489.5,4
Mon_02254,Monday,"New World Long Bay,Four Square Torbay,New World Metro Shore City",13,115.3,234,349.3,770.0,139.3,719.64,1489.64,3
Mon_02255,Monday,"Four Square Glen Eden,New World Metro Shore City,Four Square Remuera,Four Square Botany Junction",11,151.3,198,349.3,770.0,139.3,719.73,1489.73,4
Mon_02256,Monday,"Four Square Onehunga,Four Square Cockle Bay,Four Square Remuera,New World Metro Queen St",13,115.3,234,349.3,770.0,139.3,719.77,1489.77,4
Mon_02257,Monday,"Four Square Pakuranga Heights,Four Square Cockle Bay,Pak 'n Save Manukau",14,97.4,252,349.4,770.0,139.4,720.07,1490.07,3
Mon_02258,Monday,"Four Square Glen Eden,Four Square Lancaster,Four Square Pakuranga Heights,Four Square Onehunga",11,151.4,198,349.4,770.0,139.4,720.12,1490.12,4
Mon_02259,Monday,"Four Square Pakuranga Heights,New World Metro Shore City,Four Square Hobsonville,Four Square Glen Eden",11,151.4,198,349.4,770.0,139.4,720.13,1490.13,4
Mon_02260,Monday,"New World New Lynn,Four Square Britomart,Four Square Ellerslie,Four Square Onehunga",15,79.4,270,349.4,770.0,139.4,720.16,1490.16,4
Mon_02261,Monday,"Four Square Pakuranga Heights,Four Square Remuera,Four Square Britomart,Four Square Hobsonville",12,133.4,216,349.4,770.0,139.4,720.24,1490.24,4
Mon_02262,Monday,"Four Square Cockle Bay,Four Square Remuera,New World Metro Queen St,Four Square Britomart",13,115.5,234,349.5,770.0,139.5,720.51,1490.51,4
Mon_02263,Monday,"Four Square Cockle Bay,Four Square St Heliers,Four Square Hobsonville",11,151.5,198,349.5,770.0,139.5,720.54,1490.54,3
Mon_02264,Monday,"Four Square Cockle Bay,Four Square Pakuranga Heights,New World Devonport",11,151.5,198,349.5,770.0,139.5,720.7,1490.7,3
Mon_02265,Monday,"Four Square Lancaster,New World Metro Shore City,Pak 'n Save Mt Albert",14,97.6,252,349.6,770.0,139.6,721.17,1491.17,3
Mon_02266,Monday,"New World Metro Queen St,Four Square Ellerslie,Four Square Cockle Bay,Four Square Botany Junction",13,115.6,234,349.6,770.0,139.6,721.41,1491.41,4
Mon_02267,Monday,"Four Square Pakuranga Heights,New World Metro Queen St,Four Square Eden Terrace,Four Square Glen Eden",13,115.7,234,349.7,770.0,139.7,721.54,1491.54,4
Mon_02268,Monday,"Four Square Hobsonville,New World Metro Shore City,Four Square Ellerslie,Four Square Eden Terrace",13,115.8,234,349.8,770.0,139.8,722.06,1492.06,4
Mon_02269,Monday,"New World Metro Shore City,New World Victoria Park,Four Square Eden Terrace",15,79.8,270,349.8,770.0,139.8,722.31,1492.31,3
Mon_02270,Monday,"Four Square Cockle Bay,Four Square Remuera,Four Square Torbay",10,169.8,180,349.8,770.0,139.8,722.33,1492.33,3
Mon_02271,Monday,"Four Square Cockle Bay,Four Square Ellerslie,Four Square Remuera,Four Square Fair Price Henderson",12,133.8,216,349.8,770.0,139.8,722.44,1492.44,4
Mon_02272,Monday,"Pak 'n Save Botany,Four Square Britomart",14,97.9,252,349.9,770.0,139.9,722.7,1492.7,2
Mon_02273,Monday,"Four Square Pakuranga Heights,Pak 'n Save Clendon",14,97.9,252,349.9,770.0,139.9,722.72,1492.72,2
Mon_02274,Monday,"Four Square Hobsonville,New World Metro Shore City,Four Square Remuera,Four Square Eden Terrace",13,115.9,234,349.9,770.0,139.9,722.79,1492.79,4
Mon_02275,Monday,"Pak 'n Save Lincoln Road,Four Square Hobsonville,New World Metro Shore City",14,97.9,252,349.9,770.0,139.9,722.81,1492.81,3
Mon_02276,Monday,"Four Square Cockle Bay,Pak 'n Save Sylvia Park",14,97.9,252,349.9,770.0,139.9,722.98,1492.98,2
Mon_02277,Monday,"New World Birkenhead,Four Square Lancaster,Four Square Hobsonville",14,97.9,252,349.9,770.0,139.9,723.05,1493.05,3
Mon_02278,Monday,"Four Square Fair Price Henderson,New World Newmarket,Four Square Eden Terrace",15,80.0,270,350.0,770.0,140.0,723.12,1493.12,3
Mon_02279,Monday,"Four Square Hobsonville,New World Metro Shore City,New World Point Chevalier",14,98.0,252,350.0,770.0,140.0,723.12,1493.12,3
Mon_02280,Monday,"Four Square Eden Terrace,Four Square St Heliers,Four Square Pakuranga Heights,Four Square Botany Junction",13,116.0,234,350.0,770.0,140.0,723.21,1493.21,4
Mon_02281,Monday,"Four Square Pakuranga Heights,Four Square Remuera,Four Square Lancaster,Four Square Fair Price Henderson",11,152.0,198,350.0,770.0,140.0,723.4,1493.4,4
Mon_02282,Monday,"Four Square Pakuranga Heights,Four Square Remuera,Four Square Fair Price Henderson,Four Square Hobsonville",12,134.0,216,350.0,770.0,140.0,723.45,1493.45,4
Mon_02283,Monday,"New World Mt Roskill,Four Square Pakuranga Heights,Four Square Remuera,Four Square Onehunga",15,80.0,270,350.0,770.0,140.0,723.5,1493.5,4
Mon_02284,Monday,"New World Southmall,Four Square Remuera,New World Metro Queen St",14,98.0,252,350.0,770.0,140.0,723.56,1493.56,3
Mon_02285,Monday,"Four Square Onehunga,Four Square St Heliers,New World Newmarket",15,80.1,270,350.1,770.0,140.1,723.62,1493.62,3
Mon_02286,Monday,"New World Stonefields,New World Metro Queen St,Four Square Eden Terrace",15,80.1,270,350.1,770.0,140.1,723.77,1493.77,3
Mon_02287,Monday,"Four Square Eden Terrace,Four Square Ellerslie,New World Eastridge",15,80.1,270,350.1,770.0,140.1,723.8,1493.8,3
Mon_02288,Monday,"New World Metro Shore City,New World Newmarket,Four Square Botany Junction",13,116.1,234,350.1,770.0,140.1,723.82,1493.82,3
Mon_02289,Monday,"New World Papatoetoe,Four Square Botany Junction,New World Metro Shore City",13,116.1,234,350.1,770.0,140.1,723.83,1493.83,3
Mon_02290,Monday,"New World Devonport,Four Square Ellerslie,Four Square Eden Terrace",13,116.1,234,350.1,770.0,140.1,723.91,1493.91,3
Mon_02291,Monday,"New World Victoria Park,Four Square Lancaster,New World Metro Shore City",14,98.1,252,350.1,770.0,140.1,723.91,1493.91,3
Mon_02292,Monday,"New World Remuera,Four Square Remuera,Four Square Eden Terrace",16,62.1,288,350.1,770.0,140.1,723.94,1493.94,3
Mon_02293,Monday,"Four Square Cockle Bay,Four Square Ellerslie,Four Square Britomart,Four Square Eden Terrace",13,116.1,234,350.1,770.0,140.1,724.04,1494.04,4
Mon_02294,Monday,"New World Metro Queen St,New World Victoria Park,New World Metro Shore City",15,80.1,270,350.1,770.0,140.1,724.1,1494.1,3
Mon_02295,Monday,"Four Square Onehunga,New World Remuera,New World Metro Queen St",16,62.2,288,350.2,770.0,140.2,724.27,1494.27,3
Mon_02296,Monday,"Four Square Pakuranga Heights,Four Square Britomart,Pak 'n Save Wairau Road",13,116.2,234,350.2,770.0,140.2,724.29,1494.29,3
Mon_02297,Monday,"Four Square Cockle Bay,New World Devonport,New World Metro Shore City",11,152.2,198,350.2,770.0,140.2,724.3,1494.3,3
Mon_02298,Monday,"Four Square Onehunga,Four Square Cockle Bay,Four Square Remuera,Four Square Glen Eden",12,134.2,216,350.2,770.0,140.2,724.33,1494.33,4
Mon_02299,Monday,"Four Square Eden Terrace,New World Metro Queen St,Four Square Ellerslie,Four Square Botany Junction",14,98.2,252,350.2,770.0,140.2,724.46,1494.46,4
Mon_02300,Monday,"Four Square Fair Price Henderson,Four Square Lancaster,Four Square Britomart,Four Square Ellerslie",12,134.2,216,350.2,770.0,140.2,724.51,1494.51,4
Mon_02301,Monday,"Four Square Onehunga,Four Square Cockle Bay,Four Square Botany Junction,New World Metro Queen St",13,116.2,234,350.2,770.0,140.2,724.58,1494.58,4
Mon_02302,Monday,"New World Devonport,Four Square Remuera,Four Square Eden Terrace",13,116.3,234,350.3,770.0,140.3,724.64,1494.64,3
Mon_02303,Monday,"Four Square Onehunga,Four Square Cockle Bay,Four Square Lancaster,New World Metro Shore City",11,152.3,198,350.3,770.0,140.3,724.67,1494.67,4
Mon_02304,Monday,"New World Hobsonville,Four Square Ellerslie,Four Square Remuera",14,98.3,252,350.3,770.0,140.3,724.96,1494.96,3
Mon_02305,Monday,"Four Square Onehunga,Four Square Cockle Bay,New World Ormiston",14,98.3,252,350.3,770.0,140.3,725.01,1495.01,3
Mon_02306,Monday,"New World Metro Shore City,New World Stonefields,Four Square St Heliers",13,116.4,234,350.4,770.0,140.4,725.16,1495.16,3
Mon_02307,Monday,"Four Square Fair Price Henderson,Four Square Lancaster,Four Square Britomart,Four Square Remuera",12,134.4,216,350.4,770.0,140.4,725.24,1495.24,4
Mon_02308,Monday,"Four Square Britomart,Four Square St Heliers,Four Square Remuera,Four Square Glen Eden",13,116.4,234,350.4,770.0,140.4,725.26,1495.26,4
Mon_02309,Monday,"Four Square Cockle Bay,New World Stonefields,New World Metro Shore City",12,134.4,216,350.4,770.0,140.4,725.33,1495.33,3
Mon_02310,Monday,"New World Metro Queen St,Four Square Torbay,Four Square Botany Junction",11,152.4,198,350.4,770.0,140.4,725.39,1495.39,3
Mon_02311,Monday,"Four Square Onehunga,New World Long Bay,Four Square Britomart",13,116.4,234,350.4,770.0,140.4,725.49,1495.49,3
Mon_02312,Monday,"Four Square Glen Eden,Four Square Ellerslie,Four Square Cockle Bay,Four Square Botany Junction",12,134.5,216,350.5,770.0,140.5,725.73,1495.73,4
Mon_02313,Monday,"Four Square Cockle Bay,Four Square Pakuranga Heights,Four Square St Heliers,New World Metro Shore City",11,152.5,198,350.5,770.0,140.5,725.74,1495.74,4
Mon_02314,Monday,"Four Square Pakuranga Heights,Four Square St Heliers,New World Point Chevalier",14,98.5,252,350.5,770.0,140.5,725.8,1495.8,3
Mon_02315,Monday,"Four Square Pakuranga Heights,Four Square Remuera,New World Metro Queen St,Four Square Lancaster",12,134.5,216,350.5,770.0,140.5,725.88,1495.88,4
Mon_02316,Monday,"Four Square Lancaster,Four Square Remuera,Four Square Ellerslie,Four Square Botany Junction",12,134.5,216,350.5,770.0,140.5,725.91,1495.91,4
Mon_02317,Monday,"New World Howick,Four Square Pakuranga Heights,Four Square Lancaster",12,134.5,216,350.5,770.0,140.5,726.08,1496.08,3
Mon_02318,Monday,"Four Square Cockle Bay,Four Square Pakuranga Heights,New World Metro Shore City,Four Square Hobsonville",11,152.5,198,350.5,770.0,140.5,726.16,1496.16,4
Mon_02319,Monday,"Four Square Pakuranga Heights,New World Birkenhead,Four Square Eden Terrace",13,116.6,234,350.6,770.0,140.6,726.18,1496.18,3
Mon_02320,Monday,"Four Square Pakuranga Heights,New World Stonefields,Four Square Remuera,Four Square Onehunga",15,80.6,270,350.6,770.0,140.6,726.28,1496.28,4
Mon_02321,Monday,"Four Square Glen Eden,Four Square Hobsonville,Four Square Pakuranga Heights,Four Square Onehunga",12,134.6,216,350.6,770.0,140.6,726.32,1496.32,4
Mon_02322,Monday,"Four Square Glen Eden,Four Square Fair Price Henderson,Four Square Pakuranga Heights,New World Metro Queen St",12,134.6,216,350.6,770.0,140.6,726.36,1496.36,4
Mon_02323,Monday,"Four Square Glen Eden,Four Square Fair Price Henderson,Four Square Britomart,Four Square Botany Junction",12,134.6,216,350.6,770.0,140.6,726.52,1496.52,4
Mon_02324,Monday,"Four Square Pakuranga Heights,Four Square Remuera,Pak 'n Save Royal Oak",15,80.7,270,350.7,770.0,140.7,727.13,1497.13,3
Mon_02325,Monday,"Four Square Lancaster,Four Square Ellerslie,Four Square Remuera,Four Square Glen Eden",12,134.8,216,350.8,770.0,140.8,727.37,1497.37,4
Mon_02326,Monday,"Four Square Pakuranga Heights,Four Square Lancaster,New World Devonport",11,152.8,198,350.8,770.0,140.8,727.45,1497.45,3
Mon_02327,Monday,"Four Square Botany Junction,Four Square Ellerslie,Four Square St Heliers,Four Square Britomart",13,116.8,234,350.8,770.0,140.8,727.51,1497.51,4
Mon_02328,Monday,"Four Square Onehunga,Four Square Pakuranga Heights,Four Square Eden Terrace,Four Square Hobsonville",13,116.9,234,350.9,770.0,140.9,727.88,1497.88,4
Mon_02329,Monday,"New World Southmall,Four Square Lancaster,New World Metro Shore City",12,135.0,216,351.0,770.0,141.0,728.46,1498.46,3
Mon_02330,Monday,"Four Square Onehunga,Four Square Pakuranga Heights,Four Square Lancaster,Four Square Hobsonville",12,135.0,216,351.0,770.0,141.0,728.58,1498.58,4
Mon_02331,Monday,"New World Southmall,Four Square Pakuranga Heights,Four Square St Heliers",13,117.1,234,351.1,770.0,141.1,728.78,1498.78,3
Mon_02332,Monday,"Four Square Cockle Bay,New World Metro Queen St,Four Square Britomart,New World Metro Shore City",12,135.1,216,351.1,770.0,141.1,728.85,1498.85,4
Mon_02333,Monday,"Four Square Pakuranga Heights,Four Square St Heliers,Four Square Lancaster,New World Metro Shore City",11,153.1,198,351.1,770.0,141.1,729.0,1499.0,4
Mon_02334,Monday,"Four Square Pakuranga Heights,Four Square Ellerslie,New World Hobsonville",13,117.1,234,351.1,770.0,141.1,729.08,1499.08,3
Mon_02335,Monday,"Four Square Fair Price Henderson,New World Browns Bay,New World Metro Shore City",13,117.1,234,351.1,770.0,141.1,729.08,1499.08,3
Mon_02336,Monday,"New World Birkenhead,New World Metro Queen St,Four Square Ellerslie",14,99.1,252,351.1,770.0,141.1,729.14,1499.14,3
Mon_02337,Monday,"Four Square Cockle Bay,Four Square Pakuranga Heights,New World Milford",12,135.1,216,351.1,770.0,141.1,729.24,1499.24,3
Mon_02338,Monday,"Four Square Cockle Bay,Four Square Pakuranga Heights,New World Metro Queen St,Four Square Glen Eden",12,135.2,216,351.2,770.0,141.2,729.48,1499.48,4
Mon_02339,Monday,"Four Square Hobsonville,New World Long Bay,New World Metro Shore City",13,117.3,234,351.3,770.0,141.3,729.86,1499.86,3
Mon_02340,Monday,"New World Birkenhead,New World Metro Queen St,Four Square Remuera",14,99.3,252,351.3,770.0,141.3,729.86,1499.86,3
Mon_02341,Monday,"Four Square Ellerslie,Four Square Cockle Bay,New World Southmall",13,117.3,234,351.3,770.0,141.3,729.87,1499.87,3
Mon_02342,Monday,"Four Square Onehunga,Four Square Remuera,Four Square Britomart,New World New Lynn",15,81.3,270,351.3,770.0,141.3,729.95,1499.95,4
Mon_02343,Monday,"Four Square Cockle Bay,New World Metro Shore City,New World Milford",12,135.3,216,351.3,770.0,141.3,730.04,1500.04,3
Mon_02344,Monday,"Four Square Onehunga,New World Howick,New World Metro Queen St",14,99.3,252,351.3,770.0,141.3,730.05,1500.05,3
Mon_02345,Monday,"New World Papatoetoe,Four Square Pakuranga Heights,Four Square Fair Price Henderson",13,117.3,234,351.3,770.0,141.3,730.07,1500.07,3
Mon_02346,Monday,"Four Square Ellerslie,Four Square St Heliers,Four Square Britomart,Four Square Glen Eden",13,117.3,234,351.3,770.0,141.3,730.07,1500.07,4
Mon_02347,Monday,"Four Square Glen Eden,Four Square Hobsonville,Four Square Britomart,Four Square Onehunga",13,117.3,234,351.3,770.0,141.3,730.14,1500.14,4
Mon_02348,Monday,"Four Square Fair Price Henderson,Four Square Ellerslie,Four Square Cockle Bay,Four Square Botany Junction",12,135.3,216,351.3,770.0,141.3,730.2,1500.2,4
Mon_02349,Monday,"Four Square Lancaster,Four Square Britomart,New World Newmarket",14,99.4,252,351.4,770.0,141.4,730.44,1500.44,3
Mon_02350,Monday,"Four Square Fair Price Henderson,Four Square Torbay,New World Metro Shore City,Four Square Britomart",12,135.4,216,351.4,770.0,141.4,730.45,1500.45,4
Mon_02351,Monday,"New World Metro Shore City,New World Metro Queen St,Four Square St Heliers,Four Square Remuera",13,117.4,234,351.4,770.0,141.4,730.53,1500.53,4
Mon_02352,Monday,"Four Square Cockle Bay,Four Square Pakuranga Heights,Pak 'n Save Mt Albert",14,99.4,252,351.4,770.0,141.4,730.55,1500.55,3
Mon_02353,Monday,"Four Square Fair Price Henderson,Four Square Britomart,Four Square St Heliers,Four Square Remuera",13,117.4,234,351.4,770.0,141.4,730.61,1500.61,4
Mon_02354,Monday,"Four Square Pakuranga Heights,New World Metro Queen St,New World Devonport",12,135.4,216,351.4,770.0,141.4,730.79,1500.79,3
Mon_02355,Monday,"New World Howick,New World Metro Queen St,Four Square Britomart",14,99.4,252,351.4,770.0,141.4,730.8,1500.8,3
Mon_02356,Monday,"New World Green Bay,Four Square Britomart,Four Square Ellerslie,Four Square Onehunga",15,81.5,270,351.5,770.0,141.5,730.96,1500.96,4
Mon_02357,Monday,"Four Square Onehunga,Four Square Pakuranga Heights,Four Square Remuera,New World New Lynn",14,99.5,252,351.5,770.0,141.5,731.03,1501.03,4
Mon_02358,Monday,"Four Square Fair Price Henderson,Four Square Lancaster,New World Milford",13,117.5,234,351.5,770.0,141.5,731.17,1501.17,3
Mon_02359,Monday,"Four Square Pakuranga Heights,New World Metro Queen St,Four Square Eden Terrace,Four Square Fair Price Henderson",13,117.5,234,351.5,770.0,141.5,731.17,1501.17,4
Mon_02360,Monday,"Pak 'n Save Manukau,Four Square Pakuranga Heights,Four Square Britomart",14,99.5,252,351.5,770.0,141.5,731.26,1501.26,3
Mon_02361,Monday,"New World Howick,Four Square Remuera,Four Square Eden Terrace",14,99.5,252,351.5,770.0,141.5,731.29,1501.29,3
Mon_02362,Monday,"Four Square Onehunga,Four Square Cockle Bay,New World Metro Queen St,New World Metro Shore City",12,135.6,216,351.6,770.0,141.6,731.49,1501.49,4
Mon_02363,Monday,"New World Mt Roskill,Four Square Britomart,Four Square Ellerslie,Four Square Onehunga",16,63.6,288,351.6,770.0,141.6,731.85,1501.85,4
Mon_02364,Monday,"Four Square Onehunga,Four Square St Heliers,New World Point Chevalier",15,81.7,270,351.7,770.0,141.7,731.96,1501.96,3
Mon_02365,Monday,"New World Newmarket,Four Square Cockle Bay,Four Square Onehunga",14,99.7,252,351.7,770.0,141.7,732.08,1502.08,3
Mon_02366,Monday,"Four Square Hobsonville,Four Square Remuera,Four Square Pakuranga Heights,Four Square Botany Junction",12,135.7,216,351.7,770.0,141.7,732.21,1502.21,4
Mon_02367,Monday,"Four Square Pakuranga Heights,Four Square Eden Terrace,Pak 'n Save Lincoln Road",14,99.7,252,351.7,770.0,141.7,732.23,1502.23,3
Mon_02368,Monday,"Four Square Onehunga,Four Square Eden Terrace,Four Square Fair Price Henderson,Four Square Hobsonville",14,99.8,252,351.8,770.0,141.8,732.44,1502.44,4
Mon_02369,Monday,"New World Milford,Four Square Ellerslie,Four Square Eden Terrace",14,99.8,252,351.8,770.0,141.8,732.45,1502.45,3
Mon_02370,Monday,"Four Square Fair Price Henderson,Four Square Remuera,Four Square Cockle Bay,Four Square Onehunga",12,135.8,216,351.8,770.0,141.8,732.46,1502.46,4
Mon_02371,Monday,"Four Square Hobsonville,New World Milford,Four Square Britomart",14,99.8,252,351.8,770.0,141.8,732.5,1502.5,3
Mon_02372,Monday,"New World Mt Albert,Four Square Fair Price Henderson,Four Square Hobsonville",15,81.8,270,351.8,770.0,141.8,732.56,1502.56,3
Mon_02373,Monday,"Four Square Fair Price Henderson,New World Milford,Four Square Ellerslie",13,117.9,234,351.9,770.0,141.9,732.92,1502.92,3
Mon_02374,Monday,"New World Metro Shore City,New World Ormiston,Four Square Botany Junction",13,117.9,234,351.9,770.0,141.9,732.96,1502.96,3
Mon_02375,Monday,"Four Square Pakuranga Heights,Four Square Remuera,Pak 'n Save Wairau Road",13,117.9,234,351.9,770.0,141.9,732.96,1502.96,3
Mon_02376,Monday,"Four Square Glen Eden,Four Square Eden Terrace,Four Square Ellerslie,Four Square Botany Junction",13,117.9,234,351.9,770.0,141.9,733.1,1503.1,4
Mon_02377,Monday,"Four Square Fair Price Henderson,New World Stonefields,Four Square Eden Terrace",14,99.9,252,351.9,770.0,141.9,733.16,1503.16,3
Mon_02378,Monday,"New World Milford,Four Square Remuera,Four Square Eden Terrace",14,99.9,252,351.9,770.0,141.9,733.17,1503.17,3
Mon_02379,Monday,"New World Birkenhead,Four Square Ellerslie,Four Square Botany Junction",13,117.9,234,351.9,770.0,141.9,733.2,1503.2,3
Mon_02380,Monday,"Four Square Pakuranga Heights,New World Botany,New World Metro Shore City",13,118.0,234,352.0,770.0,142.0,733.45,1503.45,3
Mon_02381,Monday,"Pak 'n Save Wairau Road,Four Square Britomart,New World Metro Queen St",15,82.0,270,352.0,770.0,142.0,733.52,1503.52,3
Mon_02382,Monday,"Four Square Pakuranga Heights,New World Eastridge,Four Square Glen Eden",13,118.0,234,352.0,770.0,142.0,733.57,1503.57,3
Mon_02383,Monday,"Four Square Fair Price Henderson,Four Square Torbay,New World Metro Shore City,Four Square Onehunga",12,136.0,216,352.0,770.0,142.0,733.6,1503.6,4
Mon_02384,Monday,"Four Square Fair Price Henderson,New World Milford,Four Square Remuera",13,118.0,234,352.0,770.0,142.0,733.64,1503.64,3
Mon_02385,Monday,"Four Square Lancaster,Four Square Ellerslie,Four Square Botany Junction,Four Square Onehunga",12,136.0,216,352.0,770.0,142.0,733.67,1503.67,4
Mon_02386,Monday,"Four Square Glen Eden,Four Square Fair Price Henderson,New World Metro Shore City,Four Square Botany Junction",11,154.0,198,352.0,770.0,142.0,733.67,1503.67,4
Mon_02387,Monday,"Pak 'n Save Lincoln Road,New World Metro Shore City,New World Metro Queen St",14,100.0,252,352.0,770.0,142.0,733.83,1503.83,3
Mon_02388,Monday,"Four Square Ellerslie,New World Eastridge,New World Metro Queen St",15,82.1,270,352.1,770.0,142.1,733.95,1503.95,3
Mon_02389,Monday,"New World New Lynn,New World Metro Shore City,Four Square Ellerslie,Four Square Onehunga",14,100.1,252,352.1,770.0,142.1,734.09,1504.09,4
Mon_02390,Monday,"Four Square Fair Price Henderson,New World Hobsonville,Four Square Britomart",14,100.1,252,352.1,770.0,142.1,734.1,1504.1,3
Mon_02391,Monday,"Four Square Eden Terrace,Four Square Britomart,Four Square Cockle Bay,Four Square Botany Junction",13,118.1,234,352.1,770.0,142.1,734.24,1504.24,4
Mon_02392,Monday,"New World Mt Roskill,Four Square Onehunga,Four Square Pakuranga Heights,Four Square Botany Junction",15,82.1,270,352.1,770.0,142.1,734.34,1504.34,4
Mon_02393,Monday,"Four Square Onehunga,New World Eastridge,Four Square Botany Junction",14,100.1,252,352.1,770.0,142.1,734.36,1504.36,3
Mon_02394,Monday,"Four Square Hobsonville,Four Square Lancaster,New World Metro Shore City,New World Metro Queen St",13,118.2,234,352.2,770.0,142.2,734.54,1504.54,4
Mon_02395,Monday,"Four Square Fair Price Henderson,Four Square Ellerslie,Four Square Pakuranga Heights,Four Square St Heliers",12,136.2,216,352.2,770.0,142.2,734.65,1504.65,4
Mon_02396,Monday,"Four Square Hobsonville,New World Metro Queen St,Four Square Ellerslie,Four Square Onehunga",14,100.2,252,352.2,770.0,142.2,734.73,1504.73,4
Mon_02397,Monday,"Four Square Onehunga,Four Square Ellerslie,New World Stonefields,Four Square Remuera",16,64.2,288,352.2,770.0,142.2,734.83,1504.83,4
Mon_02398,Monday,"Four Square Pakuranga Heights,Four Square Lancaster,Four Square Fair Price Henderson,Four Square Glen Eden",11,154.3,198,352.3,770.0,142.3,735.08,1505.08,4
Mon_02399,Monday,"Four Square Ellerslie,Four Square St Heliers,New World Metro Queen St,New World Metro Shore City",13,118.3,234,352.3,770.0,142.3,735.1,1505.1,4
Mon_02400,Monday,"Four Square Lancaster,New World Metro Shore City,Four Square Britomart,Four Square St Heliers",12,136.3,216,352.3,770.0,142.3,735.15,1505.15,4
Mon_02401,Monday,"Four Square Onehunga,Four Square St Heliers,Four Square Lancaster,New World Metro Shore City",12,136.3,216,352.3,770.0,142.3,735.16,1505.16,4
Mon_02402,Monday,"Four Square Onehunga,New World Milford,Four Square Hobsonville",14,100.3,252,352.3,770.0,142.3,735.22,1505.22,3
Mon_02403,Monday,"Four Square Britomart,Four Square St Heliers,Four Square Remuera,Four Square Botany Junction",13,118.3,234,352.3,770.0,142.3,735.26,1505.26,4
Mon_02404,Monday,"New World Southmall,New World Metro Queen St,New World Metro Shore City",13,118.3,234,352.3,770.0,142.3,735.28,1505.28,3
Mon_02405,Monday,"Four Square Onehunga,Four Square Britomart,Four Square Eden Terrace,Four Square Hobsonville",14,100.3,252,352.3,770.0,142.3,735.4,1505.4,4
Mon_02406,Monday,"Four Square Fair Price Henderson,Four Square Ellerslie,Four Square St Heliers,Four Square Britomart",13,118.3,234,352.3,770.0,142.3,735.43,1505.43,4
Mon_02407,Monday,"New World Long Bay,Four Square Remuera,Four Square Onehunga",13,118.3,234,352.3,770.0,142.3,735.44,1505.44,3
Mon_02408,Monday,"Four Square Britomart,Four Square Ellerslie,Pak 'n Save Royal Oak",16,64.4,288,352.4,770.0,142.4,735.48,1505.48,3
Mon_02409,Monday,"Four Square Pakuranga Heights,Four Square Ellerslie,Four Square Torbay,New World Metro Shore City",11,154.5,198,352.5,770.0,142.5,736.11,1506.11,4
Mon_02410,Monday,"New World Metro Queen St,New World Long Bay,New World Metro Shore City",13,118.5,234,352.5,770.0,142.5,736.24,1506.24,3
Mon_02411,Monday,"Four Square Pakuranga Heights,New World Metro Queen St,New World Metro Shore City,Four Square Hobsonville",12,136.5,216,352.5,770.0,142.5,736.24,1506.24,4
Mon_02412,Monday,"Four Square Ellerslie,Four Square Remuera,Four Square Torbay,New World Metro Shore City",12,136.5,216,352.5,770.0,142.5,736.28,1506.28,4
Mon_02413,Monday,"Four Square Onehunga,Four Square Cockle Bay,Four Square Pakuranga Heights,Four Square Hobsonville",12,136.5,216,352.5,770.0,142.5,736.36,1506.36,4
Mon_02414,Monday,"New World Mt Roskill,Four Square Pakuranga Heights,Four Square Ellerslie,Four Square Remuera",15,82.5,270,352.5,770.0,142.5,736.47,1506.47,4
Mon_02415,Monday,"Four Square Pakuranga Heights,Four Square Britomart,Four Square Fair Price Henderson,Four Square Hobsonville",12,136.6,216,352.6,770.0,142.6,736.89,1506.89,4
Mon_02416,Monday,"Four Square Britomart,Four Square Ellerslie,New World Ormiston",14,100.6,252,352.6,770.0,142.6,736.94,1506.94,3
Mon_02417,Monday,"New World Birkenhead,New World Metro Queen St,Four Square Eden Terrace",15,82.7,270,352.7,770.0,142.7,737.14,1507.14,3
Mon_02418,Monday,"New World Birkenhead,Pak 'n Save Wairau Road",15,82.7,270,352.7,770.0,142.7,737.54,1507.54,2
Mon_02419,Monday,"Four Square Fair Price Henderson,Four Square Eden Terrace,Four Square Ellerslie,Four Square Botany Junction",13,118.8,234,352.8,770.0,142.8,737.57,1507.57,4
Mon_02420,Monday,"Four Square Onehunga,Four Square Botany Junction,New World Metro Queen St,Four Square Eden Terrace",14,100.8,252,352.8,770.0,142.8,737.57,1507.57,4
Mon_02421,Monday,"New World Hobsonville,New World Metro Shore City,New World Metro Queen St",14,100.8,252,352.8,770.0,142.8,737.58,1507.58,3
Mon_02422,Monday,"Four Square Onehunga,Four Square Cockle Bay,Four Square Britomart,Four Square Glen Eden",12,136.8,216,352.8,770.0,142.8,737.77,1507.77,4
Mon_02423,Monday,"Four Square Fair Price Henderson,Four Square Lancaster,Four Square Britomart,Four Square Eden Terrace",13,118.9,234,352.9,770.0,142.9,738.16,1508.16,4
Mon_02424,Monday,"Four Square Onehunga,Four Square St Heliers,Four Square Cockle Bay,Four Square Botany Junction",13,118.9,234,352.9,770.0,142.9,738.45,1508.45,4
Mon_02425,Monday,"Four Square Ellerslie,New World Metro Queen St,Four Square Eden Terrace,Four Square Glen Eden",14,101.0,252,353.0,770.0,143.0,738.62,1508.62,4
Mon_02426,Monday,"Four Square Pakuranga Heights,Four Square Remuera,Four Square Lancaster,Four Square Eden Terrace",12,137.0,216,353.0,770.0,143.0,738.69,1508.69,4
Mon_02427,Monday,"Four Square Onehunga,Four Square Cockle Bay,Four Square Botany Junction,Four Square Fair Price Henderson",12,137.0,216,353.0,770.0,143.0,738.78,1508.78,4
Mon_02428,Monday,"Four Square Botany Junction,Four Square Pakuranga Heights,New World Victoria Park",14,101.0,252,353.0,770.0,143.0,738.82,1508.82,3
Mon_02429,Monday,"Four Square Onehunga,New World Remuera,Four Square Botany Junction",15,83.0,270,353.0,770.0,143.0,738.83,1508.83,3
Mon_02430,Monday,"New World Papatoetoe,Four Square Ellerslie,New World Metro Queen St",15,83.0,270,353.0,770.0,143.0,739.03,1509.03,3
Mon_02431,Monday,"Four Square Hobsonville,New World Metro Shore City,New World Newmarket",14,101.0,252,353.0,770.0,143.0,739.04,1509.04,3
Mon_02432,Monday,"Pak 'n Save Wairau Road,Four Square Britomart,Four Square Ellerslie",14,101.1,252,353.1,770.0,143.1,739.12,1509.12,3
Mon_02433,Monday,"Four Square Cockle Bay,Four Square Pakuranga Heights,New World Metro Queen St,Four Square Fair Price Henderson",12,137.1,216,353.1,770.0,143.1,739.12,1509.12,4
Mon_02434,Monday,"Four Square Lancaster,New World Devonport,Four Square Ellerslie",12,137.1,216,353.1,770.0,143.1,739.14,1509.14,3
Mon_02435,Monday,"Four Square Fair Price Henderson,Four Square Hobsonville,New World Point Chevalier",15,83.1,270,353.1,770.0,143.1,739.26,1509.26,3
Mon_02436,Monday,"Four Square Onehunga,Four Square St Heliers,Four Square Fair Price Henderson,Four Square Glen Eden",13,119.1,234,353.1,770.0,143.1,739.29,1509.29,4
Mon_02437,Monday,"Four Square Pakuranga Heights,New World Metro Queen St,New World Milford",13,119.1,234,353.1,770.0,143.1,739.33,1509.33,3
Mon_02438,Monday,"Four Square Remuera,New World Metro Queen St,Four Square Eden Terrace,Four Square Glen Eden",14,101.1,252,353.1,770.0,143.1,739.34,1509.34,4
Mon_02439,Monday,"Four Square Onehunga,Four Square Eden Terrace,New World Metro Queen St,Four Square Lancaster",14,101.1,252,353.1,770.0,143.1,739.36,1509.36,4
Mon_02440,Monday,"Pak 'n Save Botany,New World Metro Shore City",13,119.2,234,353.2,770.0,143.2,739.72,1509.72,2
Mon_02441,Monday,"Pak 'n Save Wairau Road,Four Square Britomart,Four Square Remuera",14,101.2,252,353.2,770.0,143.2,739.84,1509.84,3
Mon_02442,Monday,"Four Square Lancaster,New World Devonport,Four Square Remuera",12,137.2,216,353.2,770.0,143.2,739.86,1509.86,3
Mon_02443,Monday,"New World Southmall,Four Square Botany Junction,New World Metro Queen St",14,101.2,252,353.2,770.0,143.2,740.01,1510.01,3
Mon_02444,Monday,"Four Square Glen Eden,Four Square Hobsonville,Four Square Ellerslie,Four Square Remuera",13,119.2,234,353.2,770.0,143.2,740.03,1510.03,4
Mon_02445,Monday,"Four Square Remuera,Four Square St Heliers,New World Mt Albert",15,83.2,270,353.2,770.0,143.2,740.07,1510.07,3
Mon_02446,Monday,"Four Square Lancaster,Four Square Britomart,Four Square Ellerslie,Four Square Botany Junction",12,137.3,216,353.3,770.0,143.3,740.18,1510.18,4
Mon_02447,Monday,"New World Metro Shore City,Four Square Britomart,Four Square St Heliers,Four Square Eden Terrace",13,119.3,234,353.3,770.0,143.3,740.25,1510.25,4
Mon_02448,Monday,"Four Square Lancaster,Four Square Britomart,New World Stonefields",13,119.3,234,353.3,770.0,143.3,740.48,1510.48,3
Mon_02449,Monday,"Four Square Cockle Bay,Four Square Ellerslie,New World Mt Albert",14,101.3,252,353.3,770.0,143.3,740.5,1510.5,3
Mon_02450,Monday,"Four Square Cockle Bay,Four Square Remuera,Four Square Britomart,Four Square Eden Terrace",13,119.3,234,353.3,770.0,143.3,740.61,1510.61,4
Mon_02451,Monday,"Four Square Hobsonville,Four Square Lancaster,New World Metro Shore City,Four Square Eden Terrace",13,119.3,234,353.3,770.0,143.3,740.61,1510.61,4
Mon_02452,Monday,"Four Square Glen Eden,Four Square Fair Price Henderson,Four Square Lancaster,Four Square Ellerslie",12,137.4,216,353.4,770.0,143.4,740.66,1510.66,4
Mon_02453,Monday,"Four Square Cockle Bay,Four Square Pakuranga Heights,Pak 'n Save Lincoln Road",13,119.4,234,353.4,770.0,143.4,740.71,1510.71,3
Mon_02454,Monday,"Four Square Onehunga,Four Square Britomart,New World Metro Shore City,New World New Lynn",14,101.4,252,353.4,770.0,143.4,740.72,1510.72,4
Mon_02455,Monday,"Four Square Pakuranga Heights,Four Square Ellerslie,Four Square Remuera,New World Green Bay",14,101.4,252,353.4,770.0,143.4,740.72,1510.72,4
Mon_02456,Monday,"Four Square Lancaster,New World Metro Shore City,Four Square Remuera,Four Square St Heliers",12,137.4,216,353.4,770.0,143.4,740.8,1510.8,4
Mon_02457,Monday,"Four Square Glen Eden,New World Hobsonville,Four Square Hobsonville",15,83.4,270,353.4,770.0,143.4,740.84,1510.84,3
Mon_02458,Monday,"Four Square Pakuranga Heights,New World Stonefields,Four Square Hobsonville",13,119.4,234,353.4,770.0,143.4,741.06,1511.06,3
Mon_02459,Monday,"Four Square Pakuranga Heights,Four Square Remuera,Four Square Onehunga,New World Green Bay",14,101.5,252,353.5,770.0,143.5,741.27,1511.27,4
Mon_02460,Monday,"Four Square Glen Eden,Four Square Fair Price Henderson,Four Square Lancaster,Four Square Remuera",12,137.5,216,353.5,770.0,143.5,741.39,1511.39,4
Mon_02461,Monday,"Four Square Botany Junction,New World Howick,Four Square Eden Terrace",14,101.6,252,353.6,770.0,143.6,741.77,1511.77,3
Mon_02462,Monday,"Four Square Fair Price Henderson,Four Square Hobsonville,Four Square Britomart,New World Metro Queen St",14,101.6,252,353.6,770.0,143.6,741.79,1511.79,4
Mon_02463,Monday,"Four Square Onehunga,Four Square Lancaster,Four Square Hobsonville,Four Square Fair Price Henderson",13,119.6,234,353.6,770.0,143.6,741.85,1511.85,4
Mon_02464,Monday,"Four Square Ellerslie,New World Remuera,Four Square Eden Terrace",16,65.6,288,353.6,770.0,143.6,741.93,1511.93,3
Mon_02465,Monday,"Four Square Pakuranga Heights,New World Ormiston,Four Square Glen Eden",13,119.6,234,353.6,770.0,143.6,742.07,1512.07,3
Mon_02466,Monday,"Four Square Pakuranga Heights,New World Milford,Four Square Fair Price Henderson",12,137.6,216,353.6,770.0,143.6,742.13,1512.13,3
Mon_02467,Monday,"Four Square Onehunga,Four Square Pakuranga Heights,Four Square Botany Junction,New World New Lynn",14,101.7,252,353.7,770.0,143.7,742.4,1512.4,4
Mon_02468,Monday,"Four Square Remuera,Four Square St Heliers,New World Eastridge",15,83.7,270,353.7,770.0,143.7,742.51,1512.51,3
Mon_02469,Monday,"Four Square Onehunga,Four Square Ellerslie,Four Square Glen Eden,New World Green Bay",15,83.8,270,353.8,770.0,143.8,743.0,1513.0,4
Mon_02470,Monday,"Four Square Remuera,New World Eastridge,Four Square Glen Eden",14,101.8,252,353.8,770.0,143.8,743.03,1513.03,3
Mon_02471,Monday,"Four Square Pakuranga Heights,New World Eastridge,Four Square Fair Price Henderson",13,119.8,234,353.8,770.0,143.8,743.21,1513.21,3
Mon_02472,Monday,"New World New Lynn,Four Square Glen Eden,Four Square Ellerslie,Four Square Onehunga",15,83.9,270,353.9,770.0,143.9,743.3,1513.3,4
Mon_02473,Monday,"Four Square Pakuranga Heights,Four Square Ellerslie,Four Square Lancaster,Four Square Glen Eden",11,155.9,198,353.9,770.0,143.9,743.52,1513.52,4
Mon_02474,Monday,"Four Square Pakuranga Heights,New World Devonport,Four Square Eden Terrace",12,137.9,216,353.9,770.0,143.9,743.6,1513.6,3
Mon_02475,Monday,"New World Hobsonville,New World Metro Shore City,Four Square Eden Terrace",14,101.9,252,353.9,770.0,143.9,743.65,1513.65,3
Mon_02476,Monday,"Pak 'n Save Royal Oak,Four Square Pakuranga Heights,Four Square Botany Junction",15,84.0,270,354.0,770.0,144.0,743.8,1513.8,3
Mon_02477,Monday,"Four Square Pakuranga Heights,Four Square Hobsonville,Four Square Fair Price Henderson,Four Square Glen Eden",12,138.0,216,354.0,770.0,144.0,743.84,1513.84,4
Mon_02478,Monday,"Four Square Glen Eden,Four Square Fair Price Henderson,Four Square Torbay,New World Metro Shore City",12,138.0,216,354.0,770.0,144.0,743.93,1513.93,4
Mon_02479,Monday,"Four Square Fair Price Henderson,Four Square Ellerslie,New World Metro Queen St,Four Square Eden Terrace",14,102.0,252,354.0,770.0,144.0,743.97,1513.97,4
Mon_02480,Monday,"Four Square Pakuranga Heights,Four Square Britomart,Four Square Torbay,New World Metro Shore City",11,156.0,198,354.0,770.0,144.0,744.01,1514.01,4
Mon_02481,Monday,"Four Square Onehunga,Four Square Cockle Bay,New World Metro Shore City,Four Square Eden Terrace",12,138.1,216,354.1,770.0,144.1,744.31,1514.31,4
Mon_02482,Monday,"Four Square Onehunga,Four Square Pakuranga Heights,Four Square Britomart,New World New Lynn",14,102.1,252,354.1,770.0,144.1,744.47,1514.47,4
Mon_02483,Monday,"Four Square Ellerslie,Four Square St Heliers,New World Mt Albert",15,84.1,270,354.1,770.0,144.1,744.57,1514.57,3
Mon_02484,Monday,"Four Square Fair Price Henderson,Four Square Remuera,New World Metro Queen St,Four Square Eden Terrace",14,102.1,252,354.1,770.0,144.1,744.7,1514.7,4
Mon_02485,Monday,"Four Square Hobsonville,New World Metro Shore City,New World Metro Queen St,Four Square Ellerslie",13,120.1,234,354.1,770.0,144.1,744.71,1514.71,4
Mon_02486,Monday,"New World Green Bay,New World Metro Shore City,Four Square Ellerslie,Four Square Onehunga",14,102.2,252,354.2,770.0,144.2,744.89,1514.89,4
Mon_02487,Monday,"Four Square Pakuranga Heights,Four Square St Heliers,New World Metro Queen St,Four Square Eden Terrace",14,102.2,252,354.2,770.0,144.2,744.96,1514.96,4
Mon_02488,Monday,"Pak 'n Save Lincoln Road,Four Square Ellerslie,Four Square Eden Terrace",15,84.2,270,354.2,770.0,144.2,745.03,1515.03,3
Mon_02489,Monday,"Four Square Onehunga,Four Square Ellerslie,New World Botany",15,84.2,270,354.2,770.0,144.2,745.07,1515.07,3
Mon_02490,Monday,"Four Square Onehunga,Four Square Fair Price Henderson,Four Square Glen Eden,New World Green Bay",15,84.2,270,354.2,770.0,144.2,745.09,1515.09,4
Mon_02491,Monday,"New World Newmarket,Four Square Remuera,Four Square St Heliers",15,84.2,270,354.2,770.0,144.2,745.2,1515.2,3
Mon_02492,Monday,"Four Square Lancaster,New World Milford,New World Metro Queen St",14,102.3,252,354.3,770.0,144.3,745.43,1515.43,3
Mon_02493,Monday,"Four Square Hobsonville,New World Metro Shore City,New World Metro Queen St,Four Square Remuera",13,120.3,234,354.3,770.0,144.3,745.43,1515.43,4
Mon_02494,Monday,"Four Square Onehunga,Four Square Cockle Bay,Four Square Fair Price Henderson,Four Square Glen Eden",12,138.3,216,354.3,770.0,144.3,745.64,1515.64,4
Mon_02495,Monday,"Four Square Pakuranga Heights,Four Square Remuera,New World Hobsonville",13,120.3,234,354.3,770.0,144.3,745.65,1515.65,3
Mon_02496,Monday,"Pak 'n Save Royal Oak,Four Square Remuera,Four Square Britomart",16,66.3,288,354.3,770.0,144.3,745.67,1515.67,3
Mon_02497,Monday,"Pak 'n Save Clendon,Four Square Botany Junction",15,84.3,270,354.3,770.0,144.3,745.71,1515.71,2
Mon_02498,Monday,"Four Square Hobsonville,Four Square Ellerslie,Four Square Remuera,Four Square Eden Terrace",14,102.3,252,354.3,770.0,144.3,745.71,1515.71,4
Mon_02499,Monday,"Pak 'n Save Lincoln Road,Four Square Remuera,Four Square Eden Terrace",15,84.3,270,354.3,770.0,144.3,745.75,1515.75,3
Mon_02500,Monday,"New World Mt Roskill,New World Metro Shore City,Four Square Ellerslie,Four Square Onehunga",15,84.3,270,354.3,770.0,144.3,745.78,1515.78,4
Mon_02501,Monday,"New World Metro Shore City,Four Square Remuera,Four Square St Heliers,Four Square Eden Terrace",13,120.4,234,354.4,770.0,144.4,745.9,1515.9,4
Mon_02502,Monday,"Four Square Onehunga,Four Square Britomart,Four Square St Heliers,Four Square Botany Junction",13,120.4,234,354.4,770.0,144.4,746.09,1516.09,4
Mon_02503,Monday,"Four Square Fair Price Henderson,Four Square Hobsonville,Four Square Lancaster,Four Square Britomart",13,120.4,234,354.4,770.0,144.4,746.27,1516.27,4
Mon_02504,Monday,"Four Square Pakuranga Heights,Four Square Lancaster,Four Square Britomart,Four Square Glen Eden",11,156.4,198,354.4,770.0,144.4,746.3,1516.3,4
Mon_02505,Monday,"Four Square Pakuranga Heights,New World Remuera,Four Square Eden Terrace",15,84.5,270,354.5,770.0,144.5,746.34,1516.34,3
Mon_02506,Monday,"Four Square Glen Eden,Four Square Hobsonville,New World Metro Shore City,New World Metro Queen St",13,120.5,234,354.5,770.0,144.5,746.5,1516.5,4
Mon_02507,Monday,"New World Devonport,New World Metro Queen St,Four Square Ellerslie",13,120.5,234,354.5,770.0,144.5,746.55,1516.55,3
Mon_02508,Monday,"Four Square Cockle Bay,Four Square Ellerslie,Four Square Lancaster,New World Metro Shore City",11,156.5,198,354.5,770.0,144.5,746.62,1516.62,4
Mon_02509,Monday,"Four Square Onehunga,Four Square Fair Price Henderson,Four Square Glen Eden,New World New Lynn",15,84.5,270,354.5,770.0,144.5,746.65,1516.65,4
Mon_02510,Monday,"Four Square Glen Eden,Four Square Fair Price Henderson,Four Square Hobsonville,Four Square Ellerslie",13,120.6,234,354.6,770.0,144.6,746.87,1516.87,4
Mon_02511,Monday,"New World Mt Roskill,Four Square Onehunga,Four Square Remuera,Four Square Britomart",16,66.6,288,354.6,770.0,144.6,746.92,1516.92,4
Mon_02512,Monday,"New World Long Bay,New World Metro Shore City,Four Square Eden Terrace",13,120.6,234,354.6,770.0,144.6,746.95,1516.95,3
Mon_02513,Monday,"Four Square Onehunga,Four Square Remuera,New World Metro Shore City,New World New Lynn",14,102.6,252,354.6,770.0,144.6,746.96,1516.96,4
Mon_02514,Monday,"Four Square Ellerslie,Four Square St Heliers,New World Eastridge",15,84.6,270,354.6,770.0,144.6,747.01,1517.01,3
Mon_02515,Monday,"Four Square Fair Price Henderson,New World Victoria Park,Four Square Britomart",15,84.6,270,354.6,770.0,144.6,747.12,1517.12,3
Mon_02516,Monday,"New World Devonport,New World Metro Queen St,Four Square Remuera",13,120.6,234,354.6,770.0,144.6,747.28,1517.28,3
Mon_02517,Monday,"New World Metro Queen St,Four Square Remuera,Four Square Cockle Bay,Four Square Botany Junction",13,120.6,234,354.6,770.0,144.6,747.29,1517.29,4
Mon_02518,Monday,"New World Southmall,Four Square Cockle Bay,Four Square Remuera",13,120.7,234,354.7,770.0,144.7,747.38,1517.38,3
Mon_02519,Monday,"Four Square Onehunga,Four Square Cockle Bay,Four Square Britomart,Four Square Fair Price Henderson",12,138.7,216,354.7,770.0,144.7,747.4,1517.4,4
Mon_02520,Monday,"Four Square Glen Eden,Four Square Fair Price Henderson,Four Square Hobsonville,Four Square Remuera",13,120.7,234,354.7,770.0,144.7,747.59,1517.59,4
Mon_02521,Monday,"Four Square Cockle Bay,Four Square Torbay,Four Square Fair Price Henderson",10,174.7,180,354.7,770.0,144.7,747.69,1517.69,3
Mon_02522,Monday,"Four Square Fair Price Henderson,Four Square Hobsonville,Four Square Britomart,Four Square Remuera",13,120.8,234,354.8,770.0,144.8,748.11,1518.11,4
Mon_02523,Monday,"Pak 'n Save Manukau,Four Square Pakuranga Heights,New World Metro Shore City",13,120.8,234,354.8,770.0,144.8,748.28,1518.28,3
Mon_02524,Monday,"Four Square Fair Price Henderson,Four Square Lancaster,Four Square Pakuranga Heights,Four Square Botany Junction",11,156.8,198,354.8,770.0,144.8,748.3,1518.3,4
Mon_02525,Monday,"Four Square Fair Price Henderson,Four Square Remuera,New World Eastridge",14,102.8,252,354.8,770.0,144.8,748.39,1518.39,3
Mon_02526,Monday,"Four Square Onehunga,Four Square Lancaster,Four Square Torbay,New World Metro Shore City",12,138.9,216,354.9,770.0,144.9,748.43,1518.43,4
Mon_02527,Monday,"Four Square Pakuranga Heights,New World Browns Bay,New World Metro Shore City",12,138.9,216,354.9,770.0,144.9,748.44,1518.44,3
Mon_02528,Monday,"Four Square Glen Eden,Pak 'n Save Lincoln Road,Four Square Hobsonville",15,84.9,270,354.9,770.0,144.9,748.56,1518.56,3
Mon_02529,Monday,"Four Square Pakuranga Heights,Four Square St Heliers,New World Metro Shore City,Four Square Eden Terrace",12,138.9,216,354.9,770.0,144.9,748.64,1518.64,4
Mon_02530,Monday,"Four Square Hobsonville,New World Metro Shore City,Four Square Ellerslie,Four Square Botany Junction",12,138.9,216,354.9,770.0,144.9,748.77,1518.77,4
Mon_02531,Monday,"Pak 'n Save Royal Oak,Four Square Britomart,New World Metro Shore City",15,85.0,270,355.0,770.0,145.0,748.96,1518.96,3
Mon_02532,Monday,"Four Square Hobsonville,Four Square Britomart,Four Square Pakuranga Heights,Four Square Botany Junction",12,139.0,216,355.0,770.0,145.0,748.98,1518.98,4
Mon_02533,Monday,"Four Square Hobsonville,New World Metro Shore City,New World Stonefields",13,121.0,234,355.0,770.0,145.0,749.08,1519.08,3
Mon_02534,Monday,"Four Square Onehunga,Four Square Cockle Bay,Four Square St Heliers,Four Square Britomart",13,121.0,234,355.0,770.0,145.0,749.11,1519.11,4
Mon_02535,Monday,"Four Square Torbay,New World Devonport,New World Metro Shore City",12,139.0,216,355.0,770.0,145.0,749.12,1519.12,3
Mon_02536,Monday,"New World Metro Queen St,New World Stonefields,Four Square Botany Junction",14,103.0,252,355.0,770.0,145.0,749.28,1519.28,3
Mon_02537,Monday,"Pak 'n Save Highland Park,Four Square Botany Junction",15,85.0,270,355.0,770.0,145.0,749.4,1519.4,2
Mon_02538,Monday,"New World Metro Shore City,Four Square Ellerslie,Pak 'n Save Royal Oak",15,85.0,270,355.0,770.0,145.0,749.41,1519.41,3
Mon_02539,Monday,"New World Newmarket,Four Square Ellerslie,Four Square St Heliers",15,85.1,270,355.1,770.0,145.1,749.7,1519.7,3
Mon_02540,Monday,"Four Square Lancaster,Four Square Britomart,New World Metro Queen St,Four Square Glen Eden",13,121.1,234,355.1,770.0,145.1,749.73,1519.73,4
Mon_02541,Monday,"Four Square Pakuranga Heights,Four Square Ellerslie,Four Square Eden Terrace,Four Square Hobsonville",13,121.1,234,355.1,770.0,145.1,749.83,1519.83,4
Mon_02542,Monday,"Four Square Britomart,New World Metro Queen St,New World Remuera",16,67.2,288,355.2,770.0,145.2,750.06,1520.06,3
Mon_02543,Monday,"Four Square Onehunga,Pak 'n Save Albany,New World Metro Shore City",14,103.2,252,355.2,770.0,145.2,750.14,1520.14,3
Mon_02544,Monday,"Four Square Eden Terrace,New World Metro Queen St,Four Square Remuera,Four Square Botany Junction",14,103.2,252,355.2,770.0,145.2,750.33,1520.33,4
Mon_02545,Monday,"Four Square Pakuranga Heights,Four Square Ellerslie,Four Square Lancaster,Four Square Hobsonville",12,139.3,216,355.3,770.0,145.3,750.53,1520.53,4
Mon_02546,Monday,"New World Long Bay,Four Square Pakuranga Heights,Four Square Onehunga",12,139.3,216,355.3,770.0,145.3,750.55,1520.55,3
Mon_02547,Monday,"New World Devonport,Four Square Ellerslie,Four Square Botany Junction",12,139.3,216,355.3,770.0,145.3,750.62,1520.62,3
Mon_02548,Monday,"Four Square Onehunga,Four Square Remuera,New World Metro Queen St,Four Square Hobsonville",14,103.3,252,355.3,770.0,145.3,750.65,1520.65,4
Mon_02549,Monday,"Four Square Ellerslie,Four Square Remuera,Four Square Lancaster,Four Square Hobsonville",13,121.3,234,355.3,770.0,145.3,750.7,1520.7,4
Mon_02550,Monday,"New World Metro Shore City,Four Square Ellerslie,New World Ormiston",13,121.3,234,355.3,770.0,145.3,750.87,1520.87,3
Mon_02551,Monday,"New World Howick,Four Square Britomart,Four Square Eden Terrace",14,103.3,252,355.3,770.0,145.3,750.9,1520.9,3
Mon_02552,Monday,"Four Square Onehunga,New World Metro Queen St,Four Square Lancaster,Four Square Fair Price Henderson",13,121.3,234,355.3,770.0,145.3,750.95,1520.95,4
Mon_02553,Monday,"New World Devonport,New World Metro Shore City,Four Square St Heliers",12,139.4,216,355.4,770.0,145.4,750.99,1520.99,3
Mon_02554,Monday,"Four Square Britomart,Four Square St Heliers,New World Mt Albert",15,85.4,270,355.4,770.0,145.4,751.08,1521.08,3
Mon_02555,Monday,"Four Square Fair Price Henderson,Pak 'n Save Wairau Road,Four Square Britomart",14,103.4,252,355.4,770.0,145.4,751.09,1521.09,3
Mon_02556,Monday,"Four Square Onehunga,Four Square St Heliers,New World Metro Queen St,Four Square Eden Terrace",15,85.4,270,355.4,770.0,145.4,751.12,1521.12,4
Mon_02557,Monday,"Four Square Cockle Bay,New World Howick,New World Metro Queen St",14,103.4,252,355.4,770.0,145.4,751.17,1521.17,3
Mon_02558,Monday,"Four Square Onehunga,Four Square Remuera,Four Square Britomart,New World Green Bay",15,85.4,270,355.4,770.0,145.4,751.17,1521.17,4
Mon_02559,Monday,"Four Square Onehunga,Four Square Botany Junction,Four Square Eden Terrace,Four Square Fair Price Henderson",13,121.4,234,355.4,770.0,145.4,751.24,1521.24,4
Mon_02560,Monday,"Four Square Glen Eden,Four Square Fair Price Henderson,Four Square Hobsonville,Four Square Eden Terrace",14,103.4,252,355.4,770.0,145.4,751.36,1521.36,4
Mon_02561,Monday,"Four Square Lancaster,New World Milford,Four Square Eden Terrace",14,103.5,252,355.5,770.0,145.5,751.5,1521.5,3
Mon_02562,Monday,"Four Square Glen Eden,Four Square Remuera,Four Square Cockle Bay,Four Square Botany Junction",12,139.5,216,355.5,770.0,145.5,751.6,1521.6,4
Mon_02563,Monday,"Four Square Botany Junction,Four Square Pakuranga Heights,Four Square St Heliers,Four Square Glen Eden",12,139.5,216,355.5,770.0,145.5,751.67,1521.67,4
Mon_02564,Monday,"Four Square Britomart,Four Square Ellerslie,Four Square Fair Price Henderson,Four Square Hobsonville",13,121.5,234,355.5,770.0,145.5,751.67,1521.67,4
Mon_02565,Monday,"Four Square Lancaster,New World Browns Bay,New World Metro Shore City",13,121.5,234,355.5,770.0,145.5,751.7,1521.7,3
Mon_02566,Monday,"New World Howick,Four Square Ellerslie,New World Metro Queen St",14,103.5,252,355.5,770.0,145.5,752.0,1522.0,3
Mon_02567,Monday,"Four Square Fair Price Henderson,Four Square Hobsonville,New World Milford",14,103.6,252,355.6,770.0,145.6,752.01,1522.01,3
Mon_02568,Monday,"Four Square Cockle Bay,Four Square Eden Terrace,Four Square Britomart,New World Metro Shore City",12,139.6,216,355.6,770.0,145.6,752.07,1522.07,4
Mon_02569,Monday,"Four Square Onehunga,Four Square Pakuranga Heights,Four Square Botany Junction,New World Green Bay",14,103.6,252,355.6,770.0,145.6,752.11,1522.11,4
Mon_02570,Monday,"Four Square Pakuranga Heights,New World Milford,Four Square Eden Terrace",13,121.6,234,355.6,770.0,145.6,752.14,1522.14,3
Mon_02571,Monday,"Four Square Onehunga,Four Square Remuera,Four Square Glen Eden,New World Green Bay",15,85.6,270,355.6,770.0,145.6,752.21,1522.21,4
Mon_02572,Monday,"Four Square Pakuranga Heights,Four Square Ellerslie,Four Square Hobsonville,Four Square Glen Eden",12,139.6,216,355.6,770.0,145.6,752.29,1522.29,4
Mon_02573,Monday,"New World Ormiston,Four Square Pakuranga Heights,New World Metro Queen St",14,103.6,252,355.6,770.0,145.6,752.44,1522.44,3
Mon_02574,Monday,"Four Square Glen Eden,Four Square Hobsonville,New World Metro Shore City,Four Square Eden Terrace",13,121.7,234,355.7,770.0,145.7,752.57,1522.57,4
Mon_02575,Monday,"Four Square Pakuranga Heights,Four Square St Heliers,Four Square Britomart,Four Square Lancaster",12,139.7,216,355.7,770.0,145.7,752.62,1522.62,4
Mon_02576,Monday,"Four Square Pakuranga Heights,Four Square Remuera,Four Square Torbay,New World Metro Shore City",11,157.7,198,355.7,770.0,145.7,752.68,1522.68,4
Mon_02577,Monday,"Four Square Hobsonville,New World Metro Shore City,New World Metro Queen St,Four Square Eden Terrace",14,103.7,252,355.7,770.0,145.7,752.71,1522.71,4
Mon_02578,Monday,"Pak 'n Save Wairau Road,Four Square Britomart,Four Square Eden Terrace",15,85.7,270,355.7,770.0,145.7,752.77,1522.77,3
Mon_02579,Monday,"Four Square Cockle Bay,Four Square Pakuranga Heights,Four Square St Heliers,New World Metro Queen St",13,121.7,234,355.7,770.0,145.7,752.9,1522.9,4
Mon_02580,Monday,"New World Papatoetoe,Four Square Botany Junction,Four Square Eden Terrace",15,85.7,270,355.7,770.0,145.7,752.97,1522.97,3
Mon_02581,Monday,"Four Square Britomart,Four Square Lancaster,Four Square Torbay,New World Metro Shore City",12,139.7,216,355.7,770.0,145.7,753.02,1523.02,4
Mon_02582,Monday,"Four Square Cockle Bay,Four Square Ellerslie,New World Metro Queen St,New World Metro Shore City",12,139.8,216,355.8,770.0,145.8,753.45,1523.45,4
Mon_02583,Monday,"Four Square Britomart,Four Square St Heliers,New World Eastridge",15,85.8,270,355.8,770.0,145.8,753.52,1523.52,3
Mon_02584,Monday,"Four Square Onehunga,Four Square Remuera,Four Square Glen Eden,New World New Lynn",15,85.9,270,355.9,770.0,145.9,753.77,1523.77,4
Mon_02585,Monday,"Four Square Botany Junction,Four Square Cockle Bay,New World Mt Albert",14,103.9,252,355.9,770.0,145.9,753.9,1523.9,3
Mon_02586,Monday,"Four Square Hobsonville,New World Metro Shore City,Four Square Pakuranga Heights,Four Square Eden Terrace",12,139.9,216,355.9,770.0,145.9,753.97,1523.97,4
Mon_02587,Monday,"New World Southmall,Four Square Botany Junction,Four Square Fair Price Henderson",13,122.0,234,356.0,770.0,146.0,754.22,1524.22,3
Mon_02588,Monday,"Four Square Cockle Bay,New World Stonefields,Four Square Eden Terrace",14,104.0,252,356.0,770.0,146.0,754.47,1524.47,3
Mon_02589,Monday,"Four Square Fair Price Henderson,Four Square Hobsonville,Four Square Pakuranga Heights,Four Square Botany Junction",12,140.0,216,356.0,770.0,146.0,754.5,1524.5,4
Mon_02590,Monday,"Four Square Cockle Bay,Four Square Britomart,Four Square Lancaster,New World Metro Shore City",11,158.0,198,356.0,770.0,146.0,754.52,1524.52,4
Mon_02591,Monday,"New World Devonport,New World Metro Queen St,Four Square Eden Terrace",14,104.0,252,356.0,770.0,146.0,754.56,1524.56,3
Mon_02592,Monday,"Four Square Fair Price Henderson,New World Metro Shore City,New World Victoria Park",14,104.1,252,356.1,770.0,146.1,754.64,1524.64,3
Mon_02593,Monday,"Four Square Britomart,Pak 'n Save Albany,New World Metro Shore City",14,104.1,252,356.1,770.0,146.1,754.74,1524.74,3
Mon_02594,Monday,"Four Square Onehunga,Four Square Cockle Bay,New World Metro Shore City,Four Square Glen Eden",11,158.1,198,356.1,770.0,146.1,754.78,1524.78,4
Mon_02595,Monday,"Four Square Onehunga,Four Square St Heliers,New World Metro Shore City,Four Square Eden Terrace",13,122.1,234,356.1,770.0,146.1,754.8,1524.8,4
Mon_02596,Monday,"Four Square Cockle Bay,Four Square Pakuranga Heights,New World Remuera",14,104.1,252,356.1,770.0,146.1,754.83,1524.83,3
Mon_02597,Monday,"Four Square Cockle Bay,Four Square Pakuranga Heights,Four Square St Heliers,Four Square Eden Terrace",13,122.1,234,356.1,770.0,146.1,754.88,1524.88,4
Mon_02598,Monday,"Four Square Fair Price Henderson,Four Square Lancaster,New World Devonport",12,140.1,216,356.1,770.0,146.1,754.99,1524.99,3
Mon_02599,Monday,"New World Milford,New World Metro Queen St,Four Square Ellerslie",14,104.1,252,356.1,770.0,146.1,755.09,1525.09,3
Mon_02600,Monday,"Pak 'n Save Highland Park,Four Square Ellerslie",15,86.2,270,356.2,770.0,146.2,755.29,1525.29,2
Mon_02601,Monday,"Four Square Lancaster,Four Square Britomart,Four Square Ellerslie,Four Square Glen Eden",12,140.2,216,356.2,770.0,146.2,755.32,1525.32,4
Mon_02602,Monday,"Four Square Onehunga,Four Square Lancaster,New World Hobsonville",14,104.2,252,356.2,770.0,146.2,755.33,1525.33,3
Mon_02603,Monday,"New World Papatoetoe,Four Square Remuera,New World Metro Queen St",15,86.2,270,356.2,770.0,146.2,755.6,1525.6,3
Mon_02604,Monday,"New World Newmarket,Four Square Cockle Bay,Four Square Botany Junction",14,104.3,252,356.3,770.0,146.3,755.7,1525.7,3
Mon_02605,Monday,"Four Square Cockle Bay,New World Howick,Four Square Glen Eden",13,122.3,234,356.3,770.0,146.3,755.74,1525.74,3
Mon_02606,Monday,"Four Square Torbay,Four Square Remuera,Four Square Ellerslie,Four Square Onehunga",13,122.3,234,356.3,770.0,146.3,755.74,1525.74,4
Mon_02607,Monday,"New World Metro Queen St,Four Square Britomart,Four Square Torbay,New World Metro Shore City",13,122.3,234,356.3,770.0,146.3,755.77,1525.77,4
Mon_02608,Monday,"Four Square Cockle Bay,Four Square St Heliers,Four Square Remuera,Four Square Ellerslie",13,122.3,234,356.3,770.0,146.3,755.79,1525.79,4
Mon_02609,Monday,"Pak 'n Save Wairau Road,New World Metro Shore City,Four Square Botany Junction",13,122.3,234,356.3,770.0,146.3,755.8,1525.8,3
Mon_02610,Monday,"New World Milford,New World Metro Queen St,Four Square Remuera",14,104.3,252,356.3,770.0,146.3,755.82,1525.82,3
Mon_02611,Monday,"Four Square Britomart,Four Square Ellerslie,Pak 'n Save Manukau",15,86.3,270,356.3,770.0,146.3,755.87,1525.87,3
Mon_02612,Monday,"Four Square Lancaster,Four Square Britomart,Four Square Remuera,Four Square Glen Eden",12,140.3,216,356.3,770.0,146.3,756.04,1526.04,4
Mon_02613,Monday,"Four Square Fair Price Henderson,Four Square Remuera,Four Square Cockle Bay,Four Square Botany Junction",12,140.3,216,356.3,770.0,146.3,756.07,1526.07,4
Mon_02614,Monday,"Four Square Botany Junction,New World Metro Queen St,Four Square Britomart,Four Square Glen Eden",13,122.4,234,356.4,770.0,146.4,756.17,1526.17,4
Mon_02615,Monday,"Four Square Ellerslie,Four Square Botany Junction,Pak 'n Save Manukau",15,86.4,270,356.4,770.0,146.4,756.19,1526.19,3
Mon_02616,Monday,"Four Square Botany Junction,Four Square Remuera,New World Eastridge",14,104.4,252,356.4,770.0,146.4,756.32,1526.32,3
Mon_02617,Monday,"Four Square Fair Price Henderson,New World Metro Shore City,Four Square Cockle Bay,Four Square Onehunga",11,158.4,198,356.4,770.0,146.4,756.37,1526.37,4
Mon_02618,Monday,"Four Square Onehunga,Four Square Botany Junction,Four Square Britomart,Four Square Lancaster",12,140.4,216,356.4,770.0,146.4,756.53,1526.53,4
Mon_02619,Monday,"New World Howick,Four Square Ellerslie,Four Square Glen Eden",13,122.4,234,356.4,770.0,146.4,756.57,1526.57,3
Mon_02620,Monday,"Four Square Botany Junction,Four Square Remuera,Four Square Eden Terrace,Four Square Glen Eden",13,122.5,234,356.5,770.0,146.5,756.66,1526.66,4
Mon_02621,Monday,"Four Square Cockle Bay,Four Square Ellerslie,New World Newmarket",14,104.5,252,356.5,770.0,146.5,756.67,1526.67,3
Mon_02622,Monday,"New World Metro Shore City,New World Milford,Four Square St Heliers",13,122.5,234,356.5,770.0,146.5,756.72,1526.72,3
Mon_02623,Monday,"Four Square Fair Price Henderson,New World Long Bay,Four Square Britomart",13,122.5,234,356.5,770.0,146.5,756.74,1526.74,3
Mon_02624,Monday,"Four Square Pakuranga Heights,Four Square Botany Junction,Pak 'n Save Mangere",15,86.5,270,356.5,770.0,146.5,756.83,1526.83,3
Mon_02625,Monday,"Four Square Cockle Bay,Four Square Remuera,New World Mt Albert",14,104.5,252,356.5,770.0,146.5,757.07,1527.07,3
Mon_02626,Monday,"Four Square Pakuranga Heights,Pak 'n Save Glen Innes,Four Square Onehunga",15,86.5,270,356.5,770.0,146.5,757.08,1527.08,3
Mon_02627,Monday,"Four Square Fair Price Henderson,Four Square Torbay,Four Square St Heliers",11,158.6,198,356.6,770.0,146.6,757.3,1527.3,3
Mon_02628,Monday,"New World Mt Roskill,Four Square Onehunga,Four Square Britomart,New World Metro Shore City",15,86.7,270,356.7,770.0,146.7,757.69,1527.69,4
Mon_02629,Monday,"New World Newmarket,Four Square St Heliers,Four Square Britomart",15,86.7,270,356.7,770.0,146.7,757.88,1527.88,3
Mon_02630,Monday,"Four Square Pakuranga Heights,Four Square Onehunga,New World New Lynn,Four Square Glen Eden",14,104.7,252,356.7,770.0,146.7,757.99,1527.99,4
Mon_02631,Monday,"New World Metro Shore City,New World Metro Queen St,New World Eastridge",14,104.7,252,356.7,770.0,146.7,758.0,1528.0,3
Mon_02632,Monday,"Four Square Fair Price Henderson,New World Stonefields,Four Square Botany Junction",13,122.7,234,356.7,770.0,146.7,758.07,1528.07,3
Mon_02633,Monday,"Four Square Fair Price Henderson,Four Square Britomart,New World Eastridge",14,104.7,252,356.7,770.0,146.7,758.08,1528.08,3
Mon_02634,Monday,"Four Square Cockle Bay,Four Square Pakuranga Heights,Four Square Ellerslie,Four Square Hobsonville",12,140.8,216,356.8,770.0,146.8,758.31,1528.31,4
Mon_02635,Monday,"Four Square Botany Junction,Four Square Ellerslie,New World Eastridge",14,104.8,252,356.8,770.0,146.8,758.38,1528.38,3
Mon_02636,Monday,"Four Square Pakuranga Heights,Four Square Britomart,Four Square Lancaster,Four Square Hobsonville",12,140.8,216,356.8,770.0,146.8,758.43,1528.43,4
Mon_02637,Monday,"Four Square Onehunga,New World Albany,New World Metro Shore City",14,104.8,252,356.8,770.0,146.8,758.44,1528.44,3
Mon_02638,Monday,"Four Square Onehunga,Four Square St Heliers,Four Square Britomart,Four Square Lancaster",13,122.9,234,356.9,770.0,146.9,758.78,1528.78,4
Mon_02639,Monday,"New World Birkenhead,Four Square Remuera,Four Square Botany Junction",13,122.9,234,356.9,770.0,146.9,759.07,1529.07,3
Mon_02640,Monday,"Four Square Botany Junction,Four Square Britomart,New World Birkenhead",13,122.9,234,356.9,770.0,146.9,759.08,1529.08,3
Mon_02641,Monday,"Four Square Onehunga,Four Square St Heliers,New World Southmall",14,104.9,252,356.9,770.0,146.9,759.11,1529.11,3
Mon_02642,Monday,"Four Square Pakuranga Heights,Four Square St Heliers,New World Metro Shore City,Four Square Glen Eden",11,158.9,198,356.9,770.0,146.9,759.11,1529.11,4
Mon_02643,Monday,"New World Milford,Four Square Ellerslie,Four Square Botany Junction",13,122.9,234,356.9,770.0,146.9,759.16,1529.16,3
Mon_02644,Monday,"Four Square Pakuranga Heights,Four Square Onehunga,Four Square Glen Eden,New World Green Bay",14,104.9,252,356.9,770.0,146.9,759.24,1529.24,4
Mon_02645,Monday,"Four Square Lancaster,Four Square Remuera,Four Square Botany Junction,Four Square Onehunga",12,141.0,216,357.0,770.0,147.0,759.54,1529.54,4
Mon_02646,Monday,"Four Square Pakuranga Heights,New World Newmarket,Four Square Lancaster",13,123.0,234,357.0,770.0,147.0,759.55,1529.55,3
Mon_02647,Monday,"Four Square Cockle Bay,Four Square Ellerslie,Four Square Britomart,Four Square Glen Eden",12,141.0,216,357.0,770.0,147.0,759.72,1529.72,4
Mon_02648,Monday,"Four Square Glen Eden,Four Square Fair Price Henderson,Four Square Hobsonville,Four Square Lancaster",13,123.0,234,357.0,770.0,147.0,759.76,1529.76,4
Mon_02649,Monday,"Four Square Remuera,Four Square St Heliers,New World Point Chevalier",15,87.1,270,357.1,770.0,147.1,759.84,1529.84,3
Mon_02650,Monday,"Four Square Fair Price Henderson,New World Long Bay,Four Square Onehunga",13,123.1,234,357.1,770.0,147.1,759.89,1529.89,3
Mon_02651,Monday,"Four Square Lancaster,New World Metro Queen St,Four Square Pakuranga Heights,Four Square Botany Junction",12,141.1,216,357.1,770.0,147.1,759.89,1529.89,4
Mon_02652,Monday,"Pak 'n Save Lincoln Road,Four Square Fair Price Henderson,Four Square Lancaster",14,105.1,252,357.1,770.0,147.1,759.91,1529.91,3
Mon_02653,Monday,"Four Square Britomart,Four Square Lancaster,New World Hobsonville",14,105.1,252,357.1,770.0,147.1,759.93,1529.93,3
Mon_02654,Monday,"Four Square Botany Junction,Four Square Cockle Bay,Four Square Lancaster,New World Metro Shore City",11,159.1,198,357.1,770.0,147.1,760.03,1530.03,4
Mon_02655,Monday,"Four Square Pakuranga Heights,New World Metro Queen St,New World Victoria Park",15,87.1,270,357.1,770.0,147.1,760.04,1530.04,3
Mon_02656,Monday,"Four Square Pakuranga Heights,Four Square Remuera,Four Square Lancaster,Four Square Glen Eden",11,159.1,198,357.1,770.0,147.1,760.09,1530.09,4
Mon_02657,Monday,"Four Square Lancaster,New World Newmarket,Four Square Ellerslie",14,105.1,252,357.1,770.0,147.1,760.2,1530.2,3
Mon_02658,Monday,"Four Square Cockle Bay,Four Square Ellerslie,New World Point Chevalier",14,105.1,252,357.1,770.0,147.1,760.27,1530.27,3
Mon_02659,Monday,"New World Papatoetoe,Four Square Lancaster,New World Metro Shore City",13,123.2,234,357.2,770.0,147.2,760.5,1530.5,3
Mon_02660,Monday,"Four Square Eden Terrace,Four Square Ellerslie,Four Square St Heliers,New World Metro Shore City",13,123.2,234,357.2,770.0,147.2,760.51,1530.51,4
Mon_02661,Monday,"New World Southmall,Four Square Cockle Bay,Four Square Britomart",13,123.3,234,357.3,770.0,147.3,760.81,1530.81,3
Mon_02662,Monday,"Four Square Lancaster,New World Newmarket,Four Square Remuera",14,105.3,252,357.3,770.0,147.3,760.93,1530.93,3
Mon_02663,Monday,"Four Square Ellerslie,New World Eastridge,Four Square Glen Eden",14,105.3,252,357.3,770.0,147.3,760.94,1530.94,3
Mon_02664,Monday,"Four Square Ellerslie,Four Square Britomart,Four Square Torbay,New World Metro Shore City",12,141.3,216,357.3,770.0,147.3,761.09,1531.09,4
Mon_02665,Monday,"New World Remuera,Four Square Remuera,New World Metro Queen St",16,69.3,288,357.3,770.0,147.3,761.23,1531.23,3
Mon_02666,Monday,"Four Square Botany Junction,Four Square Pakuranga Heights,Four Square St Heliers,Four Square Fair Price Henderson",12,141.4,216,357.4,770.0,147.4,761.31,1531.31,4
Mon_02667,Monday,"New World Mt Roskill,Four Square Onehunga,Four Square Pakuranga Heights,Four Square Britomart",15,87.4,270,357.4,770.0,147.4,761.44,1531.44,4
Mon_02668,Monday,"Four Square Onehunga,Four Square Pakuranga Heights,New World Metro Shore City,New World New Lynn",13,123.4,234,357.4,770.0,147.4,761.49,1531.49,4
Mon_02669,Monday,"Four Square Hobsonville,Four Square Ellerslie,New World Stonefields",14,105.4,252,357.4,770.0,147.4,761.63,1531.63,3
Mon_02670,Monday,"Four Square Pakuranga Heights,Four Square Lancaster,Pak 'n Save Wairau Road",13,123.4,234,357.4,770.0,147.4,761.7,1531.7,3
Mon_02671,Monday,"Four Square Remuera,Four Square Britomart,Four Square Torbay,New World Metro Shore City",12,141.4,216,357.4,770.0,147.4,761.81,1531.81,4
Mon_02672,Monday,"Four Square Glen Eden,Four Square Fair Price Henderson,Four Square Remuera,Four Square St Heliers",13,123.5,234,357.5,770.0,147.5,761.83,1531.83,4
Mon_02673,Monday,"Four Square Onehunga,Four Square Britomart,New World Metro Shore City,New World Green Bay",14,105.5,252,357.5,770.0,147.5,761.94,1531.94,4
Mon_02674,Monday,"New World Metro Shore City,New World Metro Queen St,Four Square Cockle Bay,Four Square Botany Junction",12,141.5,216,357.5,770.0,147.5,762.2,1532.2,4
Mon_02675,Monday,"Four Square Pakuranga Heights,Four Square Fair Price Henderson,New World Hobsonville",13,123.5,234,357.5,770.0,147.5,762.29,1532.29,3
Mon_02676,Monday,"Four Square Fair Price Henderson,Four Square Britomart,New World Metro Queen St,Four Square Botany Junction",13,123.6,234,357.6,770.0,147.6,762.43,1532.43,4
Mon_02677,Monday,"Four Square Pakuranga Heights,New World Botany,Four Square Eden Terrace",15,87.6,270,357.6,770.0,147.6,762.59,1532.59,3
Mon_02678,Monday,"Pak 'n Save Royal Oak,Four Square Remuera,New World Metro Shore City",15,87.6,270,357.6,770.0,147.6,762.68,1532.68,3
Mon_02679,Monday,"Four Square Britomart,Four Square Remuera,New World Ormiston",14,105.6,252,357.6,770.0,147.6,762.81,1532.81,3
Mon_02680,Monday,"Four Square Britomart,New World Birkenhead,Four Square Hobsonville",14,105.7,252,357.7,770.0,147.7,762.86,1532.86,3
Mon_02681,Monday,"Pak 'n Save Wairau Road,Four Square Pakuranga Heights,Four Square Botany Junction",13,123.7,234,357.7,770.0,147.7,762.9,1532.9,3
Mon_02682,Monday,"Four Square Fair Price Henderson,New World Milford,New World Metro Queen St",14,105.7,252,357.7,770.0,147.7,763.03,1533.03,3
Mon_02683,Monday,"Four Square Britomart,New World Albany,New World Metro Shore City",14,105.7,252,357.7,770.0,147.7,763.04,1533.04,3
Mon_02684,Monday,"Four Square Eden Terrace,New World Newmarket,Four Square Botany Junction",15,87.7,270,357.7,770.0,147.7,763.07,1533.07,3
Mon_02685,Monday,"New World Milford,New World Metro Queen St,Four Square Eden Terrace",15,87.7,270,357.7,770.0,147.7,763.1,1533.1,3
Mon_02686,Monday,"Four Square Britomart,New World Remuera,Four Square Eden Terrace",16,69.7,288,357.7,770.0,147.7,763.12,1533.12,3
Mon_02687,Monday,"Four Square Pakuranga Heights,Four Square Lancaster,New World Point Chevalier",13,123.7,234,357.7,770.0,147.7,763.15,1533.15,3
Mon_02688,Monday,"Four Square Cockle Bay,Four Square Remuera,Four Square Lancaster,New World Metro Shore City",11,159.7,198,357.7,770.0,147.7,763.19,1533.19,4
Mon_02689,Monday,"Four Square Pakuranga Heights,Four Square Eden Terrace,New World Victoria Park",15,87.7,270,357.7,770.0,147.7,763.23,1533.23,3
Mon_02690,Monday,"Four Square Fair Price Henderson,Four Square Pakuranga Heights,New World Ormiston",13,123.7,234,357.7,770.0,147.7,763.33,1533.33,3
Mon_02691,Monday,"Four Square Pakuranga Heights,Four Square St Heliers,Four Square Remuera,Four Square Lancaster",12,141.8,216,357.8,770.0,147.8,763.41,1533.41,4
Mon_02692,Monday,"Four Square Fair Price Henderson,Four Square Eden Terrace,Four Square Remuera,Four Square Botany Junction",13,123.8,234,357.8,770.0,147.8,763.44,1533.44,4
Mon_02693,Monday,"New World Metro Shore City,Four Square Ellerslie,Four Square Cockle Bay,Four Square Eden Terrace",12,141.8,216,357.8,770.0,147.8,763.54,1533.54,4
Mon_02694,Monday,"Four Square Cockle Bay,Four Square Torbay,Four Square Lancaster",10,177.8,180,357.8,770.0,147.8,763.67,1533.67,3
Mon_02695,Monday,"Four Square Fair Price Henderson,New World Metro Shore City,Four Square Britomart,Four Square St Heliers",12,141.8,216,357.8,770.0,147.8,763.83,1533.83,4
Mon_02696,Monday,"Four Square Hobsonville,New World Devonport,Four Square Britomart",13,123.9,234,357.9,770.0,147.9,763.92,1533.92,3
Mon_02697,Monday,"New World Mt Roskill,Four Square Onehunga,Four Square Remuera,New World Metro Shore City",15,87.9,270,357.9,770.0,147.9,763.94,1533.94,4
Mon_02698,Monday,"Pak 'n Save Papakura,Four Square Pakuranga Heights,Four Square Onehunga",14,105.9,252,357.9,770.0,147.9,763.96,1533.96,3
Mon_02699,Monday,"New World Hobsonville,Four Square Britomart,New World Metro Queen St",15,87.9,270,357.9,770.0,147.9,763.98,1533.98,3
Mon_02700,Monday,"Four Square Pakuranga Heights,New World Stonefields,Four Square Ellerslie,Four Square Remuera",15,87.9,270,357.9,770.0,147.9,764.06,1534.06,4
Mon_02701,Monday,"New World Long Bay,Four Square Ellerslie,Four Square Remuera",13,123.9,234,357.9,770.0,147.9,764.26,1534.26,3
Mon_02702,Monday,"Four Square Britomart,Four Square Ellerslie,Four Square Remuera,New World New Lynn",15,87.9,270,357.9,770.0,147.9,764.28,1534.28,4
Mon_02703,Monday,"Four Square Fair Price Henderson,New World Devonport,Four Square Ellerslie",12,141.9,216,357.9,770.0,147.9,764.34,1534.34,3
Mon_02704,Monday,"Four Square Ellerslie,Four Square St Heliers,New World Point Chevalier",15,87.9,270,357.9,770.0,147.9,764.34,1534.34,3
Mon_02705,Monday,"Four Square Eden Terrace,New World Stonefields,Four Square St Heliers",15,88.0,270,358.0,770.0,148.0,764.41,1534.41,3
Mon_02706,Monday,"Four Square Eden Terrace,New World Metro Queen St,Four Square Britomart,Four Square St Heliers",15,88.0,270,358.0,770.0,148.0,764.5,1534.5,4
Mon_02707,Monday,"Four Square Glen Eden,Four Square Fair Price Henderson,Pak 'n Save Wairau Road",14,106.0,252,358.0,770.0,148.0,764.58,1534.58,3
Mon_02708,Monday,"Four Square Fair Price Henderson,Four Square Lancaster,New World Metro Shore City,Four Square Botany Junction",11,160.1,198,358.1,770.0,148.1,765.0,1535.0,4
Mon_02709,Monday,"Four Square Fair Price Henderson,New World Devonport,Four Square Remuera",12,142.1,216,358.1,770.0,148.1,765.06,1535.06,3
Mon_02710,Monday,"New World Ormiston,Four Square Botany Junction,Four Square Eden Terrace",15,88.1,270,358.1,770.0,148.1,765.14,1535.14,3
Mon_02711,Monday,"Four Square Onehunga,Four Square Pakuranga Heights,New World Metro Queen St,Four Square Hobsonville",13,124.1,234,358.1,770.0,148.1,765.17,1535.17,4
Mon_02712,Monday,"Four Square Cockle Bay,New World Birkenhead,New World Metro Shore City",12,142.1,216,358.1,770.0,148.1,765.2,1535.2,3
Mon_02713,Monday,"New World Metro Shore City,Four Square Britomart,Four Square St Heliers,Four Square Glen Eden",12,142.1,216,358.1,770.0,148.1,765.26,1535.26,4
Mon_02714,Monday,"Four Square Onehunga,Four Square St Heliers,New World Metro Shore City,Four Square Glen Eden",12,142.1,216,358.1,770.0,148.1,765.27,1535.27,4
Mon_02715,Monday,"Four Square Britomart,Four Square Eden Terrace,Four Square Fair Price Henderson,Four Square Hobsonville",14,106.1,252,358.1,770.0,148.1,765.32,1535.32,4
Mon_02716,Monday,"Four Square Cockle Bay,New World Howick,Four Square Fair Price Henderson",13,124.1,234,358.1,770.0,148.1,765.38,1535.38,3
Mon_02717,Monday,"New World Hobsonville,Four Square Hobsonville,Four Square Britomart",15,88.1,270,358.1,770.0,148.1,765.43,1535.43,3
Mon_02718,Monday,"New World Green Bay,New World Metro Shore City,Four Square Remuera,Four Square Onehunga",14,106.2,252,358.2,770.0,148.2,765.48,1535.48,4
Mon_02719,Monday,"Four Square Ellerslie,New World Browns Bay,New World Metro Shore City",13,124.2,234,358.2,770.0,148.2,765.52,1535.52,3
Mon_02720,Monday,"Four Square Britomart,Four Square Torbay,Four Square Ellerslie,Four Square Onehunga",13,124.2,234,358.2,770.0,148.2,765.54,1535.54,4
Mon_02721,Monday,"Four Square Onehunga,Four Square Pakuranga Heights,Four Square Britomart,New World Green Bay",14,106.2,252,358.2,770.0,148.2,765.69,1535.69,4
Mon_02722,Monday,"New World Remuera,Four Square Remuera,Four Square Glen Eden",15,88.2,270,358.2,770.0,148.2,765.8,1535.8,3
Mon_02723,Monday,"Four Square Pakuranga Heights,New World Metro Queen St,Four Square Britomart,Four Square Hobsonville",13,124.2,234,358.2,770.0,148.2,765.91,1535.91,4
Mon_02724,Monday,"Four Square Lancaster,Four Square Britomart,Four Square Remuera,Four Square Botany Junction",12,142.3,216,358.3,770.0,148.3,766.05,1536.05,4
Mon_02725,Monday,"New World Southmall,Four Square Pakuranga Heights,Four Square Lancaster",12,142.3,216,358.3,770.0,148.3,766.13,1536.13,3
Mon_02726,Monday,"Four Square Cockle Bay,Four Square Remuera,New World Newmarket",14,106.3,252,358.3,770.0,148.3,766.21,1536.21,3
Mon_02727,Monday,"New World Howick,Four Square Ellerslie,Four Square Fair Price Henderson",13,124.3,234,358.3,770.0,148.3,766.21,1536.21,3
Mon_02728,Monday,"Four Square Remuera,New World Browns Bay,New World Metro Shore City",13,124.3,234,358.3,770.0,148.3,766.25,1536.25,3
Mon_02729,Monday,"New World Papatoetoe,Four Square Pakuranga Heights,Four Square St Heliers",14,106.3,252,358.3,770.0,148.3,766.28,1536.28,3
Mon_02730,Monday,"Four Square Fair Price Henderson,Four Square Ellerslie,New World Eastridge",14,106.3,252,358.3,770.0,148.3,766.29,1536.29,3
Mon_02731,Monday,"Four Square Remuera,Four Square St Heliers,Four Square Cockle Bay,Four Square Botany Junction",13,124.3,234,358.3,770.0,148.3,766.33,1536.33,4
Mon_02732,Monday,"Four Square Glen Eden,Four Square Fair Price Henderson,Four Square Ellerslie,Four Square St Heliers",13,124.3,234,358.3,770.0,148.3,766.33,1536.33,4
Mon_02733,Monday,"Four Square Glen Eden,New World Browns Bay,New World Metro Shore City",13,124.3,234,358.3,770.0,148.3,766.34,1536.34,3
Mon_02734,Monday,"Four Square Pakuranga Heights,Four Square Remuera,Four Square Eden Terrace,Four Square Hobsonville",13,124.3,234,358.3,770.0,148.3,766.4,1536.4,4
Mon_02735,Monday,"Four Square Pakuranga Heights,Four Square Ellerslie,Four Square Britomart,New World New Lynn",14,106.3,252,358.3,770.0,148.3,766.42,1536.42,4
Mon_02736,Monday,"Four Square Glen Eden,New World Metro Queen St,Four Square Ellerslie,Four Square Botany Junction",13,124.4,234,358.4,770.0,148.4,766.81,1536.81,4
Mon_02737,Monday,"Four Square Onehunga,Four Square Ellerslie,Four Square Eden Terrace,New World New Lynn",16,70.4,288,358.4,770.0,148.4,766.9,1536.9,4
Mon_02738,Monday,"Four Square Cockle Bay,Four Square Pakuranga Heights,New World Victoria Park",14,106.5,252,358.5,770.0,148.5,767.05,1537.05,3
Mon_02739,Monday,"Four Square Hobsonville,New World Stonefields,Four Square Remuera",14,106.5,252,358.5,770.0,148.5,767.08,1537.08,3
Mon_02740,Monday,"Four Square Pakuranga Heights,Four Square Remuera,Four Square Lancaster,Four Square Hobsonville",12,142.5,216,358.5,770.0,148.5,767.11,1537.11,4
Mon_02741,Monday,"Four Square Ellerslie,Four Square St Heliers,Four Square Lancaster,New World Metro Shore City",12,142.6,216,358.6,770.0,148.6,767.54,1537.54,4
Mon_02742,Monday,"Four Square Cockle Bay,Four Square Ellerslie,Four Square Fair Price Henderson,Four Square Glen Eden",12,142.6,216,358.6,770.0,148.6,767.6,1537.6,4
Mon_02743,Monday,"Four Square Glen Eden,Four Square Torbay,New World Metro Shore City,Four Square Britomart",12,142.6,216,358.6,770.0,148.6,767.71,1537.71,4
Mon_02744,Monday,"New World Metro Shore City,Four Square Britomart,Four Square St Heliers,Four Square Botany Junction",12,142.6,216,358.6,770.0,148.6,767.76,1537.76,4
Mon_02745,Monday,"Four Square Pakuranga Heights,Four Square Botany Junction,Pak 'n Save Papakura",14,106.7,252,358.7,770.0,148.7,768.04,1538.04,3
Mon_02746,Monday,"Four Square Hobsonville,New World Metro Shore City,Four Square Botany Junction,Four Square Onehunga",12,142.7,216,358.7,770.0,148.7,768.24,1538.24,4
Mon_02747,Monday,"Four Square Botany Junction,Four Square Eden Terrace,New World Metro Queen St,New World Metro Shore City",13,124.7,234,358.7,770.0,148.7,768.33,1538.33,4
Mon_02748,Monday,"Four Square Glen Eden,Four Square Britomart,Four Square Cockle Bay,Four Square Botany Junction",12,142.7,216,358.7,770.0,148.7,768.37,1538.37,4
Mon_02749,Monday,"Four Square Glen Eden,Four Square Lancaster,New World Milford",13,124.7,234,358.7,770.0,148.7,768.43,1538.43,3
Mon_02750,Monday,"New World Howick,Four Square Remuera,New World Metro Queen St",14,106.8,252,358.8,770.0,148.8,768.58,1538.58,3
Mon_02751,Monday,"Pak 'n Save Sylvia Park,Four Square St Heliers",15,88.8,270,358.8,770.0,148.8,768.7,1538.7,2
Mon_02752,Monday,"Four Square Pakuranga Heights,Four Square St Heliers,New World Metro Shore City,Four Square Fair Price Henderson",11,160.8,198,358.8,770.0,148.8,768.75,1538.75,4
Mon_02753,Monday,"Four Square Onehunga,Four Square Eden Terrace,Four Square Lancaster,Four Square Fair Price Henderson",13,124.8,234,358.8,770.0,148.8,768.8,1538.8,4
Mon_02754,Monday,"Pak 'n Save Botany,Four Square Eden Terrace",15,88.8,270,358.8,770.0,148.8,768.86,1538.86,2
Mon_02755,Monday,"Four Square Pakuranga Heights,Four Square Remuera,Four Square Hobsonville,Four Square Glen Eden",12,142.8,216,358.8,770.0,148.8,768.86,1538.86,4
Mon_02756,Monday,"New World Howick,Four Square Botany Junction,Four Square Glen Eden",13,124.8,234,358.8,770.0,148.8,768.9,1538.9,3
Mon_02757,Monday,"Four Square Lancaster,Four Square Britomart,Four Square Eden Terrace,Four Square Glen Eden",13,124.8,234,358.8,770.0,148.8,768.97,1538.97,4
Mon_02758,Monday,"Four Square Fair Price Henderson,New World Milford,Four Square Eden Terrace",14,106.9,252,358.9,770.0,148.9,769.1,1539.1,3
Mon_02759,Monday,"New World Howick,Four Square St Heliers,Four Square Onehunga",14,106.9,252,358.9,770.0,148.9,769.22,1539.22,3
Mon_02760,Monday,"Four Square Lancaster,New World Devonport,New World Metro Queen St",13,124.9,234,358.9,770.0,148.9,769.25,1539.25,3
Mon_02761,Monday,"Four Square Hobsonville,Four Square Pakuranga Heights,Four Square Cockle Bay,Four Square Botany Junction",12,142.9,216,358.9,770.0,148.9,769.36,1539.36,4
Mon_02762,Monday,"Four Square Cockle Bay,Four Square Ellerslie,Four Square Britomart,Four Square Fair Price Henderson",12,142.9,216,358.9,770.0,148.9,769.36,1539.36,4
Mon_02763,Monday,"Four Square Fair Price Henderson,New World Metro Shore City,Four Square Remuera,Four Square St Heliers",12,142.9,216,358.9,770.0,148.9,769.49,1539.49,4
Mon_02764,Monday,"Four Square Onehunga,Four Square St Heliers,Four Square Remuera,Four Square Lancaster",13,124.9,234,358.9,770.0,148.9,769.57,1539.57,4
Mon_02765,Monday,"Four Square Fair Price Henderson,New World Metro Shore City,Four Square St Heliers,Four Square Onehunga",12,143.0,216,359.0,770.0,149.0,769.58,1539.58,4
Mon_02766,Monday,"Four Square Onehunga,New World Metro Queen St,Four Square Fair Price Henderson,Four Square Hobsonville",14,107.0,252,359.0,770.0,149.0,769.72,1539.72,4
Mon_02767,Monday,"New World Metro Shore City,Four Square Ellerslie,Pak 'n Save Manukau",14,107.0,252,359.0,770.0,149.0,769.8,1539.8,3
Mon_02768,Monday,"Four Square Cockle Bay,Four Square Remuera,New World Metro Queen St,New World Metro Shore City",12,143.0,216,359.0,770.0,149.0,770.02,1540.02,4
Mon_02769,Monday,"New World Metro Queen St,Four Square Britomart,Four Square Lancaster,Four Square Hobsonville",14,107.1,252,359.1,770.0,149.1,770.19,1540.19,4
Mon_02770,Monday,"Four Square Glen Eden,Four Square Fair Price Henderson,Four Square Lancaster,New World Metro Queen St",13,125.2,234,359.2,770.0,149.2,770.78,1540.78,4
Mon_02771,Monday,"Four Square Ellerslie,Four Square St Heliers,Four Square Cockle Bay,Four Square Botany Junction",13,125.2,234,359.2,770.0,149.2,770.83,1540.83,4
Mon_02772,Monday,"Four Square Britomart,Four Square St Heliers,New World Point Chevalier",15,89.2,270,359.2,770.0,149.2,770.85,1540.85,3
Mon_02773,Monday,"Four Square Glen Eden,Four Square Torbay,New World Metro Shore City,Four Square Onehunga",12,143.2,216,359.2,770.0,149.2,770.86,1540.86,4
Mon_02774,Monday,"Pak 'n Save Lincoln Road,Four Square Lancaster,Four Square Britomart",14,107.2,252,359.2,770.0,149.2,770.87,1540.87,3
Mon_02775,Monday,"New World Metro Shore City,Four Square Remuera,Four Square St Heliers,Four Square Glen Eden",12,143.2,216,359.2,770.0,149.2,770.92,1540.92,4
Mon_02776,Monday,"Four Square Onehunga,Four Square Ellerslie,Four Square St Heliers,Four Square Lancaster",13,125.2,234,359.2,770.0,149.2,771.06,1541.06,4
Mon_02777,Monday,"Four Square Fair Price Henderson,New World Remuera,Four Square Remuera",15,89.3,270,359.3,770.0,149.3,771.15,1541.15,3
Mon_02778,Monday,"Four Square Fair Price Henderson,New World Metro Queen St,Four Square Ellerslie,Four Square Botany Junction",13,125.3,234,359.3,770.0,149.3,771.28,1541.28,4
Mon_02779,Monday,"New World Browns Bay,Four Square Ellerslie,Four Square Onehunga",14,107.3,252,359.3,770.0,149.3,771.3,1541.3,3
Mon_02780,Monday,"Pak 'n Save Lincoln Road,Four Square Ellerslie,Four Square Botany Junction",14,107.4,252,359.4,770.0,149.4,771.74,1541.74,3
Mon_02781,Monday,"Pak 'n Save Highland Park,Four Square Remuera",15,89.4,270,359.4,770.0,149.4,771.86,1541.86,2
Mon_02782,Monday,"Four Square Glen Eden,Four Square Fair Price Henderson,Four Square Cockle Bay,Four Square Botany Junction",12,143.5,216,359.5,770.0,149.5,772.32,1542.32,4
Mon_02783,Monday,"New World Remuera,Four Square Ellerslie,Four Square Botany Junction",15,89.5,270,359.5,770.0,149.5,772.34,1542.34,3
Mon_02784,Monday,"Four Square Lancaster,Four Square St Heliers,Four Square Pakuranga Heights,Four Square Onehunga",12,143.6,216,359.6,770.0,149.6,772.71,1542.71,4
Mon_02785,Monday,"Four Square Glen Eden,Four Square Fair Price Henderson,Four Square Britomart,Four Square St Heliers",13,125.6,234,359.6,770.0,149.6,772.83,1542.83,4
Mon_02786,Monday,"Four Square Fair Price Henderson,Four Square Britomart,Four Square Cockle Bay,Four Square Botany Junction",12,143.6,216,359.6,770.0,149.6,772.84,1542.84,4
Mon_02787,Monday,"New World Howick,Four Square Pakuranga Heights,Four Square Ellerslie,Four Square Onehunga",15,89.6,270,359.6,770.0,149.6,773.09,1543.09,4
Mon_02788,Monday,"Four Square Lancaster,Pak 'n Save Wairau Road,Four Square Ellerslie",14,107.7,252,359.7,770.0,149.7,773.39,1543.39,3
Mon_02789,Monday,"New World Metro Shore City,Four Square Remuera,Four Square St Heliers,Four Square Botany Junction",12,143.7,216,359.7,770.0,149.7,773.41,1543.41,4
Mon_02790,Monday,"New World Howick,Four Square Lancaster,New World Metro Shore City",12,143.7,216,359.7,770.0,149.7,773.48,1543.48,3
Mon_02791,Monday,"Four Square Botany Junction,Four Square Cockle Bay,New World Point Chevalier",14,107.7,252,359.7,770.0,149.7,773.67,1543.67,3
Mon_02792,Monday,"Four Square Fair Price Henderson,New World Metro Shore City,Four Square Ellerslie,Four Square St Heliers",12,143.8,216,359.8,770.0,149.8,773.99,1543.99,4
Mon_02793,Monday,"Four Square Lancaster,Pak 'n Save Wairau Road,Four Square Remuera",14,107.8,252,359.8,770.0,149.8,774.12,1544.12,3
Mon_02794,Monday,"Four Square Britomart,New World Eastridge,Four Square Botany Junction",14,107.9,252,359.9,770.0,149.9,774.35,1544.35,3
Mon_02795,Monday,"Four Square Pakuranga Heights,Pak 'n Save Glen Innes,Four Square Remuera",15,89.9,270,359.9,770.0,149.9,774.46,1544.46,3
Mon_02796,Monday,"New World Stonefields,Four Square St Heliers,New World Metro Queen St",15,89.9,270,359.9,770.0,149.9,774.56,1544.56,3
Mon_02797,Monday,"Four Square Hobsonville,New World Metro Shore City,Four Square Remuera,Four Square Botany Junction",12,143.9,216,359.9,770.0,149.9,774.65,1544.65,4
Mon_02798,Monday,"Four Square Hobsonville,New World Metro Shore City,Four Square Britomart,Four Square Botany Junction",12,144.0,216,360.0,770.0,150.0,774.75,1544.75,4
Mon_02799,Monday,"Four Square Lancaster,Four Square Ellerslie,New World Point Chevalier",14,108.0,252,360.0,770.0,150.0,774.84,1544.84,3
Mon_02800,Monday,"Four Square Eden Terrace,Four Square Britomart,Four Square Torbay,New World Metro Shore City",13,126.0,234,360.0,770.0,150.0,774.87,1544.87,4
Mon_02801,Monday,"Four Square Cockle Bay,Four Square Pakuranga Heights,Four Square Remuera,Four Square Hobsonville",12,144.0,216,360.0,770.0,150.0,774.88,1544.88,4
Mon_02802,Monday,"Four Square Ellerslie,New World Botany,Four Square Botany Junction",15,90.0,270,360.0,770.0,150.0,774.99,1544.99,3
