RouteID,Weekday,Stores,Pallets,DriveMin,UnloadMin,TotalMin,BaseCost,OvertimeMin,OvertimeCost,TotalCost,NStops
Tue_00001,Tuesday,Four Square Onehunga,3,25.9,54,79.9,292.99,0.0,0.0,292.99,1
Tue_00002,Tuesday,Four Square Eden Terrace,3,39.5,54,93.5,342.99,0.0,0.0,342.99,1
Tue_00003,Tuesday,Four Square Britomart,3,48.7,54,102.7,376.72,0.0,0.0,376.72,1
Tue_00004,Tuesday,Four Square Glen Eden,4,42.8,72,114.8,420.77,0.0,0.0,420.77,1
Tue_00005,Tuesday,Four Square Hobsonville,3,61.9,54,115.9,424.94,0.0,0.0,424.94,1
Tue_00006,Tuesday,New World Metro Queen St,4,47.6,72,119.6,438.37,0.0,0.0,438.37,1
Tue_00007,Tuesday,Four Square Fair Price Henderson,4,54.2,72,126.2,462.8,0.0,0.0,462.8,1
Tue_00008,Tuesday,Four Square Ellerslie,4,56.7,72,128.7,471.8,0.0,0.0,471.8,1
Tue_00009,Tuesday,Four Square Remuera,4,56.8,72,128.8,472.32,0.0,0.0,472.32,1
Tue_00010,Tuesday,New World Mt Roskill,7,6.5,126,132.5,486.0,0.0,0.0,486.0,1
Tue_00011,Tuesday,Four Square St Heliers,3,80.0,54,134.0,491.2,0.0,0.0,491.2,1
Tue_00012,Tuesday,Four Square Lancaster,3,80.8,54,134.8,494.13,0.0,0.0,494.13,1
Tue_00013,Tuesday,Four Square Botany Junction,4,67.3,72,139.3,510.95,0.0,0.0,510.95,1
Tue_00014,Tuesday,New World Metro Shore City,4,68.9,72,140.9,516.71,0.0,0.0,516.71,1
Tue_00015,Tuesday,New World Point Chevalier,6,34.7,108,142.7,523.37,0.0,0.0,523.37,1
Tue_00016,Tuesday,Four Square Pakuranga Heights,4,71.4,72,143.4,525.68,0.0,0.0,525.68,1
Tue_00017,Tuesday,New World Newmarket,6,45.6,108,153.6,563.13,0.0,0.0,563.13,1
Tue_00018,Tuesday,New World New Lynn,7,27.7,126,153.7,563.55,0.0,0.0,563.55,1
Tue_00019,Tuesday,New World Green Bay,7,28.8,126,154.8,567.45,0.0,0.0,567.45,1
Tue_00020,Tuesday,"Four Square Onehunga,Four Square Eden Terrace",6,47.2,108,155.2,569.04,0.0,0.0,569.04,2
Tue_00021,Tuesday,"Four Square Britomart,Four Square Eden Terrace",6,53.6,108,161.6,592.37,0.0,0.0,592.37,2
Tue_00022,Tuesday,Four Square Cockle Bay,4,91.8,72,163.8,600.43,0.0,0.0,600.43,1
Tue_00023,Tuesday,"Four Square Onehunga,Four Square Britomart",6,56.3,108,164.3,602.28,0.0,0.0,602.28,2
Tue_00024,Tuesday,New World Mt Albert,8,24.2,144,168.2,616.84,0.0,0.0,616.84,1
Tue_00025,Tuesday,"Four Square Britomart,New World Metro Queen St",7,49.8,126,175.8,644.72,0.0,0.0,644.72,2
Tue_00026,Tuesday,Four Square Torbay,4,104.3,72,176.3,646.34,0.0,0.0,646.34,1
Tue_00027,Tuesday,"Four Square Ellerslie,Four Square Onehunga",7,50.7,126,176.7,647.96,0.0,0.0,647.96,2
Tue_00028,Tuesday,"Four Square Eden Terrace,New World Metro Queen St",7,51.3,126,177.3,649.93,0.0,0.0,649.93,2
Tue_00029,Tuesday,New World Eastridge,6,69.3,108,177.3,649.94,0.0,0.0,649.94,1
Tue_00030,Tuesday,"Four Square Onehunga,Four Square Remuera",7,53.2,126,179.2,657.02,0.0,0.0,657.02,2
Tue_00031,Tuesday,New World Ormiston,6,72.3,108,180.3,661.02,0.0,0.0,661.02,1
Tue_00032,Tuesday,"Four Square Onehunga,New World Metro Queen St",7,54.4,126,180.4,661.5,0.0,0.0,661.5,2
Tue_00033,Tuesday,"Four Square Onehunga,Four Square St Heliers",6,75.2,108,183.2,671.57,0.0,0.0,671.57,2
Tue_00034,Tuesday,"Four Square Onehunga,Four Square Hobsonville",6,76.9,108,184.9,677.81,0.0,0.0,677.81,2
Tue_00035,Tuesday,"Four Square Hobsonville,Four Square Eden Terrace",6,78.0,108,186.0,681.91,0.0,0.0,681.91,2
Tue_00036,Tuesday,"Four Square Ellerslie,Four Square Eden Terrace",7,60.3,126,186.3,683.08,0.0,0.0,683.08,2
Tue_00037,Tuesday,"Four Square Remuera,Four Square Eden Terrace",7,60.4,126,186.4,683.59,0.0,0.0,683.59,2
Tue_00038,Tuesday,"Four Square Onehunga,Four Square Glen Eden",7,62.0,126,188.0,689.46,0.0,0.0,689.46,2
Tue_00039,Tuesday,New World Southmall,7,63.2,126,189.2,693.85,0.0,0.0,693.85,1
Tue_00040,Tuesday,"Four Square Britomart,Four Square St Heliers",6,82.7,108,190.7,699.17,0.0,0.0,699.17,2
Tue_00041,Tuesday,New World Stonefields,7,65.5,126,191.5,702.25,0.0,0.0,702.25,1
Tue_00042,Tuesday,"Four Square Pakuranga Heights,Four Square Onehunga",7,66.1,126,192.1,704.53,0.0,0.0,704.53,2
Tue_00043,Tuesday,"Four Square Eden Terrace,Four Square St Heliers",6,84.5,108,192.5,705.82,0.0,0.0,705.82,2
Tue_00044,Tuesday,New World Papatoetoe,8,50.8,144,194.8,714.14,0.0,0.0,714.14,1
Tue_00045,Tuesday,"Four Square Britomart,Four Square Ellerslie",7,68.9,126,194.9,714.69,0.0,0.0,714.69,2
Tue_00046,Tuesday,"Four Square Britomart,Four Square Remuera",7,69.1,126,195.1,715.2,0.0,0.0,715.2,2
Tue_00047,Tuesday,"Four Square Hobsonville,Four Square Britomart",6,87.2,108,195.2,715.63,0.0,0.0,715.63,2
Tue_00048,Tuesday,"Four Square Onehunga,Four Square Fair Price Henderson",7,69.2,126,195.2,715.68,0.0,0.0,715.68,2
Tue_00049,Tuesday,"Four Square Eden Terrace,Four Square Glen Eden",7,69.3,126,195.3,715.97,0.0,0.0,715.97,2
Tue_00050,Tuesday,"Four Square Fair Price Henderson,Four Square Eden Terrace",7,70.3,126,196.3,719.77,0.0,0.0,719.77,2
Tue_00051,Tuesday,"Four Square Onehunga,Four Square Lancaster",6,89.4,108,197.4,723.78,0.0,0.0,723.78,2
Tue_00052,Tuesday,New World Remuera,8,53.8,144,197.8,725.41,0.0,0.0,725.41,1
Tue_00053,Tuesday,"Four Square Britomart,Four Square Lancaster",6,90.3,108,198.3,727.05,0.0,0.0,727.05,2
Tue_00054,Tuesday,"Four Square Lancaster,Four Square Eden Terrace",6,90.5,108,198.5,727.68,0.0,0.0,727.68,2
Tue_00055,Tuesday,"Four Square Onehunga,Four Square Botany Junction",7,74.5,126,200.5,735.24,0.0,0.0,735.24,2
Tue_00056,Tuesday,"Four Square Pakuranga Heights,Four Square Eden Terrace",7,75.0,126,201.0,736.96,0.0,0.0,736.96,2
Tue_00057,Tuesday,"Four Square Fair Price Henderson,Four Square Hobsonville",7,75.2,126,201.2,737.74,0.0,0.0,737.74,2
Tue_00058,Tuesday,Pak 'n Save Mt Albert,10,21.7,180,201.7,739.4,0.0,0.0,739.4,1
Tue_00059,Tuesday,"Four Square Onehunga,New World Metro Shore City",7,77.6,126,203.6,746.36,0.0,0.0,746.36,2
Tue_00060,Tuesday,"Four Square Lancaster,Four Square Hobsonville",6,96.0,108,204.0,747.84,0.0,0.0,747.84,2
Tue_00061,Tuesday,"Four Square Ellerslie,Four Square Remuera",8,60.3,144,204.3,749.02,0.0,0.0,749.02,2
Tue_00062,Tuesday,"Four Square Britomart,New World Metro Shore City",7,78.4,126,204.4,749.62,0.0,0.0,749.62,2
Tue_00063,Tuesday,"Four Square Britomart,Four Square Glen Eden",7,78.5,126,204.5,749.69,0.0,0.0,749.69,2
Tue_00064,Tuesday,"New World Metro Shore City,Four Square Eden Terrace",7,78.6,126,204.6,750.25,0.0,0.0,750.25,2
Tue_00065,Tuesday,New World Hobsonville,8,61.5,144,205.5,753.49,0.0,0.0,753.49,1
Tue_00066,Tuesday,"Four Square Fair Price Henderson,Four Square Britomart",7,79.5,126,205.5,753.5,0.0,0.0,753.5,2
Tue_00067,Tuesday,"Four Square Remuera,Four Square St Heliers",7,80.6,126,206.6,757.35,0.0,0.0,757.35,2
Tue_00068,Tuesday,"New World Mt Roskill,Four Square Onehunga",10,26.6,180,206.6,757.53,0.0,0.0,757.53,2
Tue_00069,Tuesday,"Four Square Ellerslie,Four Square St Heliers",7,81.4,126,207.4,760.55,0.0,0.0,760.55,2
Tue_00070,Tuesday,"Four Square Eden Terrace,New World Point Chevalier",9,46.1,162,208.1,762.88,0.0,0.0,762.88,2
Tue_00071,Tuesday,"Four Square Glen Eden,Four Square Hobsonville",7,82.4,126,208.4,764.18,0.0,0.0,764.18,2
Tue_00072,Tuesday,New World Victoria Park,9,46.5,162,208.5,764.58,0.0,0.0,764.58,1
Tue_00073,Tuesday,"Four Square Botany Junction,Four Square Eden Terrace",7,82.6,126,208.6,765.02,0.0,0.0,765.02,2
Tue_00074,Tuesday,"New World Metro Queen St,Four Square St Heliers",7,83.5,126,209.5,768.32,0.0,0.0,768.32,2
Tue_00075,Tuesday,"Four Square Pakuranga Heights,Four Square Britomart",7,84.1,126,210.1,770.0,0.1,0.28,770.28,2
Tue_00076,Tuesday,"Four Square Glen Eden,Four Square Fair Price Henderson",8,66.4,144,210.4,770.0,0.4,1.86,771.86,2
Tue_00077,Tuesday,"Four Square Onehunga,New World Newmarket",9,48.6,162,210.6,770.0,0.6,3.34,773.34,2
Tue_00078,Tuesday,"New World Newmarket,Four Square Eden Terrace",9,49.2,162,211.2,770.0,1.2,6.21,776.21,2
Tue_00079,Tuesday,"Four Square Ellerslie,New World Metro Queen St",8,67.5,144,211.5,770.0,1.5,7.81,777.81,2
Tue_00080,Tuesday,"Four Square Remuera,New World Metro Queen St",8,67.7,144,211.7,770.0,1.7,8.53,778.53,2
Tue_00081,Tuesday,"Four Square Onehunga,New World Point Chevalier",9,49.7,162,211.7,770.0,1.7,8.8,778.8,2
Tue_00082,Tuesday,"Four Square Hobsonville,New World Metro Queen St",7,86.0,126,212.0,770.0,2.0,10.27,780.27,2
Tue_00083,Tuesday,"Four Square Cockle Bay,Four Square Onehunga",7,86.5,126,212.5,770.0,2.5,13.07,783.07,2
Tue_00084,Tuesday,New World Birkenhead,8,70.4,144,214.4,770.0,4.4,22.89,792.89,1
Tue_00085,Tuesday,New World Albany,7,89.3,126,215.3,770.0,5.3,27.24,797.24,1
Tue_00086,Tuesday,"Four Square Lancaster,New World Metro Queen St",7,89.3,126,215.3,770.0,5.3,27.29,797.29,2
Tue_00087,Tuesday,"Four Square Britomart,New World Point Chevalier",9,55.3,162,217.3,770.0,7.3,37.49,807.49,2
Tue_00088,Tuesday,"Four Square Hobsonville,New World Metro Shore City",7,91.4,126,217.4,770.0,7.4,38.46,808.46,2
Tue_00089,Tuesday,"Four Square Botany Junction,Four Square Britomart",7,91.7,126,217.7,770.0,7.7,39.83,809.83,2
Tue_00090,Tuesday,"Four Square Pakuranga Heights,Four Square St Heliers",7,92.0,126,218.0,770.0,8.0,41.14,811.14,2
Tue_00091,Tuesday,Pak 'n Save Mangere,10,38.7,180,218.7,770.0,8.7,44.74,814.74,1
Tue_00092,Tuesday,"Four Square Lancaster,New World Metro Shore City",7,92.8,126,218.8,770.0,8.8,45.54,815.54,2
Tue_00093,Tuesday,"Four Square Britomart,New World Newmarket",9,57.8,162,219.8,770.0,9.8,50.74,820.74,2
Tue_00094,Tuesday,"New World Mt Roskill,Four Square Eden Terrace",10,40.2,180,220.2,770.0,10.2,52.87,822.87,2
Tue_00095,Tuesday,"Four Square Hobsonville,Four Square Ellerslie",7,95.1,126,221.1,770.0,11.1,57.38,827.38,2
Tue_00096,Tuesday,"Four Square Hobsonville,Four Square Remuera",7,95.2,126,221.2,770.0,11.2,58.1,828.1,2
Tue_00097,Tuesday,"New World Metro Queen St,Four Square Glen Eden",8,77.3,144,221.3,770.0,11.3,58.27,828.27,2
Tue_00098,Tuesday,"Four Square Cockle Bay,Four Square Eden Terrace",7,95.4,126,221.4,770.0,11.4,58.77,828.77,2
Tue_00099,Tuesday,"New World Metro Shore City,New World Metro Queen St",8,77.4,144,221.4,770.0,11.4,59.1,829.1,2
Tue_00100,Tuesday,New World Browns Bay,7,95.5,126,221.5,770.0,11.5,59.63,829.63,1
Tue_00101,Tuesday,"Four Square Pakuranga Heights,Four Square Ellerslie",8,78.2,144,222.2,770.0,12.2,63.28,833.28,2
Tue_00102,Tuesday,"Four Square Fair Price Henderson,New World Metro Queen St",8,78.3,144,222.3,770.0,12.3,63.62,833.62,2
Tue_00103,Tuesday,"Four Square Pakuranga Heights,Four Square Botany Junction",8,78.8,144,222.8,770.0,12.8,66.18,836.18,2
Tue_00104,Tuesday,"Four Square Onehunga,Four Square Britomart,Four Square Eden Terrace",9,61.1,162,223.1,770.0,13.1,67.55,837.55,3
Tue_00105,Tuesday,New World Botany,8,79.9,144,223.9,770.0,13.9,71.62,841.62,1
Tue_00106,Tuesday,New World Papakura,8,80.6,144,224.6,770.0,14.6,75.57,845.57,1
Tue_00107,Tuesday,"Four Square Pakuranga Heights,Four Square Remuera",8,81.5,144,225.5,770.0,15.5,79.85,849.85,2
Tue_00108,Tuesday,"Four Square Onehunga,New World New Lynn",10,46.2,180,226.2,770.0,16.2,83.48,853.48,2
Tue_00109,Tuesday,"Four Square Pakuranga Heights,New World Metro Queen St",8,82.2,144,226.2,770.0,16.2,83.73,853.73,2
Tue_00110,Tuesday,"Four Square Hobsonville,Four Square St Heliers",6,118.4,108,226.4,770.0,16.4,84.71,854.71,2
Tue_00111,Tuesday,"Four Square Lancaster,Four Square Ellerslie",7,101.5,126,227.5,770.0,17.5,90.18,860.18,2
Tue_00112,Tuesday,"Four Square Ellerslie,Four Square Botany Junction",8,83.5,144,227.5,770.0,17.5,90.23,860.23,2
Tue_00113,Tuesday,"Four Square Lancaster,Four Square Remuera",7,101.6,126,227.6,770.0,17.6,90.9,860.9,2
Tue_00114,Tuesday,"Four Square Onehunga,New World Eastridge",9,66.2,162,228.2,770.0,18.2,94.17,864.17,2
Tue_00115,Tuesday,"Four Square Ellerslie,Four Square Glen Eden",8,86.4,144,230.4,770.0,20.4,105.38,875.38,2
Tue_00116,Tuesday,"Four Square Cockle Bay,Four Square Britomart",7,104.4,126,230.4,770.0,20.4,105.61,875.61,2
Tue_00117,Tuesday,"Four Square Fair Price Henderson,Four Square Lancaster",7,104.5,126,230.5,770.0,20.5,106.04,876.04,2
Tue_00118,Tuesday,"Four Square Remuera,Four Square Glen Eden",8,86.5,144,230.5,770.0,20.5,106.1,876.1,2
Tue_00119,Tuesday,"Four Square Fair Price Henderson,Four Square Ellerslie",8,87.4,144,231.4,770.0,21.4,110.73,880.73,2
Tue_00120,Tuesday,"Four Square Fair Price Henderson,Four Square Remuera",8,87.6,144,231.6,770.0,21.6,111.45,881.45,2
Tue_00121,Tuesday,"Four Square Hobsonville,New World Point Chevalier",9,69.8,162,231.8,770.0,21.8,112.5,882.5,2
Tue_00122,Tuesday,"Four Square Remuera,Four Square Botany Junction",8,88.5,144,232.5,770.0,22.5,116.1,886.1,2
Tue_00123,Tuesday,"Four Square Lancaster,Four Square St Heliers",6,124.7,108,232.7,770.0,22.7,117.51,887.51,2
Tue_00124,Tuesday,"Four Square Botany Junction,Four Square St Heliers",7,107.1,126,233.1,770.0,23.1,119.42,889.42,2
Tue_00125,Tuesday,"Four Square Britomart,New World Metro Queen St,Four Square Eden Terrace",10,53.6,180,233.6,770.0,23.6,121.71,891.71,3
Tue_00126,Tuesday,"New World Metro Shore City,Four Square Ellerslie",8,89.6,144,233.6,770.0,23.6,121.99,891.99,2
Tue_00127,Tuesday,"New World Metro Shore City,Four Square Remuera",8,89.8,144,233.8,770.0,23.8,122.71,892.71,2
Tue_00128,Tuesday,"Four Square Botany Junction,New World Metro Queen St",8,89.9,144,233.9,770.0,23.9,123.27,893.27,2
Tue_00129,Tuesday,"New World Metro Queen St,New World Point Chevalier",10,54.1,180,234.1,770.0,24.1,124.37,894.37,2
Tue_00130,Tuesday,"Four Square Eden Terrace,New World New Lynn",10,54.9,180,234.9,770.0,24.9,128.9,898.9,2
Tue_00131,Tuesday,"Four Square Onehunga,Four Square Ellerslie,Four Square Eden Terrace",10,55.0,180,235.0,770.0,25.0,129.3,899.3,3
Tue_00132,Tuesday,"Four Square Cockle Bay,Four Square Botany Junction",8,91.1,144,235.1,770.0,25.1,129.69,899.69,2
Tue_00133,Tuesday,"Four Square St Heliers,Four Square Glen Eden",7,109.7,126,235.7,770.0,25.7,132.7,902.7,2
Tue_00134,Tuesday,"Four Square Torbay,Four Square Hobsonville",7,109.7,126,235.7,770.0,25.7,132.93,902.93,2
Tue_00135,Tuesday,"Four Square Eden Terrace,New World Eastridge",9,73.8,162,235.8,770.0,25.8,133.26,903.26,2
Tue_00136,Tuesday,New World Devonport,8,91.8,144,235.8,770.0,25.8,133.3,903.3,1
Tue_00137,Tuesday,Pak 'n Save Henderson,10,55.9,180,235.9,770.0,25.9,133.57,903.57,1
Tue_00138,Tuesday,"Four Square Britomart,New World Eastridge",9,74.0,162,236.0,770.0,26.0,134.16,904.16,2
Tue_00139,Tuesday,"New World Newmarket,New World Metro Queen St",10,56.4,180,236.4,770.0,26.4,136.5,906.5,2
Tue_00140,Tuesday,"Four Square Pakuranga Heights,Four Square Hobsonville",7,110.6,126,236.6,770.0,26.6,137.58,907.58,2
Tue_00141,Tuesday,"Four Square Fair Price Henderson,Four Square St Heliers",7,110.7,126,236.7,770.0,26.7,138.06,908.06,2
Tue_00142,Tuesday,"Four Square Onehunga,Four Square Remuera,Four Square Eden Terrace",10,56.8,180,236.8,770.0,26.8,138.51,908.51,3
Tue_00143,Tuesday,"Four Square Torbay,Four Square Britomart",7,110.8,126,236.8,770.0,26.8,138.55,908.55,2
Tue_00144,Tuesday,"Four Square Torbay,Four Square Eden Terrace",7,111.0,126,237.0,770.0,27.0,139.39,909.39,2
Tue_00145,Tuesday,"Four Square Onehunga,New World Metro Queen St,Four Square Britomart",10,57.2,180,237.2,770.0,27.2,140.45,910.45,3
Tue_00146,Tuesday,"Four Square Torbay,Four Square Onehunga",7,111.4,126,237.4,770.0,27.4,141.7,911.7,2
Tue_00147,Tuesday,New World Milford,9,75.5,162,237.5,770.0,27.5,141.84,911.84,1
Tue_00148,Tuesday,"Four Square Glen Eden,Four Square Lancaster",7,111.7,126,237.7,770.0,27.7,143.3,913.3,2
Tue_00149,Tuesday,"Four Square Onehunga,New World Metro Queen St,Four Square Eden Terrace",10,58.1,180,238.1,770.0,28.1,145.36,915.36,3
Tue_00150,Tuesday,"Four Square Cockle Bay,Four Square St Heliers",7,112.2,126,238.2,770.0,28.2,145.69,915.69,2
Tue_00151,Tuesday,"New World Mt Albert,Four Square Eden Terrace",11,40.6,198,238.6,770.0,28.6,147.74,917.74,2
Tue_00152,Tuesday,"Four Square Cockle Bay,Four Square Pakuranga Heights",8,94.6,144,238.6,770.0,28.6,147.92,917.92,2
Tue_00153,Tuesday,"New World Metro Shore City,Four Square St Heliers",7,112.9,126,238.9,770.0,28.9,149.32,919.32,2
Tue_00154,Tuesday,"Four Square Glen Eden,New World Point Chevalier",10,59.2,180,239.2,770.0,29.2,151.05,921.05,2
Tue_00155,Tuesday,"New World Newmarket,Four Square Ellerslie",10,60.4,180,240.4,770.0,30.4,156.84,926.84,2
Tue_00156,Tuesday,"New World Newmarket,Four Square Remuera",10,60.5,180,240.5,770.0,30.5,157.56,927.56,2
Tue_00157,Tuesday,"Four Square Onehunga,New World Stonefields",10,60.7,180,240.7,770.0,30.7,158.69,928.69,2
Tue_00158,Tuesday,"Four Square Onehunga,New World Ormiston",9,79.4,162,241.4,770.0,31.4,162.49,932.49,2
Tue_00159,Tuesday,"Four Square Fair Price Henderson,New World Point Chevalier",10,62.1,180,242.1,770.0,32.1,165.85,935.85,2
Tue_00160,Tuesday,"Four Square Fair Price Henderson,New World Metro Shore City",8,98.4,144,242.4,770.0,32.4,167.23,937.23,2
Tue_00161,Tuesday,"New World Newmarket,Four Square St Heliers",9,80.5,162,242.5,770.0,32.5,168.05,938.05,2
Tue_00162,Tuesday,"Four Square Cockle Bay,Four Square Ellerslie",8,98.6,144,242.6,770.0,32.6,168.61,938.61,2
Tue_00163,Tuesday,Pak 'n Save Royal Oak,12,26.9,216,242.9,770.0,32.9,169.94,939.94,1
Tue_00164,Tuesday,"Four Square Britomart,Four Square Ellerslie,Four Square Onehunga",10,63.0,180,243.0,770.0,33.0,170.28,940.28,3
Tue_00165,Tuesday,"Four Square Ellerslie,New World Point Chevalier",10,63.2,180,243.2,770.0,33.2,171.47,941.47,2
Tue_00166,Tuesday,"Four Square Pakuranga Heights,Four Square Lancaster",7,117.2,126,243.2,770.0,33.2,171.49,941.49,2
Tue_00167,Tuesday,"Four Square Onehunga,Four Square St Heliers,Four Square Britomart",9,81.3,162,243.3,770.0,33.3,172.13,942.13,3
Tue_00168,Tuesday,"Four Square Remuera,New World Point Chevalier",10,63.3,180,243.3,770.0,33.3,172.2,942.2,2
Tue_00169,Tuesday,"Four Square Glen Eden,New World Green Bay",11,45.4,198,243.4,770.0,33.4,172.75,942.75,2
Tue_00170,Tuesday,"Four Square Glen Eden,New World New Lynn",11,45.7,198,243.7,770.0,33.7,174.31,944.31,2
Tue_00171,Tuesday,"Four Square Onehunga,Four Square St Heliers,Four Square Eden Terrace",9,82.0,162,244.0,770.0,34.0,175.85,945.85,3
Tue_00172,Tuesday,"New World Eastridge,Four Square St Heliers",9,82.7,162,244.7,770.0,34.7,179.24,949.24,2
Tue_00173,Tuesday,Pak 'n Save Lincoln Road,11,47.4,198,245.4,770.0,35.4,182.72,952.72,1
Tue_00174,Tuesday,"Four Square Cockle Bay,Four Square Remuera",8,101.8,144,245.8,770.0,35.8,185.18,955.18,2
Tue_00175,Tuesday,"Four Square Onehunga,Four Square Remuera,Four Square Britomart",10,65.9,180,245.9,770.0,35.9,185.35,955.35,3
Tue_00176,Tuesday,"Four Square Hobsonville,New World Newmarket",9,84.0,162,246.0,770.0,36.0,186.06,956.06,2
Tue_00177,Tuesday,"Four Square Cockle Bay,New World Metro Queen St",8,102.6,144,246.6,770.0,36.6,189.06,959.06,2
Tue_00178,Tuesday,New World Long Bay,8,102.6,144,246.6,770.0,36.6,189.18,959.18,1
Tue_00179,Tuesday,"Four Square Pakuranga Heights,Four Square Fair Price Henderson",8,103.0,144,247.0,770.0,37.0,190.93,960.93,2
Tue_00180,Tuesday,New World Howick,9,85.8,162,247.8,770.0,37.8,195.46,965.46,1
Tue_00181,Tuesday,"Four Square Lancaster,Four Square Torbay",7,122.0,126,248.0,770.0,38.0,196.14,966.14,2
Tue_00182,Tuesday,"Four Square Onehunga,Four Square Eden Terrace,Four Square Hobsonville",9,86.5,162,248.5,770.0,38.5,198.67,968.67,3
Tue_00183,Tuesday,"Four Square St Heliers,New World Point Chevalier",9,86.5,162,248.5,770.0,38.5,198.8,968.8,2
Tue_00184,Tuesday,"New World Stonefields,Four Square Eden Terrace",10,69.1,180,249.1,770.0,39.1,202.24,972.24,2
Tue_00185,Tuesday,"Four Square Lancaster,New World Point Chevalier",9,87.3,162,249.3,770.0,39.3,202.94,972.94,2
Tue_00186,Tuesday,"Four Square Onehunga,New World Remuera",11,51.3,198,249.3,770.0,39.3,203.27,973.27,2
Tue_00187,Tuesday,"Four Square Pakuranga Heights,New World Metro Shore City",8,105.3,144,249.3,770.0,39.3,203.3,973.3,2
Tue_00188,Tuesday,"Four Square Britomart,New World Mt Albert",11,51.4,198,249.4,770.0,39.4,203.72,973.72,2
Tue_00189,Tuesday,"New World Ormiston,Four Square Eden Terrace",9,87.6,162,249.6,770.0,39.6,204.44,974.44,2
Tue_00190,Tuesday,"Four Square Eden Terrace,Four Square Britomart,Four Square St Heliers",9,88.0,162,250.0,770.0,40.0,206.5,976.5,3
Tue_00191,Tuesday,"Four Square Lancaster,Four Square Botany Junction",7,124.3,126,250.3,770.0,40.3,207.99,977.99,2
Tue_00192,Tuesday,"Four Square Onehunga,New World Southmall",10,70.4,180,250.4,770.0,40.4,208.76,978.76,2
Tue_00193,Tuesday,Pak 'n Save Wairau Road,10,71.3,180,251.3,770.0,41.3,213.64,983.64,1
Tue_00194,Tuesday,Pak 'n Save Westgate,11,54.0,198,252.0,770.0,42.0,216.91,986.91,1
Tue_00195,Tuesday,"Four Square Remuera,New World Eastridge",10,72.1,180,252.1,770.0,42.1,217.47,987.47,2
Tue_00196,Tuesday,"Four Square Lancaster,New World Newmarket",9,90.4,162,252.4,770.0,42.4,218.87,988.87,2
Tue_00197,Tuesday,"Four Square Britomart,Four Square Ellerslie,Four Square Eden Terrace",10,72.5,180,252.5,770.0,42.5,219.77,989.77,3
Tue_00198,Tuesday,"Four Square Britomart,Four Square Remuera,Four Square Eden Terrace",10,72.7,180,252.7,770.0,42.7,220.49,990.49,3
Tue_00199,Tuesday,"New World Ormiston,Four Square Botany Junction",10,72.8,180,252.8,770.0,42.8,221.13,991.13,2
Tue_00200,Tuesday,"Four Square Onehunga,Four Square Ellerslie,Four Square Remuera",11,55.0,198,253.0,770.0,43.0,222.22,992.22,3
Tue_00201,Tuesday,"Four Square Torbay,New World Metro Queen St",8,109.8,144,253.8,770.0,43.8,226.32,996.32,2
Tue_00202,Tuesday,Pak 'n Save Manukau,11,55.9,198,253.9,770.0,43.9,227.05,997.05,1
Tue_00203,Tuesday,"Four Square Hobsonville,Four Square Britomart,Four Square Eden Terrace",9,92.0,162,254.0,770.0,44.0,227.27,997.27,3
Tue_00204,Tuesday,"New World Metro Queen St,New World Eastridge",10,74.8,180,254.8,770.0,44.8,231.6,1001.6,2
Tue_00205,Tuesday,"New World Metro Shore City,New World Point Chevalier",10,75.4,180,255.4,770.0,45.4,234.75,1004.75,2
Tue_00206,Tuesday,"New World Remuera,Four Square Eden Terrace",11,57.5,198,255.5,770.0,45.5,234.88,1004.88,2
Tue_00207,Tuesday,"Four Square Ellerslie,New World Eastridge",10,75.6,180,255.6,770.0,45.6,235.38,1005.38,2
Tue_00208,Tuesday,"Four Square Onehunga,Four Square Ellerslie,Four Square St Heliers",10,76.2,180,256.2,770.0,46.2,238.46,1008.46,3
Tue_00209,Tuesday,"Four Square Fair Price Henderson,New World Newmarket",10,76.3,180,256.3,770.0,46.3,239.42,1009.42,2
Tue_00210,Tuesday,"New World Metro Shore City,Four Square Botany Junction",8,112.4,144,256.4,770.0,46.4,239.8,1009.8,2
Tue_00211,Tuesday,"Four Square Torbay,New World Metro Shore City",8,112.5,144,256.5,770.0,46.5,240.44,1010.44,2
Tue_00212,Tuesday,"Four Square Onehunga,Four Square Eden Terrace,Four Square Glen Eden",10,76.9,180,256.9,770.0,46.9,242.39,1012.39,3
Tue_00213,Tuesday,"Four Square Onehunga,Four Square Remuera,Four Square St Heliers",10,76.9,180,256.9,770.0,46.9,242.44,1012.44,3
Tue_00214,Tuesday,"Four Square Cockle Bay,Four Square Hobsonville",7,131.0,126,257.0,770.0,47.0,242.91,1012.91,2
Tue_00215,Tuesday,"Four Square Lancaster,Four Square Britomart,Four Square Eden Terrace",9,95.1,162,257.1,770.0,47.1,243.41,1013.41,3
Tue_00216,Tuesday,"Four Square Pakuranga Heights,New World Newmarket",10,77.2,180,257.2,770.0,47.2,243.8,1013.8,2
Tue_00217,Tuesday,"Four Square Onehunga,Four Square Britomart,Four Square Hobsonville",9,95.5,162,257.5,770.0,47.5,245.52,1015.52,3
Tue_00218,Tuesday,"Four Square Onehunga,Four Square Pakuranga Heights,Four Square Eden Terrace",10,77.6,180,257.6,770.0,47.6,246.03,1016.03,3
Tue_00219,Tuesday,"Four Square Britomart,New World Stonefields",10,77.8,180,257.8,770.0,47.8,246.78,1016.78,2
Tue_00220,Tuesday,"Four Square Pakuranga Heights,New World Point Chevalier",10,77.9,180,257.9,770.0,47.9,247.39,1017.39,2
Tue_00221,Tuesday,"New World Metro Shore City,New World Newmarket",10,78.5,180,258.5,770.0,48.5,250.67,1020.67,2
Tue_00222,Tuesday,"New World Ormiston,Four Square Britomart",9,96.6,162,258.6,770.0,48.6,251.29,1021.29,2
Tue_00223,Tuesday,"Four Square Onehunga,Four Square Eden Terrace,Four Square Fair Price Henderson",10,78.8,180,258.8,770.0,48.8,252.03,1022.03,3
Tue_00224,Tuesday,Pak 'n Save Highland Park,10,79.3,180,259.3,770.0,49.3,254.75,1024.75,1
Tue_00225,Tuesday,"New World Metro Queen St,Four Square Ellerslie,Four Square Onehunga",11,61.8,198,259.8,770.0,49.8,257.17,1027.17,3
Tue_00226,Tuesday,"Four Square Onehunga,Four Square Britomart,Four Square Lancaster",9,97.8,162,259.8,770.0,49.8,257.32,1027.32,3
Tue_00227,Tuesday,"New World Southmall,Four Square Eden Terrace",10,80.7,180,260.7,770.0,50.7,262.15,1032.15,2
Tue_00228,Tuesday,"New World Hobsonville,Four Square Hobsonville",11,62.9,198,260.9,770.0,50.9,262.81,1032.81,2
Tue_00229,Tuesday,"Four Square Onehunga,Four Square Lancaster,Four Square Eden Terrace",9,99.1,162,261.1,770.0,51.1,263.96,1033.96,3
Tue_00230,Tuesday,Pak 'n Save Clendon,11,63.5,198,261.5,770.0,51.5,265.85,1035.85,1
Tue_00231,Tuesday,"Four Square Fair Price Henderson,Four Square Torbay",8,117.6,144,261.6,770.0,51.6,266.52,1036.52,2
Tue_00232,Tuesday,"Four Square Onehunga,Four Square St Heliers,New World Metro Queen St",10,81.7,180,261.7,770.0,51.7,266.88,1036.88,3
Tue_00233,Tuesday,"Four Square Ellerslie,Four Square Remuera,Four Square Eden Terrace",11,63.9,198,261.9,770.0,51.9,268.15,1038.15,3
Tue_00234,Tuesday,"Four Square Onehunga,Four Square Remuera,New World Metro Queen St",11,64.0,198,262.0,770.0,52.0,268.8,1038.8,3
Tue_00235,Tuesday,"New World Newmarket,Four Square Botany Junction",10,83.2,180,263.2,770.0,53.2,274.65,1044.65,2
Tue_00236,Tuesday,"New World Metro Shore City,Four Square Britomart,Four Square Eden Terrace",10,83.3,180,263.3,770.0,53.3,275.22,1045.22,3
Tue_00237,Tuesday,"Four Square Britomart,Four Square Eden Terrace,Four Square Glen Eden",10,83.3,180,263.3,770.0,53.3,275.27,1045.27,3
Tue_00238,Tuesday,"New World Stonefields,Four Square St Heliers",10,83.4,180,263.4,770.0,53.4,275.98,1045.98,2
Tue_00239,Tuesday,Pak 'n Save Sylvia Park,11,65.5,198,263.5,770.0,53.5,276.38,1046.38,1
Tue_00240,Tuesday,"Four Square Pakuranga Heights,New World Ormiston",10,83.5,180,263.5,770.0,53.5,276.42,1046.42,2
Tue_00241,Tuesday,"Four Square Cockle Bay,Four Square Lancaster",7,137.6,126,263.6,770.0,53.6,276.82,1046.82,2
Tue_00242,Tuesday,"Four Square Britomart,New World Remuera",11,66.1,198,264.1,770.0,54.1,279.41,1049.41,2
Tue_00243,Tuesday,"New World Metro Queen St,Four Square Britomart,Four Square St Heliers",10,84.3,180,264.3,770.0,54.3,280.4,1050.4,3
Tue_00244,Tuesday,"Four Square Fair Price Henderson,Four Square Britomart,Four Square Eden Terrace",10,84.3,180,264.3,770.0,54.3,280.62,1050.62,3
Tue_00245,Tuesday,"Four Square Ellerslie,New World Stonefields",11,67.0,198,265.0,770.0,55.0,284.07,1054.07,2
Tue_00246,Tuesday,"Four Square Eden Terrace,Four Square Remuera,Four Square St Heliers",10,85.1,180,265.1,770.0,55.1,284.61,1054.61,3
Tue_00247,Tuesday,"Four Square Eden Terrace,Four Square Ellerslie,Four Square St Heliers",10,86.0,180,266.0,770.0,56.0,289.11,1059.11,3
Tue_00248,Tuesday,"Four Square Onehunga,Four Square Britomart,New World Metro Shore City",10,86.0,180,266.0,770.0,56.0,289.13,1059.13,3
Tue_00249,Tuesday,"Four Square Torbay,Four Square Ellerslie",8,122.0,144,266.0,770.0,56.0,289.21,1059.21,2
Tue_00250,Tuesday,"Four Square Onehunga,Four Square Britomart,Four Square Glen Eden",10,86.0,180,266.0,770.0,56.0,289.23,1059.23,3
Tue_00251,Tuesday,"New World Stonefields,Four Square Remuera",11,68.0,198,266.0,770.0,56.0,289.52,1059.52,2
Tue_00252,Tuesday,"Four Square Torbay,Four Square Remuera",8,122.1,144,266.1,770.0,56.1,289.93,1059.93,2
Tue_00253,Tuesday,"Four Square Onehunga,Four Square Lancaster,Four Square Hobsonville",9,104.6,162,266.6,770.0,56.6,292.38,1062.38,3
Tue_00254,Tuesday,"Four Square Britomart,Four Square St Heliers,Four Square Remuera",10,86.7,180,266.7,770.0,56.7,292.7,1062.7,3
Tue_00255,Tuesday,"Four Square Onehunga,Four Square Pakuranga Heights,Four Square Britomart",10,86.7,180,266.7,770.0,56.7,292.87,1062.87,3
Tue_00256,Tuesday,"Four Square Eden Terrace,New World Metro Queen St,Four Square St Heliers",10,87.2,180,267.2,770.0,57.2,295.73,1065.73,3
Tue_00257,Tuesday,"Four Square Onehunga,New World Metro Shore City,Four Square Eden Terrace",10,87.2,180,267.2,770.0,57.2,295.77,1065.77,3
Tue_00258,Tuesday,"Four Square Britomart,Four Square Lancaster,Four Square Hobsonville",9,105.5,162,267.5,770.0,57.5,296.97,1066.97,3
Tue_00259,Tuesday,"Four Square Ellerslie,Four Square St Heliers,Four Square Britomart",10,87.6,180,267.6,770.0,57.6,297.51,1067.51,3
Tue_00260,Tuesday,"New World Victoria Park,Four Square Eden Terrace",12,51.7,216,267.7,770.0,57.7,298.18,1068.18,2
Tue_00261,Tuesday,"Four Square Onehunga,Four Square Britomart,Four Square Fair Price Henderson",10,87.8,180,267.8,770.0,57.8,298.87,1068.87,3
Tue_00262,Tuesday,"Four Square Britomart,New World Metro Queen St,Four Square Ellerslie",11,70.0,198,268.0,770.0,58.0,299.7,1069.7,3
Tue_00263,Tuesday,"New World Newmarket,New World Point Chevalier",12,52.1,216,268.1,770.0,58.1,300.16,1070.16,2
Tue_00264,Tuesday,"Four Square Britomart,New World Metro Queen St,Four Square Remuera",11,70.1,198,268.1,770.0,58.1,300.42,1070.42,3
Tue_00265,Tuesday,"Four Square Pakuranga Heights,New World Eastridge",10,88.3,180,268.3,770.0,58.3,301.01,1071.01,2
Tue_00266,Tuesday,"Four Square Hobsonville,Four Square Britomart,New World Metro Queen St",10,88.3,180,268.3,770.0,58.3,301.03,1071.03,3
Tue_00267,Tuesday,"Four Square Onehunga,New World Newmarket,Four Square Eden Terrace",12,52.3,216,268.3,770.0,58.3,301.05,1071.05,3
Tue_00268,Tuesday,"Four Square Ellerslie,New World Ormiston",10,88.4,180,268.4,770.0,58.4,301.69,1071.69,2
Tue_00269,Tuesday,"Four Square Pakuranga Heights,Four Square Britomart,Four Square Eden Terrace",10,88.9,180,268.9,770.0,58.9,304.16,1074.16,3
Tue_00270,Tuesday,"Four Square Hobsonville,Four Square Ellerslie,Four Square Onehunga",10,89.1,180,269.1,770.0,59.1,305.6,1075.6,3
Tue_00271,Tuesday,"Four Square Ellerslie,New World Metro Queen St,Four Square Eden Terrace",11,71.2,198,269.2,770.0,59.2,306.06,1076.06,3
Tue_00272,Tuesday,"Four Square Hobsonville,Four Square Lancaster,Four Square Eden Terrace",9,107.3,162,269.3,770.0,59.3,306.35,1076.35,3
Tue_00273,Tuesday,"Four Square Remuera,New World Metro Queen St,Four Square Eden Terrace",11,71.4,198,269.4,770.0,59.4,306.78,1076.78,3
Tue_00274,Tuesday,"Four Square Hobsonville,Four Square Eden Terrace,New World Metro Queen St",10,89.7,180,269.7,770.0,59.7,308.37,1078.37,3
Tue_00275,Tuesday,"Four Square Onehunga,Four Square Eden Terrace,New World Point Chevalier",12,53.7,216,269.7,770.0,59.7,308.49,1078.49,3
Tue_00276,Tuesday,"Four Square Cockle Bay,New World Metro Shore City",8,125.7,144,269.7,770.0,59.7,308.63,1078.63,2
Tue_00277,Tuesday,"Four Square Onehunga,Four Square Botany Junction,Four Square Eden Terrace",10,89.8,180,269.8,770.0,59.8,309.04,1079.04,3
Tue_00278,Tuesday,"New World Victoria Park,Four Square Britomart",12,53.8,216,269.8,770.0,59.8,309.2,1079.2,2
Tue_00279,Tuesday,"Four Square Onehunga,Four Square Fair Price Henderson,Four Square Hobsonville",10,90.2,180,270.2,770.0,60.2,310.86,1080.86,3
Tue_00280,Tuesday,"Four Square Pakuranga Heights,Four Square Ellerslie,Four Square Onehunga",11,72.3,198,270.3,770.0,60.3,311.5,1081.5,3
Tue_00281,Tuesday,"Four Square Britomart,Four Square Ellerslie,Four Square Remuera",11,72.5,198,270.5,770.0,60.5,312.69,1082.69,3
Tue_00282,Tuesday,"Four Square Torbay,Four Square St Heliers",7,145.3,126,271.3,770.0,61.3,316.54,1086.54,2
Tue_00283,Tuesday,"Four Square Fair Price Henderson,Four Square Hobsonville,Four Square Eden Terrace",10,91.3,180,271.3,770.0,61.3,316.63,1086.63,3
Tue_00284,Tuesday,"Four Square Lancaster,Four Square Britomart,New World Metro Queen St",10,91.4,180,271.4,770.0,61.4,317.16,1087.16,3
Tue_00285,Tuesday,Pak 'n Save Ormiston,11,73.6,198,271.6,770.0,61.6,318.37,1088.37,1
Tue_00286,Tuesday,"Four Square Onehunga,Four Square Remuera,Four Square Hobsonville",10,92.4,180,272.4,770.0,62.4,322.65,1092.65,3
Tue_00287,Tuesday,"Four Square Pakuranga Heights,Four Square St Heliers,Four Square Onehunga",10,92.6,180,272.6,770.0,62.6,323.27,1093.27,3
Tue_00288,Tuesday,"Four Square Lancaster,New World Metro Queen St,Four Square Eden Terrace",10,93.0,180,273.0,770.0,63.0,325.54,1095.54,3
Tue_00289,Tuesday,"Four Square Remuera,New World Ormiston",10,93.4,180,273.4,770.0,63.4,327.56,1097.56,2
Tue_00290,Tuesday,"Four Square Onehunga,New World Metro Queen St,Four Square Hobsonville",10,93.7,180,273.7,770.0,63.7,328.96,1098.96,3
Tue_00291,Tuesday,"New World Ormiston,Four Square St Heliers",9,112.0,162,274.0,770.0,64.0,330.88,1100.88,2
Tue_00292,Tuesday,"New World Stonefields,New World Metro Queen St",11,76.4,198,274.4,770.0,64.4,332.53,1102.53,2
Tue_00293,Tuesday,"New World Remuera,Four Square Remuera",12,58.5,216,274.5,770.0,64.5,333.24,1103.24,2
Tue_00294,Tuesday,"New World Albany,Four Square Hobsonville",10,94.7,180,274.7,770.0,64.7,334.42,1104.42,2
Tue_00295,Tuesday,"Four Square Lancaster,Four Square Ellerslie,Four Square Onehunga",10,95.5,180,275.5,770.0,65.5,338.41,1108.41,3
Tue_00296,Tuesday,"Four Square Cockle Bay,New World Ormiston",10,95.7,180,275.7,770.0,65.7,339.42,1109.42,2
Tue_00297,Tuesday,"New World Albany,Four Square Britomart",10,95.8,180,275.8,770.0,65.8,340.04,1110.04,2
Tue_00298,Tuesday,Pak 'n Save Papakura,11,77.9,198,275.9,770.0,65.9,340.28,1110.28,1
Tue_00299,Tuesday,"New World Albany,Four Square Eden Terrace",10,96.0,180,276.0,770.0,66.0,340.88,1110.88,2
Tue_00300,Tuesday,"Four Square Lancaster,New World Eastridge",9,114.0,162,276.0,770.0,66.0,341.2,1111.2,2
Tue_00301,Tuesday,"Four Square Britomart,Four Square Eden Terrace,New World Point Chevalier",12,60.1,216,276.1,770.0,66.1,341.37,1111.37,3
Tue_00302,Tuesday,"Four Square Onehunga,Four Square Ellerslie,Four Square Botany Junction",11,78.2,198,276.2,770.0,66.2,342.01,1112.01,3
Tue_00303,Tuesday,"Four Square Onehunga,Four Square St Heliers,Four Square Hobsonville",9,114.4,162,276.4,770.0,66.4,343.15,1113.15,3
Tue_00304,Tuesday,"Four Square Botany Junction,Four Square Britomart,Four Square Eden Terrace",10,96.5,180,276.5,770.0,66.5,343.71,1113.71,3
Tue_00305,Tuesday,"Four Square Onehunga,New World Metro Queen St,Four Square Lancaster",10,96.6,180,276.6,770.0,66.6,344.15,1114.15,3
Tue_00306,Tuesday,"Four Square Onehunga,New World Botany",11,78.6,198,276.6,770.0,66.6,344.29,1114.29,2
Tue_00307,Tuesday,"New World Southmall,Four Square Botany Junction",11,78.7,198,276.7,770.0,66.7,344.71,1114.71,2
Tue_00308,Tuesday,"Four Square Onehunga,New World Newmarket,Four Square Britomart",12,61.3,216,277.3,770.0,67.3,347.89,1117.89,3
Tue_00309,Tuesday,"Four Square Pakuranga Heights,Four Square Remuera,Four Square Onehunga",11,79.3,198,277.3,770.0,67.3,347.93,1117.93,3
Tue_00310,Tuesday,"Four Square Britomart,New World Newmarket,Four Square Eden Terrace",12,61.4,216,277.4,770.0,67.4,348.45,1118.45,3
Tue_00311,Tuesday,"New World Metro Shore City,Four Square Britomart,New World Metro Queen St",11,79.5,198,277.5,770.0,67.5,348.97,1118.97,3
Tue_00312,Tuesday,"Four Square Britomart,New World Metro Queen St,Four Square Glen Eden",11,79.6,198,277.6,770.0,67.6,349.03,1119.03,3
Tue_00313,Tuesday,"Four Square Cockle Bay,New World Newmarket",10,97.6,180,277.6,770.0,67.6,349.13,1119.13,2
Tue_00314,Tuesday,"Four Square Britomart,New World Birkenhead",11,80.0,198,278.0,770.0,68.0,351.08,1121.08,2
Tue_00315,Tuesday,"Four Square Ellerslie,New World Remuera",12,62.0,216,278.0,770.0,68.0,351.22,1121.22,2
Tue_00316,Tuesday,"Four Square Onehunga,Four Square Cockle Bay,Four Square Eden Terrace",10,98.0,180,278.0,770.0,68.0,351.36,1121.36,3
Tue_00317,Tuesday,"New World Birkenhead,Four Square Eden Terrace",11,80.1,198,278.1,770.0,68.1,351.97,1121.97,2
Tue_00318,Tuesday,"Four Square Pakuranga Heights,Four Square St Heliers,Four Square Britomart",10,98.1,180,278.1,770.0,68.1,351.97,1121.97,3
Tue_00319,Tuesday,"Four Square Pakuranga Heights,New World Stonefields",11,80.2,198,278.2,770.0,68.2,352.21,1122.21,2
Tue_00320,Tuesday,"Four Square Cockle Bay,New World Point Chevalier",10,98.3,180,278.3,770.0,68.3,352.72,1122.72,2
Tue_00321,Tuesday,"Four Square Glen Eden,Four Square Hobsonville,Four Square Onehunga",10,98.4,180,278.4,770.0,68.4,353.27,1123.27,3
Tue_00322,Tuesday,"Four Square Glen Eden,Four Square Hobsonville,Four Square Eden Terrace",10,98.5,180,278.5,770.0,68.5,353.89,1123.89,3
Tue_00323,Tuesday,"Four Square Fair Price Henderson,Four Square Britomart,New World Metro Queen St",11,80.6,198,278.6,770.0,68.6,354.38,1124.38,3
Tue_00324,Tuesday,"Four Square Glen Eden,Four Square Ellerslie,Four Square Onehunga",11,80.6,198,278.6,770.0,68.6,354.49,1124.49,3
Tue_00325,Tuesday,Pak 'n Save Glen Innes,11,80.7,198,278.7,770.0,68.7,355.06,1125.06,1
Tue_00326,Tuesday,"Four Square Hobsonville,Four Square Ellerslie,Four Square Eden Terrace",10,98.7,180,278.7,770.0,68.7,355.09,1125.09,3
Tue_00327,Tuesday,"Four Square Onehunga,Four Square Britomart,New World Point Chevalier",12,62.8,216,278.8,770.0,68.8,355.33,1125.33,3
Tue_00328,Tuesday,"Four Square Pakuranga Heights,Four Square St Heliers,Four Square Eden Terrace",10,98.8,180,278.8,770.0,68.8,355.69,1125.69,3
Tue_00329,Tuesday,"Four Square Hobsonville,Four Square Remuera,Four Square Eden Terrace",10,98.9,180,278.9,770.0,68.9,355.81,1125.81,3
Tue_00330,Tuesday,"Four Square Onehunga,Four Square Botany Junction,Four Square Britomart",10,98.9,180,278.9,770.0,68.9,355.88,1125.88,3
Tue_00331,Tuesday,"Four Square Eden Terrace,New World Metro Queen St,Four Square Glen Eden",11,81.0,198,279.0,770.0,69.0,356.37,1126.37,3
Tue_00332,Tuesday,"Four Square Onehunga,Four Square Remuera,Four Square Lancaster",10,99.0,180,279.0,770.0,69.0,356.56,1126.56,3
Tue_00333,Tuesday,"New World Metro Shore City,New World Metro Queen St,Four Square Eden Terrace",11,81.2,198,279.2,770.0,69.2,357.35,1127.35,3
Tue_00334,Tuesday,"Four Square Onehunga,Four Square Pakuranga Heights,Four Square Botany Junction",11,81.4,198,279.4,770.0,69.4,358.77,1128.77,3
Tue_00335,Tuesday,"Four Square Fair Price Henderson,Four Square Ellerslie,Four Square Onehunga",11,81.5,198,279.5,770.0,69.5,358.96,1128.96,3
Tue_00336,Tuesday,"Four Square Onehunga,Four Square Fair Price Henderson,Four Square Glen Eden",11,81.5,198,279.5,770.0,69.5,359.25,1129.25,3
Tue_00337,Tuesday,"New World Remuera,Four Square St Heliers",11,81.5,198,279.5,770.0,69.5,359.31,1129.31,2
Tue_00338,Tuesday,"Four Square Pakuranga Heights,Four Square Ellerslie,Four Square Eden Terrace",11,81.9,198,279.9,770.0,69.9,360.98,1130.98,3
Tue_00339,Tuesday,"Four Square Fair Price Henderson,Four Square Eden Terrace,New World Metro Queen St",11,82.0,198,280.0,770.0,70.0,361.72,1131.72,3
Tue_00340,Tuesday,"Four Square Glen Eden,Four Square Fair Price Henderson,Four Square Eden Terrace",11,82.4,198,280.4,770.0,70.4,363.95,1133.95,3
Tue_00341,Tuesday,"Four Square Fair Price Henderson,Four Square Hobsonville,Four Square Britomart",10,100.5,180,280.5,770.0,70.5,364.15,1134.15,3
Tue_00342,Tuesday,"New World Remuera,New World Metro Queen St",12,64.7,216,280.7,770.0,70.7,365.17,1135.17,2
Tue_00343,Tuesday,"New World Birkenhead,Four Square Lancaster",11,82.8,198,280.8,770.0,70.8,365.55,1135.55,2
Tue_00344,Tuesday,"Four Square Onehunga,Four Square Remuera,Four Square Glen Eden",11,82.9,198,280.9,770.0,70.9,366.36,1136.36,3
Tue_00345,Tuesday,"Four Square Hobsonville,New World Metro Shore City,Four Square Britomart",10,101.0,180,281.0,770.0,71.0,366.7,1136.7,3
Tue_00346,Tuesday,"New World Browns Bay,Four Square Hobsonville",10,101.0,180,281.0,770.0,71.0,366.81,1136.81,2
Tue_00347,Tuesday,"Four Square Ellerslie,New World Southmall",11,83.0,198,281.0,770.0,71.0,366.98,1136.98,2
Tue_00348,Tuesday,"Four Square Hobsonville,New World Metro Shore City,Four Square Eden Terrace",10,101.1,180,281.1,770.0,71.1,367.54,1137.54,3
Tue_00349,Tuesday,"Four Square Onehunga,Four Square Lancaster,New World Metro Shore City",10,101.4,180,281.4,770.0,71.4,369.14,1139.14,3
Tue_00350,Tuesday,"Four Square Onehunga,New World Metro Shore City,Four Square Hobsonville",10,101.5,180,281.5,770.0,71.5,369.35,1139.35,3
Tue_00351,Tuesday,"New World Metro Shore City,Four Square Ellerslie,Four Square Onehunga",11,83.7,198,281.7,770.0,71.7,370.21,1140.21,3
Tue_00352,Tuesday,"Four Square Ellerslie,Four Square Remuera,Four Square St Heliers",11,84.0,198,282.0,770.0,72.0,372.08,1142.08,3
Tue_00353,Tuesday,"New World Browns Bay,Four Square Britomart",10,102.1,180,282.1,770.0,72.1,372.42,1142.42,2
Tue_00354,Tuesday,"Four Square Onehunga,New World Metro Queen St,Four Square Glen Eden",11,84.1,198,282.1,770.0,72.1,372.68,1142.68,3
Tue_00355,Tuesday,"Four Square Botany Junction,New World Eastridge",10,102.1,180,282.1,770.0,72.1,372.76,1142.76,2
Tue_00356,Tuesday,"New World Metro Shore City,New World Eastridge",10,102.2,180,282.2,770.0,72.2,373.01,1143.01,2
Tue_00357,Tuesday,"New World Browns Bay,Four Square Eden Terrace",10,102.2,180,282.2,770.0,72.2,373.26,1143.26,2
Tue_00358,Tuesday,"Four Square Britomart,Four Square Lancaster,New World Metro Shore City",10,102.3,180,282.3,770.0,72.3,373.73,1143.73,3
Tue_00359,Tuesday,"Four Square Lancaster,New World Metro Shore City,Four Square Eden Terrace",10,102.5,180,282.5,770.0,72.5,374.62,1144.62,3
Tue_00360,Tuesday,"Four Square Onehunga,New World Metro Queen St,New World Metro Shore City",11,84.8,198,282.8,770.0,72.8,375.96,1145.96,3
Tue_00361,Tuesday,"Four Square Onehunga,Four Square Remuera,Four Square Fair Price Henderson",11,84.8,198,282.8,770.0,72.8,376.0,1146.0,3
Tue_00362,Tuesday,"Four Square Onehunga,Four Square Pakuranga Heights,New World Metro Queen St",11,84.8,198,282.8,770.0,72.8,376.32,1146.32,3
Tue_00363,Tuesday,"Four Square Onehunga,Four Square Remuera,Four Square Botany Junction",11,84.8,198,282.8,770.0,72.8,376.36,1146.36,3
Tue_00364,Tuesday,"Four Square Pakuranga Heights,New World Metro Queen St,Four Square Britomart",11,85.0,198,283.0,770.0,73.0,377.06,1147.06,3
Tue_00365,Tuesday,"Four Square Pakuranga Heights,Four Square Remuera,Four Square Eden Terrace",11,85.1,198,283.1,770.0,73.1,377.55,1147.55,3
Tue_00366,Tuesday,"Four Square Hobsonville,Four Square Britomart,Four Square St Heliers",9,121.1,162,283.1,770.0,73.1,377.75,1147.75,3
Tue_00367,Tuesday,"Four Square Pakuranga Heights,Four Square Torbay",8,139.3,144,283.3,770.0,73.3,378.88,1148.88,2
Tue_00368,Tuesday,"Four Square Pakuranga Heights,New World Metro Queen St,Four Square Eden Terrace",11,85.9,198,283.9,770.0,73.9,381.97,1151.97,3
Tue_00369,Tuesday,"Four Square Onehunga,New World Metro Queen St,Four Square Fair Price Henderson",11,86.0,198,284.0,770.0,74.0,382.32,1152.32,3
Tue_00370,Tuesday,"Four Square Onehunga,Four Square St Heliers,Four Square Glen Eden",10,104.9,180,284.9,770.0,74.9,386.86,1156.86,3
Tue_00371,Tuesday,"Four Square Hobsonville,Four Square Eden Terrace,Four Square St Heliers",9,122.9,162,284.9,770.0,74.9,387.13,1157.13,3
Tue_00372,Tuesday,"New World Metro Queen St,Four Square Lancaster,Four Square Hobsonville",10,104.9,180,284.9,770.0,74.9,387.24,1157.24,3
Tue_00373,Tuesday,"Four Square Remuera,Four Square St Heliers,New World Metro Queen St",11,87.0,198,285.0,770.0,75.0,387.75,1157.75,3
Tue_00374,Tuesday,"Four Square Lancaster,Four Square Ellerslie,Four Square Eden Terrace",10,105.1,180,285.1,770.0,75.1,387.89,1157.89,3
Tue_00375,Tuesday,"Four Square Onehunga,Four Square Remuera,New World Metro Shore City",11,87.2,198,285.2,770.0,75.2,388.37,1158.37,3
Tue_00376,Tuesday,"New World Southmall,Four Square Remuera",11,87.2,198,285.2,770.0,75.2,388.56,1158.56,2
Tue_00377,Tuesday,"New World Southmall,Four Square St Heliers",10,105.2,180,285.2,770.0,75.2,388.59,1158.59,2
Tue_00378,Tuesday,"Four Square Lancaster,Four Square Remuera,Four Square Eden Terrace",10,105.2,180,285.2,770.0,75.2,388.61,1158.61,3
Tue_00379,Tuesday,"Four Square Glen Eden,Four Square Fair Price Henderson,Four Square Hobsonville",11,87.3,198,285.3,770.0,75.3,389.27,1159.27,3
Tue_00380,Tuesday,"Four Square Onehunga,Four Square St Heliers,Four Square Botany Junction",10,105.4,180,285.4,770.0,75.4,389.36,1159.36,3
Tue_00381,Tuesday,Pak 'n Save Albany,11,87.7,198,285.7,770.0,75.7,390.94,1160.94,1
Tue_00382,Tuesday,"New World Botany,Four Square Eden Terrace",11,87.9,198,285.9,770.0,75.9,391.92,1161.92,2
Tue_00383,Tuesday,"Four Square Ellerslie,Four Square St Heliers,New World Metro Queen St",11,87.9,198,285.9,770.0,75.9,392.25,1162.25,3
Tue_00384,Tuesday,"Four Square Eden Terrace,Four Square Ellerslie,Four Square Botany Junction",11,88.0,198,286.0,770.0,76.0,392.66,1162.66,3
Tue_00385,Tuesday,"New World Victoria Park,New World Metro Queen St",13,52.1,234,286.1,770.0,76.1,393.29,1163.29,2
Tue_00386,Tuesday,"New World Newmarket,New World Eastridge",12,70.2,216,286.2,770.0,76.2,393.88,1163.88,2
Tue_00387,Tuesday,"Four Square Lancaster,Four Square Britomart,Four Square St Heliers",9,124.2,162,286.2,770.0,76.2,393.89,1163.89,3
Tue_00388,Tuesday,"Four Square Onehunga,Four Square St Heliers,Four Square Lancaster",9,124.2,162,286.2,770.0,76.2,393.9,1163.9,3
Tue_00389,Tuesday,"New World Papatoetoe,Four Square Botany Junction",12,70.4,216,286.4,770.0,76.4,394.96,1164.96,2
Tue_00390,Tuesday,"Four Square Onehunga,Four Square St Heliers,Four Square Fair Price Henderson",10,106.7,180,286.7,770.0,76.7,396.5,1166.5,3
Tue_00391,Tuesday,"Four Square Lancaster,New World Albany",10,107.0,180,287.0,770.0,77.0,397.63,1167.63,2
Tue_00392,Tuesday,"Four Square Onehunga,Four Square Cockle Bay,Four Square Britomart",10,107.1,180,287.1,770.0,77.1,398.2,1168.2,3
Tue_00393,Tuesday,"Four Square Ellerslie,Four Square Remuera,New World Metro Queen St",12,71.1,216,287.1,770.0,77.1,398.44,1168.44,3
Tue_00394,Tuesday,"Four Square Hobsonville,Four Square Britomart,Four Square Ellerslie",10,107.3,180,287.3,770.0,77.3,399.62,1169.62,3
Tue_00395,Tuesday,"Four Square Cockle Bay,Four Square Pakuranga Heights,Four Square Onehunga",11,89.4,198,287.4,770.0,77.4,399.93,1169.93,3
Tue_00396,Tuesday,"Four Square Hobsonville,Four Square Britomart,Four Square Remuera",10,107.5,180,287.5,770.0,77.5,400.35,1170.35,3
Tue_00397,Tuesday,"Four Square Glen Eden,Four Square Hobsonville,Four Square Britomart",10,107.7,180,287.7,770.0,77.7,401.41,1171.41,3
Tue_00398,Tuesday,"Four Square Ellerslie,Four Square Eden Terrace,Four Square Glen Eden",11,90.0,198,288.0,770.0,78.0,403.08,1173.08,3
Tue_00399,Tuesday,"Four Square Onehunga,New World Eastridge,Four Square Eden Terrace",12,72.1,216,288.1,770.0,78.1,403.5,1173.5,3
Tue_00400,Tuesday,"Four Square Pakuranga Heights,New World Southmall",11,90.1,198,288.1,770.0,78.1,403.55,1173.55,2
Tue_00401,Tuesday,"Four Square Remuera,Four Square Eden Terrace,Four Square Glen Eden",11,90.2,198,288.2,770.0,78.2,403.81,1173.81,3
Tue_00402,Tuesday,"New World Papatoetoe,Four Square Ellerslie",12,72.2,216,288.2,770.0,78.2,404.03,1174.03,2
Tue_00403,Tuesday,"New World Mt Roskill,Four Square Britomart,Four Square Eden Terrace",13,54.2,234,288.2,770.0,78.2,404.28,1174.28,3
Tue_00404,Tuesday,"Four Square Onehunga,New World Eastridge,Four Square Britomart",12,72.4,216,288.4,770.0,78.4,405.0,1175.0,3
Tue_00405,Tuesday,"New World Newmarket,Four Square Ellerslie,Four Square Onehunga",13,54.4,234,288.4,770.0,78.4,405.06,1175.06,3
Tue_00406,Tuesday,"Four Square Cockle Bay,New World Eastridge",10,108.5,180,288.5,770.0,78.5,405.56,1175.56,2
Tue_00407,Tuesday,"Four Square Pakuranga Heights,Four Square Ellerslie,Four Square Britomart",11,90.9,198,288.9,770.0,78.9,407.83,1177.83,3
Tue_00408,Tuesday,"Four Square Fair Price Henderson,Four Square Ellerslie,Four Square Eden Terrace",11,91.1,198,289.1,770.0,79.1,408.44,1178.44,3
Tue_00409,Tuesday,"Four Square Fair Price Henderson,Four Square Remuera,Four Square Eden Terrace",11,91.2,198,289.2,770.0,79.2,409.16,1179.16,3
Tue_00410,Tuesday,"Four Square Cockle Bay,Four Square Britomart,Four Square Eden Terrace",10,109.3,180,289.3,770.0,79.3,409.49,1179.49,3
Tue_00411,Tuesday,"Four Square Glen Eden,Four Square Fair Price Henderson,Four Square Britomart",11,91.6,198,289.6,770.0,79.6,411.47,1181.47,3
Tue_00412,Tuesday,"Four Square Hobsonville,Four Square Lancaster,New World Metro Shore City",10,109.6,180,289.6,770.0,79.6,411.52,1181.52,3
Tue_00413,Tuesday,"New World Stonefields,Four Square Botany Junction",11,92.0,198,290.0,770.0,80.0,413.15,1183.15,2
Tue_00414,Tuesday,"Four Square Lancaster,New World Stonefields",10,110.3,180,290.3,770.0,80.3,414.9,1184.9,2
Tue_00415,Tuesday,"Four Square Britomart,New World Metro Queen St,New World Point Chevalier",13,56.3,234,290.3,770.0,80.3,415.12,1185.12,3
Tue_00416,Tuesday,"Four Square Lancaster,Four Square Britomart,Four Square Ellerslie",10,110.5,180,290.5,770.0,80.5,415.76,1185.76,3
Tue_00417,Tuesday,"Four Square Lancaster,Four Square Britomart,Four Square Remuera",10,110.6,180,290.6,770.0,80.6,416.48,1186.48,3
Tue_00418,Tuesday,"Four Square Botany Junction,New World Metro Queen St,Four Square Britomart",11,92.6,198,290.6,770.0,80.6,416.61,1186.61,3
Tue_00419,Tuesday,"Four Square Cockle Bay,Four Square Ellerslie,Four Square Onehunga",11,92.7,198,290.7,770.0,80.7,416.83,1186.83,3
Tue_00420,Tuesday,"Four Square Botany Junction,Four Square Remuera,Four Square Eden Terrace",11,92.7,198,290.7,770.0,80.7,417.1,1187.1,3
Tue_00421,Tuesday,"Four Square Botany Junction,Four Square Pakuranga Heights,Four Square Eden Terrace",11,92.8,198,290.8,770.0,80.8,417.41,1187.41,3
Tue_00422,Tuesday,"Four Square Fair Price Henderson,New World Hobsonville",12,74.8,216,290.8,770.0,80.8,417.49,1187.49,2
Tue_00423,Tuesday,"Four Square Torbay,New World Newmarket",10,110.9,180,290.9,770.0,80.9,417.89,1187.89,2
Tue_00424,Tuesday,"Four Square Fair Price Henderson,Four Square Hobsonville,Four Square Lancaster",10,110.9,180,290.9,770.0,80.9,418.03,1188.03,3
Tue_00425,Tuesday,"New World Metro Shore City,Four Square Ellerslie,Four Square Eden Terrace",11,93.2,198,291.2,770.0,81.2,419.7,1189.7,3
Tue_00426,Tuesday,"New World Metro Shore City,Four Square Remuera,Four Square Eden Terrace",11,93.4,198,291.4,770.0,81.4,420.42,1190.42,3
Tue_00427,Tuesday,"New World Papatoetoe,Four Square St Heliers",11,93.4,198,291.4,770.0,81.4,420.63,1190.63,2
Tue_00428,Tuesday,"Four Square Botany Junction,New World Metro Queen St,Four Square Eden Terrace",11,93.6,198,291.6,770.0,81.6,421.52,1191.52,3
Tue_00429,Tuesday,"Four Square Onehunga,Four Square Remuera,New World Newmarket",13,57.6,234,291.6,770.0,81.6,421.84,1191.84,3
Tue_00430,Tuesday,"Four Square Onehunga,Four Square Cockle Bay,Four Square Botany Junction",11,93.7,198,291.7,770.0,81.7,422.28,1192.28,3
Tue_00431,Tuesday,"Four Square Eden Terrace,New World Metro Queen St,New World Point Chevalier",13,57.8,234,291.8,770.0,81.8,422.47,1192.47,3
Tue_00432,Tuesday,"Four Square Onehunga,Four Square Ellerslie,New World Point Chevalier",13,57.9,234,291.9,770.0,81.9,423.26,1193.26,3
Tue_00433,Tuesday,"Four Square Pakuranga Heights,Four Square Remuera,Four Square Britomart",11,94.1,198,292.1,770.0,82.1,424.4,1194.4,3
Tue_00434,Tuesday,"New World Metro Shore City,Four Square Britomart,Four Square St Heliers",10,112.4,180,292.4,770.0,82.4,425.7,1195.7,3
Tue_00435,Tuesday,"Four Square Onehunga,Four Square St Heliers,New World Metro Shore City",10,112.4,180,292.4,770.0,82.4,425.71,1195.71,3
Tue_00436,Tuesday,"Four Square Britomart,Four Square St Heliers,Four Square Glen Eden",10,112.4,180,292.4,770.0,82.4,425.75,1195.75,3
Tue_00437,Tuesday,"New World Albany,New World Metro Queen St",11,94.8,198,292.8,770.0,82.8,427.81,1197.81,2
Tue_00438,Tuesday,"Four Square Cockle Bay,Four Square St Heliers,Four Square Onehunga",10,112.8,180,292.8,770.0,82.8,427.82,1197.82,3
Tue_00439,Tuesday,"Four Square Britomart,Four Square St Heliers,Four Square Botany Junction",10,112.9,180,292.9,770.0,82.9,428.25,1198.25,3
Tue_00440,Tuesday,"Four Square Britomart,New World Metro Queen St,New World Newmarket",13,58.9,234,292.9,770.0,82.9,428.38,1198.38,3
Tue_00441,Tuesday,"Four Square Lancaster,New World Browns Bay",10,113.2,180,293.2,770.0,83.2,430.02,1200.02,2
Tue_00442,Tuesday,"Four Square Onehunga,Four Square Pakuranga Heights,Four Square Hobsonville",10,113.3,180,293.3,770.0,83.3,430.17,1200.17,3
Tue_00443,Tuesday,"Four Square Fair Price Henderson,Four Square Britomart,Four Square St Heliers",10,113.4,180,293.4,770.0,83.4,431.1,1201.1,3
Tue_00444,Tuesday,"Four Square Onehunga,New World Newmarket,New World Metro Queen St",13,59.5,234,293.5,770.0,83.5,431.34,1201.34,3
Tue_00445,Tuesday,"Four Square Lancaster,New World Hobsonville",11,95.6,198,293.6,770.0,83.6,431.73,1201.73,2
Tue_00446,Tuesday,"Four Square Lancaster,Four Square St Heliers,Four Square Eden Terrace",9,131.6,162,293.6,770.0,83.6,432.06,1202.06,3
Tue_00447,Tuesday,"Four Square Onehunga,Four Square Remuera,New World Point Chevalier",13,59.7,234,293.7,770.0,83.7,432.46,1202.46,3
Tue_00448,Tuesday,"Four Square Britomart,Four Square Ellerslie,Four Square Botany Junction",11,95.7,198,293.7,770.0,83.7,432.48,1202.48,3
Tue_00449,Tuesday,"Four Square Pakuranga Heights,Four Square St Heliers,Four Square Remuera",11,95.9,198,293.9,770.0,83.9,433.65,1203.65,3
Tue_00450,Tuesday,"Four Square Botany Junction,Four Square St Heliers,Four Square Eden Terrace",10,114.0,180,294.0,770.0,84.0,433.97,1203.97,3
Tue_00451,Tuesday,"Four Square Fair Price Henderson,Four Square Lancaster,Four Square Britomart",10,114.1,180,294.1,770.0,84.1,434.28,1204.28,3
Tue_00452,Tuesday,"New World Birkenhead,Four Square Hobsonville",11,96.1,198,294.1,770.0,84.1,434.67,1204.67,2
Tue_00453,Tuesday,"Four Square Onehunga,Four Square Lancaster,Four Square Fair Price Henderson",10,114.1,180,294.1,770.0,84.1,434.68,1204.68,3
Tue_00454,Tuesday,"New World Newmarket,New World Metro Queen St,Four Square Eden Terrace",13,60.1,234,294.1,770.0,84.1,434.74,1204.74,3
Tue_00455,Tuesday,"Four Square Fair Price Henderson,Four Square Lancaster,Four Square Eden Terrace",10,114.2,180,294.2,770.0,84.2,435.12,1205.12,3
Tue_00456,Tuesday,"Four Square Eden Terrace,Four Square St Heliers,Four Square Glen Eden",10,114.2,180,294.2,770.0,84.2,435.13,1205.13,3
Tue_00457,Tuesday,"Four Square Pakuranga Heights,Four Square Eden Terrace,Four Square Hobsonville",10,114.2,180,294.2,770.0,84.2,435.29,1205.29,3
Tue_00458,Tuesday,"Four Square Onehunga,Four Square St Heliers,New World Eastridge",12,78.3,216,294.3,770.0,84.3,435.63,1205.63,3
Tue_00459,Tuesday,"Four Square Pakuranga Heights,New World Papatoetoe",12,78.7,216,294.7,770.0,84.7,437.74,1207.74,2
Tue_00460,Tuesday,"New World Botany,Four Square Britomart",11,96.9,198,294.9,770.0,84.9,438.76,1208.76,2
Tue_00461,Tuesday,"Four Square Onehunga,New World Metro Queen St,New World Point Chevalier",13,60.9,234,294.9,770.0,84.9,438.78,1208.78,3
Tue_00462,Tuesday,"New World Birkenhead,New World Metro Queen St",12,78.9,216,294.9,770.0,84.9,438.9,1208.9,2
Tue_00463,Tuesday,"Four Square Onehunga,Four Square Botany Junction,New World Metro Queen St",11,97.0,198,295.0,770.0,85.0,439.33,1209.33,3
Tue_00464,Tuesday,"Four Square Onehunga,Four Square Britomart,New World Metro Queen St,Four Square Eden Terrace",13,61.1,234,295.1,770.0,85.1,439.55,1209.55,4
Tue_00465,Tuesday,"Four Square Eden Terrace,Four Square Britomart,New World Eastridge",12,79.3,216,295.3,770.0,85.3,440.48,1210.48,3
Tue_00466,Tuesday,"Four Square Fair Price Henderson,Four Square Eden Terrace,Four Square St Heliers",10,115.3,180,295.3,770.0,85.3,440.49,1210.49,3
Tue_00467,Tuesday,"New World Albany,New World Metro Shore City",11,97.5,198,295.5,770.0,85.5,441.93,1211.93,2
Tue_00468,Tuesday,"Four Square Pakuranga Heights,New World Botany",12,79.6,216,295.6,770.0,85.6,442.28,1212.28,2
Tue_00469,Tuesday,"Four Square Torbay,Four Square Britomart,Four Square Eden Terrace",10,115.6,180,295.6,770.0,85.6,442.43,1212.43,3
Tue_00470,Tuesday,"Four Square Onehunga,Four Square St Heliers,New World Newmarket",12,80.1,216,296.1,770.0,86.1,444.62,1214.62,3
Tue_00471,Tuesday,"Four Square Cockle Bay,Four Square Pakuranga Heights,Four Square Eden Terrace",11,98.3,198,296.3,770.0,86.3,445.63,1215.63,3
Tue_00472,Tuesday,"New World Botany,Four Square Botany Junction",12,80.4,216,296.4,770.0,86.4,446.31,1216.31,2
Tue_00473,Tuesday,"New World Metro Shore City,New World Stonefields",11,98.5,198,296.5,770.0,86.5,446.71,1216.71,2
Tue_00474,Tuesday,"Four Square Pakuranga Heights,Four Square St Heliers,New World Metro Queen St",11,98.5,198,296.5,770.0,86.5,446.72,1216.72,3
Tue_00475,Tuesday,"New World Howick,Four Square Onehunga",12,80.6,216,296.6,770.0,86.6,447.47,1217.47,2
Tue_00476,Tuesday,"Four Square Lancaster,New World Remuera",11,98.6,198,296.6,770.0,86.6,447.54,1217.54,2
Tue_00477,Tuesday,"New World Metro Shore City,Four Square Britomart,Four Square Ellerslie",11,98.6,198,296.6,770.0,86.6,447.57,1217.57,3
Tue_00478,Tuesday,"Four Square Britomart,Four Square Ellerslie,Four Square Glen Eden",11,98.6,198,296.6,770.0,86.6,447.62,1217.62,3
Tue_00479,Tuesday,"Four Square Hobsonville,Four Square Ellerslie,Four Square Remuera",11,98.7,198,296.7,770.0,86.7,448.01,1218.01,3
Tue_00480,Tuesday,"New World Metro Shore City,Four Square Britomart,Four Square Remuera",11,98.8,198,296.8,770.0,86.8,448.29,1218.29,3
Tue_00481,Tuesday,"Four Square Britomart,Four Square Remuera,Four Square Glen Eden",11,98.8,198,296.8,770.0,86.8,448.34,1218.34,3
Tue_00482,Tuesday,"Four Square Pakuranga Heights,New World Remuera",12,80.8,216,296.8,770.0,86.8,448.64,1218.64,2
Tue_00483,Tuesday,"Four Square Onehunga,Four Square Torbay,Four Square Hobsonville",10,117.0,180,297.0,770.0,87.0,449.45,1219.45,3
Tue_00484,Tuesday,"Four Square Hobsonville,Four Square Torbay,Four Square Britomart",10,117.2,180,297.2,770.0,87.2,450.54,1220.54,3
Tue_00485,Tuesday,"Four Square Fair Price Henderson,Four Square Hobsonville,New World Metro Queen St",11,99.3,198,297.3,770.0,87.3,451.03,1221.03,3
Tue_00486,Tuesday,"Four Square Pakuranga Heights,Four Square St Heliers,Four Square Ellerslie",11,99.3,198,297.3,770.0,87.3,451.2,1221.2,3
Tue_00487,Tuesday,"Four Square Hobsonville,Four Square Torbay,Four Square Eden Terrace",10,117.4,180,297.4,770.0,87.4,451.38,1221.38,3
Tue_00488,Tuesday,"Four Square Onehunga,Four Square St Heliers,New World Point Chevalier",12,81.7,216,297.7,770.0,87.7,452.96,1222.96,3
Tue_00489,Tuesday,"Four Square Fair Price Henderson,Four Square Britomart,Four Square Ellerslie",11,99.7,198,297.7,770.0,87.7,452.98,1222.98,3
Tue_00490,Tuesday,"Four Square Ellerslie,Four Square Lancaster,Four Square Hobsonville",10,117.7,180,297.7,770.0,87.7,453.07,1223.07,3
Tue_00491,Tuesday,"Four Square Cockle Bay,Four Square Remuera,Four Square Onehunga",11,99.7,198,297.7,770.0,87.7,453.27,1223.27,3
Tue_00492,Tuesday,"Four Square Fair Price Henderson,Four Square Britomart,Four Square Remuera",11,99.8,198,297.8,770.0,87.8,453.7,1223.7,3
Tue_00493,Tuesday,"Four Square Remuera,Four Square Lancaster,Four Square Hobsonville",10,117.8,180,297.8,770.0,87.8,453.8,1223.8,3
Tue_00494,Tuesday,"Four Square Pakuranga Heights,Four Square Ellerslie,Four Square Remuera",12,81.9,216,297.9,770.0,87.9,453.9,1223.9,3
Tue_00495,Tuesday,"Four Square Hobsonville,New World Metro Shore City,New World Metro Queen St",11,100.0,198,298.0,770.0,88.0,454.47,1224.47,3
Tue_00496,Tuesday,"New World Newmarket,Four Square Ellerslie,Four Square Eden Terrace",13,64.0,234,298.0,770.0,88.0,454.54,1224.54,3
Tue_00497,Tuesday,"Four Square Lancaster,Four Square Hobsonville,Four Square Glen Eden",10,118.1,180,298.1,770.0,88.1,454.94,1224.94,3
Tue_00498,Tuesday,"Four Square Onehunga,Four Square Torbay,Four Square Britomart",10,118.1,180,298.1,770.0,88.1,455.06,1225.06,3
Tue_00499,Tuesday,"New World Newmarket,Four Square Remuera,Four Square Eden Terrace",13,64.1,234,298.1,770.0,88.1,455.27,1225.27,3
Tue_00500,Tuesday,"Four Square Onehunga,Four Square Torbay,Four Square Eden Terrace",10,118.2,180,298.2,770.0,88.2,455.9,1225.9,3
Tue_00501,Tuesday,Pak 'n Save Botany,12,82.3,216,298.3,770.0,88.3,456.17,1226.17,1
Tue_00502,Tuesday,"Four Square Onehunga,New World Stonefields,Four Square Eden Terrace",13,64.3,234,298.3,770.0,88.3,456.4,1226.4,3
Tue_00503,Tuesday,"Four Square Cockle Bay,Four Square St Heliers,Four Square Britomart",10,118.4,180,298.4,770.0,88.4,456.52,1226.52,3
Tue_00504,Tuesday,"Four Square Cockle Bay,New World Stonefields",11,100.4,198,298.4,770.0,88.4,456.76,1226.76,2
Tue_00505,Tuesday,"Four Square Hobsonville,New World Point Chevalier,Four Square Eden Terrace",12,82.5,216,298.5,770.0,88.5,457.39,1227.39,3
Tue_00506,Tuesday,"Four Square Britomart,Four Square Pakuranga Heights,Four Square Botany Junction",11,100.5,198,298.5,770.0,88.5,457.42,1227.42,3
Tue_00507,Tuesday,"Four Square Britomart,Four Square Remuera,Four Square Botany Junction",11,100.7,198,298.7,770.0,88.7,458.35,1228.35,3
Tue_00508,Tuesday,"Four Square Hobsonville,Four Square Remuera,Four Square St Heliers",10,119.0,180,299.0,770.0,89.0,459.74,1229.74,3
Tue_00509,Tuesday,"New World Browns Bay,New World Metro Queen St",11,101.1,198,299.1,770.0,89.1,460.19,1230.19,2
Tue_00510,Tuesday,"Four Square Cockle Bay,Four Square St Heliers,Four Square Eden Terrace",10,119.1,180,299.1,770.0,89.1,460.24,1230.24,3
Tue_00511,Tuesday,"Four Square Britomart,New World Devonport",11,101.3,198,299.3,770.0,89.3,461.5,1231.5,2
Tue_00512,Tuesday,"Four Square Lancaster,New World Metro Shore City,New World Metro Queen St",11,101.3,198,299.3,770.0,89.3,461.55,1231.55,3
Tue_00513,Tuesday,"New World Devonport,Four Square Eden Terrace",11,101.5,198,299.5,770.0,89.5,462.39,1232.39,2
Tue_00514,Tuesday,"Pak 'n Save Royal Oak,Four Square Onehunga",15,29.6,270,299.6,770.0,89.6,462.89,1232.89,2
Tue_00515,Tuesday,"New World Metro Shore City,Four Square St Heliers,Four Square Eden Terrace",10,119.8,180,299.8,770.0,89.8,463.87,1233.87,3
Tue_00516,Tuesday,"Four Square Onehunga,Four Square Pakuranga Heights,Four Square Lancaster",10,119.8,180,299.8,770.0,89.8,464.08,1234.08,3
Tue_00517,Tuesday,"Four Square Hobsonville,Four Square Ellerslie,Four Square St Heliers",10,119.9,180,299.9,770.0,89.9,464.24,1234.24,3
Tue_00518,Tuesday,"Four Square Lancaster,Four Square Britomart,Four Square Glen Eden",10,120.0,180,300.0,770.0,90.0,465.09,1235.09,3
Tue_00519,Tuesday,"Four Square Lancaster,Four Square Eden Terrace,Four Square Glen Eden",10,120.2,180,300.2,770.0,90.2,465.93,1235.93,3
Tue_00520,Tuesday,"Four Square Cockle Bay,Four Square Ellerslie,Four Square Eden Terrace",11,102.3,198,300.3,770.0,90.3,466.31,1236.31,3
Tue_00521,Tuesday,"Four Square Pakuranga Heights,Four Square Onehunga,Four Square Glen Eden",11,102.3,198,300.3,770.0,90.3,466.39,1236.39,3
Tue_00522,Tuesday,"Four Square Fair Price Henderson,New World Albany",11,102.6,198,300.6,770.0,90.6,468.0,1238.0,2
Tue_00523,Tuesday,"Four Square Onehunga,Four Square Hobsonville,New World Point Chevalier",12,84.7,216,300.7,770.0,90.7,468.83,1238.83,3
Tue_00524,Tuesday,"Four Square Ellerslie,Four Square Eden Terrace,New World Point Chevalier",13,66.8,234,300.8,770.0,90.8,469.18,1239.18,3
Tue_00525,Tuesday,"Four Square Remuera,Four Square Eden Terrace,New World Point Chevalier",13,66.9,234,300.9,770.0,90.9,469.9,1239.9,3
Tue_00526,Tuesday,"Four Square Britomart,New World Milford",12,85.0,216,301.0,770.0,91.0,470.04,1240.04,2
Tue_00527,Tuesday,"Four Square Eden Terrace,New World Newmarket,Four Square St Heliers",12,85.1,216,301.1,770.0,91.1,470.48,1240.48,3
Tue_00528,Tuesday,"New World Milford,Four Square Eden Terrace",12,85.1,216,301.1,770.0,91.1,470.93,1240.93,2
Tue_00529,Tuesday,"New World Birkenhead,New World Metro Shore City",12,85.3,216,301.3,770.0,91.3,471.66,1241.66,2
Tue_00530,Tuesday,"Four Square Cockle Bay,New World Southmall",11,103.8,198,301.8,770.0,91.8,474.28,1244.28,2
Tue_00531,Tuesday,"New World Browns Bay,New World Metro Shore City",11,103.8,198,301.8,770.0,91.8,474.31,1244.31,2
Tue_00532,Tuesday,"Four Square Britomart,Four Square St Heliers,New World Eastridge",12,85.8,216,301.8,770.0,91.8,474.52,1244.52,3
Tue_00533,Tuesday,"Four Square Onehunga,Four Square Eden Terrace,New World Mt Albert",14,49.9,252,301.9,770.0,91.9,474.72,1244.72,3
Tue_00534,Tuesday,"Four Square Botany Junction,Four Square Eden Terrace,Four Square Hobsonville",10,121.9,180,301.9,770.0,91.9,474.83,1244.83,3
Tue_00535,Tuesday,"Four Square Hobsonville,New World Metro Queen St,Four Square St Heliers",10,122.0,180,302.0,770.0,92.0,475.19,1245.19,3
Tue_00536,Tuesday,"New World Victoria Park,Four Square Lancaster",12,86.1,216,302.1,770.0,92.1,475.65,1245.65,2
Tue_00537,Tuesday,"Four Square Onehunga,Four Square St Heliers,Four Square Britomart,Four Square Eden Terrace",12,86.1,216,302.1,770.0,92.1,476.01,1246.01,4
Tue_00538,Tuesday,"Four Square Eden Terrace,Four Square Britomart,Four Square Ellerslie,Four Square Onehunga",13,68.2,234,302.2,770.0,92.2,476.6,1246.6,4
Tue_00539,Tuesday,"Four Square Onehunga,Four Square Remuera,New World Eastridge",13,68.5,234,302.5,770.0,92.5,477.73,1247.73,3
Tue_00540,Tuesday,"New World Mt Roskill,Four Square Britomart,New World Metro Queen St",14,50.5,252,302.5,770.0,92.5,478.03,1248.03,3
Tue_00541,Tuesday,"New World Newmarket,Four Square St Heliers,Four Square Britomart",12,86.7,216,302.7,770.0,92.7,478.88,1248.88,3
Tue_00542,Tuesday,"Four Square Pakuranga Heights,Four Square Eden Terrace,Four Square Glen Eden",11,104.7,198,302.7,770.0,92.7,479.0,1249.0,3
Tue_00543,Tuesday,"Four Square Fair Price Henderson,Four Square Hobsonville,New World Metro Shore City",11,104.8,198,302.8,770.0,92.8,479.22,1249.22,3
Tue_00544,Tuesday,"New World Botany,Four Square St Heliers",11,104.8,198,302.8,770.0,92.8,479.62,1249.62,2
Tue_00545,Tuesday,"Four Square Botany Junction,Four Square Cockle Bay,Four Square Eden Terrace",11,104.8,198,302.8,770.0,92.8,479.72,1249.72,3
Tue_00546,Tuesday,"Four Square Britomart,Four Square Eden Terrace,New World New Lynn",13,69.0,234,303.0,770.0,93.0,480.3,1250.3,3
Tue_00547,Tuesday,"Four Square Lancaster,Four Square Ellerslie,Four Square Remuera",11,105.1,198,303.1,770.0,93.1,480.81,1250.81,3
Tue_00548,Tuesday,"New World Newmarket,New World Stonefields",13,69.2,234,303.2,770.0,93.2,481.55,1251.55,2
Tue_00549,Tuesday,"Four Square Onehunga,Four Square Cockle Bay,New World Metro Queen St",11,105.2,198,303.2,770.0,93.2,481.65,1251.65,3
Tue_00550,Tuesday,"Four Square Eden Terrace,New World Eastridge,Four Square St Heliers",12,87.2,216,303.2,770.0,93.2,481.67,1251.67,3
Tue_00551,Tuesday,"Four Square Pakuranga Heights,Four Square Britomart,Four Square Hobsonville",10,123.3,180,303.3,770.0,93.3,482.13,1252.13,3
Tue_00552,Tuesday,"Four Square Cockle Bay,New World Metro Queen St,Four Square Britomart",11,105.4,198,303.4,770.0,93.4,482.39,1252.39,3
Tue_00553,Tuesday,"Four Square Cockle Bay,Four Square Remuera,Four Square Eden Terrace",11,105.5,198,303.5,770.0,93.5,482.89,1252.89,3
Tue_00554,Tuesday,"Four Square Hobsonville,Four Square Lancaster,Four Square St Heliers",9,141.6,162,303.6,770.0,93.6,483.5,1253.5,3
Tue_00555,Tuesday,"Four Square Onehunga,Four Square Pakuranga Heights,Four Square Fair Price Henderson",11,105.6,198,303.6,770.0,93.6,483.52,1253.52,3
Tue_00556,Tuesday,"Four Square Hobsonville,New World Newmarket,Four Square Eden Terrace",12,87.6,216,303.6,770.0,93.6,483.77,1253.77,3
Tue_00557,Tuesday,"Four Square Onehunga,New World Newmarket,Four Square Hobsonville",12,87.9,216,303.9,770.0,93.9,485.19,1255.19,3
Tue_00558,Tuesday,"New World Mt Roskill,Four Square Eden Terrace,New World Metro Queen St",14,51.9,252,303.9,770.0,93.9,485.37,1255.37,3
Tue_00559,Tuesday,"Four Square Hobsonville,Four Square Ellerslie,New World Metro Queen St",11,105.9,198,303.9,770.0,93.9,485.37,1255.37,3
Tue_00560,Tuesday,"Four Square Hobsonville,Four Square Remuera,New World Metro Queen St",11,106.1,198,304.1,770.0,94.1,486.1,1256.1,3
Tue_00561,Tuesday,"Four Square Onehunga,Four Square Ellerslie,New World Eastridge",13,70.3,234,304.3,770.0,94.3,487.16,1257.16,3
Tue_00562,Tuesday,"Four Square Cockle Bay,New World Metro Queen St,Four Square Eden Terrace",11,106.3,198,304.3,770.0,94.3,487.3,1257.3,3
Tue_00563,Tuesday,"Four Square Glen Eden,Four Square Hobsonville,New World Metro Queen St",11,106.5,198,304.5,770.0,94.5,488.3,1258.3,3
Tue_00564,Tuesday,"Four Square Pakuranga Heights,Four Square Eden Terrace,Four Square Fair Price Henderson",11,106.6,198,304.6,770.0,94.6,488.64,1258.64,3
Tue_00565,Tuesday,"Four Square Onehunga,Four Square Remuera,Four Square Britomart,Four Square Eden Terrace",13,70.7,234,304.7,770.0,94.7,489.23,1259.23,4
Tue_00566,Tuesday,"Four Square Torbay,New World Browns Bay",11,106.9,198,304.9,770.0,94.9,490.25,1260.25,2
Tue_00567,Tuesday,"New World Albany,Four Square Ellerslie",11,107.0,198,305.0,770.0,95.0,490.69,1260.69,2
Tue_00568,Tuesday,"Four Square Pakuranga Heights,Four Square Ellerslie,New World Metro Queen St",12,89.1,216,305.1,770.0,95.1,491.27,1261.27,3
Tue_00569,Tuesday,"New World Albany,Four Square Remuera",11,107.1,198,305.1,770.0,95.1,491.42,1261.42,2
Tue_00570,Tuesday,"Four Square Britomart,Four Square St Heliers,New World Point Chevalier",12,89.2,216,305.2,770.0,95.2,491.85,1261.85,3
Tue_00571,Tuesday,"Four Square Lancaster,New World Metro Queen St,Four Square St Heliers",10,125.3,180,305.3,770.0,95.3,492.22,1262.22,3
Tue_00572,Tuesday,"Four Square Cockle Bay,Four Square Pakuranga Heights,Four Square Britomart",11,107.3,198,305.3,770.0,95.3,492.47,1262.47,3
Tue_00573,Tuesday,"Four Square Lancaster,Four Square Remuera,Four Square St Heliers",10,125.3,180,305.3,770.0,95.3,492.55,1262.55,3
Tue_00574,Tuesday,"New World Howick,Four Square Eden Terrace",12,89.5,216,305.5,770.0,95.5,493.17,1263.17,2
Tue_00575,Tuesday,"Four Square Ellerslie,New World Botany",12,89.5,216,305.5,770.0,95.5,493.29,1263.29,2
Tue_00576,Tuesday,"Four Square Botany Junction,Four Square Ellerslie,Four Square Remuera",12,89.5,216,305.5,770.0,95.5,493.45,1263.45,3
Tue_00577,Tuesday,"Four Square Pakuranga Heights,Four Square Britomart,Four Square Lancaster",10,125.6,180,305.6,770.0,95.6,493.93,1263.93,3
Tue_00578,Tuesday,"Four Square Fair Price Henderson,New World Metro Shore City,Four Square Britomart",11,107.9,198,305.9,770.0,95.9,495.47,1265.47,3
Tue_00579,Tuesday,"Four Square Onehunga,Four Square Pakuranga Heights,New World Metro Shore City",11,108.0,198,306.0,770.0,96.0,495.89,1265.89,3
Tue_00580,Tuesday,"Four Square Glen Eden,New World Point Chevalier,Four Square Eden Terrace",13,72.0,234,306.0,770.0,96.0,495.94,1265.94,3
Tue_00581,Tuesday,"Four Square Ellerslie,Four Square Remuera,Four Square Glen Eden",12,90.0,216,306.0,770.0,96.0,496.0,1266.0,3
Tue_00582,Tuesday,"Four Square Fair Price Henderson,New World Metro Shore City,Four Square Eden Terrace",11,108.1,198,306.1,770.0,96.1,496.31,1266.31,3
Tue_00583,Tuesday,"New World Long Bay,Four Square Hobsonville",11,108.1,198,306.1,770.0,96.1,496.36,1266.36,2
Tue_00584,Tuesday,"New World Green Bay,Four Square Britomart,Four Square Eden Terrace",13,72.1,234,306.1,770.0,96.1,496.39,1266.39,3
Tue_00585,Tuesday,"Four Square Britomart,New World Metro Shore City,Four Square Glen Eden",11,108.2,198,306.2,770.0,96.2,496.84,1266.84,3
Tue_00586,Tuesday,"Four Square Lancaster,Four Square Ellerslie,Four Square St Heliers",10,126.2,180,306.2,770.0,96.2,497.05,1267.05,3
Tue_00587,Tuesday,"Four Square Hobsonville,New World Milford",12,90.2,216,306.2,770.0,96.2,497.25,1267.25,2
Tue_00588,Tuesday,"New World Metro Shore City,Four Square Eden Terrace,Four Square Glen Eden",11,108.3,198,306.3,770.0,96.3,497.74,1267.74,3
Tue_00589,Tuesday,"Four Square Fair Price Henderson,Four Square Hobsonville,Four Square Ellerslie",11,108.4,198,306.4,770.0,96.4,498.14,1268.14,3
Tue_00590,Tuesday,"Four Square Glen Eden,Four Square Fair Price Henderson,New World Metro Queen St",12,90.5,216,306.5,770.0,96.5,498.35,1268.35,3
Tue_00591,Tuesday,"Four Square Fair Price Henderson,New World Metro Shore City,Four Square Onehunga",11,108.5,198,306.5,770.0,96.5,498.62,1268.62,3
Tue_00592,Tuesday,"Four Square Fair Price Henderson,Four Square Hobsonville,Four Square Remuera",11,108.6,198,306.6,770.0,96.6,498.86,1268.86,3
Tue_00593,Tuesday,"Four Square Britomart,New World Newmarket,Four Square Ellerslie",13,72.6,234,306.6,770.0,96.6,499.08,1269.08,3
Tue_00594,Tuesday,"Four Square Onehunga,New World Eastridge,New World Metro Queen St",13,72.7,234,306.7,770.0,96.7,499.75,1269.75,3
Tue_00595,Tuesday,"Four Square Britomart,New World Newmarket,Four Square Remuera",13,72.7,234,306.7,770.0,96.7,499.8,1269.8,3
Tue_00596,Tuesday,"Four Square Fair Price Henderson,New World Browns Bay",11,108.8,198,306.8,770.0,96.8,500.39,1270.39,2
Tue_00597,Tuesday,"Four Square Pakuranga Heights,Four Square Lancaster,Four Square Eden Terrace",10,126.9,180,306.9,770.0,96.9,500.58,1270.58,3
Tue_00598,Tuesday,"Four Square Onehunga,New World Remuera,Four Square Eden Terrace",14,55.0,252,307.0,770.0,97.0,500.98,1270.98,3
Tue_00599,Tuesday,"Four Square Eden Terrace,Four Square St Heliers,New World Point Chevalier",12,91.0,216,307.0,770.0,97.0,501.23,1271.23,3
Tue_00600,Tuesday,"Four Square Fair Price Henderson,Four Square Ellerslie,Four Square Remuera",12,91.0,216,307.0,770.0,97.0,501.36,1271.36,3
Tue_00601,Tuesday,"New World Mt Albert,Four Square Eden Terrace,Four Square Britomart",14,55.1,252,307.1,770.0,97.1,501.58,1271.58,3
Tue_00602,Tuesday,"Four Square Cockle Bay,New World Botany",12,91.1,216,307.1,770.0,97.1,501.88,1271.88,2
Tue_00603,Tuesday,"New World Long Bay,Four Square Britomart",11,109.2,198,307.2,770.0,97.2,501.98,1271.98,2
Tue_00604,Tuesday,"New World Long Bay,Four Square Eden Terrace",11,109.3,198,307.3,770.0,97.3,502.82,1272.82,2
Tue_00605,Tuesday,"Four Square Onehunga,New World Stonefields,Four Square Britomart",13,73.4,234,307.4,770.0,97.4,503.24,1273.24,3
Tue_00606,Tuesday,"Four Square Lancaster,Four Square Torbay,Four Square Hobsonville",10,127.4,180,307.4,770.0,97.4,503.32,1273.32,3
Tue_00607,Tuesday,"Four Square Lancaster,New World Metro Queen St,Four Square Ellerslie",11,109.5,198,307.5,770.0,97.5,503.53,1273.53,3
Tue_00608,Tuesday,"Four Square Lancaster,New World Metro Queen St,Four Square Remuera",11,109.6,198,307.6,770.0,97.6,504.25,1274.25,3
Tue_00609,Tuesday,"Four Square Hobsonville,New World Point Chevalier,Four Square Britomart",12,91.7,216,307.7,770.0,97.7,504.91,1274.91,3
Tue_00610,Tuesday,"Four Square Botany Junction,Four Square Pakuranga Heights,Four Square St Heliers",11,109.8,198,307.8,770.0,97.8,505.11,1275.11,3
Tue_00611,Tuesday,"Pak 'n Save Highland Park,Four Square Onehunga",13,74.1,234,308.1,770.0,98.1,506.76,1276.76,2
Tue_00612,Tuesday,"New World Remuera,New World Newmarket",14,56.1,252,308.1,770.0,98.1,507.05,1277.05,2
Tue_00613,Tuesday,"New World Victoria Park,New World Metro Shore City",13,74.2,234,308.2,770.0,98.2,507.46,1277.46,2
Tue_00614,Tuesday,"Four Square Remuera,Four Square St Heliers,Four Square Glen Eden",11,110.3,198,308.3,770.0,98.3,507.74,1277.74,3
Tue_00615,Tuesday,"Four Square Ellerslie,Four Square Pakuranga Heights,Four Square Botany Junction",12,92.3,216,308.3,770.0,98.3,507.78,1277.78,3
Tue_00616,Tuesday,"Four Square Pakuranga Heights,Four Square Remuera,New World Metro Queen St",12,92.3,216,308.3,770.0,98.3,507.84,1277.84,3
Tue_00617,Tuesday,"Four Square Lancaster,Four Square Torbay,Four Square Britomart",10,128.5,180,308.5,770.0,98.5,508.94,1278.94,3
Tue_00618,Tuesday,"Four Square Torbay,New World Albany",11,110.6,198,308.6,770.0,98.6,509.22,1279.22,2
Tue_00619,Tuesday,"Four Square Botany Junction,Four Square Ellerslie,Four Square St Heliers",11,110.6,198,308.6,770.0,98.6,509.68,1279.68,3
Tue_00620,Tuesday,"Four Square Lancaster,Four Square Torbay,Four Square Eden Terrace",10,128.7,180,308.7,770.0,98.7,509.78,1279.78,3
Tue_00621,Tuesday,"Four Square Remuera,Four Square St Heliers,Four Square Botany Junction",11,110.8,198,308.8,770.0,98.8,510.24,1280.24,3
Tue_00622,Tuesday,"Four Square Fair Price Henderson,New World Point Chevalier,Four Square Eden Terrace",13,74.9,234,308.9,770.0,98.9,510.74,1280.74,3
Tue_00623,Tuesday,"Four Square Lancaster,Four Square Torbay,Four Square Onehunga",10,129.1,180,309.1,770.0,99.1,512.09,1282.09,3
Tue_00624,Tuesday,"Four Square Ellerslie,Four Square St Heliers,Four Square Glen Eden",11,111.1,198,309.1,770.0,99.1,512.24,1282.24,3
Tue_00625,Tuesday,"New World Metro Shore City,Four Square Ellerslie,Four Square Remuera",12,93.2,216,309.2,770.0,99.2,512.62,1282.62,3
Tue_00626,Tuesday,"Four Square Fair Price Henderson,Four Square Remuera,Four Square St Heliers",11,111.3,198,309.3,770.0,99.3,513.1,1283.1,3
Tue_00627,Tuesday,"Four Square Cockle Bay,Four Square Ellerslie,Four Square Britomart",11,111.3,198,309.3,770.0,99.3,513.16,1283.16,3
Tue_00628,Tuesday,"Four Square Britomart,Four Square Ellerslie,New World Point Chevalier",13,75.4,234,309.4,770.0,99.4,513.72,1283.72,3
Tue_00629,Tuesday,"New World Metro Queen St,Four Square Britomart,New World Eastridge",13,75.6,234,309.6,770.0,99.6,514.38,1284.38,3
Tue_00630,Tuesday,"Four Square Britomart,Four Square Remuera,New World Point Chevalier",13,75.6,234,309.6,770.0,99.6,514.44,1284.44,3
Tue_00631,Tuesday,"Four Square Lancaster,New World Milford",12,93.8,216,309.8,770.0,99.8,515.41,1285.41,2
Tue_00632,Tuesday,"Four Square Torbay,Four Square Britomart,New World Metro Queen St",11,111.9,198,309.9,770.0,99.9,516.19,1286.19,3
Tue_00633,Tuesday,"Four Square Glen Eden,Four Square Hobsonville,New World Metro Shore City",11,112.0,198,310.0,770.0,100.0,516.48,1286.48,3
Tue_00634,Tuesday,"Four Square Lancaster,New World Newmarket,Four Square Eden Terrace",12,94.0,216,310.0,770.0,100.0,516.58,1286.58,3
Tue_00635,Tuesday,"Four Square Hobsonville,New World Metro Shore City,Four Square Ellerslie",11,112.1,198,310.1,770.0,100.1,517.36,1287.36,3
Tue_00636,Tuesday,"Four Square Hobsonville,Four Square Britomart,Four Square Botany Junction",10,130.1,180,310.1,770.0,100.1,517.43,1287.43,3
Tue_00637,Tuesday,"Four Square Fair Price Henderson,Four Square Ellerslie,Four Square St Heliers",11,112.2,198,310.2,770.0,100.2,517.6,1287.6,3
Tue_00638,Tuesday,"New World Albany,Four Square St Heliers",10,130.3,180,310.3,770.0,100.3,518.02,1288.02,2
Tue_00639,Tuesday,"Four Square Hobsonville,New World Metro Shore City,Four Square Remuera",11,112.3,198,310.3,770.0,100.3,518.08,1288.08,3
Tue_00640,Tuesday,"New World Botany,Four Square Remuera",12,94.3,216,310.3,770.0,100.3,518.33,1288.33,2
Tue_00641,Tuesday,"Four Square Onehunga,New World Newmarket,Four Square Lancaster",12,94.5,216,310.5,770.0,100.5,519.1,1289.1,3
Tue_00642,Tuesday,"New World Metro Queen St,Four Square Ellerslie,Four Square Botany Junction",12,94.5,216,310.5,770.0,100.5,519.36,1289.36,3
Tue_00643,Tuesday,"Four Square Cockle Bay,New World Papatoetoe",12,94.5,216,310.5,770.0,100.5,519.43,1289.43,2
Tue_00644,Tuesday,"Four Square Eden Terrace,Four Square Remuera,New World Eastridge",13,76.6,234,310.6,770.0,100.6,519.9,1289.9,3
Tue_00645,Tuesday,"Four Square Onehunga,Four Square Ellerslie,Four Square Remuera,Four Square Eden Terrace",14,58.6,252,310.6,770.0,100.6,519.93,1289.93,4
Tue_00646,Tuesday,"Four Square Onehunga,New World Ormiston,Four Square Eden Terrace",12,94.7,216,310.7,770.0,100.7,520.5,1290.5,3
Tue_00647,Tuesday,"Four Square Britomart,Four Square Cockle Bay,Four Square Botany Junction",11,112.8,198,310.8,770.0,100.8,520.92,1290.92,3
Tue_00648,Tuesday,"Four Square Pakuranga Heights,Four Square Cockle Bay,Four Square Botany Junction",12,95.0,216,311.0,770.0,101.0,521.81,1291.81,3
Tue_00649,Tuesday,"Four Square Fair Price Henderson,Four Square Lancaster,New World Metro Queen St",11,113.0,198,311.0,770.0,101.0,522.05,1292.05,3
Tue_00650,Tuesday,"Four Square Pakuranga Heights,Four Square St Heliers,Four Square Hobsonville",10,131.2,180,311.2,770.0,101.2,522.99,1292.99,3
Tue_00651,Tuesday,"New World Browns Bay,Four Square Ellerslie",11,113.2,198,311.2,770.0,101.2,523.08,1293.08,2
Tue_00652,Tuesday,"New World Metro Queen St,Four Square St Heliers,Four Square Glen Eden",11,113.3,198,311.3,770.0,101.3,523.19,1293.19,3
Tue_00653,Tuesday,"New World Devonport,New World Metro Shore City",12,95.4,216,311.4,770.0,101.4,523.76,1293.76,2
Tue_00654,Tuesday,"New World Browns Bay,Four Square Remuera",11,113.4,198,311.4,770.0,101.4,523.8,1293.8,2
Tue_00655,Tuesday,"New World Metro Shore City,New World Metro Queen St,Four Square St Heliers",11,113.4,198,311.4,770.0,101.4,524.02,1294.02,3
Tue_00656,Tuesday,"New World Metro Shore City,Four Square Remuera,Four Square St Heliers",11,113.5,198,311.5,770.0,101.5,524.36,1294.36,3
Tue_00657,Tuesday,"Four Square Lancaster,New World Metro Shore City,Four Square Ellerslie",11,113.5,198,311.5,770.0,101.5,524.44,1294.44,3
Tue_00658,Tuesday,"Four Square Torbay,New World Metro Queen St,Four Square Eden Terrace",11,113.5,198,311.5,770.0,101.5,524.56,1294.56,3
Tue_00659,Tuesday,"Four Square Botany Junction,Four Square St Heliers,New World Metro Queen St",11,113.6,198,311.6,770.0,101.6,524.99,1294.99,3
Tue_00660,Tuesday,"Four Square Lancaster,New World Metro Shore City,Four Square Remuera",11,113.6,198,311.6,770.0,101.6,525.16,1295.16,3
Tue_00661,Tuesday,"Four Square Fair Price Henderson,Four Square Hobsonville,Four Square St Heliers",10,131.7,180,311.7,770.0,101.7,525.47,1295.47,3
Tue_00662,Tuesday,"Four Square Pakuranga Heights,Four Square Britomart,New World Metro Shore City",11,113.8,198,311.8,770.0,101.8,525.74,1295.74,3
Tue_00663,Tuesday,"Four Square Pakuranga Heights,Four Square Britomart,Four Square Glen Eden",11,113.8,198,311.8,770.0,101.8,525.84,1295.84,3
Tue_00664,Tuesday,"Four Square Onehunga,Four Square Lancaster,New World Point Chevalier",12,95.9,216,311.9,770.0,101.9,526.54,1296.54,3
Tue_00665,Tuesday,"Four Square Britomart,New World Eastridge,Four Square Remuera",13,77.9,234,311.9,770.0,101.9,526.64,1296.64,3
Tue_00666,Tuesday,"Four Square Lancaster,Four Square Botany Junction,Four Square Onehunga",10,132.0,180,312.0,770.0,102.0,527.07,1297.07,3
Tue_00667,Tuesday,"Four Square Onehunga,Pak 'n Save Sylvia Park",14,60.2,252,312.2,770.0,102.2,527.83,1297.83,2
Tue_00668,Tuesday,"Four Square Botany Junction,Four Square Eden Terrace,Four Square Fair Price Henderson",11,114.2,198,312.2,770.0,102.2,528.18,1298.18,3
Tue_00669,Tuesday,"Four Square Hobsonville,Four Square Britomart,New World Newmarket",12,96.3,216,312.3,770.0,102.3,528.31,1298.31,3
Tue_00670,Tuesday,"Four Square Fair Price Henderson,New World Metro Queen St,Four Square St Heliers",11,114.3,198,312.3,770.0,102.3,528.54,1298.54,3
Tue_00671,Tuesday,"Four Square Hobsonville,New World Devonport",11,114.3,198,312.3,770.0,102.3,528.67,1298.67,2
Tue_00672,Tuesday,"New World Metro Shore City,Four Square Ellerslie,Four Square St Heliers",11,114.4,198,312.4,770.0,102.4,528.85,1298.85,3
Tue_00673,Tuesday,"Four Square Pakuranga Heights,Four Square Lancaster,Four Square Hobsonville",10,132.4,180,312.4,770.0,102.4,528.99,1298.99,3
Tue_00674,Tuesday,"New World Metro Shore City,New World Milford",13,78.5,234,312.5,770.0,102.5,529.5,1299.5,2
Tue_00675,Tuesday,"Four Square Eden Terrace,New World Metro Queen St,New World Eastridge",13,78.5,234,312.5,770.0,102.5,529.7,1299.7,3
Tue_00676,Tuesday,"Four Square Cockle Bay,Four Square Remuera,Four Square Britomart",11,114.5,198,312.5,770.0,102.5,529.73,1299.73,3
Tue_00677,Tuesday,"Four Square Onehunga,New World Stonefields,Four Square St Heliers",13,78.6,234,312.6,770.0,102.6,530.14,1300.14,3
Tue_00678,Tuesday,"Four Square Britomart,Four Square Lancaster,New World Point Chevalier",12,96.8,216,312.8,770.0,102.8,531.13,1301.13,3
Tue_00679,Tuesday,"New World Stonefields,New World Eastridge",13,78.9,234,312.9,770.0,102.9,531.58,1301.58,2
Tue_00680,Tuesday,"New World Newmarket,Four Square Eden Terrace,Four Square Glen Eden",13,78.9,234,312.9,770.0,102.9,531.77,1301.77,3
Tue_00681,Tuesday,"Four Square Lancaster,Four Square Eden Terrace,New World Point Chevalier",12,97.0,216,313.0,770.0,103.0,532.03,1302.03,3
Tue_00682,Tuesday,"Four Square Pakuranga Heights,New World Metro Shore City,Four Square Eden Terrace",11,115.0,198,313.0,770.0,103.0,532.39,1302.39,3
Tue_00683,Tuesday,"Four Square Cockle Bay,Four Square Pakuranga Heights,Four Square St Heliers",11,115.2,198,313.2,770.0,103.2,533.33,1303.33,3
Tue_00684,Tuesday,"Four Square Ellerslie,New World Metro Queen St,Four Square Glen Eden",12,97.2,216,313.2,770.0,103.2,533.37,1303.37,3
Tue_00685,Tuesday,"Four Square Botany Junction,Four Square Britomart,Four Square Lancaster",10,133.3,180,313.3,770.0,103.3,533.47,1303.47,3
Tue_00686,Tuesday,"Four Square Remuera,Four Square Pakuranga Heights,Four Square Botany Junction",12,97.3,216,313.3,770.0,103.3,533.65,1303.65,3
Tue_00687,Tuesday,"New World Newmarket,Four Square Pakuranga Heights,Four Square Onehunga",13,79.3,234,313.3,770.0,103.3,533.75,1303.75,3
Tue_00688,Tuesday,"Four Square Remuera,New World Metro Queen St,Four Square Glen Eden",12,97.4,216,313.4,770.0,103.4,534.1,1304.1,3
Tue_00689,Tuesday,"Four Square Fair Price Henderson,Pak 'n Save Henderson",14,61.5,252,313.5,770.0,103.5,534.5,1304.5,2
Tue_00690,Tuesday,"New World Metro Shore City,New World Metro Queen St,Four Square Ellerslie",12,97.6,216,313.6,770.0,103.6,535.34,1305.34,3
Tue_00691,Tuesday,"Four Square Glen Eden,Four Square Hobsonville,Four Square Ellerslie",11,115.6,198,313.6,770.0,103.6,535.4,1305.4,3
Tue_00692,Tuesday,"Four Square Pakuranga Heights,Four Square Britomart,Four Square Fair Price Henderson",11,115.6,198,313.6,770.0,103.6,535.48,1305.48,3
Tue_00693,Tuesday,"Four Square Onehunga,Four Square Cockle Bay,Four Square Hobsonville",10,133.6,180,313.6,770.0,103.6,535.5,1305.5,3
Tue_00694,Tuesday,"Four Square Onehunga,Four Square Ellerslie,New World Stonefields",14,61.7,252,313.7,770.0,103.7,535.85,1305.85,3
Tue_00695,Tuesday,"New World Metro Shore City,New World Metro Queen St,Four Square Remuera",12,97.8,216,313.8,770.0,103.8,536.06,1306.06,3
Tue_00696,Tuesday,"Four Square Glen Eden,Four Square Hobsonville,Four Square Remuera",11,115.8,198,313.8,770.0,103.8,536.13,1306.13,3
Tue_00697,Tuesday,"Pak 'n Save Henderson,Four Square Hobsonville",13,79.8,234,313.8,770.0,103.8,536.3,1306.3,2
Tue_00698,Tuesday,"Four Square Glen Eden,Pak 'n Save Henderson",14,61.8,252,313.8,770.0,103.8,536.38,1306.38,2
Tue_00699,Tuesday,"Four Square Botany Junction,New World Papakura",12,98.0,216,314.0,770.0,104.0,537.12,1307.12,2
Tue_00700,Tuesday,"Four Square Fair Price Henderson,New World Newmarket,Four Square Eden Terrace",13,80.0,234,314.0,770.0,104.0,537.12,1307.12,3
Tue_00701,Tuesday,"Four Square Onehunga,New World Ormiston,Four Square Botany Junction",13,80.0,234,314.0,770.0,104.0,537.18,1307.18,3
Tue_00702,Tuesday,"Four Square Torbay,Four Square Ellerslie,Four Square Onehunga",11,116.0,198,314.0,770.0,104.0,537.43,1307.43,3
Tue_00703,Tuesday,"Four Square Eden Terrace,Four Square Ellerslie,New World Eastridge",13,80.1,234,314.1,770.0,104.1,537.8,1307.8,3
Tue_00704,Tuesday,"Four Square Cockle Bay,Four Square St Heliers,Four Square Remuera",11,116.2,198,314.2,770.0,104.2,538.2,1308.2,3
Tue_00705,Tuesday,"Four Square Hobsonville,Four Square Torbay,New World Metro Queen St",11,116.2,198,314.2,770.0,104.2,538.31,1308.31,3
Tue_00706,Tuesday,"Four Square Onehunga,New World Newmarket,Four Square Fair Price Henderson",13,80.2,234,314.2,770.0,104.2,538.54,1308.54,3
Tue_00707,Tuesday,"Four Square Fair Price Henderson,Four Square Ellerslie,New World Metro Queen St",12,98.3,216,314.3,770.0,104.3,538.73,1308.73,3
Tue_00708,Tuesday,"Four Square Lancaster,New World Devonport",11,116.4,198,314.4,770.0,104.4,539.24,1309.24,2
Tue_00709,Tuesday,"Four Square Fair Price Henderson,Four Square Remuera,New World Metro Queen St",12,98.4,216,314.4,770.0,104.4,539.45,1309.45,3
Tue_00710,Tuesday,"Four Square Onehunga,Four Square Pakuranga Heights,New World Point Chevalier",13,80.5,234,314.5,770.0,104.5,539.98,1309.98,3
Tue_00711,Tuesday,"New World Howick,Four Square Britomart",12,98.5,216,314.5,770.0,104.5,540.01,1310.01,2
Tue_00712,Tuesday,"Four Square Botany Junction,Four Square Lancaster,Four Square Eden Terrace",10,134.5,180,314.5,770.0,104.5,540.12,1310.12,3
Tue_00713,Tuesday,"Four Square Fair Price Henderson,Four Square Lancaster,New World Metro Shore City",11,116.6,198,314.6,770.0,104.6,540.29,1310.29,3
Tue_00714,Tuesday,"Four Square Cockle Bay,Four Square Eden Terrace,Four Square Hobsonville",10,134.6,180,314.6,770.0,104.6,540.62,1310.62,3
Tue_00715,Tuesday,"Four Square Glen Eden,Four Square Fair Price Henderson,Four Square Lancaster",11,116.7,198,314.7,770.0,104.7,540.76,1310.76,3
Tue_00716,Tuesday,"Four Square Pakuranga Heights,New World Newmarket,Four Square Eden Terrace",13,80.8,234,314.8,770.0,104.8,541.5,1311.5,3
Tue_00717,Tuesday,"Four Square Britomart,Pak 'n Save Wairau Road",13,80.9,234,314.9,770.0,104.9,541.83,1311.83,2
Tue_00718,Tuesday,"Pak 'n Save Wairau Road,Four Square Eden Terrace",13,81.0,234,315.0,770.0,105.0,542.72,1312.72,2
Tue_00719,Tuesday,"Four Square Onehunga,Four Square Torbay,New World Metro Queen St",11,117.1,198,315.1,770.0,105.1,542.83,1312.83,3
Tue_00720,Tuesday,"Four Square Glen Eden,New World Point Chevalier,Four Square Britomart",13,81.2,234,315.2,770.0,105.2,543.46,1313.46,3
Tue_00721,Tuesday,"Four Square Onehunga,New World Stonefields,Four Square Remuera",14,63.2,252,315.2,770.0,105.2,543.68,1313.68,3
Tue_00722,Tuesday,"New World Metro Queen St,Four Square Pakuranga Heights,Four Square Botany Junction",12,99.3,216,315.3,770.0,105.3,544.3,1314.3,3
Tue_00723,Tuesday,"Four Square Lancaster,Four Square Britomart,New World Newmarket",12,99.4,216,315.4,770.0,105.4,544.44,1314.44,3
Tue_00724,Tuesday,"Four Square Britomart,New World Stonefields,Four Square Eden Terrace",13,81.4,234,315.4,770.0,105.4,544.49,1314.49,3
Tue_00725,Tuesday,"Four Square Hobsonville,New World Metro Shore City,Four Square St Heliers",10,135.4,180,315.4,770.0,105.4,544.69,1314.69,3
Tue_00726,Tuesday,"Four Square Pakuranga Heights,Four Square Eden Terrace,New World Point Chevalier",13,81.5,234,315.5,770.0,105.5,545.1,1315.1,3
Tue_00727,Tuesday,"Four Square Pakuranga Heights,Four Square Ellerslie,Four Square Hobsonville",11,117.5,198,315.5,770.0,105.5,545.12,1315.12,3
Tue_00728,Tuesday,"New World Metro Queen St,Four Square Remuera,Four Square Botany Junction",12,99.5,216,315.5,770.0,105.5,545.23,1315.23,3
Tue_00729,Tuesday,"Four Square Glen Eden,Four Square Fair Price Henderson,Four Square Ellerslie",12,99.6,216,315.6,770.0,105.6,545.46,1315.46,3
Tue_00730,Tuesday,"Four Square Glen Eden,Four Square Fair Price Henderson,Four Square Remuera",12,99.7,216,315.7,770.0,105.7,546.18,1316.18,3
Tue_00731,Tuesday,"Four Square Ellerslie,New World Eastridge,Four Square Britomart",13,81.7,234,315.7,770.0,105.7,546.2,1316.2,3
Tue_00732,Tuesday,"Four Square Britomart,New World Remuera,Four Square Onehunga",14,63.8,252,315.8,770.0,105.8,546.81,1316.81,3
Tue_00733,Tuesday,"New World Newmarket,Four Square Ellerslie,Four Square Remuera",14,64.0,252,316.0,770.0,106.0,547.46,1317.46,3
Tue_00734,Tuesday,"Four Square Britomart,New World Metro Queen St,Four Square Ellerslie,Four Square Onehunga",14,64.0,252,316.0,770.0,106.0,547.92,1317.92,4
Tue_00735,Tuesday,"New World Metro Shore City,New World Newmarket,Four Square Eden Terrace",13,82.1,234,316.1,770.0,106.1,548.38,1318.38,3
Tue_00736,Tuesday,"Four Square Onehunga,Four Square Ellerslie,Four Square St Heliers,Four Square Britomart",13,82.3,234,316.3,770.0,106.3,549.29,1319.29,4
Tue_00737,Tuesday,"New World Devonport,New World Metro Queen St",12,100.3,216,316.3,770.0,106.3,549.32,1319.32,2
Tue_00738,Tuesday,"Four Square Onehunga,Four Square Britomart,Four Square Eden Terrace,Four Square Hobsonville",12,100.3,216,316.3,770.0,106.3,549.4,1319.4,4
Tue_00739,Tuesday,"Four Square Onehunga,Four Square St Heliers,Four Square Britomart,New World Metro Queen St",13,82.4,234,316.4,770.0,106.4,549.77,1319.77,4
Tue_00740,Tuesday,"New World Browns Bay,Four Square St Heliers",10,136.5,180,316.5,770.0,106.5,550.41,1320.41,2
Tue_00741,Tuesday,"Four Square Onehunga,New World Newmarket,New World Metro Shore City",13,82.6,234,316.6,770.0,106.6,550.91,1320.91,3
Tue_00742,Tuesday,"Four Square Cockle Bay,Four Square St Heliers,New World Metro Queen St",11,118.7,198,316.7,770.0,106.7,551.27,1321.27,3
Tue_00743,Tuesday,"Four Square Onehunga,Four Square St Heliers,Four Square Remuera,Four Square Eden Terrace",13,82.7,234,316.7,770.0,106.7,551.52,1321.52,4
Tue_00744,Tuesday,"Four Square Lancaster,New World Metro Shore City,Four Square St Heliers",10,136.8,180,316.8,770.0,106.8,551.77,1321.77,3
Tue_00745,Tuesday,"Four Square Hobsonville,Four Square Torbay,New World Metro Shore City",11,118.9,198,316.9,770.0,106.9,552.44,1322.44,3
Tue_00746,Tuesday,"Pak 'n Save Highland Park,Four Square Eden Terrace",13,82.9,234,316.9,770.0,106.9,552.46,1322.46,2
Tue_00747,Tuesday,"Four Square Lancaster,New World Metro Queen St,Four Square Glen Eden",11,119.0,198,317.0,770.0,107.0,552.86,1322.86,3
Tue_00748,Tuesday,"Four Square Onehunga,Four Square Ellerslie,Four Square St Heliers,Four Square Eden Terrace",13,83.0,234,317.0,770.0,107.0,553.01,1323.01,4
Tue_00749,Tuesday,"Four Square Fair Price Henderson,Four Square Hobsonville,New World Point Chevalier",13,83.1,234,317.1,770.0,107.1,553.26,1323.26,3
Tue_00750,Tuesday,"Four Square Onehunga,Four Square Remuera,Four Square St Heliers,Four Square Britomart",13,83.1,234,317.1,770.0,107.1,553.27,1323.27,4
Tue_00751,Tuesday,"Four Square Onehunga,Four Square Ellerslie,New World Ormiston",13,83.1,234,317.1,770.0,107.1,553.47,1323.47,3
Tue_00752,Tuesday,"New World Southmall,New World Ormiston",13,83.1,234,317.1,770.0,107.1,553.51,1323.51,2
Tue_00753,Tuesday,"Four Square Cockle Bay,New World Remuera",12,101.2,216,317.2,770.0,107.2,553.97,1323.97,2
Tue_00754,Tuesday,"Four Square Britomart,New World Metro Queen St,New World New Lynn",14,65.2,252,317.2,770.0,107.2,554.06,1324.06,3
Tue_00755,Tuesday,"New World Mt Roskill,Four Square Britomart,Four Square St Heliers",13,83.4,234,317.4,770.0,107.4,554.76,1324.76,3
Tue_00756,Tuesday,"New World Ormiston,Four Square Britomart,Four Square Eden Terrace",12,101.5,216,317.5,770.0,107.5,555.17,1325.17,3
Tue_00757,Tuesday,"Four Square Eden Terrace,New World Metro Queen St,Four Square Ellerslie,Four Square Onehunga",14,65.5,252,317.5,770.0,107.5,555.27,1325.27,4
Tue_00758,Tuesday,"Four Square Cockle Bay,Four Square Pakuranga Heights,Four Square Ellerslie",12,101.5,216,317.5,770.0,107.5,555.46,1325.46,3
Tue_00759,Tuesday,"Four Square Cockle Bay,Four Square St Heliers,Four Square Ellerslie",11,119.6,198,317.6,770.0,107.6,555.75,1325.75,3
Tue_00760,Tuesday,"Four Square Remuera,Four Square St Heliers,New World Eastridge",13,83.7,234,317.7,770.0,107.7,556.51,1326.51,3
Tue_00761,Tuesday,"Four Square Onehunga,Four Square Torbay,New World Metro Shore City",11,119.8,198,317.8,770.0,107.8,556.95,1326.95,3
Tue_00762,Tuesday,"New World Milford,New World Metro Queen St",13,84.0,234,318.0,770.0,108.0,557.86,1327.86,2
Tue_00763,Tuesday,"Four Square Torbay,Four Square Remuera,Four Square Onehunga",11,120.0,198,318.0,770.0,108.0,558.02,1328.02,3
Tue_00764,Tuesday,"Four Square Fair Price Henderson,New World Point Chevalier,Four Square Britomart",13,84.1,234,318.1,770.0,108.1,558.26,1328.26,3
Tue_00765,Tuesday,"Four Square Onehunga,New World Metro Shore City,New World Point Chevalier",13,84.1,234,318.1,770.0,108.1,558.35,1328.35,3
Tue_00766,Tuesday,"New World Newmarket,Four Square Remuera,Four Square St Heliers",13,84.2,234,318.2,770.0,108.2,559.2,1329.2,3
Tue_00767,Tuesday,"Four Square Cockle Bay,Four Square Ellerslie,Four Square Remuera",12,102.2,216,318.2,770.0,108.2,559.23,1329.23,3
Tue_00768,Tuesday,"Four Square Lancaster,New World Long Bay",11,120.3,198,318.3,770.0,108.3,559.57,1329.57,2
Tue_00769,Tuesday,"Four Square Ellerslie,Four Square St Heliers,New World Eastridge",13,84.6,234,318.6,770.0,108.6,561.01,1331.01,3
Tue_00770,Tuesday,"Four Square Eden Terrace,New World Metro Queen St,New World New Lynn",14,66.7,252,318.7,770.0,108.7,561.4,1331.4,3
Tue_00771,Tuesday,"Four Square Britomart,Four Square Torbay,New World Metro Shore City",11,120.7,198,318.7,770.0,108.7,561.55,1331.55,3
Tue_00772,Tuesday,"Four Square Pakuranga Heights,Four Square Remuera,Four Square Hobsonville",11,120.7,198,318.7,770.0,108.7,561.69,1331.69,3
Tue_00773,Tuesday,"Pak 'n Save Westgate,Four Square Hobsonville",14,66.7,252,318.7,770.0,108.7,561.83,1331.83,2
Tue_00774,Tuesday,"Four Square Ellerslie,Four Square Remuera,New World Point Chevalier",14,66.8,252,318.8,770.0,108.8,562.1,1332.1,3
Tue_00775,Tuesday,"Four Square Onehunga,Four Square Remuera,New World Metro Queen St,Four Square Britomart",14,66.8,252,318.8,770.0,108.8,562.13,1332.13,4
Tue_00776,Tuesday,"Four Square Glen Eden,Four Square Hobsonville,Four Square St Heliers",10,138.9,180,318.9,770.0,108.9,562.73,1332.73,3
Tue_00777,Tuesday,"Four Square Britomart,New World Metro Shore City,New World Point Chevalier",13,85.0,234,319.0,770.0,109.0,562.94,1332.94,3
Tue_00778,Tuesday,"New World Newmarket,Four Square Ellerslie,Four Square St Heliers",13,85.1,234,319.1,770.0,109.1,563.7,1333.7,3
Tue_00779,Tuesday,"New World Metro Shore City,Four Square Eden Terrace,New World Point Chevalier",13,85.1,234,319.1,770.0,109.1,563.83,1333.83,3
Tue_00780,Tuesday,"Four Square Onehunga,Four Square Eden Terrace,Four Square Britomart,Four Square Lancaster",12,103.2,216,319.2,770.0,109.2,564.31,1334.31,4
Tue_00781,Tuesday,"Four Square Onehunga,Four Square St Heliers,New World Metro Queen St,Four Square Eden Terrace",13,85.4,234,319.4,770.0,109.4,565.12,1335.12,4
Tue_00782,Tuesday,"Four Square Botany Junction,Four Square Britomart,New World Metro Shore City",11,121.4,198,319.4,770.0,109.4,565.28,1335.28,3
Tue_00783,Tuesday,"Four Square Pakuranga Heights,New World Metro Queen St,Four Square Hobsonville",11,121.5,198,319.5,770.0,109.5,565.58,1335.58,3
Tue_00784,Tuesday,"Four Square Botany Junction,Four Square Cockle Bay,Four Square St Heliers",11,121.7,198,319.7,770.0,109.7,566.64,1336.64,3
Tue_00785,Tuesday,"Four Square Pakuranga Heights,Four Square St Heliers,Four Square Glen Eden",11,121.7,198,319.7,770.0,109.7,566.7,1336.7,3
Tue_00786,Tuesday,"Four Square Onehunga,Four Square Ellerslie,Four Square Remuera,Four Square Britomart",14,67.7,252,319.7,770.0,109.7,566.77,1336.77,4
Tue_00787,Tuesday,"Four Square Onehunga,Four Square Remuera,New World Metro Queen St,Four Square Eden Terrace",14,67.8,252,319.8,770.0,109.8,567.04,1337.04,4
Tue_00788,Tuesday,"Four Square Lancaster,Four Square Hobsonville,New World Point Chevalier",12,103.8,216,319.8,770.0,109.8,567.5,1337.5,3
Tue_00789,Tuesday,"Pak 'n Save Wairau Road,Four Square Hobsonville",13,85.9,234,319.9,770.0,109.9,567.75,1337.75,2
Tue_00790,Tuesday,"Four Square Hobsonville,Four Square Ellerslie,Four Square Botany Junction",11,121.9,198,319.9,770.0,109.9,567.8,1337.8,3
Tue_00791,Tuesday,"Four Square Botany Junction,Four Square Lancaster,Four Square Hobsonville",10,140.0,180,320.0,770.0,110.0,568.53,1338.53,3
Tue_00792,Tuesday,"Four Square Onehunga,Four Square Pakuranga Heights,New World Ormiston",13,86.1,234,320.1,770.0,110.1,569.01,1339.01,3
Tue_00793,Tuesday,"Four Square Onehunga,Four Square Cockle Bay,Four Square Lancaster",10,140.2,180,320.2,770.0,110.2,569.41,1339.41,3
Tue_00794,Tuesday,"Four Square Onehunga,New World Newmarket,Four Square Botany Junction",13,86.2,234,320.2,770.0,110.2,569.49,1339.49,3
Tue_00795,Tuesday,"Four Square Torbay,New World Metro Shore City,Four Square Eden Terrace",11,122.2,198,320.2,770.0,110.2,569.53,1339.53,3
Tue_00796,Tuesday,"Pak 'n Save Lincoln Road,Four Square Hobsonville",14,68.3,252,320.3,770.0,110.3,570.13,1340.13,2
Tue_00797,Tuesday,"New World Green Bay,Four Square Britomart,New World Metro Queen St",14,68.4,252,320.4,770.0,110.4,570.14,1340.14,3
Tue_00798,Tuesday,"Four Square Fair Price Henderson,Four Square Britomart,Four Square Botany Junction",11,122.5,198,320.5,770.0,110.5,570.79,1340.79,3
Tue_00799,Tuesday,"Four Square Lancaster,New World Metro Shore City,Four Square Glen Eden",11,122.5,198,320.5,770.0,110.5,571.1,1341.1,3
Tue_00800,Tuesday,"Four Square Ellerslie,Four Square Cockle Bay,Four Square Botany Junction",12,104.6,216,320.6,770.0,110.6,571.28,1341.28,3
Tue_00801,Tuesday,"Four Square Botany Junction,New World Metro Shore City,Four Square Eden Terrace",11,122.7,198,320.7,770.0,110.7,571.93,1341.93,3
Tue_00802,Tuesday,"New World Metro Queen St,Four Square St Heliers,New World Eastridge",13,86.7,234,320.7,770.0,110.7,571.96,1341.96,3
Tue_00803,Tuesday,"Four Square Cockle Bay,Four Square Pakuranga Heights,Four Square Remuera",12,104.7,216,320.7,770.0,110.7,572.04,1342.04,3
Tue_00804,Tuesday,"Four Square Glen Eden,Four Square Fair Price Henderson,Four Square St Heliers",11,122.9,198,320.9,770.0,110.9,572.79,1342.79,3
Tue_00805,Tuesday,"Four Square Lancaster,Pak 'n Save Wairau Road",13,87.0,234,321.0,770.0,111.0,573.49,1343.49,2
Tue_00806,Tuesday,"New World Newmarket,Four Square St Heliers,New World Metro Queen St",13,87.0,234,321.0,770.0,111.0,573.63,1343.63,3
Tue_00807,Tuesday,"Four Square Fair Price Henderson,Four Square Torbay,Four Square Hobsonville",11,123.0,198,321.0,770.0,111.0,573.69,1343.69,3
Tue_00808,Tuesday,"Four Square Pakuranga Heights,Four Square St Heliers,Four Square Lancaster",10,141.0,180,321.0,770.0,111.0,573.74,1343.74,3
Tue_00809,Tuesday,"Four Square Remuera,Four Square St Heliers,New World Point Chevalier",13,87.1,234,321.1,770.0,111.1,573.84,1343.84,3
Tue_00810,Tuesday,"Pak 'n Save Sylvia Park,Four Square Eden Terrace",14,69.1,252,321.1,770.0,111.1,574.09,1344.09,2
Tue_00811,Tuesday,"Four Square Cockle Bay,Four Square Pakuranga Heights,New World Metro Queen St",12,105.5,216,321.5,770.0,111.5,575.92,1345.92,3
Tue_00812,Tuesday,"Four Square Onehunga,New World Eastridge,Four Square Hobsonville",12,105.5,216,321.5,770.0,111.5,576.02,1346.02,3
Tue_00813,Tuesday,"New World Metro Shore City,Four Square Britomart,New World Newmarket",13,87.5,234,321.5,770.0,111.5,576.25,1346.25,3
Tue_00814,Tuesday,"Four Square Britomart,New World Newmarket,Four Square Glen Eden",13,87.5,234,321.5,770.0,111.5,576.31,1346.31,3
Tue_00815,Tuesday,"Four Square Pakuranga Heights,Four Square St Heliers,Four Square Fair Price Henderson",11,123.6,198,321.6,770.0,111.6,576.34,1346.34,3
Tue_00816,Tuesday,"Four Square Eden Terrace,New World Newmarket,Four Square Botany Junction",13,87.7,234,321.7,770.0,111.7,577.07,1347.07,3
Tue_00817,Tuesday,"Four Square Britomart,New World Remuera,Four Square Eden Terrace",14,69.7,252,321.7,770.0,111.7,577.12,1347.12,3
Tue_00818,Tuesday,"New World Green Bay,Four Square Eden Terrace,New World Metro Queen St",14,69.8,252,321.8,770.0,111.8,577.49,1347.49,3
Tue_00819,Tuesday,"Four Square Ellerslie,Four Square St Heliers,New World Point Chevalier",13,87.9,234,321.9,770.0,111.9,578.34,1348.34,3
Tue_00820,Tuesday,"Four Square Pakuranga Heights,Four Square Fair Price Henderson,Four Square Hobsonville",11,123.9,198,321.9,770.0,111.9,578.34,1348.34,3
Tue_00821,Tuesday,"Four Square Eden Terrace,New World Stonefields,Four Square St Heliers",13,88.0,234,322.0,770.0,112.0,578.41,1348.41,3
Tue_00822,Tuesday,"Four Square Eden Terrace,New World Metro Queen St,Four Square Britomart,Four Square St Heliers",13,88.0,234,322.0,770.0,112.0,578.5,1348.5,4
Tue_00823,Tuesday,"Four Square Pakuranga Heights,Four Square Ellerslie,Four Square Lancaster",11,124.1,198,322.1,770.0,112.1,579.04,1349.04,3
Tue_00824,Tuesday,"New World Ormiston,Four Square Botany Junction,Four Square Eden Terrace",13,88.1,234,322.1,770.0,112.1,579.14,1349.14,3
Tue_00825,Tuesday,"Four Square Fair Price Henderson,Four Square Torbay,Four Square Britomart",11,124.1,198,322.1,770.0,112.1,579.31,1349.31,3
Tue_00826,Tuesday,"New World Howick,Four Square St Heliers",12,106.3,216,322.3,770.0,112.3,580.09,1350.09,2
Tue_00827,Tuesday,"Four Square Fair Price Henderson,Four Square Torbay,Four Square Eden Terrace",11,124.3,198,322.3,770.0,112.3,580.15,1350.15,3
Tue_00828,Tuesday,"New World Mt Albert,Four Square Eden Terrace,New World Metro Queen St",15,52.3,270,322.3,770.0,112.3,580.25,1350.25,3
Tue_00829,Tuesday,"Four Square Pakuranga Heights,New World Eastridge,Four Square Onehunga",13,88.4,234,322.4,770.0,112.4,580.72,1350.72,3
Tue_00830,Tuesday,"Four Square Pakuranga Heights,New World Metro Queen St,Four Square Lancaster",11,124.4,198,322.4,770.0,112.4,580.76,1350.76,3
Tue_00831,Tuesday,"Four Square Britomart,New World Metro Queen St,New World Mt Albert",15,52.5,270,322.5,770.0,112.5,581.36,1351.36,3
Tue_00832,Tuesday,"Four Square Fair Price Henderson,Four Square Britomart,New World Newmarket",13,88.6,234,322.6,770.0,112.6,581.66,1351.66,3
Tue_00833,Tuesday,"New World Newmarket,Four Square Lancaster,Four Square Hobsonville",12,106.6,216,322.6,770.0,112.6,581.76,1351.76,3
Tue_00834,Tuesday,"Four Square Ellerslie,New World Stonefields,Four Square Eden Terrace",14,70.6,252,322.6,770.0,112.6,581.78,1351.78,3
Tue_00835,Tuesday,"New World Howick,Four Square Botany Junction",13,88.7,234,322.7,770.0,112.7,582.25,1352.25,2
Tue_00836,Tuesday,"New World Howick,Four Square Pakuranga Heights",13,88.7,234,322.7,770.0,112.7,582.32,1352.32,2
Tue_00837,Tuesday,"Four Square Fair Price Henderson,Four Square Torbay,Four Square Onehunga",11,124.7,198,322.7,770.0,112.7,582.46,1352.46,3
Tue_00838,Tuesday,"Four Square Fair Price Henderson,New World Metro Shore City,New World Metro Queen St",12,106.9,216,322.9,770.0,112.9,583.24,1353.24,3
Tue_00839,Tuesday,"New World Long Bay,Four Square Torbay",12,107.0,216,323.0,770.0,113.0,583.95,1353.95,2
Tue_00840,Tuesday,"Four Square Cockle Bay,Four Square Eden Terrace,Four Square Glen Eden",11,125.1,198,323.1,770.0,113.1,584.33,1354.33,3
Tue_00841,Tuesday,"Four Square Botany Junction,Four Square Eden Terrace,New World Point Chevalier",13,89.2,234,323.2,770.0,113.2,584.64,1354.64,3
Tue_00842,Tuesday,"New World Metro Shore City,New World Metro Queen St,Four Square Glen Eden",12,107.2,216,323.2,770.0,113.2,584.66,1354.66,3
Tue_00843,Tuesday,"New World Newmarket,Four Square Ellerslie,New World Metro Queen St",14,71.2,252,323.2,770.0,113.2,584.83,1354.83,3
Tue_00844,Tuesday,"Four Square Fair Price Henderson,Four Square Lancaster,Four Square Ellerslie",11,125.2,198,323.2,770.0,113.2,584.94,1354.94,3
Tue_00845,Tuesday,"New World Remuera,New World Eastridge",14,71.3,252,323.3,770.0,113.3,585.14,1355.14,2
Tue_00846,Tuesday,"Four Square Britomart,Four Square St Heliers,New World Stonefields",13,89.3,234,323.3,770.0,113.3,585.32,1355.32,3
Tue_00847,Tuesday,"New World Newmarket,Four Square Remuera,New World Metro Queen St",14,71.3,252,323.3,770.0,113.3,585.56,1355.56,3
Tue_00848,Tuesday,"Four Square Fair Price Henderson,Four Square Lancaster,Four Square Remuera",11,125.4,198,323.4,770.0,113.4,585.66,1355.66,3
Tue_00849,Tuesday,"Four Square Pakuranga Heights,New World Papakura",12,107.5,216,323.5,770.0,113.5,586.41,1356.41,2
Tue_00850,Tuesday,"Four Square Onehunga,New World Stonefields,New World Metro Queen St",14,71.6,252,323.6,770.0,113.6,586.69,1356.69,3
Tue_00851,Tuesday,"Four Square Torbay,Four Square Ellerslie,Four Square Eden Terrace",11,125.6,198,323.6,770.0,113.6,586.91,1356.91,3
Tue_00852,Tuesday,"New World Stonefields,Four Square Remuera,Four Square Eden Terrace",14,71.7,252,323.7,770.0,113.7,587.22,1357.22,3
Tue_00853,Tuesday,"Four Square Cockle Bay,Four Square Britomart,Four Square Hobsonville",10,143.7,180,323.7,770.0,113.7,587.46,1357.46,3
Tue_00854,Tuesday,"Four Square Torbay,Four Square Remuera,Four Square Eden Terrace",11,125.7,198,323.7,770.0,113.7,587.64,1357.64,3
Tue_00855,Tuesday,"Four Square Onehunga,Four Square Remuera,New World Ormiston",13,89.8,234,323.8,770.0,113.8,587.83,1357.83,3
Tue_00856,Tuesday,"Four Square Pakuranga Heights,New World Newmarket,Four Square Britomart",13,89.9,234,323.9,770.0,113.9,588.35,1358.35,3
Tue_00857,Tuesday,"Four Square Pakuranga Heights,Four Square Ellerslie,Four Square Glen Eden",12,108.0,216,324.0,770.0,114.0,588.84,1358.84,3
Tue_00858,Tuesday,"New World Metro Queen St,Four Square St Heliers,New World Point Chevalier",13,90.1,234,324.1,770.0,114.1,589.29,1359.29,3
Tue_00859,Tuesday,"Four Square Onehunga,Four Square Ellerslie,New World Mt Albert",15,54.1,270,324.1,770.0,114.1,589.49,1359.49,3
Tue_00860,Tuesday,"New World Long Bay,New World Metro Queen St",12,108.1,216,324.1,770.0,114.1,589.74,1359.74,2
Tue_00861,Tuesday,"Four Square Britomart,Four Square St Heliers,Four Square Remuera,Four Square Eden Terrace",13,90.3,234,324.3,770.0,114.3,590.4,1360.4,4
Tue_00862,Tuesday,"Four Square Glen Eden,Four Square Hobsonville,New World Point Chevalier",13,90.3,234,324.3,770.0,114.3,590.53,1360.53,3
Tue_00863,Tuesday,"Four Square Hobsonville,New World Point Chevalier,New World Metro Queen St",13,90.5,234,324.5,770.0,114.5,591.79,1361.79,3
Tue_00864,Tuesday,"Four Square Pakuranga Heights,Four Square Britomart,New World Point Chevalier",13,90.6,234,324.6,770.0,114.6,591.94,1361.94,3
Tue_00865,Tuesday,"Four Square Hobsonville,Four Square Pakuranga Heights,Four Square Botany Junction",11,126.7,198,324.7,770.0,114.7,592.74,1362.74,3
Tue_00866,Tuesday,"Four Square Torbay,Four Square Britomart,Four Square St Heliers",10,144.8,180,324.8,770.0,114.8,592.91,1362.91,3
Tue_00867,Tuesday,"Pak 'n Save Lincoln Road,Four Square Fair Price Henderson",15,54.8,270,324.8,770.0,114.8,593.01,1363.01,2
Tue_00868,Tuesday,"Four Square Onehunga,Four Square Britomart,Four Square Eden Terrace,Four Square Glen Eden",13,90.8,234,324.8,770.0,114.8,593.11,1363.11,4
Tue_00869,Tuesday,"Four Square Hobsonville,Four Square Remuera,Four Square Botany Junction",11,126.9,198,324.9,770.0,114.9,593.67,1363.67,3
Tue_00870,Tuesday,"Four Square Cockle Bay,Four Square Eden Terrace,Four Square Fair Price Henderson",11,127.0,198,325.0,770.0,115.0,593.97,1363.97,3
Tue_00871,Tuesday,"Four Square Onehunga,New World Newmarket,New World Point Chevalier",15,55.2,270,325.2,770.0,115.2,595.0,1365.0,3
Tue_00872,Tuesday,"Four Square Pakuranga Heights,Four Square Remuera,Four Square Lancaster",11,127.3,198,325.3,770.0,115.3,595.61,1365.61,3
Tue_00873,Tuesday,"Four Square Torbay,New World Hobsonville",12,109.3,216,325.3,770.0,115.3,595.89,1365.89,2
Tue_00874,Tuesday,"Four Square Onehunga,Four Square Eden Terrace,Four Square Britomart,New World Metro Shore City",13,91.4,234,325.4,770.0,115.4,596.12,1366.12,4
Tue_00875,Tuesday,"Four Square Cockle Bay,Four Square Ellerslie,New World Metro Queen St",12,109.5,216,325.5,770.0,115.5,596.6,1366.6,3
Tue_00876,Tuesday,"Four Square Lancaster,Four Square Torbay,New World Metro Queen St",11,127.5,198,325.5,770.0,115.5,596.71,1366.71,3
Tue_00877,Tuesday,"Four Square Onehunga,Four Square Pakuranga Heights,Four Square Britomart,Four Square Eden Terrace",13,91.5,234,325.5,770.0,115.5,596.75,1366.75,4
Tue_00878,Tuesday,"Four Square Remuera,Four Square Cockle Bay,Four Square Botany Junction",12,109.6,216,325.6,770.0,115.6,597.16,1367.16,3
Tue_00879,Tuesday,"Four Square Britomart,New World Metro Queen St,Four Square Ellerslie,Four Square Eden Terrace",14,73.6,252,325.6,770.0,115.6,597.41,1367.41,4
Tue_00880,Tuesday,"New World Newmarket,Four Square Eden Terrace,New World Point Chevalier",15,55.7,270,325.7,770.0,115.7,597.87,1367.87,3
Tue_00881,Tuesday,"Four Square Britomart,New World Metro Queen St,Four Square Remuera,Four Square Eden Terrace",14,73.8,252,325.8,770.0,115.8,598.13,1368.13,4
Tue_00882,Tuesday,"Four Square Pakuranga Heights,Four Square Ellerslie,Four Square Fair Price Henderson",12,109.8,216,325.8,770.0,115.8,598.48,1368.48,3
Tue_00883,Tuesday,"Four Square Torbay,Four Square St Heliers,Four Square Onehunga",10,145.9,180,325.9,770.0,115.9,598.66,1368.66,3
Tue_00884,Tuesday,"Four Square Onehunga,Four Square Remuera,New World Mt Albert",15,55.9,270,325.9,770.0,115.9,598.69,1368.69,3
Tue_00885,Tuesday,"Four Square Cockle Bay,Four Square Britomart,Four Square Lancaster",10,146.0,180,326.0,770.0,116.0,599.26,1369.26,3
Tue_00886,Tuesday,"Four Square Hobsonville,Four Square Britomart,New World Metro Queen St,Four Square Eden Terrace",13,92.0,234,326.0,770.0,116.0,599.27,1369.27,4
Tue_00887,Tuesday,"Pak 'n Save Highland Park,Four Square Britomart",13,92.0,234,326.0,770.0,116.0,599.3,1369.3,2
Tue_00888,Tuesday,"Four Square Onehunga,New World Remuera,Four Square Remuera",15,56.0,270,326.0,770.0,116.0,599.34,1369.34,3
Tue_00889,Tuesday,"Four Square Ellerslie,New World Metro Queen St,New World Point Chevalier",14,74.0,252,326.0,770.0,116.0,599.47,1369.47,3
Tue_00890,Tuesday,"Four Square Eden Terrace,Four Square Ellerslie,Four Square St Heliers,Four Square Britomart",13,92.1,234,326.1,770.0,116.1,599.93,1369.93,4
Tue_00891,Tuesday,"Four Square Remuera,New World Metro Queen St,New World Point Chevalier",14,74.2,252,326.2,770.0,116.2,600.19,1370.19,3
Tue_00892,Tuesday,"Four Square Glen Eden,Four Square Fair Price Henderson,New World Point Chevalier",14,74.2,252,326.2,770.0,116.2,600.58,1370.58,3
Tue_00893,Tuesday,"Four Square Lancaster,Four Square Ellerslie,Four Square Botany Junction",11,128.2,198,326.2,770.0,116.2,600.6,1370.6,3
Tue_00894,Tuesday,"Four Square Onehunga,Four Square St Heliers,New World Ormiston",12,110.3,216,326.3,770.0,116.3,600.82,1370.82,3
Tue_00895,Tuesday,"Four Square Hobsonville,Four Square Torbay,Four Square Ellerslie",11,128.4,198,326.4,770.0,116.4,601.2,1371.2,3
Tue_00896,Tuesday,"Four Square Onehunga,Four Square Cockle Bay,New World Metro Shore City",11,128.4,198,326.4,770.0,116.4,601.22,1371.22,3
Tue_00897,Tuesday,"Four Square Botany Junction,Four Square St Heliers,Four Square Hobsonville",10,146.4,180,326.4,770.0,116.4,601.27,1371.27,3
Tue_00898,Tuesday,"Four Square Hobsonville,Four Square Torbay,Four Square Remuera",11,128.5,198,326.5,770.0,116.5,601.92,1371.92,3
Tue_00899,Tuesday,"Four Square Glen Eden,Four Square Fair Price Henderson,New World Metro Shore City",12,110.5,216,326.5,770.0,116.5,601.95,1371.95,3
Tue_00900,Tuesday,"Four Square Cockle Bay,New World Howick",13,92.6,234,326.6,770.0,116.6,602.18,1372.18,2
Tue_00901,Tuesday,"Four Square Onehunga,Four Square Britomart,Four Square Eden Terrace,Four Square Fair Price Henderson",13,92.7,234,326.7,770.0,116.7,602.75,1372.75,4
Tue_00902,Tuesday,"Four Square Onehunga,Four Square Ellerslie,New World Remuera",15,56.7,270,326.7,770.0,116.7,603.0,1373.0,3
Tue_00903,Tuesday,"New World Howick,Four Square Ellerslie",13,92.7,234,326.7,770.0,116.7,603.01,1373.01,2
Tue_00904,Tuesday,"Four Square Eden Terrace,Four Square Britomart,Four Square Lancaster,Four Square Hobsonville",12,110.8,216,326.8,770.0,116.8,603.29,1373.29,4
Tue_00905,Tuesday,"New World Long Bay,New World Metro Shore City",12,110.9,216,326.9,770.0,116.9,603.87,1373.87,2
Tue_00906,Tuesday,"Four Square Eden Terrace,Four Square Ellerslie,New World Ormiston",13,92.9,234,326.9,770.0,116.9,604.12,1374.12,3
Tue_00907,Tuesday,"Four Square Pakuranga Heights,Four Square Remuera,Four Square Glen Eden",12,111.2,216,327.2,770.0,117.2,605.41,1375.41,3
Tue_00908,Tuesday,"Four Square Pakuranga Heights,Four Square St Heliers,New World Metro Shore City",11,129.2,198,327.2,770.0,117.2,605.55,1375.55,3
Tue_00909,Tuesday,"Four Square Pakuranga Heights,Four Square Lancaster,New World Metro Shore City",11,129.2,198,327.2,770.0,117.2,605.75,1375.75,3
Tue_00910,Tuesday,"Four Square Cockle Bay,Four Square Lancaster,Four Square Eden Terrace",10,147.3,180,327.3,770.0,117.3,605.91,1375.91,3
Tue_00911,Tuesday,"Four Square Pakuranga Heights,New World Metro Shore City,Four Square Hobsonville",11,129.3,198,327.3,770.0,117.3,605.97,1375.97,3
Tue_00912,Tuesday,"Four Square Ellerslie,Four Square Remuera,New World Eastridge",14,75.6,252,327.6,770.0,117.6,607.38,1377.38,3
Tue_00913,Tuesday,"New World Metro Queen St,Four Square Cockle Bay,Four Square Botany Junction",12,111.6,216,327.6,770.0,117.6,607.81,1377.81,3
Tue_00914,Tuesday,"Four Square Hobsonville,Four Square Eden Terrace,Four Square Ellerslie,Four Square Onehunga",13,93.7,234,327.7,770.0,117.7,608.03,1378.03,4
Tue_00915,Tuesday,"Four Square Ellerslie,Four Square Eden Terrace,New World New Lynn",14,75.7,252,327.7,770.0,117.7,608.12,1378.12,3
Tue_00916,Tuesday,"Four Square Remuera,Four Square Eden Terrace,New World New Lynn",14,75.8,252,327.8,770.0,117.8,608.84,1378.84,3
Tue_00917,Tuesday,"Four Square Onehunga,Pak 'n Save Glen Innes",14,75.9,252,327.9,770.0,117.9,609.22,1379.22,2
Tue_00918,Tuesday,"Four Square Pakuranga Heights,New World Metro Queen St,Four Square Glen Eden",12,111.9,216,327.9,770.0,117.9,609.29,1379.29,3
Tue_00919,Tuesday,"Four Square Britomart,Four Square Torbay,Four Square Ellerslie",11,130.1,198,328.1,770.0,118.1,610.32,1380.32,3
Tue_00920,Tuesday,"Four Square Pakuranga Heights,New World Eastridge,Four Square Eden Terrace",13,94.1,234,328.1,770.0,118.1,610.34,1380.34,3
Tue_00921,Tuesday,"Four Square Britomart,Four Square Ellerslie,Four Square Remuera,Four Square Eden Terrace",14,76.1,252,328.1,770.0,118.1,610.39,1380.39,4
Tue_00922,Tuesday,"Four Square Hobsonville,Four Square Eden Terrace,New World Eastridge",12,112.2,216,328.2,770.0,118.2,610.82,1380.82,3
Tue_00923,Tuesday,"Four Square Lancaster,Four Square Torbay,New World Metro Shore City",11,130.2,198,328.2,770.0,118.2,610.83,1380.83,3
Tue_00924,Tuesday,"Four Square Pakuranga Heights,Four Square Ellerslie,New World Metro Shore City",12,112.2,216,328.2,770.0,118.2,610.84,1380.84,3
Tue_00925,Tuesday,"Four Square Glen Eden,Four Square Torbay,Four Square Hobsonville",11,130.2,198,328.2,770.0,118.2,610.96,1380.96,3
Tue_00926,Tuesday,"Four Square Britomart,Four Square Torbay,Four Square Remuera",11,130.3,198,328.3,770.0,118.3,611.04,1381.04,3
Tue_00927,Tuesday,"Four Square Hobsonville,Four Square Britomart,New World Eastridge",12,112.4,216,328.4,770.0,118.4,611.73,1381.73,3
Tue_00928,Tuesday,"Four Square Pakuranga Heights,New World Eastridge,Four Square Britomart",13,94.4,234,328.4,770.0,118.4,611.84,1381.84,3
Tue_00929,Tuesday,"Four Square Fair Price Henderson,Four Square Lancaster,Four Square St Heliers",10,148.5,180,328.5,770.0,118.5,612.27,1382.27,3
Tue_00930,Tuesday,"Four Square Pakuranga Heights,New World Metro Queen St,New World Metro Shore City",12,112.6,216,328.6,770.0,118.6,612.57,1382.57,3
Tue_00931,Tuesday,"New World Southmall,Four Square Britomart,Four Square Eden Terrace",13,94.6,234,328.6,770.0,118.6,612.88,1382.88,3
Tue_00932,Tuesday,"New World Victoria Park,Four Square Britomart,Four Square Eden Terrace",15,58.7,270,328.7,770.0,118.7,613.08,1383.08,3
Tue_00933,Tuesday,"Four Square Cockle Bay,Four Square Remuera,New World Metro Queen St",12,112.7,216,328.7,770.0,118.7,613.17,1383.17,3
Tue_00934,Tuesday,"Four Square Hobsonville,New World Newmarket,New World Metro Queen St",13,94.9,234,328.9,770.0,118.9,614.06,1384.06,3
Tue_00935,Tuesday,"Four Square Onehunga,Four Square Britomart,Four Square Lancaster,Four Square Hobsonville",12,113.0,216,329.0,770.0,119.0,614.82,1384.82,4
Tue_00936,Tuesday,"Four Square Pakuranga Heights,Four Square Remuera,Four Square Fair Price Henderson",12,113.0,216,329.0,770.0,119.0,615.05,1385.05,3
Tue_00937,Tuesday,"Four Square Lancaster,Four Square Britomart,New World Metro Queen St,Four Square Eden Terrace",13,95.1,234,329.1,770.0,119.1,615.41,1385.41,4
Tue_00938,Tuesday,"Four Square Pakuranga Heights,Four Square St Heliers,New World Eastridge",13,95.1,234,329.1,770.0,119.1,615.47,1385.47,3
Tue_00939,Tuesday,"Four Square Lancaster,Four Square Ellerslie,Four Square Glen Eden",11,131.2,198,329.2,770.0,119.2,615.74,1385.74,3
Tue_00940,Tuesday,"Four Square Fair Price Henderson,Four Square Hobsonville,Four Square Botany Junction",11,131.2,198,329.2,770.0,119.2,615.95,1385.95,3
Tue_00941,Tuesday,"Four Square Lancaster,Four Square Remuera,Four Square Glen Eden",11,131.3,198,329.3,770.0,119.3,616.47,1386.47,3
Tue_00942,Tuesday,"Four Square Glen Eden,Four Square Torbay,Four Square Britomart",11,131.3,198,329.3,770.0,119.3,616.58,1386.58,3
Tue_00943,Tuesday,"Four Square Glen Eden,Four Square Ellerslie,Four Square Botany Junction",12,113.4,216,329.4,770.0,119.4,616.68,1386.68,3
Tue_00944,Tuesday,"Four Square Britomart,New World Newmarket,Four Square Botany Junction",13,95.4,234,329.4,770.0,119.4,616.89,1386.89,3
Tue_00945,Tuesday,"Four Square Glen Eden,Four Square Torbay,Four Square Eden Terrace",11,131.5,198,329.5,770.0,119.5,617.42,1387.42,3
Tue_00946,Tuesday,"Four Square Pakuranga Heights,New World Stonefields,Four Square Onehunga",14,77.5,252,329.5,770.0,119.5,617.5,1387.5,3
Tue_00947,Tuesday,"Four Square Britomart,Pak 'n Save Sylvia Park",14,77.7,252,329.7,770.0,119.7,618.62,1388.62,2
Tue_00948,Tuesday,"Four Square Onehunga,Four Square Ellerslie,New World Southmall",14,77.8,252,329.8,770.0,119.8,618.77,1388.77,3
Tue_00949,Tuesday,"Four Square Pakuranga Heights,New World Metro Queen St,Four Square Fair Price Henderson",12,113.8,216,329.8,770.0,119.8,618.93,1388.93,3
Tue_00950,Tuesday,"Four Square Lancaster,New World Metro Queen St,New World Point Chevalier",13,95.8,234,329.8,770.0,119.8,618.95,1388.95,3
Tue_00951,Tuesday,"Four Square Onehunga,New World Hobsonville,Four Square Hobsonville",14,77.8,252,329.8,770.0,119.8,619.14,1389.14,3
Tue_00952,Tuesday,"Four Square Onehunga,Four Square St Heliers,New World Mt Albert",14,77.8,252,329.8,770.0,119.8,619.19,1389.19,3
Tue_00953,Tuesday,"New World Howick,Four Square Remuera",13,95.9,234,329.9,770.0,119.9,619.58,1389.58,2
Tue_00954,Tuesday,"Four Square Onehunga,Four Square Eden Terrace,New World Victoria Park",15,59.9,270,329.9,770.0,119.9,619.62,1389.62,3
Tue_00955,Tuesday,"Four Square Botany Junction,New World Metro Queen St,Four Square Lancaster",11,132.1,198,330.1,770.0,120.1,620.31,1390.31,3
Tue_00956,Tuesday,"Four Square Onehunga,Four Square Remuera,Four Square Eden Terrace,Four Square Hobsonville",13,96.1,234,330.1,770.0,120.1,620.36,1390.36,4
Tue_00957,Tuesday,"Four Square Lancaster,New World Eastridge,Four Square Onehunga",12,114.2,216,330.2,770.0,120.2,620.91,1390.91,3
Tue_00958,Tuesday,"Four Square Fair Price Henderson,Four Square Ellerslie,Four Square Botany Junction",12,114.2,216,330.2,770.0,120.2,621.15,1391.15,3
Tue_00959,Tuesday,"New World Ormiston,Four Square Pakuranga Heights,Four Square Eden Terrace",13,96.4,234,330.4,770.0,120.4,622.15,1392.15,3
Tue_00960,Tuesday,"Four Square Onehunga,New World Metro Queen St,Four Square Britomart,Four Square Hobsonville",13,96.4,234,330.4,770.0,120.4,622.3,1392.3,4
Tue_00961,Tuesday,"Four Square Remuera,New World Eastridge,New World Metro Queen St",14,78.6,252,330.6,770.0,120.6,623.05,1393.05,3
Tue_00962,Tuesday,"New World Mt Roskill,Four Square Lancaster,Four Square Hobsonville",13,96.6,234,330.6,770.0,120.6,623.35,1393.35,3
Tue_00963,Tuesday,"New World Howick,New World Metro Queen St",13,96.7,234,330.7,770.0,120.7,623.46,1393.46,2
Tue_00964,Tuesday,"Four Square Onehunga,Four Square Ellerslie,Four Square Remuera,Four Square St Heliers",14,78.7,252,330.7,770.0,120.7,623.87,1393.87,4
Tue_00965,Tuesday,"Pak 'n Save Wairau Road,New World Metro Shore City",14,78.8,252,330.8,770.0,120.8,624.09,1394.09,2
Tue_00966,Tuesday,"Four Square Britomart,New World Metro Queen St,New World Stonefields",14,78.9,252,330.9,770.0,120.9,624.42,1394.42,3
Tue_00967,Tuesday,"Four Square Pakuranga Heights,Four Square St Heliers,New World Newmarket",13,96.9,234,330.9,770.0,120.9,624.46,1394.46,3
Tue_00968,Tuesday,"Four Square Pakuranga Heights,Four Square Botany Junction,Four Square Glen Eden",12,114.9,216,330.9,770.0,120.9,624.84,1394.84,3
Tue_00969,Tuesday,"New World Hobsonville,Four Square Hobsonville,Four Square Eden Terrace",14,78.9,252,330.9,770.0,120.9,624.9,1394.9,3
Tue_00970,Tuesday,"New World Mt Roskill,Four Square Ellerslie,Four Square Remuera",15,61.0,270,331.0,770.0,121.0,625.01,1395.01,3
Tue_00971,Tuesday,"Four Square Onehunga,New World Remuera,Four Square St Heliers",14,79.0,252,331.0,770.0,121.0,625.4,1395.4,3
Tue_00972,Tuesday,"Four Square Lancaster,Four Square Pakuranga Heights,Four Square Botany Junction",11,133.1,198,331.1,770.0,121.1,625.54,1395.54,3
Tue_00973,Tuesday,"New World Ormiston,Four Square Botany Junction,Four Square Britomart",13,97.2,234,331.2,770.0,121.2,625.98,1395.98,3
Tue_00974,Tuesday,"Four Square Britomart,Four Square Ellerslie,New World Stonefields",14,79.2,252,331.2,770.0,121.2,626.31,1396.31,3
Tue_00975,Tuesday,"Four Square Lancaster,Four Square Remuera,Four Square Botany Junction",11,133.3,198,331.3,770.0,121.3,626.47,1396.47,3
Tue_00976,Tuesday,"Four Square Onehunga,Four Square Eden Terrace,Four Square Lancaster,Four Square Hobsonville",12,115.3,216,331.3,770.0,121.3,626.5,1396.5,4
Tue_00977,Tuesday,"Four Square Pakuranga Heights,Four Square Fair Price Henderson,Four Square Glen Eden",12,115.3,216,331.3,770.0,121.3,626.72,1396.72,3
Tue_00978,Tuesday,"Four Square Fair Price Henderson,Four Square Hobsonville,New World Newmarket",13,97.3,234,331.3,770.0,121.3,626.82,1396.82,3
Tue_00979,Tuesday,"Four Square Onehunga,New World Metro Queen St,Four Square Eden Terrace,Four Square Hobsonville",13,97.4,234,331.4,770.0,121.4,627.21,1397.21,4
Tue_00980,Tuesday,"Four Square Pakuranga Heights,Four Square Remuera,New World Metro Shore City",12,115.4,216,331.4,770.0,121.4,627.41,1397.41,3
Tue_00981,Tuesday,"Four Square Cockle Bay,Four Square St Heliers,Four Square Hobsonville",10,151.5,180,331.5,770.0,121.5,627.54,1397.54,3
Tue_00982,Tuesday,"Four Square Lancaster,Four Square Britomart,New World Eastridge",12,115.5,216,331.5,770.0,121.5,627.86,1397.86,3
Tue_00983,Tuesday,"New World Ormiston,New World Metro Queen St,Four Square Britomart",13,97.6,234,331.6,770.0,121.6,628.07,1398.07,3
Tue_00984,Tuesday,"Four Square Hobsonville,Four Square Torbay,Four Square St Heliers",10,151.7,180,331.7,770.0,121.7,628.53,1398.53,3
Tue_00985,Tuesday,"New World Ormiston,Four Square Remuera,Four Square Eden Terrace",13,97.7,234,331.7,770.0,121.7,628.56,1398.56,3
Tue_00986,Tuesday,"Four Square Onehunga,Four Square Britomart,New World Victoria Park",15,61.7,270,331.7,770.0,121.7,628.66,1398.66,3
Tue_00987,Tuesday,"Four Square Onehunga,New World Eastridge,Four Square Fair Price Henderson",13,97.8,234,331.8,770.0,121.8,629.38,1399.38,3
Tue_00988,Tuesday,"Pak 'n Save Wairau Road,New World Metro Queen St",14,79.9,252,331.9,770.0,121.9,629.65,1399.65,2
Tue_00989,Tuesday,"Four Square Cockle Bay,Four Square Pakuranga Heights,Four Square Hobsonville",11,133.9,198,331.9,770.0,121.9,629.77,1399.77,3
Tue_00990,Tuesday,"Four Square Fair Price Henderson,New World Long Bay",12,115.9,216,331.9,770.0,121.9,629.94,1399.94,2
Tue_00991,Tuesday,"Four Square Hobsonville,New World Metro Shore City,New World Point Chevalier",13,98.0,234,332.0,770.0,122.0,630.12,1400.12,3
Tue_00992,Tuesday,"New World Stonefields,New World Metro Queen St,Four Square Eden Terrace",14,80.1,252,332.1,770.0,122.1,630.77,1400.77,3
Tue_00993,Tuesday,"Four Square Britomart,Four Square St Heliers,New World New Lynn",13,98.1,234,332.1,770.0,122.1,630.78,1400.78,3
Tue_00994,Tuesday,"New World Remuera,Four Square Remuera,Four Square Eden Terrace",15,62.1,270,332.1,770.0,122.1,630.94,1400.94,3
Tue_00995,Tuesday,"Four Square Cockle Bay,Four Square Britomart,New World Metro Shore City",11,134.1,198,332.1,770.0,122.1,631.07,1401.07,3
Tue_00996,Tuesday,"Four Square Torbay,Four Square St Heliers,Four Square Eden Terrace",10,152.1,180,332.1,770.0,122.1,631.09,1401.09,3
Tue_00997,Tuesday,"Four Square Onehunga,New World Remuera,New World Metro Queen St",15,62.2,270,332.2,770.0,122.2,631.27,1401.27,3
Tue_00998,Tuesday,"Four Square Botany Junction,Four Square Britomart,New World Point Chevalier",13,98.2,234,332.2,770.0,122.2,631.49,1401.49,3
Tue_00999,Tuesday,"New World Mt Albert,Four Square Eden Terrace,Four Square Ellerslie",15,62.3,270,332.3,770.0,122.3,631.68,1401.68,3
Tue_01000,Tuesday,"Four Square Britomart,New World Stonefields,Four Square Remuera",14,80.3,252,332.3,770.0,122.3,631.76,1401.76,3
Tue_01001,Tuesday,"Four Square Onehunga,Four Square Cockle Bay,New World Ormiston",13,98.3,234,332.3,770.0,122.3,632.01,1402.01,3
Tue_01002,Tuesday,"Four Square Lancaster,New World Metro Queen St,New World Newmarket",13,98.4,234,332.4,770.0,122.4,632.22,1402.22,3
Tue_01003,Tuesday,"New World Mt Albert,Four Square Eden Terrace,Four Square Remuera",15,62.4,270,332.4,770.0,122.4,632.4,1402.4,3
Tue_01004,Tuesday,"New World Metro Shore City,Four Square Ellerslie,Four Square Botany Junction",12,116.4,216,332.4,770.0,122.4,632.41,1402.41,3
Tue_01005,Tuesday,"Four Square Pakuranga Heights,Four Square St Heliers,New World Point Chevalier",13,98.5,234,332.5,770.0,122.5,632.8,1402.8,3
Tue_01006,Tuesday,"New World Ormiston,New World Metro Queen St,Four Square Eden Terrace",13,98.5,234,332.5,770.0,122.5,632.98,1402.98,3
Tue_01007,Tuesday,"Four Square Onehunga,New World Metro Queen St,Four Square Britomart,Four Square Lancaster",13,98.7,234,332.7,770.0,122.7,634.1,1404.1,4
Tue_01008,Tuesday,"Four Square Cockle Bay,Four Square Lancaster,Four Square Hobsonville",10,152.8,180,332.8,770.0,122.8,634.32,1404.32,3
Tue_01009,Tuesday,"Four Square Hobsonville,New World Newmarket,Four Square Ellerslie",13,98.8,234,332.8,770.0,122.8,634.4,1404.4,3
Tue_01010,Tuesday,"Four Square Hobsonville,New World Newmarket,Four Square Remuera",13,98.9,234,332.9,770.0,122.9,635.12,1405.12,3
Tue_01011,Tuesday,"Four Square Hobsonville,New World Metro Shore City,Four Square Botany Junction",11,134.9,198,332.9,770.0,122.9,635.17,1405.17,3
Tue_01012,Tuesday,"New World Mt Roskill,Four Square Remuera,Four Square St Heliers",14,81.2,252,333.2,770.0,123.2,636.75,1406.75,3
Tue_01013,Tuesday,"Four Square Lancaster,New World Metro Shore City,New World Point Chevalier",13,99.3,234,333.3,770.0,123.3,637.2,1407.2,3
Tue_01014,Tuesday,"Four Square Cockle Bay,New World Metro Shore City,Four Square Eden Terrace",11,135.4,198,333.4,770.0,123.4,637.72,1407.72,3
Tue_01015,Tuesday,"Four Square Hobsonville,New World Point Chevalier,Four Square Ellerslie",13,99.7,234,333.7,770.0,123.7,638.9,1408.9,3
Tue_01016,Tuesday,"Four Square Fair Price Henderson,Four Square Torbay,Four Square Lancaster",11,135.7,198,333.7,770.0,123.7,638.98,1408.98,3
Tue_01017,Tuesday,"New World Newmarket,Four Square Cockle Bay,Four Square Onehunga",13,99.7,234,333.7,770.0,123.7,639.08,1409.08,3
Tue_01018,Tuesday,"Pak 'n Save Highland Park,Four Square St Heliers",13,99.8,234,333.8,770.0,123.8,639.38,1409.38,2
Tue_01019,Tuesday,"Four Square Onehunga,Four Square Eden Terrace,Four Square Fair Price Henderson,Four Square Hobsonville",13,99.8,234,333.8,770.0,123.8,639.44,1409.44,4
Tue_01020,Tuesday,"Four Square Hobsonville,New World Point Chevalier,Four Square Remuera",13,99.8,234,333.8,770.0,123.8,639.62,1409.62,3
Tue_01021,Tuesday,"Four Square Britomart,Four Square St Heliers,New World Ormiston",12,117.8,216,333.8,770.0,123.8,639.71,1409.71,3
Tue_01022,Tuesday,"Four Square Onehunga,New World Stonefields,Four Square Hobsonville",13,100.0,234,334.0,770.0,124.0,640.54,1410.54,3
Tue_01023,Tuesday,"Four Square Cockle Bay,Four Square Britomart,Four Square Fair Price Henderson",11,136.0,198,334.0,770.0,124.0,640.81,1410.81,3
Tue_01024,Tuesday,"Four Square Ellerslie,New World Eastridge,New World Metro Queen St",14,82.1,252,334.1,770.0,124.1,640.95,1410.95,3
Tue_01025,Tuesday,"New World Mt Roskill,Four Square Ellerslie,Four Square St Heliers",14,82.1,252,334.1,770.0,124.1,641.25,1411.25,3
Tue_01026,Tuesday,"Four Square Onehunga,New World Eastridge,Four Square Botany Junction",13,100.1,234,334.1,770.0,124.1,641.36,1411.36,3
Tue_01027,Tuesday,"Pak 'n Save Highland Park,Four Square Pakuranga Heights",14,82.2,252,334.2,770.0,124.2,641.61,1411.61,2
Tue_01028,Tuesday,"Four Square Lancaster,New World Metro Shore City,Four Square Botany Junction",11,136.3,198,334.3,770.0,124.3,642.25,1412.25,3
Tue_01029,Tuesday,"Four Square Britomart,New World Newmarket,New World Point Chevalier",15,64.3,270,334.3,770.0,124.3,642.4,1412.4,3
Tue_01030,Tuesday,"New World Albany,Four Square Britomart,Four Square Eden Terrace",13,100.6,234,334.6,770.0,124.6,643.92,1413.92,3
Tue_01031,Tuesday,"Four Square Britomart,Four Square Ellerslie,New World Ormiston",13,100.6,234,334.6,770.0,124.6,643.94,1413.94,3
Tue_01032,Tuesday,"Four Square Onehunga,Four Square Ellerslie,Four Square St Heliers,New World Metro Queen St",14,82.7,252,334.7,770.0,124.7,644.04,1414.04,4
Tue_01033,Tuesday,"Four Square Onehunga,Four Square Pakuranga Heights,Four Square St Heliers,Four Square Britomart",13,100.8,234,334.8,770.0,124.8,644.56,1414.56,4
Tue_01034,Tuesday,"New World Papatoetoe,Four Square Britomart,Four Square Eden Terrace",14,82.8,252,334.8,770.0,124.8,644.92,1414.92,3
Tue_01035,Tuesday,"Four Square Botany Junction,Four Square St Heliers,Four Square Glen Eden",11,136.8,198,334.8,770.0,124.8,644.98,1414.98,3
Tue_01036,Tuesday,"Four Square Fair Price Henderson,New World Point Chevalier,New World Metro Queen St",14,82.9,252,334.9,770.0,124.9,645.14,1415.14,3
Tue_01037,Tuesday,"Four Square Onehunga,Four Square Cockle Bay,New World Point Chevalier",13,100.9,234,334.9,770.0,124.9,645.31,1415.31,3
Tue_01038,Tuesday,"New World Ormiston,Four Square St Heliers,Four Square Eden Terrace",12,118.9,216,334.9,770.0,124.9,645.43,1415.43,3
Tue_01039,Tuesday,"Four Square Lancaster,Four Square St Heliers,Four Square Botany Junction",10,154.9,180,334.9,770.0,124.9,645.57,1415.57,3
Tue_01040,Tuesday,"Four Square Hobsonville,New World Newmarket,Four Square St Heliers",12,119.0,216,335.0,770.0,125.0,645.61,1415.61,3
Tue_01041,Tuesday,"Four Square Hobsonville,New World Metro Shore City,New World Newmarket",13,101.0,234,335.0,770.0,125.0,646.04,1416.04,3
Tue_01042,Tuesday,"Four Square Fair Price Henderson,Four Square Pakuranga Heights,Four Square Botany Junction",12,119.0,216,335.0,770.0,125.0,646.09,1416.09,3
Tue_01043,Tuesday,"Four Square Fair Price Henderson,New World Metro Shore City,Four Square Ellerslie",12,119.1,216,335.1,770.0,125.1,646.13,1416.13,3
Tue_01044,Tuesday,"Four Square Onehunga,Four Square Eden Terrace,New World Metro Queen St,Four Square Lancaster",13,101.1,234,335.1,770.0,125.1,646.36,1416.36,4
Tue_01045,Tuesday,"Four Square Cockle Bay,New World Newmarket,Four Square Eden Terrace",13,101.2,234,335.2,770.0,125.2,646.83,1416.83,3
Tue_01046,Tuesday,"Four Square Fair Price Henderson,New World Metro Shore City,Four Square Remuera",12,119.2,216,335.2,770.0,125.2,646.85,1416.85,3
Tue_01047,Tuesday,"New World Green Bay,Four Square Britomart,Four Square St Heliers",13,101.2,234,335.2,770.0,125.2,646.87,1416.87,3
Tue_01048,Tuesday,"Four Square Fair Price Henderson,Four Square Remuera,Four Square Botany Junction",12,119.2,216,335.2,770.0,125.2,647.02,1417.02,3
Tue_01049,Tuesday,"New World Metro Shore City,Four Square Britomart,New World Metro Queen St,Four Square Eden Terrace",14,83.3,252,335.3,770.0,125.3,647.22,1417.22,4
Tue_01050,Tuesday,"New World Birkenhead,Four Square Torbay",12,119.3,216,335.3,770.0,125.3,647.24,1417.24,2
Tue_01051,Tuesday,"Four Square Britomart,New World Metro Queen St,Four Square Eden Terrace,Four Square Glen Eden",14,83.3,252,335.3,770.0,125.3,647.27,1417.27,4
Tue_01052,Tuesday,"Four Square Hobsonville,Four Square Britomart,Four Square Ellerslie,Four Square Onehunga",13,101.4,234,335.4,770.0,125.4,647.85,1417.85,4
Tue_01053,Tuesday,"Four Square Onehunga,Four Square Remuera,Four Square St Heliers,New World Metro Queen St",14,83.4,252,335.4,770.0,125.4,648.02,1418.02,4
Tue_01054,Tuesday,"Four Square Onehunga,Four Square Pakuranga Heights,Four Square St Heliers,Four Square Eden Terrace",13,101.5,234,335.5,770.0,125.5,648.28,1418.28,4
Tue_01055,Tuesday,"Four Square Ellerslie,New World Remuera,Four Square Eden Terrace",15,65.6,270,335.6,770.0,125.6,648.93,1418.93,3
Tue_01056,Tuesday,"Four Square Pakuranga Heights,New World Stonefields,Four Square Eden Terrace",14,83.8,252,335.8,770.0,125.8,649.92,1419.92,3
Tue_01057,Tuesday,"Four Square Onehunga,Four Square Ellerslie,Four Square Remuera,New World Metro Queen St",15,65.8,270,335.8,770.0,125.8,650.22,1420.22,4
Tue_01058,Tuesday,"Four Square Cockle Bay,Four Square Eden Terrace,New World Point Chevalier",13,101.9,234,335.9,770.0,125.9,650.43,1420.43,3
Tue_01059,Tuesday,"Four Square Cockle Bay,Four Square Ellerslie,Four Square Hobsonville",11,137.9,198,335.9,770.0,125.9,650.45,1420.45,3
Tue_01060,Tuesday,"Four Square Lancaster,New World Eastridge,Four Square Eden Terrace",12,119.9,216,335.9,770.0,125.9,650.53,1420.53,3
Tue_01061,Tuesday,"New World Metro Shore City,New World Metro Queen St,New World Point Chevalier",14,84.0,252,336.0,770.0,126.0,650.76,1420.76,3
Tue_01062,Tuesday,"Four Square Onehunga,New World Albany,Four Square Hobsonville",13,102.0,234,336.0,770.0,126.0,650.93,1420.93,3
Tue_01063,Tuesday,"Four Square Pakuranga Heights,New World Ormiston,Four Square Botany Junction",14,84.0,252,336.0,770.0,126.0,651.12,1421.12,3
Tue_01064,Tuesday,"Four Square Pakuranga Heights,Four Square Ellerslie,New World Newmarket",14,84.1,252,336.1,770.0,126.1,651.34,1421.34,3
Tue_01065,Tuesday,"Four Square Eden Terrace,Four Square Ellerslie,Four Square Pakuranga Heights,Four Square Onehunga",14,84.1,252,336.1,770.0,126.1,651.76,1421.76,4
Tue_01066,Tuesday,"Four Square Onehunga,New World Newmarket,Four Square Britomart,Four Square Eden Terrace",15,66.1,270,336.1,770.0,126.1,651.77,1421.77,4
Tue_01067,Tuesday,"New World Metro Queen St,Four Square Torbay,New World Metro Shore City",12,120.2,216,336.2,770.0,126.2,651.82,1421.82,3
Tue_01068,Tuesday,"Four Square Hobsonville,New World Albany,Four Square Britomart",13,102.2,234,336.2,770.0,126.2,652.03,1422.03,3
Tue_01069,Tuesday,"Four Square Botany Junction,New World Metro Queen St,New World Metro Shore City",12,120.2,216,336.2,770.0,126.2,652.11,1422.11,3
Tue_01070,Tuesday,"New World Papatoetoe,Four Square Ellerslie,Four Square Onehunga",15,66.2,270,336.2,770.0,126.2,652.25,1422.25,3
Tue_01071,Tuesday,"Four Square Fair Price Henderson,Four Square Britomart,New World Metro Queen St,Four Square Eden Terrace",14,84.3,252,336.3,770.0,126.3,652.62,1422.62,4
Tue_01072,Tuesday,"New World Long Bay,Four Square Ellerslie",12,120.3,216,336.3,770.0,126.3,652.63,1422.63,2
Tue_01073,Tuesday,"New World Metro Shore City,New World Eastridge,Four Square Onehunga",13,102.3,234,336.3,770.0,126.3,652.71,1422.71,3
Tue_01074,Tuesday,"Pak 'n Save Glen Innes,Four Square Eden Terrace",14,84.3,252,336.3,770.0,126.3,652.77,1422.77,2
Tue_01075,Tuesday,"Four Square Hobsonville,New World Albany,Four Square Eden Terrace",13,102.4,234,336.4,770.0,126.4,652.87,1422.87,3
Tue_01076,Tuesday,"Four Square Lancaster,New World Metro Shore City,New World Newmarket",13,102.4,234,336.4,770.0,126.4,653.12,1423.12,3
Tue_01077,Tuesday,"Four Square Onehunga,Four Square Remuera,New World Southmall",14,84.4,252,336.4,770.0,126.4,653.12,1423.12,3
Tue_01078,Tuesday,"New World Long Bay,Four Square Remuera",12,120.5,216,336.5,770.0,126.5,653.35,1423.35,2
Tue_01079,Tuesday,"Four Square Onehunga,Four Square St Heliers,Four Square Britomart,Four Square Hobsonville",12,120.6,216,336.6,770.0,126.6,653.98,1423.98,4
Tue_01080,Tuesday,"Four Square Botany Junction,Four Square St Heliers,Four Square Fair Price Henderson",11,138.7,198,336.7,770.0,126.7,654.62,1424.62,3
Tue_01081,Tuesday,"Four Square Onehunga,Four Square Ellerslie,Four Square Eden Terrace,Four Square Glen Eden",14,84.7,252,336.7,770.0,126.7,654.86,1424.86,4
Tue_01082,Tuesday,"Four Square Pakuranga Heights,Four Square Ellerslie,New World Point Chevalier",14,84.8,252,336.8,770.0,126.8,654.94,1424.94,3
Tue_01083,Tuesday,"New World Birkenhead,Four Square Britomart,Four Square Eden Terrace",14,84.8,252,336.8,770.0,126.8,655.01,1425.01,3
Tue_01084,Tuesday,"Four Square Ellerslie,New World Stonefields,Four Square St Heliers",14,84.9,252,336.9,770.0,126.9,655.52,1425.52,3
Tue_01085,Tuesday,"Four Square Pakuranga Heights,Four Square St Heliers,Four Square Britomart,Four Square Eden Terrace",13,102.9,234,336.9,770.0,126.9,655.85,1425.85,4
Tue_01086,Tuesday,"New World Botany,New World Ormiston",14,85.0,252,337.0,770.0,127.0,656.04,1426.04,2
Tue_01087,Tuesday,"Four Square Hobsonville,Four Square Cockle Bay,Four Square Botany Junction",11,139.0,198,337.0,770.0,127.0,656.24,1426.24,3
Tue_01088,Tuesday,"Pak 'n Save Highland Park,Four Square Botany Junction",14,85.0,252,337.0,770.0,127.0,656.4,1426.4,2
Tue_01089,Tuesday,"Four Square Onehunga,New World Albany,Four Square Britomart",13,103.1,234,337.1,770.0,127.1,656.55,1426.55,3
Tue_01090,Tuesday,"Four Square Hobsonville,New World Eastridge,Four Square St Heliers",12,121.1,216,337.1,770.0,127.1,656.8,1426.8,3
Tue_01091,Tuesday,"Four Square Britomart,New World Metro Queen St,New World Remuera",15,67.2,270,337.2,770.0,127.2,657.06,1427.06,3
Tue_01092,Tuesday,"Four Square Cockle Bay,New World Papakura",12,121.2,216,337.2,770.0,127.2,657.14,1427.14,2
Tue_01093,Tuesday,"New World Metro Shore City,Four Square Pakuranga Heights,Four Square Botany Junction",12,121.2,216,337.2,770.0,127.2,657.35,1427.35,3
Tue_01094,Tuesday,"Four Square Onehunga,New World Albany,Four Square Eden Terrace",13,103.2,234,337.2,770.0,127.2,657.39,1427.39,3
Tue_01095,Tuesday,"Four Square Fair Price Henderson,Pak 'n Save Westgate",15,67.3,270,337.3,770.0,127.3,657.68,1427.68,2
Tue_01096,Tuesday,"Four Square Onehunga,Four Square St Heliers,Four Square Eden Terrace,Four Square Hobsonville",12,121.3,216,337.3,770.0,127.3,657.7,1427.7,4
Tue_01097,Tuesday,"Four Square Britomart,Four Square St Heliers,New World Mt Albert",14,85.4,252,337.4,770.0,127.4,658.08,1428.08,3
Tue_01098,Tuesday,"New World Metro Shore City,Four Square Remuera,Four Square Botany Junction",12,121.4,216,337.4,770.0,127.4,658.28,1428.28,3
Tue_01099,Tuesday,"New World Mt Albert,Four Square Eden Terrace,Four Square St Heliers",14,85.6,252,337.6,770.0,127.6,659.01,1429.01,3
Tue_01100,Tuesday,"Four Square Onehunga,Four Square Britomart,Four Square Eden Terrace,New World Point Chevalier",15,67.6,270,337.6,770.0,127.6,659.21,1429.21,4
Tue_01101,Tuesday,"Four Square Lancaster,Four Square Torbay,Four Square Ellerslie",11,139.7,198,337.7,770.0,127.7,659.59,1429.59,3
Tue_01102,Tuesday,"New World Metro Shore City,Four Square Britomart,New World Eastridge",13,103.7,234,337.7,770.0,127.7,659.67,1429.67,3
Tue_01103,Tuesday,"Four Square Britomart,New World Eastridge,Four Square Glen Eden",13,103.7,234,337.7,770.0,127.7,659.72,1429.72,3
Tue_01104,Tuesday,"Four Square Onehunga,Four Square Botany Junction,Four Square Britomart,Four Square Eden Terrace",13,103.7,234,337.7,770.0,127.7,659.76,1429.76,4
Tue_01105,Tuesday,"Four Square Lancaster,Four Square Torbay,Four Square Remuera",11,139.8,198,337.8,770.0,127.8,660.32,1430.32,3
Tue_01106,Tuesday,"Four Square Onehunga,New World Southmall,Four Square Botany Junction",14,85.9,252,337.9,770.0,127.9,660.77,1430.77,3
Tue_01107,Tuesday,"Four Square Pakuranga Heights,Four Square Remuera,New World Newmarket",14,85.9,252,337.9,770.0,127.9,660.88,1430.88,3
Tue_01108,Tuesday,"Pak 'n Save Glen Innes,Four Square St Heliers",14,86.0,252,338.0,770.0,128.0,661.09,1431.09,2
Tue_01109,Tuesday,"Four Square Fair Price Henderson,Four Square Eden Terrace,Four Square Ellerslie,Four Square Onehunga",14,86.0,252,338.0,770.0,128.0,661.38,1431.38,4
Tue_01110,Tuesday,"Four Square Remuera,New World Stonefields,Four Square St Heliers",14,86.0,252,338.0,770.0,128.0,661.39,1431.39,3
Tue_01111,Tuesday,"Four Square Eden Terrace,New World Remuera,Four Square St Heliers",14,86.1,252,338.1,770.0,128.1,661.73,1431.73,3
Tue_01112,Tuesday,"Pak 'n Save Highland Park,Four Square Ellerslie",14,86.2,252,338.2,770.0,128.2,662.29,1432.29,2
Tue_01113,Tuesday,"New World Remuera,New World Metro Queen St,Four Square Eden Terrace",15,68.4,270,338.4,770.0,128.4,663.41,1433.41,3
Tue_01114,Tuesday,"Four Square Cockle Bay,Four Square Pakuranga Heights,Four Square Lancaster",11,140.5,198,338.5,770.0,128.5,663.68,1433.68,3
Tue_01115,Tuesday,"Four Square Lancaster,Four Square Britomart,Four Square Ellerslie,Four Square Onehunga",13,104.5,234,338.5,770.0,128.5,663.98,1433.98,4
Tue_01116,Tuesday,"New World Metro Shore City,New World Metro Queen St,New World Newmarket",14,86.5,252,338.5,770.0,128.5,664.02,1434.02,3
Tue_01117,Tuesday,"Four Square Onehunga,Four Square Remuera,Four Square Eden Terrace,Four Square Glen Eden",14,86.5,252,338.5,770.0,128.5,664.07,1434.07,4
Tue_01118,Tuesday,"Four Square Fair Price Henderson,Four Square Eden Terrace,New World Eastridge",13,104.5,234,338.5,770.0,128.5,664.17,1434.17,3
Tue_01119,Tuesday,"Four Square Onehunga,New World Botany,Four Square Eden Terrace",14,86.6,252,338.6,770.0,128.6,664.59,1434.59,3
Tue_01120,Tuesday,"Four Square Fair Price Henderson,Four Square Britomart,New World Eastridge",13,104.7,234,338.7,770.0,128.7,665.08,1435.08,3
Tue_01121,Tuesday,"Four Square Fair Price Henderson,Four Square Hobsonville,New World New Lynn",14,86.8,252,338.8,770.0,128.8,665.63,1435.63,3
Tue_01122,Tuesday,"Four Square Onehunga,Four Square St Heliers,Four Square Britomart,Four Square Lancaster",12,122.9,216,338.9,770.0,128.9,665.78,1435.78,4
Tue_01123,Tuesday,"Four Square Onehunga,New World Metro Queen St,Four Square Britomart,New World Metro Shore City",14,86.9,252,338.9,770.0,128.9,665.91,1435.91,4
Tue_01124,Tuesday,"Four Square Onehunga,New World Metro Queen St,Four Square Britomart,Four Square Glen Eden",14,86.9,252,338.9,770.0,128.9,666.01,1436.01,4
Tue_01125,Tuesday,"Four Square Onehunga,Four Square St Heliers,New World Southmall",13,104.9,234,338.9,770.0,128.9,666.11,1436.11,3
Tue_01126,Tuesday,"Four Square Torbay,Four Square Pakuranga Heights,Four Square Onehunga",11,140.9,198,338.9,770.0,128.9,666.12,1436.12,3
Tue_01127,Tuesday,"Four Square Hobsonville,New World Point Chevalier,Four Square St Heliers",12,122.9,216,338.9,770.0,128.9,666.23,1436.23,3
Tue_01128,Tuesday,"Pak 'n Save Manukau,Four Square Botany Junction",15,69.0,270,339.0,770.0,129.0,666.45,1436.45,2
Tue_01129,Tuesday,"Four Square Cockle Bay,Four Square Remuera,Four Square Hobsonville",11,141.1,198,339.1,770.0,129.1,667.03,1437.03,3
Tue_01130,Tuesday,"Four Square Fair Price Henderson,Four Square Torbay,New World Metro Queen St",12,123.1,216,339.1,770.0,129.1,667.08,1437.08,3
Tue_01131,Tuesday,"Four Square Lancaster,New World Newmarket,Four Square Ellerslie",13,105.1,234,339.1,770.0,129.1,667.2,1437.2,3
Tue_01132,Tuesday,"Four Square Onehunga,Four Square Remuera,Four Square Britomart,Four Square Hobsonville",13,105.1,234,339.1,770.0,129.1,667.2,1437.2,4
Tue_01133,Tuesday,"New World Newmarket,Four Square Ellerslie,Four Square Botany Junction",14,87.1,252,339.1,770.0,129.1,667.25,1437.25,3
Tue_01134,Tuesday,"Four Square Onehunga,New World Stonefields,Four Square Botany Junction",14,87.2,252,339.2,770.0,129.2,667.31,1437.31,3
Tue_01135,Tuesday,"Four Square Fair Price Henderson,New World Newmarket,New World Metro Queen St",14,87.2,252,339.2,770.0,129.2,667.41,1437.41,3
Tue_01136,Tuesday,"Pak 'n Save Glen Innes,Four Square Britomart",14,87.2,252,339.2,770.0,129.2,667.54,1437.54,2
Tue_01137,Tuesday,"Four Square Britomart,Four Square Pakuranga Heights,New World Ormiston",13,105.2,234,339.2,770.0,129.2,667.65,1437.65,3
Tue_01138,Tuesday,"Four Square Fair Price Henderson,Four Square Glen Eden,New World Green Bay",15,69.2,270,339.2,770.0,129.2,667.77,1437.77,3
Tue_01139,Tuesday,"Four Square Lancaster,New World Newmarket,Four Square Remuera",13,105.3,234,339.3,770.0,129.3,667.93,1437.93,3
Tue_01140,Tuesday,"Four Square Onehunga,Four Square Britomart,New World Birkenhead",14,87.5,252,339.5,770.0,129.5,668.92,1438.92,3
Tue_01141,Tuesday,"Four Square Ellerslie,Pak 'n Save Sylvia Park",15,69.5,270,339.5,770.0,129.5,668.98,1438.98,2
Tue_01142,Tuesday,"Four Square Ellerslie,New World Stonefields,Four Square Remuera",15,69.5,270,339.5,770.0,129.5,669.05,1439.05,3
Tue_01143,Tuesday,"Four Square Fair Price Henderson,Four Square Glen Eden,New World New Lynn",15,69.5,270,339.5,770.0,129.5,669.33,1439.33,3
Tue_01144,Tuesday,"Four Square Eden Terrace,Four Square Ellerslie,New World Southmall",14,87.6,252,339.6,770.0,129.6,669.41,1439.41,3
Tue_01145,Tuesday,"Four Square Onehunga,Four Square Pakuranga Heights,New World Metro Queen St,Four Square Britomart",14,87.6,252,339.6,770.0,129.6,669.65,1439.65,4
Tue_01146,Tuesday,"Four Square Britomart,Four Square Remuera,New World Ormiston",13,105.6,234,339.6,770.0,129.6,669.81,1439.81,3
Tue_01147,Tuesday,"New World Remuera,Four Square St Heliers,Four Square Britomart",14,87.7,252,339.7,770.0,129.7,670.13,1440.13,3
Tue_01148,Tuesday,"Four Square Onehunga,Four Square Pakuranga Heights,Four Square Remuera,Four Square Eden Terrace",14,87.7,252,339.7,770.0,129.7,670.14,1440.14,4
Tue_01149,Tuesday,"Four Square Onehunga,New World Eastridge,New World Newmarket",15,69.8,270,339.8,770.0,129.8,670.48,1440.48,3
Tue_01150,Tuesday,"Four Square Hobsonville,New World Metro Shore City,Four Square Britomart,Four Square Eden Terrace",13,105.8,234,339.8,770.0,129.8,670.59,1440.59,4
Tue_01151,Tuesday,"Four Square Remuera,Four Square St Heliers,Four Square Britomart,New World Metro Queen St",14,87.8,252,339.8,770.0,129.8,670.65,1440.65,4
Tue_01152,Tuesday,"Four Square Cockle Bay,New World Metro Queen St,Four Square Hobsonville",11,141.9,198,339.9,770.0,129.9,670.91,1440.91,3
Tue_01153,Tuesday,"Four Square Onehunga,New World Metro Queen St,Four Square Eden Terrace,Four Square Glen Eden",14,87.9,252,339.9,770.0,129.9,670.92,1440.92,4
Tue_01154,Tuesday,"Four Square Cockle Bay,Four Square St Heliers,Four Square Glen Eden",11,141.9,198,339.9,770.0,129.9,671.26,1441.26,3
Tue_01155,Tuesday,"Four Square Pakuranga Heights,Four Square Lancaster,Four Square Fair Price Henderson",11,141.9,198,339.9,770.0,129.9,671.29,1441.29,3
Tue_01156,Tuesday,"Four Square Pakuranga Heights,Four Square Remuera,New World Point Chevalier",14,88.0,252,340.0,770.0,130.0,671.51,1441.51,3
Tue_01157,Tuesday,"Four Square Pakuranga Heights,New World Newmarket,New World Metro Queen St",14,88.0,252,340.0,770.0,130.0,671.79,1441.79,3
Tue_01158,Tuesday,"Four Square Britomart,Four Square Eden Terrace,Four Square Fair Price Henderson,Four Square Hobsonville",13,106.1,234,340.1,770.0,130.1,672.32,1442.32,4
Tue_01159,Tuesday,"New World Hobsonville,Four Square Hobsonville,Four Square Britomart",14,88.1,252,340.1,770.0,130.1,672.43,1442.43,3
Tue_01160,Tuesday,"Four Square Lancaster,Four Square Eden Terrace,Four Square Ellerslie,Four Square Onehunga",13,106.2,234,340.2,770.0,130.2,672.53,1442.53,4
Tue_01161,Tuesday,"Four Square Fair Price Henderson,New World Metro Shore City,Four Square St Heliers",11,142.3,198,340.3,770.0,130.3,673.46,1443.46,3
Tue_01162,Tuesday,"Four Square Cockle Bay,Four Square Pakuranga Heights,Four Square Glen Eden",12,124.4,216,340.4,770.0,130.4,673.48,1443.48,3
Tue_01163,Tuesday,"Four Square Onehunga,Four Square Remuera,Four Square Eden Terrace,Four Square Fair Price Henderson",14,88.4,252,340.4,770.0,130.4,673.71,1443.71,4
Tue_01164,Tuesday,"Four Square Glen Eden,Four Square Fair Price Henderson,New World Newmarket",14,88.5,252,340.5,770.0,130.5,674.14,1444.14,3
Tue_01165,Tuesday,"Four Square Onehunga,New World Stonefields,Four Square Lancaster",13,106.5,234,340.5,770.0,130.5,674.45,1444.45,3
Tue_01166,Tuesday,"Four Square Eden Terrace,Four Square Ellerslie,Four Square Remuera,Four Square St Heliers",14,88.6,252,340.6,770.0,130.6,674.51,1444.51,4
Tue_01167,Tuesday,"Four Square Onehunga,Four Square Pakuranga Heights,New World Metro Queen St,Four Square Eden Terrace",14,88.6,252,340.6,770.0,130.6,674.56,1444.56,4
Tue_01168,Tuesday,"Four Square Ellerslie,Four Square St Heliers,Four Square Britomart,New World Metro Queen St",14,88.7,252,340.7,770.0,130.7,675.15,1445.15,4
Tue_01169,Tuesday,"Four Square Pakuranga Heights,New World Metro Queen St,New World Point Chevalier",14,88.7,252,340.7,770.0,130.7,675.39,1445.39,3
Tue_01170,Tuesday,"Four Square Britomart,New World Remuera,Four Square Remuera",15,70.7,270,340.7,770.0,130.7,675.48,1445.48,3
Tue_01171,Tuesday,"Four Square Onehunga,New World Metro Queen St,Four Square Britomart,Four Square Fair Price Henderson",14,88.8,252,340.8,770.0,130.8,675.65,1445.65,4
Tue_01172,Tuesday,"Pak 'n Save Sylvia Park,Four Square St Heliers",14,88.8,252,340.8,770.0,130.8,675.7,1445.7,2
Tue_01173,Tuesday,"Four Square Pakuranga Heights,Four Square Britomart,New World Metro Queen St,Four Square Eden Terrace",14,88.9,252,340.9,770.0,130.9,676.16,1446.16,4
Tue_01174,Tuesday,"Four Square Glen Eden,Four Square Torbay,Four Square Lancaster",11,142.9,198,340.9,770.0,130.9,676.24,1446.24,3
Tue_01175,Tuesday,"New World Browns Bay,Four Square Britomart,Four Square Eden Terrace",13,106.9,234,340.9,770.0,130.9,676.31,1446.31,3
Tue_01176,Tuesday,"Four Square Ellerslie,New World Ormiston,Four Square Botany Junction",14,88.9,252,340.9,770.0,130.9,676.39,1446.39,3
Tue_01177,Tuesday,"New World Green Bay,Four Square Fair Price Henderson,Four Square Hobsonville",14,88.9,252,340.9,770.0,130.9,676.44,1446.44,3
Tue_01178,Tuesday,"New World Metro Queen St,Four Square Britomart,Four Square Lancaster,Four Square Hobsonville",13,107.1,234,341.1,770.0,131.1,677.19,1447.19,4
Tue_01179,Tuesday,"New World Metro Shore City,Four Square St Heliers,Four Square Botany Junction",11,143.1,198,341.1,770.0,131.1,677.38,1447.38,3
Tue_01180,Tuesday,"Four Square Onehunga,Four Square Eden Terrace,New World Metro Queen St,New World Metro Shore City",14,89.3,252,341.3,770.0,131.3,678.17,1448.17,4
Tue_01181,Tuesday,"Four Square Cockle Bay,Four Square St Heliers,Four Square Lancaster",10,161.3,180,341.3,770.0,131.3,678.29,1448.29,3
Tue_01182,Tuesday,"Four Square Lancaster,New World Newmarket,Four Square St Heliers",12,125.3,216,341.3,770.0,131.3,678.42,1448.42,3
Tue_01183,Tuesday,"Pak 'n Save Highland Park,Four Square Remuera",14,89.4,252,341.4,770.0,131.4,678.86,1448.86,2
Tue_01184,Tuesday,"Four Square Onehunga,Four Square Remuera,Four Square Britomart,Four Square Lancaster",13,107.4,234,341.4,770.0,131.4,679.0,1449.0,4
Tue_01185,Tuesday,"Four Square Hobsonville,New World Stonefields,Four Square Eden Terrace",13,107.6,234,341.6,770.0,131.6,679.81,1449.81,3
Tue_01186,Tuesday,"Four Square Torbay,Four Square Ellerslie,Four Square Remuera",12,125.6,216,341.6,770.0,131.6,679.83,1449.83,3
Tue_01187,Tuesday,"Four Square Lancaster,Four Square Hobsonville,New World New Lynn",13,107.6,234,341.6,770.0,131.6,679.87,1449.87,3
Tue_01188,Tuesday,"Four Square Britomart,Four Square Ellerslie,New World Mt Albert",15,71.6,270,341.6,770.0,131.6,679.95,1449.95,3
Tue_01189,Tuesday,"New World Long Bay,Four Square St Heliers",11,143.6,198,341.6,770.0,131.6,679.96,1449.96,2
Tue_01190,Tuesday,"Four Square Eden Terrace,Four Square Britomart,Four Square Lancaster,New World Metro Shore City",13,107.6,234,341.6,770.0,131.6,680.05,1450.05,4
Tue_01191,Tuesday,"Four Square Eden Terrace,New World Eastridge,Four Square Botany Junction",13,107.7,234,341.7,770.0,131.7,680.44,1450.44,3
Tue_01192,Tuesday,"Four Square Onehunga,New World Metro Queen St,Four Square Eden Terrace,Four Square Fair Price Henderson",14,89.7,252,341.7,770.0,131.7,680.56,1450.56,4
Tue_01193,Tuesday,"Four Square Britomart,Four Square Remuera,New World Mt Albert",15,71.7,270,341.7,770.0,131.7,680.68,1450.68,3
Tue_01194,Tuesday,"Four Square Cockle Bay,Four Square St Heliers,Four Square Fair Price Henderson",11,143.8,198,341.8,770.0,131.8,680.89,1450.89,3
Tue_01195,Tuesday,"Four Square Fair Price Henderson,Four Square Torbay,New World Metro Shore City",12,125.8,216,341.8,770.0,131.8,681.2,1451.2,3
Tue_01196,Tuesday,"Four Square Britomart,New World Eastridge,Four Square Botany Junction",13,107.9,234,341.9,770.0,131.9,681.35,1451.35,3
Tue_01197,Tuesday,"New World Stonefields,Four Square St Heliers,New World Metro Queen St",14,89.9,252,341.9,770.0,131.9,681.56,1451.56,3
Tue_01198,Tuesday,"Four Square Lancaster,Four Square Ellerslie,New World Point Chevalier",13,108.0,234,342.0,770.0,132.0,681.84,1451.84,3
Tue_01199,Tuesday,"New World Metro Shore City,New World Eastridge,Four Square Eden Terrace",13,108.1,234,342.1,770.0,132.1,682.33,1452.33,3
Tue_01200,Tuesday,"New World Newmarket,Four Square Ellerslie,Four Square Glen Eden",14,90.1,252,342.1,770.0,132.1,682.4,1452.4,3
Tue_01201,Tuesday,"Four Square Lancaster,Four Square Remuera,New World Point Chevalier",13,108.1,234,342.1,770.0,132.1,682.56,1452.56,3
Tue_01202,Tuesday,"Pak 'n Save Highland Park,New World Metro Queen St",14,90.1,252,342.1,770.0,132.1,682.75,1452.75,2
Tue_01203,Tuesday,"Four Square Ellerslie,Four Square Remuera,Four Square St Heliers,Four Square Britomart",14,90.2,252,342.2,770.0,132.2,682.91,1452.91,4
Tue_01204,Tuesday,"Four Square Cockle Bay,Four Square Pakuranga Heights,Four Square Fair Price Henderson",12,126.2,216,342.2,770.0,132.2,683.12,1453.12,3
Tue_01205,Tuesday,"New World Newmarket,Four Square Remuera,Four Square Glen Eden",14,90.2,252,342.2,770.0,132.2,683.12,1453.12,3
Tue_01206,Tuesday,"Four Square Onehunga,New World Browns Bay,Four Square Hobsonville",13,108.3,234,342.3,770.0,132.3,683.32,1453.32,3
Tue_01207,Tuesday,"Four Square Cockle Bay,Four Square Fair Price Henderson,Four Square Hobsonville",11,144.3,198,342.3,770.0,132.3,683.67,1453.67,3
Tue_01208,Tuesday,"Four Square Hobsonville,Four Square Eden Terrace,Four Square Britomart,Four Square St Heliers",12,126.4,216,342.4,770.0,132.4,684.07,1454.07,4
Tue_01209,Tuesday,"Four Square Cockle Bay,Four Square Ellerslie,Four Square Lancaster",11,144.5,198,342.5,770.0,132.5,684.37,1454.37,3
Tue_01210,Tuesday,"Four Square Hobsonville,New World Browns Bay,Four Square Britomart",13,108.5,234,342.5,770.0,132.5,684.42,1454.42,3
Tue_01211,Tuesday,"New World Ormiston,Four Square Cockle Bay,Four Square Eden Terrace",13,108.5,234,342.5,770.0,132.5,684.47,1454.47,3
Tue_01212,Tuesday,"Four Square Onehunga,Four Square Eden Terrace,Four Square Hobsonville,Four Square Glen Eden",13,108.5,234,342.5,770.0,132.5,684.84,1454.84,4
Tue_01213,Tuesday,"Four Square Hobsonville,New World Browns Bay,Four Square Eden Terrace",13,108.6,234,342.6,770.0,132.6,685.26,1455.26,3
Tue_01214,Tuesday,"Four Square Cockle Bay,New World Eastridge,Four Square Onehunga",13,108.6,234,342.6,770.0,132.6,685.27,1455.27,3
Tue_01215,Tuesday,"Four Square Eden Terrace,New World Metro Queen St,Four Square Lancaster,Four Square Hobsonville",13,108.6,234,342.6,770.0,132.6,685.34,1455.34,4
Tue_01216,Tuesday,"Four Square Onehunga,Four Square Remuera,Four Square Lancaster,Four Square Eden Terrace",13,108.7,234,342.7,770.0,132.7,685.65,1455.65,4
Tue_01217,Tuesday,"Four Square Britomart,New World Metro Queen St,New World Victoria Park",16,54.7,288,342.7,770.0,132.7,685.77,1455.77,3
Tue_01218,Tuesday,"New World Southmall,New World Metro Queen St,Four Square Britomart",14,90.7,252,342.7,770.0,132.7,685.78,1455.78,3
Tue_01219,Tuesday,"Four Square Onehunga,New World Eastridge,New World Point Chevalier",15,72.7,270,342.7,770.0,132.7,685.83,1455.83,3
Tue_01220,Tuesday,"Four Square Remuera,Four Square St Heliers,New World Metro Queen St,Four Square Eden Terrace",14,90.8,252,342.8,770.0,132.8,686.0,1456.0,4
Tue_01221,Tuesday,"Four Square Pakuranga Heights,Four Square Torbay,Four Square Hobsonville",11,144.8,198,342.8,770.0,132.8,686.06,1456.06,3
Tue_01222,Tuesday,"Four Square Cockle Bay,New World Metro Queen St,Four Square Lancaster",11,144.8,198,342.8,770.0,132.8,686.09,1456.09,3
Tue_01223,Tuesday,"New World Southmall,Four Square Remuera,Four Square Eden Terrace",14,90.8,252,342.8,770.0,132.8,686.27,1456.27,3
Tue_01224,Tuesday,"Four Square Onehunga,Four Square Britomart,Four Square Fair Price Henderson,Four Square Hobsonville",13,108.8,234,342.8,770.0,132.8,686.28,1456.28,4
Tue_01225,Tuesday,"Four Square Lancaster,Four Square Torbay,Four Square St Heliers",10,163.0,180,343.0,770.0,133.0,686.92,1456.92,3
Tue_01226,Tuesday,"Four Square Fair Price Henderson,New World Newmarket,Four Square Ellerslie",14,91.1,252,343.1,770.0,133.1,687.75,1457.75,3
Tue_01227,Tuesday,"Four Square Onehunga,Four Square Eden Terrace,Four Square Fair Price Henderson,Four Square Glen Eden",14,91.1,252,343.1,770.0,133.1,687.82,1457.82,4
Tue_01228,Tuesday,"Four Square Cockle Bay,Four Square Botany Junction,Four Square Glen Eden",12,127.2,216,343.2,770.0,133.2,688.34,1458.34,3
Tue_01229,Tuesday,"New World Southmall,Four Square Pakuranga Heights,Four Square Onehunga",14,91.2,252,343.2,770.0,133.2,688.38,1458.38,3
Tue_01230,Tuesday,"Four Square Fair Price Henderson,New World Newmarket,Four Square Remuera",14,91.3,252,343.3,770.0,133.3,688.48,1458.48,3
Tue_01231,Tuesday,"New World Papatoetoe,Four Square Remuera,Four Square Onehunga",15,73.3,270,343.3,770.0,133.3,688.69,1458.69,3
Tue_01232,Tuesday,"Four Square Onehunga,New World Browns Bay,Four Square Britomart",13,109.3,234,343.3,770.0,133.3,688.94,1458.94,3
Tue_01233,Tuesday,"Four Square Lancaster,Four Square Cockle Bay,Four Square Botany Junction",11,145.4,198,343.4,770.0,133.4,689.05,1459.05,3
Tue_01234,Tuesday,"Four Square Onehunga,New World Birkenhead,Four Square Lancaster",14,91.4,252,343.4,770.0,133.4,689.15,1459.15,3
Tue_01235,Tuesday,"New World Point Chevalier,Four Square Ellerslie,Four Square Botany Junction",14,91.4,252,343.4,770.0,133.4,689.28,1459.28,3
Tue_01236,Tuesday,"Four Square Lancaster,New World Eastridge,Four Square St Heliers",12,127.5,216,343.5,770.0,133.5,689.61,1459.61,3
Tue_01237,Tuesday,"Four Square Onehunga,New World Browns Bay,Four Square Eden Terrace",13,109.5,234,343.5,770.0,133.5,689.78,1459.78,3
Tue_01238,Tuesday,"New World Hobsonville,Four Square Britomart,Four Square Eden Terrace",14,91.6,252,343.6,770.0,133.6,690.22,1460.22,3
Tue_01239,Tuesday,"Four Square Britomart,New World Metro Queen St,Four Square Ellerslie,Four Square Remuera",15,73.6,270,343.6,770.0,133.6,690.33,1460.33,4
Tue_01240,Tuesday,"Four Square Ellerslie,Four Square St Heliers,New World Metro Queen St,Four Square Eden Terrace",14,91.6,252,343.6,770.0,133.6,690.5,1460.5,4
Tue_01241,Tuesday,"New World Southmall,New World Metro Queen St,Four Square Eden Terrace",14,91.7,252,343.7,770.0,133.7,690.69,1460.69,3
Tue_01242,Tuesday,"Four Square Torbay,New World Metro Queen St,Four Square St Heliers",11,145.8,198,343.8,770.0,133.8,691.24,1461.24,3
Tue_01243,Tuesday,"New World Victoria Park,New World Metro Queen St,Four Square Eden Terrace",16,55.8,288,343.8,770.0,133.8,691.53,1461.53,3
Tue_01244,Tuesday,"Four Square Torbay,Four Square Remuera,Four Square St Heliers",11,145.9,198,343.9,770.0,133.9,691.57,1461.57,3
Tue_01245,Tuesday,"Four Square Onehunga,Four Square Britomart,Four Square Lancaster,New World Metro Shore City",13,109.9,234,343.9,770.0,133.9,691.57,1461.57,4
Tue_01246,Tuesday,"Four Square Britomart,Four Square Ellerslie,Four Square Pakuranga Heights,Four Square Onehunga",14,91.9,252,343.9,770.0,133.9,691.58,1461.58,4
Tue_01247,Tuesday,"Four Square Pakuranga Heights,Four Square Torbay,Four Square Britomart",11,145.9,198,343.9,770.0,133.9,691.68,1461.68,3
Tue_01248,Tuesday,"Four Square Onehunga,Four Square Britomart,New World Metro Shore City,Four Square Hobsonville",13,109.9,234,343.9,770.0,133.9,691.79,1461.79,4
Tue_01249,Tuesday,"New World Newmarket,Four Square Pakuranga Heights,Four Square Botany Junction",14,92.0,252,344.0,770.0,134.0,692.19,1462.19,3
Tue_01250,Tuesday,"Four Square Pakuranga Heights,Four Square Torbay,Four Square Eden Terrace",11,146.0,198,344.0,770.0,134.0,692.52,1462.52,3
Tue_01251,Tuesday,"Four Square Ellerslie,Pak 'n Save Manukau",15,74.1,270,344.1,770.0,134.1,692.63,1462.63,2
Tue_01252,Tuesday,"Pak 'n Save Ormiston,Four Square Botany Junction",15,74.1,270,344.1,770.0,134.1,693.07,1463.07,2
Tue_01253,Tuesday,"New World Newmarket,Four Square Remuera,Four Square Botany Junction",14,92.2,252,344.2,770.0,134.2,693.12,1463.12,3
Tue_01254,Tuesday,"Four Square Britomart,Four Square Ellerslie,New World Remuera",15,74.2,270,344.2,770.0,134.2,693.46,1463.46,3
Tue_01255,Tuesday,"Four Square Pakuranga Heights,New World Eastridge,Four Square Remuera",14,92.2,252,344.2,770.0,134.2,693.49,1463.49,3
Tue_01256,Tuesday,"New World Newmarket,Four Square St Heliers,Four Square Glen Eden",13,110.2,234,344.2,770.0,134.2,693.61,1463.61,3
Tue_01257,Tuesday,"Four Square Cockle Bay,New World Newmarket,Four Square Britomart",13,110.3,234,344.3,770.0,134.3,693.68,1463.68,3
Tue_01258,Tuesday,"Four Square Botany Junction,Four Square St Heliers,New World Eastridge",13,110.3,234,344.3,770.0,134.3,693.75,1463.75,3
Tue_01259,Tuesday,"Four Square Britomart,New World Birkenhead,Four Square Lancaster",14,92.3,252,344.3,770.0,134.3,693.75,1463.75,3
Tue_01260,Tuesday,"Four Square Cockle Bay,Four Square Ellerslie,Four Square Glen Eden",12,128.4,216,344.4,770.0,134.4,694.17,1464.17,3
Tue_01261,Tuesday,"New World Birkenhead,Four Square Lancaster,Four Square Eden Terrace",14,92.4,252,344.4,770.0,134.4,694.64,1464.64,3
Tue_01262,Tuesday,"Four Square Remuera,Pak 'n Save Sylvia Park",15,74.5,270,344.5,770.0,134.5,694.86,1464.86,2
Tue_01263,Tuesday,"Four Square Hobsonville,Four Square Remuera,New World Eastridge",13,110.5,234,344.5,770.0,134.5,695.03,1465.03,3
Tue_01264,Tuesday,"Four Square Cockle Bay,Four Square Pakuranga Heights,New World Metro Shore City",12,128.6,216,344.6,770.0,134.6,695.49,1465.49,3
Tue_01265,Tuesday,"New World Mt Roskill,Four Square Pakuranga Heights,Four Square St Heliers",14,92.7,252,344.7,770.0,134.7,695.71,1465.71,3
Tue_01266,Tuesday,"Pak 'n Save Highland Park,Four Square Cockle Bay",14,92.7,252,344.7,770.0,134.7,695.78,1465.78,2
Tue_01267,Tuesday,"New World Metro Shore City,Four Square Britomart,Four Square Ellerslie,Four Square Onehunga",14,92.7,252,344.7,770.0,134.7,695.79,1465.79,4
Tue_01268,Tuesday,"Four Square Torbay,Four Square Ellerslie,Four Square St Heliers",11,146.7,198,344.7,770.0,134.7,696.07,1466.07,3
Tue_01269,Tuesday,"New World Newmarket,Four Square St Heliers,Four Square Botany Junction",13,110.7,234,344.7,770.0,134.7,696.11,1466.11,3
Tue_01270,Tuesday,"Four Square Eden Terrace,New World Newmarket,New World Eastridge",15,74.8,270,344.8,770.0,134.8,696.31,1466.31,3
Tue_01271,Tuesday,"Four Square Ellerslie,Four Square Remuera,New World Metro Queen St,Four Square Eden Terrace",15,74.8,270,344.8,770.0,134.8,696.68,1466.68,4
Tue_01272,Tuesday,"Four Square Glen Eden,Four Square Britomart,Four Square Ellerslie,Four Square Onehunga",14,92.9,252,344.9,770.0,134.9,696.73,1466.73,4
Tue_01273,Tuesday,"Four Square Pakuranga Heights,New World Stonefields,Four Square Britomart",14,92.9,252,344.9,770.0,134.9,696.76,1466.76,3
Tue_01274,Tuesday,"Four Square Cockle Bay,Four Square Britomart,New World Point Chevalier",13,111.0,234,345.0,770.0,135.0,697.27,1467.27,3
Tue_01275,Tuesday,"Four Square Hobsonville,Four Square Britomart,Four Square Ellerslie,Four Square Eden Terrace",13,111.0,234,345.0,770.0,135.0,697.33,1467.33,4
Tue_01276,Tuesday,"Four Square Britomart,Four Square Lancaster,New World Mt Albert",14,93.0,252,345.0,770.0,135.0,697.37,1467.37,3
Tue_01277,Tuesday,"Four Square Onehunga,Four Square St Heliers,Four Square Britomart,New World Metro Shore City",13,111.0,234,345.0,770.0,135.0,697.59,1467.59,4
Tue_01278,Tuesday,"Four Square Onehunga,Four Square St Heliers,Four Square Britomart,Four Square Glen Eden",13,111.0,234,345.0,770.0,135.0,697.69,1467.69,4
Tue_01279,Tuesday,"Four Square Fair Price Henderson,Four Square Lancaster,New World Point Chevalier",13,111.0,234,345.0,770.0,135.0,697.7,1467.7,3
Tue_01280,Tuesday,"Four Square Hobsonville,Four Square Britomart,Four Square Remuera,Four Square Eden Terrace",13,111.1,234,345.1,770.0,135.1,698.05,1468.05,4
Tue_01281,Tuesday,"Pak 'n Save Albany,Four Square Hobsonville",14,93.1,252,345.1,770.0,135.1,698.12,1468.12,2
Tue_01282,Tuesday,"Four Square Onehunga,Four Square Lancaster,New World Metro Shore City,Four Square Eden Terrace",13,111.1,234,345.1,770.0,135.1,698.22,1468.22,4
Tue_01283,Tuesday,"Four Square Fair Price Henderson,New World Newmarket,Four Square St Heliers",13,111.3,234,345.3,770.0,135.3,698.97,1468.97,3
Tue_01284,Tuesday,"New World Metro Shore City,New World Newmarket,Four Square Ellerslie",14,93.3,252,345.3,770.0,135.3,699.01,1469.01,3
Tue_01285,Tuesday,"Four Square Torbay,New World Milford",13,111.3,234,345.3,770.0,135.3,699.24,1469.24,2
Tue_01286,Tuesday,"New World Southmall,Four Square St Heliers,Four Square Britomart",13,111.4,234,345.4,770.0,135.4,699.42,1469.42,3
Tue_01287,Tuesday,"New World Metro Shore City,New World Newmarket,Four Square Remuera",14,93.4,252,345.4,770.0,135.4,699.73,1469.73,3
Tue_01288,Tuesday,"Four Square Onehunga,Four Square Ellerslie,Four Square Botany Junction,Four Square Eden Terrace",14,93.5,252,345.5,770.0,135.5,700.02,1470.02,4
Tue_01289,Tuesday,"New World Mt Roskill,Four Square Lancaster,New World Metro Shore City",14,93.5,252,345.5,770.0,135.5,700.11,1470.11,3
Tue_01290,Tuesday,"New World Metro Queen St,Four Square Torbay,Four Square Ellerslie",12,129.6,216,345.6,770.0,135.6,700.58,1470.58,3
Tue_01291,Tuesday,"Four Square Cockle Bay,Four Square Remuera,Four Square Lancaster",11,147.7,198,345.7,770.0,135.7,700.94,1470.94,3
Tue_01292,Tuesday,"Four Square Ellerslie,Four Square Remuera,New World New Lynn",15,75.7,270,345.7,770.0,135.7,701.04,1471.04,3
Tue_01293,Tuesday,"Four Square Fair Price Henderson,Four Square Britomart,Four Square Ellerslie,Four Square Onehunga",14,93.7,252,345.7,770.0,135.7,701.2,1471.2,4
Tue_01294,Tuesday,"Four Square Glen Eden,Four Square Fair Price Henderson,Four Square Torbay",12,129.7,216,345.7,770.0,135.7,701.24,1471.24,3
Tue_01295,Tuesday,"New World Metro Queen St,Four Square Torbay,Four Square Remuera",12,129.7,216,345.7,770.0,135.7,701.3,1471.3,3
Tue_01296,Tuesday,"Four Square Onehunga,Four Square St Heliers,Four Square Eden Terrace,Four Square Glen Eden",13,111.8,234,345.8,770.0,135.8,701.41,1471.41,4
Tue_01297,Tuesday,"Four Square Onehunga,New World Metro Queen St,Four Square Lancaster,Four Square Hobsonville",13,111.8,234,345.8,770.0,135.8,701.65,1471.65,4
Tue_01298,Tuesday,"New World Papatoetoe,Four Square Ellerslie,Four Square Eden Terrace",15,75.8,270,345.8,770.0,135.8,701.74,1471.74,3
Tue_01299,Tuesday,"Four Square Pakuranga Heights,Four Square St Heliers,Four Square Remuera,Four Square Onehunga",14,93.8,252,345.8,770.0,135.8,701.74,1471.74,4
Tue_01300,Tuesday,"Four Square Onehunga,Four Square Cockle Bay,Four Square Britomart,Four Square Eden Terrace",13,111.9,234,345.9,770.0,135.9,702.09,1472.09,4
Tue_01301,Tuesday,"Four Square Remuera,New World Ormiston,Four Square Botany Junction",14,93.9,252,345.9,770.0,135.9,702.26,1472.26,3
Tue_01302,Tuesday,"New World Southmall,Four Square Botany Junction,Four Square Eden Terrace",14,94.0,252,346.0,770.0,136.0,702.72,1472.72,3
Tue_01303,Tuesday,"New World Papatoetoe,Four Square St Heliers,Four Square Onehunga",14,94.0,252,346.0,770.0,136.0,702.76,1472.76,3
Tue_01304,Tuesday,"New World Southmall,Four Square St Heliers,Four Square Eden Terrace",13,112.1,234,346.1,770.0,136.1,703.14,1473.14,3
Tue_01305,Tuesday,"Four Square Onehunga,Four Square Eden Terrace,New World Metro Shore City,Four Square Hobsonville",13,112.2,234,346.2,770.0,136.2,703.48,1473.48,4
Tue_01306,Tuesday,"Four Square Fair Price Henderson,New World Hobsonville,Four Square Hobsonville",15,76.2,270,346.2,770.0,136.2,703.57,1473.57,3
Tue_01307,Tuesday,"Pak 'n Save Albany,Four Square Britomart",14,94.2,252,346.2,770.0,136.2,703.74,1473.74,2
Tue_01308,Tuesday,"New World Metro Queen St,New World Newmarket,Four Square Botany Junction",14,94.2,252,346.2,770.0,136.2,703.78,1473.78,3
Tue_01309,Tuesday,"Four Square Cockle Bay,Four Square Ellerslie,Four Square Fair Price Henderson",12,130.2,216,346.2,770.0,136.2,703.81,1473.81,3
Tue_01310,Tuesday,"Four Square Onehunga,Four Square Ellerslie,Four Square Remuera,Four Square Hobsonville",14,94.3,252,346.3,770.0,136.3,704.07,1474.07,4
Tue_01311,Tuesday,"Four Square Glen Eden,Four Square Torbay,New World Metro Queen St",12,130.3,216,346.3,770.0,136.3,704.34,1474.34,3
Tue_01312,Tuesday,"New World Metro Shore City,Four Square Eden Terrace,Four Square Ellerslie,Four Square Onehunga",14,94.3,252,346.3,770.0,136.3,704.34,1474.34,4
Tue_01313,Tuesday,"Pak 'n Save Sylvia Park,New World Metro Queen St",15,76.3,270,346.3,770.0,136.3,704.38,1474.38,2
Tue_01314,Tuesday,"Four Square Hobsonville,Four Square Lancaster,Four Square Ellerslie,Four Square Onehunga",13,112.3,234,346.3,770.0,136.3,704.39,1474.39,4
Tue_01315,Tuesday,"Pak 'n Save Albany,Four Square Eden Terrace",14,94.4,252,346.4,770.0,136.4,704.58,1474.58,2
Tue_01316,Tuesday,"New World Newmarket,New World Eastridge,Four Square Britomart",15,76.4,270,346.4,770.0,136.4,704.71,1474.71,3
Tue_01317,Tuesday,"New World Eastridge,Four Square St Heliers,Four Square Glen Eden",13,112.4,234,346.4,770.0,136.4,704.8,1474.8,3
Tue_01318,Tuesday,"Four Square Lancaster,New World Albany,Four Square Hobsonville",13,112.4,234,346.4,770.0,136.4,704.81,1474.81,3
Tue_01319,Tuesday,"New World Ormiston,Four Square Ellerslie,Four Square Remuera",14,94.4,252,346.4,770.0,136.4,704.91,1474.91,3
Tue_01320,Tuesday,"Four Square Glen Eden,Four Square Hobsonville,Four Square Britomart,Four Square Eden Terrace",13,112.5,234,346.5,770.0,136.5,705.3,1475.3,4
Tue_01321,Tuesday,"New World Ormiston,Four Square Botany Junction,Four Square St Heliers",13,112.6,234,346.6,770.0,136.6,705.58,1475.58,3
Tue_01322,Tuesday,"Four Square Onehunga,New World Stonefields,New World Metro Shore City",14,94.7,252,346.7,770.0,136.7,706.26,1476.26,3
Tue_01323,Tuesday,"Four Square Pakuranga Heights,New World Eastridge,New World Metro Queen St",14,94.8,252,346.8,770.0,136.8,706.58,1476.58,3
Tue_01324,Tuesday,"Four Square Hobsonville,Four Square Lancaster,New World Eastridge",12,130.9,216,346.9,770.0,136.9,707.19,1477.19,3
Tue_01325,Tuesday,"Four Square Onehunga,Four Square St Heliers,Four Square Britomart,Four Square Fair Price Henderson",13,112.9,234,346.9,770.0,136.9,707.33,1477.33,4
Tue_01326,Tuesday,"Four Square Eden Terrace,New World Newmarket,Four Square Ellerslie,Four Square Onehunga",16,58.9,288,346.9,770.0,136.9,707.49,1477.49,4
Tue_01327,Tuesday,"Four Square Lancaster,Four Square Britomart,Four Square St Heliers,Four Square Eden Terrace",12,131.1,216,347.1,770.0,137.1,708.44,1478.44,4
Tue_01328,Tuesday,"Four Square Onehunga,New World Eastridge,Four Square Britomart,Four Square Eden Terrace",15,77.2,270,347.2,770.0,137.2,708.88,1478.88,4
Tue_01329,Tuesday,"Four Square Hobsonville,New World Metro Queen St,New World Eastridge",13,113.3,234,347.3,770.0,137.3,709.17,1479.17,3
Tue_01330,Tuesday,"Four Square Lancaster,Four Square St Heliers,New World Point Chevalier",12,131.3,216,347.3,770.0,137.3,709.17,1479.17,3
Tue_01331,Tuesday,"Four Square Britomart,Four Square Ellerslie,New World Southmall",14,95.3,252,347.3,770.0,137.3,709.23,1479.23,3
Tue_01332,Tuesday,"Four Square Onehunga,New World Metro Queen St,New World Victoria Park",16,59.3,288,347.3,770.0,137.3,709.42,1479.42,3
Tue_01333,Tuesday,"New World Ormiston,Four Square Botany Junction,New World Metro Queen St",14,95.3,252,347.3,770.0,137.3,709.43,1479.43,3
Tue_01334,Tuesday,"Four Square Fair Price Henderson,Four Square Cockle Bay,Four Square Botany Junction",12,131.3,216,347.3,770.0,137.3,709.6,1479.6,3
Tue_01335,Tuesday,"New World Ormiston,Four Square Pakuranga Heights,Four Square St Heliers",13,113.4,234,347.4,770.0,137.4,709.86,1479.86,3
Tue_01336,Tuesday,"Four Square Cockle Bay,Four Square St Heliers,New World Metro Shore City",11,149.4,198,347.4,770.0,137.4,710.1,1480.1,3
Tue_01337,Tuesday,"Four Square Fair Price Henderson,New World Eastridge,Four Square St Heliers",13,113.4,234,347.4,770.0,137.4,710.16,1480.16,3
Tue_01338,Tuesday,"New World Metro Shore City,New World Newmarket,Four Square St Heliers",13,113.5,234,347.5,770.0,137.5,710.23,1480.23,3
Tue_01339,Tuesday,"Four Square Lancaster,New World Albany,Four Square Britomart",13,113.5,234,347.5,770.0,137.5,710.43,1480.43,3
Tue_01340,Tuesday,"Four Square Pakuranga Heights,Pak 'n Save Sylvia Park",15,77.5,270,347.5,770.0,137.5,710.65,1480.65,2
Tue_01341,Tuesday,"Four Square Cockle Bay,Four Square Remuera,Four Square Glen Eden",12,131.6,216,347.6,770.0,137.6,710.74,1480.74,3
Tue_01342,Tuesday,"Four Square Onehunga,Four Square Remuera,Four Square Britomart,New World Metro Shore City",14,95.6,252,347.6,770.0,137.6,710.81,1480.81,4
Tue_01343,Tuesday,"Four Square Onehunga,Four Square Remuera,Four Square Britomart,Four Square Glen Eden",14,95.6,252,347.6,770.0,137.6,710.91,1480.91,4
Tue_01344,Tuesday,"Pak 'n Save Manukau,Four Square St Heliers",14,95.6,252,347.6,770.0,137.6,710.92,1480.92,2
Tue_01345,Tuesday,"Four Square Onehunga,New World Papatoetoe,Four Square Botany Junction",15,77.6,270,347.6,770.0,137.6,711.01,1481.01,3
Tue_01346,Tuesday,"Four Square Botany Junction,Four Square Remuera,New World Point Chevalier",14,95.6,252,347.6,770.0,137.6,711.05,1481.05,3
Tue_01347,Tuesday,"Four Square Onehunga,Four Square St Heliers,Four Square Eden Terrace,Four Square Fair Price Henderson",13,113.6,234,347.6,770.0,137.6,711.05,1481.05,4
Tue_01348,Tuesday,"Four Square Botany Junction,Four Square St Heliers,New World Point Chevalier",13,113.6,234,347.6,770.0,137.6,711.08,1481.08,3
Tue_01349,Tuesday,"Four Square Cockle Bay,Four Square Lancaster,New World Metro Shore City",11,149.6,198,347.6,770.0,137.6,711.08,1481.08,3
Tue_01350,Tuesday,"Four Square Lancaster,New World Albany,Four Square Eden Terrace",13,113.7,234,347.7,770.0,137.7,711.27,1481.27,3
Tue_01351,Tuesday,"Four Square Cockle Bay,New World Metro Shore City,Four Square Hobsonville",11,149.7,198,347.7,770.0,137.7,711.3,1481.3,3
Tue_01352,Tuesday,"Four Square Pakuranga Heights,Four Square Eden Terrace,New World Mt Albert",15,77.7,270,347.7,770.0,137.7,711.33,1481.33,3
Tue_01353,Tuesday,"Four Square Botany Junction,Four Square Pakuranga Heights,New World Point Chevalier",14,95.7,252,347.7,770.0,137.7,711.36,1481.36,3
Tue_01354,Tuesday,"Four Square Onehunga,New World Botany,Four Square Britomart",14,95.7,252,347.7,770.0,137.7,711.43,1481.43,3
Tue_01355,Tuesday,"Four Square Pakuranga Heights,Four Square Ellerslie,Four Square Britomart,Four Square Eden Terrace",14,95.8,252,347.8,770.0,137.8,711.71,1481.71,4
Tue_01356,Tuesday,"Four Square Ellerslie,New World Stonefields,New World Metro Queen St",15,77.8,270,347.8,770.0,137.8,712.07,1482.07,3
Tue_01357,Tuesday,"Four Square Hobsonville,New World Remuera,Four Square Eden Terrace",14,95.9,252,347.9,770.0,137.9,712.44,1482.44,3
Tue_01358,Tuesday,"Four Square Lancaster,New World Stonefields,Four Square Eden Terrace",13,113.9,234,347.9,770.0,137.9,712.61,1482.61,3
Tue_01359,Tuesday,"Four Square Botany Junction,New World Stonefields,Four Square Eden Terrace",14,95.9,252,347.9,770.0,137.9,712.66,1482.66,3
Tue_01360,Tuesday,"Four Square Remuera,Four Square St Heliers,New World New Lynn",14,96.0,252,348.0,770.0,138.0,712.78,1482.78,3
Tue_01361,Tuesday,"Four Square Hobsonville,Four Square Ellerslie,New World Eastridge",13,114.0,234,348.0,770.0,138.0,712.94,1482.94,3
Tue_01362,Tuesday,"Four Square Britomart,New World Metro Queen St,Four Square Eden Terrace,New World Point Chevalier",16,60.1,288,348.1,770.0,138.1,713.37,1483.37,4
Tue_01363,Tuesday,"Four Square Lancaster,Four Square Britomart,Four Square Ellerslie,Four Square Eden Terrace",13,114.1,234,348.1,770.0,138.1,713.47,1483.47,4
Tue_01364,Tuesday,"Four Square Lancaster,New World Albany,Four Square Onehunga",13,114.1,234,348.1,770.0,138.1,713.58,1483.58,3
Tue_01365,Tuesday,"Four Square Fair Price Henderson,Four Square Lancaster,New World Newmarket",13,114.1,234,348.1,770.0,138.1,713.62,1483.62,3
Tue_01366,Tuesday,"New World Metro Shore City,Four Square Ellerslie,New World Point Chevalier",14,96.1,252,348.1,770.0,138.1,713.65,1483.65,3
Tue_01367,Tuesday,"Four Square Hobsonville,Four Square Torbay,New World Point Chevalier",13,114.2,234,348.2,770.0,138.2,713.96,1483.96,3
Tue_01368,Tuesday,"Four Square Onehunga,Four Square Remuera,Four Square Lancaster,Four Square Hobsonville",13,114.2,234,348.2,770.0,138.2,714.06,1484.06,4
Tue_01369,Tuesday,"Four Square Cockle Bay,New World Ormiston,Four Square Botany Junction",14,96.2,252,348.2,770.0,138.2,714.12,1484.12,3
Tue_01370,Tuesday,"Four Square Lancaster,Four Square Britomart,Four Square Remuera,Four Square Eden Terrace",13,114.2,234,348.2,770.0,138.2,714.19,1484.19,4
Tue_01371,Tuesday,"New World Metro Shore City,Four Square Remuera,New World Point Chevalier",14,96.3,252,348.3,770.0,138.3,714.37,1484.37,3
Tue_01372,Tuesday,"Four Square Cockle Bay,New World Eastridge,Four Square Eden Terrace",13,114.4,234,348.4,770.0,138.4,714.89,1484.89,3
Tue_01373,Tuesday,"Four Square Lancaster,New World Remuera,Four Square Onehunga",14,96.4,252,348.4,770.0,138.4,714.93,1484.93,3
Tue_01374,Tuesday,"Four Square Glen Eden,Four Square Fair Price Henderson,Four Square Britomart,Four Square Eden Terrace",14,96.5,252,348.5,770.0,138.5,715.35,1485.35,4
Tue_01375,Tuesday,"New World Green Bay,Four Square Lancaster,Four Square Hobsonville",13,114.5,234,348.5,770.0,138.5,715.46,1485.46,3
Tue_01376,Tuesday,"Four Square Torbay,New World Newmarket,Four Square Eden Terrace",13,114.5,234,348.5,770.0,138.5,715.6,1485.6,3
Tue_01377,Tuesday,"Four Square Botany Junction,Four Square Britomart,New World Metro Queen St,Four Square Eden Terrace",14,96.5,252,348.5,770.0,138.5,715.71,1485.71,4
Tue_01378,Tuesday,"Four Square Pakuranga Heights,New World Remuera,Four Square Onehunga",15,78.6,270,348.6,770.0,138.6,716.03,1486.03,3
Tue_01379,Tuesday,"Four Square Cockle Bay,Four Square Ellerslie,New World Metro Shore City",12,132.6,216,348.6,770.0,138.6,716.17,1486.17,3
Tue_01380,Tuesday,"Four Square Cockle Bay,New World Eastridge,Four Square Britomart",13,114.7,234,348.7,770.0,138.7,716.39,1486.39,3
Tue_01381,Tuesday,"Four Square Onehunga,Four Square Pakuranga Heights,Four Square Botany Junction,Four Square Eden Terrace",14,96.7,252,348.7,770.0,138.7,716.78,1486.78,4
Tue_01382,Tuesday,"Four Square Pakuranga Heights,New World Botany,Four Square Onehunga",15,78.8,270,348.8,770.0,138.8,716.89,1486.89,3
Tue_01383,Tuesday,"Four Square Onehunga,Four Square Pakuranga Heights,Four Square Remuera,Four Square Britomart",14,96.8,252,348.8,770.0,138.8,716.99,1486.99,4
Tue_01384,Tuesday,"New World Green Bay,Four Square Ellerslie,Four Square Remuera",15,78.8,270,348.8,770.0,138.8,717.12,1487.12,3
Tue_01385,Tuesday,"Four Square Ellerslie,Four Square St Heliers,New World New Lynn",14,96.8,252,348.8,770.0,138.8,717.28,1487.28,3
Tue_01386,Tuesday,"Four Square Onehunga,Four Square Remuera,New World Metro Shore City,Four Square Eden Terrace",14,96.9,252,348.9,770.0,138.9,717.45,1487.45,4
Tue_01387,Tuesday,"New World Stonefields,Four Square Remuera,New World Metro Queen St",15,78.9,270,348.9,770.0,138.9,717.51,1487.51,3
Tue_01388,Tuesday,"Four Square Ellerslie,Four Square Torbay,New World Metro Shore City",12,132.9,216,348.9,770.0,138.9,717.65,1487.65,3
Tue_01389,Tuesday,"New World Albany,Four Square Britomart,New World Metro Queen St",14,96.9,252,348.9,770.0,138.9,717.68,1487.68,3
Tue_01390,Tuesday,"New World Papatoetoe,New World Metro Queen St,Four Square Britomart",15,78.9,270,348.9,770.0,138.9,717.82,1487.82,3
Tue_01391,Tuesday,"Four Square Lancaster,New World Hobsonville,Four Square Hobsonville",14,96.9,252,348.9,770.0,138.9,717.82,1487.82,3
Tue_01392,Tuesday,"Four Square Cockle Bay,New World Metro Queen St,New World Metro Shore City",12,132.9,216,348.9,770.0,138.9,717.9,1487.9,3
Tue_01393,Tuesday,"Four Square Ellerslie,Four Square Pakuranga Heights,New World Ormiston",14,97.0,252,349.0,770.0,139.0,718.02,1488.02,3
Tue_01394,Tuesday,"New World Papatoetoe,Four Square Remuera,Four Square Eden Terrace",15,79.0,270,349.0,770.0,139.0,718.31,1488.31,3
Tue_01395,Tuesday,"Four Square Remuera,Four Square Torbay,New World Metro Shore City",12,133.0,216,349.0,770.0,139.0,718.37,1488.37,3
Tue_01396,Tuesday,"Four Square Glen Eden,Four Square Torbay,New World Metro Shore City",12,133.1,216,349.1,770.0,139.1,718.47,1488.47,3
Tue_01397,Tuesday,"Four Square Torbay,New World Newmarket,Four Square Onehunga",13,115.1,234,349.1,770.0,139.1,718.72,1488.72,3
Tue_01398,Tuesday,"Four Square Pakuranga Heights,Four Square Ellerslie,New World Eastridge",14,97.1,252,349.1,770.0,139.1,718.84,1488.84,3
Tue_01399,Tuesday,"Four Square Onehunga,New World Botany,Four Square Botany Junction",15,79.2,270,349.2,770.0,139.2,718.98,1488.98,3
Tue_01400,Tuesday,"Four Square Hobsonville,Four Square Torbay,Four Square Botany Junction",11,151.2,198,349.2,770.0,139.2,719.01,1489.01,3
Tue_01401,Tuesday,"Four Square Onehunga,Four Square Remuera,New World Newmarket,Four Square Eden Terrace",16,61.3,288,349.3,770.0,139.3,719.55,1489.55,4
Tue_01402,Tuesday,"Four Square Cockle Bay,Four Square St Heliers,New World Eastridge",13,115.4,234,349.4,770.0,139.4,720.02,1490.02,3
Tue_01403,Tuesday,"Four Square Onehunga,Four Square Ellerslie,Four Square St Heliers,Four Square Hobsonville",13,115.4,234,349.4,770.0,139.4,720.31,1490.31,4
Tue_01404,Tuesday,"Four Square Cockle Bay,Four Square Remuera,Four Square Fair Price Henderson",12,133.4,216,349.4,770.0,139.4,720.38,1490.38,3
Tue_01405,Tuesday,"Four Square Onehunga,Four Square Remuera,Four Square Britomart,Four Square Fair Price Henderson",14,97.5,252,349.5,770.0,139.5,720.55,1490.55,4
Tue_01406,Tuesday,"New World Mt Roskill,Four Square Pakuranga Heights,Four Square Botany Junction",15,79.5,270,349.5,770.0,139.5,720.75,1490.75,3
Tue_01407,Tuesday,"New World Metro Shore City,Four Square Cockle Bay,Four Square Botany Junction",12,133.5,216,349.5,770.0,139.5,720.85,1490.85,3
Tue_01408,Tuesday,"Four Square Onehunga,Four Square Ellerslie,Four Square Eden Terrace,New World Point Chevalier",16,61.5,288,349.5,770.0,139.5,720.96,1490.96,4
Tue_01409,Tuesday,"New World Ormiston,Four Square Ellerslie,Four Square St Heliers",13,115.6,234,349.6,770.0,139.6,721.14,1491.14,3
Tue_01410,Tuesday,"New World Metro Shore City,New World Eastridge,Four Square St Heliers",13,115.6,234,349.6,770.0,139.6,721.42,1491.42,3
Tue_01411,Tuesday,"Four Square Remuera,Four Square St Heliers,New World Ormiston",13,115.7,234,349.7,770.0,139.7,721.7,1491.7,3
Tue_01412,Tuesday,"Four Square Pakuranga Heights,Four Square Ellerslie,Four Square Remuera,Four Square Onehunga",15,79.7,270,349.7,770.0,139.7,721.99,1491.99,4
Tue_01413,Tuesday,"Four Square Cockle Bay,New World Stonefields,Four Square Onehunga",14,97.8,252,349.8,770.0,139.8,722.05,1492.05,3
Tue_01414,Tuesday,"New World Mt Roskill,Four Square Onehunga,Four Square Britomart,Four Square Eden Terrace",16,61.8,288,349.8,770.0,139.8,722.12,1492.12,4
Tue_01415,Tuesday,"New World Papatoetoe,New World Metro Queen St,Four Square Eden Terrace",15,79.9,270,349.9,770.0,139.9,722.73,1492.73,3
Tue_01416,Tuesday,"Four Square Onehunga,Four Square St Heliers,Four Square Lancaster,Four Square Eden Terrace",12,133.9,216,349.9,770.0,139.9,722.99,1492.99,4
Tue_01417,Tuesday,"New World Birkenhead,Four Square Lancaster,Four Square Hobsonville",14,97.9,252,349.9,770.0,139.9,723.05,1493.05,3
Tue_01418,Tuesday,"Four Square Britomart,Four Square Torbay,New World Point Chevalier",13,115.9,234,349.9,770.0,139.9,723.07,1493.07,3
Tue_01419,Tuesday,"Four Square Onehunga,Pak 'n Save Botany",15,80.0,270,350.0,770.0,140.0,723.14,1493.14,2
Tue_01420,Tuesday,"Four Square Pakuranga Heights,New World Stonefields,Four Square St Heliers",14,98.1,252,350.1,770.0,140.1,723.66,1493.66,3
Tue_01421,Tuesday,"Four Square Cockle Bay,New World Metro Queen St,Four Square Fair Price Henderson",12,134.2,216,350.2,770.0,140.2,724.26,1494.26,3
Tue_01422,Tuesday,"Four Square Onehunga,Four Square Remuera,Four Square St Heliers,Four Square Hobsonville",13,116.2,234,350.2,770.0,140.2,724.29,1494.29,4
Tue_01423,Tuesday,"Four Square Hobsonville,Four Square Britomart,New World Stonefields",13,116.2,234,350.2,770.0,140.2,724.34,1494.34,3
Tue_01424,Tuesday,"Four Square Onehunga,New World Newmarket,New World Metro Queen St,Four Square Britomart",16,62.3,288,350.3,770.0,140.3,724.67,1494.67,4
Tue_01425,Tuesday,"Four Square Eden Terrace,New World Eastridge,New World Point Chevalier",15,80.3,270,350.3,770.0,140.3,724.92,1494.92,3
Tue_01426,Tuesday,"Four Square Pakuranga Heights,New World Newmarket,Four Square Hobsonville",13,116.4,234,350.4,770.0,140.4,725.64,1495.64,3
Tue_01427,Tuesday,"Four Square Britomart,New World Eastridge,New World Point Chevalier",15,80.5,270,350.5,770.0,140.5,725.82,1495.82,3
Tue_01428,Tuesday,"New World Papatoetoe,Four Square Pakuranga Heights,Four Square Onehunga",15,80.5,270,350.5,770.0,140.5,725.88,1495.88,3
Tue_01429,Tuesday,"New World Albany,New World Metro Queen St,Four Square Eden Terrace",14,98.5,252,350.5,770.0,140.5,726.05,1496.05,3
Tue_01430,Tuesday,"Four Square Britomart,New World Metro Queen St,New World Newmarket,Four Square Eden Terrace",16,62.5,288,350.5,770.0,140.5,726.09,1496.09,4
Tue_01431,Tuesday,"Four Square Lancaster,New World Metro Queen St,New World Eastridge",13,116.6,234,350.6,770.0,140.6,726.19,1496.19,3
Tue_01432,Tuesday,"Four Square Lancaster,Four Square Remuera,New World Eastridge",13,116.9,234,350.9,770.0,140.9,727.84,1497.84,3
Tue_01433,Tuesday,"Four Square Onehunga,Four Square Pakuranga Heights,Four Square Eden Terrace,Four Square Hobsonville",13,116.9,234,350.9,770.0,140.9,727.88,1497.88,4
Tue_01434,Tuesday,"Four Square Britomart,Four Square Torbay,Four Square Botany Junction",11,152.9,198,350.9,770.0,140.9,728.13,1498.13,3
Tue_01435,Tuesday,"New World Newmarket,New World Metro Queen St,New World Point Chevalier",16,62.9,288,350.9,770.0,140.9,728.16,1498.16,3
Tue_01436,Tuesday,"Four Square Pakuranga Heights,Four Square Remuera,Four Square Britomart,Four Square Eden Terrace",14,99.0,252,351.0,770.0,141.0,728.28,1498.28,4
Tue_01437,Tuesday,"Four Square Ellerslie,Four Square Remuera,New World Mt Albert",16,63.0,288,351.0,770.0,141.0,728.33,1498.33,3
Tue_01438,Tuesday,"New World Birkenhead,Four Square Britomart,New World Metro Queen St",15,81.1,270,351.1,770.0,141.1,728.77,1498.77,3
Tue_01439,Tuesday,"New World Green Bay,Four Square Remuera,Four Square St Heliers",14,99.1,252,351.1,770.0,141.1,728.86,1498.86,3
Tue_01440,Tuesday,"Four Square Cockle Bay,Four Square St Heliers,New World Newmarket",13,117.1,234,351.1,770.0,141.1,729.02,1499.02,3
Tue_01441,Tuesday,"Four Square Britomart,New World Metro Shore City,New World Mt Albert",15,81.1,270,351.1,770.0,141.1,729.18,1499.18,3
Tue_01442,Tuesday,"Four Square Pakuranga Heights,Pak 'n Save Manukau",15,81.1,270,351.1,770.0,141.1,729.19,1499.19,2
Tue_01443,Tuesday,"Four Square Onehunga,New World Newmarket,New World Metro Queen St,Four Square Eden Terrace",16,63.2,288,351.2,770.0,141.2,729.58,1499.58,4
Tue_01444,Tuesday,"Four Square Pakuranga Heights,Four Square St Heliers,Four Square Britomart,New World Metro Queen St",14,99.2,252,351.2,770.0,141.2,729.61,1499.61,4
Tue_01445,Tuesday,"Four Square Onehunga,Four Square Ellerslie,New World Victoria Park",16,63.2,288,351.2,770.0,141.2,729.72,1499.72,3
Tue_01446,Tuesday,"Four Square Hobsonville,Four Square Torbay,New World Newmarket",13,117.3,234,351.3,770.0,141.3,729.88,1499.88,3
Tue_01447,Tuesday,"Four Square Fair Price Henderson,Four Square Torbay,Four Square Ellerslie",12,135.3,216,351.3,770.0,141.3,729.97,1499.97,3
Tue_01448,Tuesday,"Four Square Remuera,Pak 'n Save Glen Innes",15,81.3,270,351.3,770.0,141.3,730.09,1500.09,2
Tue_01449,Tuesday,"Four Square Glen Eden,Four Square Hobsonville,Four Square Britomart,Four Square Onehunga",13,117.3,234,351.3,770.0,141.3,730.14,1500.14,4
Tue_01450,Tuesday,"Four Square Onehunga,Four Square Remuera,Four Square Eden Terrace,New World Point Chevalier",16,63.3,288,351.3,770.0,141.3,730.17,1500.17,4
Tue_01451,Tuesday,"Four Square Britomart,Four Square Cockle Bay,New World Ormiston",13,117.4,234,351.4,770.0,141.4,730.65,1500.65,3
Tue_01452,Tuesday,"Four Square Torbay,New World Devonport",12,135.4,216,351.4,770.0,141.4,730.66,1500.66,2
Tue_01453,Tuesday,"Four Square Fair Price Henderson,Four Square Torbay,Four Square Remuera",12,135.4,216,351.4,770.0,141.4,730.69,1500.69,3
Tue_01454,Tuesday,"New World Metro Queen St,Four Square Ellerslie,New World Ormiston",14,99.4,252,351.4,770.0,141.4,730.82,1500.82,3
Tue_01455,Tuesday,"Four Square Torbay,Four Square Eden Terrace,New World Point Chevalier",13,117.5,234,351.5,770.0,141.5,731.05,1501.05,3
Tue_01456,Tuesday,"Four Square Pakuranga Heights,Four Square St Heliers,Four Square Remuera,Four Square Eden Terrace",14,99.6,252,351.6,770.0,141.6,731.36,1501.36,4
Tue_01457,Tuesday,"New World Papatoetoe,Four Square St Heliers,Four Square Britomart",14,99.6,252,351.6,770.0,141.6,731.46,1501.46,3
Tue_01458,Tuesday,"Four Square Pakuranga Heights,Four Square Cockle Bay,New World Ormiston",14,99.6,252,351.6,770.0,141.6,731.54,1501.54,3
Tue_01459,Tuesday,"Four Square Eden Terrace,Four Square Britomart,Four Square St Heliers,Four Square Glen Eden",13,117.7,234,351.7,770.0,141.7,732.06,1502.06,4
Tue_01460,Tuesday,"New World Mt Albert,Four Square Lancaster,Four Square Hobsonville",14,99.7,252,351.7,770.0,141.7,732.09,1502.09,3
Tue_01461,Tuesday,"Four Square Onehunga,New World Metro Queen St,Four Square Britomart,New World Point Chevalier",16,63.7,288,351.7,770.0,141.7,732.11,1502.11,4
Tue_01462,Tuesday,"Four Square Ellerslie,Four Square Remuera,New World Remuera",16,63.8,288,351.8,770.0,141.8,732.51,1502.51,3
Tue_01463,Tuesday,"New World Mt Albert,Four Square Fair Price Henderson,Four Square Hobsonville",15,81.8,270,351.8,770.0,141.8,732.56,1502.56,3
Tue_01464,Tuesday,"Four Square Onehunga,Four Square Botany Junction,New World Metro Queen St,Four Square Britomart",14,99.8,252,351.8,770.0,141.8,732.66,1502.66,4
Tue_01465,Tuesday,"Four Square Cockle Bay,Four Square Remuera,New World Metro Shore City",12,135.8,216,351.8,770.0,141.8,732.75,1502.75,3
Tue_01466,Tuesday,"New World Southmall,Four Square Remuera,Four Square Britomart",14,99.9,252,351.9,770.0,141.9,733.11,1503.11,3
Tue_01467,Tuesday,"Four Square Onehunga,Four Square Botany Junction,Four Square Remuera,Four Square Eden Terrace",14,99.9,252,351.9,770.0,141.9,733.15,1503.15,4
Tue_01468,Tuesday,"Four Square Fair Price Henderson,New World Stonefields,Four Square Eden Terrace",14,99.9,252,351.9,770.0,141.9,733.16,1503.16,3
Tue_01469,Tuesday,"New World Green Bay,Four Square Ellerslie,Four Square St Heliers",14,99.9,252,351.9,770.0,141.9,733.36,1503.36,3
Tue_01470,Tuesday,"New World Southmall,Four Square Pakuranga Heights,Four Square Eden Terrace",14,100.1,252,352.1,770.0,142.1,734.08,1504.08,3
Tue_01471,Tuesday,"Four Square Botany Junction,Four Square St Heliers,Four Square Britomart,Four Square Eden Terrace",13,118.1,234,352.1,770.0,142.1,734.13,1504.13,4
Tue_01472,Tuesday,"Four Square Onehunga,Four Square Ellerslie,Four Square Pakuranga Heights,Four Square St Heliers",14,100.2,252,352.2,770.0,142.2,734.52,1504.52,4
Tue_01473,Tuesday,"Four Square Ellerslie,Pak 'n Save Glen Innes",15,82.2,270,352.2,770.0,142.2,734.59,1504.59,2
Tue_01474,Tuesday,"Four Square Onehunga,Four Square Britomart,Four Square Fair Price Henderson,Four Square Glen Eden",14,100.2,252,352.2,770.0,142.2,734.66,1504.66,4
Tue_01475,Tuesday,"Four Square Hobsonville,New World Metro Queen St,Four Square Ellerslie,Four Square Onehunga",14,100.2,252,352.2,770.0,142.2,734.73,1504.73,4
Tue_01476,Tuesday,"New World Remuera,Four Square Remuera,Four Square St Heliers",15,82.2,270,352.2,770.0,142.2,734.88,1504.88,3
Tue_01477,Tuesday,"New World Albany,New World Browns Bay",14,100.2,252,352.2,770.0,142.2,734.94,1504.94,2
Tue_01478,Tuesday,"New World Papatoetoe,Four Square St Heliers,Four Square Eden Terrace",14,100.3,252,352.3,770.0,142.3,735.18,1505.18,3
Tue_01479,Tuesday,"Four Square Cockle Bay,Four Square Pakuranga Heights,New World Newmarket",14,100.4,252,352.4,770.0,142.4,735.98,1505.98,3
Tue_01480,Tuesday,"New World Ormiston,Four Square St Heliers,New World Metro Queen St",13,118.5,234,352.5,770.0,142.5,736.45,1506.45,3
Tue_01481,Tuesday,"Four Square Onehunga,New World Metro Queen St,Four Square Eden Terrace,New World Point Chevalier",16,64.6,288,352.6,770.0,142.6,737.02,1507.02,4
Tue_01482,Tuesday,"New World Birkenhead,New World Metro Queen St,Four Square Eden Terrace",15,82.7,270,352.7,770.0,142.7,737.14,1507.14,3
Tue_01483,Tuesday,"Four Square Lancaster,New World Browns Bay,Four Square Hobsonville",13,118.7,234,352.7,770.0,142.7,737.19,1507.19,3
Tue_01484,Tuesday,"Four Square Pakuranga Heights,New World Stonefields,Four Square Remuera",15,82.7,270,352.7,770.0,142.7,737.19,1507.19,3
Tue_01485,Tuesday,"Four Square Cockle Bay,Four Square St Heliers,New World Point Chevalier",13,118.7,234,352.7,770.0,142.7,737.35,1507.35,3
Tue_01486,Tuesday,"Four Square Fair Price Henderson,Four Square Eden Terrace,Four Square Britomart,Four Square St Heliers",13,118.7,234,352.7,770.0,142.7,737.42,1507.42,4
Tue_01487,Tuesday,"Four Square Onehunga,Four Square Botany Junction,New World Metro Queen St,Four Square Eden Terrace",14,100.8,252,352.8,770.0,142.8,737.57,1507.57,4
Tue_01488,Tuesday,"Four Square Onehunga,Four Square Ellerslie,Four Square Remuera,Four Square Lancaster",14,100.8,252,352.8,770.0,142.8,737.98,1507.98,4
Tue_01489,Tuesday,"Four Square Fair Price Henderson,Four Square Lancaster,Four Square Britomart,Four Square Eden Terrace",13,118.9,234,352.9,770.0,142.9,738.16,1508.16,4
Tue_01490,Tuesday,"Four Square Onehunga,Four Square Cockle Bay,Four Square Pakuranga Heights,Four Square Eden Terrace",14,100.9,252,352.9,770.0,142.9,738.22,1508.22,4
Tue_01491,Tuesday,"Four Square Eden Terrace,Four Square Britomart,Four Square Ellerslie,Four Square Botany Junction",14,101.0,252,353.0,770.0,143.0,738.79,1508.79,4
Tue_01492,Tuesday,"Four Square Onehunga,New World Remuera,Four Square Botany Junction",15,83.0,270,353.0,770.0,143.0,738.83,1508.83,3
Tue_01493,Tuesday,"New World Albany,Four Square Ellerslie,Four Square Onehunga",14,101.0,252,353.0,770.0,143.0,738.92,1508.92,3
Tue_01494,Tuesday,"Four Square Onehunga,Four Square Remuera,New World Victoria Park",16,65.0,288,353.0,770.0,143.0,738.93,1508.93,3
Tue_01495,Tuesday,"Four Square Britomart,Four Square Torbay,New World Newmarket",13,119.0,234,353.0,770.0,143.0,739.0,1509.0,3
Tue_01496,Tuesday,"Four Square Onehunga,Four Square Pakuranga Heights,Four Square St Heliers,New World Metro Queen St",14,101.1,252,353.1,770.0,143.1,739.31,1509.31,4
Tue_01497,Tuesday,"Four Square Cockle Bay,Four Square Pakuranga Heights,New World Point Chevalier",14,101.1,252,353.1,770.0,143.1,739.58,1509.58,3
Tue_01498,Tuesday,"Four Square Hobsonville,Four Square Lancaster,New World Metro Shore City,Four Square Britomart",13,119.2,234,353.2,770.0,143.2,739.77,1509.77,4
Tue_01499,Tuesday,"Four Square Hobsonville,New World Albany,New World Metro Queen St",14,101.2,252,353.2,770.0,143.2,739.8,1509.8,3
Tue_01500,Tuesday,"Four Square Remuera,Four Square St Heliers,New World Mt Albert",15,83.2,270,353.2,770.0,143.2,740.07,1510.07,3
Tue_01501,Tuesday,"New World Metro Shore City,Four Square Britomart,Four Square St Heliers,Four Square Eden Terrace",13,119.3,234,353.3,770.0,143.3,740.25,1510.25,4
Tue_01502,Tuesday,"Four Square Onehunga,New World Metro Shore City,Four Square Lancaster,Four Square Hobsonville",13,119.3,234,353.3,770.0,143.3,740.38,1510.38,4
Tue_01503,Tuesday,"Four Square Lancaster,Four Square Britomart,New World Stonefields",13,119.3,234,353.3,770.0,143.3,740.48,1510.48,3
Tue_01504,Tuesday,"Four Square Hobsonville,Four Square Lancaster,New World Metro Shore City,Four Square Eden Terrace",13,119.3,234,353.3,770.0,143.3,740.61,1510.61,4
Tue_01505,Tuesday,"Four Square Glen Eden,New World Hobsonville,Four Square Hobsonville",15,83.4,270,353.4,770.0,143.4,740.84,1510.84,3
Tue_01506,Tuesday,"New World Metro Shore City,Four Square St Heliers,New World Point Chevalier",13,119.4,234,353.4,770.0,143.4,740.98,1510.98,3
Tue_01507,Tuesday,"Four Square Fair Price Henderson,Four Square Hobsonville,Four Square Britomart,New World Metro Queen St",14,101.6,252,353.6,770.0,143.6,741.79,1511.79,4
Tue_01508,Tuesday,"Four Square Onehunga,Four Square Lancaster,Four Square Hobsonville,Four Square Fair Price Henderson",13,119.6,234,353.6,770.0,143.6,741.85,1511.85,4
Tue_01509,Tuesday,"New World Newmarket,New World Eastridge,Four Square St Heliers",15,83.7,270,353.7,770.0,143.7,742.29,1512.29,3
Tue_01510,Tuesday,"Four Square Onehunga,Four Square St Heliers,New World Newmarket,Four Square Eden Terrace",15,83.7,270,353.7,770.0,143.7,742.33,1512.33,4
Tue_01511,Tuesday,"New World Botany,Four Square Britomart,Four Square Eden Terrace",14,101.7,252,353.7,770.0,143.7,742.65,1512.65,3
Tue_01512,Tuesday,"Four Square Lancaster,New World Browns Bay,Four Square Britomart",13,119.8,234,353.8,770.0,143.8,742.81,1512.81,3
Tue_01513,Tuesday,"Four Square Remuera,New World Eastridge,Four Square Glen Eden",14,101.8,252,353.8,770.0,143.8,743.03,1513.03,3
Tue_01514,Tuesday,"Four Square Lancaster,New World Browns Bay,Four Square Eden Terrace",13,119.9,234,353.9,770.0,143.9,743.65,1513.65,3
Tue_01515,Tuesday,"Four Square Remuera,Four Square Pakuranga Heights,New World Ormiston",14,102.0,252,354.0,770.0,144.0,743.89,1513.89,3
Tue_01516,Tuesday,"Four Square Onehunga,New World Albany,New World Metro Queen St",14,102.1,252,354.1,770.0,144.1,744.32,1514.32,3
Tue_01517,Tuesday,"Four Square Hobsonville,New World Metro Shore City,Four Square Britomart,New World Metro Queen St",14,102.1,252,354.1,770.0,144.1,744.34,1514.34,4
Tue_01518,Tuesday,"New World Metro Shore City,New World Stonefields,Four Square Eden Terrace",14,102.1,252,354.1,770.0,144.1,744.42,1514.42,3
Tue_01519,Tuesday,"Four Square Ellerslie,Four Square St Heliers,New World Mt Albert",15,84.1,270,354.1,770.0,144.1,744.57,1514.57,3
Tue_01520,Tuesday,"New World Ormiston,Four Square Britomart,Four Square Lancaster",12,138.2,216,354.2,770.0,144.2,744.93,1514.93,3
Tue_01521,Tuesday,"Four Square Onehunga,Four Square St Heliers,New World Eastridge,Four Square Eden Terrace",15,84.2,270,354.2,770.0,144.2,744.96,1514.96,4
Tue_01522,Tuesday,"Four Square Pakuranga Heights,Four Square St Heliers,New World Metro Queen St,Four Square Eden Terrace",14,102.2,252,354.2,770.0,144.2,744.96,1514.96,4
Tue_01523,Tuesday,"Four Square Onehunga,Four Square Ellerslie,New World Botany",15,84.2,270,354.2,770.0,144.2,745.07,1515.07,3
Tue_01524,Tuesday,"Four Square Lancaster,New World Remuera,Four Square Eden Terrace",14,102.2,252,354.2,770.0,144.2,745.25,1515.25,3
Tue_01525,Tuesday,"New World Metro Shore City,Four Square Britomart,Four Square Ellerslie,Four Square Eden Terrace",14,102.2,252,354.2,770.0,144.2,745.28,1515.28,4
Tue_01526,Tuesday,"Four Square Britomart,Four Square Ellerslie,Four Square Eden Terrace,Four Square Glen Eden",14,102.3,252,354.3,770.0,144.3,745.33,1515.33,4
Tue_01527,Tuesday,"Four Square Pakuranga Heights,New World Stonefields,Four Square Ellerslie",15,84.3,270,354.3,770.0,144.3,745.43,1515.43,3
Tue_01528,Tuesday,"Pak 'n Save Clendon,Four Square Botany Junction",15,84.3,270,354.3,770.0,144.3,745.71,1515.71,2
Tue_01529,Tuesday,"Four Square Hobsonville,Four Square Ellerslie,Four Square Remuera,Four Square Eden Terrace",14,102.3,252,354.3,770.0,144.3,745.71,1515.71,4
Tue_01530,Tuesday,"Four Square Lancaster,Four Square Ellerslie,New World Eastridge",13,120.3,234,354.3,770.0,144.3,745.74,1515.74,3
Tue_01531,Tuesday,"Four Square Lancaster,New World Browns Bay,Four Square Onehunga",13,120.4,234,354.4,770.0,144.4,745.96,1515.96,3
Tue_01532,Tuesday,"New World Metro Shore City,Four Square Britomart,Four Square Remuera,Four Square Eden Terrace",14,102.4,252,354.4,770.0,144.4,746.0,1516.0,4
Tue_01533,Tuesday,"Four Square Britomart,Four Square Remuera,Four Square Eden Terrace,Four Square Glen Eden",14,102.4,252,354.4,770.0,144.4,746.05,1516.05,4
Tue_01534,Tuesday,"Four Square Onehunga,Four Square Britomart,Four Square St Heliers,Four Square Botany Junction",13,120.4,234,354.4,770.0,144.4,746.09,1516.09,4
Tue_01535,Tuesday,"Four Square Fair Price Henderson,Four Square Hobsonville,Four Square Lancaster,Four Square Britomart",13,120.4,234,354.4,770.0,144.4,746.27,1516.27,4
Tue_01536,Tuesday,"Four Square Pakuranga Heights,New World Remuera,Four Square Eden Terrace",15,84.5,270,354.5,770.0,144.5,746.34,1516.34,3
Tue_01537,Tuesday,"Four Square Fair Price Henderson,Four Square Hobsonville,Four Square Ellerslie,Four Square Onehunga",14,102.5,252,354.5,770.0,144.5,746.36,1516.36,4
Tue_01538,Tuesday,"Four Square Onehunga,Four Square St Heliers,New World Eastridge,Four Square Britomart",15,84.5,270,354.5,770.0,144.5,746.46,1516.46,4
Tue_01539,Tuesday,"Four Square Torbay,New World Metro Shore City,Four Square St Heliers",11,156.5,198,354.5,770.0,144.5,746.67,1516.67,3
Tue_01540,Tuesday,"New World Metro Shore City,New World Remuera,Four Square Onehunga",15,84.5,270,354.5,770.0,144.5,746.74,1516.74,3
Tue_01541,Tuesday,"Four Square Onehunga,New World Stonefields,New World Newmarket",16,66.5,288,354.5,770.0,144.5,746.75,1516.75,3
Tue_01542,Tuesday,"Four Square Onehunga,Four Square Ellerslie,Four Square Botany Junction,Four Square Britomart",14,102.6,252,354.6,770.0,144.6,746.86,1516.86,4
Tue_01543,Tuesday,"Four Square Britomart,Four Square Ellerslie,New World Papatoetoe",15,84.6,270,354.6,770.0,144.6,746.92,1516.92,3
Tue_01544,Tuesday,"Four Square Fair Price Henderson,Four Square Hobsonville,Four Square Lancaster,Four Square Eden Terrace",13,120.6,234,354.6,770.0,144.6,747.11,1517.11,4
Tue_01545,Tuesday,"Four Square Britomart,New World Newmarket,Four Square Ellerslie,Four Square Onehunga",16,66.6,288,354.6,770.0,144.6,747.3,1517.3,4
Tue_01546,Tuesday,"Four Square Onehunga,Four Square St Heliers,Four Square Botany Junction,Four Square Eden Terrace",13,120.7,234,354.7,770.0,144.7,747.37,1517.37,4
Tue_01547,Tuesday,"Four Square Onehunga,Four Square Ellerslie,Four Square Remuera,Four Square Glen Eden",15,84.7,270,354.7,770.0,144.7,747.78,1517.78,4
Tue_01548,Tuesday,"Four Square Pakuranga Heights,Pak 'n Save Ormiston",15,84.8,270,354.8,770.0,144.8,748.36,1518.36,2
Tue_01549,Tuesday,"Four Square Fair Price Henderson,Four Square Remuera,New World Eastridge",14,102.8,252,354.8,770.0,144.8,748.39,1518.39,3
Tue_01550,Tuesday,"New World Newmarket,Four Square Ellerslie,New World Point Chevalier",16,66.9,288,354.9,770.0,144.9,748.5,1518.5,3
Tue_01551,Tuesday,"Pak 'n Save Sylvia Park,Four Square Botany Junction",15,84.9,270,354.9,770.0,144.9,748.62,1518.62,2
Tue_01552,Tuesday,"Four Square Onehunga,Four Square St Heliers,New World Metro Queen St,Four Square Hobsonville",13,120.9,234,354.9,770.0,144.9,748.72,1518.72,4
Tue_01553,Tuesday,"Four Square Onehunga,Four Square Cockle Bay,Four Square St Heliers,Four Square Britomart",13,121.0,234,355.0,770.0,145.0,749.11,1519.11,4
Tue_01554,Tuesday,"Four Square Fair Price Henderson,Four Square Hobsonville,Four Square Eden Terrace,New World Metro Queen St",14,103.0,252,355.0,770.0,145.0,749.13,1519.13,4
Tue_01555,Tuesday,"Four Square Fair Price Henderson,Four Square Hobsonville,New World Eastridge",13,121.0,234,355.0,770.0,145.0,749.16,1519.16,3
Tue_01556,Tuesday,"New World Newmarket,Four Square Remuera,New World Point Chevalier",16,67.0,288,355.0,770.0,145.0,749.22,1519.22,3
Tue_01557,Tuesday,"New World Southmall,Four Square Botany Junction,Four Square Britomart",14,103.1,252,355.1,770.0,145.1,749.56,1519.56,3
Tue_01558,Tuesday,"New World Birkenhead,Four Square Ellerslie,Four Square Onehunga",15,85.2,270,355.2,770.0,145.2,750.01,1520.01,3
Tue_01559,Tuesday,"New World Browns Bay,Four Square Britomart,New World Metro Queen St",14,103.2,252,355.2,770.0,145.2,750.06,1520.06,3
Tue_01560,Tuesday,"Four Square Onehunga,Four Square Remuera,New World Metro Queen St,Four Square Hobsonville",14,103.3,252,355.3,770.0,145.3,750.65,1520.65,4
Tue_01561,Tuesday,"Four Square Fair Price Henderson,Four Square Britomart,Four Square Ellerslie,Four Square Eden Terrace",14,103.3,252,355.3,770.0,145.3,750.68,1520.68,4
Tue_01562,Tuesday,"Four Square Glen Eden,Four Square Fair Price Henderson,Four Square Hobsonville,Four Square Onehunga",14,103.3,252,355.3,770.0,145.3,750.73,1520.73,4
Tue_01563,Tuesday,"Four Square Pakuranga Heights,Four Square Torbay,Four Square Lancaster",11,157.4,198,355.4,770.0,145.4,751.34,1521.34,3
Tue_01564,Tuesday,"Four Square Glen Eden,Four Square Fair Price Henderson,Four Square Hobsonville,Four Square Eden Terrace",14,103.4,252,355.4,770.0,145.4,751.36,1521.36,4
Tue_01565,Tuesday,"Four Square Onehunga,Four Square St Heliers,Four Square Lancaster,Four Square Hobsonville",12,139.4,216,355.4,770.0,145.4,751.4,1521.4,4
Tue_01566,Tuesday,"Four Square Fair Price Henderson,Four Square Britomart,Four Square Remuera,Four Square Eden Terrace",14,103.4,252,355.4,770.0,145.4,751.41,1521.41,4
Tue_01567,Tuesday,"Four Square Pakuranga Heights,Four Square Ellerslie,Four Square Remuera,Four Square Eden Terrace",15,85.5,270,355.5,770.0,145.5,751.61,1521.61,4
Tue_01568,Tuesday,"Four Square Lancaster,New World Metro Queen St,Four Square Ellerslie,Four Square Onehunga",14,103.5,252,355.5,770.0,145.5,751.76,1521.76,4
Tue_01569,Tuesday,"Four Square Onehunga,New World Botany,Four Square St Heliers",14,103.6,252,355.6,770.0,145.6,752.29,1522.29,3
Tue_01570,Tuesday,"New World Ormiston,Four Square Pakuranga Heights,New World Metro Queen St",14,103.6,252,355.6,770.0,145.6,752.44,1522.44,3
Tue_01571,Tuesday,"Four Square Hobsonville,New World Metro Shore City,New World Metro Queen St,Four Square Eden Terrace",14,103.7,252,355.7,770.0,145.7,752.71,1522.71,4
Tue_01572,Tuesday,"Four Square Onehunga,Four Square Cockle Bay,Four Square St Heliers,Four Square Eden Terrace",13,121.7,234,355.7,770.0,145.7,752.83,1522.83,4
Tue_01573,Tuesday,"New World Papatoetoe,Four Square Botany Junction,Four Square Eden Terrace",15,85.7,270,355.7,770.0,145.7,752.97,1522.97,3
Tue_01574,Tuesday,"Four Square Hobsonville,New World Stonefields,Four Square St Heliers",13,121.8,234,355.8,770.0,145.8,753.55,1523.55,3
Tue_01575,Tuesday,"Four Square Hobsonville,Four Square Lancaster,Four Square Ellerslie,Four Square Eden Terrace",13,121.9,234,355.9,770.0,145.9,753.88,1523.88,4
Tue_01576,Tuesday,"Four Square Hobsonville,New World Albany,New World Metro Shore City",14,103.9,252,355.9,770.0,145.9,753.92,1523.92,3
Tue_01577,Tuesday,"New World Metro Queen St,Four Square Britomart,Four Square Lancaster,New World Metro Shore City",14,103.9,252,355.9,770.0,145.9,753.95,1523.95,4
Tue_01578,Tuesday,"Four Square Hobsonville,Four Square Torbay,Four Square Britomart,Four Square Eden Terrace",13,122.0,234,356.0,770.0,146.0,754.43,1524.43,4
Tue_01579,Tuesday,"Four Square Cockle Bay,New World Stonefields,Four Square Eden Terrace",14,104.0,252,356.0,770.0,146.0,754.47,1524.47,3
Tue_01580,Tuesday,"Four Square Hobsonville,Four Square Lancaster,Four Square Remuera,Four Square Eden Terrace",13,122.1,234,356.1,770.0,146.1,754.6,1524.6,4
Tue_01581,Tuesday,"Four Square Onehunga,Four Square St Heliers,New World Metro Shore City,Four Square Eden Terrace",13,122.1,234,356.1,770.0,146.1,754.8,1524.8,4
Tue_01582,Tuesday,"Four Square Onehunga,Four Square Remuera,Four Square Ellerslie,Four Square Botany Junction",15,86.1,270,356.1,770.0,146.1,754.81,1524.81,4
Tue_01583,Tuesday,"Four Square Onehunga,Four Square Lancaster,New World Hobsonville",14,104.2,252,356.2,770.0,146.2,755.33,1525.33,3
Tue_01584,Tuesday,"Four Square Britomart,New World Stonefields,Four Square Botany Junction",14,104.2,252,356.2,770.0,146.2,755.4,1525.4,3
Tue_01585,Tuesday,"New World Metro Queen St,Four Square St Heliers,New World Mt Albert",15,86.2,270,356.2,770.0,146.2,755.52,1525.52,3
Tue_01586,Tuesday,"New World Newmarket,Four Square Cockle Bay,Four Square Botany Junction",14,104.3,252,356.3,770.0,146.3,755.7,1525.7,3
Tue_01587,Tuesday,"New World Papakura,New World Southmall",15,86.3,270,356.3,770.0,146.3,755.75,1525.75,2
Tue_01588,Tuesday,"Four Square Botany Junction,Four Square Remuera,New World Eastridge",14,104.4,252,356.4,770.0,146.4,756.32,1526.32,3
Tue_01589,Tuesday,"Four Square Cockle Bay,Four Square Ellerslie,New World Newmarket",14,104.5,252,356.5,770.0,146.5,756.67,1526.67,3
Tue_01590,Tuesday,"New World Metro Queen St,Four Square Remuera,New World Ormiston",14,104.5,252,356.5,770.0,146.5,756.69,1526.69,3
Tue_01591,Tuesday,"Four Square Hobsonville,Four Square Britomart,New World Remuera",14,104.5,252,356.5,770.0,146.5,756.98,1526.98,3
Tue_01592,Tuesday,"Four Square Eden Terrace,Four Square Ellerslie,Four Square Cockle Bay,Four Square Onehunga",14,104.5,252,356.5,770.0,146.5,757.09,1527.09,4
Tue_01593,Tuesday,"Four Square Onehunga,Four Square Britomart,Four Square Lancaster,Four Square Fair Price Henderson",13,122.5,234,356.5,770.0,146.5,757.11,1527.11,4
Tue_01594,Tuesday,"Four Square Fair Price Henderson,Four Square Torbay,Four Square St Heliers",11,158.6,198,356.6,770.0,146.6,757.3,1527.3,3
Tue_01595,Tuesday,"Four Square Onehunga,Four Square Ellerslie,Four Square Remuera,Four Square Fair Price Henderson",15,86.6,270,356.6,770.0,146.6,757.42,1527.42,4
Tue_01596,Tuesday,"Four Square Hobsonville,New World Metro Queen St,Four Square Britomart,Four Square St Heliers",13,122.7,234,356.7,770.0,146.7,757.97,1527.97,4
Tue_01597,Tuesday,"New World Metro Shore City,New World Metro Queen St,New World Eastridge",14,104.7,252,356.7,770.0,146.7,758.0,1528.0,3
Tue_01598,Tuesday,"Four Square Botany Junction,Four Square Ellerslie,New World Eastridge",14,104.8,252,356.8,770.0,146.8,758.38,1528.38,3
Tue_01599,Tuesday,"New World Browns Bay,New World Metro Queen St,Four Square Eden Terrace",14,104.8,252,356.8,770.0,146.8,758.44,1528.44,3
Tue_01600,Tuesday,"Four Square Onehunga,New World Albany,New World Metro Shore City",14,104.8,252,356.8,770.0,146.8,758.44,1528.44,3
Tue_01601,Tuesday,"Four Square Onehunga,Four Square Torbay,Four Square Britomart,Four Square Eden Terrace",13,122.9,234,356.9,770.0,146.9,758.95,1528.95,4
Tue_01602,Tuesday,"New World Hobsonville,Four Square Hobsonville,New World Metro Queen St",15,87.0,270,357.0,770.0,147.0,759.31,1529.31,3
Tue_01603,Tuesday,"New World Albany,Four Square Remuera,Four Square Onehunga",14,105.0,252,357.0,770.0,147.0,759.51,1529.51,3
Tue_01604,Tuesday,"Four Square Pakuranga Heights,New World Newmarket,Four Square Lancaster",13,123.0,234,357.0,770.0,147.0,759.55,1529.55,3
Tue_01605,Tuesday,"Four Square Onehunga,Four Square Ellerslie,Four Square Pakuranga Heights,Four Square Botany Junction",15,87.0,270,357.0,770.0,147.0,759.56,1529.56,4
Tue_01606,Tuesday,"New World Metro Shore City,Four Square Remuera,New World Eastridge",14,105.0,252,357.0,770.0,147.0,759.65,1529.65,3
Tue_01607,Tuesday,"New World Newmarket,Four Square St Heliers,New World Point Chevalier",15,87.0,270,357.0,770.0,147.0,759.71,1529.71,3
Tue_01608,Tuesday,"Four Square Hobsonville,Four Square Lancaster,Four Square Britomart,Four Square St Heliers",12,141.1,216,357.1,770.0,147.1,759.88,1529.88,4
Tue_01609,Tuesday,"Four Square Britomart,Four Square Lancaster,New World Hobsonville",14,105.1,252,357.1,770.0,147.1,759.93,1529.93,3
Tue_01610,Tuesday,"Four Square Cockle Bay,Four Square Ellerslie,New World Point Chevalier",14,105.1,252,357.1,770.0,147.1,760.27,1530.27,3
Tue_01611,Tuesday,"Four Square Cockle Bay,Four Square St Heliers,Four Square Britomart,Four Square Eden Terrace",13,123.2,234,357.2,770.0,147.2,760.4,1530.4,4
Tue_01612,Tuesday,"Four Square Ellerslie,New World Eastridge,Four Square Glen Eden",14,105.3,252,357.3,770.0,147.3,760.94,1530.94,3
Tue_01613,Tuesday,"New World Remuera,Four Square Remuera,New World Metro Queen St",16,69.3,288,357.3,770.0,147.3,761.23,1531.23,3
Tue_01614,Tuesday,"New World Southmall,Four Square Cockle Bay,Four Square Onehunga",14,105.3,252,357.3,770.0,147.3,761.27,1531.27,3
Tue_01615,Tuesday,"Four Square Lancaster,Pak 'n Save Albany",14,105.4,252,357.4,770.0,147.4,761.33,1531.33,2
Tue_01616,Tuesday,"Four Square Hobsonville,New World Ormiston,Four Square Botany Junction",13,123.4,234,357.4,770.0,147.4,761.35,1531.35,3
Tue_01617,Tuesday,"Four Square Hobsonville,Four Square Ellerslie,New World Stonefields",14,105.4,252,357.4,770.0,147.4,761.63,1531.63,3
Tue_01618,Tuesday,"New World Remuera,Four Square Ellerslie,Four Square St Heliers",15,87.4,270,357.4,770.0,147.4,761.79,1531.79,3
Tue_01619,Tuesday,"Four Square Eden Terrace,New World Metro Queen St,Four Square Lancaster,New World Metro Shore City",14,105.5,252,357.5,770.0,147.5,762.1,1532.1,4
Tue_01620,Tuesday,"Four Square Hobsonville,Four Square Eden Terrace,Four Square Remuera,Four Square St Heliers",13,123.5,234,357.5,770.0,147.5,762.17,1532.17,4
Tue_01621,Tuesday,"Pak 'n Save Glen Innes,New World Metro Queen St",15,87.5,270,357.5,770.0,147.5,762.28,1532.28,2
Tue_01622,Tuesday,"Four Square Fair Price Henderson,New World Metro Queen St,New World Eastridge",14,105.6,252,357.6,770.0,147.6,762.52,1532.52,3
Tue_01623,Tuesday,"Four Square Pakuranga Heights,New World Botany,Four Square Eden Terrace",15,87.6,270,357.6,770.0,147.6,762.59,1532.59,3
Tue_01624,Tuesday,"New World Southmall,Four Square Ellerslie,Four Square Remuera",15,87.6,270,357.6,770.0,147.6,762.62,1532.62,3
Tue_01625,Tuesday,"Four Square Britomart,New World Birkenhead,Four Square Hobsonville",14,105.7,252,357.7,770.0,147.7,762.86,1532.86,3
Tue_01626,Tuesday,"Four Square Britomart,New World Albany,New World Metro Shore City",14,105.7,252,357.7,770.0,147.7,763.04,1533.04,3
Tue_01627,Tuesday,"Four Square Pakuranga Heights,Four Square Lancaster,New World Point Chevalier",13,123.7,234,357.7,770.0,147.7,763.15,1533.15,3
Tue_01628,Tuesday,"New World Victoria Park,Four Square Britomart,Four Square St Heliers",15,87.8,270,357.8,770.0,147.8,763.56,1533.56,3
Tue_01629,Tuesday,"Four Square Onehunga,Four Square Pakuranga Heights,Four Square Botany Junction,Four Square Britomart",14,105.8,252,357.8,770.0,147.8,763.63,1533.63,4
Tue_01630,Tuesday,"Four Square Eden Terrace,Four Square Britomart,Four Square Pakuranga Heights,Four Square Botany Junction",14,105.8,252,357.8,770.0,147.8,763.73,1533.73,4
Tue_01631,Tuesday,"Four Square Onehunga,Four Square St Heliers,Four Square Britomart,New World Point Chevalier",15,87.8,270,357.8,770.0,147.8,763.79,1533.79,4
Tue_01632,Tuesday,"Four Square Onehunga,Four Square St Heliers,New World Metro Queen St,Four Square Lancaster",13,123.9,234,357.9,770.0,147.9,763.91,1533.91,4
Tue_01633,Tuesday,"New World Hobsonville,Four Square Britomart,New World Metro Queen St",15,87.9,270,357.9,770.0,147.9,763.98,1533.98,3
Tue_01634,Tuesday,"Four Square Onehunga,Four Square Ellerslie,Four Square St Heliers,Four Square Glen Eden",14,105.9,252,357.9,770.0,147.9,764.02,1534.02,4
Tue_01635,Tuesday,"Four Square Eden Terrace,Four Square Britomart,Four Square Remuera,Four Square Botany Junction",14,106.0,252,358.0,770.0,148.0,764.66,1534.66,4
Tue_01636,Tuesday,"New World Remuera,Four Square St Heliers,New World Metro Queen St",15,88.0,270,358.0,770.0,148.0,764.88,1534.88,3
Tue_01637,Tuesday,"Four Square Botany Junction,Four Square Pakuranga Heights,New World Eastridge",14,106.1,252,358.1,770.0,148.1,764.98,1534.98,3
Tue_01638,Tuesday,"New World Papatoetoe,Four Square Remuera,Four Square Britomart",15,88.1,270,358.1,770.0,148.1,765.15,1535.15,3
Tue_01639,Tuesday,"New World Devonport,Four Square Britomart,Four Square Eden Terrace",14,106.1,252,358.1,770.0,148.1,765.43,1535.43,3
Tue_01640,Tuesday,"Four Square Hobsonville,New World Metro Shore City,Four Square Ellerslie,Four Square Onehunga",14,106.2,252,358.2,770.0,148.2,765.58,1535.58,4
Tue_01641,Tuesday,"Four Square Onehunga,Four Square Remuera,New World Metro Queen St,Four Square Lancaster",14,106.2,252,358.2,770.0,148.2,765.83,1535.83,4
Tue_01642,Tuesday,"Four Square Cockle Bay,Four Square Remuera,New World Newmarket",14,106.3,252,358.3,770.0,148.3,766.21,1536.21,3
Tue_01643,Tuesday,"Four Square Fair Price Henderson,Four Square Ellerslie,New World Eastridge",14,106.3,252,358.3,770.0,148.3,766.29,1536.29,3
Tue_01644,Tuesday,"Four Square Onehunga,Four Square Remuera,New World Newmarket,Four Square Britomart",16,70.3,288,358.3,770.0,148.3,766.39,1536.39,4
Tue_01645,Tuesday,"Four Square Onehunga,Four Square Ellerslie,Four Square St Heliers,Four Square Botany Junction",14,106.4,252,358.4,770.0,148.4,766.52,1536.52,4
Tue_01646,Tuesday,"Four Square Hobsonville,Four Square Eden Terrace,Four Square Ellerslie,Four Square St Heliers",13,124.4,234,358.4,770.0,148.4,766.67,1536.67,4
Tue_01647,Tuesday,"Four Square Fair Price Henderson,Four Square Hobsonville,Four Square Remuera,Four Square Onehunga",14,106.4,252,358.4,770.0,148.4,766.95,1536.95,4
Tue_01648,Tuesday,"Four Square Hobsonville,New World Stonefields,Four Square Remuera",14,106.5,252,358.5,770.0,148.5,767.08,1537.08,3
Tue_01649,Tuesday,"Four Square Glen Eden,Four Square Torbay,Four Square Ellerslie",12,142.5,216,358.5,770.0,148.5,767.23,1537.23,3
Tue_01650,Tuesday,"Four Square Onehunga,Four Square St Heliers,Four Square Eden Terrace,New World Point Chevalier",15,88.6,270,358.6,770.0,148.6,767.51,1537.51,4
Tue_01651,Tuesday,"Four Square Onehunga,Four Square Ellerslie,Four Square Britomart,New World Point Chevalier",16,70.6,288,358.6,770.0,148.6,767.81,1537.81,4
Tue_01652,Tuesday,"Four Square Onehunga,Four Square St Heliers,Four Square Pakuranga Heights,Four Square Botany Junction",14,106.6,252,358.6,770.0,148.6,767.94,1537.94,4
Tue_01653,Tuesday,"Four Square Glen Eden,Four Square Torbay,Four Square Remuera",12,142.6,216,358.6,770.0,148.6,767.95,1537.95,3
Tue_01654,Tuesday,"Four Square Onehunga,Four Square Remuera,Four Square St Heliers,Four Square Glen Eden",14,106.6,252,358.6,770.0,148.6,768.01,1538.01,4
Tue_01655,Tuesday,"Four Square Onehunga,Four Square Remuera,New World Birkenhead",15,88.7,270,358.7,770.0,148.7,768.16,1538.16,3
Tue_01656,Tuesday,"Four Square Hobsonville,New World Metro Shore City,New World Eastridge",13,124.7,234,358.7,770.0,148.7,768.37,1538.37,3
Tue_01657,Tuesday,"Four Square Onehunga,Four Square Eden Terrace,Four Square Lancaster,Four Square Fair Price Henderson",13,124.8,234,358.8,770.0,148.8,768.8,1538.8,4
Tue_01658,Tuesday,"Pak 'n Save Botany,Four Square Eden Terrace",15,88.8,270,358.8,770.0,148.8,768.86,1538.86,2
Tue_01659,Tuesday,"Four Square Lancaster,Four Square Britomart,Four Square Eden Terrace,Four Square Glen Eden",13,124.8,234,358.8,770.0,148.8,768.97,1538.97,4
Tue_01660,Tuesday,"Four Square Onehunga,Four Square St Heliers,Four Square Remuera,Four Square Lancaster",13,124.9,234,358.9,770.0,148.9,769.57,1539.57,4
Tue_01661,Tuesday,"Four Square Onehunga,New World Metro Queen St,Four Square Fair Price Henderson,Four Square Hobsonville",14,107.0,252,359.0,770.0,149.0,769.72,1539.72,4
Tue_01662,Tuesday,"Four Square Onehunga,Four Square Ellerslie,Four Square Remuera,New World Metro Shore City",15,89.0,270,359.0,770.0,149.0,769.79,1539.79,4
Tue_01663,Tuesday,"Four Square Hobsonville,Four Square Britomart,Four Square St Heliers,Four Square Remuera",13,125.1,234,359.1,770.0,149.1,770.26,1540.26,4
Tue_01664,Tuesday,"Four Square Onehunga,Four Square Remuera,Four Square St Heliers,Four Square Botany Junction",14,107.1,252,359.1,770.0,149.1,770.5,1540.5,4
Tue_01665,Tuesday,"Four Square Pakuranga Heights,Pak 'n Save Glen Innes",15,89.2,270,359.2,770.0,149.2,770.79,1540.79,2
Tue_01666,Tuesday,"New World Eastridge,Four Square St Heliers,New World Point Chevalier",15,89.2,270,359.2,770.0,149.2,770.9,1540.9,3
Tue_01667,Tuesday,"Four Square Eden Terrace,Four Square Lancaster,New World Hobsonville",14,107.2,252,359.2,770.0,149.2,770.93,1540.93,3
Tue_01668,Tuesday,"New World Albany,New World Metro Shore City,Four Square Eden Terrace",14,107.2,252,359.2,770.0,149.2,771.02,1541.02,3
Tue_01669,Tuesday,"Four Square Onehunga,Four Square Ellerslie,Four Square St Heliers,Four Square Lancaster",13,125.2,234,359.2,770.0,149.2,771.06,1541.06,4
Tue_01670,Tuesday,"New World Browns Bay,Four Square Ellerslie,Four Square Onehunga",14,107.3,252,359.3,770.0,149.3,771.3,1541.3,3
Tue_01671,Tuesday,"New World Ormiston,Four Square Cockle Bay,Four Square St Heliers",13,125.3,234,359.3,770.0,149.3,771.39,1541.39,3
Tue_01672,Tuesday,"New World Papatoetoe,Four Square Pakuranga Heights,Four Square Eden Terrace",15,89.3,270,359.3,770.0,149.3,771.58,1541.58,3
Tue_01673,Tuesday,"Four Square Onehunga,Four Square Pakuranga Heights,Four Square Eden Terrace,Four Square Glen Eden",14,107.3,252,359.3,770.0,149.3,771.59,1541.59,4
Tue_01674,Tuesday,"Four Square Pakuranga Heights,Four Square St Heliers,New World New Lynn",14,107.4,252,359.4,770.0,149.4,771.74,1541.74,3
Tue_01675,Tuesday,"Four Square Onehunga,Four Square Britomart,Four Square Torbay,Four Square Hobsonville",13,125.4,234,359.4,770.0,149.4,771.89,1541.89,4
Tue_01676,Tuesday,"Four Square Hobsonville,New World Browns Bay,New World Metro Queen St",14,107.5,252,359.5,770.0,149.5,772.18,1542.18,3
Tue_01677,Tuesday,"New World Metro Shore City,Four Square Britomart,New World Stonefields",14,107.5,252,359.5,770.0,149.5,772.29,1542.29,3
Tue_01678,Tuesday,"Four Square Lancaster,Four Square Torbay,New World Point Chevalier",13,125.5,234,359.5,770.0,149.5,772.35,1542.35,3
Tue_01679,Tuesday,"Four Square Lancaster,Four Square Britomart,New World Remuera",14,107.6,252,359.6,770.0,149.6,773.12,1543.12,3
Tue_01680,Tuesday,"Four Square Hobsonville,Four Square Eden Terrace,New World Metro Queen St,Four Square St Heliers",13,125.7,234,359.7,770.0,149.7,773.29,1543.29,4
Tue_01681,Tuesday,"Four Square Ellerslie,Pak 'n Save Ormiston",15,89.7,270,359.7,770.0,149.7,773.63,1543.63,2
Tue_01682,Tuesday,"Four Square Onehunga,Four Square Ellerslie,Four Square St Heliers,Four Square Fair Price Henderson",14,107.7,252,359.7,770.0,149.7,773.66,1543.66,4
Tue_01683,Tuesday,"Four Square Botany Junction,Four Square Cockle Bay,New World Point Chevalier",14,107.7,252,359.7,770.0,149.7,773.67,1543.67,3
Tue_01684,Tuesday,"Four Square Onehunga,New World Newmarket,Four Square St Heliers,Four Square Britomart",15,89.8,270,359.8,770.0,149.8,773.72,1543.72,4
Tue_01685,Tuesday,"Four Square Eden Terrace,New World Birkenhead,Four Square Hobsonville",14,107.8,252,359.8,770.0,149.8,773.87,1543.87,3
Tue_01686,Tuesday,"New World Milford,Four Square Britomart,Four Square Eden Terrace",15,89.8,270,359.8,770.0,149.8,773.97,1543.97,3
Tue_01687,Tuesday,"Four Square Botany Junction,New World Botany,Four Square Eden Terrace",15,89.9,270,359.9,770.0,149.9,774.41,1544.41,3
Tue_01688,Tuesday,"Four Square Onehunga,Four Square Pakuranga Heights,Four Square Britomart,Four Square Hobsonville",13,125.9,234,359.9,770.0,149.9,774.72,1544.72,4
Tue_01689,Tuesday,"Four Square Onehunga,Four Square Cockle Bay,New World Metro Queen St,Four Square Britomart",14,108.0,252,360.0,770.0,150.0,774.99,1544.99,4
Tue_01690,Tuesday,"Four Square Lancaster,New World Metro Queen St,Four Square Britomart,Four Square St Heliers",13,126.0,234,360.0,770.0,150.0,774.99,1544.99,4
