RouteID,Weekday,Stores,Pallets,DriveMin,UnloadMin,TotalMin,BaseCost,OvertimeMin,OvertimeCost,TotalCost,NStops
Thu_00001,Thursday,Four Square Onehunga,2,25.9,36,61.9,226.99,0.0,0.0,226.99,1
Thu_00002,Thursday,Four Square Fair Price Henderson,3,54.2,54,108.2,396.8,0.0,0.0,396.8,1
Thu_00003,Thursday,Four Square Eden Terrace,4,39.5,72,111.5,408.99,0.0,0.0,408.99,1
Thu_00004,Thursday,New World Metro Queen St,4,47.6,72,119.6,438.37,0.0,0.0,438.37,1
Thu_00005,Thursday,Four Square Britomart,4,48.7,72,120.7,442.72,0.0,0.0,442.72,1
Thu_00006,Thursday,Four Square Botany Junction,3,67.3,54,121.3,444.95,0.0,0.0,444.95,1
Thu_00007,Thursday,New World Metro Shore City,3,68.9,54,122.9,450.71,0.0,0.0,450.71,1
Thu_00008,Thursday,Four Square Pakuranga Heights,3,71.4,54,125.4,459.68,0.0,0.0,459.68,1
Thu_00009,Thursday,Four Square Ellerslie,4,56.7,72,128.7,471.8,0.0,0.0,471.8,1
Thu_00010,Thursday,Four Square Remuera,4,56.8,72,128.8,472.32,0.0,0.0,472.32,1
Thu_00011,Thursday,Four Square Glen Eden,5,42.8,90,132.8,486.77,0.0,0.0,486.77,1
Thu_00012,Thursday,Four Square Hobsonville,4,61.9,72,133.9,490.94,0.0,0.0,490.94,1
Thu_00013,Thursday,Four Square Cockle Bay,3,91.8,54,145.8,534.43,0.0,0.0,534.43,1
Thu_00014,Thursday,New World Mt Roskill,8,6.5,144,150.5,552.0,0.0,0.0,552.0,1
Thu_00015,Thursday,Four Square St Heliers,4,80.0,72,152.0,557.2,0.0,0.0,557.2,1
Thu_00016,Thursday,Four Square Lancaster,4,80.8,72,152.8,560.13,0.0,0.0,560.13,1
Thu_00017,Thursday,"Four Square Onehunga,Four Square Eden Terrace",6,47.2,108,155.2,569.04,0.0,0.0,569.04,2
Thu_00018,Thursday,"Four Square Pakuranga Heights,Four Square Onehunga",5,66.1,90,156.1,572.53,0.0,0.0,572.53,2
Thu_00019,Thursday,"Four Square Ellerslie,Four Square Onehunga",6,50.7,108,158.7,581.96,0.0,0.0,581.96,2
Thu_00020,Thursday,"Four Square Onehunga,Four Square Fair Price Henderson",5,69.2,90,159.2,583.68,0.0,0.0,583.68,2
Thu_00021,Thursday,New World Point Chevalier,7,34.7,126,160.7,589.37,0.0,0.0,589.37,1
Thu_00022,Thursday,"Four Square Onehunga,Four Square Remuera",6,53.2,108,161.2,591.02,0.0,0.0,591.02,2
Thu_00023,Thursday,"Four Square Onehunga,New World Metro Queen St",6,54.4,108,162.4,595.5,0.0,0.0,595.5,2
Thu_00024,Thursday,"Four Square Onehunga,Four Square Britomart",6,56.3,108,164.3,602.28,0.0,0.0,602.28,2
Thu_00025,Thursday,"Four Square Onehunga,Four Square Botany Junction",5,74.5,90,164.5,603.24,0.0,0.0,603.24,2
Thu_00026,Thursday,"Four Square Onehunga,New World Metro Shore City",5,77.6,90,167.6,614.36,0.0,0.0,614.36,2
Thu_00027,Thursday,New World Newmarket,7,45.6,126,171.6,629.13,0.0,0.0,629.13,1
Thu_00028,Thursday,New World New Lynn,8,27.7,144,171.7,629.55,0.0,0.0,629.55,1
Thu_00029,Thursday,New World Green Bay,8,28.8,144,172.8,633.45,0.0,0.0,633.45,1
Thu_00030,Thursday,Four Square Torbay,4,104.3,72,176.3,646.34,0.0,0.0,646.34,1
Thu_00031,Thursday,"Four Square Cockle Bay,Four Square Onehunga",5,86.5,90,176.5,647.28,0.0,0.0,647.28,2
Thu_00032,Thursday,New World Papatoetoe,7,50.8,126,176.8,648.14,0.0,0.0,648.14,1
Thu_00033,Thursday,"Four Square Onehunga,Four Square St Heliers",6,75.2,108,183.2,671.57,0.0,0.0,671.57,2
Thu_00034,Thursday,"Four Square Onehunga,Four Square Hobsonville",6,76.9,108,184.9,677.81,0.0,0.0,677.81,2
Thu_00035,Thursday,New World Mt Albert,9,24.2,162,186.2,682.84,0.0,0.0,682.84,1
Thu_00036,Thursday,"Four Square Pakuranga Heights,Four Square Botany Junction",6,78.8,108,186.8,684.97,0.0,0.0,684.97,2
Thu_00037,Thursday,"Four Square Onehunga,Four Square Glen Eden",7,62.0,126,188.0,689.46,0.0,0.0,689.46,2
Thu_00038,Thursday,New World Southmall,7,63.2,126,189.2,693.85,0.0,0.0,693.85,1
Thu_00039,Thursday,"Four Square Britomart,New World Metro Queen St",8,49.8,144,193.8,710.72,0.0,0.0,710.72,2
Thu_00040,Thursday,"Four Square Eden Terrace,New World Metro Queen St",8,51.3,144,195.3,715.93,0.0,0.0,715.93,2
Thu_00041,Thursday,"Four Square Fair Price Henderson,Four Square Eden Terrace",7,70.3,126,196.3,719.77,0.0,0.0,719.77,2
Thu_00042,Thursday,"Four Square Onehunga,Four Square Lancaster",6,89.4,108,197.4,723.78,0.0,0.0,723.78,2
Thu_00043,Thursday,"Four Square Britomart,Four Square Eden Terrace",8,53.6,144,197.6,724.37,0.0,0.0,724.37,2
Thu_00044,Thursday,New World Remuera,8,53.8,144,197.8,725.41,0.0,0.0,725.41,1
Thu_00045,Thursday,"Four Square Cockle Bay,Four Square Botany Junction",6,91.1,108,199.1,730.04,0.0,0.0,730.04,2
Thu_00046,Thursday,"Four Square Pakuranga Heights,Four Square Eden Terrace",7,75.0,126,201.0,736.96,0.0,0.0,736.96,2
Thu_00047,Thursday,"Four Square Fair Price Henderson,Four Square Hobsonville",7,75.2,126,201.2,737.74,0.0,0.0,737.74,2
Thu_00048,Thursday,Pak 'n Save Mt Albert,10,21.7,180,201.7,739.4,0.0,0.0,739.4,1
Thu_00049,Thursday,"Four Square Cockle Bay,Four Square Pakuranga Heights",6,94.6,108,202.6,742.98,0.0,0.0,742.98,2
Thu_00050,Thursday,"New World Metro Shore City,New World Metro Queen St",7,77.4,126,203.4,745.94,0.0,0.0,745.94,2
Thu_00051,Thursday,"Four Square Pakuranga Heights,Four Square Ellerslie",7,78.2,126,204.2,748.91,0.0,0.0,748.91,2
Thu_00052,Thursday,"Four Square Ellerslie,Four Square Remuera",8,60.3,144,204.3,749.02,0.0,0.0,749.02,2
Thu_00053,Thursday,"Four Square Ellerslie,Four Square Eden Terrace",8,60.3,144,204.3,749.08,0.0,0.0,749.08,2
Thu_00054,Thursday,"Four Square Fair Price Henderson,New World Metro Queen St",7,78.3,126,204.3,749.15,0.0,0.0,749.15,2
Thu_00055,Thursday,"Four Square Remuera,Four Square Eden Terrace",8,60.4,144,204.4,749.59,0.0,0.0,749.59,2
Thu_00056,Thursday,"Four Square Britomart,New World Metro Shore City",7,78.4,126,204.4,749.62,0.0,0.0,749.62,2
Thu_00057,Thursday,"New World Metro Shore City,Four Square Eden Terrace",7,78.6,126,204.6,750.25,0.0,0.0,750.25,2
Thu_00058,Thursday,New World Hobsonville,8,61.5,144,205.5,753.49,0.0,0.0,753.49,1
Thu_00059,Thursday,"Four Square Fair Price Henderson,Four Square Britomart",7,79.5,126,205.5,753.5,0.0,0.0,753.5,2
Thu_00060,Thursday,"Four Square Fair Price Henderson,New World Metro Shore City",6,98.4,108,206.4,756.68,0.0,0.0,756.68,2
Thu_00061,Thursday,"New World Mt Roskill,Four Square Onehunga",10,26.6,180,206.6,757.53,0.0,0.0,757.53,2
Thu_00062,Thursday,New World Papakura,7,80.6,126,206.6,757.63,0.0,0.0,757.63,1
Thu_00063,Thursday,Pak 'n Save Royal Oak,10,26.9,180,206.9,758.61,0.0,0.0,758.61,1
Thu_00064,Thursday,"Four Square Pakuranga Heights,Four Square Remuera",7,81.5,126,207.5,760.67,0.0,0.0,760.67,2
Thu_00065,Thursday,"Four Square Pakuranga Heights,New World Metro Queen St",7,82.2,126,208.2,763.42,0.0,0.0,763.42,2
Thu_00066,Thursday,New World Victoria Park,9,46.5,162,208.5,764.58,0.0,0.0,764.58,1
Thu_00067,Thursday,"Four Square Botany Junction,Four Square Eden Terrace",7,82.6,126,208.6,765.02,0.0,0.0,765.02,2
Thu_00068,Thursday,"Four Square Ellerslie,Four Square Botany Junction",7,83.5,126,209.5,768.04,0.0,0.0,768.04,2
Thu_00069,Thursday,New World Stonefields,8,65.5,144,209.5,768.25,0.0,0.0,768.25,1
Thu_00070,Thursday,"Four Square Pakuranga Heights,Four Square Britomart",7,84.1,126,210.1,770.0,0.1,0.28,770.28,2
Thu_00071,Thursday,"Four Square Glen Eden,Four Square Fair Price Henderson",8,66.4,144,210.4,770.0,0.4,1.86,771.86,2
Thu_00072,Thursday,"Four Square Onehunga,New World Newmarket",9,48.6,162,210.6,770.0,0.6,3.34,773.34,2
Thu_00073,Thursday,"Four Square Pakuranga Heights,Four Square Fair Price Henderson",6,103.0,108,211.0,770.0,1.0,4.93,774.93,2
Thu_00074,Thursday,"Four Square Ellerslie,New World Metro Queen St",8,67.5,144,211.5,770.0,1.5,7.81,777.81,2
Thu_00075,Thursday,"Four Square Remuera,New World Metro Queen St",8,67.7,144,211.7,770.0,1.7,8.53,778.53,2
Thu_00076,Thursday,"Four Square Onehunga,New World Point Chevalier",9,49.7,162,211.7,770.0,1.7,8.8,778.8,2
Thu_00077,Thursday,"Four Square Britomart,Four Square Ellerslie",8,68.9,144,212.9,770.0,2.9,15.06,785.06,2
Thu_00078,Thursday,"Four Square Britomart,Four Square Remuera",8,69.1,144,213.1,770.0,3.1,15.78,785.78,2
Thu_00079,Thursday,"Four Square Pakuranga Heights,New World Metro Shore City",6,105.3,108,213.3,770.0,3.3,17.3,787.3,2
Thu_00080,Thursday,"Four Square Fair Price Henderson,Four Square Ellerslie",7,87.4,126,213.4,770.0,3.4,17.73,787.73,2
Thu_00081,Thursday,"Four Square Fair Price Henderson,Four Square Remuera",7,87.6,126,213.6,770.0,3.6,18.45,788.45,2
Thu_00082,Thursday,"Four Square Remuera,Four Square Botany Junction",7,88.5,126,214.5,770.0,4.5,23.1,793.1,2
Thu_00083,Thursday,"New World Metro Shore City,Four Square Ellerslie",7,89.6,126,215.6,770.0,5.6,28.99,798.99,2
Thu_00084,Thursday,"New World Metro Shore City,Four Square Remuera",7,89.8,126,215.8,770.0,5.8,29.71,799.71,2
Thu_00085,Thursday,"Four Square Botany Junction,New World Metro Queen St",7,89.9,126,215.9,770.0,5.9,30.27,800.27,2
Thu_00086,Thursday,New World Ormiston,8,72.3,144,216.3,770.0,6.3,32.43,802.43,1
Thu_00087,Thursday,"Four Square Hobsonville,New World Metro Shore City",7,91.4,126,217.4,770.0,7.4,38.46,808.46,2
Thu_00088,Thursday,"Four Square Botany Junction,Four Square Britomart",7,91.7,126,217.7,770.0,7.7,39.83,809.83,2
Thu_00089,Thursday,Pak 'n Save Manukau,9,55.9,162,217.9,770.0,7.9,41.05,811.05,1
Thu_00090,Thursday,"Four Square Pakuranga Heights,Four Square St Heliers",7,92.0,126,218.0,770.0,8.0,41.14,811.14,2
Thu_00091,Thursday,"Four Square Fair Price Henderson,Four Square Botany Junction",6,110.2,108,218.2,770.0,8.2,42.54,812.54,2
Thu_00092,Thursday,Pak 'n Save Mangere,10,38.7,180,218.7,770.0,8.7,44.74,814.74,1
Thu_00093,Thursday,"Four Square Lancaster,New World Metro Shore City",7,92.8,126,218.8,770.0,8.8,45.54,815.54,2
Thu_00094,Thursday,"Four Square Torbay,Four Square Onehunga",6,111.4,108,219.4,770.0,9.4,48.7,818.7,2
Thu_00095,Thursday,New World Milford,8,75.5,144,219.5,770.0,9.5,48.84,818.84,1
Thu_00096,Thursday,"Four Square Onehunga,New World Papatoetoe",9,57.9,162,219.9,770.0,9.9,51.34,821.34,2
Thu_00097,Thursday,"New World Metro Shore City,Four Square Botany Junction",6,112.4,108,220.4,770.0,10.4,53.8,823.8,2
Thu_00098,Thursday,"Four Square Cockle Bay,Four Square Eden Terrace",7,95.4,126,221.4,770.0,11.4,58.77,828.77,2
Thu_00099,Thursday,"Four Square Hobsonville,Four Square Eden Terrace",8,78.0,144,222.0,770.0,12.0,61.87,831.87,2
Thu_00100,Thursday,"Four Square Remuera,Four Square St Heliers",8,80.6,144,224.6,770.0,14.6,75.18,845.18,2
Thu_00101,Thursday,"Four Square Cockle Bay,Four Square Ellerslie",7,98.6,126,224.6,770.0,14.6,75.61,845.61,2
Thu_00102,Thursday,"Four Square Ellerslie,Four Square St Heliers",8,81.4,144,225.4,770.0,15.4,79.68,849.68,2
Thu_00103,Thursday,"Four Square Onehunga,Four Square Pakuranga Heights,Four Square Botany Junction",8,81.4,144,225.4,770.0,15.4,79.77,849.77,3
Thu_00104,Thursday,"Four Square Onehunga,New World New Lynn",10,46.2,180,226.2,770.0,16.2,83.48,853.48,2
Thu_00105,Thursday,"Four Square Britomart,Four Square St Heliers",8,82.7,144,226.7,770.0,16.7,86.19,856.19,2
Thu_00106,Thursday,"New World Metro Queen St,Four Square St Heliers",8,83.5,144,227.5,770.0,17.5,90.63,860.63,2
Thu_00107,Thursday,"Four Square Cockle Bay,Four Square Remuera",7,101.8,126,227.8,770.0,17.8,92.18,862.18,2
Thu_00108,Thursday,"Four Square Eden Terrace,Four Square St Heliers",8,84.5,144,228.5,770.0,18.5,95.57,865.57,2
Thu_00109,Thursday,"Four Square Cockle Bay,New World Metro Queen St",7,102.6,126,228.6,770.0,18.6,96.06,866.06,2
Thu_00110,Thursday,New World Howick,8,85.8,144,229.8,770.0,19.8,102.46,872.46,1
Thu_00111,Thursday,"Four Square Hobsonville,New World Metro Queen St",8,86.0,144,230.0,770.0,20.0,103.27,873.27,2
Thu_00112,Thursday,"Four Square Cockle Bay,Four Square Britomart",7,104.4,126,230.4,770.0,20.4,105.61,875.61,2
Thu_00113,Thursday,"Four Square Fair Price Henderson,Four Square Lancaster",7,104.5,126,230.5,770.0,20.5,106.04,876.04,2
Thu_00114,Thursday,"Four Square Hobsonville,Four Square Britomart",8,87.2,144,231.2,770.0,21.2,109.39,879.39,2
Thu_00115,Thursday,New World Eastridge,9,69.3,162,231.3,770.0,21.3,109.83,879.83,1
Thu_00116,Thursday,"Four Square Eden Terrace,Four Square Glen Eden",9,69.3,162,231.3,770.0,21.3,109.86,879.86,2
Thu_00117,Thursday,"Four Square Cockle Bay,Four Square Fair Price Henderson",6,123.3,108,231.3,770.0,21.3,110.26,880.26,2
Thu_00118,Thursday,"Four Square Onehunga,New World Remuera",10,51.3,180,231.3,770.0,21.3,110.27,880.27,2
Thu_00119,Thursday,"Four Square Onehunga,New World Southmall",9,70.4,162,232.4,770.0,22.4,115.76,885.76,2
Thu_00120,Thursday,New World Birkenhead,9,70.4,162,232.4,770.0,22.4,115.89,885.89,1
Thu_00121,Thursday,"Four Square Botany Junction,Four Square St Heliers",7,107.1,126,233.1,770.0,23.1,119.42,889.42,2
Thu_00122,Thursday,"Four Square Lancaster,New World Metro Queen St",8,89.3,144,233.3,770.0,23.3,120.29,890.29,2
Thu_00123,Thursday,"Four Square Cockle Bay,Four Square Pakuranga Heights,Four Square Onehunga",8,89.4,144,233.4,770.0,23.4,120.93,890.93,3
Thu_00124,Thursday,"Four Square Cockle Bay,New World Metro Shore City",6,125.7,108,233.7,770.0,23.7,122.63,892.63,2
Thu_00125,Thursday,"Four Square Britomart,Four Square Lancaster",8,90.3,144,234.3,770.0,24.3,125.47,895.47,2
Thu_00126,Thursday,"Four Square Pakuranga Heights,Four Square Ellerslie,Four Square Onehunga",9,72.3,162,234.3,770.0,24.3,125.5,895.5,3
Thu_00127,Thursday,"Four Square Lancaster,Four Square Eden Terrace",8,90.5,144,234.5,770.0,24.5,126.37,896.37,2
Thu_00128,Thursday,"Four Square Onehunga,Four Square Ellerslie,Four Square Remuera",10,55.0,180,235.0,770.0,25.0,129.22,899.22,3
Thu_00129,Thursday,"Four Square Onehunga,Four Square Ellerslie,Four Square Eden Terrace",10,55.0,180,235.0,770.0,25.0,129.3,899.3,3
Thu_00130,Thursday,Pak 'n Save Henderson,10,55.9,180,235.9,770.0,25.9,133.57,903.57,1
Thu_00131,Thursday,"Four Square Pakuranga Heights,Four Square Hobsonville",7,110.6,126,236.6,770.0,26.6,137.58,907.58,2
Thu_00132,Thursday,"Four Square Fair Price Henderson,Four Square St Heliers",7,110.7,126,236.7,770.0,26.7,138.06,908.06,2
Thu_00133,Thursday,"Four Square Onehunga,Four Square Remuera,Four Square Eden Terrace",10,56.8,180,236.8,770.0,26.8,138.51,908.51,3
Thu_00134,Thursday,"Four Square Onehunga,New World Metro Queen St,Four Square Britomart",10,57.2,180,237.2,770.0,27.2,140.45,910.45,3
Thu_00135,Thursday,"Four Square Onehunga,Four Square Cockle Bay,Four Square Botany Junction",8,93.7,144,237.7,770.0,27.7,143.28,913.28,3
Thu_00136,Thursday,"Four Square Onehunga,New World Metro Queen St,Four Square Eden Terrace",10,58.1,180,238.1,770.0,28.1,145.36,915.36,3
Thu_00137,Thursday,"Four Square Cockle Bay,Four Square St Heliers",7,112.2,126,238.2,770.0,28.2,145.69,915.69,2
Thu_00138,Thursday,"Four Square Torbay,New World Metro Shore City",7,112.5,126,238.5,770.0,28.5,147.44,917.44,2
Thu_00139,Thursday,"New World Metro Shore City,Four Square St Heliers",7,112.9,126,238.9,770.0,28.9,149.32,919.32,2
Thu_00140,Thursday,"Four Square Hobsonville,Four Square Ellerslie",8,95.1,144,239.1,770.0,29.1,150.38,920.38,2
Thu_00141,Thursday,"Four Square Hobsonville,Four Square Remuera",8,95.2,144,239.2,770.0,29.2,151.1,921.1,2
Thu_00142,Thursday,"New World Metro Queen St,Four Square Glen Eden",9,77.3,162,239.3,770.0,29.3,151.27,921.27,2
Thu_00143,Thursday,New World Browns Bay,8,95.5,144,239.5,770.0,29.5,152.63,922.63,1
Thu_00144,Thursday,"Four Square Onehunga,Four Square Pakuranga Heights,Four Square Eden Terrace",9,77.6,162,239.6,770.0,29.6,153.03,923.03,3
Thu_00145,Thursday,"Four Square Lancaster,Four Square Hobsonville",8,96.0,144,240.0,770.0,30.0,154.78,924.78,2
Thu_00146,Thursday,"Four Square Onehunga,Four Square Ellerslie,Four Square Botany Junction",9,78.2,162,240.2,770.0,30.2,156.01,926.01,3
Thu_00147,Thursday,"Four Square Britomart,Four Square Glen Eden",9,78.5,162,240.5,770.0,30.5,157.39,927.39,2
Thu_00148,Thursday,"Four Square Onehunga,New World Stonefields",10,60.7,180,240.7,770.0,30.7,158.69,928.69,2
Thu_00149,Thursday,"Four Square Onehunga,Four Square Eden Terrace,Four Square Fair Price Henderson",9,78.8,162,240.8,770.0,30.8,159.03,929.03,3
Thu_00150,Thursday,"Four Square Onehunga,Four Square Britomart,Four Square Eden Terrace",10,61.1,180,241.1,770.0,31.1,160.55,930.55,3
Thu_00151,Thursday,"Four Square Pakuranga Heights,Four Square Remuera,Four Square Onehunga",9,79.3,162,241.3,770.0,31.3,161.93,931.93,3
Thu_00152,Thursday,"New World Metro Queen St,Four Square Ellerslie,Four Square Onehunga",10,61.8,180,241.8,770.0,31.8,164.17,934.17,3
Thu_00153,Thursday,New World Botany,9,79.9,162,241.9,770.0,31.9,164.62,934.62,1
Thu_00154,Thursday,"Four Square Fair Price Henderson,New World Point Chevalier",10,62.1,180,242.1,770.0,32.1,165.85,935.85,2
Thu_00155,Thursday,"Four Square Britomart,Four Square Ellerslie,Four Square Onehunga",10,63.0,180,243.0,770.0,33.0,170.28,940.28,3
Thu_00156,Thursday,"Four Square Pakuranga Heights,Four Square Lancaster",7,117.2,126,243.2,770.0,33.2,171.49,941.49,2
Thu_00157,Thursday,"Four Square Fair Price Henderson,Four Square Ellerslie,Four Square Onehunga",9,81.5,162,243.5,770.0,33.5,172.96,942.96,3
Thu_00158,Thursday,"Four Square Fair Price Henderson,Four Square Torbay",7,117.6,126,243.6,770.0,33.6,173.52,943.52,2
Thu_00159,Thursday,"Four Square Onehunga,Four Square Remuera,New World Metro Queen St",10,64.0,180,244.0,770.0,34.0,175.8,945.8,3
Thu_00160,Thursday,"Four Square Eden Terrace,New World Point Chevalier",11,46.1,198,244.1,770.0,34.1,175.96,945.96,2
Thu_00161,Thursday,Pak 'n Save Botany,9,82.3,162,244.3,770.0,34.3,177.17,947.17,1
Thu_00162,Thursday,"Four Square Glen Eden,Four Square Hobsonville",9,82.4,162,244.4,770.0,34.4,177.8,947.8,2
Thu_00163,Thursday,"Four Square Lancaster,Four Square Ellerslie",8,101.5,144,245.5,770.0,35.5,183.18,953.18,2
Thu_00164,Thursday,"Pak 'n Save Royal Oak,Four Square Onehunga",12,29.6,216,245.6,770.0,35.6,183.89,953.89,2
Thu_00165,Thursday,"Four Square Lancaster,Four Square Remuera",8,101.6,144,245.6,770.0,35.6,183.9,953.9,2
Thu_00166,Thursday,"New World Metro Shore City,Four Square Ellerslie,Four Square Onehunga",9,83.7,162,245.7,770.0,35.7,184.21,954.21,3
Thu_00167,Thursday,"Four Square Onehunga,Four Square Remuera,Four Square Britomart",10,65.9,180,245.9,770.0,35.9,185.35,955.35,3
Thu_00168,Thursday,New World Long Bay,8,102.6,144,246.6,770.0,36.6,189.18,959.18,1
Thu_00169,Thursday,"Four Square Onehunga,New World Metro Queen St,New World Metro Shore City",9,84.8,162,246.8,770.0,36.8,189.96,959.96,3
Thu_00170,Thursday,"Four Square Onehunga,Four Square Remuera,Four Square Fair Price Henderson",9,84.8,162,246.8,770.0,36.8,190.0,960.0,3
Thu_00171,Thursday,"Four Square Onehunga,Four Square Pakuranga Heights,New World Metro Queen St",9,84.8,162,246.8,770.0,36.8,190.32,960.32,3
Thu_00172,Thursday,"Four Square Onehunga,Four Square Remuera,Four Square Botany Junction",9,84.8,162,246.8,770.0,36.8,190.36,960.36,3
Thu_00173,Thursday,"New World Newmarket,Four Square Eden Terrace",11,49.2,198,247.2,770.0,37.2,192.21,962.21,2
Thu_00174,Thursday,"Four Square Onehunga,Four Square Britomart,New World Metro Shore City",9,86.0,162,248.0,770.0,38.0,196.13,966.13,3
Thu_00175,Thursday,"Four Square Onehunga,New World Metro Queen St,Four Square Fair Price Henderson",9,86.0,162,248.0,770.0,38.0,196.32,966.32,3
Thu_00176,Thursday,"Four Square Onehunga,Four Square Pakuranga Heights,Four Square Britomart",9,86.7,162,248.7,770.0,38.7,199.87,969.87,3
Thu_00177,Thursday,"Four Square Onehunga,Four Square Remuera,New World Metro Shore City",9,87.2,162,249.2,770.0,39.2,202.37,972.37,3
Thu_00178,Thursday,"Four Square Onehunga,New World Metro Shore City,Four Square Eden Terrace",9,87.2,162,249.2,770.0,39.2,202.77,972.77,3
Thu_00179,Thursday,"Four Square Onehunga,Four Square Pakuranga Heights,Four Square Fair Price Henderson",8,105.6,144,249.6,770.0,39.6,204.52,974.52,3
Thu_00180,Thursday,"Four Square Onehunga,New World Papakura",9,87.8,162,249.8,770.0,39.8,205.62,975.62,2
Thu_00181,Thursday,"Four Square Onehunga,Four Square Britomart,Four Square Fair Price Henderson",9,87.8,162,249.8,770.0,39.8,205.87,975.87,3
Thu_00182,Thursday,"Four Square Lancaster,Four Square Botany Junction",7,124.3,126,250.3,770.0,40.3,207.99,977.99,2
Thu_00183,Thursday,"New World Papatoetoe,Four Square Botany Junction",10,70.4,180,250.4,770.0,40.4,208.96,978.96,2
Thu_00184,Thursday,New World Albany,9,89.3,162,251.3,770.0,41.3,213.24,983.24,1
Thu_00185,Thursday,"Four Square Onehunga,Four Square Botany Junction,Four Square Eden Terrace",9,89.8,162,251.8,770.0,41.8,216.04,986.04,3
Thu_00186,Thursday,"Four Square Onehunga,Four Square Pakuranga Heights,New World Metro Shore City",8,108.0,144,252.0,770.0,42.0,216.89,986.89,3
Thu_00187,Thursday,"New World Metro Queen St,New World Point Chevalier",11,54.1,198,252.1,770.0,42.1,217.37,987.37,2
Thu_00188,Thursday,"Four Square Onehunga,Four Square Fair Price Henderson,Four Square Hobsonville",9,90.2,162,252.2,770.0,42.2,217.86,987.86,3
Thu_00189,Thursday,"Four Square Fair Price Henderson,New World Metro Shore City,Four Square Onehunga",8,108.5,144,252.5,770.0,42.5,219.62,989.62,3
Thu_00190,Thursday,"Four Square Britomart,New World Point Chevalier",11,55.3,198,253.3,770.0,43.3,223.49,993.49,2
Thu_00191,Thursday,Pak 'n Save Ormiston,10,73.6,180,253.6,770.0,43.6,225.37,995.37,1
Thu_00192,Thursday,"Four Square Torbay,Four Square Hobsonville",8,109.7,144,253.7,770.0,43.7,225.93,995.93,2
Thu_00193,Thursday,New World Devonport,9,91.8,162,253.8,770.0,43.8,226.3,996.3,1
Thu_00194,Thursday,"Four Square Torbay,New World Metro Queen St",8,109.8,144,253.8,770.0,43.8,226.32,996.32,2
Thu_00195,Thursday,"New World Newmarket,New World Metro Queen St",11,56.4,198,254.4,770.0,44.4,229.5,999.5,2
Thu_00196,Thursday,"Four Square Pakuranga Heights,Four Square St Heliers,Four Square Onehunga",9,92.6,162,254.6,770.0,44.6,230.27,1000.27,3
Thu_00197,Thursday,"Four Square Cockle Bay,Four Square Ellerslie,Four Square Onehunga",9,92.7,162,254.7,770.0,44.7,230.83,1000.83,3
Thu_00198,Thursday,"Four Square Torbay,Four Square Britomart",8,110.8,144,254.8,770.0,44.8,231.55,1001.55,2
Thu_00199,Thursday,"Four Square Torbay,Four Square Eden Terrace",8,111.0,144,255.0,770.0,45.0,232.39,1002.39,2
Thu_00200,Thursday,"New World Metro Shore City,New World Point Chevalier",10,75.4,180,255.4,770.0,45.4,234.75,1004.75,2
Thu_00201,Thursday,"Four Square Britomart,New World Newmarket",11,57.8,198,255.8,770.0,45.8,236.74,1006.74,2
Thu_00202,Thursday,"Four Square Onehunga,Four Square Ellerslie,Four Square St Heliers",10,76.2,180,256.2,770.0,46.2,238.46,1008.46,3
Thu_00203,Thursday,"Four Square Fair Price Henderson,New World Newmarket",10,76.3,180,256.3,770.0,46.3,239.42,1009.42,2
Thu_00204,Thursday,"Four Square Onehunga,Four Square Remuera,Four Square St Heliers",10,76.9,180,256.9,770.0,46.9,242.44,1012.44,3
Thu_00205,Thursday,"Four Square Pakuranga Heights,Four Square Cockle Bay,Four Square Botany Junction",9,95.0,162,257.0,770.0,47.0,242.81,1012.81,3
Thu_00206,Thursday,"Four Square Cockle Bay,Four Square Hobsonville",7,131.0,126,257.0,770.0,47.0,242.91,1012.91,2
Thu_00207,Thursday,"Four Square Pakuranga Heights,New World Newmarket",10,77.2,180,257.2,770.0,47.2,243.8,1013.8,2
Thu_00208,Thursday,"Four Square Pakuranga Heights,New World Point Chevalier",10,77.9,180,257.9,770.0,47.9,247.39,1017.39,2
Thu_00209,Thursday,"New World Newmarket,Four Square Ellerslie",11,60.4,198,258.4,770.0,48.4,249.84,1019.84,2
Thu_00210,Thursday,"New World Newmarket,Four Square Remuera",11,60.5,198,258.5,770.0,48.5,250.56,1020.56,2
Thu_00211,Thursday,"New World Metro Shore City,New World Newmarket",10,78.5,180,258.5,770.0,48.5,250.67,1020.67,2
Thu_00212,Thursday,"New World Southmall,Four Square Botany Junction",10,78.7,180,258.7,770.0,48.7,251.71,1021.71,2
Thu_00213,Thursday,"Four Square Pakuranga Heights,New World Papatoetoe",10,78.7,180,258.7,770.0,48.7,251.74,1021.74,2
Thu_00214,Thursday,"Four Square Onehunga,Four Square Botany Junction,New World Metro Queen St",9,97.0,162,259.0,770.0,49.0,253.33,1023.33,3
Thu_00215,Thursday,Pak 'n Save Highland Park,10,79.3,180,259.3,770.0,49.3,254.75,1024.75,1
Thu_00216,Thursday,"Four Square Onehunga,New World Ormiston",10,79.4,180,259.4,770.0,49.4,255.49,1025.49,2
Thu_00217,Thursday,"Four Square Onehunga,Four Square Cockle Bay,Four Square Eden Terrace",9,98.0,162,260.0,770.0,50.0,258.36,1028.36,3
Thu_00218,Thursday,"New World Howick,Four Square Onehunga",10,80.6,180,260.6,770.0,50.6,261.47,1031.47,2
Thu_00219,Thursday,Pak 'n Save Glen Innes,10,80.7,180,260.7,770.0,50.7,262.06,1032.06,1
Thu_00220,Thursday,"Four Square Onehunga,Four Square Botany Junction,Four Square Britomart",9,98.9,162,260.9,770.0,50.9,262.88,1032.88,3
Thu_00221,Thursday,"Four Square Onehunga,Pak 'n Save Manukau",11,63.1,198,261.1,770.0,51.1,264.1,1034.1,2
Thu_00222,Thursday,"Four Square Ellerslie,New World Point Chevalier",11,63.2,198,261.2,770.0,51.2,264.47,1034.47,2
Thu_00223,Thursday,"Four Square Onehunga,Four Square St Heliers,Four Square Britomart",10,81.3,180,261.3,770.0,51.3,265.13,1035.13,3
Thu_00224,Thursday,"Four Square Remuera,New World Point Chevalier",11,63.3,198,261.3,770.0,51.3,265.2,1035.2,2
Thu_00225,Thursday,Pak 'n Save Clendon,11,63.5,198,261.5,770.0,51.5,265.85,1035.85,1
Thu_00226,Thursday,"Four Square Onehunga,Four Square Fair Price Henderson,Four Square Glen Eden",10,81.5,180,261.5,770.0,51.5,266.25,1036.25,3
Thu_00227,Thursday,"Four Square Onehunga,Four Square St Heliers,New World Metro Queen St",10,81.7,180,261.7,770.0,51.7,266.88,1036.88,3
Thu_00228,Thursday,"Four Square Cockle Bay,Four Square Remuera,Four Square Onehunga",9,99.7,162,261.7,770.0,51.7,267.27,1037.27,3
Thu_00229,Thursday,"Four Square Onehunga,Four Square Botany Junction,Four Square Fair Price Henderson",8,117.8,144,261.8,770.0,51.8,267.53,1037.53,3
Thu_00230,Thursday,"Four Square Onehunga,Pak 'n Save Mangere",12,45.8,216,261.8,770.0,51.8,267.79,1037.79,2
Thu_00231,Thursday,"Four Square Onehunga,Four Square St Heliers,Four Square Eden Terrace",10,82.0,180,262.0,770.0,52.0,268.85,1038.85,3
Thu_00232,Thursday,"Four Square Hobsonville,Four Square St Heliers",8,118.4,144,262.4,770.0,52.4,270.71,1040.71,2
Thu_00233,Thursday,"New World Newmarket,Four Square Botany Junction",10,83.2,180,263.2,770.0,53.2,274.65,1044.65,2
Thu_00234,Thursday,"Four Square Onehunga,Four Square Lancaster,New World Metro Shore City",9,101.4,162,263.4,770.0,53.4,276.14,1046.14,3
Thu_00235,Thursday,"Four Square Onehunga,New World Metro Shore City,Four Square Hobsonville",9,101.5,162,263.5,770.0,53.5,276.35,1046.35,3
Thu_00236,Thursday,Pak 'n Save Sylvia Park,11,65.5,198,263.5,770.0,53.5,276.38,1046.38,1
Thu_00237,Thursday,"Four Square Cockle Bay,Four Square Lancaster",7,137.6,126,263.6,770.0,53.6,276.82,1046.82,2
Thu_00238,Thursday,"New World Metro Shore City,Four Square Botany Junction,Four Square Onehunga",8,120.2,144,264.2,770.0,54.2,279.87,1049.87,3
Thu_00239,Thursday,"Four Square Onehunga,New World Eastridge",11,66.2,198,264.2,770.0,54.2,280.17,1050.17,2
Thu_00240,Thursday,"Four Square Pakuranga Heights,Four Square Torbay",7,139.3,126,265.3,770.0,55.3,285.88,1055.88,2
Thu_00241,Thursday,"Four Square Lancaster,Four Square Torbay",8,122.0,144,266.0,770.0,56.0,289.14,1059.14,2
Thu_00242,Thursday,"Four Square Torbay,Four Square Ellerslie",8,122.0,144,266.0,770.0,56.0,289.21,1059.21,2
Thu_00243,Thursday,"Four Square Torbay,Four Square Remuera",8,122.1,144,266.1,770.0,56.1,289.93,1059.93,2
Thu_00244,Thursday,"Four Square Onehunga,Four Square Eden Terrace,Four Square Hobsonville",10,86.5,180,266.5,770.0,56.5,291.67,1061.67,3
Thu_00245,Thursday,"Four Square Onehunga,Four Square Cockle Bay,New World Metro Queen St",9,105.2,162,267.2,770.0,57.2,295.65,1065.65,3
Thu_00246,Thursday,"Four Square Onehunga,Four Square St Heliers,Four Square Botany Junction",9,105.4,162,267.4,770.0,57.4,296.36,1066.36,3
Thu_00247,Thursday,"Four Square Hobsonville,New World Point Chevalier",11,69.8,198,267.8,770.0,57.8,298.5,1068.5,2
Thu_00248,Thursday,"Four Square Onehunga,Four Square St Heliers,Four Square Fair Price Henderson",9,106.7,162,268.7,770.0,58.7,303.5,1073.5,3
Thu_00249,Thursday,"Four Square Lancaster,Four Square St Heliers",8,124.7,144,268.7,770.0,58.7,303.51,1073.51,2
Thu_00250,Thursday,"Four Square Onehunga,Four Square Cockle Bay,Four Square Britomart",9,107.1,162,269.1,770.0,59.1,305.2,1075.2,3
Thu_00251,Thursday,"Four Square Hobsonville,Four Square Ellerslie,Four Square Onehunga",10,89.1,180,269.1,770.0,59.1,305.6,1075.6,3
Thu_00252,Thursday,Pak 'n Save Wairau Road,11,71.3,198,269.3,770.0,59.3,306.64,1076.64,1
Thu_00253,Thursday,"Four Square Britomart,New World Metro Queen St,Four Square Eden Terrace",12,53.6,216,269.6,770.0,59.6,307.71,1077.71,3
Thu_00254,Thursday,"Four Square Onehunga,Four Square Cockle Bay,Four Square Fair Price Henderson",8,126.0,144,270.0,770.0,60.0,309.85,1079.85,3
Thu_00255,Thursday,"Four Square Pakuranga Heights,New World Southmall",10,90.1,180,270.1,770.0,60.1,310.55,1080.55,2
Thu_00256,Thursday,"New World Papatoetoe,Four Square Ellerslie",11,72.2,198,270.2,770.0,60.2,311.03,1081.03,2
Thu_00257,Thursday,"Four Square Torbay,Four Square Botany Junction",7,144.8,126,270.8,770.0,60.8,314.02,1084.02,2
Thu_00258,Thursday,"New World Ormiston,Four Square Botany Junction",11,72.8,198,270.8,770.0,60.8,314.13,1084.13,2
Thu_00259,Thursday,"Four Square Ellerslie,Four Square Pakuranga Heights,Four Square Botany Junction",10,92.3,180,272.3,770.0,62.3,321.78,1091.78,3
Thu_00260,Thursday,"Four Square Onehunga,Four Square Cockle Bay,New World Metro Shore City",8,128.4,144,272.4,770.0,62.4,322.22,1092.22,3
Thu_00261,Thursday,"Four Square Onehunga,Four Square Remuera,Four Square Hobsonville",10,92.4,180,272.4,770.0,62.4,322.65,1092.65,3
Thu_00262,Thursday,"Four Square Botany Junction,Four Square Pakuranga Heights,Four Square Eden Terrace",10,92.8,180,272.8,770.0,62.8,324.41,1094.41,3
Thu_00263,Thursday,"Four Square Fair Price Henderson,New World Hobsonville",11,74.8,198,272.8,770.0,62.8,324.49,1094.49,2
Thu_00264,Thursday,"New World Papatoetoe,Four Square Remuera",11,75.4,198,273.4,770.0,63.4,327.6,1097.6,2
Thu_00265,Thursday,"New World Remuera,Four Square Eden Terrace",12,57.5,216,273.5,770.0,63.5,327.88,1097.88,2
Thu_00266,Thursday,"Four Square Onehunga,New World Metro Queen St,Four Square Hobsonville",10,93.7,180,273.7,770.0,63.7,328.96,1098.96,3
Thu_00267,Thursday,"Four Square Onehunga,Four Square St Heliers,New World Metro Shore City",9,112.4,162,274.4,770.0,64.4,332.71,1102.71,3
Thu_00268,Thursday,"New World Remuera,Four Square Remuera",12,58.5,216,274.5,770.0,64.5,333.24,1103.24,2
Thu_00269,Thursday,"Four Square Cockle Bay,New World Papatoetoe",10,94.5,180,274.5,770.0,64.5,333.43,1103.43,2
Thu_00270,Thursday,"Four Square Cockle Bay,Four Square St Heliers,Four Square Onehunga",9,112.8,162,274.8,770.0,64.8,334.82,1104.82,3
Thu_00271,Thursday,"Four Square Onehunga,Four Square Eden Terrace,Four Square Glen Eden",11,76.9,198,274.9,770.0,64.9,335.39,1105.39,3
Thu_00272,Thursday,"Four Square Onehunga,Four Square Pakuranga Heights,Four Square Hobsonville",9,113.3,162,275.3,770.0,65.3,337.17,1107.17,3
Thu_00273,Thursday,"Four Square Lancaster,Four Square Ellerslie,Four Square Onehunga",10,95.5,180,275.5,770.0,65.5,338.41,1108.41,3
Thu_00274,Thursday,"Four Square Onehunga,Four Square Britomart,Four Square Hobsonville",10,95.5,180,275.5,770.0,65.5,338.52,1108.52,3
Thu_00275,Thursday,Pak 'n Save Papakura,11,77.9,198,275.9,770.0,65.9,340.28,1110.28,1
Thu_00276,Thursday,"Four Square Onehunga,Four Square Lancaster,Four Square Fair Price Henderson",9,114.1,162,276.1,770.0,66.1,341.68,1111.68,3
Thu_00277,Thursday,"New World Metro Shore City,New World Milford",11,78.5,198,276.5,770.0,66.5,343.5,1113.5,2
Thu_00278,Thursday,"Four Square Onehunga,New World Metro Queen St,Four Square Lancaster",10,96.6,180,276.6,770.0,66.6,344.15,1114.15,3
Thu_00279,Thursday,"Four Square Onehunga,New World Botany",11,78.6,198,276.6,770.0,66.6,344.29,1114.29,2
Thu_00280,Thursday,"Four Square Remuera,Four Square Pakuranga Heights,Four Square Botany Junction",10,97.3,180,277.3,770.0,67.3,347.65,1117.65,3
Thu_00281,Thursday,"New World Metro Shore City,Four Square Britomart,New World Metro Queen St",11,79.5,198,277.5,770.0,67.5,348.97,1118.97,3
Thu_00282,Thursday,"Four Square Cockle Bay,New World Newmarket",10,97.6,180,277.6,770.0,67.6,349.13,1119.13,2
Thu_00283,Thursday,"Four Square Onehunga,Four Square Britomart,Four Square Lancaster",10,97.8,180,277.8,770.0,67.8,350.32,1120.32,3
Thu_00284,Thursday,"Four Square Botany Junction,New World Papakura",10,98.0,180,278.0,770.0,68.0,351.12,1121.12,2
Thu_00285,Thursday,"Four Square Onehunga,Pak 'n Save Botany",11,80.0,198,278.0,770.0,68.0,351.14,1121.14,2
Thu_00286,Thursday,"Four Square Ellerslie,New World Remuera",12,62.0,216,278.0,770.0,68.0,351.22,1121.22,2
Thu_00287,Thursday,"Four Square Pakuranga Heights,New World Stonefields",11,80.2,198,278.2,770.0,68.2,352.21,1122.21,2
Thu_00288,Thursday,"Four Square Cockle Bay,Four Square Pakuranga Heights,Four Square Eden Terrace",10,98.3,180,278.3,770.0,68.3,352.63,1122.63,3
Thu_00289,Thursday,"Four Square Cockle Bay,New World Point Chevalier",10,98.3,180,278.3,770.0,68.3,352.72,1122.72,2
Thu_00290,Thursday,"New World Newmarket,Four Square St Heliers",11,80.5,198,278.5,770.0,68.5,354.05,1124.05,2
Thu_00291,Thursday,"Four Square Fair Price Henderson,Four Square Britomart,New World Metro Queen St",11,80.6,198,278.6,770.0,68.6,354.38,1124.38,3
Thu_00292,Thursday,"Four Square Glen Eden,Four Square Ellerslie,Four Square Onehunga",11,80.6,198,278.6,770.0,68.6,354.49,1124.49,3
Thu_00293,Thursday,"Four Square Pakuranga Heights,New World Remuera",11,80.8,198,278.8,770.0,68.8,355.64,1125.64,2
Thu_00294,Thursday,"New World Hobsonville,Four Square Hobsonville",12,62.9,216,278.9,770.0,68.9,355.81,1125.81,2
Thu_00295,Thursday,"Four Square Onehunga,Four Square Remuera,Four Square Lancaster",10,99.0,180,279.0,770.0,69.0,356.56,1126.56,3
Thu_00296,Thursday,"Four Square Onehunga,Four Square Lancaster,Four Square Eden Terrace",10,99.1,180,279.1,770.0,69.1,356.96,1126.96,3
Thu_00297,Thursday,"New World Metro Shore City,New World Metro Queen St,Four Square Eden Terrace",11,81.2,198,279.2,770.0,69.2,357.35,1127.35,3
Thu_00298,Thursday,"New World Metro Queen St,Four Square Pakuranga Heights,Four Square Botany Junction",10,99.3,180,279.3,770.0,69.3,358.3,1128.3,3
Thu_00299,Thursday,"Four Square Pakuranga Heights,Four Square Ellerslie,Four Square Remuera",11,81.9,198,279.9,770.0,69.9,360.9,1130.9,3
Thu_00300,Thursday,"Four Square Pakuranga Heights,Four Square Ellerslie,Four Square Eden Terrace",11,81.9,198,279.9,770.0,69.9,360.98,1130.98,3
Thu_00301,Thursday,"Four Square Ellerslie,Four Square Remuera,Four Square Eden Terrace",12,63.9,216,279.9,770.0,69.9,361.15,1131.15,3
Thu_00302,Thursday,"Four Square Fair Price Henderson,Four Square Eden Terrace,New World Metro Queen St",11,82.0,198,280.0,770.0,70.0,361.72,1131.72,3
Thu_00303,Thursday,"Four Square Britomart,Four Square Pakuranga Heights,Four Square Botany Junction",10,100.5,180,280.5,770.0,70.5,364.42,1134.42,3
Thu_00304,Thursday,"New World Remuera,New World Metro Queen St",12,64.7,216,280.7,770.0,70.7,365.17,1135.17,2
Thu_00305,Thursday,"Four Square Onehunga,Four Square Remuera,Four Square Glen Eden",11,82.9,198,280.9,770.0,70.9,366.36,1136.36,3
Thu_00306,Thursday,"Four Square Ellerslie,New World Southmall",11,83.0,198,281.0,770.0,71.0,366.98,1136.98,2
Thu_00307,Thursday,"Four Square Fair Price Henderson,Four Square Pakuranga Heights,Four Square Botany Junction",9,119.0,162,281.0,770.0,71.0,367.09,1137.09,3
Thu_00308,Thursday,"New World Metro Shore City,Four Square Britomart,Four Square Eden Terrace",11,83.3,198,281.3,770.0,71.3,368.22,1138.22,3
Thu_00309,Thursday,Pak 'n Save Lincoln Road,13,47.4,234,281.4,770.0,71.4,368.72,1138.72,1
Thu_00310,Thursday,"Four Square Pakuranga Heights,New World Ormiston",11,83.5,198,281.5,770.0,71.5,369.42,1139.42,2
Thu_00311,Thursday,"Four Square Cockle Bay,Four Square Pakuranga Heights,Four Square Ellerslie",10,101.5,180,281.5,770.0,71.5,369.46,1139.46,3
Thu_00312,Thursday,"Four Square Onehunga,Four Square Torbay,New World Metro Shore City",9,119.8,162,281.8,770.0,71.8,370.95,1140.95,3
Thu_00313,Thursday,"Four Square Onehunga,Four Square Pakuranga Heights,Four Square Lancaster",9,119.8,162,281.8,770.0,71.8,371.08,1141.08,3
Thu_00314,Thursday,"Four Square Britomart,New World Remuera",12,66.1,216,282.1,770.0,72.1,372.41,1142.41,2
Thu_00315,Thursday,"Four Square Onehunga,New World Metro Queen St,Four Square Glen Eden",11,84.1,198,282.1,770.0,72.1,372.68,1142.68,3
Thu_00316,Thursday,"Four Square Pakuranga Heights,Four Square Onehunga,Four Square Glen Eden",10,102.3,180,282.3,770.0,72.3,373.39,1143.39,3
Thu_00317,Thursday,"Four Square Fair Price Henderson,Four Square Britomart,Four Square Eden Terrace",11,84.3,198,282.3,770.0,72.3,373.62,1143.62,3
Thu_00318,Thursday,"New World Browns Bay,Four Square Onehunga",10,102.7,180,282.7,770.0,72.7,375.57,1145.57,2
Thu_00319,Thursday,"Four Square Pakuranga Heights,New World Metro Queen St,Four Square Britomart",11,85.0,198,283.0,770.0,73.0,377.06,1147.06,3
Thu_00320,Thursday,"Four Square Ellerslie,New World Stonefields",12,67.0,216,283.0,770.0,73.0,377.07,1147.07,2
Thu_00321,Thursday,"Four Square Pakuranga Heights,Four Square Remuera,Four Square Eden Terrace",11,85.1,198,283.1,770.0,73.1,377.55,1147.55,3
Thu_00322,Thursday,"New World Metro Shore City,Four Square Pakuranga Heights,Four Square Botany Junction",9,121.2,162,283.2,770.0,73.2,378.35,1148.35,3
Thu_00323,Thursday,"New World Remuera,Four Square Botany Junction",11,85.5,198,283.5,770.0,73.5,379.73,1149.73,2
Thu_00324,Thursday,"Four Square Cockle Bay,New World Southmall",10,103.8,180,283.8,770.0,73.8,381.28,1151.28,2
Thu_00325,Thursday,"Four Square Pakuranga Heights,New World Metro Queen St,Four Square Eden Terrace",11,85.9,198,283.9,770.0,73.9,381.97,1151.97,3
Thu_00326,Thursday,"Four Square Onehunga,Four Square Britomart,Four Square Glen Eden",11,86.0,198,284.0,770.0,74.0,382.23,1152.23,3
Thu_00327,Thursday,"New World Stonefields,Four Square Remuera",12,68.0,216,284.0,770.0,74.0,382.52,1152.52,2
Thu_00328,Thursday,"Four Square Ellerslie,Four Square Cockle Bay,Four Square Botany Junction",10,104.6,180,284.6,770.0,74.6,385.28,1155.28,3
Thu_00329,Thursday,"Four Square Onehunga,Four Square Lancaster,Four Square Hobsonville",10,104.6,180,284.6,770.0,74.6,385.38,1155.38,3
Thu_00330,Thursday,"Four Square Cockle Bay,Four Square Pakuranga Heights,Four Square Remuera",10,104.7,180,284.7,770.0,74.7,386.04,1156.04,3
Thu_00331,Thursday,"Four Square Fair Price Henderson,Four Square Hobsonville,New World Metro Shore City",10,104.8,180,284.8,770.0,74.8,386.22,1156.22,3
Thu_00332,Thursday,"New World Metro Shore City,New World Remuera",11,86.8,198,284.8,770.0,74.8,386.34,1156.34,2
Thu_00333,Thursday,"Four Square Botany Junction,Four Square Cockle Bay,Four Square Eden Terrace",10,104.8,180,284.8,770.0,74.8,386.72,1156.72,3
Thu_00334,Thursday,"Pak 'n Save Manukau,Four Square Botany Junction",12,69.0,216,285.0,770.0,75.0,387.45,1157.45,2
Thu_00335,Thursday,"New World Stonefields,Four Square Eden Terrace",12,69.1,216,285.1,770.0,75.1,388.24,1158.24,2
Thu_00336,Thursday,"New World Southmall,Four Square Remuera",11,87.2,198,285.2,770.0,75.2,388.56,1158.56,2
Thu_00337,Thursday,"Four Square Cockle Bay,Four Square Pakuranga Heights,New World Metro Queen St",10,105.5,180,285.5,770.0,75.5,389.92,1159.92,3
Thu_00338,Thursday,"New World Victoria Park,Four Square Eden Terrace",13,51.7,234,285.7,770.0,75.7,391.18,1161.18,2
Thu_00339,Thursday,"Four Square Cockle Bay,Four Square Torbay",7,159.7,126,285.7,770.0,75.7,391.21,1161.21,2
Thu_00340,Thursday,"Four Square Eden Terrace,Four Square Ellerslie,Four Square Botany Junction",11,88.0,198,286.0,770.0,76.0,392.66,1162.66,3
Thu_00341,Thursday,"Four Square Britomart,New World Metro Queen St,Four Square Ellerslie",12,70.0,216,286.0,770.0,76.0,392.7,1162.7,3
Thu_00342,Thursday,"New World Victoria Park,New World Metro Queen St",13,52.1,234,286.1,770.0,76.1,393.29,1163.29,2
Thu_00343,Thursday,"Four Square Britomart,New World Metro Queen St,Four Square Remuera",12,70.1,216,286.1,770.0,76.1,393.42,1163.42,3
Thu_00344,Thursday,"Four Square Onehunga,New World Newmarket,Four Square Eden Terrace",13,52.3,234,286.3,770.0,76.3,394.05,1164.05,3
Thu_00345,Thursday,"Four Square Pakuranga Heights,Four Square Eden Terrace,Four Square Fair Price Henderson",10,106.6,180,286.6,770.0,76.6,395.64,1165.64,3
Thu_00346,Thursday,"New World Howick,Four Square Botany Junction",11,88.7,198,286.7,770.0,76.7,396.25,1166.25,2
Thu_00347,Thursday,"New World Howick,Four Square Pakuranga Heights",11,88.7,198,286.7,770.0,76.7,396.32,1166.32,2
Thu_00348,Thursday,"Four Square Fair Price Henderson,Four Square Torbay,Four Square Onehunga",9,124.7,162,286.7,770.0,76.7,396.46,1166.46,3
Thu_00349,Thursday,"Four Square Pakuranga Heights,Four Square Britomart,Four Square Eden Terrace",11,88.9,198,286.9,770.0,76.9,397.16,1167.16,3
Thu_00350,Thursday,"Four Square Fair Price Henderson,New World Metro Shore City,New World Metro Queen St",10,106.9,180,286.9,770.0,76.9,397.24,1167.24,3
Thu_00351,Thursday,"Four Square Pakuranga Heights,Four Square Ellerslie,New World Metro Queen St",11,89.1,198,287.1,770.0,77.1,398.27,1168.27,3
Thu_00352,Thursday,"Four Square Ellerslie,Four Square Remuera,New World Metro Queen St",12,71.1,216,287.1,770.0,77.1,398.44,1168.44,3
Thu_00353,Thursday,"Four Square Ellerslie,New World Metro Queen St,Four Square Eden Terrace",12,71.2,216,287.2,770.0,77.2,399.06,1169.06,3
Thu_00354,Thursday,"Four Square Cockle Bay,Four Square Pakuranga Heights,Four Square Britomart",10,107.3,180,287.3,770.0,77.3,399.47,1169.47,3
Thu_00355,Thursday,"Four Square Remuera,New World Metro Queen St,Four Square Eden Terrace",12,71.4,216,287.4,770.0,77.4,399.78,1169.78,3
Thu_00356,Thursday,"Four Square Pakuranga Heights,New World Papakura",10,107.5,180,287.5,770.0,77.5,400.41,1170.41,2
Thu_00357,Thursday,"Four Square Botany Junction,Four Square Ellerslie,Four Square Remuera",11,89.5,198,287.5,770.0,77.5,400.45,1170.45,3
Thu_00358,Thursday,"Four Square Onehunga,Four Square Eden Terrace,New World Point Chevalier",13,53.7,234,287.7,770.0,77.7,401.49,1171.49,3
Thu_00359,Thursday,"New World Victoria Park,Four Square Britomart",13,53.8,234,287.8,770.0,77.8,402.2,1172.2,2
Thu_00360,Thursday,"Four Square Fair Price Henderson,New World Metro Shore City,Four Square Britomart",10,107.9,180,287.9,770.0,77.9,402.47,1172.47,3
Thu_00361,Thursday,Pak 'n Save Westgate,13,54.0,234,288.0,770.0,78.0,402.91,1172.91,1
Thu_00362,Thursday,"Four Square Fair Price Henderson,New World Metro Shore City,Four Square Eden Terrace",10,108.1,180,288.1,770.0,78.1,403.31,1173.31,3
Thu_00363,Thursday,"Four Square Cockle Bay,Four Square Pakuranga Heights,Four Square Fair Price Henderson",9,126.2,162,288.2,770.0,78.2,404.12,1174.12,3
Thu_00364,Thursday,"Four Square Lancaster,New World Newmarket",11,90.4,198,288.4,770.0,78.4,404.87,1174.87,2
Thu_00365,Thursday,"New World Newmarket,Four Square Ellerslie,Four Square Onehunga",13,54.4,234,288.4,770.0,78.4,405.06,1175.06,3
Thu_00366,Thursday,"Four Square Britomart,Four Square Ellerslie,Four Square Remuera",12,72.5,216,288.5,770.0,78.5,405.69,1175.69,3
Thu_00367,Thursday,"Four Square Britomart,Four Square Ellerslie,Four Square Eden Terrace",12,72.5,216,288.5,770.0,78.5,405.77,1175.77,3
Thu_00368,Thursday,"Four Square Britomart,Four Square Remuera,Four Square Eden Terrace",12,72.7,216,288.7,770.0,78.7,406.49,1176.49,3
Thu_00369,Thursday,"Four Square Pakuranga Heights,Four Square Ellerslie,Four Square Britomart",11,90.9,198,288.9,770.0,78.9,407.83,1177.83,3
Thu_00370,Thursday,"Four Square Fair Price Henderson,Four Square Ellerslie,Four Square Remuera",11,91.0,198,289.0,770.0,79.0,408.36,1178.36,3
Thu_00371,Thursday,"Four Square Fair Price Henderson,Four Square Ellerslie,Four Square Eden Terrace",11,91.1,198,289.1,770.0,79.1,408.44,1178.44,3
Thu_00372,Thursday,"Four Square Fair Price Henderson,Four Square Remuera,Four Square Eden Terrace",11,91.2,198,289.2,770.0,79.2,409.16,1179.16,3
Thu_00373,Thursday,"Four Square Torbay,Four Square St Heliers",8,145.3,144,289.3,770.0,79.3,409.54,1179.54,2
Thu_00374,Thursday,"Four Square Fair Price Henderson,Four Square Hobsonville,Four Square Eden Terrace",11,91.3,198,289.3,770.0,79.3,409.63,1179.63,3
Thu_00375,Thursday,"Four Square Remuera,Four Square Cockle Bay,Four Square Botany Junction",10,109.6,180,289.6,770.0,79.6,411.16,1181.16,3
Thu_00376,Thursday,"Four Square Botany Junction,Four Square Pakuranga Heights,Four Square St Heliers",10,109.8,180,289.8,770.0,79.8,412.11,1182.11,3
Thu_00377,Thursday,"New World Long Bay,Four Square Onehunga",10,109.8,180,289.8,770.0,79.8,412.12,1182.12,2
Thu_00378,Thursday,"Four Square Pakuranga Heights,Four Square Ellerslie,Four Square Fair Price Henderson",10,109.8,180,289.8,770.0,79.8,412.48,1182.48,3
Thu_00379,Thursday,"New World Stonefields,Four Square Botany Junction",11,92.0,198,290.0,770.0,80.0,413.15,1183.15,2
Thu_00380,Thursday,"Pak 'n Save Highland Park,Four Square Onehunga",12,74.1,216,290.1,770.0,80.1,413.76,1183.76,2
Thu_00381,Thursday,"New World Victoria Park,New World Metro Shore City",12,74.2,216,290.2,770.0,80.2,414.46,1184.46,2
Thu_00382,Thursday,"New World Hobsonville,New World Metro Shore City",11,92.2,198,290.2,770.0,80.2,414.56,1184.56,2
Thu_00383,Thursday,"Four Square Pakuranga Heights,Four Square Remuera,New World Metro Queen St",11,92.3,198,290.3,770.0,80.3,414.84,1184.84,3
Thu_00384,Thursday,"Four Square Cockle Bay,New World Howick",11,92.6,198,290.6,770.0,80.6,416.18,1186.18,2
Thu_00385,Thursday,"Four Square Cockle Bay,Four Square Pakuranga Heights,New World Metro Shore City",9,128.6,162,290.6,770.0,80.6,416.49,1186.49,3
Thu_00386,Thursday,"Four Square Botany Junction,New World Metro Queen St,Four Square Britomart",11,92.6,198,290.6,770.0,80.6,416.61,1186.61,3
Thu_00387,Thursday,"Four Square Botany Junction,Four Square Remuera,Four Square Eden Terrace",11,92.7,198,290.7,770.0,80.7,417.1,1187.1,3
Thu_00388,Thursday,"New World Metro Shore City,Four Square Ellerslie,Four Square Remuera",11,93.2,198,291.2,770.0,81.2,419.62,1189.62,3
Thu_00389,Thursday,"New World Metro Shore City,Four Square Ellerslie,Four Square Eden Terrace",11,93.2,198,291.2,770.0,81.2,419.7,1189.7,3
Thu_00390,Thursday,"New World Metro Shore City,Four Square Remuera,Four Square Eden Terrace",11,93.4,198,291.4,770.0,81.4,420.42,1190.42,3
Thu_00391,Thursday,"New World Papatoetoe,Four Square St Heliers",11,93.4,198,291.4,770.0,81.4,420.63,1190.63,2
Thu_00392,Thursday,"Four Square Botany Junction,New World Metro Queen St,Four Square Eden Terrace",11,93.6,198,291.6,770.0,81.6,421.52,1191.52,3
Thu_00393,Thursday,"New World Metro Queen St,Four Square Cockle Bay,Four Square Botany Junction",10,111.6,180,291.6,770.0,81.6,421.81,1191.81,3
Thu_00394,Thursday,"Four Square Onehunga,Four Square Remuera,New World Newmarket",13,57.6,234,291.6,770.0,81.6,421.84,1191.84,3
Thu_00395,Thursday,"Four Square Onehunga,Pak 'n Save Glen Innes",12,75.9,216,291.9,770.0,81.9,423.22,1193.22,2
Thu_00396,Thursday,"Four Square Onehunga,Four Square Ellerslie,New World Point Chevalier",13,57.9,234,291.9,770.0,81.9,423.26,1193.26,3
Thu_00397,Thursday,"Four Square Pakuranga Heights,Four Square Remuera,Four Square Britomart",11,94.1,198,292.1,770.0,82.1,424.4,1194.4,3
Thu_00398,Thursday,"Four Square Pakuranga Heights,Four Square Ellerslie,New World Metro Shore City",10,112.2,180,292.2,770.0,82.2,424.84,1194.84,3
Thu_00399,Thursday,"New World Stonefields,New World Metro Queen St",12,76.4,216,292.4,770.0,82.4,425.53,1195.53,2
Thu_00400,Thursday,"New World Metro Queen St,Four Square Ellerslie,Four Square Botany Junction",11,94.5,198,292.5,770.0,82.5,426.36,1196.36,3
Thu_00401,Thursday,"Four Square Pakuranga Heights,New World Metro Queen St,New World Metro Shore City",10,112.6,180,292.6,770.0,82.6,426.57,1196.57,3
Thu_00402,Thursday,"Four Square Britomart,Four Square Cockle Bay,Four Square Botany Junction",10,112.8,180,292.8,770.0,82.8,427.92,1197.92,3
Thu_00403,Thursday,"Four Square Pakuranga Heights,Four Square Remuera,Four Square Fair Price Henderson",10,113.0,180,293.0,770.0,83.0,429.05,1199.05,3
Thu_00404,Thursday,"Four Square Onehunga,Four Square Fair Price Henderson,New World Point Chevalier",12,77.1,216,293.1,770.0,83.1,429.18,1199.18,3
Thu_00405,Thursday,"Four Square Fair Price Henderson,Four Square Cockle Bay,Four Square Botany Junction",9,131.3,162,293.3,770.0,83.3,430.6,1200.6,3
Thu_00406,Thursday,"Four Square Onehunga,New World Newmarket,New World Metro Queen St",13,59.5,234,293.5,770.0,83.5,431.34,1201.34,3
Thu_00407,Thursday,"Four Square Onehunga,New World Papatoetoe,Four Square Botany Junction",12,77.6,216,293.6,770.0,83.6,432.01,1202.01,3
Thu_00408,Thursday,"Four Square Cockle Bay,New World Ormiston",11,95.7,198,293.7,770.0,83.7,432.42,1202.42,2
Thu_00409,Thursday,"Four Square Onehunga,Four Square Remuera,New World Point Chevalier",13,59.7,234,293.7,770.0,83.7,432.46,1202.46,3
Thu_00410,Thursday,"Four Square Britomart,Four Square Ellerslie,Four Square Botany Junction",11,95.7,198,293.7,770.0,83.7,432.48,1202.48,3
Thu_00411,Thursday,"Four Square Pakuranga Heights,Four Square Britomart,New World Metro Shore City",10,113.8,180,293.8,770.0,83.8,432.74,1202.74,3
Thu_00412,Thursday,"Four Square Britomart,New World Stonefields",12,77.8,216,293.8,770.0,83.8,432.78,1202.78,2
Thu_00413,Thursday,"Four Square Pakuranga Heights,New World Metro Queen St,Four Square Fair Price Henderson",10,113.8,180,293.8,770.0,83.8,432.93,1202.93,3
Thu_00414,Thursday,"Four Square Pakuranga Heights,Four Square St Heliers,Four Square Remuera",11,95.9,198,293.9,770.0,83.9,433.65,1203.65,3
Thu_00415,Thursday,"Four Square Lancaster,Four Square Botany Junction,Four Square Onehunga",9,132.0,162,294.0,770.0,84.0,434.07,1204.07,3
Thu_00416,Thursday,"Four Square Onehunga,Pak 'n Save Sylvia Park",13,60.2,234,294.2,770.0,84.2,434.83,1204.83,2
Thu_00417,Thursday,"Four Square Fair Price Henderson,Four Square Ellerslie,Four Square Botany Junction",10,114.2,180,294.2,770.0,84.2,435.15,1205.15,3
Thu_00418,Thursday,"Four Square Botany Junction,Four Square Eden Terrace,Four Square Fair Price Henderson",10,114.2,180,294.2,770.0,84.2,435.18,1205.18,3
Thu_00419,Thursday,"Four Square Onehunga,Four Square St Heliers,Four Square Hobsonville",10,114.4,180,294.4,770.0,84.4,436.15,1206.15,3
Thu_00420,Thursday,"New World Albany,Four Square Onehunga",11,96.4,198,294.4,770.0,84.4,436.19,1206.19,2
Thu_00421,Thursday,"Four Square Botany Junction,Four Square Britomart,Four Square Eden Terrace",11,96.5,198,294.5,770.0,84.5,436.71,1206.71,3
Thu_00422,Thursday,"Four Square Onehunga,New World Metro Queen St,New World Point Chevalier",13,60.9,234,294.9,770.0,84.9,438.78,1208.78,3
Thu_00423,Thursday,"Four Square Pakuranga Heights,New World Metro Shore City,Four Square Eden Terrace",10,115.0,180,295.0,770.0,85.0,439.39,1209.39,3
Thu_00424,Thursday,"Four Square Fair Price Henderson,New World Milford",11,97.2,198,295.2,770.0,85.2,440.02,1210.02,2
Thu_00425,Thursday,"Four Square Cockle Bay,Four Square Pakuranga Heights,Four Square St Heliers",10,115.2,180,295.2,770.0,85.2,440.33,1210.33,3
Thu_00426,Thursday,"New World Newmarket,Four Square Pakuranga Heights,Four Square Onehunga",12,79.3,216,295.3,770.0,85.3,440.75,1210.75,3
Thu_00427,Thursday,"Four Square Onehunga,New World Newmarket,Four Square Britomart",13,61.3,234,295.3,770.0,85.3,440.89,1210.89,3
Thu_00428,Thursday,"Four Square Pakuranga Heights,Four Square Remuera,New World Metro Shore City",10,115.4,180,295.4,770.0,85.4,441.41,1211.41,3
Thu_00429,Thursday,"Four Square Fair Price Henderson,Pak 'n Save Henderson",13,61.5,234,295.5,770.0,85.5,441.5,1211.5,2
Thu_00430,Thursday,"New World Metro Shore City,Four Square Cockle Bay,Four Square Botany Junction",9,133.5,162,295.5,770.0,85.5,441.85,1211.85,3
Thu_00431,Thursday,"Four Square Pakuranga Heights,New World Botany",12,79.6,216,295.6,770.0,85.6,442.28,1212.28,2
Thu_00432,Thursday,"New World Metro Shore City,New World Metro Queen St,Four Square Ellerslie",11,97.6,198,295.6,770.0,85.6,442.34,1212.34,3
Thu_00433,Thursday,"Four Square Onehunga,Four Square Pakuranga Heights,Four Square Cockle Bay,Four Square Botany Junction",11,97.6,198,295.6,770.0,85.6,442.4,1212.4,4
Thu_00434,Thursday,"Four Square Pakuranga Heights,Four Square Britomart,Four Square Fair Price Henderson",10,115.6,180,295.6,770.0,85.6,442.48,1212.48,3
Thu_00435,Thursday,"Four Square Onehunga,Four Square Cockle Bay,Four Square Hobsonville",9,133.6,162,295.6,770.0,85.6,442.5,1212.5,3
Thu_00436,Thursday,"New World Metro Shore City,New World Metro Queen St,Four Square Remuera",11,97.8,198,295.8,770.0,85.8,443.06,1213.06,3
Thu_00437,Thursday,"Four Square Torbay,Four Square Ellerslie,Four Square Onehunga",10,116.0,180,296.0,770.0,86.0,444.43,1214.43,3
Thu_00438,Thursday,"Four Square Pakuranga Heights,Four Square St Heliers,Four Square Britomart",11,98.1,198,296.1,770.0,86.1,444.97,1214.97,3
Thu_00439,Thursday,"Four Square Onehunga,New World Newmarket,Four Square Fair Price Henderson",12,80.2,216,296.2,770.0,86.2,445.54,1215.54,3
Thu_00440,Thursday,"Four Square Fair Price Henderson,Four Square Ellerslie,New World Metro Queen St",11,98.3,198,296.3,770.0,86.3,445.73,1215.73,3
Thu_00441,Thursday,"New World Botany,Four Square Botany Junction",12,80.4,216,296.4,770.0,86.4,446.31,1216.31,2
Thu_00442,Thursday,"New World Metro Shore City,Four Square Ellerslie,Four Square Botany Junction",10,116.4,180,296.4,770.0,86.4,446.41,1216.41,3
Thu_00443,Thursday,"Four Square Fair Price Henderson,Four Square Remuera,New World Metro Queen St",11,98.4,198,296.4,770.0,86.4,446.45,1216.45,3
Thu_00444,Thursday,"New World Metro Shore City,New World Stonefields",11,98.5,198,296.5,770.0,86.5,446.71,1216.71,2
Thu_00445,Thursday,"Four Square Pakuranga Heights,Four Square St Heliers,New World Metro Queen St",11,98.5,198,296.5,770.0,86.5,446.72,1216.72,3
Thu_00446,Thursday,"New World Papatoetoe,Four Square Pakuranga Heights,Four Square Onehunga",12,80.5,216,296.5,770.0,86.5,446.88,1216.88,3
Thu_00447,Thursday,"Four Square Onehunga,Four Square Pakuranga Heights,New World Point Chevalier",12,80.5,216,296.5,770.0,86.5,446.98,1216.98,3
Thu_00448,Thursday,"Four Square Fair Price Henderson,Four Square Lancaster,New World Metro Shore City",10,116.6,180,296.6,770.0,86.6,447.29,1217.29,3
Thu_00449,Thursday,"New World Metro Shore City,Four Square Britomart,Four Square Ellerslie",11,98.6,198,296.6,770.0,86.6,447.57,1217.57,3
Thu_00450,Thursday,"New World Metro Shore City,Four Square Britomart,Four Square Remuera",11,98.8,198,296.8,770.0,86.8,448.29,1218.29,3
Thu_00451,Thursday,"Four Square Onehunga,Four Square Britomart,New World Point Chevalier",13,62.8,234,296.8,770.0,86.8,448.33,1218.33,3
Thu_00452,Thursday,"Four Square Onehunga,Pak 'n Save Ormiston",12,80.8,216,296.8,770.0,86.8,448.43,1218.43,2
Thu_00453,Thursday,"Four Square Pakuranga Heights,Four Square St Heliers,Four Square Eden Terrace",11,98.8,198,296.8,770.0,86.8,448.69,1218.69,3
Thu_00454,Thursday,"Four Square Pakuranga Heights,Pak 'n Save Botany",12,80.9,216,296.9,770.0,86.9,449.14,1219.14,2
Thu_00455,Thursday,"Four Square Onehunga,Four Square Torbay,Four Square Hobsonville",10,117.0,180,297.0,770.0,87.0,449.45,1219.45,3
Thu_00456,Thursday,"Four Square Onehunga,Four Square Torbay,New World Metro Queen St",10,117.1,180,297.1,770.0,87.1,449.83,1219.83,3
Thu_00457,Thursday,"Four Square Pakuranga Heights,Pak 'n Save Manukau",12,81.1,216,297.1,770.0,87.1,450.19,1220.19,2
Thu_00458,Thursday,"Four Square Fair Price Henderson,Four Square Hobsonville,New World Metro Queen St",11,99.3,198,297.3,770.0,87.3,451.03,1221.03,3
Thu_00459,Thursday,"Four Square Pakuranga Heights,Four Square St Heliers,Four Square Ellerslie",11,99.3,198,297.3,770.0,87.3,451.2,1221.2,3
Thu_00460,Thursday,"New World Metro Queen St,Four Square Remuera,Four Square Botany Junction",11,99.5,198,297.5,770.0,87.5,452.23,1222.23,3
Thu_00461,Thursday,"New World Remuera,Four Square St Heliers",12,81.5,216,297.5,770.0,87.5,452.31,1222.31,2
Thu_00462,Thursday,"Four Square Fair Price Henderson,Four Square Britomart,Four Square Ellerslie",11,99.7,198,297.7,770.0,87.7,452.98,1222.98,3
Thu_00463,Thursday,"Four Square Fair Price Henderson,Four Square Britomart,Four Square Remuera",11,99.8,198,297.8,770.0,87.8,453.7,1223.7,3
Thu_00464,Thursday,"Four Square Hobsonville,New World Metro Shore City,New World Metro Queen St",11,100.0,198,298.0,770.0,88.0,454.47,1224.47,3
Thu_00465,Thursday,"Four Square Onehunga,Four Square Torbay,Four Square Britomart",10,118.1,180,298.1,770.0,88.1,455.06,1225.06,3
Thu_00466,Thursday,"Four Square Onehunga,Four Square Torbay,Four Square Eden Terrace",10,118.2,180,298.2,770.0,88.2,455.9,1225.9,3
Thu_00467,Thursday,"Four Square Cockle Bay,New World Stonefields",11,100.4,198,298.4,770.0,88.4,456.76,1226.76,2
Thu_00468,Thursday,"Four Square Ellerslie,New World Papakura",11,100.4,198,298.4,770.0,88.4,456.85,1226.85,2
Thu_00469,Thursday,"Four Square Glen Eden,Four Square Fair Price Henderson,Four Square Eden Terrace",12,82.4,216,298.4,770.0,88.4,456.95,1226.95,3
Thu_00470,Thursday,"Four Square Fair Price Henderson,Four Square Hobsonville,Four Square Britomart",11,100.5,198,298.5,770.0,88.5,457.15,1227.15,3
Thu_00471,Thursday,"Four Square Onehunga,New World Newmarket,New World Metro Shore City",12,82.6,216,298.6,770.0,88.6,457.91,1227.91,3
Thu_00472,Thursday,"Four Square Britomart,Four Square Remuera,Four Square Botany Junction",11,100.7,198,298.7,770.0,88.7,458.35,1228.35,3
Thu_00473,Thursday,"Pak 'n Save Botany,Four Square Botany Junction",12,82.8,216,298.8,770.0,88.8,458.86,1228.86,2
Thu_00474,Thursday,"Four Square Pakuranga Heights,New World Metro Shore City,Four Square Fair Price Henderson",9,136.9,162,298.9,770.0,88.9,459.5,1229.5,3
Thu_00475,Thursday,"Four Square Hobsonville,New World Metro Shore City,Four Square Britomart",11,101.0,198,299.0,770.0,89.0,459.7,1229.7,3
Thu_00476,Thursday,"Four Square Fair Price Henderson,New World Metro Shore City,Four Square Ellerslie",10,119.1,180,299.1,770.0,89.1,460.13,1230.13,3
Thu_00477,Thursday,"Four Square Hobsonville,New World Metro Shore City,Four Square Eden Terrace",11,101.1,198,299.1,770.0,89.1,460.54,1230.54,3
Thu_00478,Thursday,"Four Square Fair Price Henderson,New World Metro Shore City,Four Square Remuera",10,119.2,180,299.2,770.0,89.2,460.85,1230.85,3
Thu_00479,Thursday,"Four Square Cockle Bay,New World Remuera",11,101.2,198,299.2,770.0,89.2,460.97,1230.97,2
Thu_00480,Thursday,"Four Square Fair Price Henderson,Four Square Remuera,Four Square Botany Junction",10,119.2,180,299.2,770.0,89.2,461.02,1231.02,3
Thu_00481,Thursday,"Four Square Lancaster,New World Metro Shore City,New World Metro Queen St",11,101.3,198,299.3,770.0,89.3,461.55,1231.55,3
Thu_00482,Thursday,"New World Stonefields,Four Square St Heliers",12,83.4,216,299.4,770.0,89.4,461.98,1231.98,2
Thu_00483,Thursday,"New World Milford,New World Metro Queen St",12,84.0,216,300.0,770.0,90.0,464.86,1234.86,2
Thu_00484,Thursday,"Four Square Torbay,Four Square Remuera,Four Square Onehunga",10,120.0,180,300.0,770.0,90.0,465.02,1235.02,3
Thu_00485,Thursday,"Four Square Ellerslie,Four Square Remuera,Four Square St Heliers",12,84.0,216,300.0,770.0,90.0,465.08,1235.08,3
Thu_00486,Thursday,"Four Square Onehunga,New World Metro Shore City,New World Point Chevalier",12,84.1,216,300.1,770.0,90.1,465.35,1235.35,3
Thu_00487,Thursday,"Four Square Botany Junction,New World Metro Queen St,New World Metro Shore City",10,120.2,180,300.2,770.0,90.2,466.11,1236.11,3
Thu_00488,Thursday,"Four Square Cockle Bay,Four Square Ellerslie,Four Square Remuera",11,102.2,198,300.2,770.0,90.2,466.23,1236.23,3
Thu_00489,Thursday,"New World Papatoetoe,Four Square Ellerslie,Four Square Onehunga",13,66.2,234,300.2,770.0,90.2,466.25,1236.25,3
Thu_00490,Thursday,"Four Square Cockle Bay,Four Square Ellerslie,Four Square Eden Terrace",11,102.3,198,300.3,770.0,90.3,466.31,1236.31,3
Thu_00491,Thursday,"New World Metro Queen St,Four Square Britomart,Four Square St Heliers",12,84.3,216,300.3,770.0,90.3,466.4,1236.4,3
Thu_00492,Thursday,"Four Square Britomart,Four Square Lancaster,New World Metro Shore City",11,102.3,198,300.3,770.0,90.3,466.73,1236.73,3
Thu_00493,Thursday,"Four Square Lancaster,New World Metro Shore City,Four Square Eden Terrace",11,102.5,198,300.5,770.0,90.5,467.62,1237.62,3
Thu_00494,Thursday,"Four Square Britomart,New World Milford",12,85.0,216,301.0,770.0,91.0,470.04,1240.04,2
Thu_00495,Thursday,"Four Square Eden Terrace,Four Square Remuera,Four Square St Heliers",12,85.1,216,301.1,770.0,91.1,470.61,1240.61,3
Thu_00496,Thursday,"Four Square Cockle Bay,New World Papakura",10,121.2,180,301.2,770.0,91.2,471.14,1241.14,2
Thu_00497,Thursday,"New World Birkenhead,New World Metro Shore City",12,85.3,216,301.3,770.0,91.3,471.66,1241.66,2
Thu_00498,Thursday,"Four Square Fair Price Henderson,New World Metro Queen St,Four Square Botany Junction",10,121.3,180,301.3,770.0,91.3,471.67,1241.67,3
Thu_00499,Thursday,"Four Square Botany Junction,Four Square Britomart,New World Metro Shore City",10,121.4,180,301.4,770.0,91.4,472.28,1242.28,3
Thu_00500,Thursday,"New World Metro Shore City,Four Square Remuera,Four Square Botany Junction",10,121.4,180,301.4,770.0,91.4,472.28,1242.28,3
Thu_00501,Thursday,"Four Square Botany Junction,Four Square Cockle Bay,Four Square St Heliers",10,121.7,180,301.7,770.0,91.7,473.64,1243.64,3
Thu_00502,Thursday,"New World Browns Bay,New World Metro Shore City",11,103.8,198,301.8,770.0,91.8,474.31,1244.31,2
Thu_00503,Thursday,"Four Square Onehunga,New World Southmall,Four Square Botany Junction",12,85.9,216,301.9,770.0,91.9,474.77,1244.77,3
Thu_00504,Thursday,"Four Square Eden Terrace,Four Square Ellerslie,Four Square St Heliers",12,86.0,216,302.0,770.0,92.0,475.11,1245.11,3
Thu_00505,Thursday,"Four Square Onehunga,Four Square Cockle Bay,Four Square Lancaster",9,140.2,162,302.2,770.0,92.2,476.41,1246.41,3
Thu_00506,Thursday,"Four Square Onehunga,New World Newmarket,Four Square Botany Junction",12,86.2,216,302.2,770.0,92.2,476.49,1246.49,3
Thu_00507,Thursday,"Four Square Fair Price Henderson,Four Square Britomart,Four Square Botany Junction",10,122.5,180,302.5,770.0,92.5,477.79,1247.79,3
Thu_00508,Thursday,"Four Square Britomart,Four Square St Heliers,Four Square Remuera",12,86.7,216,302.7,770.0,92.7,478.7,1248.7,3
Thu_00509,Thursday,"Four Square Botany Junction,New World Metro Shore City,Four Square Eden Terrace",10,122.7,180,302.7,770.0,92.7,478.93,1248.93,3
Thu_00510,Thursday,"Four Square Onehunga,Four Square St Heliers,Four Square Glen Eden",11,104.9,198,302.9,770.0,92.9,479.86,1249.86,3
Thu_00511,Thursday,"Four Square Torbay,Four Square Pakuranga Heights,Four Square Onehunga",9,140.9,162,302.9,770.0,92.9,480.12,1250.12,3
Thu_00512,Thursday,"Four Square Onehunga,Four Square Ellerslie,Four Square Pakuranga Heights,Four Square Botany Junction",12,87.0,216,303.0,770.0,93.0,480.56,1250.56,4
Thu_00513,Thursday,"Four Square Remuera,Four Square St Heliers,New World Metro Queen St",12,87.0,216,303.0,770.0,93.0,480.75,1250.75,3
Thu_00514,Thursday,"Four Square Eden Terrace,New World Metro Queen St,Four Square St Heliers",12,87.2,216,303.2,770.0,93.2,481.73,1251.73,3
Thu_00515,Thursday,"Four Square Glen Eden,Four Square Fair Price Henderson,Four Square Hobsonville",12,87.3,216,303.3,770.0,93.3,482.27,1252.27,3
Thu_00516,Thursday,"Four Square Cockle Bay,New World Metro Queen St,Four Square Britomart",11,105.4,198,303.4,770.0,93.4,482.39,1252.39,3
Thu_00517,Thursday,"Four Square Cockle Bay,Four Square Remuera,Four Square Eden Terrace",11,105.5,198,303.5,770.0,93.5,482.89,1252.89,3
Thu_00518,Thursday,"Four Square Pakuranga Heights,Four Square St Heliers,Four Square Fair Price Henderson",10,123.6,180,303.6,770.0,93.6,483.34,1253.34,3
Thu_00519,Thursday,"Four Square Ellerslie,Four Square St Heliers,Four Square Britomart",12,87.6,216,303.6,770.0,93.6,483.51,1253.51,3
Thu_00520,Thursday,Pak 'n Save Albany,12,87.7,216,303.7,770.0,93.7,483.94,1253.94,1
Thu_00521,Thursday,"Four Square Fair Price Henderson,New World Metro Shore City,Four Square Botany Junction",9,141.9,162,303.9,770.0,93.9,484.94,1254.94,3
Thu_00522,Thursday,"Four Square Ellerslie,Four Square St Heliers,New World Metro Queen St",12,87.9,216,303.9,770.0,93.9,485.25,1255.25,3
Thu_00523,Thursday,"Four Square Pakuranga Heights,Four Square Fair Price Henderson,Four Square Hobsonville",10,123.9,180,303.9,770.0,93.9,485.34,1255.34,3
Thu_00524,Thursday,"Four Square Eden Terrace,Four Square Britomart,Four Square St Heliers",12,88.0,216,304.0,770.0,94.0,485.5,1255.5,3
Thu_00525,Thursday,"Four Square Onehunga,Four Square St Heliers,Four Square Lancaster",10,124.2,180,304.2,770.0,94.2,486.9,1256.9,3
Thu_00526,Thursday,"Four Square Pakuranga Heights,New World Eastridge",12,88.3,216,304.3,770.0,94.3,487.01,1257.01,2
Thu_00527,Thursday,"Four Square Hobsonville,Four Square Britomart,New World Metro Queen St",12,88.3,216,304.3,770.0,94.3,487.03,1257.03,3
Thu_00528,Thursday,"Four Square Cockle Bay,New World Metro Queen St,Four Square Eden Terrace",11,106.3,198,304.3,770.0,94.3,487.3,1257.3,3
Thu_00529,Thursday,"Four Square Ellerslie,New World Ormiston",12,88.4,216,304.4,770.0,94.4,487.69,1257.69,2
Thu_00530,Thursday,"Four Square Onehunga,Pak 'n Save Clendon",13,70.6,234,304.6,770.0,94.6,488.91,1258.91,2
Thu_00531,Thursday,"New World Howick,Four Square Eden Terrace",12,89.5,216,305.5,770.0,95.5,493.17,1263.17,2
Thu_00532,Thursday,"Four Square Hobsonville,Four Square Eden Terrace,New World Metro Queen St",12,89.7,216,305.7,770.0,95.7,494.37,1264.37,3
Thu_00533,Thursday,"Four Square Fair Price Henderson,Four Square Torbay,New World Metro Shore City",10,125.8,180,305.8,770.0,95.8,495.2,1265.2,3
Thu_00534,Thursday,"Four Square Remuera,New World Eastridge",13,72.1,234,306.1,770.0,96.1,496.47,1266.47,2
Thu_00535,Thursday,"Four Square Hobsonville,New World Milford",12,90.2,216,306.2,770.0,96.2,497.25,1267.25,2
Thu_00536,Thursday,"Four Square Fair Price Henderson,Four Square Hobsonville,Four Square Ellerslie",11,108.4,198,306.4,770.0,96.4,498.14,1268.14,3
Thu_00537,Thursday,"Four Square Glen Eden,Four Square Fair Price Henderson,New World Metro Queen St",12,90.5,216,306.5,770.0,96.5,498.35,1268.35,3
Thu_00538,Thursday,"Four Square Fair Price Henderson,Four Square Hobsonville,Four Square Remuera",11,108.6,198,306.6,770.0,96.6,498.86,1268.86,3
Thu_00539,Thursday,"Four Square Hobsonville,Four Square Pakuranga Heights,Four Square Botany Junction",10,126.7,180,306.7,770.0,96.7,499.74,1269.74,3
Thu_00540,Thursday,"Four Square Fair Price Henderson,New World Browns Bay",11,108.8,198,306.8,770.0,96.8,500.39,1270.39,2
Thu_00541,Thursday,"Four Square Cockle Bay,Four Square Eden Terrace,Four Square Fair Price Henderson",10,127.0,180,307.0,770.0,97.0,500.97,1270.97,3
Thu_00542,Thursday,"Four Square Onehunga,New World Remuera,Four Square Eden Terrace",14,55.0,252,307.0,770.0,97.0,500.98,1270.98,3
Thu_00543,Thursday,"Four Square Cockle Bay,New World Botany",12,91.1,216,307.1,770.0,97.1,501.88,1271.88,2
Thu_00544,Thursday,"New World Southmall,Four Square Pakuranga Heights,Four Square Onehunga",12,91.2,216,307.2,770.0,97.2,502.38,1272.38,3
Thu_00545,Thursday,"Four Square Cockle Bay,Four Square Britomart,Four Square Eden Terrace",11,109.3,198,307.3,770.0,97.3,502.49,1272.49,3
Thu_00546,Thursday,"Four Square Cockle Bay,Pak 'n Save Botany",12,91.3,216,307.3,770.0,97.3,502.6,1272.6,2
Thu_00547,Thursday,"New World Papatoetoe,Four Square Remuera,Four Square Onehunga",13,73.3,234,307.3,770.0,97.3,502.69,1272.69,3
Thu_00548,Thursday,"Four Square Lancaster,Four Square Britomart,New World Metro Queen St",12,91.4,216,307.4,770.0,97.4,503.16,1273.16,3
Thu_00549,Thursday,"Four Square Cockle Bay,Four Square Ellerslie,New World Metro Queen St",11,109.5,198,307.5,770.0,97.5,503.6,1273.6,3
Thu_00550,Thursday,"Four Square Glen Eden,Four Square Fair Price Henderson,Four Square Britomart",12,91.6,216,307.6,770.0,97.6,504.47,1274.47,3
Thu_00551,Thursday,"Four Square Hobsonville,Four Square Lancaster,New World Metro Shore City",11,109.6,198,307.6,770.0,97.6,504.52,1274.52,3
Thu_00552,Thursday,"Four Square Eden Terrace,New World Eastridge",13,73.8,234,307.8,770.0,97.8,505.26,1275.26,2
Thu_00553,Thursday,"Four Square Britomart,New World Eastridge",13,74.0,234,308.0,770.0,98.0,506.16,1276.16,2
Thu_00554,Thursday,"Four Square Hobsonville,Four Square Britomart,Four Square Eden Terrace",12,92.0,216,308.0,770.0,98.0,506.27,1276.27,3
Thu_00555,Thursday,"Four Square Onehunga,New World Remuera,Four Square Remuera",14,56.0,252,308.0,770.0,98.0,506.34,1276.34,3
Thu_00556,Thursday,"Four Square Ellerslie,Pak 'n Save Manukau",13,74.1,234,308.1,770.0,98.1,506.63,1276.63,2
Thu_00557,Thursday,"Pak 'n Save Ormiston,Four Square Botany Junction",13,74.1,234,308.1,770.0,98.1,507.07,1277.07,2
Thu_00558,Thursday,"Four Square Glen Eden,Four Square Fair Price Henderson,New World Metro Shore City",11,110.5,198,308.5,770.0,98.5,508.95,1278.95,3
Thu_00559,Thursday,"Four Square Botany Junction,Four Square Ellerslie,Four Square St Heliers",11,110.6,198,308.6,770.0,98.6,509.68,1279.68,3
Thu_00560,Thursday,"Four Square Onehunga,Four Square Ellerslie,New World Remuera",14,56.7,252,308.7,770.0,98.7,510.0,1280.0,3
Thu_00561,Thursday,"New World Howick,Four Square Ellerslie",12,92.7,216,308.7,770.0,98.7,510.01,1280.01,2
Thu_00562,Thursday,"Four Square Remuera,Four Square St Heliers,Four Square Botany Junction",11,110.8,198,308.8,770.0,98.8,510.24,1280.24,3
Thu_00563,Thursday,"New World Metro Queen St,New World Eastridge",13,74.8,234,308.8,770.0,98.8,510.6,1280.6,2
Thu_00564,Thursday,"New World Long Bay,New World Metro Shore City",11,110.9,198,308.9,770.0,98.9,510.87,1280.87,2
Thu_00565,Thursday,"Four Square Fair Price Henderson,Four Square Hobsonville,Four Square Lancaster",11,110.9,198,308.9,770.0,98.9,511.03,1281.03,3
Thu_00566,Thursday,"Four Square Lancaster,New World Metro Queen St,Four Square Eden Terrace",12,93.0,216,309.0,770.0,99.0,511.54,1281.54,3
Thu_00567,Thursday,"Four Square Lancaster,Four Square Torbay,Four Square Onehunga",10,129.1,180,309.1,770.0,99.1,512.09,1282.09,3
Thu_00568,Thursday,"Four Square Pakuranga Heights,Four Square St Heliers,New World Metro Shore City",10,129.2,180,309.2,770.0,99.2,512.55,1282.55,3
Thu_00569,Thursday,"Four Square Pakuranga Heights,Four Square Lancaster,New World Metro Shore City",10,129.2,180,309.2,770.0,99.2,512.75,1282.75,3
Thu_00570,Thursday,"Four Square Pakuranga Heights,New World Metro Shore City,Four Square Hobsonville",10,129.3,180,309.3,770.0,99.3,512.97,1282.97,3
Thu_00571,Thursday,"Four Square Fair Price Henderson,Four Square Remuera,Four Square St Heliers",11,111.3,198,309.3,770.0,99.3,513.1,1283.1,3
Thu_00572,Thursday,"Four Square Cockle Bay,Four Square Ellerslie,Four Square Britomart",11,111.3,198,309.3,770.0,99.3,513.16,1283.16,3
Thu_00573,Thursday,"Four Square Cockle Bay,Pak 'n Save Manukau",12,93.5,216,309.5,770.0,99.5,513.95,1283.95,2
Thu_00574,Thursday,"Four Square Ellerslie,New World Eastridge",13,75.6,234,309.6,770.0,99.6,514.38,1284.38,2
Thu_00575,Thursday,"Four Square Onehunga,Four Square Remuera,Four Square Pakuranga Heights,Four Square Botany Junction",12,93.7,216,309.7,770.0,99.7,514.91,1284.91,4
Thu_00576,Thursday,"Four Square Lancaster,New World Milford",12,93.8,216,309.8,770.0,99.8,515.41,1285.41,2
Thu_00577,Thursday,"Four Square Hobsonville,New World Metro Shore City,Four Square Ellerslie",11,112.1,198,310.1,770.0,100.1,517.36,1287.36,3
Thu_00578,Thursday,"Four Square Fair Price Henderson,Four Square Ellerslie,Four Square St Heliers",11,112.2,198,310.2,770.0,100.2,517.6,1287.6,3
Thu_00579,Thursday,"Four Square Cockle Bay,Four Square Ellerslie,Four Square Fair Price Henderson",10,130.2,180,310.2,770.0,100.2,517.81,1287.81,3
Thu_00580,Thursday,"Four Square Hobsonville,New World Metro Shore City,Four Square Remuera",11,112.3,198,310.3,770.0,100.3,518.08,1288.08,3
Thu_00581,Thursday,"New World Metro Shore City,Four Square Britomart,Four Square St Heliers",11,112.4,198,310.4,770.0,100.4,518.7,1288.7,3
Thu_00582,Thursday,"Four Square Onehunga,Four Square Ellerslie,Four Square Remuera,Four Square Eden Terrace",14,58.6,252,310.6,770.0,100.6,519.93,1289.93,4
Thu_00583,Thursday,"Four Square Cockle Bay,Four Square Remuera,New World Metro Queen St",11,112.7,198,310.7,770.0,100.7,520.17,1290.17,3
Thu_00584,Thursday,"Four Square Britomart,Four Square St Heliers,Four Square Botany Junction",11,112.9,198,310.9,770.0,100.9,521.25,1291.25,3
Thu_00585,Thursday,"Four Square Fair Price Henderson,Four Square Lancaster,New World Metro Queen St",11,113.0,198,311.0,770.0,101.0,522.05,1292.05,3
Thu_00586,Thursday,"Four Square Lancaster,Four Square Britomart,Four Square Eden Terrace",12,95.1,216,311.1,770.0,101.1,522.41,1292.41,3
Thu_00587,Thursday,"Four Square Fair Price Henderson,Four Square Hobsonville,Four Square Botany Junction",10,131.2,180,311.2,770.0,101.2,522.95,1292.95,3
Thu_00588,Thursday,"New World Devonport,New World Metro Shore City",12,95.4,216,311.4,770.0,101.4,523.76,1293.76,2
Thu_00589,Thursday,"New World Metro Shore City,New World Metro Queen St,Four Square St Heliers",11,113.4,198,311.4,770.0,101.4,524.02,1294.02,3
Thu_00590,Thursday,"Four Square Fair Price Henderson,Four Square Britomart,Four Square St Heliers",11,113.4,198,311.4,770.0,101.4,524.1,1294.1,3
Thu_00591,Thursday,"New World Metro Shore City,Four Square Remuera,Four Square St Heliers",11,113.5,198,311.5,770.0,101.5,524.36,1294.36,3
Thu_00592,Thursday,"Four Square Lancaster,New World Metro Shore City,Four Square Ellerslie",11,113.5,198,311.5,770.0,101.5,524.44,1294.44,3
Thu_00593,Thursday,"Four Square Pakuranga Heights,New World Stonefields,Four Square Onehunga",13,77.5,234,311.5,770.0,101.5,524.5,1294.5,3
Thu_00594,Thursday,"Four Square Cockle Bay,Four Square Pakuranga Heights,Four Square Ellerslie,Four Square Onehunga",12,95.6,216,311.6,770.0,101.6,524.69,1294.69,4
Thu_00595,Thursday,"Four Square Lancaster,New World Hobsonville",12,95.6,216,311.6,770.0,101.6,524.73,1294.73,2
Thu_00596,Thursday,"Four Square Botany Junction,Four Square St Heliers,New World Metro Queen St",11,113.6,198,311.6,770.0,101.6,524.99,1294.99,3
Thu_00597,Thursday,"Four Square Lancaster,New World Metro Shore City,Four Square Remuera",11,113.6,198,311.6,770.0,101.6,525.16,1295.16,3
Thu_00598,Thursday,"Four Square Onehunga,Four Square Ellerslie,New World Southmall",13,77.8,234,311.8,770.0,101.8,525.77,1295.77,3
Thu_00599,Thursday,"New World Howick,Four Square Remuera",12,95.9,216,311.9,770.0,101.9,526.58,1296.58,2
Thu_00600,Thursday,"Four Square Botany Junction,Four Square St Heliers,Four Square Eden Terrace",11,114.0,198,312.0,770.0,102.0,526.97,1296.97,3
Thu_00601,Thursday,"Four Square Fair Price Henderson,Four Square Lancaster,Four Square Britomart",11,114.1,198,312.1,770.0,102.1,527.28,1297.28,3
Thu_00602,Thursday,"Four Square Fair Price Henderson,Four Square Lancaster,Four Square Eden Terrace",11,114.2,198,312.2,770.0,102.2,528.12,1298.12,3
Thu_00603,Thursday,"Four Square Pakuranga Heights,Four Square Eden Terrace,Four Square Hobsonville",11,114.2,198,312.2,770.0,102.2,528.29,1298.29,3
Thu_00604,Thursday,"Four Square Fair Price Henderson,New World Metro Queen St,Four Square St Heliers",11,114.3,198,312.3,770.0,102.3,528.54,1298.54,3
Thu_00605,Thursday,"New World Metro Shore City,Four Square Ellerslie,Four Square St Heliers",11,114.4,198,312.4,770.0,102.4,528.85,1298.85,3
Thu_00606,Thursday,"Four Square Cockle Bay,Four Square Remuera,Four Square Britomart",11,114.5,198,312.5,770.0,102.5,529.73,1299.73,3
Thu_00607,Thursday,"Four Square Pakuranga Heights,New World Remuera,Four Square Onehunga",13,78.6,234,312.6,770.0,102.6,530.03,1300.03,3
Thu_00608,Thursday,"Four Square Cockle Bay,Four Square Ellerslie,New World Metro Shore City",10,132.6,180,312.6,770.0,102.6,530.17,1300.17,3
Thu_00609,Thursday,"New World Howick,New World Metro Queen St",12,96.7,216,312.7,770.0,102.7,530.46,1300.46,2
Thu_00610,Thursday,"Four Square Onehunga,Four Square Pakuranga Heights,Four Square Botany Junction,Four Square Eden Terrace",12,96.7,216,312.7,770.0,102.7,530.78,1300.78,4
Thu_00611,Thursday,"Four Square Pakuranga Heights,Four Square Botany Junction,Four Square Glen Eden",11,114.9,198,312.9,770.0,102.9,531.84,1301.84,3
Thu_00612,Thursday,"New World Birkenhead,New World Metro Queen St",13,78.9,234,312.9,770.0,102.9,531.9,1301.9,2
Thu_00613,Thursday,"Four Square Cockle Bay,New World Metro Queen St,New World Metro Shore City",10,132.9,180,312.9,770.0,102.9,531.9,1301.9,3
Thu_00614,Thursday,"Four Square Lancaster,Four Square Pakuranga Heights,Four Square Botany Junction",10,133.1,180,313.1,770.0,103.1,532.54,1302.54,3
Thu_00615,Thursday,"Four Square Onehunga,Four Square Britomart,New World Metro Queen St,Four Square Eden Terrace",14,61.1,252,313.1,770.0,103.1,532.55,1302.55,4
Thu_00616,Thursday,"Four Square Onehunga,Four Square Cockle Bay,New World Papatoetoe",12,97.2,216,313.2,770.0,103.2,533.02,1303.02,3
Thu_00617,Thursday,"Four Square Fair Price Henderson,Four Square Eden Terrace,Four Square St Heliers",11,115.3,198,313.3,770.0,103.3,533.49,1303.49,3
Thu_00618,Thursday,"Four Square Pakuranga Heights,Four Square Fair Price Henderson,Four Square Glen Eden",11,115.3,198,313.3,770.0,103.3,533.72,1303.72,3
Thu_00619,Thursday,"Four Square Cockle Bay,Four Square Remuera,Four Square Fair Price Henderson",10,133.4,180,313.4,770.0,103.4,534.38,1304.38,3
Thu_00620,Thursday,"New World Albany,New World Metro Shore City",12,97.5,216,313.5,770.0,103.5,534.93,1304.93,2
Thu_00621,Thursday,"Four Square Britomart,New World Metro Queen St,Four Square Glen Eden",13,79.6,234,313.6,770.0,103.6,535.03,1305.03,3
Thu_00622,Thursday,"Four Square Onehunga,Four Square Ellerslie,New World Stonefields",14,61.7,252,313.7,770.0,103.7,535.85,1305.85,3
Thu_00623,Thursday,"Four Square Pakuranga Heights,Four Square Ellerslie,Four Square Remuera,Four Square Onehunga",13,79.7,234,313.7,770.0,103.7,535.99,1305.99,4
Thu_00624,Thursday,"Four Square Cockle Bay,Four Square Pakuranga Heights,Four Square Hobsonville",10,133.9,180,313.9,770.0,103.9,536.77,1306.77,3
Thu_00625,Thursday,"Four Square Fair Price Henderson,New World Long Bay",11,115.9,198,313.9,770.0,103.9,536.94,1306.94,2
Thu_00626,Thursday,"Four Square Britomart,New World Birkenhead",13,80.0,234,314.0,770.0,104.0,537.08,1307.08,2
Thu_00627,Thursday,"Four Square Onehunga,New World Ormiston,Four Square Botany Junction",13,80.0,234,314.0,770.0,104.0,537.18,1307.18,3
Thu_00628,Thursday,"Four Square Onehunga,Four Square Torbay,Four Square Botany Junction",9,152.0,162,314.0,770.0,104.0,537.53,1307.53,3
Thu_00629,Thursday,"Four Square Onehunga,Four Square St Heliers,New World Newmarket",13,80.1,234,314.1,770.0,104.1,537.62,1307.62,3
Thu_00630,Thursday,"Four Square Cockle Bay,Four Square Britomart,New World Metro Shore City",10,134.1,180,314.1,770.0,104.1,538.07,1308.07,3
Thu_00631,Thursday,"Four Square Cockle Bay,Four Square St Heliers,Four Square Remuera",11,116.2,198,314.2,770.0,104.2,538.2,1308.2,3
Thu_00632,Thursday,"Four Square Cockle Bay,New World Metro Queen St,Four Square Fair Price Henderson",10,134.2,180,314.2,770.0,104.2,538.26,1308.26,3
Thu_00633,Thursday,"Four Square Onehunga,New World Remuera,New World Metro Queen St",14,62.2,252,314.2,770.0,104.2,538.27,1308.27,3
Thu_00634,Thursday,"New World Howick,Four Square Britomart",12,98.5,216,314.5,770.0,104.5,540.01,1310.01,2
Thu_00635,Thursday,"Four Square Hobsonville,Four Square Ellerslie,Four Square Remuera",12,98.7,216,314.7,770.0,104.7,541.01,1311.01,3
Thu_00636,Thursday,"Four Square Hobsonville,Four Square Ellerslie,Four Square Eden Terrace",12,98.7,216,314.7,770.0,104.7,541.09,1311.09,3
Thu_00637,Thursday,"Four Square Hobsonville,Four Square Remuera,Four Square Eden Terrace",12,98.9,216,314.9,770.0,104.9,541.81,1311.81,3
Thu_00638,Thursday,"Four Square Hobsonville,New World Metro Shore City,Four Square Botany Junction",10,134.9,180,314.9,770.0,104.9,542.17,1312.17,3
Thu_00639,Thursday,"Four Square Eden Terrace,New World Metro Queen St,Four Square Glen Eden",13,81.0,234,315.0,770.0,105.0,542.37,1312.37,3
Thu_00640,Thursday,"Four Square Onehunga,New World Stonefields,Four Square Remuera",14,63.2,252,315.2,770.0,105.2,543.68,1313.68,3
Thu_00641,Thursday,"Four Square Onehunga,Four Square Ellerslie,Four Square Cockle Bay,Four Square Botany Junction",12,99.3,216,315.3,770.0,105.3,544.07,1314.07,4
Thu_00642,Thursday,"Four Square Cockle Bay,New World Metro Shore City,Four Square Eden Terrace",10,135.4,180,315.4,770.0,105.4,544.72,1314.72,3
Thu_00643,Thursday,"Four Square Pakuranga Heights,Four Square Ellerslie,Four Square Hobsonville",11,117.5,198,315.5,770.0,105.5,545.12,1315.12,3
Thu_00644,Thursday,"Four Square Glen Eden,Four Square Fair Price Henderson,Four Square Ellerslie",12,99.6,216,315.6,770.0,105.6,545.46,1315.46,3
Thu_00645,Thursday,"Four Square Onehunga,Four Square St Heliers,New World Point Chevalier",13,81.7,234,315.7,770.0,105.7,545.96,1315.96,3
Thu_00646,Thursday,"New World Newmarket,Four Square Cockle Bay,Four Square Onehunga",12,99.7,216,315.7,770.0,105.7,546.08,1316.08,3
Thu_00647,Thursday,"Four Square Glen Eden,Four Square Fair Price Henderson,Four Square Remuera",12,99.7,216,315.7,770.0,105.7,546.18,1316.18,3
Thu_00648,Thursday,"Four Square Cockle Bay,Four Square Remuera,New World Metro Shore City",10,135.8,180,315.8,770.0,105.8,546.75,1316.75,3
Thu_00649,Thursday,"Four Square Britomart,New World Remuera,Four Square Onehunga",14,63.8,252,315.8,770.0,105.8,546.81,1316.81,3
Thu_00650,Thursday,"Four Square Cockle Bay,Four Square Britomart,Four Square Fair Price Henderson",10,136.0,180,316.0,770.0,106.0,547.81,1317.81,3
Thu_00651,Thursday,"Four Square Britomart,New World Metro Queen St,Four Square Ellerslie,Four Square Onehunga",14,64.0,252,316.0,770.0,106.0,547.92,1317.92,4
Thu_00652,Thursday,"Pak 'n Save Highland Park,Four Square Pakuranga Heights",13,82.2,234,316.2,770.0,106.2,548.61,1318.61,2
Thu_00653,Thursday,"Four Square Lancaster,New World Metro Shore City,Four Square Botany Junction",10,136.3,180,316.3,770.0,106.3,549.25,1319.25,3
Thu_00654,Thursday,"Four Square Onehunga,New World Stonefields,Four Square Eden Terrace",14,64.3,252,316.3,770.0,106.3,549.4,1319.4,3
Thu_00655,Thursday,"Four Square Fair Price Henderson,New World Remuera,Four Square Onehunga",13,82.4,234,316.4,770.0,106.4,549.48,1319.48,3
Thu_00656,Thursday,"Four Square Cockle Bay,Four Square St Heliers,Four Square Britomart",11,118.4,198,316.4,770.0,106.4,549.52,1319.52,3
Thu_00657,Thursday,"New World Eastridge,Four Square St Heliers",13,82.7,234,316.7,770.0,106.7,551.24,1321.24,2
Thu_00658,Thursday,"Four Square Cockle Bay,Four Square St Heliers,New World Metro Queen St",11,118.7,198,316.7,770.0,106.7,551.27,1321.27,3
Thu_00659,Thursday,"New World Birkenhead,Four Square Lancaster",13,82.8,234,316.8,770.0,106.8,551.55,1321.55,2
Thu_00660,Thursday,"Four Square Onehunga,Four Square Cockle Bay,Four Square Pakuranga Heights,Four Square Eden Terrace",12,100.9,216,316.9,770.0,106.9,552.22,1322.22,4
Thu_00661,Thursday,"Four Square Onehunga,Four Square Cockle Bay,New World Point Chevalier",12,100.9,216,316.9,770.0,106.9,552.31,1322.31,3
Thu_00662,Thursday,"Four Square Hobsonville,Four Square Torbay,New World Metro Shore City",11,118.9,198,316.9,770.0,106.9,552.44,1322.44,3
Thu_00663,Thursday,"New World Browns Bay,Four Square Hobsonville",12,101.0,216,317.0,770.0,107.0,552.81,1322.81,2
Thu_00664,Thursday,"Four Square Onehunga,New World Remuera,Four Square Botany Junction",13,83.0,234,317.0,770.0,107.0,552.83,1322.83,3
Thu_00665,Thursday,"New World Browns Bay,New World Metro Queen St",12,101.1,216,317.1,770.0,107.1,553.19,1323.19,2
Thu_00666,Thursday,"Four Square Cockle Bay,Four Square St Heliers,Four Square Eden Terrace",11,119.1,198,317.1,770.0,107.1,553.24,1323.24,3
Thu_00667,Thursday,"Four Square Britomart,Four Square Eden Terrace,Four Square Glen Eden",13,83.3,234,317.3,770.0,107.3,554.27,1324.27,3
Thu_00668,Thursday,"Four Square Eden Terrace,New World Metro Queen St,Four Square Ellerslie,Four Square Onehunga",14,65.5,252,317.5,770.0,107.5,555.27,1325.27,4
Thu_00669,Thursday,"New World Howick,Four Square Pakuranga Heights,Four Square Onehunga",13,83.5,234,317.5,770.0,107.5,555.33,1325.33,3
Thu_00670,Thursday,"Four Square Cockle Bay,Four Square St Heliers,Four Square Ellerslie",11,119.6,198,317.6,770.0,107.6,555.75,1325.75,3
Thu_00671,Thursday,"New World Metro Shore City,Four Square St Heliers,Four Square Eden Terrace",11,119.8,198,317.8,770.0,107.8,556.87,1326.87,3
Thu_00672,Thursday,"Four Square Pakuranga Heights,Four Square Botany Junction,New World Papatoetoe",13,83.8,234,317.8,770.0,107.8,557.13,1327.13,3
Thu_00673,Thursday,"Four Square Onehunga,Four Square Ellerslie,Four Square Remuera,New World Metro Queen St",14,65.8,252,317.8,770.0,107.8,557.22,1327.22,4
Thu_00674,Thursday,"New World Browns Bay,Four Square Britomart",12,102.1,216,318.1,770.0,108.1,558.42,1328.42,2
Thu_00675,Thursday,"Four Square Eden Terrace,Four Square Ellerslie,Four Square Pakuranga Heights,Four Square Onehunga",13,84.1,234,318.1,770.0,108.1,558.76,1328.76,4
Thu_00676,Thursday,"New World Metro Queen St,Four Square Torbay,New World Metro Shore City",11,120.2,198,318.2,770.0,108.2,558.82,1328.82,3
Thu_00677,Thursday,"New World Metro Shore City,New World Eastridge",12,102.2,216,318.2,770.0,108.2,559.01,1329.01,2
Thu_00678,Thursday,"New World Browns Bay,Four Square Eden Terrace",12,102.2,216,318.2,770.0,108.2,559.26,1329.26,2
Thu_00679,Thursday,"Four Square Onehunga,Four Square Remuera,New World Southmall",13,84.4,234,318.4,770.0,108.4,560.12,1330.12,3
Thu_00680,Thursday,"New World Metro Shore City,New World Remuera,Four Square Onehunga",13,84.5,234,318.5,770.0,108.5,560.74,1330.74,3
Thu_00681,Thursday,"Four Square Fair Price Henderson,New World Albany",12,102.6,216,318.6,770.0,108.6,561.0,1331.0,2
Thu_00682,Thursday,"Four Square Cockle Bay,Four Square Pakuranga Heights,Four Square Remuera,Four Square Onehunga",12,102.6,216,318.6,770.0,108.6,561.12,1331.12,4
Thu_00683,Thursday,"Four Square Britomart,Four Square Torbay,New World Metro Shore City",11,120.7,198,318.7,770.0,108.7,561.55,1331.55,3
Thu_00684,Thursday,"Four Square Botany Junction,Four Square St Heliers,Four Square Fair Price Henderson",10,138.7,180,318.7,770.0,108.7,561.62,1331.62,3
Thu_00685,Thursday,"Four Square Pakuranga Heights,Four Square Remuera,Four Square Hobsonville",11,120.7,198,318.7,770.0,108.7,561.69,1331.69,3
Thu_00686,Thursday,"Four Square Onehunga,Four Square Remuera,New World Metro Queen St,Four Square Britomart",14,66.8,252,318.8,770.0,108.8,562.13,1332.13,4
Thu_00687,Thursday,"Four Square Pakuranga Heights,Pak 'n Save Ormiston",13,84.8,234,318.8,770.0,108.8,562.36,1332.36,2
Thu_00688,Thursday,"Four Square Hobsonville,Four Square Cockle Bay,Four Square Botany Junction",10,139.0,180,319.0,770.0,109.0,563.24,1333.24,3
Thu_00689,Thursday,"Four Square Onehunga,Pak 'n Save Papakura",13,85.0,234,319.0,770.0,109.0,563.33,1333.33,2
Thu_00690,Thursday,"Pak 'n Save Highland Park,Four Square Botany Junction",13,85.0,234,319.0,770.0,109.0,563.4,1333.4,2
Thu_00691,Thursday,"Four Square Cockle Bay,New World Metro Shore City,Four Square Fair Price Henderson",9,157.3,162,319.3,770.0,109.3,564.83,1334.83,3
Thu_00692,Thursday,"Four Square Pakuranga Heights,New World Metro Queen St,Four Square Hobsonville",11,121.5,198,319.5,770.0,109.5,565.58,1335.58,3
Thu_00693,Thursday,"Four Square Onehunga,Four Square Ellerslie,Four Square Remuera,Four Square Britomart",14,67.7,252,319.7,770.0,109.7,566.77,1336.77,4
Thu_00694,Thursday,"Four Square Onehunga,Four Square Remuera,New World Metro Queen St,Four Square Eden Terrace",14,67.8,252,319.8,770.0,109.8,567.04,1337.04,4
Thu_00695,Thursday,"Four Square Hobsonville,Four Square Ellerslie,Four Square Botany Junction",11,121.9,198,319.9,770.0,109.9,567.8,1337.8,3
Thu_00696,Thursday,"Four Square Botany Junction,Four Square Eden Terrace,Four Square Hobsonville",11,121.9,198,319.9,770.0,109.9,567.83,1337.83,3
Thu_00697,Thursday,"Four Square Onehunga,Four Square Pakuranga Heights,Four Square Botany Junction,New World Metro Queen St",12,103.9,216,319.9,770.0,109.9,568.07,1338.07,4
Thu_00698,Thursday,"Four Square Fair Price Henderson,Four Square Eden Terrace,Four Square Ellerslie,Four Square Onehunga",13,86.0,234,320.0,770.0,110.0,568.38,1338.38,4
Thu_00699,Thursday,"Four Square Onehunga,Four Square Remuera,Four Square Ellerslie,Four Square Botany Junction",13,86.1,234,320.1,770.0,110.1,568.81,1338.81,4
Thu_00700,Thursday,"Four Square Onehunga,Four Square Pakuranga Heights,New World Ormiston",13,86.1,234,320.1,770.0,110.1,569.01,1339.01,3
Thu_00701,Thursday,"Four Square Torbay,New World Metro Shore City,Four Square Eden Terrace",11,122.2,198,320.2,770.0,110.2,569.53,1339.53,3
Thu_00702,Thursday,"Four Square Eden Terrace,Four Square Britomart,Four Square Ellerslie,Four Square Onehunga",14,68.2,252,320.2,770.0,110.2,569.6,1339.6,4
Thu_00703,Thursday,"Four Square Cockle Bay,Four Square Pakuranga Heights,Four Square Lancaster",10,140.5,180,320.5,770.0,110.5,570.68,1340.68,3
Thu_00704,Thursday,"Four Square Onehunga,Four Square Ellerslie,Four Square Remuera,Four Square Fair Price Henderson",13,86.6,234,320.6,770.0,110.6,571.42,1341.42,4
Thu_00705,Thursday,"Four Square Pakuranga Heights,Four Square Eden Terrace,Four Square Glen Eden",12,104.7,216,320.7,770.0,110.7,572.0,1342.0,3
Thu_00706,Thursday,"Four Square Onehunga,New World Metro Queen St,Four Square Britomart,New World Metro Shore City",13,86.9,234,320.9,770.0,110.9,572.91,1342.91,4
Thu_00707,Thursday,"New World Metro Queen St,Four Square Lancaster,Four Square Hobsonville",12,104.9,216,320.9,770.0,110.9,573.24,1343.24,3
Thu_00708,Thursday,"Four Square Fair Price Henderson,Four Square Torbay,Four Square Hobsonville",11,123.0,198,321.0,770.0,111.0,573.69,1343.69,3
Thu_00709,Thursday,"Four Square Lancaster,Four Square Ellerslie,Four Square Remuera",12,105.1,216,321.1,770.0,111.1,573.81,1343.81,3
Thu_00710,Thursday,"Four Square Lancaster,Four Square Ellerslie,Four Square Eden Terrace",12,105.1,216,321.1,770.0,111.1,573.89,1343.89,3
Thu_00711,Thursday,"Four Square Fair Price Henderson,Four Square Torbay,New World Metro Queen St",11,123.1,198,321.1,770.0,111.1,574.08,1344.08,3
Thu_00712,Thursday,"Four Square Onehunga,New World Metro Shore City,New World Milford",13,87.1,234,321.1,770.0,111.1,574.09,1344.09,3
Thu_00713,Thursday,"Four Square Onehunga,Four Square Botany Junction,New World Papakura",12,105.1,216,321.1,770.0,111.1,574.17,1344.17,3
Thu_00714,Thursday,"Four Square Onehunga,New World Stonefields,Four Square Botany Junction",13,87.2,234,321.2,770.0,111.2,574.31,1344.31,3
Thu_00715,Thursday,"Four Square Lancaster,Four Square Remuera,Four Square Eden Terrace",12,105.2,216,321.2,770.0,111.2,574.61,1344.61,3
Thu_00716,Thursday,"Four Square Pakuranga Heights,Four Square Britomart,Four Square Hobsonville",11,123.3,198,321.3,770.0,111.3,575.13,1345.13,3
Thu_00717,Thursday,"Four Square Cockle Bay,New World Howick,Four Square Onehunga",13,87.3,234,321.3,770.0,111.3,575.18,1345.18,3
Thu_00718,Thursday,"New World Southmall,Four Square Cockle Bay,Four Square Onehunga",12,105.3,216,321.3,770.0,111.3,575.27,1345.27,3
Thu_00719,Thursday,"Four Square Britomart,Four Square Lancaster,Four Square Hobsonville",12,105.5,216,321.5,770.0,111.5,575.97,1345.97,3
Thu_00720,Thursday,"Four Square Onehunga,Four Square Pakuranga Heights,New World Metro Queen St,Four Square Britomart",13,87.6,234,321.6,770.0,111.6,576.65,1346.65,4
Thu_00721,Thursday,"Four Square Onehunga,Four Square Pakuranga Heights,Four Square Remuera,Four Square Eden Terrace",13,87.7,234,321.7,770.0,111.7,577.14,1347.14,4
Thu_00722,Thursday,"Four Square Onehunga,Four Square Pakuranga Heights,Four Square Botany Junction,Four Square Britomart",12,105.8,216,321.8,770.0,111.8,577.63,1347.63,4
Thu_00723,Thursday,"Four Square Pakuranga Heights,Four Square Lancaster,Four Square Fair Price Henderson",10,141.9,180,321.9,770.0,111.9,578.29,1348.29,3
Thu_00724,Thursday,"Four Square Hobsonville,Four Square Ellerslie,New World Metro Queen St",12,105.9,216,321.9,770.0,111.9,578.37,1348.37,3
Thu_00725,Thursday,"Four Square Onehunga,Four Square Remuera,Four Square Cockle Bay,Four Square Botany Junction",12,106.0,216,322.0,770.0,112.0,578.42,1348.42,4
Thu_00726,Thursday,"Four Square Pakuranga Heights,Four Square Ellerslie,Four Square Lancaster",11,124.1,198,322.1,770.0,112.1,579.04,1349.04,3
Thu_00727,Thursday,"Four Square Hobsonville,Four Square Remuera,New World Metro Queen St",12,106.1,216,322.1,770.0,112.1,579.1,1349.1,3
Thu_00728,Thursday,"Four Square Fair Price Henderson,Four Square Torbay,Four Square Britomart",11,124.1,198,322.1,770.0,112.1,579.31,1349.31,3
Thu_00729,Thursday,"New World Howick,Four Square St Heliers",12,106.3,216,322.3,770.0,112.3,580.09,1350.09,2
Thu_00730,Thursday,"Four Square Fair Price Henderson,Four Square Torbay,Four Square Eden Terrace",11,124.3,198,322.3,770.0,112.3,580.15,1350.15,3
Thu_00731,Thursday,"Four Square Fair Price Henderson,New World Metro Shore City,Four Square St Heliers",10,142.3,180,322.3,770.0,112.3,580.46,1350.46,3
Thu_00732,Thursday,"Four Square Cockle Bay,Four Square Pakuranga Heights,Four Square Glen Eden",11,124.4,198,322.4,770.0,112.4,580.48,1350.48,3
Thu_00733,Thursday,"Four Square Onehunga,Four Square Remuera,Four Square Eden Terrace,Four Square Fair Price Henderson",13,88.4,234,322.4,770.0,112.4,580.71,1350.71,4
Thu_00734,Thursday,"Four Square Pakuranga Heights,New World Metro Queen St,Four Square Lancaster",11,124.4,198,322.4,770.0,112.4,580.76,1350.76,3
Thu_00735,Thursday,"Four Square Onehunga,Four Square Pakuranga Heights,New World Metro Queen St,Four Square Eden Terrace",13,88.6,234,322.6,770.0,112.6,581.56,1351.56,4
Thu_00736,Thursday,"Four Square Onehunga,Four Square St Heliers,Four Square Pakuranga Heights,Four Square Botany Junction",12,106.6,216,322.6,770.0,112.6,581.94,1351.94,4
Thu_00737,Thursday,"Four Square Onehunga,Four Square Remuera,Four Square Britomart,Four Square Eden Terrace",14,70.7,252,322.7,770.0,112.7,582.23,1352.23,4
Thu_00738,Thursday,"Four Square Onehunga,Four Square Pakuranga Heights,Four Square Botany Junction,Four Square Fair Price Henderson",11,124.7,198,322.7,770.0,112.7,582.28,1352.28,4
Thu_00739,Thursday,"Four Square Onehunga,New World Metro Queen St,Four Square Britomart,Four Square Fair Price Henderson",13,88.8,234,322.8,770.0,112.8,582.65,1352.65,4
Thu_00740,Thursday,"Pak 'n Save Botany,Four Square Eden Terrace",13,88.8,234,322.8,770.0,112.8,582.86,1352.86,2
Thu_00741,Thursday,"Four Square Torbay,New World Browns Bay",12,106.9,216,322.9,770.0,112.9,583.25,1353.25,2
Thu_00742,Thursday,"Four Square Onehunga,Four Square Ellerslie,Four Square Remuera,New World Metro Shore City",13,89.0,234,323.0,770.0,113.0,583.79,1353.79,4
Thu_00743,Thursday,"New World Long Bay,Four Square Torbay",12,107.0,216,323.0,770.0,113.0,583.95,1353.95,2
Thu_00744,Thursday,"New World Metro Shore City,Four Square St Heliers,Four Square Botany Junction",10,143.1,180,323.1,770.0,113.1,584.38,1354.38,3
Thu_00745,Thursday,"New World Metro Shore City,New World Metro Queen St,Four Square Glen Eden",12,107.2,216,323.2,770.0,113.2,584.66,1354.66,3
Thu_00746,Thursday,"Four Square Pakuranga Heights,Pak 'n Save Glen Innes",13,89.2,234,323.2,770.0,113.2,584.79,1354.79,2
Thu_00747,Thursday,"Four Square Fair Price Henderson,Four Square Lancaster,Four Square Ellerslie",11,125.2,198,323.2,770.0,113.2,584.94,1354.94,3
Thu_00748,Thursday,"Four Square Onehunga,Four Square Eden Terrace,New World Metro Queen St,New World Metro Shore City",13,89.3,234,323.3,770.0,113.3,585.17,1355.17,4
Thu_00749,Thursday,"Four Square Hobsonville,Four Square Lancaster,Four Square Eden Terrace",12,107.3,216,323.3,770.0,113.3,585.35,1355.35,3
Thu_00750,Thursday,"Four Square Torbay,Four Square Cockle Bay,Four Square Onehunga",9,161.3,162,323.3,770.0,113.3,585.45,1355.45,3
Thu_00751,Thursday,"Four Square Hobsonville,Four Square Britomart,Four Square Ellerslie",12,107.3,216,323.3,770.0,113.3,585.62,1355.62,3
Thu_00752,Thursday,"Four Square Fair Price Henderson,Four Square Lancaster,Four Square Remuera",11,125.4,198,323.4,770.0,113.4,585.66,1355.66,3
Thu_00753,Thursday,"Four Square Ellerslie,New World Botany",13,89.5,234,323.5,770.0,113.5,586.29,1356.29,2
Thu_00754,Thursday,"Four Square Hobsonville,Four Square Britomart,Four Square Remuera",12,107.5,216,323.5,770.0,113.5,586.35,1356.35,3
Thu_00755,Thursday,"Four Square Onehunga,New World Stonefields,New World Metro Queen St",14,71.6,252,323.6,770.0,113.6,586.69,1356.69,3
Thu_00756,Thursday,"Four Square Pakuranga Heights,Four Square Britomart,Four Square Lancaster",11,125.6,198,323.6,770.0,113.6,586.93,1356.93,3
Thu_00757,Thursday,"Four Square Onehunga,New World Metro Queen St,Four Square Eden Terrace,Four Square Fair Price Henderson",13,89.7,234,323.7,770.0,113.7,587.56,1357.56,4
Thu_00758,Thursday,"Four Square Onehunga,Four Square Fair Price Henderson,New World Hobsonville",13,89.8,234,323.8,770.0,113.8,587.82,1357.82,3
Thu_00759,Thursday,"Four Square Cockle Bay,Four Square St Heliers,Four Square Fair Price Henderson",10,143.8,180,323.8,770.0,113.8,587.89,1357.89,3
Thu_00760,Thursday,"Four Square Pakuranga Heights,Four Square Ellerslie,Four Square Glen Eden",12,108.0,216,324.0,770.0,114.0,588.84,1358.84,3
Thu_00761,Thursday,"Four Square Ellerslie,Four Square Remuera,Four Square Glen Eden",13,90.0,234,324.0,770.0,114.0,589.0,1359.0,3
Thu_00762,Thursday,"Four Square Ellerslie,Four Square Eden Terrace,Four Square Glen Eden",13,90.0,234,324.0,770.0,114.0,589.08,1359.08,3
Thu_00763,Thursday,"New World Long Bay,Four Square Hobsonville",12,108.1,216,324.1,770.0,114.1,589.36,1359.36,2
Thu_00764,Thursday,"Four Square Onehunga,Four Square Ellerslie,New World Mt Albert",15,54.1,270,324.1,770.0,114.1,589.49,1359.49,3
Thu_00765,Thursday,"Four Square Onehunga,Four Square Cockle Bay,Four Square Pakuranga Heights,New World Metro Queen St",12,108.1,216,324.1,770.0,114.1,589.51,1359.51,4
Thu_00766,Thursday,"New World Long Bay,New World Metro Queen St",12,108.1,216,324.1,770.0,114.1,589.74,1359.74,2
Thu_00767,Thursday,"Four Square Remuera,Four Square Eden Terrace,Four Square Glen Eden",13,90.2,234,324.2,770.0,114.2,589.81,1359.81,3
Thu_00768,Thursday,"Four Square Britomart,New World Metro Shore City,Four Square Glen Eden",12,108.2,216,324.2,770.0,114.2,589.84,1359.84,3
Thu_00769,Thursday,"Four Square Cockle Bay,Four Square Fair Price Henderson,Four Square Hobsonville",10,144.3,180,324.3,770.0,114.3,590.67,1360.67,3
Thu_00770,Thursday,"Four Square Onehunga,Four Square Ellerslie,Four Square Pakuranga Heights,New World Metro Queen St",13,90.4,234,324.4,770.0,114.4,591.11,1361.11,4
Thu_00771,Thursday,"Four Square Cockle Bay,New World Eastridge",12,108.5,216,324.5,770.0,114.5,591.56,1361.56,2
Thu_00772,Thursday,"New World Papakura,Four Square Pakuranga Heights,Four Square Onehunga",12,108.6,216,324.6,770.0,114.6,592.24,1362.24,3
Thu_00773,Thursday,"Four Square Ellerslie,Pak 'n Save Botany",13,90.8,234,324.8,770.0,114.8,593.15,1363.15,2
Thu_00774,Thursday,"Four Square Pakuranga Heights,Four Square Lancaster,Four Square Eden Terrace",11,126.9,198,324.9,770.0,114.9,593.58,1363.58,3
Thu_00775,Thursday,"Four Square Hobsonville,Four Square Remuera,Four Square Botany Junction",11,126.9,198,324.9,770.0,114.9,593.67,1363.67,3
Thu_00776,Thursday,"Four Square Onehunga,Four Square Cockle Bay,Four Square Botany Junction,Four Square Eden Terrace",12,109.0,216,325.0,770.0,115.0,594.29,1364.29,4
Thu_00777,Thursday,"Four Square Onehunga,Four Square Pakuranga Heights,Four Square Botany Junction,New World Metro Shore City",11,127.1,198,325.1,770.0,115.1,594.64,1364.64,4
Thu_00778,Thursday,"New World Long Bay,Four Square Britomart",12,109.2,216,325.2,770.0,115.2,594.98,1364.98,2
Thu_00779,Thursday,"Four Square Onehunga,Four Square Pakuranga Heights,Four Square Eden Terrace,Four Square Fair Price Henderson",12,109.2,216,325.2,770.0,115.2,595.23,1365.23,4
Thu_00780,Thursday,"Four Square Cockle Bay,Four Square Botany Junction,Four Square Glen Eden",11,127.2,198,325.2,770.0,115.2,595.34,1365.34,3
Thu_00781,Thursday,"Four Square Pakuranga Heights,Four Square Remuera,Four Square Lancaster",11,127.3,198,325.3,770.0,115.3,595.61,1365.61,3
Thu_00782,Thursday,"New World Long Bay,Four Square Eden Terrace",12,109.3,216,325.3,770.0,115.3,595.82,1365.82,2
Thu_00783,Thursday,"Four Square Onehunga,New World Howick,Four Square Botany Junction",13,91.3,234,325.3,770.0,115.3,595.84,1365.84,3
Thu_00784,Thursday,"Four Square Torbay,New World Hobsonville",12,109.3,216,325.3,770.0,115.3,595.89,1365.89,2
Thu_00785,Thursday,"Four Square Lancaster,Four Square Cockle Bay,Four Square Botany Junction",10,145.4,180,325.4,770.0,115.4,596.05,1366.05,3
Thu_00786,Thursday,"Four Square Onehunga,Four Square Eden Terrace,Four Square Britomart,New World Metro Shore City",13,91.4,234,325.4,770.0,115.4,596.12,1366.12,4
Thu_00787,Thursday,"Four Square Onehunga,New World Stonefields,Four Square Britomart",14,73.4,252,325.4,770.0,115.4,596.24,1366.24,3
Thu_00788,Thursday,"Four Square Lancaster,New World Metro Queen St,Four Square Ellerslie",12,109.5,216,325.5,770.0,115.5,596.53,1366.53,3
Thu_00789,Thursday,"Four Square Onehunga,Four Square Pakuranga Heights,Four Square Britomart,Four Square Eden Terrace",13,91.5,234,325.5,770.0,115.5,596.75,1366.75,4
Thu_00790,Thursday,"Four Square Lancaster,New World Metro Queen St,Four Square Remuera",12,109.6,216,325.6,770.0,115.6,597.25,1367.25,3
Thu_00791,Thursday,"New World Metro Shore City,New World Metro Queen St,Four Square Ellerslie,Four Square Onehunga",13,91.7,234,325.7,770.0,115.7,597.56,1367.56,4
Thu_00792,Thursday,"Four Square Britomart,Four Square Ellerslie,Four Square Pakuranga Heights,Four Square Onehunga",13,91.9,234,325.9,770.0,115.9,598.58,1368.58,4
Thu_00793,Thursday,"Four Square Torbay,Four Square St Heliers,Four Square Onehunga",10,145.9,180,325.9,770.0,115.9,598.66,1368.66,3
Thu_00794,Thursday,"Four Square Onehunga,Four Square Remuera,New World Mt Albert",15,55.9,270,325.9,770.0,115.9,598.69,1368.69,3
Thu_00795,Thursday,"Four Square Onehunga,Four Square Cockle Bay,Four Square Pakuranga Heights,Four Square Britomart",12,109.9,216,325.9,770.0,115.9,599.06,1369.06,4
Thu_00796,Thursday,"New World Newmarket,Four Square Pakuranga Heights,Four Square Botany Junction",13,92.0,234,326.0,770.0,116.0,599.19,1369.19,3
Thu_00797,Thursday,"Four Square Pakuranga Heights,Four Square Botany Junction,New World Southmall",13,92.0,234,326.0,770.0,116.0,599.47,1369.47,3
Thu_00798,Thursday,"Four Square Lancaster,Four Square Ellerslie,Four Square Botany Junction",11,128.2,198,326.2,770.0,116.2,600.6,1370.6,3
Thu_00799,Thursday,"Four Square Onehunga,New World Stonefields,Four Square Fair Price Henderson",13,92.3,234,326.3,770.0,116.3,600.89,1370.89,3
Thu_00800,Thursday,"Four Square Britomart,New World Metro Queen St,New World Point Chevalier",15,56.3,270,326.3,770.0,116.3,601.12,1371.12,3
Thu_00801,Thursday,"Four Square Fair Price Henderson,Four Square Ellerslie,Four Square Pakuranga Heights,Four Square Onehunga",12,110.4,216,326.4,770.0,116.4,601.25,1371.25,4
Thu_00802,Thursday,"Four Square Lancaster,Four Square Britomart,Four Square Ellerslie",12,110.5,216,326.5,770.0,116.5,601.76,1371.76,3
Thu_00803,Thursday,"Four Square Fair Price Henderson,New World Metro Queen St,Four Square Ellerslie,Four Square Onehunga",13,92.5,234,326.5,770.0,116.5,602.08,1372.08,4
Thu_00804,Thursday,"Four Square Lancaster,Four Square Britomart,Four Square Remuera",12,110.6,216,326.6,770.0,116.6,602.48,1372.48,3
Thu_00805,Thursday,"Four Square Onehunga,Four Square Britomart,Four Square Eden Terrace,Four Square Fair Price Henderson",13,92.7,234,326.7,770.0,116.7,602.75,1372.75,4
Thu_00806,Thursday,"Pak 'n Save Highland Park,Four Square Cockle Bay",13,92.7,234,326.7,770.0,116.7,602.78,1372.78,2
Thu_00807,Thursday,"New World Metro Shore City,Four Square Britomart,Four Square Ellerslie,Four Square Onehunga",13,92.7,234,326.7,770.0,116.7,602.79,1372.79,4
Thu_00808,Thursday,"Four Square Onehunga,Four Square Cockle Bay,Four Square Pakuranga Heights,Four Square Fair Price Henderson",11,128.8,198,326.8,770.0,116.8,603.71,1373.71,4
Thu_00809,Thursday,"Four Square Fair Price Henderson,New World Point Chevalier,Four Square Eden Terrace",14,74.9,252,326.9,770.0,116.9,603.74,1373.74,3
Thu_00810,Thursday,"Four Square Pakuranga Heights,Four Square Remuera,Four Square Glen Eden",12,111.2,216,327.2,770.0,117.2,605.41,1375.41,3
Thu_00811,Thursday,"Four Square Torbay,New World Milford",12,111.3,216,327.3,770.0,117.3,606.24,1376.24,2
Thu_00812,Thursday,"Four Square Onehunga,Four Square Ellerslie,Four Square Botany Junction,Four Square Eden Terrace",13,93.5,234,327.5,770.0,117.5,607.02,1377.02,4
Thu_00813,Thursday,"Four Square Pakuranga Heights,Four Square Torbay,New World Metro Shore City",10,147.6,180,327.6,770.0,117.6,607.57,1377.57,3
Thu_00814,Thursday,"Four Square Fair Price Henderson,Four Square Britomart,Four Square Ellerslie,Four Square Onehunga",13,93.7,234,327.7,770.0,117.7,608.2,1378.2,4
Thu_00815,Thursday,"Four Square Eden Terrace,New World Metro Queen St,New World Point Chevalier",15,57.8,270,327.8,770.0,117.8,608.47,1378.47,3
Thu_00816,Thursday,"Four Square Pakuranga Heights,Four Square St Heliers,Four Square Remuera,Four Square Onehunga",13,93.8,234,327.8,770.0,117.8,608.74,1378.74,4
Thu_00817,Thursday,"Four Square Torbay,Four Square Britomart,New World Metro Queen St",12,111.9,216,327.9,770.0,117.9,609.19,1379.19,3
Thu_00818,Thursday,"Four Square Pakuranga Heights,New World Metro Queen St,Four Square Glen Eden",12,111.9,216,327.9,770.0,117.9,609.29,1379.29,3
Thu_00819,Thursday,"Four Square Glen Eden,Four Square Hobsonville,New World Metro Shore City",12,112.0,216,328.0,770.0,118.0,609.48,1379.48,3
Thu_00820,Thursday,"Four Square Fair Price Henderson,Four Square Lancaster,Four Square Botany Junction",10,148.0,180,328.0,770.0,118.0,609.75,1379.75,3
Thu_00821,Thursday,"New World Papatoetoe,Four Square St Heliers,Four Square Onehunga",13,94.0,234,328.0,770.0,118.0,609.76,1379.76,3
Thu_00822,Thursday,"Four Square Onehunga,Pak 'n Save Manukau,Four Square Botany Junction",14,76.2,252,328.2,770.0,118.2,610.5,1380.5,3
Thu_00823,Thursday,"Four Square Lancaster,Four Square Torbay,New World Metro Shore City",11,130.2,198,328.2,770.0,118.2,610.83,1380.83,3
Thu_00824,Thursday,"New World Botany,Four Square Remuera",13,94.3,234,328.3,770.0,118.3,611.33,1381.33,2
Thu_00825,Thursday,"New World Metro Shore City,Four Square Eden Terrace,Four Square Ellerslie,Four Square Onehunga",13,94.3,234,328.3,770.0,118.3,611.34,1381.34,4
Thu_00826,Thursday,"Four Square Onehunga,Four Square Remuera,New World Metro Queen St,New World Metro Shore City",13,94.4,234,328.4,770.0,118.4,611.64,1381.64,4
Thu_00827,Thursday,"Four Square Onehunga,New World Newmarket,Four Square Lancaster",13,94.5,234,328.5,770.0,118.5,612.1,1382.1,3
Thu_00828,Thursday,"Four Square Onehunga,New World Stonefields,New World Metro Shore City",13,94.7,234,328.7,770.0,118.7,613.26,1383.26,3
Thu_00829,Thursday,"New World Albany,Four Square Hobsonville",13,94.7,234,328.7,770.0,118.7,613.42,1383.42,2
Thu_00830,Thursday,"New World Albany,New World Metro Queen St",13,94.8,234,328.8,770.0,118.8,613.81,1383.81,2
Thu_00831,Thursday,"Four Square Britomart,New World Metro Queen St,New World Newmarket",15,58.9,270,328.9,770.0,118.9,614.38,1384.38,3
Thu_00832,Thursday,"Four Square Onehunga,Four Square Pakuranga Heights,Four Square Remuera,New World Metro Queen St",13,94.9,234,328.9,770.0,118.9,614.43,1384.43,4
Thu_00833,Thursday,"Four Square Fair Price Henderson,New World Metro Shore City,Four Square Ellerslie,Four Square Onehunga",12,113.1,216,329.1,770.0,119.1,615.35,1385.35,4
Thu_00834,Thursday,"Four Square Onehunga,Four Square Ellerslie,New World Papakura",13,95.2,234,329.2,770.0,119.2,615.63,1385.63,3
Thu_00835,Thursday,"Four Square Pakuranga Heights,Four Square St Heliers,Four Square Hobsonville",11,131.2,198,329.2,770.0,119.2,615.99,1385.99,3
Thu_00836,Thursday,"Four Square Lancaster,New World Browns Bay",12,113.2,216,329.2,770.0,119.2,616.02,1386.02,2
Thu_00837,Thursday,"New World Browns Bay,Four Square Ellerslie",12,113.2,216,329.2,770.0,119.2,616.08,1386.08,2
Thu_00838,Thursday,"Four Square Onehunga,Four Square Cockle Bay,Four Square Pakuranga Heights,New World Metro Shore City",11,131.2,198,329.2,770.0,119.2,616.08,1386.08,4
Thu_00839,Thursday,"Pak 'n Save Botany,Four Square Remuera",13,95.3,234,329.3,770.0,119.3,616.27,1386.27,2
Thu_00840,Thursday,"Four Square Onehunga,New World Metro Queen St,New World Victoria Park",15,59.3,270,329.3,770.0,119.3,616.42,1386.42,3
Thu_00841,Thursday,"Four Square Glen Eden,Four Square Ellerslie,Four Square Botany Junction",12,113.4,216,329.4,770.0,119.4,616.68,1386.68,3
Thu_00842,Thursday,"New World Browns Bay,Four Square Remuera",12,113.4,216,329.4,770.0,119.4,616.8,1386.8,2
Thu_00843,Thursday,"Four Square Cockle Bay,Four Square St Heliers,New World Metro Shore City",10,149.4,180,329.4,770.0,119.4,617.1,1387.1,3
Thu_00844,Thursday,"Four Square Torbay,New World Metro Queen St,Four Square Eden Terrace",12,113.5,216,329.5,770.0,119.5,617.56,1387.56,3
Thu_00845,Thursday,"Four Square Pakuranga Heights,Pak 'n Save Sylvia Park",14,77.5,252,329.5,770.0,119.5,617.65,1387.65,2
Thu_00846,Thursday,"Four Square Onehunga,Four Square Ellerslie,Four Square Pakuranga Heights,New World Metro Shore City",12,113.6,216,329.6,770.0,119.6,617.68,1387.68,4
Thu_00847,Thursday,"Four Square Onehunga,Four Square Remuera,Four Square Britomart,New World Metro Shore City",13,95.6,234,329.6,770.0,119.6,617.81,1387.81,4
Thu_00848,Thursday,"Four Square Onehunga,Four Square Remuera,New World Metro Queen St,Four Square Fair Price Henderson",13,95.6,234,329.6,770.0,119.6,618.0,1388.0,4
Thu_00849,Thursday,"Four Square Cockle Bay,Four Square Lancaster,New World Metro Shore City",10,149.6,180,329.6,770.0,119.6,618.08,1388.08,3
Thu_00850,Thursday,"Four Square Cockle Bay,New World Metro Shore City,Four Square Hobsonville",10,149.7,180,329.7,770.0,119.7,618.3,1388.3,3
Thu_00851,Thursday,"Four Square Botany Junction,Four Square Pakuranga Heights,New World Point Chevalier",13,95.7,234,329.7,770.0,119.7,618.36,1388.36,3
Thu_00852,Thursday,"Four Square Fair Price Henderson,Four Square Hobsonville,Four Square St Heliers",11,131.7,198,329.7,770.0,119.7,618.47,1388.47,3
Thu_00853,Thursday,"Four Square Pakuranga Heights,Four Square Britomart,Four Square Glen Eden",12,113.8,216,329.8,770.0,119.8,618.84,1388.84,3
Thu_00854,Thursday,"New World Albany,Four Square Britomart",13,95.8,234,329.8,770.0,119.8,619.04,1389.04,2
Thu_00855,Thursday,"Four Square Onehunga,New World Hobsonville,Four Square Hobsonville",14,77.8,252,329.8,770.0,119.8,619.14,1389.14,3
Thu_00856,Thursday,"Four Square Onehunga,Four Square Eden Terrace,New World Victoria Park",15,59.9,270,329.9,770.0,119.9,619.62,1389.62,3
Thu_00857,Thursday,"New World Albany,Four Square Eden Terrace",13,96.0,234,330.0,770.0,120.0,619.88,1389.88,2
Thu_00858,Thursday,"Four Square Botany Junction,New World Metro Queen St,Four Square Lancaster",11,132.1,198,330.1,770.0,120.1,620.31,1390.31,3
Thu_00859,Thursday,"Four Square Britomart,Four Square Eden Terrace,New World Point Chevalier",15,60.1,270,330.1,770.0,120.1,620.37,1390.37,3
Thu_00860,Thursday,"Four Square Cockle Bay,Four Square Botany Junction,New World Papatoetoe",13,96.1,234,330.1,770.0,120.1,620.63,1390.63,3
Thu_00861,Thursday,"New World Newmarket,New World Metro Queen St,Four Square Eden Terrace",15,60.1,270,330.1,770.0,120.1,620.74,1390.74,3
Thu_00862,Thursday,"Four Square Pakuranga Heights,Four Square Lancaster,Four Square Hobsonville",11,132.4,198,330.4,770.0,120.4,621.99,1391.99,3
Thu_00863,Thursday,"Four Square Pakuranga Heights,Pak 'n Save Botany,Four Square Onehunga",14,78.6,252,330.6,770.0,120.6,623.14,1393.14,3
Thu_00864,Thursday,"Four Square Onehunga,New World Stonefields,Four Square St Heliers",14,78.6,252,330.6,770.0,120.6,623.14,1393.14,3
Thu_00865,Thursday,"Four Square Onehunga,Four Square Ellerslie,Four Square Remuera,Four Square St Heliers",14,78.7,252,330.7,770.0,120.7,623.87,1393.87,4
Thu_00866,Thursday,"Four Square Pakuranga Heights,New World Botany,Four Square Onehunga",14,78.8,252,330.8,770.0,120.8,623.89,1393.89,3
Thu_00867,Thursday,"Four Square Onehunga,Four Square Pakuranga Heights,Four Square Remuera,Four Square Britomart",13,96.8,234,330.8,770.0,120.8,623.99,1393.99,4
Thu_00868,Thursday,"Pak 'n Save Wairau Road,New World Metro Shore City",14,78.8,252,330.8,770.0,120.8,624.09,1394.09,2
Thu_00869,Thursday,"Four Square Onehunga,Four Square Remuera,New World Metro Shore City,Four Square Eden Terrace",13,96.9,234,330.9,770.0,120.9,624.45,1394.45,4
Thu_00870,Thursday,"Four Square Fair Price Henderson,Four Square Hobsonville,New World Metro Shore City,Four Square Onehunga",12,114.9,216,330.9,770.0,120.9,624.61,1394.61,4
Thu_00871,Thursday,"Four Square Ellerslie,Four Square Torbay,New World Metro Shore City",11,132.9,198,330.9,770.0,120.9,624.65,1394.65,3
Thu_00872,Thursday,"Four Square Cockle Bay,Pak 'n Save Ormiston",13,97.0,234,331.0,770.0,121.0,625.36,1395.36,2
Thu_00873,Thursday,"Four Square Remuera,Four Square Torbay,New World Metro Shore City",11,133.0,198,331.0,770.0,121.0,625.37,1395.37,3
Thu_00874,Thursday,"Four Square Onehunga,New World Remuera,Four Square St Heliers",14,79.0,252,331.0,770.0,121.0,625.4,1395.4,3
Thu_00875,Thursday,"Four Square Onehunga,New World Botany,Four Square Botany Junction",14,79.2,252,331.2,770.0,121.2,625.98,1395.98,3
Thu_00876,Thursday,"Four Square Onehunga,Four Square Pakuranga Heights,New World Metro Queen St,New World Metro Shore City",12,115.2,216,331.2,770.0,121.2,626.16,1396.16,4
Thu_00877,Thursday,"Four Square Ellerslie,New World Metro Queen St,Four Square Glen Eden",13,97.2,234,331.2,770.0,121.2,626.37,1396.37,3
Thu_00878,Thursday,"Four Square Botany Junction,Four Square Britomart,Four Square Lancaster",11,133.3,198,331.3,770.0,121.3,626.47,1396.47,3
Thu_00879,Thursday,"Four Square Lancaster,Four Square Remuera,Four Square Botany Junction",11,133.3,198,331.3,770.0,121.3,626.47,1396.47,3
Thu_00880,Thursday,"Four Square Remuera,New World Metro Queen St,Four Square Glen Eden",13,97.4,234,331.4,770.0,121.4,627.1,1397.1,3
Thu_00881,Thursday,"Four Square Fair Price Henderson,Four Square Remuera,Four Square Pakuranga Heights,Four Square Onehunga",12,115.4,216,331.4,770.0,121.4,627.12,1397.12,4
Thu_00882,Thursday,"Four Square Britomart,New World Newmarket,Four Square Eden Terrace",15,61.4,270,331.4,770.0,121.4,627.45,1397.45,3
Thu_00883,Thursday,"Four Square Onehunga,Four Square Remuera,Four Square Britomart,Four Square Fair Price Henderson",13,97.5,234,331.5,770.0,121.5,627.55,1397.55,4
Thu_00884,Thursday,"New World Mt Roskill,Four Square Pakuranga Heights,Four Square Botany Junction",14,79.5,252,331.5,770.0,121.5,627.75,1397.75,3
Thu_00885,Thursday,"Four Square Torbay,Four Square Britomart,Four Square Eden Terrace",12,115.6,216,331.6,770.0,121.6,628.43,1398.43,3
Thu_00886,Thursday,"Four Square Onehunga,Four Square Britomart,New World Victoria Park",15,61.7,270,331.7,770.0,121.7,628.66,1398.66,3
Thu_00887,Thursday,"Four Square Cockle Bay,New World Stonefields,Four Square Onehunga",13,97.8,234,331.8,770.0,121.8,629.05,1399.05,3
Thu_00888,Thursday,"Four Square Cockle Bay,Four Square Pakuranga Heights,Four Square St Heliers,Four Square Onehunga",12,115.8,216,331.8,770.0,121.8,629.46,1399.46,4
Thu_00889,Thursday,"Four Square Fair Price Henderson,New World Newmarket,Four Square Eden Terrace",14,80.0,252,332.0,770.0,122.0,630.12,1400.12,3
Thu_00890,Thursday,"Four Square Hobsonville,Four Square Torbay,New World Metro Queen St",12,116.2,216,332.2,770.0,122.2,631.31,1401.31,3
Thu_00891,Thursday,"Four Square Onehunga,Four Square Cockle Bay,Four Square Botany Junction,New World Metro Queen St",12,116.2,216,332.2,770.0,122.2,631.58,1401.58,4
Thu_00892,Thursday,"Four Square Onehunga,Four Square Cockle Bay,New World Ormiston",13,98.3,234,332.3,770.0,122.3,632.01,1402.01,3
Thu_00893,Thursday,"Four Square Onehunga,New World Metro Queen St,New World Metro Shore City,Four Square Fair Price Henderson",12,116.4,216,332.4,770.0,122.4,632.16,1402.16,4
Thu_00894,Thursday,"Four Square Onehunga,Four Square Pakuranga Heights,Four Square Britomart,New World Metro Shore City",12,116.4,216,332.4,770.0,122.4,632.33,1402.33,4
Thu_00895,Thursday,"Four Square Onehunga,Four Square Pakuranga Heights,New World Metro Queen St,Four Square Fair Price Henderson",12,116.4,216,332.4,770.0,122.4,632.52,1402.52,4
Thu_00896,Thursday,"Four Square Pakuranga Heights,Four Square Cockle Bay,New World Papatoetoe",13,98.4,234,332.4,770.0,122.4,632.55,1402.55,3
Thu_00897,Thursday,"Four Square Onehunga,Pak 'n Save Botany,Four Square Botany Junction",14,80.5,252,332.5,770.0,122.5,632.84,1402.84,3
Thu_00898,Thursday,"Four Square Botany Junction,Four Square Lancaster,Four Square Eden Terrace",11,134.5,198,332.5,770.0,122.5,633.12,1403.12,3
Thu_00899,Thursday,"Four Square Cockle Bay,Four Square Eden Terrace,Four Square Hobsonville",11,134.6,198,332.6,770.0,122.6,633.62,1403.62,3
Thu_00900,Thursday,"Four Square Glen Eden,Four Square Fair Price Henderson,Four Square Lancaster",12,116.7,216,332.7,770.0,122.7,633.76,1403.76,3
Thu_00901,Thursday,"Four Square Pakuranga Heights,New World Newmarket,Four Square Eden Terrace",14,80.8,252,332.8,770.0,122.8,634.5,1404.5,3
Thu_00902,Thursday,"Four Square Cockle Bay,New World Remuera,Four Square Onehunga",13,99.0,234,333.0,770.0,123.0,635.36,1405.36,3
Thu_00903,Thursday,"Four Square Fair Price Henderson,New World Metro Shore City,Four Square Remuera,Four Square Onehunga",12,117.1,216,333.1,770.0,123.1,635.94,1405.94,4
Thu_00904,Thursday,"Four Square Hobsonville,Four Square Torbay,Four Square Britomart",12,117.2,216,333.2,770.0,123.2,636.54,1406.54,3
Thu_00905,Thursday,"Four Square Onehunga,Four Square Ellerslie,New World Victoria Park",15,63.2,270,333.2,770.0,123.2,636.72,1406.72,3
Thu_00906,Thursday,"Four Square Fair Price Henderson,Four Square Torbay,Four Square Ellerslie",11,135.3,198,333.3,770.0,123.3,636.97,1406.97,3
Thu_00907,Thursday,"Four Square Remuera,Pak 'n Save Glen Innes",14,81.3,252,333.3,770.0,123.3,637.09,1407.09,2
Thu_00908,Thursday,"Four Square Hobsonville,Four Square Torbay,Four Square Eden Terrace",12,117.4,216,333.4,770.0,123.4,637.38,1407.38,3
Thu_00909,Thursday,"Four Square Fair Price Henderson,Four Square Torbay,Four Square Remuera",11,135.4,198,333.4,770.0,123.4,637.69,1407.69,3
Thu_00910,Thursday,"Four Square Hobsonville,New World Metro Shore City,Four Square St Heliers",11,135.4,198,333.4,770.0,123.4,637.69,1407.69,3
Thu_00911,Thursday,"Four Square Pakuranga Heights,Four Square Eden Terrace,New World Point Chevalier",14,81.5,252,333.5,770.0,123.5,638.1,1408.1,3
Thu_00912,Thursday,"Four Square Fair Price Henderson,New World Metro Shore City,Four Square Britomart,Four Square Onehunga",12,117.5,216,333.5,770.0,123.5,638.2,1408.2,4
Thu_00913,Thursday,"New World Metro Shore City,Four Square Remuera,Four Square Pakuranga Heights,Four Square Onehunga",12,117.6,216,333.6,770.0,123.6,638.38,1408.38,4
Thu_00914,Thursday,"Four Square Torbay,Four Square Pakuranga Heights,Four Square Botany Junction",10,153.6,180,333.6,770.0,123.6,638.57,1408.57,3
Thu_00915,Thursday,"Pak 'n Save Manukau,Four Square Pakuranga Heights,Four Square Onehunga",14,81.6,252,333.6,770.0,123.6,638.72,1408.72,3
Thu_00916,Thursday,"Four Square Fair Price Henderson,Four Square Torbay,Four Square Lancaster",11,135.7,198,333.7,770.0,123.7,638.98,1408.98,3
Thu_00917,Thursday,"Four Square Onehunga,Four Square Pakuranga Heights,New World Metro Shore City,Four Square Eden Terrace",12,117.7,216,333.7,770.0,123.7,638.98,1408.98,4
Thu_00918,Thursday,"Four Square Cockle Bay,Four Square Fair Price Henderson,Four Square Glen Eden",11,135.7,198,333.7,770.0,123.7,639.05,1409.05,3
Thu_00919,Thursday,"Four Square Ellerslie,Four Square Lancaster,Four Square Hobsonville",12,117.7,216,333.7,770.0,123.7,639.07,1409.07,3
Thu_00920,Thursday,"Four Square Onehunga,Four Square Eden Terrace,Four Square Fair Price Henderson,Four Square Hobsonville",13,99.8,234,333.8,770.0,123.8,639.44,1409.44,4
Thu_00921,Thursday,"Four Square Onehunga,Four Square Botany Junction,New World Metro Queen St,Four Square Britomart",13,99.8,234,333.8,770.0,123.8,639.66,1409.66,4
Thu_00922,Thursday,"Four Square Remuera,Four Square Lancaster,Four Square Hobsonville",12,117.8,216,333.8,770.0,123.8,639.8,1409.8,3
Thu_00923,Thursday,"Pak 'n Save Royal Oak,Four Square Ellerslie,Four Square Onehunga",16,45.9,288,333.9,770.0,123.9,640.13,1410.13,3
Thu_00924,Thursday,"Four Square Onehunga,Four Square Botany Junction,Four Square Remuera,Four Square Eden Terrace",13,99.9,234,333.9,770.0,123.9,640.15,1410.15,4
Thu_00925,Thursday,"New World Newmarket,Four Square Ellerslie,Four Square Remuera",15,64.0,270,334.0,770.0,124.0,640.46,1410.46,3
Thu_00926,Thursday,"New World Newmarket,Four Square Ellerslie,Four Square Eden Terrace",15,64.0,270,334.0,770.0,124.0,640.54,1410.54,3
Thu_00927,Thursday,"Four Square Onehunga,Four Square Cockle Bay,Four Square Botany Junction,Four Square Britomart",12,118.1,216,334.1,770.0,124.1,641.13,1411.13,4
Thu_00928,Thursday,"New World Newmarket,Four Square Remuera,Four Square Eden Terrace",15,64.1,270,334.1,770.0,124.1,641.27,1411.27,3
Thu_00929,Thursday,"Four Square Cockle Bay,Four Square Ellerslie,Four Square Remuera,Four Square Onehunga",13,100.1,234,334.1,770.0,124.1,641.32,1411.32,4
Thu_00930,Thursday,"New World Metro Shore City,New World Newmarket,Four Square Eden Terrace",14,82.1,252,334.1,770.0,124.1,641.38,1411.38,3
Thu_00931,Thursday,"Four Square Onehunga,Four Square Ellerslie,Four Square Pakuranga Heights,Four Square St Heliers",13,100.2,234,334.2,770.0,124.2,641.52,1411.52,4
Thu_00932,Thursday,"Four Square Ellerslie,Pak 'n Save Glen Innes",14,82.2,252,334.2,770.0,124.2,641.59,1411.59,2
Thu_00933,Thursday,"Four Square Onehunga,Four Square Pakuranga Heights,Four Square Britomart,Four Square Fair Price Henderson",12,118.3,216,334.3,770.0,124.3,642.07,1412.07,4
Thu_00934,Thursday,"Four Square Onehunga,Four Square Ellerslie,Four Square St Heliers,Four Square Britomart",14,82.3,252,334.3,770.0,124.3,642.29,1412.29,4
Thu_00935,Thursday,"New World Devonport,New World Metro Queen St",13,100.3,234,334.3,770.0,124.3,642.32,1412.32,2
Thu_00936,Thursday,"Four Square Pakuranga Heights,Four Square Torbay,Four Square Fair Price Henderson",10,154.3,180,334.3,770.0,124.3,642.36,1412.36,3
Thu_00937,Thursday,"Four Square Onehunga,Four Square St Heliers,Four Square Britomart,New World Metro Queen St",14,82.4,252,334.4,770.0,124.4,642.77,1412.77,4
Thu_00938,Thursday,"Four Square Cockle Bay,Four Square Pakuranga Heights,New World Newmarket",13,100.4,234,334.4,770.0,124.4,642.98,1412.98,3
Thu_00939,Thursday,"Four Square Onehunga,Four Square Ellerslie,Four Square St Heliers,New World Metro Queen St",14,82.7,252,334.7,770.0,124.7,644.04,1414.04,4
Thu_00940,Thursday,"Four Square Onehunga,Four Square Ellerslie,Four Square Botany Junction,New World Metro Queen St",13,100.7,234,334.7,770.0,124.7,644.31,1414.31,4
Thu_00941,Thursday,"Four Square Onehunga,Four Square St Heliers,Four Square Remuera,Four Square Eden Terrace",14,82.7,252,334.7,770.0,124.7,644.52,1414.52,4
Thu_00942,Thursday,"Four Square Onehunga,Four Square Pakuranga Heights,Four Square St Heliers,Four Square Britomart",13,100.8,234,334.8,770.0,124.8,644.56,1414.56,4
Thu_00943,Thursday,"Four Square Onehunga,Four Square Botany Junction,New World Metro Queen St,Four Square Eden Terrace",13,100.8,234,334.8,770.0,124.8,644.57,1414.57,4
Thu_00944,Thursday,"Four Square Lancaster,New World Metro Shore City,Four Square St Heliers",11,136.8,198,334.8,770.0,124.8,644.77,1414.77,3
Thu_00945,Thursday,"Four Square Onehunga,New World Metro Shore City,Four Square Eden Terrace,Four Square Fair Price Henderson",12,118.8,216,334.8,770.0,124.8,644.97,1414.97,4
Thu_00946,Thursday,"Four Square Fair Price Henderson,New World Point Chevalier,New World Metro Queen St",14,82.9,252,334.9,770.0,124.9,645.14,1415.14,3
Thu_00947,Thursday,"Four Square Onehunga,Four Square St Heliers,Four Square Cockle Bay,Four Square Botany Junction",12,118.9,216,334.9,770.0,124.9,645.45,1415.45,4
Thu_00948,Thursday,"Pak 'n Save Highland Park,Four Square Eden Terrace",14,82.9,252,334.9,770.0,124.9,645.46,1415.46,2
Thu_00949,Thursday,"Four Square Hobsonville,Four Square Remuera,Four Square St Heliers",12,119.0,216,335.0,770.0,125.0,645.74,1415.74,3
Thu_00950,Thursday,"Four Square Onehunga,Four Square Cockle Bay,Four Square Botany Junction,Four Square Fair Price Henderson",11,137.0,198,335.0,770.0,125.0,645.78,1415.78,4
Thu_00951,Thursday,"Four Square Onehunga,Four Square Remuera,New World Victoria Park",15,65.0,270,335.0,770.0,125.0,645.93,1415.93,3
Thu_00952,Thursday,"Four Square Onehunga,Four Square Ellerslie,Four Square St Heliers,Four Square Eden Terrace",14,83.0,252,335.0,770.0,125.0,646.01,1416.01,4
Thu_00953,Thursday,"Four Square Fair Price Henderson,Four Square Hobsonville,New World Point Chevalier",14,83.1,252,335.1,770.0,125.1,646.26,1416.26,3
Thu_00954,Thursday,"Four Square Onehunga,Four Square Remuera,Four Square St Heliers,Four Square Britomart",14,83.1,252,335.1,770.0,125.1,646.27,1416.27,4
Thu_00955,Thursday,"Four Square Onehunga,New World Metro Shore City,New World Hobsonville",13,101.1,234,335.1,770.0,125.1,646.31,1416.31,3
Thu_00956,Thursday,"Four Square Onehunga,Four Square Pakuranga Heights,Four Square St Heliers,New World Metro Queen St",13,101.1,234,335.1,770.0,125.1,646.31,1416.31,4
Thu_00957,Thursday,"Four Square Onehunga,New World Victoria Park,New World Metro Shore City",14,83.1,252,335.1,770.0,125.1,646.33,1416.33,3
Thu_00958,Thursday,"Four Square Onehunga,Four Square Ellerslie,New World Ormiston",14,83.1,252,335.1,770.0,125.1,646.47,1416.47,3
Thu_00959,Thursday,"Four Square Cockle Bay,Four Square Pakuranga Heights,New World Point Chevalier",13,101.1,234,335.1,770.0,125.1,646.58,1416.58,3
Thu_00960,Thursday,"Four Square Botany Junction,Four Square Torbay,New World Metro Shore City",10,155.2,180,335.2,770.0,125.2,647.11,1417.11,3
Thu_00961,Thursday,"Four Square Britomart,New World Devonport",13,101.3,234,335.3,770.0,125.3,647.5,1417.5,2
Thu_00962,Thursday,"Four Square Onehunga,Four Square Remuera,Four Square St Heliers,New World Metro Queen St",14,83.4,252,335.4,770.0,125.4,648.02,1418.02,4
Thu_00963,Thursday,"Four Square Onehunga,Four Square Pakuranga Heights,Four Square St Heliers,Four Square Eden Terrace",13,101.5,234,335.5,770.0,125.5,648.28,1418.28,4
Thu_00964,Thursday,"Four Square Onehunga,Four Square Remuera,New World Papakura",13,101.8,234,335.8,770.0,125.8,649.98,1419.98,3
Thu_00965,Thursday,"Four Square Hobsonville,Four Square Ellerslie,Four Square St Heliers",12,119.9,216,335.9,770.0,125.9,650.24,1420.24,3
Thu_00966,Thursday,"Four Square Cockle Bay,Four Square Ellerslie,Four Square Hobsonville",11,137.9,198,335.9,770.0,125.9,650.45,1420.45,3
Thu_00967,Thursday,"New World Metro Shore City,New World Metro Queen St,New World Point Chevalier",14,84.0,252,336.0,770.0,126.0,650.76,1420.76,3
Thu_00968,Thursday,"Four Square Fair Price Henderson,New World Metro Shore City,Four Square Pakuranga Heights,Four Square Onehunga",11,138.0,198,336.0,770.0,126.0,651.04,1421.04,4
Thu_00969,Thursday,"Four Square Pakuranga Heights,New World Ormiston,Four Square Botany Junction",14,84.0,252,336.0,770.0,126.0,651.12,1421.12,3
Thu_00970,Thursday,"Four Square Fair Price Henderson,New World Point Chevalier,Four Square Britomart",14,84.1,252,336.1,770.0,126.1,651.26,1421.26,3
Thu_00971,Thursday,"Four Square Pakuranga Heights,Four Square Ellerslie,New World Newmarket",14,84.1,252,336.1,770.0,126.1,651.34,1421.34,3
Thu_00972,Thursday,"Four Square Lancaster,New World Long Bay",12,120.3,216,336.3,770.0,126.3,652.57,1422.57,2
Thu_00973,Thursday,"New World Long Bay,Four Square Ellerslie",12,120.3,216,336.3,770.0,126.3,652.63,1422.63,2
Thu_00974,Thursday,"Pak 'n Save Clendon,Four Square Botany Junction",14,84.3,252,336.3,770.0,126.3,652.71,1422.71,2
Thu_00975,Thursday,"Pak 'n Save Glen Innes,Four Square Eden Terrace",14,84.3,252,336.3,770.0,126.3,652.77,1422.77,2
Thu_00976,Thursday,"New World Long Bay,Four Square Remuera",12,120.5,216,336.5,770.0,126.5,653.35,1423.35,2
Thu_00977,Thursday,"Four Square Fair Price Henderson,Four Square Hobsonville,Four Square Ellerslie,Four Square Onehunga",13,102.5,234,336.5,770.0,126.5,653.36,1423.36,4
Thu_00978,Thursday,"Four Square Onehunga,Four Square Ellerslie,Four Square Botany Junction,Four Square Britomart",13,102.6,234,336.6,770.0,126.6,653.86,1423.86,4
Thu_00979,Thursday,"Four Square Pakuranga Heights,Four Square Ellerslie,New World Point Chevalier",14,84.8,252,336.8,770.0,126.8,654.94,1424.94,3
Thu_00980,Thursday,"Four Square Ellerslie,Four Square Remuera,New World Point Chevalier",15,66.8,270,336.8,770.0,126.8,655.1,1425.1,3
Thu_00981,Thursday,"Four Square Ellerslie,Four Square Eden Terrace,New World Point Chevalier",15,66.8,270,336.8,770.0,126.8,655.18,1425.18,3
Thu_00982,Thursday,"Pak 'n Save Sylvia Park,Four Square Botany Junction",14,84.9,252,336.9,770.0,126.9,655.62,1425.62,2
Thu_00983,Thursday,"Four Square Remuera,Four Square Eden Terrace,New World Point Chevalier",15,66.9,270,336.9,770.0,126.9,655.9,1425.9,3
Thu_00984,Thursday,"Four Square Britomart,New World Metro Shore City,New World Point Chevalier",14,85.0,252,337.0,770.0,127.0,655.94,1425.94,3
Thu_00985,Thursday,"Four Square Hobsonville,Four Square Britomart,Four Square St Heliers",12,121.1,216,337.1,770.0,127.1,656.75,1426.75,3
Thu_00986,Thursday,"New World Metro Shore City,Four Square Eden Terrace,New World Point Chevalier",14,85.1,252,337.1,770.0,127.1,656.83,1426.83,3
Thu_00987,Thursday,"Four Square Onehunga,Four Square St Heliers,New World Metro Queen St,Four Square Eden Terrace",14,85.4,252,337.4,770.0,127.4,658.12,1428.12,4
Thu_00988,Thursday,"Four Square Onehunga,Four Square Cockle Bay,Four Square Botany Junction,New World Metro Shore City",11,139.4,198,337.4,770.0,127.4,658.15,1428.15,4
Thu_00989,Thursday,"Four Square Onehunga,Four Square Botany Junction,Four Square Eden Terrace,Four Square Fair Price Henderson",12,121.4,216,337.4,770.0,127.4,658.24,1428.24,4
Thu_00990,Thursday,"Four Square Pakuranga Heights,Four Square St Heliers,Four Square Glen Eden",12,121.7,216,337.7,770.0,127.7,659.7,1429.7,3
Thu_00991,Thursday,"Four Square Onehunga,Four Square Botany Junction,Four Square Britomart,Four Square Eden Terrace",13,103.7,234,337.7,770.0,127.7,659.76,1429.76,4
Thu_00992,Thursday,"New World Papatoetoe,Four Square Botany Junction,Four Square Eden Terrace",14,85.7,252,337.7,770.0,127.7,659.97,1429.97,3
Thu_00993,Thursday,"Four Square Onehunga,Four Square Pakuranga Heights,New World Victoria Park",14,85.8,252,337.8,770.0,127.8,660.45,1430.45,3
Thu_00994,Thursday,"Four Square Pakuranga Heights,Four Square Remuera,New World Newmarket",14,85.9,252,337.9,770.0,127.9,660.88,1430.88,3
Thu_00995,Thursday,"Pak 'n Save Glen Innes,Four Square St Heliers",14,86.0,252,338.0,770.0,128.0,661.09,1431.09,2
Thu_00996,Thursday,"Four Square Hobsonville,New World Metro Queen St,Four Square St Heliers",12,122.0,216,338.0,770.0,128.0,661.19,1431.19,3
Thu_00997,Thursday,"Four Square Fair Price Henderson,Four Square Ellerslie,Four Square Botany Junction,Four Square Onehunga",12,122.0,216,338.0,770.0,128.0,661.22,1431.22,4
Thu_00998,Thursday,"Four Square Botany Junction,Four Square Lancaster,Four Square Hobsonville",11,140.0,198,338.0,770.0,128.0,661.53,1431.53,3
Thu_00999,Thursday,"Four Square Fair Price Henderson,Four Square Torbay,Four Square Botany Junction",10,158.1,180,338.1,770.0,128.1,661.78,1431.78,3
Thu_01000,Thursday,"Four Square Onehunga,Four Square St Heliers,Four Square Britomart,Four Square Eden Terrace",14,86.1,252,338.1,770.0,128.1,662.01,1432.01,4
Thu_01001,Thursday,"Pak 'n Save Highland Park,Four Square Ellerslie",14,86.2,252,338.2,770.0,128.2,662.29,1432.29,2
Thu_01002,Thursday,"Four Square Fair Price Henderson,New World Point Chevalier,New World Metro Shore City",13,104.2,234,338.2,770.0,128.2,662.53,1432.53,3
Thu_01003,Thursday,"New World Newmarket,Four Square Cockle Bay,Four Square Botany Junction",13,104.3,234,338.3,770.0,128.3,662.7,1432.7,3
Thu_01004,Thursday,"New World Papakura,New World Southmall",14,86.3,252,338.3,770.0,128.3,662.75,1432.75,2
Thu_01005,Thursday,"Four Square Cockle Bay,Four Square Botany Junction,New World Southmall",13,104.3,234,338.3,770.0,128.3,662.97,1432.97,3
Thu_01006,Thursday,"Pak 'n Save Manukau,Four Square Ellerslie,Four Square Onehunga",15,68.4,270,338.4,770.0,128.4,663.55,1433.55,3
Thu_01007,Thursday,"Four Square Onehunga,Four Square Remuera,New World Eastridge",15,68.5,270,338.5,770.0,128.5,663.73,1433.73,3
Thu_01008,Thursday,"New World Metro Shore City,New World Metro Queen St,New World Newmarket",14,86.5,252,338.5,770.0,128.5,664.02,1434.02,3
Thu_01009,Thursday,"Four Square Eden Terrace,Four Square Ellerslie,Four Square Cockle Bay,Four Square Onehunga",13,104.5,234,338.5,770.0,128.5,664.09,1434.09,4
Thu_01010,Thursday,"Four Square Lancaster,New World Metro Shore City,Four Square Glen Eden",12,122.5,216,338.5,770.0,128.5,664.1,1434.1,3
Thu_01011,Thursday,"Four Square Botany Junction,Pak 'n Save Glen Innes",13,104.7,234,338.7,770.0,128.7,664.79,1434.79,2
Thu_01012,Thursday,"New World Howick,Four Square Ellerslie,Four Square Onehunga",14,86.8,252,338.8,770.0,128.8,665.23,1435.23,3
Thu_01013,Thursday,"New World Botany,Four Square St Heliers",13,104.8,234,338.8,770.0,128.8,665.62,1435.62,2
Thu_01014,Thursday,"Four Square Glen Eden,Four Square Fair Price Henderson,Four Square St Heliers",12,122.9,216,338.9,770.0,128.9,665.79,1435.79,3
Thu_01015,Thursday,"Four Square Onehunga,Four Square St Heliers,New World Southmall",13,104.9,234,338.9,770.0,128.9,666.11,1436.11,3
Thu_01016,Thursday,"Four Square Hobsonville,Four Square Eden Terrace,Four Square St Heliers",12,122.9,216,338.9,770.0,128.9,666.13,1436.13,3
Thu_01017,Thursday,"Four Square Pakuranga Heights,Four Square St Heliers,Four Square Lancaster",11,141.0,198,339.0,770.0,129.0,666.74,1436.74,3
Thu_01018,Thursday,"Four Square Cockle Bay,Four Square Remuera,Four Square Hobsonville",11,141.1,198,339.1,770.0,129.1,667.03,1437.03,3
Thu_01019,Thursday,"Pak 'n Save Sylvia Park,Four Square Eden Terrace",15,69.1,270,339.1,770.0,129.1,667.09,1437.09,2
Thu_01020,Thursday,"New World Newmarket,Four Square Ellerslie,Four Square Botany Junction",14,87.1,252,339.1,770.0,129.1,667.25,1437.25,3
Thu_01021,Thursday,"Four Square Fair Price Henderson,New World Newmarket,New World Metro Queen St",14,87.2,252,339.2,770.0,129.2,667.41,1437.41,3
Thu_01022,Thursday,"Pak 'n Save Glen Innes,Four Square Britomart",14,87.2,252,339.2,770.0,129.2,667.54,1437.54,2
Thu_01023,Thursday,"Four Square Ellerslie,Pak 'n Save Sylvia Park",15,69.5,270,339.5,770.0,129.5,668.98,1438.98,2
Thu_01024,Thursday,"Pak 'n Save Royal Oak,Four Square Remuera,Four Square Onehunga",16,51.5,288,339.5,770.0,129.5,669.2,1439.2,3
Thu_01025,Thursday,"New World Metro Shore City,Four Square Britomart,New World Newmarket",14,87.5,252,339.5,770.0,129.5,669.25,1439.25,3
Thu_01026,Thursday,"Pak 'n Save Glen Innes,New World Metro Queen St",14,87.5,252,339.5,770.0,129.5,669.28,1439.28,2
Thu_01027,Thursday,"Four Square Eden Terrace,New World Newmarket,Four Square Botany Junction",14,87.7,252,339.7,770.0,129.7,670.07,1440.07,3
Thu_01028,Thursday,"Pak 'n Save Botany,Four Square St Heliers",13,105.8,234,339.8,770.0,129.8,670.56,1440.56,2
Thu_01029,Thursday,"Four Square Onehunga,Four Square Cockle Bay,New World Papakura",12,123.8,216,339.8,770.0,129.8,670.73,1440.73,3
Thu_01030,Thursday,"Four Square Onehunga,Four Square Ellerslie,Four Square Botany Junction,New World Metro Shore City",12,123.8,216,339.8,770.0,129.8,670.88,1440.88,4
Thu_01031,Thursday,"Four Square Cockle Bay,New World Metro Queen St,Four Square Hobsonville",11,141.9,198,339.9,770.0,129.9,670.91,1440.91,3
Thu_01032,Thursday,"Four Square Pakuranga Heights,Four Square Remuera,New World Point Chevalier",14,88.0,252,340.0,770.0,130.0,671.51,1441.51,3
Thu_01033,Thursday,"Four Square Pakuranga Heights,New World Newmarket,New World Metro Queen St",14,88.0,252,340.0,770.0,130.0,671.79,1441.79,3
Thu_01034,Thursday,"Four Square Hobsonville,New World Metro Shore City,Four Square Ellerslie,Four Square Onehunga",13,106.2,234,340.2,770.0,130.2,672.58,1442.58,4
Thu_01035,Thursday,"Four Square Lancaster,Four Square Britomart,Four Square St Heliers",12,124.2,216,340.2,770.0,130.2,672.89,1442.89,3
Thu_01036,Thursday,"Four Square Onehunga,Four Square Ellerslie,New World Eastridge",15,70.3,270,340.3,770.0,130.3,673.16,1443.16,3
Thu_01037,Thursday,"Four Square Onehunga,Four Square Ellerslie,Four Square St Heliers,Four Square Botany Junction",13,106.4,234,340.4,770.0,130.4,673.52,1443.52,4
Thu_01038,Thursday,"Four Square Onehunga,New World Metro Queen St,Four Square Remuera,Four Square Botany Junction",13,106.4,234,340.4,770.0,130.4,673.64,1443.64,4
Thu_01039,Thursday,"Four Square Pakuranga Heights,New World Eastridge,Four Square Onehunga",14,88.4,252,340.4,770.0,130.4,673.72,1443.72,3
Thu_01040,Thursday,"Four Square Fair Price Henderson,Four Square Hobsonville,Four Square Remuera,Four Square Onehunga",13,106.4,234,340.4,770.0,130.4,673.95,1443.95,4
Thu_01041,Thursday,"Four Square Ellerslie,Four Square Botany Junction,New World Papatoetoe",14,88.5,252,340.5,770.0,130.5,674.18,1444.18,3
Thu_01042,Thursday,"Four Square Pakuranga Heights,Four Square Onehunga,Pak 'n Save Royal Oak",15,70.6,270,340.6,770.0,130.6,674.52,1444.52,3
Thu_01043,Thursday,"Four Square Fair Price Henderson,Four Square Britomart,New World Newmarket",14,88.6,252,340.6,770.0,130.6,674.66,1444.66,3
Thu_01044,Thursday,"Four Square Pakuranga Heights,New World Metro Queen St,New World Point Chevalier",14,88.7,252,340.7,770.0,130.7,675.39,1445.39,3
Thu_01045,Thursday,"New World Hobsonville,Four Square Ellerslie,Four Square Onehunga",14,88.8,252,340.8,770.0,130.8,675.55,1445.55,3
Thu_01046,Thursday,"Four Square Cockle Bay,Pak 'n Save Botany,Four Square Onehunga",14,89.0,252,341.0,770.0,131.0,676.59,1446.59,3
Thu_01047,Thursday,"Four Square Lancaster,New World Albany",13,107.0,234,341.0,770.0,131.0,676.63,1446.63,2
Thu_01048,Thursday,"New World Albany,Four Square Ellerslie",13,107.0,234,341.0,770.0,131.0,676.69,1446.69,2
Thu_01049,Thursday,"Four Square Onehunga,New World Metro Queen St,Four Square Fair Price Henderson,Four Square Hobsonville",13,107.0,234,341.0,770.0,131.0,676.72,1446.72,4
Thu_01050,Thursday,"New World Albany,Four Square Remuera",13,107.1,234,341.1,770.0,131.1,677.42,1447.42,2
Thu_01051,Thursday,"Four Square Onehunga,Four Square Remuera,Four Square St Heliers,Four Square Botany Junction",13,107.1,234,341.1,770.0,131.1,677.5,1447.5,4
Thu_01052,Thursday,"New World Newmarket,Four Square Ellerslie,New World Metro Queen St",15,71.2,270,341.2,770.0,131.2,677.83,1447.83,3
Thu_01053,Thursday,"Four Square Lancaster,New World Metro Queen St,Four Square St Heliers",12,125.3,216,341.3,770.0,131.3,678.22,1448.22,3
Thu_01054,Thursday,"Four Square Lancaster,Four Square Remuera,Four Square St Heliers",12,125.3,216,341.3,770.0,131.3,678.55,1448.55,3
Thu_01055,Thursday,"New World Newmarket,Four Square Remuera,New World Metro Queen St",15,71.3,270,341.3,770.0,131.3,678.56,1448.56,3
Thu_01056,Thursday,"New World Papatoetoe,Four Square Pakuranga Heights,Four Square Eden Terrace",14,89.3,252,341.3,770.0,131.3,678.58,1448.58,3
Thu_01057,Thursday,"Pak 'n Save Highland Park,Four Square Remuera",14,89.4,252,341.4,770.0,131.4,678.86,1448.86,2
Thu_01058,Thursday,"Four Square Torbay,Four Square Ellerslie,Four Square Remuera",12,125.6,216,341.6,770.0,131.6,679.83,1449.83,3
Thu_01059,Thursday,"Four Square Torbay,Four Square Ellerslie,Four Square Eden Terrace",12,125.6,216,341.6,770.0,131.6,679.91,1449.91,3
Thu_01060,Thursday,"Four Square Pakuranga Heights,Four Square Cockle Bay,New World Southmall",13,107.7,234,341.7,770.0,131.7,680.4,1450.4,3
Thu_01061,Thursday,"Four Square Cockle Bay,Four Square Britomart,Four Square Hobsonville",11,143.7,198,341.7,770.0,131.7,680.46,1450.46,3
Thu_01062,Thursday,"Four Square Botany Junction,Four Square Cockle Bay,Four Square Pakuranga Heights,Four Square Eden Terrace",13,107.7,234,341.7,770.0,131.7,680.58,1450.58,4
Thu_01063,Thursday,"Four Square Ellerslie,Pak 'n Save Ormiston",14,89.7,252,341.7,770.0,131.7,680.63,1450.63,2
Thu_01064,Thursday,"Four Square Torbay,Four Square Remuera,Four Square Eden Terrace",12,125.7,216,341.7,770.0,131.7,680.64,1450.64,3
Thu_01065,Thursday,"Four Square Onehunga,Four Square Ellerslie,Four Square St Heliers,Four Square Fair Price Henderson",13,107.7,234,341.7,770.0,131.7,680.66,1450.66,4
Thu_01066,Thursday,"Four Square Botany Junction,Four Square Cockle Bay,New World Point Chevalier",13,107.7,234,341.7,770.0,131.7,680.67,1450.67,3
Thu_01067,Thursday,"Four Square Onehunga,Four Square Remuera,New World Ormiston",14,89.8,252,341.8,770.0,131.8,680.83,1450.83,3
Thu_01068,Thursday,"Four Square Pakuranga Heights,New World Newmarket,Four Square Britomart",14,89.9,252,341.9,770.0,131.9,681.35,1451.35,3
Thu_01069,Thursday,"Four Square Fair Price Henderson,New World Metro Shore City,New World Newmarket",13,108.0,234,342.0,770.0,132.0,681.81,1451.81,3
Thu_01070,Thursday,"Four Square Onehunga,Four Square Cockle Bay,New World Metro Queen St,Four Square Britomart",13,108.0,234,342.0,770.0,132.0,681.99,1451.99,4
Thu_01071,Thursday,"Four Square Onehunga,Four Square Cockle Bay,Four Square Remuera,Four Square Eden Terrace",13,108.1,234,342.1,770.0,132.1,682.48,1452.48,4
Thu_01072,Thursday,"Four Square Onehunga,New World Eastridge,Four Square Eden Terrace",15,72.1,270,342.1,770.0,132.1,682.5,1452.5,3
Thu_01073,Thursday,"Pak 'n Save Highland Park,New World Metro Queen St",14,90.1,252,342.1,770.0,132.1,682.75,1452.75,2
Thu_01074,Thursday,"Four Square Onehunga,Four Square Pakuranga Heights,Four Square St Heliers,Four Square Fair Price Henderson",12,126.2,216,342.2,770.0,132.2,682.93,1452.93,4
Thu_01075,Thursday,"New World Milford,Four Square Ellerslie,Four Square Onehunga",14,90.2,252,342.2,770.0,132.2,682.97,1452.97,3
Thu_01076,Thursday,"Four Square Lancaster,Four Square Ellerslie,Four Square St Heliers",12,126.2,216,342.2,770.0,132.2,683.05,1453.05,3
Thu_01077,Thursday,"Four Square Onehunga,Four Square Britomart,Four Square Remuera,Four Square Botany Junction",13,108.2,234,342.2,770.0,132.2,683.19,1453.19,4
Thu_01078,Thursday,"Four Square Cockle Bay,New World Botany,Four Square Onehunga",14,90.3,252,342.3,770.0,132.3,683.49,1453.49,3
Thu_01079,Thursday,"Four Square Cockle Bay,Four Square Lancaster,Four Square Fair Price Henderson",10,162.3,180,342.3,770.0,132.3,683.62,1453.62,3
Thu_01080,Thursday,"Four Square Onehunga,New World Eastridge,Four Square Britomart",15,72.4,270,342.4,770.0,132.4,684.0,1454.0,3
Thu_01081,Thursday,"Four Square Cockle Bay,Four Square Ellerslie,Four Square Lancaster",11,144.5,198,342.5,770.0,132.5,684.37,1454.37,3
Thu_01082,Thursday,"Four Square Ellerslie,Four Square Pakuranga Heights,Four Square Cockle Bay,Four Square Botany Junction",13,108.5,234,342.5,770.0,132.5,684.41,1454.41,4
Thu_01083,Thursday,"Four Square Onehunga,Four Square Remuera,Four Square St Heliers,Four Square Fair Price Henderson",13,108.5,234,342.5,770.0,132.5,684.64,1454.64,4
Thu_01084,Thursday,"Four Square Pakuranga Heights,Four Square Britomart,New World Point Chevalier",14,90.6,252,342.6,770.0,132.6,684.94,1454.94,3
Thu_01085,Thursday,"Four Square Cockle Bay,Four Square Pakuranga Heights,Four Square Torbay",10,162.6,180,342.6,770.0,132.6,685.07,1455.07,3
Thu_01086,Thursday,"Four Square Britomart,New World Newmarket,Four Square Ellerslie",15,72.6,270,342.6,770.0,132.6,685.08,1455.08,3
Thu_01087,Thursday,"Four Square Onehunga,New World Metro Queen St,Four Square Lancaster,New World Metro Shore City",13,108.7,234,342.7,770.0,132.7,685.41,1455.41,4
Thu_01088,Thursday,"Four Square Onehunga,New World Metro Queen St,New World Metro Shore City,Four Square Hobsonville",13,108.7,234,342.7,770.0,132.7,685.63,1455.63,4
Thu_01089,Thursday,"Four Square Fair Price Henderson,Four Square Lancaster,New World Metro Shore City,Four Square Onehunga",12,126.7,216,342.7,770.0,132.7,685.69,1455.69,4
Thu_01090,Thursday,"Four Square Onehunga,New World Eastridge,New World Metro Queen St",15,72.7,270,342.7,770.0,132.7,685.75,1455.75,3
Thu_01091,Thursday,"Four Square Britomart,New World Newmarket,Four Square Remuera",15,72.7,270,342.7,770.0,132.7,685.8,1455.8,3
Thu_01092,Thursday,"Four Square Pakuranga Heights,New World Newmarket,Four Square Fair Price Henderson",13,108.8,234,342.8,770.0,132.8,686.0,1456.0,3
Thu_01093,Thursday,"Pak 'n Save Lincoln Road,Four Square Fair Price Henderson",16,54.8,288,342.8,770.0,132.8,686.01,1456.01,2
Thu_01094,Thursday,"Four Square Pakuranga Heights,Four Square Torbay,Four Square Hobsonville",11,144.8,198,342.8,770.0,132.8,686.06,1456.06,3
Thu_01095,Thursday,"Four Square Cockle Bay,New World Metro Queen St,Four Square Lancaster",11,144.8,198,342.8,770.0,132.8,686.09,1456.09,3
Thu_01096,Thursday,"Four Square Onehunga,Four Square Britomart,Four Square Fair Price Henderson,Four Square Hobsonville",13,108.8,234,342.8,770.0,132.8,686.28,1456.28,4
Thu_01097,Thursday,"Four Square Pakuranga Heights,Four Square Torbay,New World Metro Queen St",11,144.9,198,342.9,770.0,132.9,686.45,1456.45,3
Thu_01098,Thursday,"Four Square Onehunga,Four Square Cockle Bay,New World Metro Queen St,Four Square Eden Terrace",13,108.9,234,342.9,770.0,132.9,686.89,1456.89,4
Thu_01099,Thursday,"Four Square Fair Price Henderson,Four Square Remuera,Four Square Botany Junction,Four Square Onehunga",12,127.0,216,343.0,770.0,133.0,687.09,1457.09,4
Thu_01100,Thursday,"Four Square Fair Price Henderson,New World Newmarket,Four Square Ellerslie",14,91.1,252,343.1,770.0,133.1,687.75,1457.75,3
Thu_01101,Thursday,"Four Square Onehunga,Four Square Eden Terrace,Four Square Fair Price Henderson,Four Square Glen Eden",14,91.1,252,343.1,770.0,133.1,687.82,1457.82,4
Thu_01102,Thursday,"Four Square Fair Price Henderson,New World Newmarket,Four Square Remuera",14,91.3,252,343.3,770.0,133.3,688.48,1458.48,3
Thu_01103,Thursday,"Four Square Onehunga,Four Square Ellerslie,Four Square Lancaster,New World Metro Shore City",13,109.3,234,343.3,770.0,133.3,688.61,1458.61,4
Thu_01104,Thursday,"Four Square Onehunga,New World Metro Queen St,New World Milford",14,91.3,252,343.3,770.0,133.3,688.71,1458.71,3
Thu_01105,Thursday,"Four Square Fair Price Henderson,Four Square Hobsonville,Four Square Pakuranga Heights,Four Square Onehunga",12,127.4,216,343.4,770.0,133.4,689.05,1459.05,4
Thu_01106,Thursday,"Four Square Onehunga,Four Square Botany Junction,New World Metro Queen St,New World Metro Shore City",12,127.4,216,343.4,770.0,133.4,689.17,1459.17,4
Thu_01107,Thursday,"New World Point Chevalier,Four Square Ellerslie,Four Square Botany Junction",14,91.4,252,343.4,770.0,133.4,689.28,1459.28,3
Thu_01108,Thursday,"Four Square Lancaster,Four Square Torbay,Four Square Hobsonville",12,127.4,216,343.4,770.0,133.4,689.32,1459.32,3
Thu_01109,Thursday,"Four Square Pakuranga Heights,Four Square Botany Junction,New World Papakura",13,109.4,234,343.4,770.0,133.4,689.33,1459.33,3
Thu_01110,Thursday,"Four Square Cockle Bay,Pak 'n Save Glen Innes",13,109.4,234,343.4,770.0,133.4,689.34,1459.34,2
Thu_01111,Thursday,"Four Square Lancaster,Four Square Torbay,New World Metro Queen St",12,127.5,216,343.5,770.0,133.5,689.71,1459.71,3
Thu_01112,Thursday,"New World Mt Roskill,Four Square Cockle Bay,Four Square Botany Junction",14,91.8,252,343.8,770.0,133.8,691.26,1461.26,3
Thu_01113,Thursday,"Four Square Onehunga,Four Square Britomart,Four Square Lancaster,New World Metro Shore City",13,109.9,234,343.9,770.0,133.9,691.57,1461.57,4
Thu_01114,Thursday,"Four Square Pakuranga Heights,Four Square Torbay,Four Square Britomart",11,145.9,198,343.9,770.0,133.9,691.68,1461.68,3
Thu_01115,Thursday,"Four Square Onehunga,Four Square Britomart,New World Metro Shore City,Four Square Hobsonville",13,109.9,234,343.9,770.0,133.9,691.79,1461.79,4
Thu_01116,Thursday,"New World Howick,Four Square Cockle Bay,Four Square Botany Junction",14,91.9,252,343.9,770.0,133.9,691.8,1461.8,3
Thu_01117,Thursday,"Four Square Cockle Bay,Four Square Britomart,Four Square Lancaster",11,146.0,198,344.0,770.0,134.0,692.26,1462.26,3
Thu_01118,Thursday,"Pak 'n Save Highland Park,Four Square Britomart",14,92.0,252,344.0,770.0,134.0,692.3,1462.3,2
Thu_01119,Thursday,"Four Square Ellerslie,New World Metro Queen St,New World Point Chevalier",15,74.0,270,344.0,770.0,134.0,692.47,1462.47,3
Thu_01120,Thursday,"Four Square Pakuranga Heights,Four Square Torbay,Four Square Eden Terrace",11,146.0,198,344.0,770.0,134.0,692.52,1462.52,3
Thu_01121,Thursday,"Four Square Onehunga,New World Howick,Four Square Eden Terrace",14,92.1,252,344.1,770.0,134.1,692.76,1462.76,3
Thu_01122,Thursday,"New World Newmarket,Four Square Remuera,Four Square Botany Junction",14,92.2,252,344.2,770.0,134.2,693.12,1463.12,3
Thu_01123,Thursday,"Four Square Hobsonville,New World Metro Shore City,Four Square Remuera,Four Square Onehunga",13,110.2,234,344.2,770.0,134.2,693.17,1463.17,4
Thu_01124,Thursday,"Four Square Remuera,New World Metro Queen St,New World Point Chevalier",15,74.2,270,344.2,770.0,134.2,693.19,1463.19,3
Thu_01125,Thursday,"Four Square Ellerslie,Four Square Pakuranga Heights,New World Papatoetoe",14,92.2,252,344.2,770.0,134.2,693.33,1463.33,3
Thu_01126,Thursday,"New World Papatoetoe,Four Square Botany Junction,Four Square Remuera",14,92.2,252,344.2,770.0,134.2,693.37,1463.37,3
Thu_01127,Thursday,"Four Square Pakuranga Heights,Four Square Ellerslie,Four Square Torbay",11,146.2,198,344.2,770.0,134.2,693.43,1463.43,3
Thu_01128,Thursday,"Four Square Glen Eden,Four Square Fair Price Henderson,New World Point Chevalier",15,74.2,270,344.2,770.0,134.2,693.58,1463.58,3
Thu_01129,Thursday,"Four Square Remuera,Four Square St Heliers,Four Square Glen Eden",13,110.3,234,344.3,770.0,134.3,693.74,1463.74,3
Thu_01130,Thursday,"Four Square Cockle Bay,Four Square Ellerslie,Four Square Glen Eden",12,128.4,216,344.4,770.0,134.4,694.17,1464.17,3
Thu_01131,Thursday,"Four Square Hobsonville,Four Square Torbay,Four Square Ellerslie",12,128.4,216,344.4,770.0,134.4,694.2,1464.2,3
Thu_01132,Thursday,"Four Square Botany Junction,Four Square St Heliers,Four Square Hobsonville",11,146.4,198,344.4,770.0,134.4,694.27,1464.27,3
Thu_01133,Thursday,"Four Square Remuera,Pak 'n Save Sylvia Park",15,74.5,270,344.5,770.0,134.5,694.86,1464.86,2
Thu_01134,Thursday,"Four Square Onehunga,Four Square Britomart,New World Milford",14,92.5,252,344.5,770.0,134.5,694.88,1464.88,3
Thu_01135,Thursday,"Four Square Hobsonville,Four Square Torbay,Four Square Remuera",12,128.5,216,344.5,770.0,134.5,694.92,1464.92,3
Thu_01136,Thursday,"Four Square Lancaster,Four Square Torbay,Four Square Britomart",12,128.5,216,344.5,770.0,134.5,694.94,1464.94,3
Thu_01137,Thursday,"Four Square Torbay,New World Albany",13,110.6,234,344.6,770.0,134.6,695.22,1465.22,2
Thu_01138,Thursday,"Four Square Onehunga,Four Square Botany Junction,Four Square Britomart,New World Metro Shore City",12,128.6,216,344.6,770.0,134.6,695.34,1465.34,4
Thu_01139,Thursday,"Four Square Pakuranga Heights,New World Howick,Four Square Botany Junction",14,92.6,252,344.6,770.0,134.6,695.37,1465.37,3
Thu_01140,Thursday,"Four Square Onehunga,Four Square Botany Junction,New World Metro Queen St,Four Square Fair Price Henderson",12,128.6,216,344.6,770.0,134.6,695.53,1465.53,4
Thu_01141,Thursday,"Four Square Lancaster,Four Square Torbay,Four Square Eden Terrace",12,128.7,216,344.7,770.0,134.7,695.78,1465.78,3
Thu_01142,Thursday,"Four Square Onehunga,Four Square Ellerslie,Four Square Cockle Bay,New World Metro Queen St",13,110.8,234,344.8,770.0,134.8,696.44,1466.44,4
Thu_01143,Thursday,"New World Papatoetoe,Four Square Botany Junction,New World Metro Queen St",14,93.0,252,345.0,770.0,135.0,697.26,1467.26,3
Thu_01144,Thursday,"Four Square Onehunga,Four Square St Heliers,Four Square Britomart,New World Metro Shore City",13,111.0,234,345.0,770.0,135.0,697.59,1467.59,4
Thu_01145,Thursday,"Four Square Onehunga,Four Square Remuera,Four Square Lancaster,New World Metro Shore City",13,111.1,234,345.1,770.0,135.1,697.82,1467.82,4
Thu_01146,Thursday,"Four Square Onehunga,New World Browns Bay,New World Metro Shore City",13,111.1,234,345.1,770.0,135.1,697.83,1467.83,3
Thu_01147,Thursday,"Four Square Onehunga,Four Square Lancaster,New World Metro Shore City,Four Square Eden Terrace",13,111.1,234,345.1,770.0,135.1,698.22,1468.22,4
Thu_01148,Thursday,"Four Square Ellerslie,Four Square St Heliers,Four Square Glen Eden",13,111.1,234,345.1,770.0,135.1,698.24,1468.24,3
Thu_01149,Thursday,"New World Metro Shore City,Four Square Remuera,Four Square Botany Junction,Four Square Onehunga",12,129.2,216,345.2,770.0,135.2,698.35,1468.35,4
Thu_01150,Thursday,"Four Square Pakuranga Heights,New World Newmarket,New World Metro Shore City",13,111.2,234,345.2,770.0,135.2,698.36,1468.36,3
Thu_01151,Thursday,"Four Square Cockle Bay,Four Square Lancaster,Four Square Eden Terrace",11,147.3,198,345.3,770.0,135.3,698.91,1468.91,3
Thu_01152,Thursday,"New World Metro Shore City,New World Newmarket,Four Square Ellerslie",14,93.3,252,345.3,770.0,135.3,699.01,1469.01,3
Thu_01153,Thursday,"Four Square Britomart,Four Square Ellerslie,New World Point Chevalier",15,75.4,270,345.4,770.0,135.4,699.72,1469.72,3
Thu_01154,Thursday,"New World Metro Shore City,New World Newmarket,Four Square Remuera",14,93.4,252,345.4,770.0,135.4,699.73,1469.73,3
Thu_01155,Thursday,"Four Square Onehunga,Four Square Remuera,Pak 'n Save Manukau",15,75.4,270,345.4,770.0,135.4,699.76,1469.76,3
Thu_01156,Thursday,"Four Square Britomart,Four Square Remuera,New World Point Chevalier",15,75.6,270,345.6,770.0,135.6,700.44,1470.44,3
Thu_01157,Thursday,"Four Square Onehunga,Four Square Cockle Bay,Four Square Eden Terrace,Four Square Fair Price Henderson",12,129.6,216,345.6,770.0,135.6,700.56,1470.56,4
Thu_01158,Thursday,"New World Metro Queen St,Four Square Torbay,Four Square Ellerslie",12,129.6,216,345.6,770.0,135.6,700.58,1470.58,3
Thu_01159,Thursday,"Four Square Glen Eden,Four Square Fair Price Henderson,Four Square Ellerslie,Four Square Onehunga",14,93.6,252,345.6,770.0,135.6,700.68,1470.68,4
Thu_01160,Thursday,"Four Square Cockle Bay,Four Square Remuera,Four Square Lancaster",11,147.7,198,345.7,770.0,135.7,700.94,1470.94,3
Thu_01161,Thursday,"Four Square Hobsonville,Four Square Eden Terrace,Four Square Ellerslie,Four Square Onehunga",14,93.7,252,345.7,770.0,135.7,701.03,1471.03,4
Thu_01162,Thursday,"Four Square Onehunga,Four Square Remuera,New World Milford",14,93.7,252,345.7,770.0,135.7,701.12,1471.12,3
Thu_01163,Thursday,"Four Square Glen Eden,Four Square Fair Price Henderson,Four Square Torbay",12,129.7,216,345.7,770.0,135.7,701.24,1471.24,3
Thu_01164,Thursday,"New World Metro Queen St,Four Square Torbay,Four Square Remuera",12,129.7,216,345.7,770.0,135.7,701.3,1471.3,3
Thu_01165,Thursday,"New World Papatoetoe,Four Square Ellerslie,Four Square Remuera",15,75.8,270,345.8,770.0,135.8,701.66,1471.66,3
Thu_01166,Thursday,"New World Howick,Four Square Remuera,Four Square Onehunga",14,93.8,252,345.8,770.0,135.8,701.67,1471.67,3
Thu_01167,Thursday,"New World Papatoetoe,Four Square Ellerslie,Four Square Eden Terrace",15,75.8,270,345.8,770.0,135.8,701.74,1471.74,3
Thu_01168,Thursday,"Four Square Fair Price Henderson,Pak 'n Save Wairau Road",14,93.8,252,345.8,770.0,135.8,701.85,1471.85,2
Thu_01169,Thursday,"Four Square Pakuranga Heights,New World Metro Shore City,New World Point Chevalier",13,111.9,234,345.9,770.0,135.9,701.96,1471.96,3
Thu_01170,Thursday,"Four Square Onehunga,Four Square Botany Junction,New World Metro Shore City,Four Square Eden Terrace",12,129.9,216,345.9,770.0,135.9,701.98,1471.98,4
Thu_01171,Thursday,"Four Square Torbay,Four Square Cockle Bay,Four Square Botany Junction",10,165.9,180,345.9,770.0,135.9,702.07,1472.07,3
Thu_01172,Thursday,"Four Square Onehunga,Four Square Cockle Bay,Four Square Britomart,Four Square Eden Terrace",13,111.9,234,345.9,770.0,135.9,702.09,1472.09,4
Thu_01173,Thursday,"Four Square Onehunga,New World Birkenhead,New World Metro Shore City",14,93.9,252,345.9,770.0,135.9,702.25,1472.25,3
Thu_01174,Thursday,"New World Southmall,Four Square Botany Junction,Four Square Eden Terrace",14,94.0,252,346.0,770.0,136.0,702.72,1472.72,3
Thu_01175,Thursday,"Four Square Onehunga,Four Square St Heliers,New World Metro Queen St,New World Metro Shore City",13,112.0,234,346.0,770.0,136.0,702.72,1472.72,4
Thu_01176,Thursday,"Four Square Britomart,Four Square Torbay,Four Square Ellerslie",12,130.1,216,346.1,770.0,136.1,703.32,1473.32,3
Thu_01177,Thursday,"Four Square Onehunga,Four Square Eden Terrace,New World Metro Shore City,Four Square Hobsonville",13,112.2,234,346.2,770.0,136.2,703.48,1473.48,4
Thu_01178,Thursday,"Four Square Fair Price Henderson,New World Hobsonville,Four Square Hobsonville",15,76.2,270,346.2,770.0,136.2,703.57,1473.57,3
Thu_01179,Thursday,"New World Metro Queen St,New World Newmarket,Four Square Botany Junction",14,94.2,252,346.2,770.0,136.2,703.78,1473.78,3
Thu_01180,Thursday,"Four Square Fair Price Henderson,Four Square Britomart,Four Square Botany Junction,Four Square Onehunga",12,130.2,216,346.2,770.0,136.2,703.86,1473.86,4
Thu_01181,Thursday,"Four Square Britomart,Four Square Ellerslie,Four Square Cockle Bay,Four Square Onehunga",13,112.2,234,346.2,770.0,136.2,703.91,1473.91,4
Thu_01182,Thursday,"Four Square Britomart,Four Square Torbay,Four Square Remuera",12,130.3,216,346.3,770.0,136.3,704.04,1474.04,3
Thu_01183,Thursday,"Four Square Onehunga,Four Square Ellerslie,Four Square Remuera,Four Square Hobsonville",14,94.3,252,346.3,770.0,136.3,704.07,1474.07,4
Thu_01184,Thursday,"New World Remuera,Four Square Pakuranga Heights,Four Square Botany Junction",14,94.3,252,346.3,770.0,136.3,704.28,1474.28,3
Thu_01185,Thursday,"Pak 'n Save Sylvia Park,New World Metro Queen St",15,76.3,270,346.3,770.0,136.3,704.38,1474.38,2
Thu_01186,Thursday,"Four Square Britomart,Four Square St Heliers,Four Square Glen Eden",13,112.4,234,346.4,770.0,136.4,704.75,1474.75,3
Thu_01187,Thursday,"Four Square Onehunga,Four Square Fair Price Henderson,Pak 'n Save Henderson",15,76.4,270,346.4,770.0,136.4,704.83,1474.83,3
Thu_01188,Thursday,"Four Square Fair Price Henderson,Four Square Lancaster,Four Square St Heliers",11,148.5,198,346.5,770.0,136.5,705.27,1475.27,3
Thu_01189,Thursday,"Four Square Fair Price Henderson,Four Square Ellerslie,Four Square Cockle Bay,Four Square Onehunga",12,130.8,216,346.8,770.0,136.8,706.58,1476.58,4
Thu_01190,Thursday,"Four Square Torbay,Four Square Ellerslie,Four Square Botany Junction",11,148.8,198,346.8,770.0,136.8,706.62,1476.62,3
Thu_01191,Thursday,"New World Papatoetoe,Four Square Botany Junction,Four Square Britomart",14,94.8,252,346.8,770.0,136.8,706.81,1476.81,3
Thu_01192,Thursday,"Pak 'n Save Albany,Four Square Onehunga",14,94.8,252,346.8,770.0,136.8,706.89,1476.89,2
Thu_01193,Thursday,"Four Square Onehunga,Four Square St Heliers,Four Square Britomart,Four Square Fair Price Henderson",13,112.9,234,346.9,770.0,136.9,707.33,1477.33,4
Thu_01194,Thursday,"Pak 'n Save Highland Park,Four Square Pakuranga Heights,Four Square Onehunga",15,77.0,270,347.0,770.0,137.0,707.62,1477.62,3
Thu_01195,Thursday,"Four Square Hobsonville,New World Metro Shore City,Four Square Pakuranga Heights,Four Square Onehunga",12,131.1,216,347.1,770.0,137.1,708.27,1478.27,4
Thu_01196,Thursday,"Four Square Onehunga,Four Square St Heliers,Four Square Remuera,New World Metro Shore City",13,113.1,234,347.1,770.0,137.1,708.38,1478.38,4
Thu_01197,Thursday,"Four Square Botany Junction,Pak 'n Save Papakura",14,95.2,252,347.2,770.0,137.2,708.83,1478.83,2
Thu_01198,Thursday,"Four Square Onehunga,Four Square St Heliers,New World Metro Queen St,Four Square Fair Price Henderson",13,113.2,234,347.2,770.0,137.2,709.08,1479.08,4
Thu_01199,Thursday,"New World Metro Queen St,Four Square St Heliers,Four Square Glen Eden",13,113.3,234,347.3,770.0,137.3,709.19,1479.19,3
Thu_01200,Thursday,"New World Mt Roskill,Four Square Cockle Bay,Four Square Pakuranga Heights",14,95.3,252,347.3,770.0,137.3,709.49,1479.49,3
Thu_01201,Thursday,"Four Square Onehunga,Four Square Ellerslie,Four Square St Heliers,New World Metro Shore City",13,113.4,234,347.4,770.0,137.4,709.87,1479.87,4
Thu_01202,Thursday,"Four Square Britomart,New World Newmarket,Four Square Botany Junction",14,95.4,252,347.4,770.0,137.4,709.89,1479.89,3
Thu_01203,Thursday,"Four Square Pakuranga Heights,Four Square Remuera,Four Square Torbay",11,149.4,198,347.4,770.0,137.4,710.0,1480.0,3
Thu_01204,Thursday,"Four Square Cockle Bay,New World Howick,Four Square Pakuranga Heights",14,95.4,252,347.4,770.0,137.4,710.03,1480.03,3
Thu_01205,Thursday,"Four Square Remuera,Four Square Pakuranga Heights,Four Square Cockle Bay,Four Square Botany Junction",13,113.5,234,347.5,770.0,137.5,710.28,1480.28,4
Thu_01206,Thursday,"Four Square Cockle Bay,Four Square Remuera,Four Square Glen Eden",12,131.6,216,347.6,770.0,137.6,710.74,1480.74,3
Thu_01207,Thursday,"Four Square Cockle Bay,Four Square St Heliers,Four Square Ellerslie,Four Square Onehunga",13,113.6,234,347.6,770.0,137.6,710.98,1480.98,4
Thu_01208,Thursday,"Pak 'n Save Manukau,Four Square Cockle Bay,Four Square Onehunga",14,95.6,252,347.6,770.0,137.6,711.01,1481.01,3
Thu_01209,Thursday,"Four Square Fair Price Henderson,New World Metro Shore City,Four Square Botany Junction,Four Square Onehunga",11,149.6,198,347.6,770.0,137.6,711.01,1481.01,4
Thu_01210,Thursday,"Four Square Botany Junction,Four Square Remuera,New World Point Chevalier",14,95.6,252,347.6,770.0,137.6,711.05,1481.05,3
Thu_01211,Thursday,"Four Square Onehunga,Four Square St Heliers,Four Square Eden Terrace,Four Square Fair Price Henderson",13,113.6,234,347.6,770.0,137.6,711.05,1481.05,4
Thu_01212,Thursday,"Four Square Lancaster,Four Square St Heliers,Four Square Eden Terrace",12,131.6,216,347.6,770.0,137.6,711.06,1481.06,3
Thu_01213,Thursday,"New World Metro Shore City,Pak 'n Save Glen Innes",13,113.7,234,347.7,770.0,137.7,711.23,1481.23,2
Thu_01214,Thursday,"New World Papatoetoe,Four Square Botany Junction,Four Square Fair Price Henderson",13,113.7,234,347.7,770.0,137.7,711.46,1481.46,3
Thu_01215,Thursday,"New World Metro Shore City,Four Square St Heliers,Four Square Pakuranga Heights,Four Square Onehunga",12,131.7,216,347.7,770.0,137.7,711.52,1481.52,4
Thu_01216,Thursday,"Four Square Britomart,Pak 'n Save Sylvia Park",15,77.7,270,347.7,770.0,137.7,711.62,1481.62,2
Thu_01217,Thursday,"New World Papatoetoe,Four Square Pakuranga Heights,Four Square Remuera",14,95.8,252,347.8,770.0,137.8,711.98,1481.98,3
Thu_01218,Thursday,"Four Square Onehunga,Four Square Pakuranga Heights,Four Square Lancaster,New World Metro Shore City",12,131.9,216,347.9,770.0,137.9,712.34,1482.34,4
Thu_01219,Thursday,"Four Square Cockle Bay,Four Square Torbay,New World Metro Shore City",10,168.0,180,348.0,770.0,138.0,712.9,1482.9,3
Thu_01220,Thursday,"Four Square Cockle Bay,Four Square St Heliers,Four Square Remuera,Four Square Onehunga",13,114.1,234,348.1,770.0,138.1,713.29,1483.29,4
Thu_01221,Thursday,"Four Square Onehunga,Four Square Remuera,Four Square Eden Terrace,Four Square Hobsonville",14,96.1,252,348.1,770.0,138.1,713.36,1483.36,4
Thu_01222,Thursday,"New World Metro Shore City,Four Square Ellerslie,New World Point Chevalier",14,96.1,252,348.1,770.0,138.1,713.65,1483.65,3
Thu_01223,Thursday,"Four Square Cockle Bay,New World Ormiston,Four Square Botany Junction",14,96.2,252,348.2,770.0,138.2,714.12,1484.12,3
Thu_01224,Thursday,"New World Metro Shore City,Four Square Remuera,New World Point Chevalier",14,96.3,252,348.3,770.0,138.3,714.37,1484.37,3
Thu_01225,Thursday,"Four Square Onehunga,Four Square St Heliers,New World Eastridge",15,78.3,270,348.3,770.0,138.3,714.63,1484.63,3
Thu_01226,Thursday,"Four Square Hobsonville,New World Devonport",13,114.3,234,348.3,770.0,138.3,714.67,1484.67,2
Thu_01227,Thursday,"Four Square Onehunga,Four Square Pakuranga Heights,Four Square Botany Junction,Four Square Hobsonville",12,132.4,216,348.4,770.0,138.4,714.92,1484.92,4
Thu_01228,Thursday,"Four Square Lancaster,New World Remuera,Four Square Onehunga",14,96.4,252,348.4,770.0,138.4,714.93,1484.93,3
Thu_01229,Thursday,"Four Square Onehunga,New World Metro Queen St,Four Square Britomart,Four Square Hobsonville",14,96.4,252,348.4,770.0,138.4,715.3,1485.3,4
Thu_01230,Thursday,"Four Square Onehunga,Four Square Pakuranga Heights,New World Milford",13,114.5,234,348.5,770.0,138.5,715.64,1485.64,3
Thu_01231,Thursday,"New World Stonefields,Four Square Pakuranga Heights,Four Square Botany Junction",14,96.5,252,348.5,770.0,138.5,715.69,1485.69,3
Thu_01232,Thursday,"New World Papatoetoe,Four Square Pakuranga Heights,New World Metro Queen St",14,96.6,252,348.6,770.0,138.6,715.86,1485.86,3
Thu_01233,Thursday,"Four Square Ellerslie,Four Square Botany Junction,New World Southmall",14,96.7,252,348.7,770.0,138.7,716.51,1486.51,3
Thu_01234,Thursday,"Four Square Eden Terrace,Four Square Ellerslie,Four Square Pakuranga Heights,Four Square Botany Junction",14,96.8,252,348.8,770.0,138.8,717.2,1487.2,4
Thu_01235,Thursday,"Four Square Pakuranga Heights,Four Square St Heliers,New World Newmarket",14,96.9,252,348.9,770.0,138.9,717.46,1487.46,3
Thu_01236,Thursday,"New World Papatoetoe,New World Metro Queen St,Four Square Britomart",15,78.9,270,348.9,770.0,138.9,717.82,1487.82,3
Thu_01237,Thursday,"Four Square Botany Junction,Four Square Cockle Bay,Four Square Pakuranga Heights,New World Metro Queen St",13,114.9,234,348.9,770.0,138.9,717.87,1487.87,4
Thu_01238,Thursday,"New World Mt Roskill,Four Square Ellerslie,Four Square Remuera",16,61.0,288,349.0,770.0,139.0,718.01,1488.01,3
Thu_01239,Thursday,"New World Papatoetoe,Four Square Remuera,Four Square Eden Terrace",15,79.0,270,349.0,770.0,139.0,718.31,1488.31,3
Thu_01240,Thursday,"Four Square Glen Eden,Four Square Torbay,New World Metro Shore City",12,133.1,216,349.1,770.0,139.1,718.47,1488.47,3
Thu_01241,Thursday,"Four Square Torbay,New World Newmarket,Four Square Onehunga",13,115.1,234,349.1,770.0,139.1,718.72,1488.72,3
Thu_01242,Thursday,"Four Square Onehunga,Four Square Remuera,Four Square Fair Price Henderson,Four Square Glen Eden",14,97.1,252,349.1,770.0,139.1,718.79,1488.79,4
Thu_01243,Thursday,"Four Square Hobsonville,Four Square Torbay,Four Square Botany Junction",11,151.2,198,349.2,770.0,139.2,719.01,1489.01,3
Thu_01244,Thursday,"Four Square Onehunga,Four Square Cockle Bay,Four Square Remuera,New World Metro Queen St",13,115.3,234,349.3,770.0,139.3,719.77,1489.77,4
Thu_01245,Thursday,"Four Square Fair Price Henderson,Four Square Hobsonville,New World Newmarket",14,97.3,252,349.3,770.0,139.3,719.82,1489.82,3
Thu_01246,Thursday,"Four Square Onehunga,New World Metro Queen St,Four Square Eden Terrace,Four Square Hobsonville",14,97.4,252,349.4,770.0,139.4,720.21,1490.21,4
Thu_01247,Thursday,"Four Square Cockle Bay,Four Square St Heliers,Four Square Hobsonville",11,151.5,198,349.5,770.0,139.5,720.54,1490.54,3
Thu_01248,Thursday,"Four Square Onehunga,New World Eastridge,Four Square Fair Price Henderson",14,97.8,252,349.8,770.0,139.8,722.38,1492.38,3
Thu_01249,Thursday,"Pak 'n Save Wairau Road,New World Metro Queen St",15,79.9,270,349.9,770.0,139.9,722.65,1492.65,2
Thu_01250,Thursday,"Four Square Pakuranga Heights,Pak 'n Save Clendon",14,97.9,252,349.9,770.0,139.9,722.72,1492.72,2
Thu_01251,Thursday,"New World Papatoetoe,New World Metro Queen St,Four Square Eden Terrace",15,79.9,270,349.9,770.0,139.9,722.73,1492.73,3
Thu_01252,Thursday,"Four Square Cockle Bay,Pak 'n Save Sylvia Park",14,97.9,252,349.9,770.0,139.9,722.98,1492.98,2
Thu_01253,Thursday,"Four Square Onehunga,Four Square Ellerslie,Four Square Cockle Bay,New World Metro Shore City",12,133.9,216,349.9,770.0,139.9,723.01,1493.01,4
Thu_01254,Thursday,"Four Square Hobsonville,New World Metro Shore City,New World Point Chevalier",14,98.0,252,350.0,770.0,140.0,723.12,1493.12,3
Thu_01255,Thursday,"Four Square Fair Price Henderson,New World Browns Bay,Four Square Onehunga",13,116.0,234,350.0,770.0,140.0,723.33,1493.33,3
Thu_01256,Thursday,"New World Metro Shore City,New World Newmarket,Four Square Botany Junction",13,116.1,234,350.1,770.0,140.1,723.82,1493.82,3
Thu_01257,Thursday,"New World Papatoetoe,Four Square Botany Junction,New World Metro Shore City",13,116.1,234,350.1,770.0,140.1,723.83,1493.83,3
Thu_01258,Thursday,"New World Remuera,Four Square Remuera,Four Square Eden Terrace",16,62.1,288,350.1,770.0,140.1,723.94,1493.94,3
Thu_01259,Thursday,"Four Square Pakuranga Heights,New World Botany,Four Square Botany Junction",15,80.1,270,350.1,770.0,140.1,723.98,1493.98,3
Thu_01260,Thursday,"Four Square Onehunga,New World Metro Queen St,Four Square Fair Price Henderson,Four Square Glen Eden",14,98.3,252,350.3,770.0,140.3,725.11,1495.11,4
Thu_01261,Thursday,"Four Square Lancaster,New World Devonport",13,116.4,234,350.4,770.0,140.4,725.24,1495.24,2
Thu_01262,Thursday,"New World Metro Queen St,Four Square Torbay,Four Square Botany Junction",11,152.4,198,350.4,770.0,140.4,725.39,1495.39,3
Thu_01263,Thursday,"New World Papatoetoe,Four Square Pakuranga Heights,Four Square Britomart",14,98.4,252,350.4,770.0,140.4,725.42,1495.42,3
Thu_01264,Thursday,"New World Metro Shore City,Pak 'n Save Sylvia Park",14,98.4,252,350.4,770.0,140.4,725.55,1495.55,2
Thu_01265,Thursday,"Four Square Pakuranga Heights,Four Square St Heliers,New World Point Chevalier",14,98.5,252,350.5,770.0,140.5,725.8,1495.8,3
Thu_01266,Thursday,"Four Square Remuera,Four Square Ellerslie,Four Square Pakuranga Heights,Four Square Botany Junction",14,98.5,252,350.5,770.0,140.5,726.09,1496.09,4
Thu_01267,Thursday,"Four Square Britomart,Four Square Pakuranga Heights,Four Square Cockle Bay,Four Square Botany Junction",13,116.7,234,350.7,770.0,140.7,727.05,1497.05,4
Thu_01268,Thursday,"Four Square Onehunga,New World Metro Queen St,Four Square Britomart,Four Square Lancaster",14,98.7,252,350.7,770.0,140.7,727.1,1497.1,4
Thu_01269,Thursday,"Four Square Cockle Bay,Four Square Lancaster,Four Square Hobsonville",11,152.8,198,350.8,770.0,140.8,727.32,1497.32,3
Thu_01270,Thursday,"Four Square Britomart,Pak 'n Save Wairau Road",15,80.9,270,350.9,770.0,140.9,727.83,1497.83,2
Thu_01271,Thursday,"Four Square Onehunga,Four Square Pakuranga Heights,Four Square Eden Terrace,Four Square Hobsonville",13,116.9,234,350.9,770.0,140.9,727.88,1497.88,4
Thu_01272,Thursday,"Four Square Britomart,Four Square Torbay,Four Square Botany Junction",11,152.9,198,350.9,770.0,140.9,728.13,1498.13,3
Thu_01273,Thursday,"Four Square Pakuranga Heights,Four Square Botany Junction,New World New Lynn",14,99.1,252,351.1,770.0,141.1,728.81,1498.81,3
Thu_01274,Thursday,"Four Square Onehunga,Four Square Cockle Bay,Four Square Remuera,Four Square Britomart",13,117.2,234,351.2,770.0,141.2,729.32,1499.32,4
Thu_01275,Thursday,"Four Square Fair Price Henderson,Four Square Pakuranga Heights,Four Square Cockle Bay,Four Square Botany Junction",12,135.2,216,351.2,770.0,141.2,729.72,1499.72,4
Thu_01276,Thursday,"Four Square Onehunga,New World Howick,New World Metro Queen St",14,99.3,252,351.3,770.0,141.3,730.05,1500.05,3
Thu_01277,Thursday,"New World Papatoetoe,Four Square Pakuranga Heights,Four Square Fair Price Henderson",13,117.3,234,351.3,770.0,141.3,730.07,1500.07,3
Thu_01278,Thursday,"Four Square Onehunga,Pak 'n Save Ormiston,Four Square Botany Junction",15,81.3,270,351.3,770.0,141.3,730.12,1500.12,3
Thu_01279,Thursday,"Four Square Lancaster,New World Metro Shore City,New World Point Chevalier",14,99.3,252,351.3,770.0,141.3,730.2,1500.2,3
Thu_01280,Thursday,"Four Square Pakuranga Heights,Pak 'n Save Botany,Four Square Botany Junction",15,81.5,270,351.5,770.0,141.5,730.84,1500.84,3
Thu_01281,Thursday,"Four Square Onehunga,Four Square Pakuranga Heights,Four Square Botany Junction,Four Square Glen Eden",13,117.6,234,351.6,770.0,141.6,731.43,1501.43,4
Thu_01282,Thursday,"Four Square Onehunga,Four Square Cockle Bay,New World Metro Queen St,New World Metro Shore City",12,135.6,216,351.6,770.0,141.6,731.49,1501.49,4
Thu_01283,Thursday,"Four Square Pakuranga Heights,Four Square Cockle Bay,New World Ormiston",14,99.6,252,351.6,770.0,141.6,731.54,1501.54,3
Thu_01284,Thursday,"Four Square Pakuranga Heights,Four Square Botany Junction,Pak 'n Save Manukau",15,81.7,270,351.7,770.0,141.7,732.14,1502.14,3
Thu_01285,Thursday,"Pak 'n Save Highland Park,Four Square St Heliers",14,99.8,252,351.8,770.0,141.8,732.38,1502.38,2
Thu_01286,Thursday,"Four Square Fair Price Henderson,Four Square Remuera,Four Square Cockle Bay,Four Square Onehunga",12,135.8,216,351.8,770.0,141.8,732.46,1502.46,4
Thu_01287,Thursday,"Four Square Torbay,Four Square Remuera,Four Square Botany Junction",11,153.8,198,351.8,770.0,141.8,732.49,1502.49,3
Thu_01288,Thursday,"Four Square Ellerslie,Four Square Remuera,New World Remuera",16,63.8,288,351.8,770.0,141.8,732.51,1502.51,3
Thu_01289,Thursday,"Four Square Onehunga,Four Square Pakuranga Heights,Four Square Fair Price Henderson,Four Square Glen Eden",13,117.9,234,351.9,770.0,141.9,733.31,1503.31,4
Thu_01290,Thursday,"Four Square Fair Price Henderson,Four Square Torbay,New World Metro Shore City,Four Square Onehunga",12,136.0,216,352.0,770.0,142.0,733.6,1503.6,4
Thu_01291,Thursday,"Four Square Hobsonville,Four Square Ellerslie,Four Square Pakuranga Heights,Four Square Onehunga",13,118.0,234,352.0,770.0,142.0,733.9,1503.9,4
Thu_01292,Thursday,"Four Square Lancaster,Four Square Hobsonville,Four Square Glen Eden",13,118.1,234,352.1,770.0,142.1,733.94,1503.94,3
Thu_01293,Thursday,"New World Southmall,Four Square Pakuranga Heights,Four Square Eden Terrace",14,100.1,252,352.1,770.0,142.1,734.08,1504.08,3
Thu_01294,Thursday,"Four Square Onehunga,New World Eastridge,Four Square Botany Junction",14,100.1,252,352.1,770.0,142.1,734.36,1504.36,3
Thu_01295,Thursday,"Four Square Onehunga,New World Long Bay,New World Metro Shore City",13,118.1,234,352.1,770.0,142.1,734.38,1504.38,3
Thu_01296,Thursday,"Four Square Onehunga,Four Square Britomart,Four Square Fair Price Henderson,Four Square Glen Eden",14,100.2,252,352.2,770.0,142.2,734.66,1504.66,4
Thu_01297,Thursday,"Four Square Hobsonville,New World Metro Queen St,Four Square Ellerslie,Four Square Onehunga",14,100.2,252,352.2,770.0,142.2,734.73,1504.73,4
Thu_01298,Thursday,"Four Square Onehunga,New World Milford,Four Square Hobsonville",14,100.3,252,352.3,770.0,142.3,735.22,1505.22,3
Thu_01299,Thursday,"Four Square Onehunga,Four Square Britomart,Four Square Eden Terrace,Four Square Hobsonville",14,100.3,252,352.3,770.0,142.3,735.4,1505.4,4
Thu_01300,Thursday,"Four Square Fair Price Henderson,New World Milford,New World Metro Shore City",14,100.4,252,352.4,770.0,142.4,735.95,1505.95,3
Thu_01301,Thursday,"New World Southmall,Four Square Botany Junction,Four Square Remuera",14,100.5,252,352.5,770.0,142.5,736.13,1506.13,3
Thu_01302,Thursday,"Four Square Onehunga,Four Square Cockle Bay,Four Square Pakuranga Heights,Four Square Hobsonville",12,136.5,216,352.5,770.0,142.5,736.36,1506.36,4
Thu_01303,Thursday,"Four Square Pakuranga Heights,New World Stonefields,Four Square Remuera",15,82.7,270,352.7,770.0,142.7,737.19,1507.19,3
Thu_01304,Thursday,"Four Square Onehunga,Four Square Cockle Bay,Four Square Britomart,New World Metro Shore City",12,136.8,216,352.8,770.0,142.8,737.66,1507.66,4
Thu_01305,Thursday,"Four Square Onehunga,Four Square Cockle Bay,New World Metro Queen St,Four Square Fair Price Henderson",12,136.8,216,352.8,770.0,142.8,737.85,1507.85,4
Thu_01306,Thursday,"Four Square Onehunga,Four Square Ellerslie,Four Square Remuera,Four Square Lancaster",14,100.8,252,352.8,770.0,142.8,737.98,1507.98,4
Thu_01307,Thursday,"Four Square Pakuranga Heights,Four Square Botany Junction,New World Green Bay",14,100.9,252,352.9,770.0,142.9,738.52,1508.52,3
Thu_01308,Thursday,"Four Square Lancaster,Four Square St Heliers,Four Square Botany Junction",11,154.9,198,352.9,770.0,142.9,738.57,1508.57,3
Thu_01309,Thursday,"New World Papatoetoe,Four Square Ellerslie,New World Metro Queen St",15,83.0,270,353.0,770.0,143.0,739.03,1509.03,3
Thu_01310,Thursday,"Four Square Hobsonville,New World Metro Shore City,New World Newmarket",14,101.0,252,353.0,770.0,143.0,739.04,1509.04,3
Thu_01311,Thursday,"Four Square Onehunga,Four Square Eden Terrace,New World Metro Queen St,Four Square Lancaster",14,101.1,252,353.1,770.0,143.1,739.36,1509.36,4
Thu_01312,Thursday,"Four Square Onehunga,New World Howick,Four Square Britomart",14,101.1,252,353.1,770.0,143.1,739.6,1509.6,3
Thu_01313,Thursday,"Four Square Cockle Bay,New World Newmarket,Four Square Eden Terrace",14,101.2,252,353.2,770.0,143.2,739.83,1509.83,3
Thu_01314,Thursday,"New World Southmall,Four Square Botany Junction,New World Metro Queen St",14,101.2,252,353.2,770.0,143.2,740.01,1510.01,3
Thu_01315,Thursday,"Four Square Britomart,New World Metro Queen St,New World New Lynn",16,65.2,288,353.2,770.0,143.2,740.06,1510.06,3
Thu_01316,Thursday,"Four Square Fair Price Henderson,Four Square Lancaster,Four Square Ellerslie,Four Square Onehunga",13,119.3,234,353.3,770.0,143.3,740.16,1510.16,4
Thu_01317,Thursday,"New World Metro Shore City,Four Square Britomart,New World Metro Queen St,Four Square Eden Terrace",15,83.3,270,353.3,770.0,143.3,740.22,1510.22,4
Thu_01318,Thursday,"New World Birkenhead,Four Square Torbay",13,119.3,234,353.3,770.0,143.3,740.24,1510.24,2
Thu_01319,Thursday,"Four Square Onehunga,New World Metro Shore City,Four Square Lancaster,Four Square Hobsonville",13,119.3,234,353.3,770.0,143.3,740.38,1510.38,4
Thu_01320,Thursday,"Four Square Hobsonville,Four Square Britomart,Four Square Ellerslie,Four Square Onehunga",14,101.4,252,353.4,770.0,143.4,740.85,1510.85,4
Thu_01321,Thursday,"New World Metro Shore City,Four Square Pakuranga Heights,Four Square Cockle Bay,Four Square Botany Junction",12,137.4,216,353.4,770.0,143.4,740.98,1510.98,4
Thu_01322,Thursday,"Four Square Pakuranga Heights,Four Square Ellerslie,New World Remuera",15,83.6,270,353.6,770.0,143.6,741.68,1511.68,3
Thu_01323,Thursday,"Four Square Onehunga,Four Square Lancaster,Four Square Hobsonville,Four Square Fair Price Henderson",13,119.6,234,353.6,770.0,143.6,741.85,1511.85,4
Thu_01324,Thursday,"Four Square Ellerslie,New World Remuera,Four Square Eden Terrace",16,65.6,288,353.6,770.0,143.6,741.93,1511.93,3
Thu_01325,Thursday,"Four Square Britomart,New World Metro Queen St,Four Square Pakuranga Heights,Four Square Botany Junction",14,101.6,252,353.6,770.0,143.6,742.06,1512.06,4
Thu_01326,Thursday,"New World Papatoetoe,Four Square Pakuranga Heights,New World Metro Shore City",13,119.7,234,353.7,770.0,143.7,742.44,1512.44,3
Thu_01327,Thursday,"Four Square Pakuranga Heights,New World Stonefields,Four Square Eden Terrace",15,83.8,270,353.8,770.0,143.8,742.92,1512.92,3
Thu_01328,Thursday,"Four Square Eden Terrace,Four Square Remuera,Four Square Pakuranga Heights,Four Square Botany Junction",14,101.8,252,353.8,770.0,143.8,743.08,1513.08,4
Thu_01329,Thursday,"Four Square Cockle Bay,Four Square Eden Terrace,New World Point Chevalier",14,101.9,252,353.9,770.0,143.9,743.43,1513.43,3
Thu_01330,Thursday,"New World Metro Shore City,Four Square Remuera,Four Square Cockle Bay,Four Square Onehunga",12,137.9,216,353.9,770.0,143.9,743.71,1513.71,4
Thu_01331,Thursday,"Four Square Onehunga,Four Square Cockle Bay,New World Metro Shore City,Four Square Eden Terrace",12,138.1,216,354.1,770.0,144.1,744.31,1514.31,4
Thu_01332,Thursday,"Four Square Onehunga,Four Square Ellerslie,New World Botany",15,84.2,270,354.2,770.0,144.2,745.07,1515.07,3
Thu_01333,Thursday,"New World Newmarket,Four Square Remuera,Four Square St Heliers",15,84.2,270,354.2,770.0,144.2,745.2,1515.2,3
Thu_01334,Thursday,"Four Square Pakuranga Heights,New World Stonefields,Four Square Ellerslie",15,84.3,270,354.3,770.0,144.3,745.43,1515.43,3
Thu_01335,Thursday,"Four Square Fair Price Henderson,Four Square Britomart,New World Metro Queen St,Four Square Eden Terrace",15,84.3,270,354.3,770.0,144.3,745.62,1515.62,4
Thu_01336,Thursday,"New World Metro Shore City,New World Eastridge,Four Square Onehunga",14,102.3,252,354.3,770.0,144.3,745.71,1515.71,3
Thu_01337,Thursday,"Four Square Onehunga,Four Square Lancaster,New World Milford",14,102.4,252,354.4,770.0,144.4,746.01,1516.01,3
Thu_01338,Thursday,"Four Square Onehunga,Four Square Britomart,Four Square St Heliers,Four Square Botany Junction",13,120.4,234,354.4,770.0,144.4,746.09,1516.09,4
Thu_01339,Thursday,"Four Square Lancaster,New World Metro Shore City,New World Newmarket",14,102.4,252,354.4,770.0,144.4,746.12,1516.12,3
Thu_01340,Thursday,"Four Square Pakuranga Heights,New World Remuera,Four Square Eden Terrace",15,84.5,270,354.5,770.0,144.5,746.34,1516.34,3
Thu_01341,Thursday,"Four Square Torbay,New World Metro Shore City,Four Square St Heliers",11,156.5,198,354.5,770.0,144.5,746.67,1516.67,3
Thu_01342,Thursday,"Four Square Britomart,Four Square Ellerslie,New World Papatoetoe",15,84.6,270,354.6,770.0,144.6,746.92,1516.92,3
Thu_01343,Thursday,"Four Square Onehunga,New World Metro Queen St,Four Square St Heliers,Four Square Botany Junction",13,120.6,234,354.6,770.0,144.6,747.09,1517.09,4
Thu_01344,Thursday,"Four Square Glen Eden,Four Square Fair Price Henderson,New World Metro Shore City,Four Square Onehunga",13,120.6,234,354.6,770.0,144.6,747.35,1517.35,4
Thu_01345,Thursday,"Four Square Onehunga,Four Square St Heliers,Four Square Botany Junction,Four Square Eden Terrace",13,120.7,234,354.7,770.0,144.7,747.37,1517.37,4
Thu_01346,Thursday,"Four Square Onehunga,Four Square Cockle Bay,Four Square Britomart,Four Square Fair Price Henderson",12,138.7,216,354.7,770.0,144.7,747.4,1517.4,4
Thu_01347,Thursday,"Four Square Cockle Bay,Four Square Torbay,Four Square Fair Price Henderson",10,174.7,180,354.7,770.0,144.7,747.69,1517.69,3
Thu_01348,Thursday,"Four Square Onehunga,Four Square Ellerslie,Four Square Remuera,Four Square Glen Eden",15,84.7,270,354.7,770.0,144.7,747.78,1517.78,4
Thu_01349,Thursday,"Four Square Onehunga,Four Square Ellerslie,Four Square Eden Terrace,Four Square Glen Eden",15,84.7,270,354.7,770.0,144.7,747.86,1517.86,4
Thu_01350,Thursday,"Four Square Onehunga,Four Square Botany Junction,Four Square Fair Price Henderson,Four Square Hobsonville",12,138.8,216,354.8,770.0,144.8,747.94,1517.94,4
Thu_01351,Thursday,"Four Square Pakuranga Heights,Four Square Remuera,New World Remuera",15,85.0,270,355.0,770.0,145.0,748.91,1518.91,3
Thu_01352,Thursday,"Four Square Onehunga,Four Square Cockle Bay,Four Square St Heliers,Four Square Britomart",13,121.0,234,355.0,770.0,145.0,749.11,1519.11,4
Thu_01353,Thursday,"Four Square Eden Terrace,New World Metro Queen St,Four Square Pakuranga Heights,Four Square Botany Junction",14,103.0,252,355.0,770.0,145.0,749.4,1519.4,4
Thu_01354,Thursday,"Four Square Eden Terrace,New World Newmarket,Four Square St Heliers",15,85.1,270,355.1,770.0,145.1,749.48,1519.48,3
Thu_01355,Thursday,"New World Southmall,Four Square Botany Junction,Four Square Britomart",14,103.1,252,355.1,770.0,145.1,749.56,1519.56,3
Thu_01356,Thursday,"New World Newmarket,Four Square Ellerslie,Four Square St Heliers",15,85.1,270,355.1,770.0,145.1,749.7,1519.7,3
Thu_01357,Thursday,"New World Birkenhead,Four Square Ellerslie,Four Square Onehunga",15,85.2,270,355.2,770.0,145.2,750.01,1520.01,3
Thu_01358,Thursday,"Four Square Britomart,New World Metro Queen St,New World Remuera",16,67.2,288,355.2,770.0,145.2,750.06,1520.06,3
Thu_01359,Thursday,"Four Square Onehunga,Four Square Eden Terrace,Four Square Britomart,Four Square Lancaster",14,103.2,252,355.2,770.0,145.2,750.31,1520.31,4
Thu_01360,Thursday,"Four Square Onehunga,Four Square Remuera,New World Metro Queen St,Four Square Hobsonville",14,103.3,252,355.3,770.0,145.3,750.65,1520.65,4
Thu_01361,Thursday,"Four Square Fair Price Henderson,Pak 'n Save Westgate",16,67.3,288,355.3,770.0,145.3,750.68,1520.68,2
Thu_01362,Thursday,"Four Square Glen Eden,Four Square Fair Price Henderson,Four Square Hobsonville,Four Square Onehunga",14,103.3,252,355.3,770.0,145.3,750.73,1520.73,4
Thu_01363,Thursday,"Four Square Onehunga,Four Square Cockle Bay,Four Square St Heliers,New World Metro Queen St",13,121.3,234,355.3,770.0,145.3,750.86,1520.86,4
Thu_01364,Thursday,"New World Metro Queen St,Four Square Ellerslie,Four Square Pakuranga Heights,Four Square Botany Junction",14,103.3,252,355.3,770.0,145.3,750.91,1520.91,4
Thu_01365,Thursday,"New World Southmall,Four Square Pakuranga Heights,Four Square Ellerslie",14,103.3,252,355.3,770.0,145.3,750.92,1520.92,3
Thu_01366,Thursday,"Four Square Onehunga,New World Metro Queen St,Four Square Lancaster,Four Square Fair Price Henderson",13,121.3,234,355.3,770.0,145.3,750.95,1520.95,4
Thu_01367,Thursday,"Four Square Pakuranga Heights,Four Square Torbay,Four Square Lancaster",11,157.4,198,355.4,770.0,145.4,751.34,1521.34,3
Thu_01368,Thursday,"Four Square Cockle Bay,Four Square Pakuranga Heights,New World Stonefields",14,103.4,252,355.4,770.0,145.4,751.4,1521.4,3
Thu_01369,Thursday,"Four Square Pakuranga Heights,Four Square Ellerslie,Four Square Remuera,Four Square Eden Terrace",15,85.5,270,355.5,770.0,145.5,751.61,1521.61,4
Thu_01370,Thursday,"Four Square Lancaster,New World Metro Queen St,Four Square Ellerslie,Four Square Onehunga",14,103.5,252,355.5,770.0,145.5,751.76,1521.76,4
Thu_01371,Thursday,"Four Square Onehunga,Four Square Ellerslie,Pak 'n Save Botany",15,85.5,270,355.5,770.0,145.5,751.93,1521.93,3
Thu_01372,Thursday,"Four Square Lancaster,Four Square Torbay,Four Square Ellerslie",12,139.7,216,355.7,770.0,145.7,752.59,1522.59,3
Thu_01373,Thursday,"Four Square Onehunga,Four Square Cockle Bay,Four Square St Heliers,Four Square Eden Terrace",13,121.7,234,355.7,770.0,145.7,752.83,1522.83,4
Thu_01374,Thursday,"Four Square Cockle Bay,Four Square Botany Junction,New World Papakura",13,121.7,234,355.7,770.0,145.7,752.84,1522.84,3
Thu_01375,Thursday,"Four Square Lancaster,Four Square Torbay,Four Square Remuera",12,139.8,216,355.8,770.0,145.8,753.32,1523.32,3
Thu_01376,Thursday,"Pak 'n Save Wairau Road,Four Square Hobsonville",15,85.9,270,355.9,770.0,145.9,753.75,1523.75,2
Thu_01377,Thursday,"New World Southmall,Four Square Botany Junction,Four Square Fair Price Henderson",13,122.0,234,356.0,770.0,146.0,754.22,1524.22,3
Thu_01378,Thursday,"Four Square Onehunga,New World Devonport,New World Metro Shore City",14,104.0,252,356.0,770.0,146.0,754.36,1524.36,3
Thu_01379,Thursday,"Four Square Onehunga,Four Square St Heliers,New World Metro Shore City,Four Square Eden Terrace",13,122.1,234,356.1,770.0,146.1,754.8,1524.8,4
Thu_01380,Thursday,"Four Square Cockle Bay,Four Square Pakuranga Heights,New World Remuera",14,104.1,252,356.1,770.0,146.1,754.83,1524.83,3
Thu_01381,Thursday,"Four Square Onehunga,Four Square Lancaster,New World Hobsonville",14,104.2,252,356.2,770.0,146.2,755.33,1525.33,3
Thu_01382,Thursday,"New World Papatoetoe,Four Square Remuera,New World Metro Queen St",15,86.2,270,356.2,770.0,146.2,755.6,1525.6,3
Thu_01383,Thursday,"Four Square Onehunga,New World Metro Queen St,New World Birkenhead",15,86.3,270,356.3,770.0,146.3,755.75,1525.75,3
Thu_01384,Thursday,"Four Square Onehunga,Four Square St Heliers,New World Papakura",13,122.3,234,356.3,770.0,146.3,755.98,1525.98,3
Thu_01385,Thursday,"Four Square Fair Price Henderson,New World Metro Shore City,Four Square Cockle Bay,Four Square Onehunga",11,158.4,198,356.4,770.0,146.4,756.37,1526.37,4
Thu_01386,Thursday,"New World Remuera,New World Metro Queen St,Four Square Eden Terrace",16,68.4,288,356.4,770.0,146.4,756.41,1526.41,3
Thu_01387,Thursday,"Four Square Onehunga,New World Howick,New World Metro Shore City",13,122.4,234,356.4,770.0,146.4,756.62,1526.62,3
Thu_01388,Thursday,"Four Square Cockle Bay,Four Square Ellerslie,New World Newmarket",14,104.5,252,356.5,770.0,146.5,756.67,1526.67,3
Thu_01389,Thursday,"Four Square Onehunga,Four Square Pakuranga Heights,Four Square Botany Junction,New World Papatoetoe",15,86.5,270,356.5,770.0,146.5,756.72,1526.72,4
Thu_01390,Thursday,"Four Square Onehunga,Pak 'n Save Botany,Four Square Eden Terrace",15,86.5,270,356.5,770.0,146.5,756.83,1526.83,3
Thu_01391,Thursday,"Four Square Lancaster,Four Square Britomart,Four Square Ellerslie,Four Square Onehunga",14,104.5,252,356.5,770.0,146.5,756.98,1526.98,4
Thu_01392,Thursday,"Four Square Britomart,Four Square Ellerslie,Four Square Pakuranga Heights,Four Square Botany Junction",14,104.5,252,356.5,770.0,146.5,757.02,1527.02,4
Thu_01393,Thursday,"Four Square Onehunga,Four Square Remuera,Four Square Eden Terrace,Four Square Glen Eden",15,86.5,270,356.5,770.0,146.5,757.07,1527.07,4
Thu_01394,Thursday,"Four Square Pakuranga Heights,Pak 'n Save Glen Innes,Four Square Onehunga",15,86.5,270,356.5,770.0,146.5,757.08,1527.08,3
Thu_01395,Thursday,"Four Square Onehunga,Four Square Britomart,Four Square Lancaster,Four Square Fair Price Henderson",13,122.5,234,356.5,770.0,146.5,757.11,1527.11,4
Thu_01396,Thursday,"Four Square Fair Price Henderson,Four Square Torbay,Four Square St Heliers",11,158.6,198,356.6,770.0,146.6,757.3,1527.3,3
Thu_01397,Thursday,"Four Square Onehunga,New World Botany,Four Square Eden Terrace",15,86.6,270,356.6,770.0,146.6,757.59,1527.59,3
Thu_01398,Thursday,"New World Newmarket,Four Square St Heliers,Four Square Britomart",15,86.7,270,356.7,770.0,146.7,757.88,1527.88,3
Thu_01399,Thursday,"Four Square Pakuranga Heights,Pak 'n Save Papakura",14,104.7,252,356.7,770.0,146.7,758.12,1528.12,2
Thu_01400,Thursday,"Four Square Onehunga,New World Albany,New World Metro Shore City",14,104.8,252,356.8,770.0,146.8,758.44,1528.44,3
Thu_01401,Thursday,"Four Square Lancaster,Four Square Pakuranga Heights,Four Square Botany Junction,Four Square Onehunga",12,140.8,216,356.8,770.0,146.8,758.61,1528.61,4
Thu_01402,Thursday,"Four Square Onehunga,New World Metro Queen St,Four Square Britomart,Four Square Glen Eden",15,86.9,270,356.9,770.0,146.9,759.01,1529.01,4
Thu_01403,Thursday,"Four Square Lancaster,Pak 'n Save Wairau Road",15,87.0,270,357.0,770.0,147.0,759.49,1529.49,2
Thu_01404,Thursday,"New World Metro Shore City,New World Milford,New World Metro Queen St",15,87.0,270,357.0,770.0,147.0,759.51,1529.51,3
Thu_01405,Thursday,"New World Newmarket,Four Square St Heliers,New World Metro Queen St",15,87.0,270,357.0,770.0,147.0,759.63,1529.63,3
Thu_01406,Thursday,"Four Square Fair Price Henderson,Four Square Ellerslie,Four Square Pakuranga Heights,Four Square Botany Junction",13,123.0,234,357.0,770.0,147.0,759.7,1529.7,4
Thu_01407,Thursday,"Four Square Hobsonville,Four Square Remuera,Four Square Pakuranga Heights,Four Square Onehunga",13,123.1,234,357.1,770.0,147.1,759.77,1529.77,4
Thu_01408,Thursday,"Four Square Remuera,Four Square St Heliers,New World Point Chevalier",15,87.1,270,357.1,770.0,147.1,759.84,1529.84,3
Thu_01409,Thursday,"Four Square Fair Price Henderson,New World Long Bay,Four Square Onehunga",13,123.1,234,357.1,770.0,147.1,759.89,1529.89,3
Thu_01410,Thursday,"Four Square Cockle Bay,Four Square Pakuranga Heights,Four Square Ellerslie,Four Square Remuera",14,105.1,252,357.1,770.0,147.1,760.09,1530.09,4
Thu_01411,Thursday,"Four Square Cockle Bay,Four Square Pakuranga Heights,Four Square Ellerslie,Four Square Eden Terrace",14,105.1,252,357.1,770.0,147.1,760.17,1530.17,4
Thu_01412,Thursday,"Four Square Onehunga,Four Square Remuera,Four Square Britomart,Four Square Hobsonville",14,105.1,252,357.1,770.0,147.1,760.2,1530.2,4
Thu_01413,Thursday,"Four Square Cockle Bay,Four Square Ellerslie,New World Point Chevalier",14,105.1,252,357.1,770.0,147.1,760.27,1530.27,3
Thu_01414,Thursday,"Four Square Fair Price Henderson,Four Square Lancaster,Four Square Remuera,Four Square Onehunga",13,123.2,234,357.2,770.0,147.2,760.75,1530.75,4
Thu_01415,Thursday,"New World Metro Shore City,Four Square Ellerslie,New World Papatoetoe",14,105.3,252,357.3,770.0,147.3,760.85,1530.85,3
Thu_01416,Thursday,"New World Remuera,Four Square Remuera,New World Metro Queen St",16,69.3,288,357.3,770.0,147.3,761.23,1531.23,3
Thu_01417,Thursday,"Pak 'n Save Highland Park,Four Square Cockle Bay,Four Square Onehunga",15,87.4,270,357.4,770.0,147.4,761.79,1531.79,3
Thu_01418,Thursday,"Four Square Onehunga,Four Square Britomart,New World Birkenhead",15,87.5,270,357.5,770.0,147.5,761.92,1531.92,3
Thu_01419,Thursday,"Four Square Onehunga,Four Square Pakuranga Heights,Pak 'n Save Ormiston",15,87.5,270,357.5,770.0,147.5,761.95,1531.95,3
Thu_01420,Thursday,"Four Square Ellerslie,New World Stonefields,Four Square Remuera",16,69.5,288,357.5,770.0,147.5,762.05,1532.05,3
Thu_01421,Thursday,"Four Square Fair Price Henderson,New World Hobsonville,New World Metro Shore City",14,105.5,252,357.5,770.0,147.5,762.32,1532.32,3
Thu_01422,Thursday,"Four Square Eden Terrace,Four Square Ellerslie,New World Southmall",15,87.6,270,357.6,770.0,147.6,762.41,1532.41,3
Thu_01423,Thursday,"Four Square Hobsonville,Four Square Lancaster,Four Square St Heliers",12,141.6,216,357.6,770.0,147.6,762.5,1532.5,3
Thu_01424,Thursday,"Four Square Fair Price Henderson,Four Square Eden Terrace,Four Square Pakuranga Heights,Four Square Botany Junction",13,123.6,234,357.6,770.0,147.6,762.52,1532.52,4
Thu_01425,Thursday,"New World Southmall,Four Square Ellerslie,Four Square Remuera",15,87.6,270,357.6,770.0,147.6,762.62,1532.62,3
Thu_01426,Thursday,"Four Square Onehunga,Pak 'n Save Highland Park,Four Square Botany Junction",15,87.7,270,357.7,770.0,147.7,762.99,1532.99,3
Thu_01427,Thursday,"Four Square Britomart,New World Remuera,Four Square Eden Terrace",16,69.7,288,357.7,770.0,147.7,763.12,1533.12,3
Thu_01428,Thursday,"Four Square Eden Terrace,Four Square Britomart,Four Square Pakuranga Heights,Four Square Botany Junction",14,105.8,252,357.8,770.0,147.8,763.73,1533.73,4
Thu_01429,Thursday,"Four Square Onehunga,New World Metro Queen St,Four Square Eden Terrace,Four Square Glen Eden",15,87.9,270,357.9,770.0,147.9,763.92,1533.92,4
Thu_01430,Thursday,"Four Square Cockle Bay,Four Square St Heliers,Four Square Glen Eden",12,141.9,216,357.9,770.0,147.9,764.26,1534.26,3
Thu_01431,Thursday,"Four Square Ellerslie,Four Square St Heliers,New World Point Chevalier",15,87.9,270,357.9,770.0,147.9,764.34,1534.34,3
Thu_01432,Thursday,"Four Square Britomart,New World Metro Shore City,New World Milford",15,88.0,270,358.0,770.0,148.0,764.69,1534.69,3
Thu_01433,Thursday,"New World Ormiston,Four Square Botany Junction,Four Square Eden Terrace",15,88.1,270,358.1,770.0,148.1,765.14,1535.14,3
Thu_01434,Thursday,"New World Papatoetoe,Four Square Remuera,Four Square Britomart",15,88.1,270,358.1,770.0,148.1,765.15,1535.15,3
Thu_01435,Thursday,"Four Square Onehunga,Four Square Pakuranga Heights,New World Metro Queen St,Four Square Hobsonville",13,124.1,234,358.1,770.0,148.1,765.17,1535.17,4
Thu_01436,Thursday,"New World Papatoetoe,Four Square Cockle Bay,Four Square Eden Terrace",14,106.1,252,358.1,770.0,148.1,765.24,1535.24,3
Thu_01437,Thursday,"Four Square Lancaster,Four Square Eden Terrace,Four Square Ellerslie,Four Square Onehunga",14,106.2,252,358.2,770.0,148.2,765.53,1535.53,4
Thu_01438,Thursday,"New World Metro Shore City,New World Milford,Four Square Eden Terrace",15,88.2,270,358.2,770.0,148.2,765.58,1535.58,3
Thu_01439,Thursday,"Four Square Onehunga,Four Square Remuera,New World Metro Queen St,Four Square Lancaster",14,106.2,252,358.2,770.0,148.2,765.83,1535.83,4
Thu_01440,Thursday,"Four Square Cockle Bay,Four Square Remuera,New World Newmarket",14,106.3,252,358.3,770.0,148.3,766.21,1536.21,3
Thu_01441,Thursday,"New World Papatoetoe,Four Square Pakuranga Heights,Four Square St Heliers",14,106.3,252,358.3,770.0,148.3,766.28,1536.28,3
Thu_01442,Thursday,"New World Southmall,Four Square Botany Junction,New World Metro Shore City",13,124.4,234,358.4,770.0,148.4,766.58,1536.58,3
Thu_01443,Thursday,"Four Square Lancaster,Four Square Ellerslie,Four Square Pakuranga Heights,Four Square Onehunga",13,124.4,234,358.4,770.0,148.4,766.7,1536.7,4
Thu_01444,Thursday,"Four Square Onehunga,New World Stonefields,Four Square Lancaster",14,106.5,252,358.5,770.0,148.5,767.45,1537.45,3
Thu_01445,Thursday,"New World Southmall,Four Square Pakuranga Heights,Four Square Remuera",14,106.5,252,358.5,770.0,148.5,767.49,1537.49,3
Thu_01446,Thursday,"Four Square Ellerslie,New World Stonefields,Four Square Eden Terrace",16,70.6,288,358.6,770.0,148.6,767.78,1537.78,3
Thu_01447,Thursday,"New World Remuera,Four Square Cockle Bay,Four Square Botany Junction",14,106.6,252,358.6,770.0,148.6,767.79,1537.79,3
Thu_01448,Thursday,"Four Square Onehunga,Four Square Remuera,New World Birkenhead",15,88.7,270,358.7,770.0,148.7,768.16,1538.16,3
Thu_01449,Thursday,"Four Square Hobsonville,New World Metro Shore City,Four Square Botany Junction,Four Square Onehunga",12,142.7,216,358.7,770.0,148.7,768.24,1538.24,4
Thu_01450,Thursday,"Four Square Botany Junction,Four Square Cockle Bay,Four Square Pakuranga Heights,Four Square St Heliers",13,124.7,234,358.7,770.0,148.7,768.28,1538.28,4
Thu_01451,Thursday,"Four Square Britomart,New World Remuera,Four Square Remuera",16,70.7,288,358.7,770.0,148.7,768.48,1538.48,3
Thu_01452,Thursday,"Pak 'n Save Sylvia Park,Four Square St Heliers",15,88.8,270,358.8,770.0,148.8,768.7,1538.7,2
Thu_01453,Thursday,"Four Square Onehunga,Four Square Eden Terrace,Four Square Lancaster,Four Square Fair Price Henderson",13,124.8,234,358.8,770.0,148.8,768.8,1538.8,4
Thu_01454,Thursday,"Four Square Pakuranga Heights,Four Square Britomart,New World Metro Queen St,Four Square Eden Terrace",15,88.9,270,358.9,770.0,148.9,769.16,1539.16,4
Thu_01455,Thursday,"New World Howick,Four Square St Heliers,Four Square Onehunga",14,106.9,252,358.9,770.0,148.9,769.22,1539.22,3
Thu_01456,Thursday,"Four Square Ellerslie,New World Ormiston,Four Square Botany Junction",15,88.9,270,358.9,770.0,148.9,769.39,1539.39,3
Thu_01457,Thursday,"Four Square Fair Price Henderson,New World Metro Shore City,Four Square St Heliers,Four Square Onehunga",12,143.0,216,359.0,770.0,149.0,769.58,1539.58,4
Thu_01458,Thursday,"Four Square Pakuranga Heights,Four Square Cockle Bay,New World Papakura",13,125.1,234,359.1,770.0,149.1,770.26,1540.26,3
Thu_01459,Thursday,"Four Square Onehunga,Four Square Cockle Bay,Four Square Pakuranga Heights,Four Square Lancaster",12,143.1,216,359.1,770.0,149.1,770.27,1540.27,4
Thu_01460,Thursday,"Four Square Britomart,Four Square St Heliers,New World Point Chevalier",15,89.2,270,359.2,770.0,149.2,770.85,1540.85,3
Thu_01461,Thursday,"New World Metro Shore City,Four Square Ellerslie,Four Square Pakuranga Heights,Four Square Botany Junction",13,125.2,234,359.2,770.0,149.2,770.95,1540.95,4
Thu_01462,Thursday,"Four Square Fair Price Henderson,New World Remuera,Four Square Remuera",15,89.3,270,359.3,770.0,149.3,771.15,1541.15,3
Thu_01463,Thursday,"Four Square Cockle Bay,Four Square St Heliers,Four Square Lancaster",11,161.3,198,359.3,770.0,149.3,771.29,1541.29,3
Thu_01464,Thursday,"New World Browns Bay,Four Square Ellerslie,Four Square Onehunga",14,107.3,252,359.3,770.0,149.3,771.3,1541.3,3
Thu_01465,Thursday,"New World Southmall,Four Square Pakuranga Heights,New World Metro Queen St",14,107.3,252,359.3,770.0,149.3,771.37,1541.37,3
Thu_01466,Thursday,"Four Square Onehunga,Four Square Pakuranga Heights,Four Square Eden Terrace,Four Square Glen Eden",14,107.3,252,359.3,770.0,149.3,771.59,1541.59,4
Thu_01467,Thursday,"Four Square Onehunga,Four Square Remuera,Four Square Britomart,Four Square Lancaster",14,107.4,252,359.4,770.0,149.4,772.0,1542.0,4
Thu_01468,Thursday,"New World Remuera,Four Square Ellerslie,Four Square Botany Junction",15,89.5,270,359.5,770.0,149.5,772.34,1542.34,3
Thu_01469,Thursday,"Four Square Cockle Bay,Four Square Pakuranga Heights,Four Square Onehunga,Four Square Glen Eden",13,125.5,234,359.5,770.0,149.5,772.58,1542.58,4
Thu_01470,Thursday,"New World Stonefields,Four Square Remuera,Four Square Eden Terrace",16,71.7,288,359.7,770.0,149.7,773.22,1543.22,3
Thu_01471,Thursday,"Four Square Onehunga,Four Square Pakuranga Heights,Four Square Britomart,Four Square Hobsonville",13,125.9,234,359.9,770.0,149.9,774.72,1544.72,4
