route_id,stops,num_stops,total_pallets,total_duration_sec,total_duration_hms
Fri_00001,Four Square Ellerslie,1,2,5560.42,01:32:40
Fri_00002,Four Square Glen Eden,1,3,5805.3,01:36:45
Fri_00003,Four Square Onehunga,1,4,5874.43,01:37:54
Fri_00004,Four Square Fair Price Henderson,1,3,6493.13,01:48:13
Fri_00005,Four Square Eden Terrace,1,4,6692.55,01:51:32
Fri_00006,Four Square Hobsonville,1,3,6953.54,01:55:53
Fri_00007,New World Metro Queen St,1,4,7173.37,01:59:33
Fri_00008,Four Square Britomart,1,4,7244.43,02:00:44
Fri_00009,New World Metro Shore City,1,3,7375.23,02:02:55
Fri_00010,Four Square Remuera,1,4,7728.82,02:08:48
Fri_00011,Four Square Botany Junction,1,4,8360.98,02:19:20
Fri_00012,New World Point Chevalier,1,6,8564.17,02:22:44
Fri_00013,Four Square Pakuranga Heights,1,4,8602.04,02:23:22
Fri_00014,New World Mt Albert,1,7,9013.78,02:30:13
Fri_00015,New World Mt Roskill,1,8,9032.66,02:30:32
Fri_00016,Four Square St Heliers,1,4,9117.79,02:31:57
Fri_00017,Four Square Cockle Bay,1,4,9825.24,02:43:45
Fri_00018,Four Square Remuera;Four Square Ellerslie,2,6,10255.64,02:50:55
Fri_00019,New World New Lynn,1,8,10301.69,02:51:41
Fri_00020,Four Square Glen Eden;Four Square Fair Price Henderson,2,6,10461.59,02:54:21
Fri_00021,Four Square Torbay,1,4,10576.52,02:56:16
Fri_00022,New World Papatoetoe,1,7,10605.88,02:56:45
Fri_00023,New World Southmall,1,7,11353.98,03:09:13
Fri_00024,New World Victoria Park,1,8,11431.39,03:10:31
Fri_00025,New World Green Bay,1,9,11445.54,03:10:45
Fri_00026,Four Square Britomart;New World Metro Queen St,2,8,11629.9,03:13:49
Fri_00027,New World Metro Queen St;Four Square Britomart,2,8,11659.84,03:14:19
Fri_00028,New World Eastridge,1,7,11715.46,03:15:15
Fri_00029,Four Square Eden Terrace;Four Square Fair Price Henderson,2,7,11827.79,03:17:07
Fri_00030,New World Remuera,1,8,11870.35,03:17:50
Fri_00031,Four Square Eden Terrace;Four Square Britomart,2,8,11881.64,03:18:01
Fri_00032,Four Square Onehunga;New World Metro Shore City,2,7,12213.13,03:23:33
Fri_00033,New World Hobsonville,1,8,12329.76,03:25:29
Fri_00034,New World Newmarket,1,9,12454.83,03:27:34
Fri_00035,Four Square Remuera;Four Square Fair Price Henderson,2,7,12864.06,03:34:24
Fri_00036,New World Ormiston,1,8,12976.64,03:36:16
Fri_00037,New World Devonport,1,7,13068.05,03:37:48
Fri_00038,Pak 'n Save Mangere,1,10,13119.57,03:38:39
Fri_00039,New World Point Chevalier;Four Square Glen Eden,2,9,13431.06,03:43:51
Fri_00040,New World Botany,1,8,13431.66,03:43:51
Fri_00041,New World Papakura,1,8,13477.54,03:44:37
Fri_00042,New World Point Chevalier;Four Square Eden Terrace,2,10,13649.29,03:47:29
Fri_00043,New World Long Bay,1,7,13716.92,03:48:36
Fri_00044,Four Square Pakuranga Heights;Four Square Fair Price Henderson,2,7,13737.28,03:48:57
Fri_00045,New World Howick,1,8,13789.9,03:49:49
Fri_00046,New World Birkenhead,1,9,13945.77,03:52:25
Fri_00047,New World Albany,1,8,13996.37,03:53:16
Fri_00048,Four Square Lancaster;Four Square Eden Terrace,2,8,14067.48,03:54:27
Fri_00049,Four Square Cockle Bay;Four Square Botany Junction,2,8,14106.07,03:55:06
Fri_00050,New World Point Chevalier;New World Metro Queen St,2,10,14130.12,03:55:30
Fri_00051,Pak 'n Save Ormiston,1,9,14137.23,03:55:37
Fri_00052,Four Square Torbay;Four Square Hobsonville,2,7,14143.75,03:55:43
Fri_00053,Pak 'n Save Henderson,1,10,14151.09,03:55:51
Fri_00054,New World Milford,1,9,14247.21,03:57:27
Fri_00055,Pak 'n Save Mt Albert,1,12,14259.27,03:57:39
Fri_00056,New World Mt Albert;Four Square Eden Terrace,2,11,14315.73,03:58:35
Fri_00057,New World Browns Bay,1,8,14372.45,03:59:32
Fri_00058,New World Mt Albert;Four Square Fair Price Henderson,2,10,14448.21,04:00:48
Fri_00059,Pak 'n Save Highland Park,1,9,14478.37,04:01:18
Fri_00060,New World Eastridge;Four Square Ellerslie,2,9,14480.08,04:01:20
Fri_00061,New World Mt Roskill;Four Square Onehunga,2,12,14555.87,04:02:35
Fri_00062,New World Mt Roskill;Four Square Glen Eden,2,11,14572.98,04:02:52
Fri_00063,Pak 'n Save Royal Oak,1,12,14573.54,04:02:53
Fri_00064,Four Square Onehunga;New World Mt Roskill,2,12,14582.0,04:03:02
Fri_00065,Four Square Glen Eden;New World New Lynn,2,11,14624.23,04:03:44
Fri_00066,Pak 'n Save Lincoln Road,1,11,14721.89,04:05:21
Fri_00067,New World Victoria Park;Four Square Ellerslie,2,10,15064.1,04:11:04
Fri_00068,Pak 'n Save Wairau Road,1,10,15080.95,04:11:20
Fri_00069,New World Mt Roskill;Four Square Fair Price Henderson,2,11,15174.57,04:12:54
Fri_00070,Pak 'n Save Manukau,1,11,15236.7,04:13:56
Fri_00071,Four Square Torbay;Four Square Britomart,2,8,15288.99,04:14:48
Fri_00072,Four Square Onehunga;New World Papatoetoe,2,11,15356.18,04:15:56
Fri_00073,New World Mt Roskill;Four Square Eden Terrace,2,12,15373.99,04:16:13
Fri_00074,Four Square Britomart;Four Square Torbay,2,8,15385.52,04:16:25
Fri_00075,Four Square Eden Terrace;New World Mt Roskill,2,12,15400.12,04:16:40
Fri_00076,Pak 'n Save Papakura,1,10,15471.63,04:17:51
Fri_00077,New World Mt Roskill;Four Square Hobsonville,2,11,15634.98,04:20:34
Fri_00078,New World Hobsonville;Four Square Hobsonville,2,11,15652.02,04:20:52
Fri_00079,Four Square Hobsonville;New World Hobsonville,2,11,15666.28,04:21:06
Fri_00080,Pak 'n Save Clendon,1,11,15687.34,04:21:27
Fri_00081,New World Green Bay;Four Square Glen Eden,2,12,15724.07,04:22:04
Fri_00082,Pak 'n Save Botany,1,10,15737.42,04:22:17
Fri_00083,Pak 'n Save Sylvia Park,1,11,15809.55,04:23:29
Fri_00084,New World Mt Roskill;New World Metro Queen St,2,12,15854.81,04:24:14
Fri_00085,New World Metro Queen St;New World Mt Roskill,2,12,15880.95,04:24:40
Fri_00086,New World Mt Roskill;Four Square Britomart,2,12,15925.87,04:25:25
Fri_00087,New World Mt Roskill;New World Metro Shore City,2,11,16056.68,04:27:36
Fri_00088,Pak 'n Save Albany,1,10,16059.99,04:27:39
Fri_00089,New World Victoria Park;New World Metro Queen St,2,12,16087.22,04:28:07
Fri_00090,Four Square Eden Terrace;New World Victoria Park,2,12,16096.59,04:28:16
Fri_00091,New World Papatoetoe;Four Square Botany Junction,2,11,16106.6,04:28:26
Fri_00092,New World Mt Albert;New World Point Chevalier,2,13,16148.72,04:29:08
Fri_00093,New World Southmall;Four Square Onehunga,2,11,16182.72,04:29:42
Fri_00094,New World Victoria Park;Four Square Britomart,2,12,16190.73,04:29:50
Fri_00095,Four Square Remuera;New World Eastridge,2,11,16205.47,04:30:05
Fri_00096,New World Point Chevalier;New World Mt Albert,2,13,16248.52,04:30:48
Fri_00097,Four Square Eden Terrace;New World New Lynn,2,12,16256.89,04:30:56
Fri_00098,Four Square Onehunga;New World Victoria Park,2,12,16284.12,04:31:24
Fri_00099,New World New Lynn;Four Square Eden Terrace,2,12,16318.24,04:31:58
Fri_00100,New World Howick;Four Square Ellerslie,2,10,16362.67,04:32:42
Fri_00101,New World Mt Roskill;Four Square Remuera,2,12,16410.26,04:33:30
Fri_00102,New World Papatoetoe;Four Square Fair Price Henderson,2,10,16442.55,04:34:02
Fri_00103,Four Square Glen Eden;New World Victoria Park,2,11,16464.97,04:34:24
Fri_00104,New World Remuera;Four Square Remuera,2,12,16469.85,04:34:29
Fri_00105,Four Square Remuera;New World Remuera,2,12,16578.6,04:36:18
Fri_00106,New World Metro Shore City;New World Devonport,2,10,16580.84,04:36:20
Fri_00107,New World Victoria Park;Four Square Onehunga,2,12,16591.13,04:36:31
Fri_00108,New World Southmall;Four Square Botany Junction,2,11,16603.11,04:36:43
Fri_00109,Pak 'n Save Glen Innes,1,11,16723.24,04:38:43
Fri_00110,New World Papatoetoe;New World Metro Shore City,2,10,16758.02,04:39:18
Fri_00111,Four Square Glen Eden;New World Hobsonville,2,11,16801.02,04:40:01
Fri_00112,New World Remuera;New World Metro Queen St,2,12,16840.65,04:40:40
Fri_00113,Four Square St Heliers;New World Eastridge,2,11,16867.45,04:41:07
Fri_00114,New World Mt Albert;Four Square Botany Junction,2,11,16872.76,04:41:12
Fri_00115,New World Mt Albert;Four Square St Heliers,2,11,16902.0,04:41:42
Fri_00116,Four Square Onehunga;New World Green Bay,2,13,16922.25,04:42:02
Fri_00117,New World Mt Albert;Four Square Lancaster,2,11,16950.05,04:42:30
Fri_00118,Four Square Onehunga;New World Metro Shore City;Four Square Britomart,3,11,17105.02,04:45:05
Fri_00119,New World Mt Roskill;New World Point Chevalier,2,14,17245.61,04:47:25
Fri_00120,Pak 'n Save Westgate,1,13,17279.0,04:47:59
Fri_00121,New World Mt Roskill;Four Square Pakuranga Heights,2,12,17283.48,04:48:03
Fri_00122,Four Square Pakuranga Heights;New World Mt Roskill,2,12,17309.62,04:48:29
Fri_00123,New World Ormiston;Four Square Botany Junction,2,12,17327.96,04:48:47
Fri_00124,New World Point Chevalier;Four Square Cockle Bay,2,10,17350.89,04:49:10
Fri_00125,Four Square Botany Junction;New World Ormiston,2,12,17375.12,04:49:35
Fri_00126,New World Newmarket;New World Metro Queen St,2,13,17425.13,04:50:25
Fri_00127,New World Newmarket;Four Square Glen Eden,2,12,17478.13,04:51:18
Fri_00128,Four Square Glen Eden;New World Newmarket,2,12,17488.41,04:51:28
Fri_00129,New World Green Bay;Four Square Eden Terrace,2,13,17523.67,04:52:03
Fri_00130,New World Newmarket;Four Square Britomart,2,13,17536.07,04:52:16
Fri_00131,Four Square Fair Price Henderson;New World Newmarket,2,12,17540.31,04:52:20
Fri_00132,New World Stonefields;Four Square Glen Eden,2,11,17594.65,04:53:14
Fri_00133,New World Metro Shore City;New World Long Bay,2,10,17660.29,04:54:20
Fri_00134,New World Mt Roskill;New World Mt Albert,2,15,17695.22,04:54:55
Fri_00135,New World Mt Albert;New World Mt Roskill,2,15,17698.56,04:54:58
Fri_00136,Four Square Remuera;New World Newmarket,2,13,17716.34,04:55:16
Fri_00137,New World Botany;Four Square Botany Junction,2,12,17782.98,04:56:22
Fri_00138,New World Mt Roskill;Four Square St Heliers,2,12,17799.23,04:56:39
Fri_00139,New World New Lynn;New World Point Chevalier,2,14,17838.85,04:57:18
Fri_00140,Four Square Botany Junction;New World Botany,2,12,17873.45,04:57:53
Fri_00141,New World Devonport;New World Metro Queen St,2,11,17899.17,04:58:19
Fri_00142,New World Metro Shore City;New World Albany,2,11,17939.74,04:58:59
Fri_00143,Four Square Ellerslie;Four Square Onehunga;Four Square Cockle Bay,3,10,17951.66,04:59:11
Fri_00144,New World Green Bay;New World Metro Queen St,2,13,18004.5,05:00:04
Fri_00145,Four Square Eden Terrace;Four Square Remuera;Four Square St Heliers,3,12,18065.1,05:01:05
Fri_00146,New World Birkenhead;New World Metro Shore City,2,12,18077.29,05:01:17
Fri_00147,New World Hobsonville;New World Metro Queen St,2,12,18095.49,05:01:35
Fri_00148,Four Square Britomart;New World Green Bay,2,13,18135.24,05:02:15
Fri_00149,New World Mt Roskill;Four Square Ellerslie;Four Square Onehunga,3,14,18204.46,05:03:24
Fri_00150,Pak 'n Save Royal Oak;Four Square Ellerslie,2,14,18231.22,05:03:51
Fri_00151,New World Mt Roskill;Four Square Onehunga;Four Square Ellerslie,3,14,18245.77,05:04:05
Fri_00152,Four Square Ellerslie;Pak 'n Save Royal Oak,2,14,18246.59,05:04:06
Fri_00153,New World Botany;Four Square Pakuranga Heights,2,12,18248.41,05:04:08
Fri_00154,New World New Lynn;Four Square Botany Junction,2,12,18251.13,05:04:11
Fri_00155,New World Long Bay;Four Square Torbay,2,11,18301.36,05:05:01
Fri_00156,Four Square Pakuranga Heights;New World Howick,2,12,18343.58,05:05:43
Fri_00157,Pak 'n Save Lincoln Road;Four Square Fair Price Henderson,2,14,18406.51,05:06:46
Fri_00158,Pak 'n Save Ormiston;Four Square Botany Junction,2,13,18488.55,05:08:08
Fri_00159,New World Mt Roskill;Four Square Cockle Bay,2,12,18506.69,05:08:26
Fri_00160,Four Square Cockle Bay;New World Howick,2,12,18513.0,05:08:33
Fri_00161,New World Howick;Four Square Cockle Bay,2,12,18513.01,05:08:33
Fri_00162,New World Papatoetoe;Four Square Ellerslie;Four Square Remuera,3,13,18588.26,05:09:48
Fri_00163,New World New Lynn;New World Mt Albert,2,15,18602.3,05:10:02
Fri_00164,New World Mt Albert;New World New Lynn,2,15,18615.76,05:10:15
Fri_00165,New World Point Chevalier;New World Metro Queen St;Four Square Britomart,3,14,18616.59,05:10:16
Fri_00166,Four Square Remuera;Four Square Ellerslie;Four Square Torbay,3,10,18653.5,05:10:53
Fri_00167,New World Howick;New World Metro Queen St,2,12,18760.19,05:12:40
Fri_00168,Pak 'n Save Wairau Road;New World Metro Shore City,2,13,18767.47,05:12:47
Fri_00169,New World Birkenhead;New World Metro Queen St,2,13,18776.89,05:12:56
Fri_00170,New World Mt Roskill;Four Square Ellerslie;Four Square Remuera,3,14,18778.18,05:12:58
Fri_00171,New World Mt Roskill;Four Square Ellerslie;Four Square Eden Terrace,3,14,18779.11,05:12:59
Fri_00172,New World New Lynn;Four Square Pakuranga Heights,2,12,18796.63,05:13:16
Fri_00173,Four Square Onehunga;Four Square Ellerslie;New World Stonefields,3,14,18822.78,05:13:42
Fri_00174,New World Mt Roskill;Four Square Eden Terrace;Four Square Ellerslie,3,14,18833.9,05:13:53
Fri_00175,Pak 'n Save Mt Albert;Four Square Ellerslie,2,14,18863.89,05:14:23
Fri_00176,New World Newmarket;Four Square St Heliers,2,13,18871.56,05:14:31
Fri_00177,New World Mt Roskill;Four Square Remuera;Four Square Ellerslie,3,14,18937.08,05:15:37
Fri_00178,Four Square Glen Eden;Pak 'n Save Lincoln Road,2,14,18954.08,05:15:54
Fri_00179,New World Ormiston;New World Metro Shore City,2,11,18955.77,05:15:55
Fri_00180,Four Square Onehunga;Pak 'n Save Highland Park,2,13,18956.19,05:15:56
Fri_00181,Four Square Eden Terrace;New World Birkenhead,2,13,18964.81,05:16:04
Fri_00182,Pak 'n Save Highland Park;Four Square Pakuranga Heights,2,13,18970.91,05:16:10
Fri_00183,New World Botany;Four Square Cockle Bay,2,12,18972.04,05:16:12
Fri_00184,New World Remuera;Four Square Remuera;Four Square Ellerslie,3,14,18996.67,05:16:36
Fri_00185,New World Birkenhead;Four Square Lancaster,2,13,19005.15,05:16:45
Fri_00186,Pak 'n Save Royal Oak;Four Square Onehunga,2,16,19055.49,05:17:35
Fri_00187,Four Square Ellerslie;New World Remuera;Four Square Eden Terrace,3,14,19055.92,05:17:35
Fri_00188,New World Mt Albert;New World Victoria Park,2,15,19068.64,05:17:48
Fri_00189,New World New Lynn;New World Mt Roskill,2,16,19069.36,05:17:49
Fri_00190,New World Mt Roskill;New World New Lynn,2,16,19069.37,05:17:49
Fri_00191,New World Milford;New World Metro Queen St,2,13,19078.33,05:17:58
Fri_00192,New World Browns Bay;Four Square Britomart,2,12,19084.93,05:18:04
Fri_00193,New World Remuera;Four Square Ellerslie;Four Square Remuera,3,14,19098.01,05:18:18
Fri_00194,Four Square Lancaster;New World Long Bay,2,11,19098.2,05:18:18
Fri_00195,Four Square Onehunga;Pak 'n Save Royal Oak,2,16,19099.0,05:18:19
Fri_00196,Four Square Ellerslie;New World Remuera;Four Square Remuera,3,14,19118.16,05:18:38
Fri_00197,Four Square Onehunga;New World Browns Bay,2,12,19128.08,05:18:48
Fri_00198,New World Metro Queen St;New World Point Chevalier;Four Square Eden Terrace,3,14,19129.38,05:18:49
Fri_00199,New World Green Bay;New World Point Chevalier,2,15,19132.76,05:18:52
Fri_00200,Pak 'n Save Highland Park;Four Square Botany Junction,2,13,19142.66,05:19:02
Fri_00201,Four Square Eden Terrace;New World Remuera;Four Square Ellerslie,3,14,19153.73,05:19:13
Fri_00202,Pak 'n Save Mt Albert;Four Square Glen Eden,2,15,19154.75,05:19:14
Fri_00203,New World Mt Roskill;Four Square Ellerslie;New World Metro Queen St,3,14,19212.15,05:20:12
Fri_00204,Four Square Glen Eden;New World Milford,2,12,19222.64,05:20:22
Fri_00205,New World Mt Roskill;Four Square Glen Eden;Four Square Fair Price Henderson,3,14,19229.27,05:20:29
Fri_00206,New World Ormiston;Four Square Cockle Bay,2,12,19251.39,05:20:51
Fri_00207,Four Square Remuera;New World Remuera;Four Square Ellerslie,3,14,19269.94,05:21:09
Fri_00208,New World Mt Roskill;New World Papatoetoe,2,15,19287.32,05:21:27
Fri_00209,Four Square Ellerslie;New World Stonefields;Four Square Remuera,3,14,19289.65,05:21:29
Fri_00210,New World Mt Albert;Four Square Eden Terrace;Four Square Onehunga,3,15,19302.67,05:21:42
Fri_00211,New World Papatoetoe;New World Mt Roskill,2,15,19313.45,05:21:53
Fri_00212,New World Newmarket;New World Point Chevalier,2,15,19325.72,05:22:05
Fri_00213,New World Mt Albert;Four Square Eden Terrace;New World Metro Queen St,3,15,19338.35,05:22:18
Fri_00214,Four Square Britomart;Four Square Eden Terrace;Four Square Lancaster,3,12,19345.71,05:22:25
Fri_00215,Four Square Britomart;New World Metro Queen St;New World Mt Albert,3,15,19351.24,05:22:31
Fri_00216,New World Metro Queen St;Four Square Britomart;New World Mt Albert,3,15,19381.18,05:23:01
Fri_00217,New World Point Chevalier;New World Newmarket,2,15,19411.57,05:23:31
Fri_00218,New World Mt Albert;Four Square Britomart;New World Metro Queen St,3,15,19414.11,05:23:34
Fri_00219,Pak 'n Save Henderson;Four Square Eden Terrace,2,14,19436.0,05:23:56
Fri_00220,New World Mt Albert;New World Metro Queen St;Four Square Britomart,3,15,19444.06,05:24:04
Fri_00221,New World Papakura;Four Square Fair Price Henderson,2,11,19445.91,05:24:05
Fri_00222,Four Square Ellerslie;Four Square Remuera;New World Victoria Park,3,14,19446.58,05:24:06
Fri_00223,New World Newmarket;Four Square Ellerslie;Four Square Onehunga,3,15,19463.92,05:24:23
Fri_00224,New World Mt Albert;New World Eastridge,2,14,19499.67,05:24:59
Fri_00225,New World Mt Albert;Four Square Eden Terrace;Four Square Britomart,3,15,19504.82,05:25:04
Fri_00226,New World Stonefields;Four Square Ellerslie;Four Square Remuera,3,14,19514.09,05:25:14
Fri_00227,New World Victoria Park;Four Square Eden Terrace;Four Square Ellerslie,3,14,19522.67,05:25:22
Fri_00228,New World Stonefields;Four Square Remuera;Four Square Ellerslie,3,14,19568.95,05:26:08
Fri_00229,Pak 'n Save Clendon;Four Square Ellerslie,2,13,19595.83,05:26:35
Fri_00230,Four Square Ellerslie;New World Remuera;Four Square Britomart,3,14,19599.9,05:26:39
Fri_00231,New World Victoria Park;Four Square Ellerslie;Four Square Eden Terrace,3,14,19601.35,05:26:41
Fri_00232,Four Square Onehunga;Pak 'n Save Mt Albert,2,16,19615.71,05:26:55
Fri_00233,Pak 'n Save Mt Albert;Four Square Onehunga,2,16,19621.31,05:27:01
Fri_00234,Four Square Remuera;New World Point Chevalier;Four Square Fair Price Henderson,3,13,19621.76,05:27:01
Fri_00235,New World Remuera;Four Square Ellerslie;Four Square Britomart,3,14,19642.92,05:27:22
Fri_00236,Four Square Onehunga;New World Mt Albert;Four Square Eden Terrace,3,15,19646.58,05:27:26
Fri_00237,New World Mt Albert;New World Remuera,2,15,19654.57,05:27:34
Fri_00238,Four Square Lancaster;New World Milford,2,13,19665.43,05:27:45
Fri_00239,New World Ormiston;Four Square St Heliers,2,12,19682.47,05:28:02
Fri_00240,New World New Lynn;Four Square Ellerslie;Four Square Remuera,3,14,19722.43,05:28:42
Fri_00241,New World Remuera;Four Square Onehunga;Four Square Ellerslie,3,14,19745.5,05:29:05
Fri_00242,New World Victoria Park;Four Square Remuera;Four Square Ellerslie,3,14,19759.32,05:29:19
Fri_00243,New World Browns Bay;Four Square Remuera,2,12,19762.86,05:29:22
Fri_00244,New World Mt Roskill;Four Square Hobsonville;Four Square Fair Price Henderson,3,14,19774.7,05:29:34
Fri_00245,Four Square Onehunga;Pak 'n Save Sylvia Park,2,15,19809.66,05:30:09
Fri_00246,Four Square Remuera;Four Square Ellerslie;New World New Lynn,3,14,19819.98,05:30:19
Fri_00247,Four Square Cockle Bay;Pak 'n Save Ormiston,2,13,19862.22,05:31:02
Fri_00248,Four Square Ellerslie;Four Square Eden Terrace;New World Remuera,3,14,19867.51,05:31:07
Fri_00249,Four Square Fair Price Henderson;Pak 'n Save Mt Albert,2,15,19875.74,05:31:15
Fri_00250,New World New Lynn;Four Square Remuera;Four Square Ellerslie,3,14,19881.33,05:31:21
Fri_00251,Pak 'n Save Mt Albert;Four Square Fair Price Henderson,2,15,19886.83,05:31:26
Fri_00252,Pak 'n Save Sylvia Park;Four Square Onehunga,2,15,19894.65,05:31:34
Fri_00253,New World Green Bay;New World Mt Albert,2,16,19896.21,05:31:36
Fri_00254,Four Square Onehunga;Pak 'n Save Wairau Road,2,14,19918.85,05:31:58
Fri_00255,New World Mt Albert;New World Green Bay,2,16,19919.78,05:31:59
Fri_00256,New World Mt Albert;Four Square Britomart;Four Square Onehunga,3,15,19926.11,05:32:06
Fri_00257,Pak 'n Save Mt Albert;Four Square Eden Terrace,2,16,19927.85,05:32:07
Fri_00258,Four Square Onehunga;Pak 'n Save Lincoln Road,2,15,19939.87,05:32:19
Fri_00259,New World Mt Roskill;Four Square Onehunga;Four Square Glen Eden,3,15,19963.45,05:32:43
Fri_00260,Pak 'n Save Royal Oak;Four Square Glen Eden,2,15,19981.12,05:33:01
Fri_00261,Four Square Onehunga;Pak 'n Save Manukau,2,15,19987.0,05:33:07
Fri_00262,Pak 'n Save Lincoln Road;Four Square Onehunga,2,15,19999.54,05:33:19
Fri_00263,Four Square Onehunga;New World Newmarket;Four Square Ellerslie,3,15,20005.25,05:33:25
Fri_00264,Pak 'n Save Lincoln Road;Four Square Eden Terrace,2,15,20006.8,05:33:26
Fri_00265,Pak 'n Save Manukau;Four Square Onehunga,2,15,20015.45,05:33:35
Fri_00266,Four Square Glen Eden;Pak 'n Save Royal Oak,2,15,20028.9,05:33:48
Fri_00267,New World Mt Roskill;New World Southmall,2,15,20035.42,05:33:55
Fri_00268,New World Newmarket;Four Square Ellerslie;Four Square Remuera,3,15,20037.64,05:33:57
Fri_00269,Four Square Onehunga;Four Square Glen Eden;New World Mt Roskill,3,15,20049.69,05:34:09
Fri_00270,Pak 'n Save Royal Oak;Four Square Eden Terrace,2,16,20051.55,05:34:11
Fri_00271,Four Square Eden Terrace;Pak 'n Save Lincoln Road,2,15,20056.56,05:34:16
Fri_00272,New World Southmall;New World Mt Roskill,2,15,20061.55,05:34:21
Fri_00273,Four Square Onehunga;New World New Lynn;Four Square Glen Eden,3,15,20068.29,05:34:28
Fri_00274,Four Square Glen Eden;New World New Lynn;Four Square Onehunga,3,15,20087.13,05:34:47
Fri_00275,New World Mt Albert;New World Point Chevalier;Four Square Ellerslie,3,15,20101.71,05:35:01
Fri_00276,New World Mt Roskill;New World Victoria Park,2,16,20112.83,05:35:12
Fri_00277,Pak 'n Save Ormiston;New World Metro Shore City,2,12,20116.36,05:35:16
Fri_00278,Four Square Onehunga;New World Mt Roskill;Four Square Glen Eden,3,15,20122.32,05:35:22
Fri_00279,New World Victoria Park;New World Mt Roskill,2,16,20138.96,05:35:38
Fri_00280,New World Mt Roskill;Four Square Onehunga;Four Square Eden Terrace,3,16,20152.98,05:35:52
Fri_00281,Four Square Eden Terrace;Pak 'n Save Royal Oak,2,16,20160.87,05:36:00
Fri_00282,New World New Lynn;Four Square Glen Eden;Four Square Onehunga,3,15,20165.05,05:36:05
Fri_00283,New World Newmarket;New World Mt Albert,2,16,20176.17,05:36:16
Fri_00284,New World Metro Queen St;New World Mt Albert;Four Square Eden Terrace,3,15,20196.66,05:36:36
Fri_00285,Pak 'n Save Albany;Four Square Fair Price Henderson,2,13,20199.71,05:36:39
Fri_00286,Four Square Remuera;New World Point Chevalier;Four Square Britomart,3,14,20236.71,05:37:16
Fri_00287,New World Mt Albert;New World Newmarket,2,16,20239.04,05:37:19
Fri_00288,New World Mt Roskill;Four Square Ellerslie;Four Square Pakuranga Heights,3,14,20251.68,05:37:31
Fri_00289,Four Square Britomart;New World Mt Albert;Four Square Eden Terrace,3,15,20267.72,05:37:47
Fri_00290,New World Mt Albert;New World Hobsonville,2,15,20284.85,05:38:04
Fri_00291,Four Square Onehunga;New World Mt Albert;New World Metro Queen St,3,15,20288.44,05:38:08
Fri_00292,New World Mt Roskill;Four Square Britomart;New World Metro Queen St,3,16,20311.34,05:38:31
Fri_00293,Pak 'n Save Manukau;Four Square Botany Junction,2,15,20339.39,05:38:59
Fri_00294,New World Mt Roskill;New World Metro Queen St;Four Square Britomart,3,16,20341.28,05:39:01
Fri_00295,Pak 'n Save Mt Albert;Four Square Hobsonville,2,15,20347.24,05:39:07
Fri_00296,New World Mt Roskill;Four Square Eden Terrace;Four Square Onehunga,3,16,20360.93,05:39:20
Fri_00297,New World Green Bay;Four Square Glen Eden;Four Square Fair Price Henderson,3,15,20380.36,05:39:40
Fri_00298,Four Square Glen Eden;Four Square Onehunga;Four Square Eden Terrace;Four Square Ellerslie,4,13,20386.81,05:39:46
Fri_00299,New World Mt Roskill;Four Square Onehunga;Four Square Fair Price Henderson,3,15,20392.54,05:39:52
Fri_00300,New World Mt Roskill;Four Square Eden Terrace;New World Metro Queen St,3,16,20396.61,05:39:56
Fri_00301,New World Mt Roskill;New World Eastridge,2,15,20396.9,05:39:56
Fri_00302,New World Mt Roskill;Four Square Eden Terrace;Four Square Glen Eden,3,15,20397.29,05:39:57
Fri_00303,New World Mt Roskill;New World Metro Queen St;Four Square Eden Terrace,3,16,20398.29,05:39:58
Fri_00304,Four Square Eden Terrace;Pak 'n Save Sylvia Park,2,15,20401.59,05:40:01
Fri_00305,Pak 'n Save Royal Oak;Four Square Fair Price Henderson,2,15,20410.21,05:40:10
Fri_00306,Four Square Onehunga;New World Eastridge;Four Square Remuera,3,15,20411.45,05:40:11
Fri_00307,Four Square Botany Junction;Pak 'n Save Manukau,2,15,20414.66,05:40:14
Fri_00308,Four Square Ellerslie;New World Mt Albert;New World Point Chevalier,3,15,20416.7,05:40:16
Fri_00309,Four Square Remuera;New World Metro Queen St;New World Mt Albert,3,15,20420.45,05:40:20
Fri_00310,New World Metro Queen St;Four Square Remuera;New World Mt Albert,3,15,20433.6,05:40:33
Fri_00311,Four Square Onehunga;Pak 'n Save Clendon,2,15,20437.65,05:40:37
Fri_00312,New World Newmarket;Four Square Eden Terrace;Four Square Ellerslie,3,15,20452.0,05:40:52
Fri_00313,New World Mt Roskill;Four Square Fair Price Henderson;Four Square Onehunga,3,15,20452.22,05:40:52
Fri_00314,New World Mt Roskill;Four Square Fair Price Henderson;Four Square Eden Terrace,3,15,20459.48,05:40:59
Fri_00315,New World Papatoetoe;New World New Lynn,2,15,20460.87,05:41:00
Fri_00316,Pak 'n Save Botany;Four Square Pakuranga Heights,2,14,20465.78,05:41:05
Fri_00317,Pak 'n Save Manukau;Four Square Eden Terrace,2,15,20467.61,05:41:07
Fri_00318,New World Remuera;New World Eastridge,2,15,20475.15,05:41:15
Fri_00319,Pak 'n Save Mt Albert;New World Metro Queen St,2,16,20476.85,05:41:16
Fri_00320,Pak 'n Save Royal Oak;New World Metro Queen St,2,16,20484.59,05:41:24
Fri_00321,New World Metro Queen St;New World Newmarket;Four Square Ellerslie,3,15,20484.75,05:41:24
Fri_00322,Pak 'n Save Lincoln Road;New World Metro Queen St,2,15,20487.62,05:41:27
Fri_00323,New World Mt Roskill;Four Square Glen Eden;Four Square Eden Terrace,3,15,20493.81,05:41:33
Fri_00324,Pak 'n Save Royal Oak;Four Square Remuera,2,16,20498.12,05:41:38
Fri_00325,Four Square Ellerslie;New World Remuera;Four Square St Heliers,3,14,20500.9,05:41:40
Fri_00326,New World Mt Roskill;Four Square Eden Terrace;Four Square Fair Price Henderson,3,15,20509.23,05:41:49
Fri_00327,New World Mt Roskill;Four Square Onehunga;Four Square Remuera,3,16,20512.67,05:41:52
Fri_00328,New World Green Bay;Four Square Glen Eden;Four Square Ellerslie,3,14,20512.77,05:41:52
Fri_00329,Pak 'n Save Clendon;Four Square Onehunga,2,15,20516.08,05:41:56
Fri_00330,Four Square Remuera;New World Eastridge;Four Square Onehunga,3,15,20533.69,05:42:13
Fri_00331,New World Mt Roskill;Four Square Britomart;Four Square Eden Terrace,3,16,20534.82,05:42:14
Fri_00332,Pak 'n Save Mt Albert;Four Square Britomart,2,16,20547.9,05:42:27
Fri_00333,New World Mt Roskill;New World Remuera,2,16,20551.79,05:42:31
Fri_00334,Four Square Britomart;New World Newmarket;Four Square Ellerslie,3,15,20555.77,05:42:35
Fri_00335,Pak 'n Save Lincoln Road;Four Square Britomart,2,15,20558.68,05:42:38
Fri_00336,New World New Lynn;Four Square Glen Eden;Four Square Eden Terrace,3,15,20561.39,05:42:41
Fri_00337,New World Mt Roskill;Four Square Eden Terrace;Four Square Britomart,3,16,20563.08,05:42:43
Fri_00338,Four Square Britomart;New World Metro Queen St;New World Victoria Park,3,16,20563.79,05:42:43
Fri_00339,Four Square Pakuranga Heights;New World Botany;Four Square Ellerslie,3,14,20571.41,05:42:51
Fri_00340,New World Victoria Park;New World Metro Queen St;Four Square Britomart,3,16,20573.69,05:42:53
Fri_00341,New World Victoria Park;Four Square Britomart;New World Metro Queen St,3,16,20576.2,05:42:56
Fri_00342,New World Remuera;New World Mt Roskill,2,16,20577.93,05:42:57
Fri_00343,New World Point Chevalier;New World Mt Albert;Four Square Ellerslie,3,15,20579.37,05:42:59
Fri_00344,New World Mt Roskill;Four Square Onehunga;New World Metro Queen St,3,16,20586.01,05:43:06
Fri_00345,New World Mt Albert;Four Square Remuera;Four Square Britomart,3,15,20594.27,05:43:14
Fri_00346,Pak 'n Save Royal Oak;Four Square Britomart,2,16,20595.53,05:43:15
Fri_00347,Pak 'n Save Lincoln Road;New World Metro Shore City,2,14,20610.74,05:43:30
Fri_00348,New World Mt Albert;Four Square Onehunga;New World Metro Queen St,3,15,20620.77,05:43:40
Fri_00349,New World Metro Shore City;Pak 'n Save Mt Albert,2,15,20621.25,05:43:41
Fri_00350,Four Square Onehunga;Four Square Remuera;New World Papatoetoe,3,15,20622.3,05:43:42
Fri_00351,Four Square Onehunga;New World Remuera;Four Square Remuera,3,16,20640.02,05:44:00
Fri_00352,Four Square Remuera;Pak 'n Save Royal Oak,2,16,20645.68,05:44:05
Fri_00353,Four Square Botany Junction;New World Ormiston;Four Square Ellerslie,3,14,20648.17,05:44:08
Fri_00354,Four Square Eden Terrace;New World Metro Queen St;New World Victoria Park,3,16,20649.06,05:44:09
Fri_00355,New World Green Bay;Four Square Onehunga;Four Square Ellerslie,3,15,20659.92,05:44:19
Fri_00356,New World Eastridge;New World Remuera,2,15,20663.68,05:44:23
Fri_00357,New World Hobsonville;Four Square Hobsonville;New World Metro Shore City,3,14,20665.08,05:44:25
Fri_00358,New World Metro Queen St;Pak 'n Save Royal Oak,2,16,20671.07,05:44:31
Fri_00359,Four Square Eden Terrace;Pak 'n Save Manukau,2,15,20676.15,05:44:36
Fri_00360,Pak 'n Save Mt Albert;New World Metro Shore City,2,15,20678.71,05:44:38
Fri_00361,Four Square Onehunga;Four Square Remuera;New World Remuera,3,16,20681.01,05:44:41
Fri_00362,New World Papatoetoe;New World Remuera,2,15,20687.09,05:44:47
Fri_00363,New World Mt Roskill;Four Square Onehunga;Four Square Britomart,3,16,20696.95,05:44:56
Fri_00364,New World Newmarket;Four Square Onehunga;Four Square Ellerslie,3,15,20718.25,05:45:18
Fri_00365,Four Square Fair Price Henderson;New World Mt Roskill;Four Square Onehunga,3,15,20723.91,05:45:23
Fri_00366,Four Square Onehunga;New World Mt Roskill;Four Square Fair Price Henderson,3,15,20723.91,05:45:23
Fri_00367,Four Square Ellerslie;New World Stonefields;Four Square Botany Junction,3,14,20725.4,05:45:25
Fri_00368,Pak 'n Save Sylvia Park;Four Square Remuera,2,15,20734.76,05:45:34
Fri_00369,Four Square Remuera;New World Newmarket;Four Square Ellerslie,3,15,20762.83,05:46:02
Fri_00370,Four Square Onehunga;New World Papatoetoe;Four Square Eden Terrace,3,15,20766.72,05:46:06
Fri_00371,Pak 'n Save Sylvia Park;New World Metro Queen St,2,15,20779.85,05:46:19
Fri_00372,New World Ormiston;Four Square Ellerslie;Four Square Remuera,3,14,20786.01,05:46:26
Fri_00373,New World Devonport;New World Mt Albert,2,14,20789.39,05:46:29
Fri_00374,New World Eastridge;Four Square Britomart;New World Metro Queen St,3,15,20790.55,05:46:30
Fri_00375,New World Newmarket;New World Metro Queen St;Four Square Ellerslie,3,15,20795.62,05:46:35
Fri_00376,New World Papatoetoe;New World Victoria Park,2,15,20829.01,05:47:09
Fri_00377,Four Square Pakuranga Heights;Pak 'n Save Sylvia Park,2,15,20852.66,05:47:32
Fri_00378,New World Mt Roskill;Four Square Onehunga;Four Square Hobsonville,3,15,20852.95,05:47:32
Fri_00379,New World Howick;Four Square Pakuranga Heights;Four Square Ellerslie,3,14,20855.22,05:47:35
Fri_00380,Pak 'n Save Manukau;Four Square Remuera,2,15,20855.56,05:47:35
Fri_00381,Four Square Onehunga;New World Papatoetoe;Four Square Botany Junction,3,15,20856.9,05:47:36
Fri_00382,Four Square Britomart;New World Victoria Park;New World Metro Queen St,3,16,20865.26,05:47:45
Fri_00383,New World Metro Queen St;New World Victoria Park;Four Square Britomart,3,16,20866.6,05:47:46
Fri_00384,Four Square Onehunga;New World Hobsonville;Four Square Hobsonville,3,15,20869.99,05:47:49
Fri_00385,Pak 'n Save Royal Oak;Four Square Hobsonville,2,15,20870.62,05:47:50
Fri_00386,New World Stonefields;Four Square Pakuranga Heights;Four Square Ellerslie,3,14,20877.51,05:47:57
Fri_00387,Pak 'n Save Glen Innes;Four Square Onehunga,2,15,20883.98,05:48:03
Fri_00388,New World Mt Roskill;New World Metro Shore City;New World Metro Queen St,3,15,20887.8,05:48:07
Fri_00389,New World Papatoetoe;Four Square Botany Junction;Four Square Onehunga,3,15,20891.97,05:48:11
Fri_00390,New World Mt Roskill;Four Square Onehunga;New World Metro Shore City,3,15,20894.57,05:48:14
Fri_00391,Pak 'n Save Manukau;New World Metro Queen St,2,15,20900.65,05:48:20
Fri_00392,New World Newmarket;Four Square Britomart;Four Square Ellerslie,3,15,20906.51,05:48:26
Fri_00393,New World Mt Roskill;Four Square Hobsonville;Four Square Onehunga,3,15,20912.64,05:48:32
Fri_00394,New World Mt Roskill;Four Square Hobsonville;Four Square Eden Terrace,3,15,20919.89,05:48:39
Fri_00395,Four Square Onehunga;New World Metro Shore City;New World Mt Roskill,3,15,20920.7,05:48:40
Fri_00396,Four Square Onehunga;New World Mt Roskill;Four Square Eden Terrace,3,16,20923.33,05:48:43
Fri_00397,New World Milford;Four Square Torbay,2,13,20928.62,05:48:48
Fri_00398,New World Green Bay;Four Square Ellerslie;Four Square Eden Terrace,3,15,20928.8,05:48:48
Fri_00399,New World Hobsonville;Four Square Hobsonville;Four Square Onehunga,3,15,20929.68,05:48:49
Fri_00400,New World Stonefields;New World Eastridge,2,15,20933.24,05:48:53
Fri_00401,New World Hobsonville;Four Square Hobsonville;Four Square Eden Terrace,3,15,20936.93,05:48:56
Fri_00402,New World Papakura;Four Square Cockle Bay,2,12,20939.3,05:48:59
Fri_00403,Four Square Remuera;Pak 'n Save Manukau,2,15,20943.84,05:49:03
Fri_00404,Four Square Hobsonville;New World Hobsonville;Four Square Onehunga,3,15,20943.94,05:49:03
Fri_00405,New World Papatoetoe;Four Square Britomart;New World Metro Queen St,3,15,20945.87,05:49:05
Fri_00406,New World Mt Roskill;Four Square Remuera;Four Square Eden Terrace,3,16,20947.51,05:49:07
Fri_00407,Four Square Hobsonville;New World Hobsonville;Four Square Eden Terrace,3,15,20951.19,05:49:11
Fri_00408,New World Mt Roskill;New World Metro Shore City;Four Square Eden Terrace,3,15,20958.32,05:49:18
Fri_00409,New World Mt Roskill;Four Square Glen Eden;New World Metro Queen St,3,15,20974.63,05:49:34
Fri_00410,Four Square Onehunga;Four Square Eden Terrace;New World Metro Queen St;Four Square Britomart,4,16,20980.63,05:49:40
Fri_00411,New World Mt Roskill;New World Metro Shore City;Four Square Onehunga,3,15,20985.13,05:49:45
Fri_00412,Four Square Ellerslie;New World Botany;Four Square Pakuranga Heights,3,14,20985.29,05:49:45
Fri_00413,Four Square Eden Terrace;New World Hobsonville;Four Square Hobsonville,3,15,20986.68,05:49:46
Fri_00414,New World Victoria Park;New World New Lynn,2,16,20995.73,05:49:55
Fri_00415,Four Square Eden Terrace;New World Eastridge;Four Square Britomart,3,15,20997.12,05:49:57
Fri_00416,Four Square Eden Terrace;Four Square Hobsonville;New World Hobsonville,3,15,21000.94,05:50:00
Fri_00417,New World Mt Roskill;Four Square Eden Terrace;Four Square Remuera,3,16,21002.3,05:50:02
Fri_00418,Four Square Onehunga;New World Remuera;New World Metro Queen St,3,16,21010.82,05:50:10
Fri_00419,New World Mt Roskill;New World Hobsonville,2,16,21011.2,05:50:11
Fri_00420,New World Mt Roskill;Four Square Fair Price Henderson;Four Square Britomart,3,15,21011.36,05:50:11
Fri_00421,Pak 'n Save Manukau;Four Square Britomart,2,15,21011.58,05:50:11
Fri_00422,Pak 'n Save Highland Park;Four Square Ellerslie;Four Square Onehunga,3,15,21013.74,05:50:13
Fri_00423,New World Mt Albert;New World Point Chevalier;Four Square Glen Eden,3,16,21015.61,05:50:15
Fri_00424,Pak 'n Save Mangere;New World Point Chevalier,2,16,21027.28,05:50:27
Fri_00425,Four Square Onehunga;Four Square Eden Terrace;New World Papatoetoe,3,15,21031.19,05:50:31
Fri_00426,New World Papatoetoe;Four Square Onehunga;Four Square Eden Terrace,3,15,21031.73,05:50:31
Fri_00427,Pak 'n Save Mt Albert;Four Square Remuera,2,16,21032.29,05:50:32
Fri_00428,New World Hobsonville;New World Mt Roskill,2,16,21037.33,05:50:37
Fri_00429,New World New Lynn;Four Square Glen Eden;New World Metro Queen St,3,15,21042.21,05:50:42
Fri_00430,New World Papatoetoe;Four Square Hobsonville;Four Square Fair Price Henderson,3,13,21042.68,05:50:42
Fri_00431,Pak 'n Save Lincoln Road;Four Square Remuera,2,15,21043.07,05:50:43
Fri_00432,New World Mt Roskill;Four Square Glen Eden;Four Square Britomart,3,15,21045.69,05:50:45
Fri_00433,New World Stonefields;New World Papatoetoe,2,15,21049.5,05:50:49
Fri_00434,New World New Lynn;New World Victoria Park,2,16,21057.08,05:50:57
Fri_00435,New World Browns Bay;New World Point Chevalier,2,14,21063.93,05:51:03
Fri_00436,New World Mt Roskill;Four Square Eden Terrace;New World Metro Shore City,3,15,21075.71,05:51:15
Fri_00437,New World Metro Queen St;New World New Lynn;Four Square Glen Eden,3,15,21076.59,05:51:16
Fri_00438,New World Victoria Park;Four Square Eden Terrace;New World Metro Queen St,3,16,21085.38,05:51:25
Fri_00439,Four Square Cockle Bay;New World Howick;Four Square Ellerslie,3,14,21085.77,05:51:25
Fri_00440,Pak 'n Save Glen Innes;Four Square Remuera,2,15,21085.82,05:51:25
Fri_00441,Four Square Britomart;Four Square Glen Eden;New World New Lynn,3,15,21086.66,05:51:26
Fri_00442,New World Green Bay;Four Square Remuera;Four Square Ellerslie,3,15,21086.77,05:51:26
Fri_00443,New World Point Chevalier;Pak 'n Save Mangere,2,16,21086.96,05:51:26
Fri_00444,Pak 'n Save Sylvia Park;New World Metro Shore City,2,14,21088.41,05:51:28
Fri_00445,Four Square Glen Eden;New World Remuera;Four Square Onehunga,3,15,21089.19,05:51:29
Fri_00446,Four Square Cockle Bay;Four Square Ellerslie;New World Eastridge,3,13,21090.98,05:51:30
Fri_00447,Four Square Britomart;New World Metro Queen St;New World Papatoetoe,3,15,21100.13,05:51:40
Fri_00448,Pak 'n Save Henderson;New World Point Chevalier,2,16,21104.0,05:51:44
Fri_00449,New World Mt Roskill;Four Square Ellerslie;New World Point Chevalier,3,16,21112.75,05:51:52
Fri_00450,New World New Lynn;Four Square Ellerslie;Four Square Botany Junction,3,14,21113.54,05:51:53
Fri_00451,New World Eastridge;New World Stonefields,2,15,21114.65,05:51:54
Fri_00452,New World Milford;New World Point Chevalier,2,15,21118.1,05:51:58
Fri_00453,Four Square Fair Price Henderson;New World Point Chevalier;New World Mt Albert,3,16,21130.39,05:52:10
Fri_00454,Four Square St Heliers;New World Mt Albert;Four Square Ellerslie,3,13,21169.98,05:52:49
Fri_00455,New World Mt Albert;New World Point Chevalier;Four Square Fair Price Henderson,3,16,21170.77,05:52:50
Fri_00456,Four Square Onehunga;Four Square Remuera;New World Victoria Park,3,16,21181.07,05:53:01
Fri_00457,Pak 'n Save Mangere;Four Square St Heliers,2,14,21181.89,05:53:01
Fri_00458,New World Southmall;New World Ormiston,2,15,21187.86,05:53:07
Fri_00459,New World Papatoetoe;New World Botany,2,15,21189.16,05:53:09
Fri_00460,New World Birkenhead;Four Square Torbay,2,13,21196.3,05:53:16
Fri_00461,New World Eastridge;Four Square St Heliers;Four Square Onehunga,3,15,21197.81,05:53:17
Fri_00462,New World Devonport;New World Metro Shore City;Four Square Hobsonville,3,13,21198.56,05:53:18
Fri_00463,New World Mt Roskill;New World Point Chevalier;Four Square Ellerslie,3,16,21198.6,05:53:18
Fri_00464,New World Eastridge;New World Victoria Park,2,15,21200.24,05:53:20
Fri_00465,New World Point Chevalier;New World Milford,2,15,21203.95,05:53:23
Fri_00466,New World Southmall;New World New Lynn,2,15,21208.97,05:53:28
Fri_00467,Four Square Glen Eden;New World Green Bay;Four Square Onehunga,3,16,21210.57,05:53:30
Fri_00468,New World Victoria Park;New World Eastridge,2,15,21219.13,05:53:39
Fri_00469,New World Remuera;New World Victoria Park,2,16,21220.2,05:53:40
Fri_00470,New World Metro Queen St;Four Square Britomart;New World New Lynn,3,16,21224.19,05:53:44
Fri_00471,Four Square Remuera;Four Square Ellerslie;New World Devonport,3,13,21227.31,05:53:47
Fri_00472,New World Victoria Park;New World Metro Shore City;Four Square Eden Terrace,3,15,21234.72,05:53:54
Fri_00473,New World Stonefields;Four Square Remuera;Four Square Onehunga,3,16,21235.41,05:53:55
Fri_00474,New World Botany;Four Square Ellerslie;New World Metro Queen St,3,14,21237.15,05:53:57
Fri_00475,New World Point Chevalier;Pak 'n Save Henderson,2,16,21244.19,05:54:04
Fri_00476,New World Green Bay;Four Square Glen Eden;Four Square Onehunga,3,16,21248.56,05:54:08
Fri_00477,New World Mt Roskill;New World Stonefields,2,16,21252.79,05:54:12
Fri_00478,Pak 'n Save Clendon;Four Square Botany Junction,2,15,21259.85,05:54:19
Fri_00479,New World Victoria Park;New World Metro Shore City;Four Square Onehunga,3,15,21261.53,05:54:21
Fri_00480,New World Metro Queen St;New World Victoria Park;Four Square Onehunga,3,16,21267.0,05:54:27
Fri_00481,New World Stonefields;New World Mt Roskill,2,16,21278.92,05:54:38
Fri_00482,New World Eastridge;New World Southmall,2,14,21283.77,05:54:43
Fri_00483,Pak 'n Save Westgate;Four Square Hobsonville,2,16,21284.47,05:54:44
Fri_00484,New World New Lynn;New World Metro Queen St;Four Square Britomart,3,16,21285.53,05:54:45
Fri_00485,Four Square Eden Terrace;Four Square Britomart;New World Metro Queen St;Four Square Glen Eden,4,15,21290.41,05:54:50
Fri_00486,Four Square Glen Eden;Four Square Eden Terrace;New World New Lynn,3,15,21290.47,05:54:50
Fri_00487,Pak 'n Save Sylvia Park;Four Square Botany Junction,2,15,21293.64,05:54:53
Fri_00488,New World Mt Roskill;Four Square Ellerslie;Four Square Lancaster,3,14,21311.32,05:55:11
Fri_00489,Four Square Eden Terrace;Pak 'n Save Glen Innes,2,15,21315.28,05:55:15
Fri_00490,Four Square Fair Price Henderson;Pak 'n Save Westgate,2,16,21317.52,05:55:17
Fri_00491,New World Remuera;New World Metro Queen St;Four Square Britomart,3,16,21327.12,05:55:27
Fri_00492,New World Remuera;Four Square Britomart;New World Metro Queen St,3,16,21337.06,05:55:37
Fri_00493,New World Metro Queen St;Four Square Britomart;New World Remuera,3,16,21340.22,05:55:40
Fri_00494,New World New Lynn;New World Eastridge,2,15,21341.15,05:55:41
Fri_00495,New World Green Bay;Four Square Glen Eden;Four Square Hobsonville,3,15,21343.57,05:55:43
Fri_00496,New World Papatoetoe;Four Square Botany Junction;Four Square Eden Terrace,3,15,21344.13,05:55:44
Fri_00497,Pak 'n Save Glen Innes;Four Square St Heliers,2,15,21357.14,05:55:57
Fri_00498,New World New Lynn;Four Square Onehunga;Four Square Eden Terrace,3,16,21361.7,05:56:01
Fri_00499,New World Green Bay;Four Square Ellerslie;New World Metro Queen St,3,15,21361.84,05:56:01
Fri_00500,Four Square Fair Price Henderson;Pak 'n Save Henderson;Four Square Glen Eden,3,16,21372.4,05:56:12
Fri_00501,Pak 'n Save Ormiston;Four Square Ellerslie;Four Square Onehunga,3,15,21372.88,05:56:12
Fri_00502,New World Victoria Park;New World Remuera,2,16,21374.03,05:56:14
Fri_00503,New World Papatoetoe;Four Square Remuera;New World Metro Queen St,3,15,21374.67,05:56:14
Fri_00504,New World Green Bay;New World Metro Queen St;Four Square Ellerslie,3,15,21374.99,05:56:14
Fri_00505,Four Square Eden Terrace;New World Metro Shore City;New World Victoria Park,3,15,21375.84,05:56:15
Fri_00506,New World Papakura;New World Southmall,2,15,21376.43,05:56:16
Fri_00507,New World Mt Roskill;Four Square Remuera;New World Metro Queen St,3,16,21380.55,05:56:20
Fri_00508,Four Square Glen Eden;Pak 'n Save Henderson;Four Square Fair Price Henderson,3,16,21385.24,05:56:25
Fri_00509,New World Mt Albert;Four Square Eden Terrace;Four Square Pakuranga Heights,3,15,21386.16,05:56:26
Fri_00510,New World Southmall;Four Square Botany Junction;Four Square Onehunga,3,15,21388.48,05:56:28
Fri_00511,New World Remuera;New World Stonefields,2,16,21391.67,05:56:31
Fri_00512,New World Mt Roskill;New World Metro Queen St;Four Square Remuera,3,16,21393.7,05:56:33
Fri_00513,Four Square Glen Eden;New World Mt Roskill;New World Metro Queen St,3,15,21395.13,05:56:35
Fri_00514,Pak 'n Save Sylvia Park;Four Square Pakuranga Heights,2,15,21405.27,05:56:45
Fri_00515,Pak 'n Save Manukau;Four Square Pakuranga Heights,2,15,21410.8,05:56:50
Fri_00516,Four Square Britomart;Four Square Eden Terrace;New World New Lynn,3,16,21417.72,05:56:57
Fri_00517,New World Hobsonville;Four Square Hobsonville;New World Metro Queen St,3,15,21417.75,05:56:57
Fri_00518,Pak 'n Save Westgate;Four Square Fair Price Henderson,2,16,21418.72,05:56:58
Fri_00519,Pak 'n Save Westgate;Four Square Ellerslie,2,15,21431.78,05:57:11
Fri_00520,Four Square Hobsonville;New World Hobsonville;New World Metro Queen St,3,15,21432.01,05:57:12
Fri_00521,Pak 'n Save Glen Innes;Four Square Britomart,2,15,21432.02,05:57:12
Fri_00522,Pak 'n Save Papakura;Four Square Fair Price Henderson,2,13,21440.0,05:57:20
Fri_00523,Pak 'n Save Glen Innes;New World Metro Queen St,2,15,21452.3,05:57:32
Fri_00524,Four Square Glen Eden;New World Mt Roskill;Four Square Britomart,3,15,21466.19,05:57:46
Fri_00525,Pak 'n Save Botany;Four Square St Heliers,2,14,21467.19,05:57:47
Fri_00526,New World Mt Roskill;Four Square Hobsonville;Four Square Britomart,3,15,21471.77,05:57:51
Fri_00527,Four Square Onehunga;New World Southmall;Four Square Eden Terrace,3,15,21474.66,05:57:54
Fri_00528,New World Southmall;New World Papakura,2,15,21477.52,05:57:57
Fri_00529,New World Birkenhead;New World Metro Shore City;Four Square Ellerslie,3,14,21478.71,05:57:58
Fri_00530,New World New Lynn;Four Square Britomart;Four Square Eden Terrace,3,16,21479.07,05:57:59
Fri_00531,New World Hobsonville;Four Square Hobsonville;Four Square Britomart,3,15,21488.81,05:58:08
Fri_00532,New World Mt Roskill;Four Square Remuera;Four Square Britomart,3,16,21491.49,05:58:11
Fri_00533,New World Stonefields;New World Remuera,2,16,21491.55,05:58:11
Fri_00534,New World Remuera;Four Square Remuera;Four Square Glen Eden,3,15,21493.14,05:58:13
Fri_00535,New World Newmarket;New World Eastridge,2,16,21494.12,05:58:14
Fri_00536,New World New Lynn;New World Remuera,2,16,21496.04,05:58:16
Fri_00537,Four Square Hobsonville;New World Hobsonville;Four Square Britomart,3,15,21503.07,05:58:23
Fri_00538,New World Newmarket;Four Square Ellerslie;Four Square Pakuranga Heights,3,15,21511.14,05:58:31
Fri_00539,New World Point Chevalier;New World Remuera;Four Square Ellerslie,3,16,21518.44,05:58:38
Fri_00540,Pak 'n Save Clendon;Four Square Fair Price Henderson,2,14,21524.01,05:58:44
Fri_00541,Four Square Onehunga;New World Metro Queen St;Four Square Britomart;Four Square Fair Price Henderson,4,15,21526.28,05:58:46
Fri_00542,Pak 'n Save Sylvia Park;Four Square St Heliers,2,15,21526.84,05:58:46
Fri_00543,New World Mt Roskill;Four Square Glen Eden;Four Square Remuera,3,15,21530.08,05:58:50
Fri_00544,Four Square Eden Terrace;Four Square Onehunga;New World New Lynn,3,16,21534.48,05:58:54
Fri_00545,Four Square St Heliers;Pak 'n Save Glen Innes,2,15,21537.6,05:58:57
Fri_00546,Four Square St Heliers;New World Eastridge;Four Square Eden Terrace,3,15,21539.64,05:58:59
Fri_00547,New World Remuera;Four Square Eden Terrace;Four Square Fair Price Henderson,3,15,21542.85,05:59:02
Fri_00548,New World Papatoetoe;New World Newmarket,2,16,21548.29,05:59:08
Fri_00549,New World Eastridge;Four Square St Heliers;New World Metro Queen St,3,15,21551.4,05:59:11
Fri_00550,New World Metro Queen St;Four Square Onehunga;New World Papatoetoe,3,15,21552.64,05:59:12
Fri_00551,Four Square Onehunga;Four Square Eden Terrace;New World Metro Queen St;New World Metro Shore City,4,15,21555.55,05:59:15
Fri_00552,Pak 'n Save Clendon;Four Square Eden Terrace,2,15,21560.31,05:59:20
Fri_00553,New World Newmarket;Four Square Fair Price Henderson;Four Square Glen Eden,3,15,21570.85,05:59:30
Fri_00554,Four Square St Heliers;New World Eastridge;New World Metro Queen St,3,15,21577.35,05:59:37
Fri_00555,New World Stonefields;Four Square Remuera;Four Square Eden Terrace,3,16,21579.38,05:59:39
Fri_00556,Four Square Onehunga;New World Metro Queen St;New World Remuera,3,16,21584.99,05:59:44
Fri_00557,New World Newmarket;New World Papatoetoe,2,16,21601.06,06:00:01
Fri_00558,Four Square Pakuranga Heights;Pak 'n Save Highland Park;Four Square Ellerslie,3,15,21604.82,06:00:04
Fri_00559,Four Square Glen Eden;Four Square Remuera;New World Remuera,3,15,21612.18,06:00:12
Fri_00560,Four Square Britomart;Four Square Eden Terrace;New World Remuera,3,16,21623.22,06:00:23
Fri_00561,Pak 'n Save Mangere;Four Square Onehunga;Four Square Ellerslie,3,16,21638.21,06:00:38
Fri_00562,New World Southmall;New World Metro Queen St;Four Square Britomart,3,15,21643.87,06:00:43
Fri_00563,New World Point Chevalier;Four Square Eden Terrace;Four Square Ellerslie;Four Square Remuera,4,16,21645.52,06:00:45
Fri_00564,New World Eastridge;New World Newmarket,2,16,21648.07,06:00:48
Fri_00565,New World Papakura;New World Papatoetoe,2,15,21650.92,06:00:50
Fri_00566,New World Southmall;Four Square Britomart;New World Metro Queen St,3,15,21653.8,06:00:53
Fri_00567,New World Mt Roskill;New World Ormiston,2,16,21658.09,06:00:58
Fri_00568,Four Square Fair Price Henderson;Four Square Remuera;New World Remuera,3,15,21664.09,06:01:04
Fri_00569,New World Hobsonville;New World New Lynn,2,16,21667.59,06:01:07
Fri_00570,New World New Lynn;New World Hobsonville,2,16,21667.7,06:01:07
Fri_00571,Four Square Remuera;Four Square Eden Terrace;New World Victoria Park,3,16,21670.11,06:01:10
Fri_00572,New World Southmall;New World Botany,2,15,21673.79,06:01:13
Fri_00573,New World Ormiston;Four Square Eden Terrace;Four Square Ellerslie,3,14,21674.08,06:01:14
Fri_00574,New World Point Chevalier;New World Mt Albert;Four Square Fair Price Henderson,3,16,21682.95,06:01:22
Fri_00575,New World Newmarket;Four Square Pakuranga Heights;Four Square Ellerslie,3,15,21684.62,06:01:24
Fri_00576,New World Metro Shore City;New World Remuera;Four Square Remuera,3,15,21686.08,06:01:26
Fri_00577,New World Southmall;New World Metro Queen St;Four Square Eden Terrace,3,15,21700.88,06:01:40
Fri_00578,New World Green Bay;New World Papatoetoe,2,16,21701.47,06:01:41
Fri_00579,Pak 'n Save Mangere;Four Square Ellerslie;Four Square Onehunga,3,16,21711.71,06:01:51
Fri_00580,Four Square Onehunga;New World New Lynn;Four Square Hobsonville,3,15,21719.21,06:01:59
Fri_00581,New World Mt Albert;New World Birkenhead,2,16,21729.99,06:02:09
Fri_00582,New World Papatoetoe;Four Square Botany Junction;Four Square Pakuranga Heights,3,15,21735.66,06:02:15
Fri_00583,Four Square Onehunga;New World New Lynn;Four Square Eden Terrace,3,16,21745.97,06:02:25
Fri_00584,New World Mt Roskill;New World Devonport,2,15,21749.5,06:02:29
Fri_00585,Four Square Glen Eden;Pak 'n Save Westgate,2,16,21750.26,06:02:30
Fri_00586,New World Mt Roskill;Four Square Onehunga;Four Square Pakuranga Heights,3,16,21761.3,06:02:41
Fri_00587,Pak 'n Save Ormiston;Four Square Botany Junction;Four Square Ellerslie,3,15,21761.6,06:02:41
Fri_00588,New World Papakura;Four Square Remuera;Four Square Ellerslie,3,14,21762.7,06:02:42
Fri_00589,Pak 'n Save Henderson;Four Square Fair Price Henderson;Four Square Glen Eden,3,16,21768.13,06:02:48
Fri_00590,Four Square Remuera;Four Square Britomart;New World Victoria Park,3,16,21775.05,06:02:55
Fri_00591,New World Devonport;New World Mt Roskill,2,15,21775.62,06:02:55
Fri_00592,New World Botany;New World Southmall,2,15,21784.63,06:03:04
Fri_00593,Pak 'n Save Royal Oak;Four Square Botany Junction,2,16,21788.76,06:03:08
Fri_00594,New World New Lynn;New World Point Chevalier;Four Square Ellerslie,3,16,21791.84,06:03:11
Fri_00595,Four Square Eden Terrace;New World Hobsonville;Four Square Fair Price Henderson,3,15,21804.14,06:03:24
Fri_00596,New World Point Chevalier;Four Square Eden Terrace;Four Square Remuera;Four Square Ellerslie,4,16,21804.42,06:03:24
Fri_00597,Four Square Cockle Bay;Pak 'n Save Manukau,2,15,21808.43,06:03:28
Fri_00598,Four Square Botany Junction;Pak 'n Save Ormiston;Four Square Ellerslie,3,15,21808.75,06:03:28
Fri_00599,New World Mt Albert;New World Metro Queen St;Four Square Lancaster,3,15,21809.59,06:03:29
Fri_00600,Pak 'n Save Royal Oak;Four Square St Heliers,2,16,21816.2,06:03:36
Fri_00601,New World Mt Roskill;Four Square Pakuranga Heights;Four Square Eden Terrace,3,16,21820.74,06:03:40
Fri_00602,New World Mt Roskill;Four Square Botany Junction;Four Square Onehunga,3,16,21827.79,06:03:47
Fri_00603,New World Mt Roskill;Four Square Onehunga;Four Square St Heliers,3,16,21830.75,06:03:50
Fri_00604,New World New Lynn;New World Metro Shore City;New World Metro Queen St,3,15,21832.05,06:03:52
Fri_00605,Pak 'n Save Westgate;Four Square Glen Eden,2,16,21844.74,06:04:04
Fri_00606,New World Stonefields;Four Square Ellerslie;New World Point Chevalier,3,16,21848.66,06:04:08
Fri_00607,New World Remuera;Four Square Britomart;Four Square Onehunga,3,16,21849.06,06:04:09
Fri_00608,Four Square Pakuranga Heights;New World Eastridge;Four Square Britomart,3,15,21865.22,06:04:25
Fri_00609,Pak 'n Save Royal Oak;Four Square Pakuranga Heights,2,16,21871.16,06:04:31
Fri_00610,New World Metro Shore City;New World Milford;Four Square Hobsonville,3,15,21881.88,06:04:41
Fri_00611,New World Papatoetoe;Pak 'n Save Ormiston,2,16,21882.85,06:04:42
Fri_00612,New World Papatoetoe;Four Square Botany Junction;Four Square Britomart,3,15,21888.11,06:04:48
Fri_00613,New World New Lynn;New World Metro Shore City;Four Square Britomart,3,15,21892.82,06:04:52
Fri_00614,New World New Lynn;Four Square Britomart;Four Square Glen Eden,3,15,21893.42,06:04:53
Fri_00615,New World New Lynn;New World Metro Shore City;Four Square Eden Terrace,3,15,21902.57,06:05:02
Fri_00616,New World Victoria Park;New World Metro Shore City;Four Square Remuera,3,15,21902.9,06:05:02
Fri_00617,New World New Lynn;Four Square Onehunga;Four Square Britomart,3,16,21905.67,06:05:05
Fri_00618,New World Browns Bay;New World Mt Albert,2,15,21914.38,06:05:14
Fri_00619,Four Square Ellerslie;Four Square Onehunga;New World Howick,3,14,21916.31,06:05:16
Fri_00620,New World Mt Albert;New World Point Chevalier;New World Metro Shore City,3,16,21916.53,06:05:16
Fri_00621,New World Mt Albert;Four Square Pakuranga Heights;New World Metro Queen St,3,15,21925.45,06:05:25
Fri_00622,Four Square Onehunga;New World Metro Queen St;Four Square Britomart;Four Square Remuera,4,16,21929.89,06:05:29
Fri_00623,Pak 'n Save Highland Park;Four Square Remuera;Four Square Ellerslie,3,15,21930.4,06:05:30
Fri_00624,Four Square Pakuranga Heights;New World Stonefields;Four Square Onehunga,3,16,21930.92,06:05:30
Fri_00625,New World Point Chevalier;New World Stonefields;Four Square Ellerslie,3,16,21934.52,06:05:34
Fri_00626,Pak 'n Save Manukau;Four Square St Heliers,2,15,21935.9,06:05:35
Fri_00627,Pak 'n Save Henderson;Four Square Fair Price Henderson;Four Square Ellerslie,3,15,21940.13,06:05:40
Fri_00628,Four Square Torbay;New World Ormiston,2,12,21942.32,06:05:42
Fri_00629,Pak 'n Save Clendon;Four Square Remuera,2,15,21948.27,06:05:48
Fri_00630,Four Square Remuera;Pak 'n Save Clendon,2,15,21948.77,06:05:48
Fri_00631,Pak 'n Save Wairau Road;New World Point Chevalier,2,16,21951.84,06:05:51
Fri_00632,Four Square Ellerslie;Four Square Cockle Bay;New World Stonefields,3,14,21952.53,06:05:52
Fri_00633,New World Mt Roskill;Four Square Hobsonville;Four Square Remuera,3,15,21956.16,06:05:56
Fri_00634,Four Square Pakuranga Heights;Pak 'n Save Lincoln Road,2,15,21966.05,06:06:06
Fri_00635,New World Milford;New World Mt Albert,2,16,21968.55,06:06:08
Fri_00636,New World Hobsonville;Four Square Hobsonville;Four Square Remuera,3,15,21973.2,06:06:13
Fri_00637,New World Remuera;New World Metro Shore City;New World Metro Queen St,3,15,21980.33,06:06:20
Fri_00638,Four Square Onehunga;New World Newmarket;Four Square Glen Eden,3,16,21982.06,06:06:22
Fri_00639,Four Square Glen Eden;New World Remuera;Four Square Britomart,3,15,21985.18,06:06:25
Fri_00640,New World Point Chevalier;New World Metro Queen St;Four Square Britomart;Four Square Ellerslie,4,16,21987.03,06:06:27
Fri_00641,Four Square Hobsonville;New World Hobsonville;Four Square Remuera,3,15,21987.46,06:06:27
Fri_00642,Pak 'n Save Clendon;New World Metro Queen St,2,15,21993.35,06:06:33
Fri_00643,New World Mt Roskill;Four Square Lancaster;Four Square Hobsonville,3,15,21998.89,06:06:38
Fri_00644,Pak 'n Save Ormiston;New World Papatoetoe,2,16,21999.18,06:06:39
Fri_00645,New World Newmarket;Four Square Eden Terrace;Four Square Glen Eden,3,16,22015.39,06:06:55
Fri_00646,Four Square Lancaster;New World Hobsonville;Four Square Hobsonville,3,15,22015.93,06:06:55
Fri_00647,New World Victoria Park;New World Devonport,2,15,22025.9,06:07:05
Fri_00648,New World Stonefields;New World Metro Queen St;Four Square Britomart,3,16,22028.11,06:07:08
Fri_00649,New World Mt Albert;New World Milford,2,16,22031.43,06:07:11
Fri_00650,Four Square Remuera;Four Square Hobsonville;New World Hobsonville,3,15,22037.21,06:07:17
Fri_00651,New World Point Chevalier;Pak 'n Save Wairau Road,2,16,22037.7,06:07:17
Fri_00652,New World Stonefields;Four Square Britomart;New World Metro Queen St,3,16,22038.05,06:07:18
Fri_00653,New World Birkenhead;Four Square Remuera;Four Square Ellerslie,3,15,22042.41,06:07:22
Fri_00654,New World Stonefields;Four Square Ellerslie;Four Square Lancaster,3,14,22047.23,06:07:27
Fri_00655,New World Mt Roskill;Four Square Pakuranga Heights;Four Square Botany Junction,3,16,22050.03,06:07:30
Fri_00656,New World Ormiston;Four Square Ellerslie;Four Square St Heliers,3,14,22054.58,06:07:34
Fri_00657,Pak 'n Save Lincoln Road;Four Square Lancaster,2,15,22060.15,06:07:40
Fri_00658,New World Victoria Park;New World Stonefields,2,16,22075.03,06:07:55
Fri_00659,New World Victoria Park;Four Square Lancaster;New World Metro Shore City,3,15,22086.68,06:08:06
Fri_00660,Four Square Pakuranga Heights;New World Botany;Four Square Botany Junction,3,16,22087.53,06:08:07
Fri_00661,Pak 'n Save Wairau Road;Four Square Pakuranga Heights,2,14,22092.9,06:08:12
Fri_00662,Pak 'n Save Clendon;Four Square Britomart,2,15,22104.29,06:08:24
Fri_00663,Pak 'n Save Mt Albert;Four Square Botany Junction,2,16,22107.86,06:08:27
Fri_00664,New World Mt Roskill;New World Botany,2,16,22113.1,06:08:33
Fri_00665,New World Hobsonville;Four Square Hobsonville;Four Square Lancaster,3,15,22114.49,06:08:34
Fri_00666,New World Green Bay;Four Square Glen Eden;New World Metro Queen St,3,16,22125.72,06:08:45
Fri_00667,New World Newmarket;Four Square Eden Terrace;Four Square Fair Price Henderson,3,16,22127.33,06:08:47
Fri_00668,Four Square Remuera;New World Stonefields;Four Square Britomart,3,16,22128.33,06:08:48
Fri_00669,New World Point Chevalier;New World Mt Albert;Four Square Hobsonville,3,16,22143.36,06:09:03
Fri_00670,Pak 'n Save Glen Innes;Four Square Pakuranga Heights,2,15,22144.2,06:09:04
Fri_00671,New World Birkenhead;New World Metro Queen St;Four Square Ellerslie,3,15,22147.38,06:09:07
Fri_00672,New World New Lynn;Four Square Fair Price Henderson;Four Square Remuera,3,15,22152.25,06:09:12
Fri_00673,New World Papatoetoe;New World Howick,2,15,22152.52,06:09:12
Fri_00674,New World Mt Roskill;Four Square St Heliers;Four Square Onehunga,3,16,22155.54,06:09:15
Fri_00675,New World Mt Roskill;New World Papakura,2,16,22158.99,06:09:18
Fri_00676,New World Metro Shore City;New World Remuera;Four Square Britomart,3,15,22167.82,06:09:27
Fri_00677,Pak 'n Save Wairau Road;New World Metro Shore City;Four Square Ellerslie,3,15,22168.89,06:09:28
Fri_00678,Pak 'n Save Highland Park;Four Square Cockle Bay;Four Square Ellerslie,3,15,22172.78,06:09:32
Fri_00679,Four Square St Heliers;New World Newmarket;Four Square Ellerslie,3,15,22178.35,06:09:38
Fri_00680,New World Newmarket;Four Square Hobsonville;Four Square Fair Price Henderson,3,15,22190.2,06:09:50
Fri_00681,Four Square Cockle Bay;Pak 'n Save Highland Park;Four Square Ellerslie,3,15,22193.39,06:09:53
Fri_00682,New World Green Bay;Four Square Ellerslie;Four Square St Heliers,3,15,22196.44,06:09:56
Fri_00683,New World Remuera;Four Square Onehunga;Four Square Britomart,3,16,22196.68,06:09:56
Fri_00684,New World Green Bay;Four Square Glen Eden;Four Square Britomart,3,16,22196.78,06:09:56
Fri_00685,New World New Lynn;New World Stonefields,2,16,22197.04,06:09:57
Fri_00686,Pak 'n Save Highland Park;New World Mt Albert,2,16,22199.71,06:09:59
Fri_00687,Four Square Hobsonville;New World Hobsonville;Four Square Lancaster,3,15,22200.2,06:10:00
Fri_00688,New World Birkenhead;Four Square Britomart;Four Square Ellerslie,3,15,22208.1,06:10:08
Fri_00689,Four Square Onehunga;Four Square Pakuranga Heights;New World Botany,3,16,22214.03,06:10:14
Fri_00690,Four Square Eden Terrace;New World Mt Roskill;New World Metro Queen St,3,16,22222.27,06:10:22
Fri_00691,Four Square Fair Price Henderson;New World Milford;New World Metro Shore City,3,15,22226.48,06:10:26
Fri_00692,New World Metro Shore City;New World Mt Albert;New World Point Chevalier,3,16,22231.51,06:10:31
Fri_00693,New World Newmarket;New World Southmall,2,16,22243.36,06:10:43
Fri_00694,New World Stonefields;Four Square Eden Terrace;Four Square Fair Price Henderson,3,15,22243.85,06:10:43
Fri_00695,Four Square St Heliers;Pak 'n Save Manukau,2,15,22245.64,06:10:45
Fri_00696,New World Victoria Park;New World Metro Shore City;Four Square Lancaster,3,15,22246.25,06:10:46
Fri_00697,Pak 'n Save Manukau;Four Square Cockle Bay,2,15,22250.3,06:10:50
Fri_00698,New World Mt Roskill;Four Square Pakuranga Heights;New World Metro Queen St,3,16,22253.78,06:10:53
Fri_00699,Pak 'n Save Ormiston;Four Square Pakuranga Heights;Four Square Ellerslie,3,15,22261.13,06:11:01
Fri_00700,Four Square Eden Terrace;Four Square Britomart;New World Stonefields,3,16,22263.02,06:11:03
Fri_00701,New World Mt Albert;New World Eastridge;Four Square Ellerslie,3,16,22264.29,06:11:04
Fri_00702,Pak 'n Save Henderson;Four Square Ellerslie;Four Square Onehunga,3,16,22266.47,06:11:06
Fri_00703,Four Square Eden Terrace;New World Mt Albert;Four Square Botany Junction,3,15,22272.87,06:11:12
Fri_00704,Four Square Ellerslie;Four Square Remuera;Pak 'n Save Highland Park,3,15,22274.92,06:11:14
Fri_00705,New World Mt Roskill;Four Square Britomart;Four Square St Heliers,3,16,22282.33,06:11:22
Fri_00706,New World Remuera;Four Square Fair Price Henderson;Four Square Onehunga,3,15,22283.24,06:11:23
Fri_00707,Pak 'n Save Henderson;Four Square Fair Price Henderson;Four Square Hobsonville,3,16,22286.27,06:11:26
Fri_00708,New World Howick;Four Square Pakuranga Heights;Four Square Onehunga,3,16,22289.0,06:11:29
Fri_00709,New World Mt Roskill;Four Square Pakuranga Heights;Four Square Glen Eden,3,15,22306.78,06:11:46
Fri_00710,New World Papatoetoe;Four Square Cockle Bay;Four Square Botany Junction,3,15,22310.21,06:11:50
Fri_00711,New World Green Bay;Four Square Fair Price Henderson;Four Square Onehunga,3,16,22314.18,06:11:54
Fri_00712,Four Square Glen Eden;New World Green Bay;Four Square Britomart,3,16,22316.1,06:11:56
Fri_00713,Pak 'n Save Glen Innes;Four Square Hobsonville,2,14,22318.89,06:11:58
Fri_00714,Four Square Pakuranga Heights;New World Ormiston;Four Square Botany Junction,3,16,22321.36,06:12:01
Fri_00715,Four Square Eden Terrace;New World Newmarket;New World Metro Shore City,3,16,22325.73,06:12:05
Fri_00716,New World Mt Albert;New World Browns Bay,2,15,22327.54,06:12:07
Fri_00717,New World Mt Roskill;New World Metro Queen St;Four Square St Heliers,3,16,22333.89,06:12:13
Fri_00718,New World Devonport;Four Square Britomart;New World Metro Queen St,3,15,22345.41,06:12:25
Fri_00719,New World Southmall;Pak 'n Save Ormiston,2,16,22348.44,06:12:28
Fri_00720,New World Green Bay;Four Square Hobsonville;Four Square Glen Eden,3,15,22350.41,06:12:30
Fri_00721,New World Mt Roskill;Four Square Eden Terrace;Four Square Botany Junction,3,16,22362.03,06:12:42
Fri_00722,New World Green Bay;Four Square Onehunga;Four Square Glen Eden,3,16,22377.6,06:12:57
Fri_00723,Four Square Ellerslie;Four Square Pakuranga Heights;New World Papakura,3,14,22378.13,06:12:58
Fri_00724,New World Botany;New World Ormiston,2,16,22378.55,06:12:58
Fri_00725,Four Square Fair Price Henderson;New World Point Chevalier;New World Metro Queen St;Four Square Ellerslie,4,15,22382.48,06:13:02
Fri_00726,New World Devonport;New World Metro Queen St;Four Square Britomart,3,15,22385.64,06:13:05
Fri_00727,New World Point Chevalier;New World Mt Albert;New World Metro Shore City,3,16,22394.19,06:13:14
Fri_00728,New World Mt Roskill;New World Long Bay,2,15,22398.36,06:13:18
Fri_00729,New World Green Bay;Four Square Ellerslie;Four Square Pakuranga Heights,3,15,22401.37,06:13:21
Fri_00730,New World Southmall;New World Green Bay,2,16,22401.8,06:13:21
Fri_00731,New World Birkenhead;Four Square Lancaster;Four Square Ellerslie,3,15,22406.58,06:13:26
Fri_00732,New World Ormiston;New World Botany,2,16,22411.17,06:13:31
Fri_00733,Pak 'n Save Mt Albert;Four Square St Heliers,2,16,22421.26,06:13:41
Fri_00734,Four Square Glen Eden;Pak 'n Save Henderson;Four Square Hobsonville,3,16,22425.88,06:13:45
Fri_00735,Pak 'n Save Lincoln Road;Four Square St Heliers,2,15,22432.04,06:13:52
Fri_00736,New World Mt Roskill;Four Square Eden Terrace;Four Square Pakuranga Heights,3,16,22444.42,06:14:04
Fri_00737,New World Green Bay;New World Southmall,2,16,22449.57,06:14:09
Fri_00738,New World Mt Roskill;Four Square Botany Junction;Four Square Glen Eden,3,15,22450.0,06:14:10
Fri_00739,Four Square Britomart;New World Metro Queen St;New World Point Chevalier;Four Square Ellerslie,4,16,22453.78,06:14:13
Fri_00740,New World Papatoetoe;Four Square Botany Junction;Four Square Cockle Bay,3,15,22459.29,06:14:19
Fri_00741,New World Metro Queen St;New World Newmarket;Four Square Glen Eden,3,16,22461.56,06:14:21
Fri_00742,Pak 'n Save Mt Albert;Four Square Lancaster,2,16,22469.31,06:14:29
Fri_00743,New World Mt Roskill;New World Howick,2,16,22471.34,06:14:31
Fri_00744,Pak 'n Save Mt Albert;Four Square Pakuranga Heights,2,16,22474.41,06:14:34
Fri_00745,New World Mt Roskill;Four Square Torbay;Four Square Ellerslie,3,14,22479.97,06:14:39
Fri_00746,New World Point Chevalier;New World Mt Roskill;Four Square Ellerslie,3,16,22480.94,06:14:40
Fri_00747,New World Metro Queen St;Four Square Britomart;New World Point Chevalier;Four Square Ellerslie,4,16,22483.72,06:14:43
Fri_00748,Pak 'n Save Ormiston;New World Southmall,2,16,22490.19,06:14:50
Fri_00749,Four Square Onehunga;New World Botany;Four Square Pakuranga Heights,3,16,22494.91,06:14:54
Fri_00750,Four Square Hobsonville;New World Remuera;Four Square Britomart,3,15,22497.5,06:14:57
Fri_00751,Four Square Onehunga;Pak 'n Save Mangere;Four Square Ellerslie,3,16,22499.41,06:14:59
Fri_00752,Four Square Eden Terrace;New World Point Chevalier;New World Metro Queen St;Four Square Ellerslie,4,16,22499.88,06:14:59
Fri_00753,Four Square Fair Price Henderson;New World Green Bay;Four Square Onehunga,3,16,22502.03,06:15:02
Fri_00754,Pak 'n Save Clendon;Four Square Pakuranga Heights,2,15,22503.5,06:15:03
Fri_00755,Four Square Onehunga;New World Metro Shore City;New World Milford,3,16,22506.88,06:15:06
Fri_00756,New World Hobsonville;Four Square Glen Eden;Four Square Hobsonville,3,14,22515.01,06:15:15
Fri_00757,New World Mt Roskill;Four Square St Heliers;Four Square Eden Terrace,3,16,22532.06,06:15:32
Fri_00758,Four Square Pakuranga Heights;Four Square Eden Terrace;New World Victoria Park,3,16,22543.34,06:15:43
Fri_00759,New World Eastridge;New World Botany,2,15,22543.95,06:15:43
Fri_00760,New World Green Bay;New World Eastridge,2,16,22546.58,06:15:46
Fri_00761,New World Green Bay;Four Square Eden Terrace;Four Square Glen Eden,3,16,22546.97,06:15:46
Fri_00762,New World Green Bay;Four Square St Heliers;Four Square Ellerslie,3,15,22550.9,06:15:50
Fri_00763,New World Hobsonville;Four Square Britomart;New World Metro Queen St,3,16,22552.02,06:15:52
Fri_00764,Four Square Fair Price Henderson;Pak 'n Save Lincoln Road;Four Square Ellerslie,3,16,22559.29,06:15:59
Fri_00765,Pak 'n Save Lincoln Road;Four Square Fair Price Henderson;Four Square Ellerslie,3,16,22559.29,06:15:59
Fri_00766,New World Newmarket;New World Metro Queen St;Four Square Fair Price Henderson,3,16,22560.37,06:16:00
Fri_00767,New World Birkenhead;Four Square Onehunga;Four Square Ellerslie,3,15,22564.12,06:16:04
Fri_00768,New World Botany;Four Square Botany Junction;Four Square Onehunga,3,16,22568.35,06:16:08
Fri_00769,New World Newmarket;Four Square Ellerslie;Four Square Lancaster,3,15,22570.78,06:16:10
Fri_00770,Four Square Eden Terrace;New World Point Chevalier;Four Square Britomart;Four Square Ellerslie,4,16,22570.88,06:16:10
Fri_00771,New World Mt Albert;Four Square Remuera;Four Square Lancaster,3,15,22582.5,06:16:22
Fri_00772,Four Square Ellerslie;New World Papakura;Four Square Remuera,3,14,22583.67,06:16:23
Fri_00773,New World Mt Roskill;Four Square Glen Eden;Four Square Botany Junction,3,15,22584.01,06:16:24
Fri_00774,Pak 'n Save Henderson;Four Square Glen Eden;Four Square Ellerslie,3,15,22585.06,06:16:25
Fri_00775,New World Newmarket;Four Square Eden Terrace;Four Square Hobsonville,3,16,22587.74,06:16:27
Fri_00776,Pak 'n Save Highland Park;New World Papatoetoe,2,16,22588.64,06:16:28
Fri_00777,New World New Lynn;Four Square Cockle Bay;Four Square Ellerslie,3,14,22592.6,06:16:32
Fri_00778,New World Howick;New World Botany,2,16,22603.88,06:16:43
Fri_00779,Four Square Pakuranga Heights;New World Victoria Park;New World Metro Queen St,3,16,22607.72,06:16:47
Fri_00780,New World Milford;Four Square Eden Terrace;Four Square Ellerslie,3,15,22608.76,06:16:48
Fri_00781,New World Mt Albert;Four Square Eden Terrace;Four Square Cockle Bay,3,15,22609.36,06:16:49
Fri_00782,Four Square Botany Junction;New World Ormiston;Four Square Eden Terrace,3,16,22612.65,06:16:52
Fri_00783,Pak 'n Save Mangere;Four Square Eden Terrace;Four Square Ellerslie,3,16,22615.57,06:16:55
Fri_00784,Four Square St Heliers;New World Stonefields;Four Square Remuera,3,16,22624.93,06:17:04
Fri_00785,Pak 'n Save Highland Park;Four Square St Heliers;Four Square Ellerslie,3,15,22627.04,06:17:07
Fri_00786,Pak 'n Save Mangere;Four Square Remuera;Four Square Ellerslie,3,16,22628.37,06:17:08
Fri_00787,New World Southmall;New World Howick,2,15,22637.16,06:17:17
Fri_00788,New World Mt Albert;Pak 'n Save Ormiston,2,16,22649.01,06:17:29
Fri_00789,Four Square Onehunga;Four Square Remuera;New World Point Chevalier;Four Square Ellerslie,4,16,22655.11,06:17:35
Fri_00790,New World Green Bay;Four Square Eden Terrace;Four Square Fair Price Henderson,3,16,22658.91,06:17:38
Fri_00791,New World Point Chevalier;New World Southmall;Four Square Ellerslie,3,15,22665.1,06:17:45
Fri_00792,Four Square Eden Terrace;New World Milford;Four Square Ellerslie,3,15,22667.67,06:17:47
Fri_00793,New World Mt Roskill;Four Square Botany Junction;Four Square Remuera,3,16,22667.91,06:17:47
Fri_00794,Four Square Cockle Bay;Pak 'n Save Royal Oak,2,16,22668.48,06:17:48
Fri_00795,New World Mt Roskill;Four Square Botany Junction;Four Square Pakuranga Heights,3,16,22671.48,06:17:51
Fri_00796,Pak 'n Save Westgate;New World Metro Shore City,2,16,22674.4,06:17:54
Fri_00797,New World Mt Roskill;New World Albany,2,16,22677.81,06:17:57
Fri_00798,New World Green Bay;Four Square Glen Eden;Four Square Remuera,3,16,22681.17,06:18:01
Fri_00799,New World Point Chevalier;Four Square Ellerslie;Four Square Eden Terrace;Four Square Remuera,4,16,22682.72,06:18:02
Fri_00800,New World Mt Roskill;Four Square Onehunga;Four Square Lancaster,3,16,22685.18,06:18:05
Fri_00801,Four Square Botany Junction;New World Botany;Four Square Pakuranga Heights,3,16,22690.2,06:18:10
Fri_00802,New World New Lynn;New World Devonport,2,15,22693.74,06:18:13
Fri_00803,New World Newmarket;Four Square Eden Terrace;New World Metro Shore City,3,16,22693.81,06:18:13
Fri_00804,Four Square Eden Terrace;Four Square Botany Junction;New World Ormiston,3,16,22694.73,06:18:14
Fri_00805,Four Square Onehunga;New World Browns Bay;Four Square Hobsonville,3,15,22695.32,06:18:15
Fri_00806,New World Southmall;New World Metro Queen St;Four Square Remuera,3,15,22696.29,06:18:16
Fri_00807,Four Square Botany Junction;New World Eastridge;Four Square Britomart,3,15,22698.5,06:18:18
Fri_00808,Four Square Eden Terrace;New World Milford;New World Metro Shore City,3,16,22702.83,06:18:22
Fri_00809,New World Papatoetoe;New World Southmall;Four Square Ellerslie,3,16,22702.95,06:18:22
Fri_00810,Four Square Glen Eden;New World Metro Shore City;New World Newmarket,3,15,22704.65,06:18:24
Fri_00811,New World Papatoetoe;Four Square Onehunga;Four Square St Heliers,3,15,22709.5,06:18:29
Fri_00812,New World Mt Roskill;Four Square Remuera;Four Square Pakuranga Heights,3,16,22712.11,06:18:32
Fri_00813,Four Square Eden Terrace;New World Botany;Four Square Botany Junction,3,16,22712.6,06:18:32
Fri_00814,New World Mt Roskill;Four Square Botany Junction;New World Metro Queen St,3,16,22712.99,06:18:32
Fri_00815,New World Metro Queen St;New World Newmarket;New World Metro Shore City,3,16,22717.12,06:18:37
Fri_00816,Four Square Pakuranga Heights;Pak 'n Save Botany;Four Square Ellerslie,3,16,22722.62,06:18:42
Fri_00817,New World Green Bay;Four Square Botany Junction;Four Square Ellerslie,3,15,22729.62,06:18:49
Fri_00818,New World Mt Albert;Four Square Pakuranga Heights;Four Square Cockle Bay,3,15,22732.03,06:18:52
Fri_00819,New World Long Bay;New World Albany,2,15,22739.04,06:18:59
Fri_00820,New World Long Bay;New World Browns Bay,2,15,22743.86,06:19:03
Fri_00821,New World Papatoetoe;Four Square Ellerslie;New World Eastridge,3,16,22744.91,06:19:04
Fri_00822,New World Albany;New World Long Bay,2,15,22745.62,06:19:05
Fri_00823,Four Square St Heliers;New World Remuera;Four Square Remuera,3,16,22746.97,06:19:06
Fri_00824,Pak 'n Save Albany;New World Point Chevalier,2,16,22751.46,06:19:11
Fri_00825,New World Point Chevalier;Four Square Eden Terrace;Four Square Fair Price Henderson;Four Square Glen Eden,4,16,22765.31,06:19:25
Fri_00826,New World Mt Albert;New World Papatoetoe;Four Square Ellerslie,3,16,22768.13,06:19:28
Fri_00827,New World Devonport;New World Remuera,2,15,22779.41,06:19:39
Fri_00828,New World Browns Bay;New World Long Bay,2,15,22779.6,06:19:39
Fri_00829,Four Square Cockle Bay;New World Botany;Four Square Botany Junction,3,16,22779.66,06:19:39
Fri_00830,New World Botany;Four Square Pakuranga Heights;Four Square Eden Terrace,3,16,22785.67,06:19:45
Fri_00831,New World Stonefields;Four Square Remuera;Four Square St Heliers,3,16,22786.37,06:19:46
Fri_00832,New World Hobsonville;New World Long Bay,2,15,22787.74,06:19:47
Fri_00833,Four Square Britomart;New World Newmarket;New World Metro Shore City,3,16,22788.14,06:19:48
Fri_00834,New World Howick;Four Square Cockle Bay;Four Square Botany Junction,3,16,22793.84,06:19:53
Fri_00835,New World Albany;New World Victoria Park,2,16,22798.52,06:19:58
Fri_00836,Four Square Glen Eden;New World Green Bay;Four Square Remuera,3,16,22800.5,06:20:00
Fri_00837,New World Green Bay;Four Square Fair Price Henderson;New World Metro Queen St,3,16,22802.26,06:20:02
Fri_00838,New World Newmarket;Four Square Remuera;Four Square Fair Price Henderson,3,16,22804.96,06:20:04
Fri_00839,New World Papakura;Four Square Ellerslie;Four Square Botany Junction,3,14,22810.87,06:20:10
Fri_00840,Four Square Lancaster;Pak 'n Save Sylvia Park,2,15,22816.4,06:20:16
Fri_00841,Pak 'n Save Highland Park;New World Metro Queen St;Four Square Ellerslie,3,15,22819.15,06:20:19
Fri_00842,New World Mt Roskill;Four Square St Heliers;Four Square Glen Eden,3,15,22822.53,06:20:22
Fri_00843,New World Mt Roskill;Four Square Botany Junction;Four Square Britomart,3,16,22823.93,06:20:23
Fri_00844,Four Square Glen Eden;Four Square Botany Junction;New World Ormiston,3,15,22830.47,06:20:30
Fri_00845,New World Mt Albert;Pak 'n Save Highland Park,2,16,22831.48,06:20:31
Fri_00846,New World Point Chevalier;New World New Lynn;Four Square Ellerslie,3,16,22833.53,06:20:33
Fri_00847,Pak 'n Save Papakura;Four Square Ellerslie;Four Square Onehunga,3,16,22840.13,06:20:40
Fri_00848,New World Albany;Four Square Hobsonville;Four Square Onehunga,3,15,22841.26,06:20:41
Fri_00849,Four Square Britomart;New World Metro Queen St;Four Square St Heliers;Four Square Eden Terrace,4,16,22841.81,06:20:41
Fri_00850,New World Remuera;New World Devonport,2,15,22842.03,06:20:42
Fri_00851,Four Square Torbay;New World Hobsonville;Four Square Hobsonville,3,15,22842.23,06:20:42
Fri_00852,New World Victoria Park;Four Square Lancaster;Four Square Fair Price Henderson,3,15,22847.79,06:20:47
Fri_00853,Four Square Remuera;New World Newmarket;Four Square Fair Price Henderson,3,16,22851.58,06:20:51
Fri_00854,New World Metro Queen St;Four Square Britomart;Four Square Onehunga;Four Square Hobsonville,4,15,22854.39,06:20:54
Fri_00855,Four Square Cockle Bay;Pak 'n Save Clendon,2,15,22870.11,06:21:10
Fri_00856,Four Square Britomart;Four Square Eden Terrace;Four Square Onehunga;New World Metro Queen St,4,16,22870.46,06:21:10
Fri_00857,New World Green Bay;Four Square Fair Price Henderson;Four Square Britomart,3,16,22873.32,06:21:13
Fri_00858,New World Howick;New World Ormiston,2,16,22877.17,06:21:17
Fri_00859,Four Square Remuera;New World Remuera;Four Square Pakuranga Heights,3,16,22880.46,06:21:20
Fri_00860,New World Mt Roskill;Four Square Hobsonville;Four Square Torbay,3,15,22881.1,06:21:21
Fri_00861,Pak 'n Save Henderson;Four Square Eden Terrace;Four Square Ellerslie,3,16,22895.91,06:21:35
Fri_00862,Four Square Pakuranga Heights;New World Hobsonville;Four Square Hobsonville,3,15,22896.18,06:21:36
Fri_00863,New World Hobsonville;Four Square Hobsonville;Four Square Torbay,3,15,22898.14,06:21:38
Fri_00864,Four Square Hobsonville;Pak 'n Save Albany;Four Square Ellerslie,3,15,22905.14,06:21:45
Fri_00865,Four Square Onehunga;New World Metro Queen St;Four Square Lancaster;Four Square Hobsonville,4,15,22908.18,06:21:48
Fri_00866,New World Mt Roskill;Four Square Glen Eden;Four Square St Heliers,3,15,22919.05,06:21:59
Fri_00867,Four Square Botany Junction;Pak 'n Save Botany;Four Square Ellerslie,3,16,22926.03,06:22:06
Fri_00868,New World Metro Shore City;Pak 'n Save Wairau Road;Four Square Hobsonville,3,16,22926.31,06:22:06
Fri_00869,Pak 'n Save Highland Park;Four Square Britomart;Four Square Ellerslie,3,15,22930.04,06:22:10
Fri_00870,Four Square Ellerslie;New World Victoria Park;Four Square Torbay,3,14,22930.96,06:22:10
Fri_00871,Pak 'n Save Mangere;Four Square Fair Price Henderson;Four Square Glen Eden,3,16,22937.02,06:22:17
Fri_00872,New World Albany;New World Hobsonville,2,16,22939.82,06:22:19
Fri_00873,New World New Lynn;Four Square Remuera;Four Square Hobsonville,3,15,22950.16,06:22:30
Fri_00874,New World Ormiston;Four Square Botany Junction;Four Square Remuera,3,16,22953.45,06:22:33
Fri_00875,Four Square Torbay;New World Long Bay;New World Metro Queen St,3,15,22954.69,06:22:34
Fri_00876,New World Ormiston;Four Square Botany Junction;Four Square Pakuranga Heights,3,16,22957.02,06:22:37
Fri_00877,New World Birkenhead;Four Square Lancaster;New World Metro Shore City,3,16,22968.14,06:22:48
Fri_00878,New World Browns Bay;Four Square Torbay;Four Square Hobsonville,3,15,22974.6,06:22:54
Fri_00879,Four Square Pakuranga Heights;Four Square Cockle Bay;New World Botany,3,16,22982.02,06:23:02
Fri_00880,Four Square Hobsonville;New World Hobsonville;Four Square Torbay,3,15,22983.85,06:23:03
Fri_00881,New World Mt Roskill;Four Square Onehunga;Four Square Cockle Bay,3,16,22984.51,06:23:04
Fri_00882,New World Mt Roskill;New World Metro Shore City;Four Square Botany Junction,3,15,22986.23,06:23:06
Fri_00883,New World New Lynn;Four Square Glen Eden;Four Square St Heliers,3,15,22986.63,06:23:06
Fri_00884,Pak 'n Save Henderson;Four Square Remuera;Four Square Ellerslie,3,16,22999.09,06:23:19
Fri_00885,New World Metro Shore City;Four Square Lancaster;New World Remuera,3,15,22999.76,06:23:19
Fri_00886,Pak 'n Save Manukau;Four Square Lancaster,2,15,22999.81,06:23:19
Fri_00887,Four Square Botany Junction;New World Ormiston;Four Square Remuera,3,16,23000.61,06:23:20
Fri_00888,Pak 'n Save Mangere;Four Square Botany Junction;Four Square Ellerslie,3,16,23001.39,06:23:21
Fri_00889,Four Square Cockle Bay;New World Howick;Four Square Botany Junction,3,16,23004.71,06:23:24
Fri_00890,New World Howick;Four Square Cockle Bay;Four Square Pakuranga Heights,3,16,23005.55,06:23:25
Fri_00891,Pak 'n Save Mangere;New World Metro Queen St;Four Square Ellerslie,3,16,23006.97,06:23:26
Fri_00892,New World Southmall;New World Point Chevalier;Four Square Ellerslie,3,15,23010.98,06:23:30
Fri_00893,New World Metro Queen St;New World Point Chevalier;Four Square Onehunga;Four Square Ellerslie,4,16,23011.81,06:23:31
Fri_00894,New World Milford;Four Square Fair Price Henderson;Four Square Glen Eden,3,15,23013.38,06:23:33
Fri_00895,Four Square Torbay;New World Long Bay;Four Square Britomart,3,15,23015.46,06:23:35
Fri_00896,Pak 'n Save Botany;Four Square Ellerslie;Four Square Remuera,3,16,23020.55,06:23:40
Fri_00897,New World Mt Roskill;Four Square Botany Junction;New World Metro Shore City,3,15,23021.55,06:23:41
Fri_00898,New World Albany;Four Square Ellerslie;Four Square St Heliers,3,14,23023.27,06:23:43
Fri_00899,Pak 'n Save Clendon;Four Square St Heliers,2,15,23028.61,06:23:48
Fri_00900,New World Mt Roskill;Four Square Glen Eden;Four Square Lancaster,3,15,23031.8,06:23:51
Fri_00901,New World Metro Queen St;New World Newmarket;Four Square Hobsonville,3,16,23033.91,06:23:53
Fri_00902,New World Green Bay;New World Metro Shore City;New World Metro Queen St,3,16,23037.48,06:23:57
Fri_00903,Pak 'n Save Highland Park;New World Eastridge,2,16,23042.88,06:24:02
Fri_00904,New World Howick;Four Square Cockle Bay;Four Square Eden Terrace,3,16,23050.27,06:24:10
Fri_00905,Four Square Torbay;New World Long Bay;Four Square Onehunga,3,15,23052.02,06:24:12
Fri_00906,Four Square Cockle Bay;New World Ormiston;Four Square Botany Junction,3,16,23052.96,06:24:12
Fri_00907,New World Mt Roskill;New World Browns Bay,2,16,23053.89,06:24:13
Fri_00908,New World Mt Roskill;Four Square Pakuranga Heights;Four Square Cockle Bay,3,16,23060.36,06:24:20
Fri_00909,New World Papatoetoe;Pak 'n Save Highland Park,2,16,23063.72,06:24:23
Fri_00910,New World Metro Shore City;New World Browns Bay;Four Square Onehunga,3,15,23064.86,06:24:24
Fri_00911,Four Square Pakuranga Heights;New World Howick;Four Square Cockle Bay,3,16,23066.69,06:24:26
Fri_00912,Pak 'n Save Mangere;Four Square Britomart;Four Square Ellerslie,3,16,23077.98,06:24:37
Fri_00913,New World Victoria Park;Four Square Eden Terrace;Four Square St Heliers,3,16,23080.04,06:24:40
Fri_00914,Four Square Torbay;New World Metro Queen St;Four Square Britomart;Four Square Ellerslie,4,14,23085.14,06:24:45
Fri_00915,New World Botany;New World Howick,2,16,23095.18,06:24:55
Fri_00916,New World Green Bay;Four Square Britomart;New World Metro Shore City,3,16,23097.63,06:24:57
Fri_00917,New World Green Bay;Four Square Britomart;Four Square Glen Eden,3,16,23098.85,06:24:58
Fri_00918,Four Square Eden Terrace;New World Metro Queen St;Four Square Britomart;Four Square Botany Junction,4,16,23100.21,06:25:00
Fri_00919,Four Square Glen Eden;Pak 'n Save Lincoln Road;Four Square Ellerslie,3,16,23106.86,06:25:06
Fri_00920,New World Green Bay;New World Metro Shore City;Four Square Eden Terrace,3,16,23108.0,06:25:08
Fri_00921,Four Square Torbay;New World Browns Bay;New World Metro Shore City,3,15,23108.96,06:25:08
Fri_00922,Pak 'n Save Henderson;Four Square Onehunga;Four Square Ellerslie,3,16,23118.64,06:25:18
Fri_00923,Four Square Glen Eden;New World Albany;New World Metro Queen St,3,15,23119.34,06:25:19
Fri_00924,New World Metro Shore City;Four Square Lancaster;New World Birkenhead,3,16,23140.31,06:25:40
Fri_00925,New World Long Bay;Four Square Fair Price Henderson;Four Square Eden Terrace,3,14,23141.55,06:25:41
Fri_00926,Four Square Glen Eden;Four Square Britomart;New World Metro Queen St;Four Square St Heliers,4,15,23142.56,06:25:42
Fri_00927,New World Ormiston;Four Square Britomart;New World Metro Queen St,3,16,23143.62,06:25:43
Fri_00928,Pak 'n Save Highland Park;New World Southmall,2,16,23144.3,06:25:44
Fri_00929,Four Square Remuera;New World Point Chevalier;Four Square Eden Terrace;Four Square Ellerslie,4,16,23144.74,06:25:44
Fri_00930,Four Square Lancaster;New World Birkenhead;New World Metro Shore City,3,16,23149.27,06:25:49
Fri_00931,New World Point Chevalier;Pak 'n Save Albany,2,16,23153.09,06:25:53
Fri_00932,New World Birkenhead;Four Square Lancaster;Four Square Hobsonville,3,16,23156.76,06:25:56
Fri_00933,New World Devonport;Four Square Eden Terrace;Four Square Britomart,3,15,23158.78,06:25:58
Fri_00934,Pak 'n Save Clendon;Four Square Cockle Bay,2,15,23170.75,06:26:10
Fri_00935,New World Devonport;Four Square Remuera;Four Square Eden Terrace,3,15,23175.12,06:26:15
Fri_00936,Pak 'n Save Papakura;New World Point Chevalier,2,16,23175.65,06:26:15
Fri_00937,Pak 'n Save Wairau Road;Four Square Remuera;Four Square Ellerslie,3,16,23177.6,06:26:17
Fri_00938,Pak 'n Save Mangere;Four Square Glen Eden;Four Square Fair Price Henderson,3,16,23183.44,06:26:23
Fri_00939,New World Victoria Park;Four Square Torbay;New World Metro Shore City,3,15,23187.81,06:26:27
Fri_00940,New World Papatoetoe;New World Eastridge;Four Square Ellerslie,3,16,23191.41,06:26:31
Fri_00941,Pak 'n Save Albany;New World Metro Shore City;Four Square Ellerslie,3,15,23197.13,06:26:37
Fri_00942,New World Victoria Park;New World Ormiston,2,16,23207.89,06:26:47
Fri_00943,Four Square Britomart;New World Metro Queen St;New World Botany,3,16,23209.21,06:26:49
Fri_00944,Four Square Torbay;New World Stonefields;Four Square Ellerslie,3,14,23215.88,06:26:55
Fri_00945,Four Square Onehunga;Four Square Ellerslie;Four Square Remuera;Four Square Fair Price Henderson;Four Square Glen Eden,5,16,23216.67,06:26:56
Fri_00946,Pak 'n Save Mangere;Four Square Pakuranga Heights;Four Square Ellerslie,3,16,23229.56,06:27:09
Fri_00947,New World Stonefields;Four Square Pakuranga Heights;Four Square Remuera,3,16,23229.94,06:27:09
Fri_00948,Four Square Remuera;Four Square Ellerslie;Pak 'n Save Wairau Road,3,16,23240.21,06:27:20
Fri_00949,Pak 'n Save Sylvia Park;Four Square Ellerslie;Four Square Glen Eden,3,16,23242.94,06:27:22
Fri_00950,Four Square Cockle Bay;New World Botany;Four Square Pakuranga Heights,3,16,23245.09,06:27:25
Fri_00951,New World Victoria Park;New World Browns Bay,2,16,23248.03,06:27:28
Fri_00952,New World Botany;Four Square Cockle Bay;Four Square Botany Junction,3,16,23252.87,06:27:32
Fri_00953,New World Remuera;Four Square Pakuranga Heights;Four Square Britomart,3,16,23253.45,06:27:33
Fri_00954,New World Milford;New World Metro Shore City;Four Square Remuera,3,16,23253.61,06:27:33
Fri_00955,New World Papakura;New World Eastridge,2,15,23258.29,06:27:38
Fri_00956,Four Square Onehunga;New World Southmall;Four Square Cockle Bay,3,15,23264.32,06:27:44
Fri_00957,New World Green Bay;Four Square Onehunga;Four Square Hobsonville,3,16,23267.1,06:27:47
Fri_00958,New World Metro Shore City;New World Ormiston;Four Square Botany Junction,3,15,23271.77,06:27:51
Fri_00959,New World New Lynn;New World Metro Queen St;Four Square St Heliers,3,16,23278.14,06:27:58
Fri_00960,New World Metro Shore City;New World Milford;Four Square Lancaster,3,16,23279.77,06:27:59
Fri_00961,Pak 'n Save Wairau Road;New World Metro Queen St;Four Square Ellerslie,3,16,23282.57,06:28:02
Fri_00962,Pak 'n Save Henderson;New World Metro Queen St;Four Square Ellerslie,3,16,23287.31,06:28:07
Fri_00963,New World Ormiston;Four Square Pakuranga Heights;Four Square Botany Junction,3,16,23294.31,06:28:14
Fri_00964,New World Albany;New World Browns Bay,2,16,23294.75,06:28:14
Fri_00965,New World Remuera;Four Square Glen Eden;New World Metro Queen St,3,15,23295.3,06:28:15
Fri_00966,New World Mt Albert;Four Square Fair Price Henderson;Four Square Remuera;Four Square Ellerslie,4,16,23296.21,06:28:16
Fri_00967,New World Papatoetoe;New World Albany,2,15,23296.89,06:28:16
Fri_00968,Four Square Fair Price Henderson;Pak 'n Save Sylvia Park;Four Square Ellerslie,3,16,23305.14,06:28:25
Fri_00969,New World Browns Bay;New World Albany,2,16,23305.76,06:28:25
Fri_00970,New World Southmall;Four Square Botany Junction;Four Square St Heliers,3,15,23308.94,06:28:28
Fri_00971,Pak 'n Save Mangere;Four Square Glen Eden;Four Square Ellerslie,3,15,23315.85,06:28:35
Fri_00972,Four Square Fair Price Henderson;New World Green Bay;Four Square Hobsonville,3,15,23316.67,06:28:36
Fri_00973,Four Square St Heliers;New World Victoria Park;New World Metro Queen St,3,16,23319.04,06:28:39
Fri_00974,New World New Lynn;New World Botany,2,16,23321.81,06:28:41
Fri_00975,New World Papatoetoe;New World Birkenhead,2,16,23328.56,06:28:48
Fri_00976,New World Hobsonville;Four Square Hobsonville;Four Square Botany Junction,3,15,23332.93,06:28:52
Fri_00977,New World New Lynn;New World Albany,2,16,23334.31,06:28:54
Fri_00978,Four Square Eden Terrace;New World Metro Shore City;New World Browns Bay,3,15,23334.86,06:28:54
Fri_00979,New World New Lynn;Four Square Eden Terrace;Four Square St Heliers,3,16,23335.52,06:28:55
Fri_00980,New World Point Chevalier;Four Square Onehunga;Four Square Ellerslie;Four Square St Heliers,4,16,23336.61,06:28:56
Fri_00981,Four Square Glen Eden;New World Mt Roskill;Four Square St Heliers,3,15,23339.55,06:28:59
Fri_00982,New World Metro Queen St;Pak 'n Save Wairau Road;Four Square Ellerslie,3,16,23341.91,06:29:01
Fri_00983,Pak 'n Save Wairau Road;Four Square Britomart;Four Square Ellerslie,3,16,23343.28,06:29:03
Fri_00984,New World Mt Roskill;Four Square Hobsonville;Four Square St Heliers,3,15,23345.13,06:29:05
Fri_00985,New World Howick;New World New Lynn,2,16,23354.24,06:29:14
Fri_00986,Four Square Botany Junction;New World Ormiston;New World Metro Shore City,3,15,23354.25,06:29:14
Fri_00987,New World Remuera;New World Howick,2,16,23360.07,06:29:20
Fri_00988,Pak 'n Save Botany;Four Square Botany Junction;Four Square Ellerslie,3,16,23361.79,06:29:21
Fri_00989,New World Hobsonville;Four Square Hobsonville;Four Square St Heliers,3,15,23362.17,06:29:22
Fri_00990,Pak 'n Save Botany;Four Square Remuera;Four Square Ellerslie,3,16,23363.49,06:29:23
Fri_00991,New World Hobsonville;Four Square Glen Eden;Four Square Britomart,3,15,23368.22,06:29:28
Fri_00992,Four Square Botany Junction;Four Square Hobsonville;New World Hobsonville,3,15,23369.65,06:29:29
Fri_00993,New World Papatoetoe;New World Point Chevalier;Four Square Fair Price Henderson,3,16,23372.11,06:29:32
Fri_00994,New World Albany;New World Eastridge,2,15,23373.42,06:29:33
Fri_00995,Pak 'n Save Lincoln Road;Four Square Hobsonville;Four Square Ellerslie,3,16,23373.6,06:29:33
Fri_00996,Four Square Britomart;Pak 'n Save Wairau Road;Four Square Ellerslie,3,16,23373.66,06:29:33
Fri_00997,New World Stonefields;Four Square Ellerslie;Four Square Torbay,3,14,23375.63,06:29:35
Fri_00998,New World Mt Roskill;Four Square Glen Eden;Four Square Fair Price Henderson;Four Square Ellerslie,4,16,23382.05,06:29:42
Fri_00999,New World Mt Roskill;Four Square Botany Junction;Four Square Cockle Bay,3,16,23395.11,06:29:55
Fri_01000,New World Papatoetoe;Four Square Fair Price Henderson;New World Point Chevalier,3,16,23395.46,06:29:55
Fri_01001,New World Mt Roskill;Four Square Hobsonville;Four Square Pakuranga Heights,3,15,23398.28,06:29:58
Fri_01002,Four Square Botany Junction;Four Square Cockle Bay;New World Howick,3,16,23401.43,06:30:01
Fri_01003,New World Eastridge;New World Papakura,2,15,23407.34,06:30:07
Fri_01004,Four Square St Heliers;New World Hobsonville;Four Square Hobsonville,3,15,23411.92,06:30:11
Fri_01005,New World Botany;Four Square Botany Junction;Four Square Pakuranga Heights,3,16,23412.04,06:30:12
Fri_01006,New World Hobsonville;Four Square Hobsonville;Four Square Pakuranga Heights,3,15,23415.32,06:30:15
Fri_01007,New World Mt Albert;Four Square Onehunga;Four Square Ellerslie;Four Square Fair Price Henderson,4,16,23415.76,06:30:15
Fri_01008,Pak 'n Save Henderson;Four Square Glen Eden;Four Square Hobsonville,3,16,23415.86,06:30:15
Fri_01009,New World Mt Roskill;Four Square Cockle Bay;Four Square Remuera,3,16,23431.9,06:30:31
Fri_01010,Four Square Cockle Bay;New World Howick;Four Square Remuera,3,16,23438.21,06:30:38
Fri_01011,Four Square Ellerslie;Pak 'n Save Wairau Road;Four Square Eden Terrace,3,16,23446.64,06:30:46
Fri_01012,New World Birkenhead;New World Papatoetoe,2,16,23446.93,06:30:46
Fri_01013,New World New Lynn;Four Square Glen Eden;Four Square Fair Price Henderson;Four Square Ellerslie,4,16,23449.63,06:30:49
Fri_01014,New World Ormiston;New World Papakura,2,16,23453.17,06:30:53
Fri_01015,New World New Lynn;Four Square St Heliers;New World Metro Queen St,3,16,23453.38,06:30:53
Fri_01016,New World Milford;Four Square Hobsonville;New World Metro Shore City,3,15,23473.17,06:31:13
Fri_01017,New World Mt Albert;New World Southmall;Four Square Ellerslie,3,16,23476.07,06:31:16
Fri_01018,New World Mt Roskill;Four Square Cockle Bay;New World Metro Queen St,3,16,23476.98,06:31:16
Fri_01019,New World Papatoetoe;Four Square Lancaster;Four Square Onehunga,3,15,23477.09,06:31:17
Fri_01020,Four Square Pakuranga Heights;New World Papatoetoe;Four Square St Heliers,3,15,23482.25,06:31:22
Fri_01021,New World Stonefields;New World Howick,2,16,23492.59,06:31:32
Fri_01022,New World Hobsonville;New World Stonefields,2,16,23493.47,06:31:33
Fri_01023,Pak 'n Save Sylvia Park;Four Square Ellerslie;New World Metro Shore City,3,16,23498.5,06:31:38
Fri_01024,Four Square Lancaster;Four Square Torbay;New World Mt Albert,3,15,23499.71,06:31:39
Fri_01025,Four Square Eden Terrace;Pak 'n Save Wairau Road;Four Square Ellerslie,3,16,23501.42,06:31:41
Fri_01026,Four Square Eden Terrace;Four Square Pakuranga Heights;New World Howick,3,16,23504.52,06:31:44
Fri_01027,New World Devonport;New World Milford,2,16,23515.41,06:31:55
Fri_01028,New World Papakura;New World Remuera,2,16,23518.59,06:31:58
Fri_01029,Four Square Onehunga;Pak 'n Save Henderson;Four Square Ellerslie,3,16,23521.85,06:32:01
Fri_01030,New World Birkenhead;Four Square Pakuranga Heights;Four Square Ellerslie,3,15,23530.49,06:32:10
Fri_01031,New World Milford;Four Square Fair Price Henderson;Four Square Hobsonville,3,15,23531.52,06:32:11
Fri_01032,Four Square St Heliers;Four Square Ellerslie;New World Albany,3,14,23537.5,06:32:17
Fri_01033,Four Square Pakuranga Heights;New World Botany;Four Square St Heliers,3,16,23554.36,06:32:34
Fri_01034,New World Botany;Four Square Botany Junction;Four Square Britomart,3,16,23564.49,06:32:44
Fri_01035,New World New Lynn;Four Square Remuera;Four Square Botany Junction,3,16,23573.97,06:32:53
Fri_01036,New World Milford;New World Devonport,2,16,23574.73,06:32:54
Fri_01037,Four Square Eden Terrace;Four Square Cockle Bay;New World Botany,3,16,23589.28,06:33:09
Fri_01038,New World Howick;Four Square Cockle Bay;Four Square Britomart,3,16,23594.24,06:33:14
Fri_01039,Four Square Ellerslie;Four Square Remuera;New World Eastridge;Four Square Glen Eden,4,16,23596.69,06:33:16
Fri_01040,New World Metro Queen St;Four Square Britomart;New World Browns Bay,3,16,23596.87,06:33:16
Fri_01041,New World Milford;New World Metro Shore City;Four Square Lancaster,3,16,23596.96,06:33:16
Fri_01042,Pak 'n Save Botany;Four Square Onehunga;Four Square Ellerslie,3,16,23607.92,06:33:27
Fri_01043,Four Square Glen Eden;New World Botany;Four Square Pakuranga Heights,3,15,23619.57,06:33:39
Fri_01044,New World Point Chevalier;Four Square Onehunga;Four Square Pakuranga Heights;Four Square Ellerslie,4,16,23620.03,06:33:40
Fri_01045,New World Ormiston;Four Square Botany Junction;Four Square Hobsonville,3,15,23623.89,06:33:43
Fri_01046,Four Square Onehunga;Pak 'n Save Papakura;Four Square Ellerslie,3,16,23627.83,06:33:47
Fri_01047,New World Papatoetoe;New World Metro Shore City;New World Point Chevalier,3,16,23628.9,06:33:48
Fri_01048,New World Papatoetoe;New World Milford,2,16,23630.0,06:33:50
Fri_01049,Four Square Remuera;New World Eastridge;Four Square Cockle Bay,3,15,23636.93,06:33:56
Fri_01050,Pak 'n Save Manukau;Four Square Ellerslie;Four Square Fair Price Henderson,3,16,23638.36,06:33:58
Fri_01051,New World Newmarket;New World Metro Shore City;Four Square Lancaster,3,16,23646.86,06:34:06
Fri_01052,New World Birkenhead;New World Metro Shore City;Four Square Remuera,3,16,23647.11,06:34:07
Fri_01053,Four Square Botany Junction;New World Ormiston;Four Square Cockle Bay,3,16,23649.87,06:34:09
Fri_01054,Four Square Ellerslie;Pak 'n Save Mangere;Four Square Eden Terrace,3,16,23669.47,06:34:29
Fri_01055,New World Papatoetoe;New World Browns Bay,2,15,23672.97,06:34:32
Fri_01056,Four Square Eden Terrace;New World Point Chevalier;Four Square St Heliers;Four Square Ellerslie,4,16,23675.79,06:34:35
Fri_01057,Four Square Lancaster;Four Square Torbay;New World Long Bay,3,15,23684.25,06:34:44
Fri_01058,Four Square Torbay;New World Long Bay;Four Square Remuera,3,15,23693.39,06:34:53
Fri_01059,Pak 'n Save Mt Albert;Four Square Cockle Bay,2,16,23697.62,06:34:57
Fri_01060,New World Long Bay;Four Square Torbay;Four Square Lancaster,3,15,23706.74,06:35:06
Fri_01061,Four Square Torbay;New World Long Bay;Four Square Lancaster,3,15,23708.36,06:35:08
Fri_01062,Pak 'n Save Lincoln Road;Four Square Cockle Bay,2,15,23708.39,06:35:08
Fri_01063,New World New Lynn;New World Browns Bay,2,16,23710.39,06:35:10
Fri_01064,New World New Lynn;Four Square Pakuranga Heights;Four Square Remuera,3,16,23721.84,06:35:21
Fri_01065,Pak 'n Save Botany;Four Square Cockle Bay;Four Square Ellerslie,3,16,23728.14,06:35:28
Fri_01066,New World Birkenhead;Four Square Lancaster;Four Square Fair Price Henderson,3,16,23729.25,06:35:29
Fri_01067,Four Square Lancaster;Pak 'n Save Wairau Road;Four Square Ellerslie,3,16,23741.33,06:35:41
Fri_01068,New World Albany;Four Square Torbay;Four Square Fair Price Henderson,3,15,23744.94,06:35:44
Fri_01069,New World Mt Roskill;Four Square Botany Junction;Four Square St Heliers,3,16,23748.25,06:35:48
Fri_01070,New World Mt Albert;Four Square Hobsonville;Four Square Remuera;Four Square Ellerslie,4,16,23756.62,06:35:56
Fri_01071,Pak 'n Save Papakura;Four Square Remuera;Four Square Ellerslie,3,16,23756.79,06:35:56
Fri_01072,Pak 'n Save Mangere;Four Square Ellerslie;Four Square Pakuranga Heights,3,16,23758.93,06:35:58
Fri_01073,Pak 'n Save Wairau Road;Four Square Hobsonville;Four Square Glen Eden,3,16,23758.94,06:35:58
Fri_01074,Pak 'n Save Lincoln Road;Four Square Glen Eden;Four Square Ellerslie,3,16,23763.68,06:36:03
Fri_01075,Four Square Hobsonville;Pak 'n Save Sylvia Park;Four Square Ellerslie,3,16,23765.55,06:36:05
Fri_01076,Four Square Britomart;New World Metro Queen St;Four Square Botany Junction;Four Square Eden Terrace,4,16,23766.04,06:36:06
Fri_01077,Pak 'n Save Albany;Four Square Hobsonville;Four Square Fair Price Henderson,3,16,23766.94,06:36:06
Fri_01078,New World Eastridge;New World Mt Albert;Four Square Ellerslie,3,16,23767.65,06:36:07
Fri_01079,Pak 'n Save Albany;Four Square Hobsonville;Four Square Ellerslie,3,15,23780.0,06:36:20
Fri_01080,Pak 'n Save Mangere;Four Square St Heliers;Four Square Ellerslie,3,16,23783.88,06:36:23
Fri_01081,Four Square Glen Eden;Pak 'n Save Wairau Road;New World Metro Shore City,3,16,23789.76,06:36:29
Fri_01082,Pak 'n Save Wairau Road;New World Metro Shore City;Four Square Glen Eden,3,16,23790.76,06:36:30
Fri_01083,New World Eastridge;Pak 'n Save Highland Park,2,16,23800.04,06:36:40
Fri_01084,New World Metro Queen St;New World Point Chevalier;Four Square Ellerslie;Four Square St Heliers,4,16,23802.14,06:36:42
Fri_01085,New World Metro Shore City;Pak 'n Save Henderson;Four Square Fair Price Henderson,3,16,23804.69,06:36:44
Fri_01086,Pak 'n Save Sylvia Park;Four Square Ellerslie;Four Square Hobsonville,3,16,23815.3,06:36:55
Fri_01087,New World Stonefields;New World Papakura,2,16,23815.36,06:36:55
Fri_01088,New World Mt Roskill;Four Square Glen Eden;Four Square Torbay,3,15,23815.45,06:36:55
Fri_01089,Pak 'n Save Albany;Four Square Ellerslie;Four Square Eden Terrace,3,16,23819.25,06:36:59
Fri_01090,New World Mt Roskill;Four Square Fair Price Henderson;Four Square Hobsonville;Four Square Ellerslie,4,16,23826.27,06:37:06
Fri_01091,New World Metro Queen St;Four Square Britomart;New World Howick,3,16,23828.66,06:37:08
Fri_01092,New World Milford;Four Square Pakuranga Heights;Four Square Ellerslie,3,15,23831.93,06:37:11
Fri_01093,New World Papatoetoe;New World Point Chevalier;Four Square Hobsonville,3,16,23832.52,06:37:12
Fri_01094,Four Square Fair Price Henderson;Pak 'n Save Albany;New World Metro Shore City,3,16,23834.23,06:37:14
Fri_01095,Four Square Britomart;New World Metro Queen St;New World Metro Shore City;Four Square Torbay,4,15,23835.95,06:37:15
Fri_01096,New World Southmall;Pak 'n Save Highland Park,2,16,23838.47,06:37:18
Fri_01097,Pak 'n Save Henderson;Four Square Hobsonville;New World Metro Shore City,3,16,23841.05,06:37:21
Fri_01098,Four Square Onehunga;New World Devonport;Four Square Lancaster,3,15,23843.94,06:37:23
Fri_01099,Four Square Eden Terrace;Pak 'n Save Mangere;Four Square Ellerslie,3,16,23844.88,06:37:24
Fri_01100,New World Eastridge;Pak 'n Save Ormiston,2,16,23846.11,06:37:26
Fri_01101,Four Square Remuera;New World Long Bay;Four Square Torbay,3,15,23851.53,06:37:31
Fri_01102,Pak 'n Save Wairau Road;Four Square Lancaster;Four Square Ellerslie,3,16,23856.47,06:37:36
Fri_01103,Four Square Fair Price Henderson;Four Square Hobsonville;New World Hobsonville;Four Square Ellerslie,4,16,23857.57,06:37:37
Fri_01104,New World Long Bay;New World Milford,2,16,23860.56,06:37:40
Fri_01105,New World Victoria Park;New World Howick,2,16,23862.47,06:37:42
Fri_01106,New World Papakura;Four Square Eden Terrace;New World Metro Queen St,3,16,23870.54,06:37:50
Fri_01107,Four Square Britomart;New World Metro Queen St;Four Square St Heliers;Four Square Pakuranga Heights,4,16,23871.16,06:37:51
Fri_01108,New World Botany;New World Metro Shore City;Four Square Eden Terrace,3,15,23874.58,06:37:54
Fri_01109,New World Mt Albert;Four Square Onehunga;Four Square Ellerslie;Four Square Hobsonville,4,16,23876.18,06:37:56
Fri_01110,Four Square Lancaster;New World Milford;Four Square Hobsonville,3,16,23878.33,06:37:58
Fri_01111,Four Square Ellerslie;Pak 'n Save Manukau;Four Square Glen Eden,3,16,23890.98,06:38:10
Fri_01112,Pak 'n Save Ormiston;Four Square Botany Junction;Four Square Glen Eden,3,16,23896.13,06:38:16
Fri_01113,Pak 'n Save Lincoln Road;Four Square Ellerslie;Four Square Glen Eden,3,16,23897.96,06:38:17
Fri_01114,New World Green Bay;New World Devonport,2,16,23899.18,06:38:19
Fri_01115,New World Papakura;Four Square Onehunga;Four Square Eden Terrace,3,16,23903.39,06:38:23
Fri_01116,New World Botany;New World Papakura,2,16,23908.19,06:38:28
Fri_01117,Pak 'n Save Botany;Four Square Eden Terrace;Four Square Ellerslie,3,16,23908.62,06:38:28
Fri_01118,New World Mt Roskill;Four Square Torbay;New World Metro Queen St,3,16,23909.67,06:38:29
Fri_01119,Four Square Remuera;New World Metro Queen St;Four Square St Heliers;Four Square Eden Terrace,4,16,23911.02,06:38:31
Fri_01120,New World Birkenhead;New World Metro Queen St;Four Square Fair Price Henderson,3,16,23912.13,06:38:32
Fri_01121,New World Mt Roskill;Four Square Hobsonville;Four Square Fair Price Henderson;Four Square Ellerslie,4,16,23927.48,06:38:47
Fri_01122,Four Square Eden Terrace;New World Mt Albert;Four Square Torbay,3,15,23931.71,06:38:51
Fri_01123,New World Point Chevalier;New World Ormiston;Four Square Ellerslie,3,16,23934.01,06:38:54
Fri_01124,Four Square Botany Junction;Pak 'n Save Ormiston;Four Square Glen Eden,3,16,23943.28,06:39:03
Fri_01125,New World Mt Roskill;Four Square Fair Price Henderson;Four Square Glen Eden;Four Square Ellerslie,4,16,23944.05,06:39:04
Fri_01126,New World Hobsonville;Four Square Hobsonville;Four Square Fair Price Henderson;Four Square Ellerslie,4,16,23944.52,06:39:04
Fri_01127,Four Square Pakuranga Heights;New World Newmarket;New World Metro Shore City,3,16,23950.03,06:39:10
Fri_01128,New World Long Bay;Four Square Lancaster;New World Metro Queen St,3,15,23953.43,06:39:13
Fri_01129,Four Square Ellerslie;Four Square Remuera;New World Mt Albert;New World Metro Shore City,4,16,23963.75,06:39:23
Fri_01130,Pak 'n Save Mt Albert;Four Square Torbay,2,16,23970.22,06:39:30
Fri_01131,Four Square Onehunga;Pak 'n Save Highland Park;Four Square Glen Eden,3,16,23979.49,06:39:39
Fri_01132,New World Point Chevalier;New World Papatoetoe;Four Square Glen Eden,3,16,23980.85,06:39:40
Fri_01133,New World New Lynn;New World Howick,2,16,23984.49,06:39:44
Fri_01134,Four Square Britomart;Four Square Lancaster;New World Long Bay,3,15,23989.48,06:39:49
Fri_01135,Four Square Glen Eden;Four Square Botany Junction;Pak 'n Save Ormiston,3,16,23991.05,06:39:51
Fri_01136,New World Newmarket;New World Long Bay,2,16,23993.1,06:39:53
Fri_01137,Pak 'n Save Highland Park;Four Square Pakuranga Heights;Four Square Glen Eden,3,16,23994.21,06:39:54
Fri_01138,Four Square Remuera;New World Metro Queen St;Four Square Britomart;Four Square Lancaster,4,16,23998.27,06:39:58
Fri_01139,New World Southmall;New World Albany,2,15,24004.82,06:40:04
Fri_01140,Four Square Eden Terrace;New World Point Chevalier;New World Metro Shore City;Four Square Hobsonville,4,16,24007.4,06:40:07
Fri_01141,New World Milford;Four Square Lancaster;Four Square Hobsonville,3,16,24009.61,06:40:09
Fri_01142,Pak 'n Save Lincoln Road;New World Metro Shore City;Four Square Ellerslie,3,16,24012.16,06:40:12
Fri_01143,New World Mt Roskill;Four Square Onehunga;Four Square Torbay,3,16,24013.58,06:40:13
Fri_01144,New World Mt Albert;Four Square Glen Eden;Four Square Britomart;Four Square Ellerslie,4,16,24021.42,06:40:21
Fri_01145,Four Square Lancaster;New World Metro Queen St;Four Square Britomart;Four Square Remuera,4,16,24022.29,06:40:22
Fri_01146,Four Square Torbay;New World Browns Bay;New World Metro Queen St,3,16,24024.95,06:40:24
Fri_01147,Four Square Lancaster;New World Albany;New World Metro Queen St,3,16,24029.36,06:40:29
Fri_01148,New World Ormiston;Four Square Botany Junction;Four Square St Heliers,3,16,24033.79,06:40:33
Fri_01149,New World Mt Roskill;New World Metro Queen St;Four Square Torbay,3,16,24035.21,06:40:35
Fri_01150,Four Square Lancaster;New World Birkenhead;Four Square Glen Eden,3,16,24041.04,06:40:41
Fri_01151,Four Square Lancaster;New World Stonefields;Four Square Remuera,3,16,24048.98,06:40:48
Fri_01152,New World Mt Roskill;Four Square Hobsonville;New World Metro Shore City;Four Square Ellerslie,4,16,24049.46,06:40:49
Fri_01153,Four Square Pakuranga Heights;Pak 'n Save Highland Park;Four Square Glen Eden,3,16,24055.35,06:40:55
Fri_01154,New World Remuera;New World Browns Bay,2,16,24064.15,06:41:04
Fri_01155,New World Milford;New World Long Bay,2,16,24069.02,06:41:09
Fri_01156,New World Green Bay;Four Square Glen Eden;Four Square St Heliers,3,16,24070.14,06:41:10
Fri_01157,New World Newmarket;Four Square Torbay;Four Square Ellerslie,3,15,24074.71,06:41:14
Fri_01158,New World New Lynn;Four Square Pakuranga Heights;New World Metro Shore City,3,15,24075.49,06:41:15
Fri_01159,New World Papatoetoe;Four Square Ellerslie;New World Metro Queen St;New World Metro Shore City,4,16,24083.62,06:41:23
Fri_01160,New World Point Chevalier;New World Eastridge;New World Metro Shore City,3,16,24085.99,06:41:25
Fri_01161,New World Birkenhead;New World Southmall,2,16,24089.23,06:41:29
Fri_01162,Pak 'n Save Clendon;Four Square Lancaster,2,15,24092.52,06:41:32
Fri_01163,Four Square Glen Eden;Pak 'n Save Albany;Four Square Hobsonville,3,16,24098.48,06:41:38
Fri_01164,New World Papakura;New World Botany,2,16,24099.07,06:41:39
Fri_01165,Four Square Ellerslie;Four Square Eden Terrace;Four Square St Heliers;Four Square Cockle Bay,4,14,24100.33,06:41:40
Fri_01166,New World Milford;New World Metro Queen St;Four Square Glen Eden,3,16,24101.63,06:41:41
Fri_01167,New World Mt Roskill;Four Square Cockle Bay;Four Square Hobsonville,3,15,24102.34,06:41:42
Fri_01168,New World Botany;Four Square Cockle Bay;Four Square Fair Price Henderson,3,15,24107.28,06:41:47
Fri_01169,New World Howick;Four Square Cockle Bay;Four Square Hobsonville,3,15,24108.66,06:41:48
Fri_01170,Four Square Remuera;Pak 'n Save Wairau Road;Four Square Ellerslie,3,16,24114.82,06:41:54
Fri_01171,Pak 'n Save Papakura;Four Square Botany Junction;Four Square Ellerslie,3,16,24115.46,06:41:55
Fri_01172,New World Metro Queen St;New World Victoria Park;Four Square Torbay,3,16,24127.96,06:42:07
Fri_01173,New World Metro Queen St;Four Square Britomart;Four Square Fair Price Henderson;Four Square Lancaster,4,15,24133.33,06:42:13
Fri_01174,New World Newmarket;Four Square Pakuranga Heights;Four Square Glen Eden,3,16,24135.14,06:42:15
Fri_01175,New World Botany;Four Square Botany Junction;Four Square Cockle Bay,3,16,24135.67,06:42:15
Fri_01176,New World Metro Shore City;Pak 'n Save Albany;Four Square Fair Price Henderson,3,16,24143.08,06:42:23
Fri_01177,New World Green Bay;Four Square Lancaster;Four Square Hobsonville,3,16,24148.58,06:42:28
Fri_01178,Four Square Hobsonville;New World Hobsonville;New World Metro Shore City;Four Square Ellerslie,4,16,24152.22,06:42:32
Fri_01179,Pak 'n Save Glen Innes;Four Square Ellerslie;Four Square Glen Eden,3,16,24152.95,06:42:32
Fri_01180,Pak 'n Save Papakura;Four Square Ellerslie;New World Metro Shore City,3,15,24156.38,06:42:36
Fri_01181,New World Browns Bay;Four Square Torbay;Four Square Onehunga,3,16,24156.41,06:42:36
Fri_01182,New World Metro Shore City;Four Square Britomart;New World Point Chevalier;Four Square Fair Price Henderson,4,16,24160.06,06:42:40
Fri_01183,Four Square Glen Eden;New World Green Bay;Four Square St Heliers,3,16,24189.46,06:43:09
Fri_01184,Four Square Ellerslie;Four Square Torbay;New World Stonefields,3,14,24191.22,06:43:11
Fri_01185,Pak 'n Save Albany;Four Square Hobsonville;Four Square Glen Eden,3,16,24192.97,06:43:12
Fri_01186,Pak 'n Save Mangere;Four Square Cockle Bay;Four Square Ellerslie,3,16,24212.01,06:43:32
Fri_01187,New World Albany;New World Stonefields,2,16,24229.31,06:43:49
Fri_01188,New World New Lynn;Four Square Botany Junction;New World Metro Shore City,3,15,24230.26,06:43:50
Fri_01189,Four Square Onehunga;Pak 'n Save Highland Park;New World Metro Shore City,3,16,24235.04,06:43:55
Fri_01190,New World Metro Queen St;New World Papakura;Four Square Onehunga,3,16,24238.21,06:43:58
Fri_01191,Pak 'n Save Albany;Four Square Eden Terrace;Four Square Ellerslie,3,16,24242.12,06:44:02
Fri_01192,New World Southmall;Four Square Hobsonville;Four Square Lancaster,3,14,24245.22,06:44:05
Fri_01193,Four Square Ellerslie;Pak 'n Save Glen Innes;New World Metro Shore City,3,16,24249.62,06:44:09
Fri_01194,Pak 'n Save Highland Park;Four Square Pakuranga Heights;New World Metro Shore City,3,16,24249.77,06:44:09
Fri_01195,Pak 'n Save Botany;New World Metro Queen St;Four Square Ellerslie,3,16,24252.24,06:44:12
Fri_01196,New World Mt Albert;New World Devonport;Four Square Ellerslie,3,16,24253.69,06:44:13
Fri_01197,New World Albany;Four Square Torbay;New World Metro Queen St,3,16,24256.93,06:44:16
Fri_01198,New World Southmall;Four Square Fair Price Henderson;New World Point Chevalier,3,16,24275.25,06:44:35
Fri_01199,Four Square Glen Eden;New World Hobsonville;Four Square Hobsonville;Four Square Ellerslie,4,16,24276.06,06:44:36
Fri_01200,Four Square Onehunga;Four Square Glen Eden;New World Botany,3,15,24279.53,06:44:39
Fri_01201,Pak 'n Save Papakura;Four Square Eden Terrace;Four Square Ellerslie,3,16,24301.92,06:45:01
Fri_01202,New World Point Chevalier;New World Albany;Four Square Ellerslie,3,16,24311.48,06:45:11
Fri_01203,Pak 'n Save Ormiston;Four Square Botany Junction;Four Square Fair Price Henderson,3,16,24324.07,06:45:24
Fri_01204,Pak 'n Save Manukau;Four Square Torbay,2,15,24328.21,06:45:28
Fri_01205,New World Papakura;Four Square Pakuranga Heights;Four Square Eden Terrace,3,16,24328.37,06:45:28
Fri_01206,Four Square Glen Eden;New World New Lynn;Four Square Cockle Bay,3,15,24342.37,06:45:42
Fri_01207,New World Newmarket;Four Square St Heliers;New World Metro Shore City,3,16,24345.99,06:45:45
Fri_01208,New World Mt Roskill;Four Square Fair Price Henderson;Four Square Ellerslie;Four Square Glen Eden,4,16,24350.64,06:45:50
Fri_01209,New World Eastridge;New World Point Chevalier;New World Metro Shore City,3,16,24354.16,06:45:54
Fri_01210,Pak 'n Save Papakura;Four Square Pakuranga Heights;Four Square Ellerslie,3,16,24357.98,06:45:57
Fri_01211,Four Square Pakuranga Heights;New World Browns Bay;Four Square Hobsonville,3,15,24363.08,06:46:03
Fri_01212,Four Square Botany Junction;Pak 'n Save Ormiston;Four Square Fair Price Henderson,3,16,24371.22,06:46:11
Fri_01213,New World Point Chevalier;New World Long Bay;Four Square Hobsonville,3,16,24377.24,06:46:17
Fri_01214,Four Square Glen Eden;Four Square Fair Price Henderson;New World Mt Roskill;Four Square Ellerslie,4,16,24378.36,06:46:18
Fri_01215,New World Southmall;New World Browns Bay,2,15,24380.9,06:46:20
Fri_01216,New World Eastridge;Four Square Remuera;Four Square Ellerslie;Four Square Hobsonville,4,16,24395.74,06:46:35
Fri_01217,Pak 'n Save Glen Innes;Four Square Ellerslie;New World Metro Shore City,3,16,24408.51,06:46:48
Fri_01218,New World New Lynn;Four Square Glen Eden;Four Square Hobsonville;Four Square Ellerslie,4,16,24412.84,06:46:52
Fri_01219,New World Point Chevalier;Four Square Britomart;Four Square Lancaster;Four Square Ellerslie,4,16,24415.29,06:46:55
Fri_01220,New World Metro Queen St;New World Mt Albert;New World Metro Shore City;Four Square Ellerslie,4,16,24441.8,06:47:21
Fri_01221,Four Square Eden Terrace;Four Square Britomart;New World Metro Queen St;Four Square Torbay,4,16,24447.51,06:47:27
Fri_01222,New World Devonport;New World Metro Shore City;Four Square Ellerslie;Four Square Eden Terrace,4,16,24461.08,06:47:41
Fri_01223,Four Square Eden Terrace;New World Mt Albert;Four Square Hobsonville;Four Square Ellerslie,4,16,24461.51,06:47:41
Fri_01224,New World Mt Roskill;Four Square Fair Price Henderson;New World Metro Shore City;Four Square Ellerslie,4,16,24464.84,06:47:44
Fri_01225,Pak 'n Save Lincoln Road;Four Square Ellerslie;Four Square Hobsonville,3,16,24470.32,06:47:50
Fri_01226,Four Square Glen Eden;New World Mt Albert;Four Square Ellerslie;Four Square Pakuranga Heights,4,16,24474.96,06:47:54
Fri_01227,Four Square Glen Eden;New World Eastridge;Four Square St Heliers;Four Square Ellerslie,4,16,24477.07,06:47:57
Fri_01228,New World Mt Roskill;New World Metro Shore City;Four Square Ellerslie;Four Square Glen Eden,4,16,24481.39,06:48:01
Fri_01229,New World Point Chevalier;Four Square Lancaster;Four Square Eden Terrace;Four Square Ellerslie,4,16,24484.14,06:48:04
Fri_01230,New World Milford;Four Square Torbay;Four Square Hobsonville,3,16,24495.85,06:48:15
Fri_01231,New World Mt Roskill;Four Square Glen Eden;Four Square Ellerslie;Four Square Fair Price Henderson,4,16,24496.91,06:48:16
Fri_01232,Pak 'n Save Highland Park;Four Square Remuera;Four Square Fair Price Henderson,3,16,24538.82,06:48:58
Fri_01233,New World Papakura;Four Square Eden Terrace;New World Metro Shore City,3,15,24549.64,06:49:09
Fri_01234,Pak 'n Save Highland Park;Four Square Botany Junction;Four Square Glen Eden,3,16,24550.24,06:49:10
Fri_01235,New World Papakura;Four Square Botany Junction;Four Square Pakuranga Heights,3,16,24554.24,06:49:14
Fri_01236,Four Square St Heliers;New World Howick;Four Square Botany Junction,3,16,24559.54,06:49:19
Fri_01237,New World Metro Shore City;Pak 'n Save Manukau;Four Square Ellerslie,3,16,24566.77,06:49:26
Fri_01238,New World Mt Roskill;Four Square Glen Eden;New World Metro Shore City;Four Square Ellerslie,4,16,24577.92,06:49:37
Fri_01239,New World Milford;Four Square Lancaster;Four Square Fair Price Henderson,3,16,24582.1,06:49:42
Fri_01240,New World New Lynn;Four Square Hobsonville;Four Square Fair Price Henderson;Four Square Ellerslie,4,16,24583.98,06:49:43
Fri_01241,Four Square Eden Terrace;New World Ormiston;Four Square Hobsonville,3,15,24592.19,06:49:52
Fri_01242,New World Mt Albert;Four Square Fair Price Henderson;Four Square Ellerslie;Four Square Pakuranga Heights,4,16,24610.81,06:50:10
Fri_01243,New World New Lynn;Four Square Eden Terrace;Four Square Cockle Bay,3,16,24611.87,06:50:11
Fri_01244,New World Howick;New World Point Chevalier;Four Square Ellerslie,3,16,24613.77,06:50:13
Fri_01245,New World Metro Queen St;Four Square St Heliers;New World Hobsonville,3,16,24624.32,06:50:24
Fri_01246,New World Hobsonville;Four Square Hobsonville;Four Square Cockle Bay,3,15,24638.52,06:50:38
Fri_01247,New World Mt Roskill;Four Square Lancaster;Four Square Torbay,3,16,24639.23,06:50:39
Fri_01248,Pak 'n Save Wairau Road;Four Square St Heliers;Four Square Ellerslie,3,16,24641.74,06:50:41
Fri_01249,New World Milford;New World Metro Shore City;Four Square St Heliers,3,16,24642.58,06:50:42
Fri_01250,Four Square Eden Terrace;Four Square Ellerslie;Four Square Remuera;New World Metro Shore City;Four Square Hobsonville,5,16,24643.78,06:50:43
Fri_01251,Four Square Cockle Bay;Pak 'n Save Highland Park;Four Square Glen Eden,3,16,24643.92,06:50:43
Fri_01252,Pak 'n Save Papakura;New World Metro Queen St;Four Square Ellerslie,3,16,24645.54,06:50:45
Fri_01253,New World Milford;Four Square Torbay;New World Metro Shore City,3,16,24664.34,06:51:04
Fri_01254,New World Browns Bay;Four Square Lancaster;Four Square Britomart,3,16,24669.73,06:51:09
Fri_01255,New World New Lynn;Four Square Glen Eden;Four Square Ellerslie;New World Metro Shore City,4,16,24708.11,06:51:48
Fri_01256,New World Green Bay;Four Square Lancaster;Four Square Fair Price Henderson,3,16,24721.07,06:52:01
Fri_01257,Four Square Pakuranga Heights;New World Long Bay;Four Square Torbay,3,15,24724.75,06:52:04
Fri_01258,Four Square Glen Eden;New World New Lynn;New World Metro Shore City;Four Square Ellerslie,4,16,24724.89,06:52:04
Fri_01259,Four Square Ellerslie;Pak 'n Save Papakura;Four Square Britomart,3,16,24733.77,06:52:13
Fri_01260,Four Square St Heliers;Four Square Remuera;Four Square Pakuranga Heights;Four Square Botany Junction,4,16,24744.34,06:52:24
Fri_01261,New World Milford;Four Square Eden Terrace;Four Square Hobsonville,3,16,24744.5,06:52:24
Fri_01262,Four Square Lancaster;Four Square Torbay;New World Browns Bay,3,16,24754.51,06:52:34
Fri_01263,Pak 'n Save Papakura;Four Square Britomart;Four Square Ellerslie,3,16,24756.43,06:52:36
Fri_01264,New World Howick;New World Devonport,2,15,24761.57,06:52:41
Fri_01265,Four Square Fair Price Henderson;Four Square Glen Eden;New World Victoria Park;Four Square Ellerslie,4,16,24766.29,06:52:46
Fri_01266,Four Square Glen Eden;New World New Lynn;Four Square Hobsonville;Four Square Ellerslie,4,16,24766.8,06:52:46
Fri_01267,Four Square Botany Junction;Pak 'n Save Highland Park;Four Square Glen Eden,3,16,24771.31,06:52:51
Fri_01268,New World Metro Shore City;New World Albany;Four Square Pakuranga Heights,3,15,24772.27,06:52:52
Fri_01269,Four Square St Heliers;New World Howick;Four Square Cockle Bay,3,16,24790.94,06:53:10
Fri_01270,New World Papakura;Four Square Glen Eden;Four Square Eden Terrace,3,15,24805.95,06:53:25
Fri_01271,New World Mt Roskill;Four Square Botany Junction;Four Square Lancaster,3,16,24812.16,06:53:32
Fri_01272,New World Ormiston;Four Square Remuera;Four Square Botany Junction,3,16,24821.59,06:53:41
Fri_01273,New World Hobsonville;Four Square Hobsonville;Four Square Ellerslie;Four Square Glen Eden,4,16,24828.09,06:53:48
Fri_01274,New World Milford;New World Metro Shore City;Four Square Torbay,3,16,24828.45,06:53:48
Fri_01275,New World Remuera;Four Square Torbay;Four Square Glen Eden,3,15,24833.96,06:53:53
Fri_01276,Pak 'n Save Mangere;Four Square Fair Price Henderson;New World Metro Shore City,3,16,24845.09,06:54:05
Fri_01277,New World Point Chevalier;Four Square Remuera;Four Square Hobsonville;Four Square Glen Eden,4,16,24846.96,06:54:06
Fri_01278,Pak 'n Save Wairau Road;Four Square Glen Eden;Four Square Fair Price Henderson,3,16,24847.99,06:54:07
Fri_01279,Pak 'n Save Ormiston;New World Metro Queen St;New World Metro Shore City,3,16,24869.19,06:54:29
Fri_01280,New World Papakura;Four Square St Heliers;Four Square Remuera,3,16,24874.37,06:54:34
Fri_01281,New World New Lynn;Four Square St Heliers;Four Square Botany Junction,3,16,24875.77,06:54:35
Fri_01282,New World Metro Shore City;Pak 'n Save Lincoln Road;Four Square Ellerslie,3,16,24892.01,06:54:52
Fri_01283,New World Mt Albert;New World Long Bay;Four Square Ellerslie,3,16,24894.01,06:54:54
Fri_01284,New World Metro Shore City;New World Green Bay;Four Square Britomart,3,16,24896.04,06:54:56
Fri_01285,New World Metro Shore City;New World Hobsonville;Four Square Hobsonville;Four Square Ellerslie,4,16,24902.64,06:55:02
Fri_01286,Pak 'n Save Papakura;Four Square St Heliers;Four Square Ellerslie,3,16,24912.3,06:55:12
Fri_01287,New World Victoria Park;Four Square Lancaster;Four Square Torbay,3,16,24915.64,06:55:15
Fri_01288,New World Mt Roskill;Four Square Fair Price Henderson;Four Square Ellerslie;Four Square Hobsonville,4,16,24923.0,06:55:23
Fri_01289,Pak 'n Save Albany;New World Metro Shore City;Four Square Fair Price Henderson,3,16,24930.94,06:55:30
Fri_01290,Four Square Eden Terrace;New World Devonport;New World Metro Shore City;Four Square Ellerslie,4,16,24942.87,06:55:42
Fri_01291,Four Square Hobsonville;New World Hobsonville;Four Square Ellerslie;Four Square Fair Price Henderson,4,16,24954.29,06:55:54
Fri_01292,New World Papatoetoe;New World Metro Shore City;New World Metro Queen St;Four Square Ellerslie,4,16,24959.63,06:55:59
Fri_01293,Four Square Onehunga;Four Square Remuera;Four Square Ellerslie;Four Square Hobsonville;New World Metro Shore City,5,16,24966.76,06:56:06
Fri_01294,New World Green Bay;Four Square St Heliers;Four Square Glen Eden,3,16,24972.21,06:56:12
Fri_01295,Four Square Ellerslie;New World Eastridge;Four Square St Heliers;Four Square Hobsonville,4,16,24975.08,06:56:15
Fri_01296,New World Howick;New World Metro Shore City;Four Square Lancaster,3,15,24981.92,06:56:21
Fri_01297,Four Square Onehunga;Four Square Glen Eden;New World Papatoetoe;Four Square Ellerslie,4,16,24984.0,06:56:24
Fri_01298,New World Mt Roskill;Four Square Hobsonville;Four Square Glen Eden;Four Square Ellerslie,4,16,24989.43,06:56:29
Fri_01299,Four Square Glen Eden;Four Square Remuera;New World Papatoetoe;Four Square Ellerslie,4,16,24999.53,06:56:39
Fri_01300,New World Hobsonville;Four Square Hobsonville;Four Square Glen Eden;Four Square Ellerslie,4,16,25006.47,06:56:46
Fri_01301,Pak 'n Save Albany;Four Square Torbay;Four Square Ellerslie,3,16,25008.39,06:56:48
Fri_01302,Four Square Hobsonville;New World Hobsonville;Four Square Glen Eden;Four Square Ellerslie,4,16,25020.73,06:57:00
Fri_01303,Four Square Fair Price Henderson;Four Square Onehunga;New World Browns Bay,3,15,25024.43,06:57:04
Fri_01304,Pak 'n Save Mangere;Four Square Lancaster;Four Square Ellerslie,3,16,25030.38,06:57:10
Fri_01305,New World Stonefields;Four Square Fair Price Henderson;Four Square Lancaster,3,15,25044.84,06:57:24
Fri_01306,New World Long Bay;Four Square Torbay;Four Square Botany Junction,3,15,25051.49,06:57:31
Fri_01307,New World Mt Roskill;Four Square St Heliers;Four Square Lancaster,3,16,25064.26,06:57:44
Fri_01308,New World Long Bay;Four Square Torbay;Four Square St Heliers,3,15,25080.74,06:58:00
Fri_01309,Four Square Torbay;New World Long Bay;Four Square St Heliers,3,15,25082.36,06:58:02
Fri_01310,New World Long Bay;New World Ormiston,2,15,25082.72,06:58:02
Fri_01311,New World Hobsonville;Four Square Hobsonville;Four Square Ellerslie;New World Metro Shore City,4,16,25083.65,06:58:03
Fri_01312,New World Green Bay;Four Square St Heliers;Four Square Fair Price Henderson,3,16,25084.15,06:58:04
Fri_01313,Four Square Onehunga;Four Square Remuera;Four Square Fair Price Henderson;Four Square Torbay,4,15,25088.37,06:58:08
Fri_01314,Four Square Fair Price Henderson;New World Southmall;New World Point Chevalier,3,16,25091.96,06:58:11
Fri_01315,Pak 'n Save Sylvia Park;Four Square Fair Price Henderson;Four Square Ellerslie,3,16,25097.57,06:58:17
Fri_01316,New World Devonport;New World Mt Albert;Four Square Ellerslie,3,16,25120.24,06:58:40
Fri_01317,Four Square Glen Eden;Four Square St Heliers;New World Hobsonville,3,15,25123.24,06:58:43
Fri_01318,New World Victoria Park;Four Square Lancaster;Four Square Pakuranga Heights,3,16,25135.64,06:58:55
Fri_01319,New World Green Bay;Four Square Torbay;New World Metro Shore City,3,16,25143.36,06:59:03
Fri_01320,Four Square St Heliers;New World Howick;Four Square Britomart,3,16,25149.06,06:59:09
Fri_01321,Four Square Britomart;Four Square Eden Terrace;Four Square Hobsonville;Four Square St Heliers,4,15,25159.18,06:59:19
Fri_01322,Pak 'n Save Highland Park;Four Square St Heliers;Four Square Fair Price Henderson,3,16,25160.29,06:59:20
Fri_01323,New World Papatoetoe;Four Square Glen Eden;Four Square Fair Price Henderson;Four Square Hobsonville,4,16,25168.67,06:59:28
Fri_01324,Four Square Pakuranga Heights;New World Albany;Four Square Onehunga,3,16,25168.8,06:59:28
Fri_01325,Four Square Lancaster;New World Metro Shore City;New World Mt Albert;Four Square Ellerslie,4,16,25181.02,06:59:41
Fri_01326,Pak 'n Save Clendon;Four Square Ellerslie;Four Square Hobsonville,3,16,25191.48,06:59:51
Fri_01327,New World Birkenhead;Four Square Onehunga;New World Metro Shore City,3,16,25212.92,07:00:12
Fri_01328,Four Square Cockle Bay;Pak 'n Save Highland Park;Four Square Hobsonville,3,16,25216.27,07:00:16
Fri_01329,New World Metro Queen St;New World Papatoetoe;Four Square Ellerslie;Four Square Fair Price Henderson,4,16,25224.89,07:00:24
Fri_01330,Four Square Cockle Bay;Pak 'n Save Ormiston;Four Square Glen Eden,3,16,25269.8,07:01:09
Fri_01331,New World New Lynn;Four Square Hobsonville;Four Square Cockle Bay,3,15,25277.98,07:01:17
Fri_01332,New World Papakura;New World Hobsonville,2,16,25282.54,07:01:22
Fri_01333,Pak 'n Save Wairau Road;Four Square Botany Junction;Four Square Ellerslie,3,16,25283.56,07:01:23
Fri_01334,Four Square St Heliers;New World Birkenhead;New World Metro Shore City,3,16,25294.27,07:01:34
Fri_01335,New World Victoria Park;Four Square Botany Junction;Four Square St Heliers,3,16,25298.05,07:01:38
Fri_01336,Pak 'n Save Papakura;Four Square Cockle Bay;Four Square Ellerslie,3,16,25300.11,07:01:40
Fri_01337,Four Square Hobsonville;Pak 'n Save Mangere;Four Square Fair Price Henderson,3,16,25313.0,07:01:53
Fri_01338,Four Square Fair Price Henderson;New World Southmall;Four Square Ellerslie;Four Square Eden Terrace,4,16,25331.1,07:02:11
Fri_01339,New World Mt Roskill;New World Metro Shore City;Four Square Fair Price Henderson;Four Square Ellerslie,4,16,25344.69,07:02:24
Fri_01340,Four Square Torbay;New World Stonefields;Four Square Eden Terrace,3,16,25346.72,07:02:26
Fri_01341,New World Newmarket;Four Square Cockle Bay;Four Square Glen Eden,3,16,25358.34,07:02:38
Fri_01342,New World Albany;New World Ormiston,2,16,25362.17,07:02:42
Fri_01343,Pak 'n Save Papakura;Four Square Fair Price Henderson;Four Square Glen Eden,3,16,25420.78,07:03:40
Fri_01344,Pak 'n Save Clendon;Four Square Torbay,2,15,25420.92,07:03:40
Fri_01345,Pak 'n Save Manukau;Four Square Glen Eden;Four Square Ellerslie,3,16,25432.98,07:03:52
Fri_01346,New World Long Bay;Four Square Torbay;New World Metro Shore City;Four Square Ellerslie,4,16,25438.5,07:03:58
Fri_01347,Four Square Fair Price Henderson;Four Square Glen Eden;New World Metro Shore City;Four Square Eden Terrace;Four Square Ellerslie,5,15,25438.98,07:03:58
Fri_01348,Four Square Torbay;New World Long Bay;New World Metro Shore City;Four Square Ellerslie,4,16,25440.12,07:04:00
Fri_01349,Four Square Britomart;New World Metro Queen St;Four Square Lancaster;Four Square St Heliers,4,16,25440.7,07:04:00
Fri_01350,Pak 'n Save Albany;Four Square St Heliers;Four Square Ellerslie,3,16,25441.36,07:04:01
Fri_01351,New World New Lynn;Four Square Hobsonville;Four Square Ellerslie;Four Square Glen Eden,4,16,25467.55,07:04:27
Fri_01352,New World Green Bay;Four Square Torbay;Four Square Fair Price Henderson,3,16,25547.36,07:05:47
Fri_01353,Four Square Lancaster;Four Square Ellerslie;Pak 'n Save Wairau Road,3,16,25551.84,07:05:51
Fri_01354,Four Square Remuera;Pak 'n Save Ormiston;Four Square Fair Price Henderson,3,16,25560.05,07:06:00
Fri_01355,Four Square Fair Price Henderson;Four Square Torbay;New World Long Bay;Four Square Ellerslie,4,16,25563.5,07:06:03
Fri_01356,New World Ormiston;Four Square Lancaster;New World Metro Queen St,3,16,25577.51,07:06:17
Fri_01357,New World Long Bay;New World Mt Albert;Four Square Ellerslie,3,16,25589.69,07:06:29
Fri_01358,Four Square Glen Eden;New World Albany;New World Metro Shore City;Four Square Ellerslie,4,16,25604.77,07:06:44
Fri_01359,Four Square Ellerslie;New World Eastridge;Four Square Lancaster;Four Square Hobsonville,4,16,25609.4,07:06:49
Fri_01360,Four Square Glen Eden;New World Browns Bay;Four Square St Heliers,3,15,25623.09,07:07:03
Fri_01361,Four Square Cockle Bay;Pak 'n Save Papakura;Four Square Ellerslie,3,16,25631.27,07:07:11
Fri_01362,New World Metro Shore City;Four Square Ellerslie;Four Square Eden Terrace;Four Square Britomart;Four Square Fair Price Henderson,5,16,25638.23,07:07:18
Fri_01363,Pak 'n Save Botany;Four Square Hobsonville;Four Square Fair Price Henderson,3,16,25646.82,07:07:26
Fri_01364,Pak 'n Save Clendon;Four Square Fair Price Henderson;Four Square Ellerslie,3,16,25676.79,07:07:56
Fri_01365,Pak 'n Save Manukau;Four Square Hobsonville;Four Square Ellerslie,3,16,25678.78,07:07:58
Fri_01366,New World Mt Roskill;Four Square Pakuranga Heights;Four Square Torbay,3,16,25681.35,07:08:01
Fri_01367,New World Metro Queen St;Pak 'n Save Ormiston;Four Square Fair Price Henderson,3,16,25683.76,07:08:03
Fri_01368,Pak 'n Save Ormiston;Four Square Cockle Bay;New World Metro Shore City,3,16,25690.83,07:08:10
Fri_01369,Four Square Lancaster;Four Square Pakuranga Heights;New World Metro Queen St;Four Square Eden Terrace,4,16,25691.57,07:08:11
Fri_01370,Four Square St Heliers;Pak 'n Save Wairau Road;Four Square Ellerslie,3,16,25699.37,07:08:19
Fri_01371,Pak 'n Save Clendon;New World Metro Shore City;Four Square Ellerslie,3,16,25703.33,07:08:23
Fri_01372,Four Square Pakuranga Heights;Pak 'n Save Albany;Four Square Ellerslie,3,16,25705.39,07:08:25
Fri_01373,New World Metro Queen St;New World Papakura;Four Square Pakuranga Heights,3,16,25723.04,07:08:43
Fri_01374,Pak 'n Save Botany;Four Square Glen Eden;Four Square Ellerslie,3,15,25723.45,07:08:43
Fri_01375,New World Metro Shore City;Pak 'n Save Mangere;Four Square Fair Price Henderson,3,16,25734.69,07:08:54
Fri_01376,Four Square St Heliers;Pak 'n Save Highland Park;Four Square Glen Eden,3,16,25779.59,07:09:39
Fri_01377,New World Point Chevalier;Four Square Torbay;Four Square Fair Price Henderson;Four Square Glen Eden,4,16,25790.11,07:09:50
Fri_01378,New World Hobsonville;Four Square Cockle Bay;Four Square Pakuranga Heights,3,16,25808.8,07:10:08
Fri_01379,New World Albany;Four Square Fair Price Henderson;Four Square Botany Junction,3,15,25817.0,07:10:17
Fri_01380,Four Square Pakuranga Heights;New World Albany;Four Square Lancaster,3,16,25825.14,07:10:25
Fri_01381,Four Square Torbay;New World Newmarket;Four Square Fair Price Henderson,3,16,25828.18,07:10:28
Fri_01382,Pak 'n Save Clendon;Four Square Glen Eden;Four Square Ellerslie,3,16,25883.62,07:11:23
Fri_01383,New World Devonport;Four Square Fair Price Henderson;Four Square Botany Junction,3,14,25884.19,07:11:24
Fri_01384,New World Southmall;Four Square Ellerslie;Four Square Pakuranga Heights;Four Square Fair Price Henderson,4,16,25904.94,07:11:44
Fri_01385,New World Metro Shore City;Four Square Britomart;Four Square Remuera;Four Square Ellerslie;Four Square Hobsonville,5,16,25928.44,07:12:08
Fri_01386,New World Newmarket;Four Square Cockle Bay;Four Square Hobsonville,3,16,25930.69,07:12:10
Fri_01387,New World Devonport;Pak 'n Save Highland Park,2,16,25956.32,07:12:36
Fri_01388,New World Albany;Four Square Hobsonville;New World Metro Shore City;Four Square Ellerslie,4,16,25978.08,07:12:58
Fri_01389,New World Howick;New World Browns Bay,2,16,25983.69,07:13:03
Fri_01390,Four Square Hobsonville;Four Square Glen Eden;Four Square Eden Terrace;Four Square Britomart;Four Square Ellerslie,5,16,25999.65,07:13:19
Fri_01391,Pak 'n Save Ormiston;Four Square Cockle Bay;Four Square Hobsonville,3,16,26007.63,07:13:27
Fri_01392,Pak 'n Save Glen Innes;Four Square Fair Price Henderson;Four Square Ellerslie,3,16,26011.26,07:13:31
Fri_01393,New World Devonport;New World Papatoetoe;Four Square Ellerslie,3,16,26015.27,07:13:35
Fri_01394,Four Square Ellerslie;New World Eastridge;Four Square Botany Junction;Four Square Glen Eden,4,16,26015.37,07:13:35
Fri_01395,Four Square Torbay;New World Long Bay;Four Square Hobsonville;Four Square Ellerslie,4,16,26022.99,07:13:42
Fri_01396,Four Square Hobsonville;New World Browns Bay;Four Square Cockle Bay,3,15,26051.33,07:14:11
Fri_01397,Four Square Glen Eden;New World Papatoetoe;Four Square Cockle Bay;Four Square Ellerslie,4,16,26057.5,07:14:17
Fri_01398,Four Square Hobsonville;New World Mt Roskill;New World Metro Shore City;Four Square Ellerslie,4,16,26086.55,07:14:46
Fri_01399,New World Birkenhead;Four Square Pakuranga Heights;Four Square Fair Price Henderson,3,16,26092.95,07:14:52
Fri_01400,New World Papakura;New World Albany,2,16,26128.39,07:15:28
Fri_01401,New World Metro Shore City;Four Square Lancaster;Four Square Hobsonville;Four Square Eden Terrace;Four Square Ellerslie,5,16,26184.83,07:16:24
Fri_01402,New World Browns Bay;Four Square Torbay;Four Square St Heliers,3,16,26186.75,07:16:26
Fri_01403,New World Metro Shore City;Pak 'n Save Clendon;Four Square Ellerslie,3,16,26213.75,07:16:53
Fri_01404,New World Papatoetoe;New World Long Bay;Four Square Ellerslie,3,16,26239.45,07:17:19
Fri_01405,Four Square Hobsonville;New World Metro Shore City;Four Square Lancaster;Four Square Eden Terrace;Four Square Ellerslie,5,16,26241.32,07:17:21
Fri_01406,New World Hobsonville;New World Metro Shore City;Four Square Hobsonville;Four Square Ellerslie,4,16,26243.21,07:17:23
Fri_01407,New World Long Bay;Pak 'n Save Ormiston,2,16,26243.31,07:17:23
Fri_01408,Pak 'n Save Papakura;New World Metro Shore City;Four Square Hobsonville,3,16,26259.76,07:17:39
Fri_01409,Pak 'n Save Mangere;Four Square Torbay;Four Square Ellerslie,3,16,26261.64,07:17:41
Fri_01410,New World Long Bay;Four Square Torbay;Four Square Cockle Bay,3,15,26357.09,07:19:17
Fri_01411,Pak 'n Save Botany;Four Square Lancaster;Four Square Ellerslie,3,16,26382.35,07:19:42
Fri_01412,Four Square Glen Eden;New World Eastridge;Four Square Fair Price Henderson;Four Square Hobsonville,4,16,26383.2,07:19:43
Fri_01413,Four Square Hobsonville;New World New Lynn;New World Metro Shore City;Four Square Ellerslie,4,16,26392.03,07:19:52
Fri_01414,New World Mt Roskill;Four Square St Heliers;Four Square Torbay,3,16,26392.67,07:19:52
Fri_01415,Four Square St Heliers;Pak 'n Save Albany;Four Square Ellerslie,3,16,26416.71,07:20:16
Fri_01416,New World Metro Shore City;New World Birkenhead;Four Square Cockle Bay,3,16,26417.91,07:20:17
Fri_01417,New World Mt Albert;Four Square Hobsonville;Four Square Cockle Bay;Four Square Ellerslie,4,16,26467.89,07:21:07
Fri_01418,New World Papakura;Four Square Cockle Bay;Four Square St Heliers,3,16,26485.98,07:21:25
Fri_01419,Four Square Glen Eden;Pak 'n Save Botany;New World Metro Shore City,3,16,26495.31,07:21:35
Fri_01420,Four Square Onehunga;Four Square Cockle Bay;New World Browns Bay,3,16,26496.87,07:21:36
Fri_01421,Pak 'n Save Papakura;Four Square Glen Eden;Four Square Hobsonville,3,16,26498.71,07:21:38
Fri_01422,New World Metro Queen St;Four Square Eden Terrace;Four Square Glen Eden;Four Square Hobsonville;Four Square Ellerslie,5,16,26512.43,07:21:52
Fri_01423,Pak 'n Save Glen Innes;Four Square Glen Eden;Four Square Ellerslie,3,16,26535.24,07:22:15
Fri_01424,New World Long Bay;Four Square Torbay;Four Square Fair Price Henderson;Four Square Ellerslie,4,16,26593.86,07:23:13
Fri_01425,Pak 'n Save Highland Park;Four Square Torbay;New World Metro Shore City,3,16,26611.95,07:23:31
Fri_01426,New World Southmall;Four Square Ellerslie;Four Square Botany Junction;New World Metro Shore City,4,16,26666.44,07:24:26
Fri_01427,Pak 'n Save Albany;Four Square Cockle Bay;Four Square Ellerslie,3,16,26688.49,07:24:48
Fri_01428,Four Square Pakuranga Heights;New World Howick;Four Square Torbay,3,16,26741.44,07:25:41
Fri_01429,New World Long Bay;Four Square Ellerslie;Four Square Remuera;New World Metro Shore City,4,16,26754.1,07:25:54
Fri_01430,New World Browns Bay;Four Square Pakuranga Heights;Four Square St Heliers,3,16,26760.71,07:26:00
Fri_01431,Four Square Glen Eden;New World Botany;Four Square Ellerslie;Four Square Fair Price Henderson,4,16,26773.25,07:26:13
Fri_01432,Pak 'n Save Papakura;Four Square Lancaster;Four Square Ellerslie,3,16,26775.65,07:26:15
Fri_01433,Four Square Glen Eden;Four Square Onehunga;Four Square Ellerslie;Four Square Botany Junction;Four Square Fair Price Henderson,5,16,26782.64,07:26:22
Fri_01434,Pak 'n Save Ormiston;Four Square Torbay;Four Square Hobsonville,3,16,26802.6,07:26:42
Fri_01435,Four Square Lancaster;New World Mt Albert;Four Square Glen Eden;Four Square Ellerslie,4,16,26840.37,07:27:20
Fri_01436,New World Mt Roskill;Four Square Cockle Bay;Four Square Torbay,3,16,26904.55,07:28:24
Fri_01437,New World Metro Shore City;New World Devonport;Four Square Torbay;Four Square Ellerslie,4,16,26947.51,07:29:07
Fri_01438,New World Devonport;Four Square Fair Price Henderson;Four Square Eden Terrace;Four Square Ellerslie,4,16,26948.1,07:29:08
Fri_01439,New World Papatoetoe;Four Square Glen Eden;Four Square St Heliers;Four Square Ellerslie,4,16,26961.52,07:29:21
Fri_01440,New World Devonport;Four Square Hobsonville;Four Square Glen Eden;Four Square Fair Price Henderson,4,16,26966.24,07:29:26
Fri_01441,New World Southmall;New World Metro Queen St;Four Square Glen Eden;Four Square Ellerslie,4,16,26969.4,07:29:29
Fri_01442,Four Square Remuera;Four Square Glen Eden;Pak 'n Save Highland Park,3,16,27027.66,07:30:27
Fri_01443,Pak 'n Save Ormiston;New World Metro Shore City;Four Square Botany Junction,3,16,27045.91,07:30:45
Fri_01444,Four Square Cockle Bay;New World Browns Bay;Four Square Torbay,3,16,27053.96,07:30:53
Fri_01445,New World Long Bay;New World Southmall;Four Square Ellerslie,3,16,27086.87,07:31:26
Fri_01446,New World Milford;Four Square Botany Junction;New World Metro Shore City,3,16,27155.89,07:32:35
Fri_01447,New World Browns Bay;Four Square Fair Price Henderson;Four Square Hobsonville;Four Square Ellerslie,4,16,27163.88,07:32:43
Fri_01448,Four Square Glen Eden;New World Botany;Four Square Ellerslie;Four Square Hobsonville,4,16,27233.67,07:33:53
Fri_01449,Four Square Remuera;Four Square Onehunga;Four Square Ellerslie;Four Square Glen Eden;New World Metro Shore City,5,16,27238.81,07:33:58
Fri_01450,Pak 'n Save Papakura;Four Square Ellerslie;Four Square Torbay,3,16,27275.39,07:34:35
Fri_01451,Four Square Onehunga;Four Square Pakuranga Heights;Four Square Ellerslie;Four Square Glen Eden;New World Metro Shore City,5,16,27279.45,07:34:39
Fri_01452,New World Browns Bay;Four Square St Heliers;Four Square Botany Junction,3,16,27284.12,07:34:44
Fri_01453,Four Square Fair Price Henderson;Four Square Torbay;New World Papatoetoe;Four Square Ellerslie,4,16,27382.84,07:36:22
Fri_01454,Pak 'n Save Botany;Four Square Torbay;Four Square Ellerslie,3,16,27531.33,07:38:51
Fri_01455,Four Square Remuera;Four Square Onehunga;Four Square Hobsonville;Four Square Glen Eden;Four Square Ellerslie,5,16,27573.63,07:39:33
Fri_01456,New World Botany;Four Square Lancaster;Four Square Pakuranga Heights,3,16,27775.5,07:42:55
Fri_01457,Four Square Ellerslie;Pak 'n Save Papakura;Four Square Torbay,3,16,28050.4,07:47:30
Fri_01458,New World Papakura;Four Square Fair Price Henderson;Four Square Glen Eden;Four Square Ellerslie,4,16,28215.39,07:50:15
Fri_01459,New World Papakura;Four Square Lancaster;Four Square Pakuranga Heights,3,16,28392.08,07:53:12
Fri_01460,New World Papakura;Four Square Fair Price Henderson;Four Square Cockle Bay,3,15,28432.41,07:53:52
Fri_01461,Four Square Glen Eden;New World Devonport;Four Square Torbay;Four Square Ellerslie,4,16,28468.31,07:54:28
Fri_01462,Four Square Torbay;New World Southmall;Four Square Ellerslie;Four Square Glen Eden,4,16,28969.76,08:02:49
Fri_01463,New World Devonport;Four Square Cockle Bay;Four Square Ellerslie;Four Square Fair Price Henderson,4,16,29011.19,08:03:31
