route_id,stops,num_stops,total_pallets,total_duration_sec,total_duration_hms
Sat_00001,New World Mt Roskill,1,2,2552.66,00:42:32
Sat_00002,Four Square Onehunga,1,1,2634.43,00:43:54
Sat_00003,Four Square Eden Terrace,1,1,3452.55,00:57:32
Sat_00004,Four Square Glen Eden,1,1,3645.3,01:00:45
Sat_00005,Four Square Fair Price Henderson,1,1,4333.13,01:12:13
Sat_00006,Four Square Ellerslie,1,1,4480.42,01:14:40
Sat_00007,Four Square Remuera,1,1,4488.82,01:14:48
Sat_00008,New World Mt Albert,1,3,4693.78,01:18:13
Sat_00009,Four Square Hobsonville,1,1,4793.54,01:19:53
Sat_00010,New World Mt Roskill;Four Square Onehunga,2,3,4835.87,01:20:35
Sat_00011,New World New Lynn,1,3,4901.69,01:21:41
Sat_00012,New World Green Bay,1,3,4965.54,01:22:45
Sat_00013,New World Metro Queen St,1,2,5013.37,01:23:33
Sat_00014,New World Mt Roskill;Four Square Eden Terrace,2,3,5653.99,01:34:13
Sat_00015,Four Square Ellerslie;Four Square Eden Terrace,2,2,5777.67,01:36:17
Sat_00016,Four Square St Heliers,1,1,5877.79,01:37:57
Sat_00017,New World Mt Roskill;Four Square Glen Eden,2,3,5932.98,01:38:52
Sat_00018,New World Victoria Park,1,3,6031.39,01:40:31
Sat_00019,New World Papatoetoe,1,3,6285.88,01:44:45
Sat_00020,Four Square Eden Terrace;New World Metro Queen St,2,3,6315.17,01:45:15
Sat_00021,Four Square Pakuranga Heights,1,2,6442.04,01:47:22
Sat_00022,New World Mt Roskill;Four Square Fair Price Henderson,2,3,6534.57,01:48:54
Sat_00023,New World Mt Roskill;Four Square Ellerslie,2,3,6681.86,01:51:21
Sat_00024,Pak 'n Save Mt Albert,1,5,6699.27,01:51:39
Sat_00025,Four Square Eden Terrace;New World Remuera,2,3,6742.39,01:52:22
Sat_00026,New World Mt Roskill;New World Mt Albert,2,5,6895.22,01:54:55
Sat_00027,New World Hobsonville,1,3,6929.76,01:55:29
Sat_00028,New World Mt Roskill;Four Square Hobsonville,2,3,6994.98,01:56:34
Sat_00029,New World Southmall,1,3,7033.98,01:57:13
Sat_00030,New World Stonefields,1,3,7171.35,01:59:31
Sat_00031,New World Mt Roskill;New World New Lynn,2,5,7189.37,01:59:49
Sat_00032,New World Mt Roskill;Four Square Onehunga;Four Square Eden Terrace,3,4,7192.98,01:59:52
Sat_00033,New World Mt Roskill;New World Metro Queen St,2,4,7214.81,02:00:14
Sat_00034,New World Green Bay;New World Mt Roskill,2,5,7253.21,02:00:53
Sat_00035,New World Mt Roskill;New World Green Bay,2,5,7253.22,02:00:53
Sat_00036,Four Square Torbay,1,1,7336.52,02:02:16
Sat_00037,New World Eastridge,1,3,7395.46,02:03:15
Sat_00038,New World Mt Roskill;New World Metro Shore City,2,3,7416.68,02:03:36
Sat_00039,New World Mt Roskill;New World Point Chevalier,2,5,7525.61,02:05:25
Sat_00040,New World Ormiston,1,3,7576.64,02:06:16
Sat_00041,New World Mt Roskill;New World Remuera,2,4,7591.79,02:06:31
Sat_00042,New World Milford,1,3,7767.21,02:09:27
Sat_00043,New World Browns Bay,1,2,7892.45,02:11:32
Sat_00044,New World Mt Roskill;Four Square Ellerslie;Four Square Remuera,3,4,7978.18,02:12:58
Sat_00045,New World Botany,1,3,8031.66,02:13:51
Sat_00046,New World Papakura,1,3,8077.54,02:14:37
Sat_00047,New World Hobsonville;Four Square Hobsonville,2,4,8092.02,02:14:52
Sat_00048,Pak 'n Save Royal Oak,1,6,8093.54,02:14:53
Sat_00049,New World Mt Roskill;Four Square Lancaster,2,3,8127.28,02:15:27
Sat_00050,New World Mt Roskill;New World Newmarket,2,5,8176.27,02:16:16
Sat_00051,New World Remuera;Four Square Remuera;Four Square Ellerslie,3,4,8196.67,02:16:36
Sat_00052,Four Square Ellerslie;New World Remuera;Four Square Eden Terrace,3,4,8255.92,02:17:35
Sat_00053,Four Square Ellerslie;New World Remuera;Four Square Remuera,3,4,8318.16,02:18:38
Sat_00054,New World Howick,1,3,8389.9,02:19:49
Sat_00055,New World Mt Roskill;Four Square Glen Eden;Four Square Fair Price Henderson,3,4,8429.27,02:20:29
Sat_00056,New World Mt Roskill;New World Papatoetoe,2,5,8487.32,02:21:27
Sat_00057,New World Stonefields;Four Square Ellerslie,2,4,8497.77,02:21:37
Sat_00058,New World Mt Roskill;New World Metro Queen St;Four Square Eden Terrace,3,5,8518.29,02:21:58
Sat_00059,New World Victoria Park;New World Metro Queen St,2,5,8527.22,02:22:07
Sat_00060,New World Metro Queen St;New World Victoria Park,2,5,8547.26,02:22:27
Sat_00061,New World Albany,1,3,8596.37,02:23:16
Sat_00062,Four Square Lancaster;New World Metro Queen St,2,3,8596.97,02:23:16
Sat_00063,Four Square Remuera;Four Square Pakuranga Heights,2,3,8630.67,02:23:50
Sat_00064,New World Green Bay;New World New Lynn,2,6,8638.1,02:23:58
Sat_00065,Pak 'n Save Westgate,1,5,8639.0,02:23:59
Sat_00066,New World Point Chevalier;New World Mt Albert,2,6,8688.52,02:24:48
Sat_00067,Four Square Botany Junction;New World Ormiston,2,4,8735.12,02:25:35
Sat_00068,New World Devonport,1,3,8748.05,02:25:48
Sat_00069,Pak 'n Save Mangere,1,6,8799.57,02:26:39
Sat_00070,New World Newmarket;New World Remuera,2,5,8809.43,02:26:49
Sat_00071,New World New Lynn;New World Mt Albert,2,6,8882.3,02:28:02
Sat_00072,New World Mt Roskill;Pak 'n Save Mt Albert,2,7,8884.5,02:28:04
Sat_00073,New World Mt Roskill;New World Remuera;Four Square Remuera,3,5,8951.29,02:29:11
Sat_00074,New World Mt Roskill;New World Mt Albert;Four Square Eden Terrace,3,6,8957.17,02:29:17
Sat_00075,New World Mt Roskill;Four Square Onehunga;New World Mt Albert,3,6,8986.07,02:29:46
Sat_00076,New World Mt Roskill;Four Square Onehunga;Four Square Remuera;Four Square Ellerslie,4,5,8999.49,02:29:59
Sat_00077,New World Metro Shore City;New World Milford,2,4,9028.98,02:30:28
Sat_00078,New World Mt Roskill;Four Square Remuera;New World Remuera,3,5,9060.04,02:31:00
Sat_00079,New World Stonefields;Four Square Ellerslie;Four Square Onehunga,3,5,9220.37,02:33:40
Sat_00080,New World Birkenhead;Four Square Lancaster,2,4,9285.15,02:34:45
Sat_00081,Four Square St Heliers;New World Eastridge,2,4,9307.45,02:35:07
Sat_00082,Pak 'n Save Royal Oak;Four Square Onehunga,2,7,9335.49,02:35:35
Sat_00083,New World Mt Roskill;New World New Lynn;Four Square Glen Eden,3,6,9368.24,02:36:08
Sat_00084,New World Mt Roskill;New World Green Bay;Four Square Glen Eden,3,6,9371.75,02:36:11
Sat_00085,Four Square Onehunga;Pak 'n Save Royal Oak,2,7,9379.0,02:36:19
Sat_00086,New World Mt Roskill;New World Newmarket;Four Square Eden Terrace,3,6,9473.53,02:37:53
Sat_00087,Four Square Eden Terrace;Four Square Ellerslie;Four Square Remuera;New World Remuera,4,5,9498.56,02:38:18
Sat_00088,New World Mt Roskill;Four Square Eden Terrace;New World Newmarket,3,6,9528.31,02:38:48
Sat_00089,New World Mt Roskill;New World Victoria Park;Four Square Eden Terrace,3,6,9624.2,02:40:24
Sat_00090,Four Square Eden Terrace;New World Stonefields;Four Square Remuera,3,5,9754.17,02:42:34
Sat_00091,Pak 'n Save Manukau,1,6,9836.7,02:43:56
Sat_00092,Four Square Eden Terrace;New World Metro Queen St;New World Victoria Park,3,6,9849.06,02:44:09
Sat_00093,New World Hobsonville;Four Square Hobsonville;Four Square Fair Price Henderson,3,5,10071.74,02:47:51
Sat_00094,Four Square Eden Terrace;New World Metro Queen St;New World Newmarket,3,6,10100.06,02:48:20
Sat_00095,New World Mt Roskill;New World Newmarket;Four Square Ellerslie,3,6,10142.76,02:49:02
Sat_00096,New World Mt Roskill;New World Mt Albert;Four Square Remuera,3,6,10154.48,02:49:14
Sat_00097,Pak 'n Save Highland Park,1,5,10158.37,02:49:18
Sat_00098,New World Newmarket;New World Remuera;Four Square Remuera,3,6,10168.93,02:49:28
Sat_00099,New World Mt Roskill;Pak 'n Save Royal Oak,2,8,10294.99,02:51:34
Sat_00100,New World Mt Roskill;Four Square Ellerslie;Four Square Remuera;New World Remuera,4,6,10347.96,02:52:27
Sat_00101,New World Eastridge;Four Square Fair Price Henderson,2,4,10370.7,02:52:50
Sat_00102,New World Browns Bay;New World Metro Queen St,2,4,10384.16,02:53:04
Sat_00103,Pak 'n Save Mt Albert;New World Mt Albert,2,8,10385.73,02:53:05
Sat_00104,New World Mt Albert;Pak 'n Save Mt Albert,2,8,10400.16,02:53:20
Sat_00105,Pak 'n Save Lincoln Road,1,7,10401.89,02:53:21
Sat_00106,Pak 'n Save Sylvia Park,1,6,10409.55,02:53:29
Sat_00107,New World Mt Albert;New World Point Chevalier;Four Square Eden Terrace,3,7,10433.84,02:53:53
Sat_00108,New World New Lynn;Four Square Glen Eden;New World Green Bay,3,7,10481.35,02:54:41
Sat_00109,New World Mt Roskill;New World Howick,2,5,10591.34,02:56:31
Sat_00110,New World New Lynn;Pak 'n Save Mt Albert,2,8,10623.84,02:57:03
Sat_00111,Four Square St Heliers;New World Eastridge;Four Square Remuera,3,5,10625.26,02:57:05
Sat_00112,New World Mt Roskill;New World Mt Albert;New World Metro Queen St,3,7,10679.03,02:57:59
Sat_00113,New World Mt Roskill;New World Green Bay;Four Square Fair Price Henderson,3,6,10684.21,02:58:04
Sat_00114,Pak 'n Save Mt Albert;New World Point Chevalier,2,8,10702.27,02:58:22
Sat_00115,New World Long Bay;Four Square Torbay,2,4,10741.36,02:59:01
Sat_00116,Four Square Torbay;New World Long Bay,2,4,10742.98,02:59:02
Sat_00117,New World Stonefields;Four Square Pakuranga Heights,2,5,10744.73,02:59:04
Sat_00118,New World Mt Roskill;New World Metro Queen St;New World Victoria Park,3,7,10748.7,02:59:08
Sat_00119,New World Stonefields;Four Square Remuera;New World Remuera,3,6,10771.91,02:59:31
Sat_00120,Four Square Pakuranga Heights;New World Howick,2,5,10783.58,02:59:43
Sat_00121,New World Mt Roskill;New World Mt Albert;New World Point Chevalier,3,8,10790.16,02:59:50
Sat_00122,New World Green Bay;New World New Lynn;Four Square Glen Eden,3,7,10816.97,03:00:16
Sat_00123,New World Mt Roskill;Pak 'n Save Westgate,2,7,10840.45,03:00:40
Sat_00124,New World Mt Roskill;New World Point Chevalier;New World Mt Albert,3,8,10889.96,03:01:29
Sat_00125,New World Point Chevalier;New World Mt Albert;New World Mt Roskill,3,8,10893.3,03:01:33
Sat_00126,Pak 'n Save Ormiston,1,6,10897.23,03:01:37
Sat_00127,Pak 'n Save Henderson,1,7,10911.09,03:01:51
Sat_00128,New World New Lynn;New World Green Bay;New World Mt Roskill,3,8,10924.79,03:02:04
Sat_00129,New World Mt Roskill;New World New Lynn;New World Green Bay,3,8,10924.8,03:02:04
Sat_00130,New World Mt Roskill;New World Green Bay;New World New Lynn,3,8,10925.78,03:02:05
Sat_00131,New World Mt Roskill;Four Square Botany Junction;New World Ormiston,3,6,10936.56,03:02:16
Sat_00132,New World Mt Roskill;New World Devonport,2,5,10949.5,03:02:29
Sat_00133,New World Mt Roskill;Pak 'n Save Mangere,2,8,11001.01,03:03:21
Sat_00134,New World Mt Roskill;New World Newmarket;New World Remuera,3,7,11010.87,03:03:30
Sat_00135,New World Mt Roskill;New World New Lynn;Four Square Hobsonville,3,6,11019.16,03:03:39
Sat_00136,Pak 'n Save Mangere;New World Mt Roskill,2,8,11027.14,03:03:47
Sat_00137,New World Mt Roskill;New World Mt Albert;New World Remuera,3,7,11056.01,03:04:16
Sat_00138,New World Eastridge;Four Square Remuera;New World Remuera,3,6,11083.05,03:04:43
Sat_00139,Pak 'n Save Papakura,1,6,11151.63,03:05:51
Sat_00140,New World Mt Roskill;Four Square Onehunga;Four Square Eden Terrace;New World Victoria Park,4,7,11197.02,03:06:37
Sat_00141,New World Mt Roskill;Pak 'n Save Mt Albert;Four Square Eden Terrace,3,8,11313.08,03:08:33
Sat_00142,Pak 'n Save Glen Innes,1,6,11323.24,03:08:43
Sat_00143,Pak 'n Save Botany,1,6,11417.42,03:10:17
Sat_00144,New World Devonport;New World Metro Queen St,2,5,11419.17,03:10:19
Sat_00145,New World Mt Roskill;New World Birkenhead;Four Square Lancaster,3,6,11486.59,03:11:26
Sat_00146,New World Mt Roskill;Pak 'n Save Royal Oak;Four Square Onehunga,3,9,11536.94,03:12:16
Sat_00147,Pak 'n Save Mt Albert;Four Square Onehunga;Four Square Remuera,3,7,11538.11,03:12:18
Sat_00148,New World Mt Roskill;New World Mt Albert;New World Victoria Park,3,8,11550.08,03:12:30
Sat_00149,Pak 'n Save Royal Oak;Four Square Onehunga;New World Mt Roskill,3,9,11563.06,03:12:43
Sat_00150,New World Mt Roskill;Four Square Onehunga;Pak 'n Save Royal Oak,3,9,11580.44,03:13:00
Sat_00151,New World Mt Roskill;Pak 'n Save Mt Albert;Four Square Glen Eden,3,8,11619.98,03:13:39
Sat_00152,New World Metro Queen St;New World Newmarket;New World Remuera,3,7,11632.86,03:13:52
Sat_00153,Pak 'n Save Manukau;Four Square Botany Junction,2,7,11699.39,03:14:59
Sat_00154,Four Square Lancaster;Pak 'n Save Wairau Road,2,6,11699.9,03:14:59
Sat_00155,New World Mt Roskill;Pak 'n Save Wairau Road,2,7,11882.39,03:18:02
Sat_00156,New World New Lynn;New World Mt Roskill;New World Green Bay,3,8,11889.92,03:18:09
Sat_00157,New World Mt Roskill;New World Point Chevalier;New World Newmarket,3,8,11893.01,03:18:13
Sat_00158,Four Square Ellerslie;Four Square Onehunga;Pak 'n Save Royal Oak,3,8,11947.59,03:19:07
Sat_00159,Four Square Onehunga;Pak 'n Save Royal Oak;Four Square Ellerslie,3,8,11956.68,03:19:16
Sat_00160,New World Mt Albert;New World Point Chevalier;New World Metro Queen St,3,8,11994.67,03:19:54
Sat_00161,New World Mt Roskill;New World Stonefields;Four Square Ellerslie;Four Square Remuera,4,7,11995.53,03:19:55
Sat_00162,New World Mt Roskill;New World Metro Queen St;New World Remuera;Four Square Ellerslie,4,7,12026.57,03:20:26
Sat_00163,New World Mt Roskill;New World Victoria Park;New World Metro Queen St;Four Square Eden Terrace,4,8,12032.14,03:20:32
Sat_00164,New World Mt Roskill;Pak 'n Save Manukau,2,8,12038.14,03:20:38
Sat_00165,Pak 'n Save Royal Oak;New World Mt Albert,2,9,12046.22,03:20:46
Sat_00166,Pak 'n Save Sylvia Park;Four Square Remuera,2,7,12094.76,03:21:34
Sat_00167,New World Mt Roskill;New World Eastridge;New World Metro Queen St,3,7,12146.8,03:22:26
Sat_00168,New World Mt Roskill;Four Square Eden Terrace;New World Metro Queen St;New World Newmarket,4,8,12301.5,03:25:01
Sat_00169,New World Mt Roskill;New World Newmarket;Four Square Eden Terrace;New World Metro Queen St,4,8,12336.15,03:25:36
Sat_00170,New World Mt Roskill;Pak 'n Save Highland Park,2,7,12359.81,03:25:59
Sat_00171,New World Mt Roskill;Pak 'n Save Mt Albert;Four Square Ellerslie,3,8,12409.12,03:26:49
Sat_00172,New World Mt Roskill;New World Mt Albert;New World Remuera;Four Square Remuera,4,8,12415.51,03:26:55
Sat_00173,Pak 'n Save Glen Innes;Four Square Remuera,2,7,12445.82,03:27:25
Sat_00174,New World Mt Roskill;New World New Lynn;New World Newmarket,3,8,12488.2,03:28:08
Sat_00175,New World Mt Roskill;Four Square Onehunga;Pak 'n Save Mangere,3,9,12511.31,03:28:31
Sat_00176,New World Mt Roskill;Pak 'n Save Royal Oak;Four Square Eden Terrace,3,9,12533.0,03:28:53
Sat_00177,New World Mt Roskill;Pak 'n Save Mt Albert;New World Mt Albert,3,10,12570.96,03:29:30
Sat_00178,New World Mt Roskill;New World Mt Albert;Four Square Eden Terrace;New World Point Chevalier,4,9,12588.06,03:29:48
Sat_00179,New World Mt Roskill;New World Mt Albert;Pak 'n Save Mt Albert,3,10,12601.6,03:30:01
Sat_00180,New World Mt Roskill;Pak 'n Save Lincoln Road,2,9,12603.34,03:30:03
Sat_00181,New World Mt Roskill;Pak 'n Save Sylvia Park,2,8,12610.99,03:30:10
Sat_00182,Four Square Botany Junction;Pak 'n Save Botany,2,7,12619.22,03:30:19
Sat_00183,New World Mt Roskill;New World Mt Albert;New World Point Chevalier;Four Square Eden Terrace,4,9,12635.28,03:30:35
Sat_00184,New World Mt Roskill;Four Square Pakuranga Heights;Four Square Remuera;New World Remuera,4,7,12698.47,03:31:38
Sat_00185,Pak 'n Save Glen Innes;Four Square St Heliers,2,7,12717.14,03:31:57
Sat_00186,New World Mt Roskill;New World New Lynn;Four Square Glen Eden;New World Green Bay,4,9,12769.03,03:32:49
Sat_00187,New World New Lynn;New World Mt Albert;New World Point Chevalier,3,9,12777.24,03:32:57
Sat_00188,New World Mt Roskill;New World Green Bay;Four Square Glen Eden;New World New Lynn,4,9,12790.68,03:33:10
Sat_00189,New World Mt Roskill;Pak 'n Save Mt Albert;Four Square Hobsonville,3,8,12812.47,03:33:32
Sat_00190,New World Mt Roskill;Pak 'n Save Mt Albert;New World New Lynn,3,10,12817.47,03:33:37
Sat_00191,New World Mt Roskill;New World Mt Albert;Four Square Eden Terrace;New World Newmarket,4,9,12831.49,03:33:51
Sat_00192,New World Mt Roskill;Pak 'n Save Mt Albert;New World Point Chevalier,3,10,12887.5,03:34:47
Sat_00193,New World Mt Roskill;New World New Lynn;Pak 'n Save Mt Albert,3,10,12911.52,03:35:11
Sat_00194,New World Remuera;Pak 'n Save Sylvia Park,2,8,12930.82,03:35:30
Sat_00195,New World Mt Roskill;New World Point Chevalier;New World Mt Albert;Four Square Eden Terrace,4,9,12951.91,03:35:51
Sat_00196,New World Mt Roskill;New World Point Chevalier;Pak 'n Save Mt Albert,3,10,13014.96,03:36:54
Sat_00197,Pak 'n Save Royal Oak;Four Square Onehunga;New World Remuera,3,9,13021.58,03:37:01
Sat_00198,New World Mt Roskill;Pak 'n Save Mt Albert;New World Green Bay,3,10,13041.49,03:37:21
Sat_00199,New World Mt Roskill;New World New Lynn;New World Green Bay;Four Square Glen Eden,4,9,13043.33,03:37:23
Sat_00200,New World Mt Roskill;New World Point Chevalier;New World Stonefields,3,8,13089.54,03:38:09
Sat_00201,New World Browns Bay;Four Square Torbay;New World Long Bay,3,6,13093.83,03:38:13
Sat_00202,New World Mt Roskill;Pak 'n Save Ormiston,2,8,13098.67,03:38:18
Sat_00203,New World Mt Roskill;New World Green Bay;New World New Lynn;Four Square Glen Eden,4,9,13104.65,03:38:24
Sat_00204,New World Mt Roskill;Pak 'n Save Henderson,2,9,13112.53,03:38:32
Sat_00205,New World Mt Roskill;New World Green Bay;Pak 'n Save Mt Albert,3,10,13125.43,03:38:45
Sat_00206,New World Mt Roskill;Four Square Eden Terrace;New World Metro Queen St;Four Square Remuera;New World Remuera,5,8,13185.28,03:39:45
Sat_00207,New World Mt Albert;Pak 'n Save Mangere,2,9,13195.76,03:39:55
Sat_00208,Pak 'n Save Mt Albert;New World Mt Roskill;New World Mt Albert,3,10,13238.62,03:40:38
Sat_00209,Four Square Onehunga;Pak 'n Save Royal Oak;Four Square Ellerslie;Four Square Remuera,4,9,13253.0,03:40:53
Sat_00210,New World Birkenhead;Four Square Lancaster;New World Milford,3,7,13304.74,03:41:44
Sat_00211,Four Square St Heliers;New World Metro Queen St;New World Victoria Park;Four Square Eden Terrace,4,7,13352.95,03:42:32
Sat_00212,New World Milford;Pak 'n Save Wairau Road,2,8,13412.33,03:43:32
Sat_00213,New World Mt Roskill;New World Mt Albert;New World Green Bay;Four Square Glen Eden,4,9,13439.75,03:43:59
Sat_00214,New World Mt Roskill;New World Green Bay;New World Mt Albert;Four Square Eden Terrace,4,9,13445.84,03:44:05
Sat_00215,Pak 'n Save Royal Oak;Four Square Onehunga;New World Mt Albert,3,10,13485.69,03:44:45
Sat_00216,Pak 'n Save Mt Albert;New World Point Chevalier;Four Square Fair Price Henderson,3,9,13564.32,03:46:04
Sat_00217,New World Mt Roskill;Pak 'n Save Botany,2,8,13618.86,03:46:58
Sat_00218,New World Mt Roskill;New World Mt Albert;New World Point Chevalier;Four Square Ellerslie,4,9,13663.15,03:47:43
Sat_00219,New World Mt Roskill;New World New Lynn;New World Stonefields,3,8,13684.72,03:48:04
Sat_00220,New World Mt Roskill;Four Square Onehunga;Pak 'n Save Royal Oak;Four Square Eden Terrace,4,10,13818.45,03:50:18
Sat_00221,New World Mt Roskill;New World New Lynn;Four Square Eden Terrace;New World Newmarket,4,9,13840.24,03:50:40
Sat_00222,Four Square Hobsonville;New World Hobsonville;Pak 'n Save Westgate,3,9,13868.03,03:51:08
Sat_00223,New World Mt Roskill;Four Square Onehunga;New World Remuera;New World Newmarket;Four Square Remuera,5,9,13874.83,03:51:14
Sat_00224,New World Remuera;Four Square Remuera;Four Square Ellerslie;Pak 'n Save Mt Albert,4,9,13882.69,03:51:22
Sat_00225,New World Point Chevalier;New World Newmarket;New World Remuera;Four Square Remuera,4,9,13885.67,03:51:25
Sat_00226,New World Mt Roskill;Pak 'n Save Royal Oak;Four Square Onehunga;Four Square Eden Terrace,4,10,13894.05,03:51:34
Sat_00227,New World Mt Roskill;Pak 'n Save Mt Albert;New World Newmarket,3,10,13903.53,03:51:43
Sat_00228,New World Mt Roskill;Four Square Hobsonville;New World Hobsonville;New World Metro Queen St,4,8,13913.45,03:51:53
Sat_00229,New World Mt Roskill;Pak 'n Save Royal Oak;New World Remuera,3,10,13948.85,03:52:28
Sat_00230,Four Square Glen Eden;Pak 'n Save Lincoln Road;Four Square Fair Price Henderson,3,9,13998.7,03:53:18
Sat_00231,Pak 'n Save Clendon;New World Southmall,2,9,14027.84,03:53:47
Sat_00232,New World Mt Roskill;New World Mt Albert;New World Victoria Park;New World Metro Queen St,4,10,14045.91,03:54:05
Sat_00233,Pak 'n Save Mt Albert;New World Point Chevalier;New World Mt Albert,3,11,14066.62,03:54:26
Sat_00234,New World Mt Roskill;New World Mt Albert;Four Square Remuera;New World Stonefields,4,9,14072.76,03:54:32
Sat_00235,Pak 'n Save Mangere;New World Southmall,2,9,14081.34,03:54:41
Sat_00236,New World Newmarket;New World Remuera;Four Square Remuera;New World Stonefields,4,9,14087.21,03:54:47
Sat_00237,New World Mt Roskill;Pak 'n Save Lincoln Road;Four Square Fair Price Henderson,3,10,14127.96,03:55:27
Sat_00238,New World Mt Roskill;Pak 'n Save Royal Oak;Four Square Onehunga;Four Square Ellerslie,4,10,14146.84,03:55:46
Sat_00239,Four Square Lancaster;New World Birkenhead;Four Square Pakuranga Heights,3,6,14149.69,03:55:49
Sat_00240,New World Mt Roskill;New World Metro Queen St;New World Victoria Park;New World Mt Albert,4,10,14150.04,03:55:50
Sat_00241,New World Mt Roskill;Four Square Onehunga;Pak 'n Save Royal Oak;Four Square Ellerslie,4,10,14158.12,03:55:58
Sat_00242,New World Mt Roskill;Pak 'n Save Royal Oak;Four Square Ellerslie;Four Square Remuera,4,10,14168.99,03:56:08
Sat_00243,New World Ormiston;Pak 'n Save Ormiston,2,9,14197.46,03:56:37
Sat_00244,Pak 'n Save Ormiston;New World Ormiston,2,9,14208.47,03:56:48
Sat_00245,New World Mt Roskill;Pak 'n Save Royal Oak;Four Square Onehunga;Four Square Remuera,4,10,14253.74,03:57:33
Sat_00246,New World Mt Roskill;New World Remuera;Four Square Remuera;Four Square Ellerslie;New World Stonefields,5,9,14256.56,03:57:36
Sat_00247,New World Mt Roskill;New World Victoria Park;New World Metro Queen St;New World Point Chevalier,4,10,14359.55,03:59:19
Sat_00248,New World Eastridge;Four Square St Heliers;Four Square Ellerslie;New World Newmarket,4,8,14392.61,03:59:52
Sat_00249,Pak 'n Save Royal Oak;Four Square Onehunga;Four Square Remuera;New World Remuera,4,10,14422.07,04:00:22
Sat_00250,New World Newmarket;Four Square Eden Terrace;New World Remuera;Four Square Remuera;Four Square St Heliers,5,8,14425.67,04:00:25
Sat_00251,Four Square Onehunga;Pak 'n Save Royal Oak;Four Square Remuera;New World Remuera,4,10,14433.36,04:00:33
Sat_00252,Four Square Onehunga;Pak 'n Save Royal Oak;Four Square Ellerslie;New World Remuera,4,10,14434.92,04:00:34
Sat_00253,New World Mt Roskill;New World Mt Albert;New World Newmarket;New World Metro Queen St,4,10,14450.78,04:00:50
Sat_00254,New World Point Chevalier;Pak 'n Save Mt Albert;New World Mt Albert,3,11,14499.98,04:01:39
Sat_00255,Pak 'n Save Mt Albert;New World Green Bay;New World New Lynn,3,11,14528.82,04:02:08
Sat_00256,Pak 'n Save Royal Oak;Four Square Ellerslie;New World Stonefields,3,10,14529.67,04:02:09
Sat_00257,Four Square Lancaster;New World Birkenhead;New World Albany,3,7,14568.14,04:02:48
Sat_00258,New World Mt Roskill;New World Mt Albert;New World Point Chevalier;New World Remuera,4,10,14573.09,04:02:53
Sat_00259,New World Metro Shore City;Pak 'n Save Mt Albert;New World Mt Albert,3,9,14587.71,04:03:07
Sat_00260,Pak 'n Save Henderson;New World Point Chevalier,2,10,14624.0,04:03:44
Sat_00261,Pak 'n Save Wairau Road;New World Milford;New World Metro Shore City,3,9,14625.13,04:03:45
Sat_00262,New World New Lynn;Pak 'n Save Mt Albert;New World Point Chevalier,3,11,14626.84,04:03:46
Sat_00263,New World Mt Roskill;Pak 'n Save Mt Albert;New World Mt Albert;Four Square Eden Terrace,4,11,14632.91,04:03:52
Sat_00264,Pak 'n Save Botany;New World Botany,2,9,14691.01,04:04:51
Sat_00265,New World Mt Roskill;Pak 'n Save Royal Oak;New World Newmarket,3,11,14723.1,04:05:23
Sat_00266,Pak 'n Save Papakura;New World Papakura,2,9,14730.82,04:05:30
Sat_00267,New World Mt Roskill;Pak 'n Save Mt Albert;New World Point Chevalier;Four Square Eden Terrace,4,11,14732.62,04:05:32
Sat_00268,New World Mt Roskill;New World Green Bay;New World New Lynn;Four Square Remuera,4,9,14738.6,04:05:38
Sat_00269,New World Mt Roskill;New World Mt Albert;Four Square Eden Terrace;New World Newmarket;Four Square Remuera,5,10,14806.38,04:06:46
Sat_00270,New World Mt Roskill;New World Newmarket;Pak 'n Save Royal Oak,3,11,14813.3,04:06:53
Sat_00271,Four Square Pakuranga Heights;Four Square Botany Junction;Pak 'n Save Ormiston,3,9,14903.31,04:08:23
Sat_00272,New World Mt Roskill;New World Green Bay;New World New Lynn;New World Mt Albert,4,11,14906.39,04:08:26
Sat_00273,New World Mt Roskill;Four Square Eden Terrace;New World Victoria Park;New World Milford,4,9,14951.7,04:09:11
Sat_00274,New World Mt Roskill;Pak 'n Save Mt Albert;New World New Lynn;Four Square Glen Eden,4,11,14996.34,04:09:56
Sat_00275,New World Mt Roskill;New World Green Bay;Four Square Glen Eden;New World New Lynn;Four Square Onehunga,5,10,15013.58,04:10:13
Sat_00276,New World Mt Roskill;Four Square Onehunga;New World Newmarket;New World Remuera;Four Square Remuera;Four Square Ellerslie,6,10,15081.12,04:11:21
Sat_00277,New World Mt Roskill;Four Square St Heliers;Pak 'n Save Glen Innes,3,9,15099.04,04:11:39
Sat_00278,New World Mt Roskill;New World Remuera;Pak 'n Save Sylvia Park,3,10,15132.26,04:12:12
Sat_00279,New World Albany;Pak 'n Save Albany,2,9,15154.95,04:12:34
Sat_00280,New World Mt Roskill;New World Mt Albert;New World Point Chevalier;New World Newmarket,4,11,15157.56,04:12:37
Sat_00281,Pak 'n Save Albany;New World Albany,2,9,15165.42,04:12:45
Sat_00282,New World Papatoetoe;Pak 'n Save Manukau;Four Square Botany Junction,3,10,15182.56,04:13:02
Sat_00283,New World Mt Roskill;New World Point Chevalier;New World Eastridge;Four Square St Heliers,4,9,15199.68,04:13:19
Sat_00284,New World Mt Roskill;Four Square Glen Eden;New World Green Bay;Pak 'n Save Mt Albert,4,11,15205.98,04:13:25
Sat_00285,New World Mt Roskill;New World Mt Albert;New World Point Chevalier;New World Victoria Park,4,11,15214.12,04:13:34
Sat_00286,New World Mt Roskill;Pak 'n Save Royal Oak;Four Square Onehunga;New World Remuera,4,11,15223.03,04:13:43
Sat_00287,New World Mt Roskill;Four Square Onehunga;Pak 'n Save Royal Oak;New World Remuera,4,11,15234.3,04:13:54
Sat_00288,New World Mt Roskill;Pak 'n Save Mt Albert;New World Metro Queen St;Four Square Remuera,4,10,15240.97,04:14:00
Sat_00289,Four Square Eden Terrace;New World Newmarket;Four Square Remuera;New World Remuera;New World Point Chevalier,5,10,15302.43,04:15:02
Sat_00290,New World Mt Roskill;Pak 'n Save Mt Albert;Four Square Eden Terrace;New World Victoria Park,4,11,15317.12,04:15:17
Sat_00291,New World Mt Roskill;Four Square Onehunga;Pak 'n Save Royal Oak;New World Metro Queen St,4,11,15331.49,04:15:31
Sat_00292,New World Mt Roskill;Pak 'n Save Royal Oak;Four Square Ellerslie;New World Remuera,4,11,15350.91,04:15:50
Sat_00293,New World Mt Roskill;New World Mt Albert;Four Square Eden Terrace;New World Metro Queen St;New World Victoria Park,5,11,15353.68,04:15:53
Sat_00294,Four Square Botany Junction;New World Ormiston;Pak 'n Save Ormiston,3,10,15355.94,04:15:55
Sat_00295,New World Mt Roskill;Four Square Onehunga;Four Square Remuera;New World Remuera;Four Square Ellerslie;New World Stonefields,6,10,15392.24,04:16:32
Sat_00296,New World Newmarket;Four Square Remuera;New World Remuera;Four Square Eden Terrace;Four Square St Heliers,5,8,15394.04,04:16:34
Sat_00297,New World Mt Roskill;New World Mt Albert;Pak 'n Save Mangere,3,11,15397.2,04:16:37
Sat_00298,New World Mt Roskill;Pak 'n Save Royal Oak;Four Square Onehunga;New World Metro Queen St,4,11,15407.08,04:16:47
Sat_00299,New World Mt Roskill;Pak 'n Save Royal Oak;Four Square Onehunga;Four Square Ellerslie;Four Square Remuera,5,11,15443.16,04:17:23
Sat_00300,New World Mt Roskill;Four Square Onehunga;Pak 'n Save Royal Oak;Four Square Ellerslie;Four Square Remuera,5,11,15454.44,04:17:34
Sat_00301,New World Mt Roskill;Pak 'n Save Manukau;New World Papatoetoe,3,11,15509.47,04:18:29
Sat_00302,New World Mt Roskill;Pak 'n Save Royal Oak;New World Stonefields,3,11,15591.21,04:19:51
Sat_00303,New World Point Chevalier;New World Mt Albert;New World Mt Roskill;New World Green Bay,4,11,15593.86,04:19:53
Sat_00304,Four Square Fair Price Henderson;Pak 'n Save Lincoln Road;New World Point Chevalier,3,11,15639.43,04:20:39
Sat_00305,Four Square Remuera;Pak 'n Save Clendon;Four Square Botany Junction,3,8,15641.28,04:20:41
Sat_00306,New World Mt Roskill;New World New Lynn;Pak 'n Save Mt Albert;Four Square Glen Eden,4,11,15647.0,04:20:47
Sat_00307,New World Remuera;Four Square Remuera;Four Square Ellerslie;Four Square Onehunga;Pak 'n Save Royal Oak,5,11,15663.84,04:21:03
Sat_00308,New World Mt Roskill;Pak 'n Save Mangere;New World Point Chevalier,3,11,15668.72,04:21:08
Sat_00309,New World Mt Roskill;Pak 'n Save Royal Oak;Four Square Onehunga;Four Square Hobsonville,4,10,15674.02,04:21:14
Sat_00310,New World Mt Roskill;Four Square Glen Eden;Pak 'n Save Mt Albert;New World Point Chevalier,4,11,15686.52,04:21:26
Sat_00311,New World Mt Roskill;Pak 'n Save Royal Oak;Four Square Onehunga;Four Square Remuera;Four Square Ellerslie,5,11,15700.56,04:21:40
Sat_00312,Pak 'n Save Lincoln Road;New World Remuera;Four Square Remuera,3,10,15744.1,04:22:24
Sat_00313,New World Mt Roskill;New World Point Chevalier;New World Eastridge;New World Remuera,4,10,15781.86,04:23:01
Sat_00314,New World Green Bay;Four Square Glen Eden;Pak 'n Save Henderson,3,11,15787.75,04:23:07
Sat_00315,Four Square Onehunga;Pak 'n Save Royal Oak;Four Square Ellerslie;New World Remuera;Four Square Remuera,5,11,15794.42,04:23:14
Sat_00316,New World New Lynn;New World Green Bay;New World Ormiston,3,9,15863.82,04:24:23
Sat_00317,New World Mt Roskill;Pak 'n Save Mt Albert;New World Newmarket;Four Square Remuera,4,11,15878.42,04:24:38
Sat_00318,New World Mt Roskill;New World Mt Albert;Four Square Remuera;New World Remuera;New World Newmarket,5,11,15902.24,04:25:02
Sat_00319,New World Mt Roskill;New World Mt Albert;Four Square Onehunga;Pak 'n Save Royal Oak,4,12,15976.64,04:26:16
Sat_00320,New World Mt Roskill;Pak 'n Save Westgate;New World Hobsonville;Four Square Hobsonville,4,11,15984.4,04:26:24
Sat_00321,Four Square Eden Terrace;New World Newmarket;Four Square Ellerslie;New World Victoria Park;New World Metro Shore City,5,9,15984.89,04:26:24
Sat_00322,New World Mt Roskill;New World Mt Albert;New World Newmarket;Four Square Remuera;New World Remuera,5,11,15985.15,04:26:25
Sat_00323,New World Mt Roskill;Pak 'n Save Royal Oak;Four Square Onehunga;New World New Lynn,4,12,15991.93,04:26:31
Sat_00324,Pak 'n Save Westgate;New World Hobsonville;Four Square Hobsonville;New World Mt Roskill,4,11,16010.52,04:26:50
Sat_00325,New World Mt Roskill;Four Square Onehunga;Pak 'n Save Royal Oak;New World New Lynn,4,12,16035.43,04:27:15
Sat_00326,New World Mt Roskill;New World Hobsonville;Four Square Hobsonville;Pak 'n Save Westgate,4,11,16055.21,04:27:35
Sat_00327,Pak 'n Save Royal Oak;Four Square Onehunga;Four Square Remuera;Four Square Ellerslie;Four Square St Heliers,5,10,16064.0,04:27:44
Sat_00328,New World Metro Queen St;Four Square Onehunga;Pak 'n Save Royal Oak;Four Square Remuera,4,10,16100.04,04:28:20
Sat_00329,New World Mt Roskill;Pak 'n Save Royal Oak;Four Square Onehunga;New World Newmarket,4,12,16141.27,04:29:01
Sat_00330,New World Howick;Pak 'n Save Highland Park;Four Square Pakuranga Heights,3,10,16197.82,04:29:57
Sat_00331,New World Mt Roskill;New World Southmall;Pak 'n Save Manukau,3,11,16202.8,04:30:02
Sat_00332,New World Mt Roskill;New World Green Bay;Pak 'n Save Royal Oak;Four Square Onehunga,4,12,16238.77,04:30:38
Sat_00333,New World Mt Roskill;Four Square Onehunga;Pak 'n Save Royal Oak;New World Point Chevalier,4,12,16248.15,04:30:48
Sat_00334,New World Mt Roskill;New World Mt Albert;New World Point Chevalier;New World Hobsonville,4,11,16248.85,04:30:48
Sat_00335,New World Mt Roskill;Pak 'n Save Mt Albert;New World Point Chevalier;New World Mt Albert,4,13,16251.85,04:30:51
Sat_00336,New World Eastridge;Pak 'n Save Glen Innes;Four Square St Heliers,3,10,16256.72,04:30:56
Sat_00337,New World Mt Roskill;New World Mt Albert;New World Point Chevalier;Pak 'n Save Mt Albert,4,13,16279.51,04:31:19
Sat_00338,New World Mt Roskill;New World Victoria Park;Four Square Eden Terrace;New World Newmarket;New World Metro Queen St,5,11,16308.82,04:31:48
Sat_00339,New World Mt Roskill;Pak 'n Save Mt Albert;New World Victoria Park;New World Metro Queen St,4,12,16321.53,04:32:01
Sat_00340,Four Square Fair Price Henderson;Pak 'n Save Lincoln Road;New World Green Bay,3,11,16337.32,04:32:17
Sat_00341,Four Square St Heliers;New World Eastridge;Four Square Remuera;New World Remuera;New World Newmarket,5,10,16373.02,04:32:53
Sat_00342,Pak 'n Save Royal Oak;Pak 'n Save Mt Albert;Four Square Onehunga,3,12,16396.86,04:33:16
Sat_00343,New World Mt Roskill;New World Ormiston;Pak 'n Save Ormiston,3,11,16398.91,04:33:18
Sat_00344,New World Mt Roskill;New World Metro Queen St;New World Victoria Park;Pak 'n Save Mt Albert,4,12,16434.72,04:33:54
Sat_00345,New World Mt Roskill;New World Remuera;Four Square Remuera;New World Stonefields;Four Square Pakuranga Heights,5,10,16442.95,04:34:02
Sat_00346,New World Mt Roskill;Pak 'n Save Mt Albert;New World Mt Albert;New World Point Chevalier,4,13,16465.9,04:34:25
Sat_00347,Pak 'n Save Mt Albert;Pak 'n Save Clendon,2,11,16474.22,04:34:34
Sat_00348,New World Newmarket;New World Remuera;Pak 'n Save Royal Oak;Four Square Onehunga,4,12,16480.2,04:34:40
Sat_00349,New World Mt Roskill;New World Mt Albert;New World Point Chevalier;Four Square Eden Terrace;New World Newmarket,5,12,16509.6,04:35:09
Sat_00350,New World Mt Roskill;Pak 'n Save Royal Oak;Four Square Onehunga;New World Remuera;Four Square Eden Terrace,5,12,16520.29,04:35:20
Sat_00351,New World Mt Roskill;New World Mt Albert;Pak 'n Save Mt Albert;New World New Lynn,4,13,16534.57,04:35:34
Sat_00352,New World Remuera;New World Stonefields;Pak 'n Save Sylvia Park,3,11,16537.77,04:35:37
Sat_00353,New World Mt Roskill;Pak 'n Save Royal Oak;Four Square Onehunga;New World Victoria Park,4,12,16546.63,04:35:46
Sat_00354,New World Mt Roskill;Pak 'n Save Mt Albert;New World New Lynn;New World Green Bay,4,13,16552.9,04:35:52
Sat_00355,New World Mt Roskill;Pak 'n Save Royal Oak;Four Square Onehunga;New World Remuera;Four Square Remuera,5,12,16582.53,04:36:22
Sat_00356,Four Square Lancaster;Four Square Onehunga;Pak 'n Save Royal Oak;New World Mt Roskill,4,10,16586.44,04:36:26
Sat_00357,New World Long Bay;Four Square Torbay;New World Browns Bay;New World Albany,4,9,16591.39,04:36:31
Sat_00358,New World Point Chevalier;New World Mt Albert;Pak 'n Save Mt Albert;New World Mt Roskill,4,13,16591.69,04:36:31
Sat_00359,New World Mt Roskill;New World Point Chevalier;New World Mt Albert;Pak 'n Save Mt Albert,4,13,16596.34,04:36:36
Sat_00360,New World Mt Roskill;New World Mt Albert;Pak 'n Save Mt Albert;New World Point Chevalier,4,13,16604.6,04:36:44
Sat_00361,New World Birkenhead;Pak 'n Save Glen Innes,2,9,16630.01,04:37:10
Sat_00362,Pak 'n Save Mt Albert;New World Mt Roskill;Pak 'n Save Royal Oak,3,13,16638.39,04:37:18
Sat_00363,New World Papatoetoe;Pak 'n Save Sylvia Park;Four Square Ellerslie;Four Square Remuera,4,11,16647.6,04:37:27
Sat_00364,Four Square Glen Eden;New World New Lynn;New World Green Bay;Pak 'n Save Mt Albert,4,12,16671.87,04:37:51
Sat_00365,New World Mt Roskill;Pak 'n Save Royal Oak;Four Square Onehunga;Four Square Ellerslie;Four Square St Heliers,5,11,16711.73,04:38:31
Sat_00366,New World Mt Roskill;Pak 'n Save Mt Albert;New World Green Bay;New World New Lynn,4,13,16714.05,04:38:34
Sat_00367,New World Mt Roskill;Pak 'n Save Mt Albert;New World Mt Albert;New World Remuera,4,12,16731.75,04:38:51
Sat_00368,New World Mt Roskill;New World New Lynn;Pak 'n Save Henderson,3,12,16758.33,04:39:18
Sat_00369,New World Mt Roskill;New World Mt Albert;Pak 'n Save Mt Albert;New World Green Bay,4,13,16758.59,04:39:18
Sat_00370,New World Mt Roskill;Pak 'n Save Mt Albert;New World Mt Albert;New World New Lynn,4,13,16772.94,04:39:32
Sat_00371,New World New Lynn;New World Mt Albert;Pak 'n Save Mt Albert;New World Mt Roskill,4,13,16785.47,04:39:45
Sat_00372,New World Mt Roskill;Pak 'n Save Mt Albert;New World New Lynn;New World Mt Albert,4,13,16798.08,04:39:58
Sat_00373,New World Mt Roskill;Pak 'n Save Wairau Road;New World Milford;New World Metro Shore City,4,11,16826.57,04:40:26
Sat_00374,Pak 'n Save Mangere;Pak 'n Save Manukau,2,12,16884.06,04:41:24
Sat_00375,New World Mt Roskill;New World New Lynn;Pak 'n Save Mt Albert;New World Point Chevalier,4,13,16914.52,04:41:54
Sat_00376,New World Mt Roskill;Pak 'n Save Papakura;New World Papakura,3,11,16932.26,04:42:12
Sat_00377,New World Mt Roskill;New World Point Chevalier;Pak 'n Save Henderson,3,12,16965.63,04:42:45
Sat_00378,New World Milford;New World Browns Bay;Four Square Torbay;New World Long Bay,4,9,16965.93,04:42:45
Sat_00379,Pak 'n Save Mt Albert;New World Mt Albert;New World Point Chevalier;Four Square Glen Eden,4,12,16987.56,04:43:07
Sat_00380,Pak 'n Save Highland Park;Pak 'n Save Botany,2,11,16993.19,04:43:13
Sat_00381,New World Mt Roskill;Pak 'n Save Mt Albert;New World Mt Albert;Four Square Ellerslie;Four Square Remuera,5,12,17118.13,04:45:18
Sat_00382,Pak 'n Save Papakura;New World Howick,2,9,17156.46,04:45:56
Sat_00383,New World New Lynn;Four Square Glen Eden;Four Square Fair Price Henderson;Pak 'n Save Lincoln Road,4,12,17170.23,04:46:10
Sat_00384,New World Mt Roskill;Pak 'n Save Mt Albert;Four Square Onehunga;Four Square Eden Terrace;New World Newmarket,5,12,17237.97,04:47:17
Sat_00385,New World Mt Roskill;New World New Lynn;Four Square Pakuranga Heights;New World Botany,4,10,17258.48,04:47:38
Sat_00386,New World Mt Roskill;New World Birkenhead;Four Square Lancaster;Pak 'n Save Wairau Road,4,11,17260.65,04:47:40
Sat_00387,New World Mt Roskill;Four Square Eden Terrace;New World Point Chevalier;New World Stonefields;New World Remuera,5,11,17289.01,04:48:09
Sat_00388,New World Mt Roskill;Pak 'n Save Mt Albert;New World Point Chevalier;New World Victoria Park,4,13,17311.46,04:48:31
Sat_00389,New World Mt Roskill;Pak 'n Save Mt Albert;New World Mt Albert;New World Newmarket,4,13,17316.22,04:48:36
Sat_00390,New World Mt Roskill;New World Green Bay;New World New Lynn;Four Square Eden Terrace;New World Point Chevalier,5,12,17333.22,04:48:53
Sat_00391,New World Mt Roskill;Pak 'n Save Albany;New World Albany,3,11,17366.86,04:49:26
Sat_00392,New World Mt Roskill;New World Victoria Park;New World Metro Queen St;Four Square St Heliers;New World Eastridge,5,11,17397.4,04:49:57
Sat_00393,New World Mt Roskill;Four Square Eden Terrace;New World Newmarket;Pak 'n Save Royal Oak;Four Square Onehunga,5,13,17407.29,04:50:07
Sat_00394,New World Mt Roskill;New World Mt Albert;Pak 'n Save Mt Albert;Four Square Ellerslie;Four Square Remuera,5,12,17422.54,04:50:22
Sat_00395,New World Mt Roskill;New World Mt Albert;New World Point Chevalier;Four Square Hobsonville;New World Hobsonville,5,12,17425.36,04:50:25
Sat_00396,Four Square Fair Price Henderson;Pak 'n Save Lincoln Road;Four Square Glen Eden;New World New Lynn,4,12,17438.53,04:50:38
Sat_00397,New World Mt Roskill;New World Mt Albert;Pak 'n Save Mt Albert;Four Square Onehunga;Four Square Remuera,5,12,17440.44,04:50:40
Sat_00398,New World Mt Roskill;Pak 'n Save Royal Oak;Four Square Onehunga;New World Southmall,4,12,17446.79,04:50:46
Sat_00399,New World Mt Roskill;Four Square Onehunga;Pak 'n Save Royal Oak;Four Square Eden Terrace;New World Point Chevalier,5,13,17449.34,04:50:49
Sat_00400,New World Mt Albert;Four Square St Heliers;Pak 'n Save Glen Innes;Four Square Remuera,4,11,17484.39,04:51:24
Sat_00401,New World Mt Roskill;Pak 'n Save Royal Oak;Four Square Onehunga;Four Square Eden Terrace;New World Point Chevalier,5,13,17524.94,04:52:04
Sat_00402,Four Square St Heliers;Pak 'n Save Glen Innes;New World Eastridge;Four Square Remuera,4,11,17582.77,04:53:02
Sat_00403,New World Mt Roskill;New World Remuera;Four Square Remuera;Four Square Ellerslie;Pak 'n Save Sylvia Park,5,12,17646.54,04:54:06
Sat_00404,Four Square Torbay;New World Long Bay;Pak 'n Save Albany,3,10,17647.88,04:54:07
Sat_00405,New World Mt Roskill;New World Stonefields;Four Square Remuera;New World Remuera;New World Newmarket;Four Square Eden Terrace,6,12,17648.59,04:54:08
Sat_00406,Pak 'n Save Manukau;New World Papatoetoe;New World Southmall,3,12,17679.2,04:54:39
Sat_00407,Four Square Hobsonville;New World Hobsonville;Pak 'n Save Lincoln Road;Four Square Fair Price Henderson,4,12,17679.39,04:54:39
Sat_00408,New World Mt Roskill;Four Square Onehunga;Pak 'n Save Royal Oak;Four Square Eden Terrace;New World Newmarket,5,13,17692.77,04:54:52
Sat_00409,New World Mt Roskill;Pak 'n Save Mt Albert;Pak 'n Save Royal Oak;Four Square Onehunga,4,14,17707.6,04:55:07
Sat_00410,New World Mt Roskill;Pak 'n Save Royal Oak;Four Square Onehunga;Pak 'n Save Mt Albert,4,14,17718.22,04:55:18
Sat_00411,Pak 'n Save Glen Innes;Pak 'n Save Royal Oak,2,12,17727.55,04:55:27
Sat_00412,New World Mt Roskill;Four Square Onehunga;Pak 'n Save Royal Oak;Pak 'n Save Mt Albert,4,14,17761.72,04:56:01
Sat_00413,New World Mt Roskill;New World Mt Albert;Pak 'n Save Lincoln Road;Four Square Fair Price Henderson,4,13,17763.04,04:56:03
Sat_00414,New World Mt Roskill;Pak 'n Save Royal Oak;Four Square Onehunga;Four Square Eden Terrace;New World Newmarket,5,13,17768.37,04:56:08
Sat_00415,New World Papatoetoe;Pak 'n Save Mangere;New World Point Chevalier,3,12,17799.05,04:56:39
Sat_00416,New World Mt Roskill;New World Mt Albert;Four Square Remuera;Four Square Ellerslie;Pak 'n Save Royal Oak,5,13,17807.47,04:56:47
Sat_00417,New World Mt Roskill;Pak 'n Save Royal Oak;Four Square Onehunga;Four Square Ellerslie;Four Square Remuera;New World Remuera,6,13,17812.94,04:56:52
Sat_00418,Pak 'n Save Mt Albert;New World Mt Albert;Pak 'n Save Royal Oak,3,14,17828.49,04:57:08
Sat_00419,New World Mt Roskill;Pak 'n Save Lincoln Road;Four Square Fair Price Henderson;New World Point Chevalier,4,13,17840.87,04:57:20
Sat_00420,New World Mt Roskill;New World New Lynn;Pak 'n Save Mt Albert;New World Victoria Park,4,13,17852.72,04:57:32
Sat_00421,New World Mt Roskill;Pak 'n Save Mt Albert;New World Metro Queen St;New World Victoria Park;Four Square Eden Terrace,5,13,17867.34,04:57:47
Sat_00422,Four Square Eden Terrace;Four Square Ellerslie;Pak 'n Save Sylvia Park;New World Botany,4,11,17874.91,04:57:54
Sat_00423,New World Mt Roskill;Four Square Onehunga;Pak 'n Save Ormiston;New World Ormiston,4,12,17920.21,04:58:40
Sat_00424,Pak 'n Save Mt Albert;New World Mt Roskill;Four Square Onehunga;Pak 'n Save Royal Oak,4,14,17923.84,04:58:43
Sat_00425,Pak 'n Save Highland Park;New World Howick;New World Remuera;Four Square Remuera,4,11,17932.09,04:58:52
Sat_00426,New World Mt Roskill;Four Square Onehunga;Pak 'n Save Royal Oak;Four Square Ellerslie;Four Square Remuera;Four Square St Heliers,6,12,17958.68,04:59:18
Sat_00427,New World Mt Roskill;Four Square Onehunga;Pak 'n Save Royal Oak;New World Newmarket;Four Square Ellerslie,5,13,17975.04,04:59:35
Sat_00428,New World Mt Roskill;Four Square Onehunga;Pak 'n Save Royal Oak;New World Newmarket;Four Square Remuera,5,13,17983.44,04:59:43
Sat_00429,New World Mt Roskill;Pak 'n Save Royal Oak;Four Square Onehunga;Four Square Ellerslie;New World Remuera;Four Square Remuera,6,13,17984.58,04:59:44
Sat_00430,New World Mt Roskill;New World Hobsonville;Four Square Hobsonville;Pak 'n Save Westgate;Four Square Fair Price Henderson,5,12,18034.93,05:00:34
Sat_00431,New World Green Bay;New World New Lynn;Pak 'n Save Mt Albert;New World Mt Albert,4,14,18046.71,05:00:46
Sat_00432,New World Mt Roskill;New World New Lynn;Four Square Glen Eden;Pak 'n Save Henderson,4,13,18071.92,05:01:11
Sat_00433,New World Mt Roskill;Four Square Fair Price Henderson;Four Square Glen Eden;New World Point Chevalier;Pak 'n Save Mt Albert,5,12,18073.53,05:01:13
Sat_00434,New World Mt Roskill;Four Square Onehunga;Pak 'n Save Royal Oak;New World Botany,4,12,18076.36,05:01:16
Sat_00435,New World Albany;Pak 'n Save Albany;New World Browns Bay,3,11,18077.69,05:01:17
Sat_00436,New World Mt Roskill;Pak 'n Save Royal Oak;Four Square Ellerslie;Four Square Remuera;New World Stonefields,5,13,18087.27,05:01:27
Sat_00437,New World New Lynn;Pak 'n Save Mt Albert;New World Mt Albert;New World Metro Queen St,4,13,18094.11,05:01:34
Sat_00438,New World Mt Roskill;Four Square Onehunga;Pak 'n Save Royal Oak;New World Stonefields;Four Square Remuera,5,13,18107.44,05:01:47
Sat_00439,Pak 'n Save Royal Oak;Four Square Onehunga;New World Newmarket;New World Remuera;Four Square Remuera,5,13,18133.92,05:02:13
Sat_00440,Pak 'n Save Sylvia Park;Pak 'n Save Glen Innes,2,12,18140.2,05:02:20
Sat_00441,New World Mt Roskill;Pak 'n Save Royal Oak;Four Square Onehunga;Four Square Remuera;New World Stonefields,5,13,18172.02,05:02:52
Sat_00442,New World Mt Roskill;New World New Lynn;Pak 'n Save Botany,3,11,18195.26,05:03:15
Sat_00443,New World Mt Roskill;New World New Lynn;Four Square Glen Eden;Pak 'n Save Lincoln Road,4,13,18197.02,05:03:17
Sat_00444,Pak 'n Save Wairau Road;New World Milford;New World Metro Shore City;New World Victoria Park,4,12,18206.7,05:03:26
Sat_00445,New World Mt Albert;Pak 'n Save Mt Albert;New World Green Bay;New World New Lynn,4,14,18229.71,05:03:49
Sat_00446,New World Mt Roskill;New World Mt Albert;New World Newmarket;Pak 'n Save Royal Oak,4,14,18277.51,05:04:37
Sat_00447,New World Mt Roskill;Pak 'n Save Mt Albert;New World Mt Albert;New World Point Chevalier;Four Square Eden Terrace,5,14,18311.02,05:05:11
Sat_00448,New World Mt Roskill;Pak 'n Save Mt Albert;New World Point Chevalier;New World Mt Albert;Four Square Eden Terrace,5,14,18313.8,05:05:13
Sat_00449,New World Mt Roskill;Four Square Onehunga;Pak 'n Save Mt Albert;New World New Lynn;Four Square Fair Price Henderson,5,12,18319.5,05:05:19
Sat_00450,New World Howick;Pak 'n Save Botany;New World Botany,3,12,18325.74,05:05:25
Sat_00451,New World Mt Roskill;Four Square Onehunga;Pak 'n Save Royal Oak;Four Square Ellerslie;New World Papatoetoe,5,13,18337.16,05:05:37
Sat_00452,New World Mt Roskill;Pak 'n Save Mt Albert;New World Point Chevalier;New World Hobsonville,4,13,18346.19,05:05:46
Sat_00453,New World Mt Roskill;Four Square Hobsonville;New World Hobsonville;Pak 'n Save Lincoln Road,4,13,18356.21,05:05:56
Sat_00454,Four Square Onehunga;Pak 'n Save Royal Oak;Four Square Eden Terrace;New World Victoria Park;New World Metro Shore City,5,12,18362.74,05:06:02
Sat_00455,New World Mt Roskill;Pak 'n Save Mt Albert;New World New Lynn;Four Square Glen Eden;New World Green Bay,5,14,18397.13,05:06:37
Sat_00456,New World Mt Roskill;New World New Lynn;New World Green Bay;New World Hobsonville;Four Square Hobsonville,5,12,18402.41,05:06:42
Sat_00457,New World Mt Roskill;Pak 'n Save Mt Albert;Pak 'n Save Lincoln Road,3,14,18420.83,05:07:00
Sat_00458,New World Mt Roskill;New World Point Chevalier;New World Mt Albert;New World Newmarket;New World Remuera,5,13,18469.82,05:07:49
Sat_00459,New World Mt Roskill;New World Eastridge;Four Square St Heliers;Pak 'n Save Glen Innes,4,12,18502.75,05:08:22
Sat_00460,New World Metro Shore City;New World Milford;Pak 'n Save Wairau Road;New World Browns Bay,4,11,18570.78,05:09:30
Sat_00461,New World Mt Roskill;New World Green Bay;New World New Lynn;New World Point Chevalier;New World Mt Albert,5,14,18587.29,05:09:47
Sat_00462,New World Mt Roskill;Pak 'n Save Mt Albert;New World Point Chevalier;New World Mt Albert;Four Square Onehunga,5,14,18588.7,05:09:48
Sat_00463,New World Newmarket;New World Victoria Park;Four Square Eden Terrace;New World Mt Albert;New World Point Chevalier,5,13,18612.33,05:10:12
Sat_00464,New World Mt Roskill;New World Mt Albert;Pak 'n Save Mt Albert;Four Square Onehunga;Four Square Ellerslie;Four Square Remuera,6,13,18629.86,05:10:29
Sat_00465,New World Mt Roskill;Four Square Onehunga;Four Square Ellerslie;Four Square Remuera;New World Remuera;Pak 'n Save Sylvia Park,6,13,18652.34,05:10:52
Sat_00466,New World Mt Roskill;Pak 'n Save Mt Albert;Pak 'n Save Highland Park,3,12,18655.97,05:10:55
Sat_00467,New World Mt Roskill;Pak 'n Save Mt Albert;New World New Lynn;New World Green Bay;Four Square Glen Eden,5,14,18671.43,05:11:11
Sat_00468,New World Mt Roskill;New World Mt Albert;New World Point Chevalier;New World Green Bay;New World New Lynn,5,14,18671.69,05:11:11
Sat_00469,New World Point Chevalier;New World Mt Albert;Pak 'n Save Clendon,3,12,18678.28,05:11:18
Sat_00470,Pak 'n Save Mt Albert;New World New Lynn;Four Square Eden Terrace;New World Eastridge,4,12,18703.74,05:11:43
Sat_00471,New World Mt Roskill;New World New Lynn;Pak 'n Save Mt Albert;New World Remuera;Four Square Remuera,5,13,18705.58,05:11:45
Sat_00472,New World Mt Roskill;New World Mt Albert;New World Point Chevalier;Pak 'n Save Mt Albert;Four Square Eden Terrace,5,14,18708.09,05:11:48
Sat_00473,New World Point Chevalier;New World New Lynn;Pak 'n Save Mt Albert;New World Mt Albert,4,14,18717.72,05:11:57
Sat_00474,Pak 'n Save Henderson;Pak 'n Save Lincoln Road,2,14,18719.7,05:11:59
Sat_00475,New World Southmall;Pak 'n Save Manukau;New World Stonefields,3,12,18732.54,05:12:12
Sat_00476,New World Mt Roskill;Pak 'n Save Sylvia Park;Four Square Ellerslie;Four Square Remuera;New World Newmarket,5,13,18744.93,05:12:24
Sat_00477,New World Papatoetoe;Pak 'n Save Manukau;New World Ormiston;Four Square Botany Junction,4,13,18749.55,05:12:29
Sat_00478,New World Mt Roskill;New World Mt Albert;New World New Lynn;Pak 'n Save Royal Oak,4,14,18779.21,05:12:59
Sat_00479,New World Mt Roskill;Pak 'n Save Mt Albert;New World Mt Albert;New World Birkenhead,4,13,18807.17,05:13:27
Sat_00480,New World Metro Queen St;Four Square Eden Terrace;New World Mt Roskill;Pak 'n Save Mt Albert;New World New Lynn,5,13,18809.23,05:13:29
Sat_00481,New World Mt Roskill;Four Square Onehunga;Pak 'n Save Royal Oak;New World Newmarket;New World Metro Queen St,5,14,18818.85,05:13:38
Sat_00482,New World Mt Roskill;Pak 'n Save Henderson;Four Square Glen Eden;New World Metro Queen St,4,12,18839.45,05:13:59
Sat_00483,New World Mt Roskill;Four Square Onehunga;Pak 'n Save Royal Oak;New World Newmarket;New World Remuera,5,14,18843.15,05:14:03
Sat_00484,New World Mt Roskill;Pak 'n Save Mt Albert;New World New Lynn;New World Mt Albert;Four Square Eden Terrace,5,14,18860.03,05:14:20
Sat_00485,New World Mt Roskill;Four Square Onehunga;Pak 'n Save Royal Oak;New World Metro Queen St;New World Victoria Park,5,14,18865.38,05:14:25
Sat_00486,New World Mt Roskill;New World Mt Albert;Pak 'n Save Mt Albert;New World Green Bay;Four Square Glen Eden,5,14,18877.12,05:14:37
Sat_00487,New World Mt Roskill;Pak 'n Save Mt Albert;New World Green Bay;New World New Lynn;Four Square Glen Eden,5,14,18892.92,05:14:52
Sat_00488,New World Mt Roskill;New World Metro Queen St;New World Victoria Park;New World Mt Albert;New World Newmarket,5,13,18895.3,05:14:55
Sat_00489,New World Mt Roskill;Four Square Torbay;New World Long Bay;New World Birkenhead;Four Square Lancaster,5,10,18911.92,05:15:11
Sat_00490,New World Mt Roskill;Pak 'n Save Royal Oak;Four Square Onehunga;New World Metro Queen St;New World Victoria Park,5,14,18940.97,05:15:40
Sat_00491,New World Mt Roskill;Four Square Glen Eden;New World New Lynn;New World Green Bay;Pak 'n Save Mt Albert,5,14,18959.55,05:15:59
Sat_00492,New World Mt Roskill;New World New Lynn;Pak 'n Save Mt Albert;New World Hobsonville,4,13,18975.71,05:16:15
Sat_00493,New World Mt Roskill;Pak 'n Save Mt Albert;New World Mt Albert;Four Square Glen Eden;New World Green Bay,5,14,18976.24,05:16:16
Sat_00494,Pak 'n Save Mangere;Pak 'n Save Mt Albert;New World Point Chevalier,3,14,18983.85,05:16:23
Sat_00495,Pak 'n Save Ormiston;Four Square Botany Junction;New World Ormiston;Four Square Pakuranga Heights,4,12,19013.81,05:16:53
Sat_00496,New World Victoria Park;New World Metro Queen St;Four Square Eden Terrace;New World Point Chevalier;New World Mt Albert;New World Mt Roskill,6,14,19030.72,05:17:10
Sat_00497,Pak 'n Save Mangere;Pak 'n Save Henderson,2,13,19054.2,05:17:34
Sat_00498,New World Mt Roskill;New World Green Bay;New World Mt Albert;New World Point Chevalier;New World Remuera,5,13,19061.76,05:17:41
Sat_00499,New World Mt Roskill;Pak 'n Save Royal Oak;New World Newmarket;Four Square Remuera;New World Remuera,5,14,19067.77,05:17:47
Sat_00500,New World Mt Roskill;Four Square Onehunga;Pak 'n Save Royal Oak;New World Remuera;Four Square Remuera;Four Square St Heliers,6,13,19098.04,05:18:18
Sat_00501,New World Mt Roskill;Pak 'n Save Royal Oak;Four Square Onehunga;Four Square Remuera;Four Square Ellerslie;New World Mt Albert,6,14,19101.9,05:18:21
Sat_00502,New World Mt Roskill;New World Point Chevalier;Pak 'n Save Mt Albert;Four Square Glen Eden;New World New Lynn,5,14,19169.37,05:19:29
Sat_00503,New World Mt Roskill;Four Square Onehunga;Pak 'n Save Royal Oak;New World Newmarket;Four Square St Heliers,5,13,19185.28,05:19:45
Sat_00504,New World Mt Roskill;Four Square Onehunga;Pak 'n Save Royal Oak;New World Newmarket;Four Square Ellerslie;Four Square Remuera,6,14,19271.36,05:21:11
Sat_00505,New World Mt Roskill;Pak 'n Save Mt Albert;New World Mt Albert;Four Square Eden Terrace;New World Remuera;Four Square Remuera,6,14,19282.25,05:21:22
Sat_00506,New World Mt Roskill;New World New Lynn;Four Square Ellerslie;Four Square Remuera;New World Point Chevalier;New World Mt Albert,6,13,19285.35,05:21:25
Sat_00507,New World Mt Roskill;Pak 'n Save Mt Albert;New World Mt Albert;New World Point Chevalier;Four Square Fair Price Henderson,5,14,19327.95,05:22:07
Sat_00508,New World Mt Roskill;Pak 'n Save Mt Albert;New World Mt Albert;New World Point Chevalier;Four Square Remuera,5,14,19347.29,05:22:27
Sat_00509,New World Mt Roskill;Pak 'n Save Lincoln Road;Four Square Fair Price Henderson;Four Square Glen Eden;New World New Lynn,5,14,19367.67,05:22:47
Sat_00510,New World Mt Roskill;Four Square Onehunga;Pak 'n Save Royal Oak;Pak 'n Save Mangere,4,15,19405.03,05:23:25
Sat_00511,New World Mt Roskill;Pak 'n Save Mt Albert;New World Point Chevalier;Four Square Ellerslie;Four Square Remuera;New World Remuera,6,14,19426.59,05:23:46
Sat_00512,New World Mt Roskill;Pak 'n Save Mt Albert;New World Mt Albert;Four Square Ellerslie;Four Square Remuera;New World Remuera,6,14,19487.91,05:24:47
Sat_00513,New World Mt Roskill;Pak 'n Save Mt Albert;New World Point Chevalier;New World Mt Albert;Four Square Ellerslie,5,14,19502.7,05:25:02
Sat_00514,New World Mt Roskill;Pak 'n Save Manukau;Four Square Botany Junction;New World Ormiston;Four Square Eden Terrace,5,13,19512.5,05:25:12
Sat_00515,Pak 'n Save Sylvia Park;New World Mt Albert;Pak 'n Save Mt Albert,3,14,19517.27,05:25:17
Sat_00516,Pak 'n Save Royal Oak;Four Square Onehunga;Pak 'n Save Mt Albert;New World Point Chevalier,4,15,19519.77,05:25:19
Sat_00517,New World Mt Roskill;New World Mt Albert;New World Victoria Park;Four Square Ellerslie;Four Square Remuera;Four Square Pakuranga Heights,6,12,19540.96,05:25:40
Sat_00518,Pak 'n Save Highland Park;Four Square Pakuranga Heights;Pak 'n Save Botany,3,13,19544.68,05:25:44
Sat_00519,New World Mt Roskill;Pak 'n Save Botany;New World Botany;Four Square Pakuranga Heights,4,13,19549.2,05:25:49
Sat_00520,New World Mt Roskill;New World Green Bay;Four Square Glen Eden;Pak 'n Save Henderson;Four Square Fair Price Henderson,5,14,19551.69,05:25:51
Sat_00521,New World Mt Roskill;Four Square Onehunga;Pak 'n Save Royal Oak;New World Stonefields;Four Square Remuera;Four Square Ellerslie,6,14,19554.26,05:25:54
Sat_00522,New World Mt Roskill;Pak 'n Save Mt Albert;New World Mt Albert;Four Square Fair Price Henderson;New World Point Chevalier,5,14,19558.3,05:25:58
Sat_00523,New World Mt Roskill;Pak 'n Save Royal Oak;Four Square Onehunga;Four Square Remuera;Four Square Ellerslie;New World Stonefields,6,14,19559.01,05:25:59
Sat_00524,Pak 'n Save Clendon;New World Southmall;New World Ormiston;Four Square Botany Junction,4,13,19573.04,05:26:13
Sat_00525,New World Long Bay;New World Albany;Pak 'n Save Albany,3,12,19577.62,05:26:17
Sat_00526,New World Mt Roskill;Pak 'n Save Westgate;Pak 'n Save Henderson,3,14,19581.0,05:26:21
Sat_00527,New World Mt Roskill;New World Mt Albert;Pak 'n Save Mt Albert;New World Green Bay;Four Square Eden Terrace,5,14,19596.72,05:26:36
Sat_00528,New World Mt Roskill;New World Mt Albert;New World Point Chevalier;Pak 'n Save Lincoln Road,4,15,19720.98,05:28:40
Sat_00529,New World Mt Roskill;Pak 'n Save Mt Albert;New World Mt Albert;New World Victoria Park;New World Metro Queen St,5,15,19721.65,05:28:41
Sat_00530,New World Mt Roskill;Pak 'n Save Royal Oak;Four Square Onehunga;New World New Lynn;New World Green Bay,5,15,19727.36,05:28:47
Sat_00531,New World New Lynn;New World Green Bay;Pak 'n Save Henderson;Four Square Glen Eden,4,14,19760.77,05:29:20
Sat_00532,New World Mt Roskill;Four Square Fair Price Henderson;Pak 'n Save Lincoln Road;New World Hobsonville;Four Square Hobsonville,5,14,19765.36,05:29:25
Sat_00533,New World Mt Roskill;Four Square Onehunga;Pak 'n Save Royal Oak;New World New Lynn;New World Green Bay,5,15,19770.86,05:29:30
Sat_00534,New World Newmarket;New World Mt Roskill;Pak 'n Save Lincoln Road;Four Square Fair Price Henderson,4,13,19777.7,05:29:37
Sat_00535,New World Mt Roskill;New World Mt Albert;New World Point Chevalier;Pak 'n Save Mt Albert;Four Square Remuera,5,14,19812.53,05:30:12
Sat_00536,New World Mt Roskill;Pak 'n Save Mt Albert;New World Point Chevalier;New World Metro Queen St;New World Victoria Park,5,15,19827.34,05:30:27
Sat_00537,Four Square Ellerslie;Four Square Remuera;New World Remuera;New World Eastridge;New World Newmarket;New World Victoria Park,6,13,19833.78,05:30:33
Sat_00538,New World Mt Roskill;New World New Lynn;New World Victoria Park;New World Newmarket;Four Square Ellerslie;Four Square Remuera,6,13,19854.68,05:30:54
Sat_00539,New World Southmall;Pak 'n Save Clendon;New World Ormiston;Four Square Botany Junction,4,13,19857.98,05:30:57
Sat_00540,New World Mt Roskill;Four Square Hobsonville;New World Hobsonville;Four Square Fair Price Henderson;Pak 'n Save Lincoln Road,5,14,19880.82,05:31:20
Sat_00541,Pak 'n Save Royal Oak;Four Square Onehunga;Pak 'n Save Manukau;Four Square Botany Junction,4,14,19910.75,05:31:50
Sat_00542,New World Howick;Pak 'n Save Highland Park;Four Square Pakuranga Heights;New World Botany,4,13,19931.99,05:32:11
Sat_00543,Four Square Onehunga;Pak 'n Save Sylvia Park;New World Stonefields;Four Square Ellerslie;Four Square Remuera;New World Remuera,6,14,19944.63,05:32:24
Sat_00544,New World Mt Roskill;Pak 'n Save Mt Albert;Pak 'n Save Lincoln Road;Four Square Fair Price Henderson,4,15,19945.45,05:32:25
Sat_00545,New World Mt Roskill;New World Point Chevalier;Four Square Onehunga;Pak 'n Save Royal Oak;New World Remuera,5,14,19961.69,05:32:41
Sat_00546,New World Browns Bay;Four Square Torbay;New World Long Bay;Pak 'n Save Albany,4,12,19998.73,05:33:18
Sat_00547,New World Mt Roskill;Pak 'n Save Royal Oak;Four Square Onehunga;Four Square Remuera;New World Remuera;New World Newmarket,6,15,20001.5,05:33:21
Sat_00548,New World Mt Roskill;Pak 'n Save Mt Albert;New World Mt Albert;Pak 'n Save Royal Oak,4,16,20013.72,05:33:33
Sat_00549,New World Mt Roskill;Four Square Onehunga;Pak 'n Save Royal Oak;New World New Lynn;New World Mt Albert,5,15,20016.04,05:33:36
Sat_00550,New World Papatoetoe;Four Square St Heliers;New World Metro Queen St;Four Square Eden Terrace;Four Square Ellerslie;New World Stonefields,6,11,20016.46,05:33:36
Sat_00551,New World Mt Roskill;New World Mt Albert;Four Square Eden Terrace;New World Metro Queen St;Four Square St Heliers;New World Stonefields;Four Square Ellerslie,7,13,20021.65,05:33:41
Sat_00552,Pak 'n Save Mangere;Four Square Fair Price Henderson;Pak 'n Save Lincoln Road,3,14,20069.62,05:34:29
Sat_00553,New World Mt Roskill;New World Green Bay;Pak 'n Save Mt Albert;New World Mt Albert;Four Square Remuera,5,14,20071.15,05:34:31
Sat_00554,New World Mt Roskill;Pak 'n Save Clendon;New World Southmall;New World Papatoetoe,4,14,20082.66,05:34:42
Sat_00555,New World Mt Roskill;New World Mt Albert;Four Square Fair Price Henderson;Pak 'n Save Lincoln Road;Four Square Hobsonville,5,14,20101.96,05:35:01
Sat_00556,New World Mt Roskill;New World Stonefields;New World Remuera;New World Newmarket;Four Square Eden Terrace;New World Point Chevalier,6,14,20119.12,05:35:19
Sat_00557,New World Mt Roskill;Four Square Onehunga;Pak 'n Save Royal Oak;New World Newmarket;New World Metro Queen St;Four Square Eden Terrace,6,15,20122.33,05:35:22
Sat_00558,New World Mt Roskill;Pak 'n Save Mt Albert;New World Mt Albert;New World Metro Queen St;New World Newmarket,5,15,20139.66,05:35:39
Sat_00559,New World Mt Roskill;New World Mt Albert;Pak 'n Save Mt Albert;Pak 'n Save Royal Oak,4,16,20182.75,05:36:22
Sat_00560,New World Mt Roskill;Pak 'n Save Sylvia Park;Four Square Onehunga;Pak 'n Save Royal Oak,4,15,20200.66,05:36:40
Sat_00561,New World Mt Roskill;New World Mt Albert;New World Point Chevalier;Pak 'n Save Mt Albert;New World New Lynn,5,16,20212.48,05:36:52
Sat_00562,New World Mt Albert;Pak 'n Save Mt Albert;New World Point Chevalier;New World Victoria Park;Four Square Eden Terrace,5,15,20218.49,05:36:58
Sat_00563,Four Square Fair Price Henderson;Pak 'n Save Lincoln Road;Pak 'n Save Henderson,3,15,20226.57,05:37:06
Sat_00564,New World Mt Roskill;New World Mt Albert;New World Point Chevalier;Pak 'n Save Henderson,4,15,20230.18,05:37:10
Sat_00565,New World Remuera;Four Square Remuera;Four Square Ellerslie;Pak 'n Save Sylvia Park;New World Botany,5,13,20239.12,05:37:19
Sat_00566,New World Mt Roskill;New World Mt Albert;Pak 'n Save Mt Albert;New World New Lynn;New World Green Bay,5,16,20270.0,05:37:50
Sat_00567,New World Mt Roskill;New World New Lynn;Pak 'n Save Mt Albert;New World Point Chevalier;New World Mt Albert,5,16,20278.87,05:37:58
Sat_00568,New World Mt Roskill;New World Southmall;New World Ormiston;Pak 'n Save Ormiston,4,14,20290.12,05:38:10
Sat_00569,New World Mt Roskill;Four Square Fair Price Henderson;Pak 'n Save Lincoln Road;Pak 'n Save Westgate,4,15,20312.34,05:38:32
Sat_00570,New World Mt Roskill;Four Square Remuera;New World Remuera;New World Newmarket;Pak 'n Save Royal Oak;Four Square Onehunga,6,15,20317.0,05:38:37
Sat_00571,New World Mt Roskill;Pak 'n Save Mt Albert;Pak 'n Save Royal Oak;Four Square Onehunga;Four Square Ellerslie,5,15,20317.5,05:38:37
Sat_00572,New World Mt Roskill;New World Green Bay;New World New Lynn;Pak 'n Save Mt Albert;New World Mt Albert,5,16,20334.39,05:38:54
Sat_00573,New World Mt Albert;Pak 'n Save Mt Albert;New World Mt Roskill;Pak 'n Save Royal Oak,4,16,20339.28,05:38:59
Sat_00574,New World Mt Roskill;Four Square Fair Price Henderson;Pak 'n Save Henderson;New World Hobsonville;Four Square Hobsonville,5,14,20343.95,05:39:03
Sat_00575,New World Mt Albert;New World Mt Roskill;Four Square Onehunga;Pak 'n Save Royal Oak;New World Newmarket,5,15,20354.45,05:39:14
Sat_00576,New World Mt Roskill;Pak 'n Save Mt Albert;New World Point Chevalier;Pak 'n Save Royal Oak,4,16,20384.27,05:39:44
Sat_00577,Pak 'n Save Wairau Road;New World Metro Shore City;New World Milford;Four Square Hobsonville;New World Hobsonville,5,13,20386.86,05:39:46
Sat_00578,New World Mt Roskill;Pak 'n Save Mangere;New World Devonport;New World Metro Shore City,4,12,20386.96,05:39:46
Sat_00579,New World Green Bay;New World New Lynn;Pak 'n Save Mt Albert;New World Point Chevalier;Four Square Onehunga,5,15,20400.9,05:40:00
Sat_00580,New World Mt Roskill;Pak 'n Save Mt Albert;Four Square Onehunga;Four Square Ellerslie;Four Square Remuera;New World Botany,6,13,20412.91,05:40:12
Sat_00581,New World Mt Roskill;Pak 'n Save Westgate;Four Square Fair Price Henderson;Pak 'n Save Lincoln Road,4,15,20413.55,05:40:13
Sat_00582,New World Mt Roskill;New World Mt Albert;Pak 'n Save Mt Albert;New World Green Bay;New World New Lynn,5,16,20431.15,05:40:31
Sat_00583,New World Mt Roskill;New World Mt Albert;New World Point Chevalier;Pak 'n Save Mt Albert;New World Green Bay,5,16,20436.5,05:40:36
Sat_00584,Four Square Torbay;New World Long Bay;New World Browns Bay;Pak 'n Save Wairau Road;New World Metro Shore City,5,12,20440.69,05:40:40
Sat_00585,New World Mt Roskill;Pak 'n Save Mt Albert;New World Mt Albert;New World Point Chevalier;New World New Lynn,5,16,20450.84,05:40:50
Sat_00586,New World Mt Roskill;New World Green Bay;Four Square Glen Eden;New World New Lynn;New World Point Chevalier;New World Mt Albert,6,15,20452.19,05:40:52
Sat_00587,New World Mt Roskill;Pak 'n Save Mt Albert;New World Point Chevalier;New World Mt Albert;New World New Lynn,5,16,20453.83,05:40:53
Sat_00588,New World Mt Roskill;Pak 'n Save Mt Albert;New World New Lynn;New World Point Chevalier;New World Mt Albert,5,16,20478.98,05:41:18
Sat_00589,New World Devonport;Pak 'n Save Albany;New World Albany,3,12,20481.61,05:41:21
Sat_00590,New World Mt Roskill;New World New Lynn;New World Green Bay;Pak 'n Save Mt Albert;New World Mt Albert,5,16,20483.47,05:41:23
Sat_00591,New World Mt Roskill;New World New Lynn;Pak 'n Save Mt Albert;New World Mt Albert;New World Point Chevalier,5,16,20492.92,05:41:32
Sat_00592,New World Mt Roskill;Pak 'n Save Mt Albert;New World Mt Albert;New World New Lynn;New World Green Bay,5,16,20508.37,05:41:48
Sat_00593,New World Mt Roskill;New World Remuera;Four Square Remuera;New World Stonefields;Pak 'n Save Royal Oak;Four Square Onehunga,6,15,20515.83,05:41:55
Sat_00594,New World Mt Roskill;New World Point Chevalier;New World Mt Albert;Pak 'n Save Mt Albert;New World New Lynn,5,16,20529.31,05:42:09
Sat_00595,New World Mt Roskill;New World Mt Albert;Pak 'n Save Mt Albert;New World Point Chevalier;New World New Lynn,5,16,20589.54,05:43:09
Sat_00596,New World Mt Roskill;New World Point Chevalier;Pak 'n Save Mt Albert;Pak 'n Save Royal Oak,4,16,20596.11,05:43:16
Sat_00597,New World Mt Roskill;Four Square Onehunga;Pak 'n Save Royal Oak;Four Square Ellerslie;New World Papatoetoe;Four Square Botany Junction,6,14,20597.88,05:43:17
Sat_00598,New World Mt Roskill;Pak 'n Save Mt Albert;New World Point Chevalier;New World New Lynn;New World Green Bay,5,16,20607.87,05:43:27
Sat_00599,New World Green Bay;New World New Lynn;New World Point Chevalier;Pak 'n Save Mt Albert;New World Mt Roskill,5,16,20621.4,05:43:41
Sat_00600,New World Mt Roskill;Pak 'n Save Mt Albert;New World Mt Albert;Four Square Lancaster;New World Birkenhead,5,14,20639.14,05:43:59
Sat_00601,Pak 'n Save Highland Park;Pak 'n Save Ormiston;New World Ormiston,3,14,20650.04,05:44:10
Sat_00602,New World Mt Roskill;New World Green Bay;New World New Lynn;Pak 'n Save Mt Albert;New World Point Chevalier,5,16,20650.93,05:44:10
Sat_00603,New World Mt Roskill;New World New Lynn;New World Point Chevalier;Pak 'n Save Mt Albert;New World Mt Albert,5,16,20662.34,05:44:22
Sat_00604,New World Mt Roskill;Pak 'n Save Mt Albert;New World Mt Albert;New World Green Bay;New World New Lynn,5,16,20669.52,05:44:29
Sat_00605,New World Mt Roskill;Pak 'n Save Mt Albert;New World Mt Albert;New World Point Chevalier;New World Green Bay,5,16,20674.87,05:44:34
Sat_00606,New World Mt Roskill;Pak 'n Save Mt Albert;New World Point Chevalier;New World Mt Albert;New World Green Bay,5,16,20677.85,05:44:37
Sat_00607,New World Mt Roskill;Pak 'n Save Mt Albert;New World New Lynn;New World Green Bay;New World Mt Albert,5,16,20683.57,05:44:43
Sat_00608,New World Mt Roskill;Pak 'n Save Mt Albert;New World Mt Albert;New World Point Chevalier;Four Square Eden Terrace;Four Square Ellerslie,6,15,20690.93,05:44:50
Sat_00609,New World Mt Roskill;Pak 'n Save Mt Albert;New World New Lynn;New World Mt Albert;New World Point Chevalier,5,16,20693.02,05:44:53
Sat_00610,New World Mt Roskill;Pak 'n Save Mt Albert;New World Green Bay;New World New Lynn;New World Mt Albert,5,16,20694.66,05:44:54
Sat_00611,New World Mt Roskill;New World Green Bay;New World New Lynn;Four Square Eden Terrace;New World Point Chevalier;New World Mt Albert,6,15,20697.57,05:44:57
Sat_00612,New World Mt Roskill;Pak 'n Save Mt Albert;New World Mt Albert;New World Point Chevalier;Four Square Eden Terrace;Four Square Remuera,6,15,20699.33,05:44:59
Sat_00613,New World Mt Roskill;New World Green Bay;Pak 'n Save Mt Albert;New World Mt Albert;New World Point Chevalier,5,16,20706.83,05:45:06
Sat_00614,New World Mt Roskill;Four Square Onehunga;Pak 'n Save Royal Oak;New World Newmarket;Four Square Eden Terrace;New World Mt Albert,6,16,20707.15,05:45:07
Sat_00615,New World Mt Roskill;New World New Lynn;New World Green Bay;Pak 'n Save Lincoln Road,4,15,20712.28,05:45:12
Sat_00616,New World Mt Roskill;New World Mt Albert;New World Green Bay;New World New Lynn;Pak 'n Save Mt Albert,5,16,20715.93,05:45:15
Sat_00617,New World Mt Roskill;Pak 'n Save Mt Albert;New World Mt Albert;New World Point Chevalier;Four Square St Heliers,5,14,20736.26,05:45:36
Sat_00618,New World Mt Roskill;New World Green Bay;New World New Lynn;Four Square Glen Eden;New World Point Chevalier;New World Metro Queen St,6,14,20739.43,05:45:39
Sat_00619,New World Mt Roskill;Four Square Onehunga;Pak 'n Save Royal Oak;New World Remuera;Four Square Remuera;New World Eastridge,6,15,20750.45,05:45:50
Sat_00620,New World Mt Roskill;New World Point Chevalier;New World Mt Albert;Pak 'n Save Mt Albert;New World Green Bay,5,16,20753.33,05:45:53
Sat_00621,New World Mt Roskill;Pak 'n Save Mt Albert;New World Point Chevalier;New World Green Bay;New World New Lynn,5,16,20769.03,05:46:09
Sat_00622,Pak 'n Save Albany;New World Albany;Pak 'n Save Wairau Road,3,14,20789.66,05:46:29
Sat_00623,New World Point Chevalier;New World Green Bay;Four Square Onehunga;Pak 'n Save Royal Oak;New World Mt Roskill,5,15,20789.76,05:46:29
Sat_00624,New World Mt Roskill;New World Mt Albert;New World Point Chevalier;New World Newmarket;New World Remuera;Four Square Remuera;Four Square Ellerslie,7,15,20798.48,05:46:38
Sat_00625,New World Mt Roskill;New World New Lynn;New World Green Bay;Pak 'n Save Mt Albert;New World Point Chevalier,5,16,20800.01,05:46:40
Sat_00626,New World Mt Roskill;New World Mt Albert;Pak 'n Save Mt Albert;New World Point Chevalier;New World Green Bay,5,16,20813.57,05:46:53
Sat_00627,New World Mt Roskill;Four Square Onehunga;Pak 'n Save Royal Oak;Four Square Eden Terrace;New World Point Chevalier;New World Mt Albert,6,16,20813.69,05:46:53
Sat_00628,New World Mt Roskill;New World Point Chevalier;New World Mt Albert;New World New Lynn;Pak 'n Save Mt Albert,5,16,20814.09,05:46:54
Sat_00629,New World Mt Roskill;New World Mt Albert;New World New Lynn;Pak 'n Save Mt Albert;New World Point Chevalier,5,16,20822.35,05:47:02
Sat_00630,New World Mt Roskill;Pak 'n Save Mt Albert;New World Mt Albert;New World Point Chevalier;New World Newmarket,5,16,20833.3,05:47:13
Sat_00631,Four Square Remuera;New World Remuera;Pak 'n Save Sylvia Park;New World New Lynn;New World Mt Roskill,5,14,20851.09,05:47:31
Sat_00632,New World Mt Roskill;New World Green Bay;Pak 'n Save Henderson;Four Square Glen Eden;Four Square Fair Price Henderson,5,14,20873.16,05:47:53
Sat_00633,New World Papakura;Pak 'n Save Papakura;New World Botany;Four Square Botany Junction,4,13,20878.01,05:47:58
Sat_00634,New World Mt Albert;Four Square Glen Eden;New World Green Bay;Pak 'n Save Lincoln Road,4,14,20886.54,05:48:06
Sat_00635,New World Mt Roskill;Pak 'n Save Mt Albert;New World Mt Albert;New World Point Chevalier;New World Victoria Park,5,16,20889.86,05:48:09
Sat_00636,New World Mt Roskill;Pak 'n Save Mt Albert;New World Point Chevalier;New World Mt Albert;New World Victoria Park,5,16,20906.71,05:48:26
Sat_00637,New World Mt Roskill;Pak 'n Save Henderson;Pak 'n Save Lincoln Road,3,16,20921.14,05:48:41
Sat_00638,New World Mt Roskill;New World Point Chevalier;Pak 'n Save Mt Albert;New World New Lynn;New World Mt Albert,5,16,20928.54,05:48:48
Sat_00639,New World Mt Roskill;New World Victoria Park;New World Point Chevalier;New World Mt Albert;Pak 'n Save Mt Albert,5,16,20934.45,05:48:54
Sat_00640,New World Mt Roskill;New World New Lynn;Pak 'n Save Mt Albert;Four Square Onehunga;New World Newmarket;Four Square Eden Terrace,6,15,20935.15,05:48:55
Sat_00641,New World Mt Roskill;Four Square Onehunga;Pak 'n Save Royal Oak;New World Newmarket;Four Square Eden Terrace;New World Point Chevalier,6,16,20936.7,05:48:56
Sat_00642,New World Mt Roskill;Pak 'n Save Mt Albert;New World Mt Albert;New World Newmarket;New World Point Chevalier,5,16,20947.11,05:49:07
Sat_00643,New World Mt Roskill;Pak 'n Save Mangere;Pak 'n Save Manukau;Four Square Botany Junction,4,15,20948.19,05:49:08
Sat_00644,New World Mt Roskill;New World Newmarket;New World Mt Albert;New World Point Chevalier;Pak 'n Save Mt Albert,5,16,20961.9,05:49:21
Sat_00645,New World Milford;New World Metro Shore City;New World Birkenhead;Four Square Lancaster;Pak 'n Save Wairau Road,5,13,20964.76,05:49:24
Sat_00646,New World Milford;New World Metro Queen St;New World Victoria Park;New World Point Chevalier;New World Mt Albert,5,14,20967.46,05:49:27
Sat_00647,New World Mt Roskill;New World Mt Albert;Pak 'n Save Mt Albert;New World Point Chevalier;New World Newmarket,5,16,20972.0,05:49:32
Sat_00648,New World Papatoetoe;Pak 'n Save Manukau;Pak 'n Save Clendon,3,15,20993.69,05:49:53
Sat_00649,New World Mt Roskill;Pak 'n Save Mt Albert;New World Point Chevalier;New World Mt Albert;New World Newmarket,5,16,20997.11,05:49:57
Sat_00650,New World Mt Roskill;Four Square Onehunga;Pak 'n Save Royal Oak;Four Square Hobsonville;New World Hobsonville;Four Square Fair Price Henderson,6,14,21009.98,05:50:09
Sat_00651,New World Mt Roskill;Pak 'n Save Mt Albert;New World Green Bay;New World New Lynn;New World Point Chevalier,5,16,21011.21,05:50:11
Sat_00652,New World Mt Roskill;Pak 'n Save Mt Albert;New World Mt Albert;New World Victoria Park;New World Metro Queen St;Four Square Eden Terrace,6,16,21025.13,05:50:25
Sat_00653,New World Mt Roskill;New World Mt Albert;Pak 'n Save Mt Albert;New World Point Chevalier;New World Victoria Park,5,16,21028.56,05:50:28
Sat_00654,New World Mt Roskill;Pak 'n Save Mt Albert;New World Mt Albert;Four Square Eden Terrace;New World Metro Queen St;New World Victoria Park,6,16,21029.42,05:50:29
Sat_00655,New World Mt Roskill;New World Mt Albert;New World Newmarket;Four Square Ellerslie;Pak 'n Save Royal Oak;Four Square Onehunga,6,16,21055.09,05:50:55
Sat_00656,New World Mt Roskill;New World New Lynn;Four Square Glen Eden;New World Green Bay;Pak 'n Save Mt Albert;Four Square Eden Terrace,6,15,21069.82,05:51:09
Sat_00657,Pak 'n Save Mt Albert;New World Mt Albert;Four Square Eden Terrace;New World Metro Queen St;New World Victoria Park;New World Mt Roskill,6,16,21071.76,05:51:11
Sat_00658,New World Mt Roskill;New World Green Bay;New World Mt Albert;Pak 'n Save Mt Albert;New World Point Chevalier,5,16,21093.27,05:51:33
Sat_00659,New World New Lynn;New World Point Chevalier;New World Mt Albert;New World Mt Roskill;Pak 'n Save Mt Albert,5,16,21099.82,05:51:39
Sat_00660,New World Mt Roskill;Pak 'n Save Mt Albert;New World New Lynn;New World Howick,4,13,21100.27,05:51:40
Sat_00661,New World Mt Roskill;Pak 'n Save Mt Albert;New World Point Chevalier;New World Victoria Park;New World Metro Queen St;Four Square Eden Terrace,6,16,21110.77,05:51:50
Sat_00662,New World Mt Roskill;Pak 'n Save Mt Albert;New World Mt Albert;New World Point Chevalier;Four Square Onehunga;Four Square Ellerslie,6,15,21113.45,05:51:53
Sat_00663,Four Square Fair Price Henderson;Pak 'n Save Lincoln Road;New World Point Chevalier;Pak 'n Save Mt Albert,4,16,21128.78,05:52:08
Sat_00664,New World Mt Roskill;Pak 'n Save Mt Albert;New World Point Chevalier;Four Square Eden Terrace;New World Metro Queen St;New World Victoria Park,6,16,21129.13,05:52:09
Sat_00665,New World Mt Roskill;Pak 'n Save Mt Albert;New World Mt Albert;Four Square Eden Terrace;New World Victoria Park;New World Metro Queen St,6,16,21132.78,05:52:12
Sat_00666,New World Mt Roskill;New World New Lynn;New World Point Chevalier;Pak 'n Save Mt Albert;New World Green Bay,5,16,21132.87,05:52:12
Sat_00667,New World New Lynn;Pak 'n Save Mt Albert;Pak 'n Save Mangere;New World Mt Roskill,4,16,21138.59,05:52:18
Sat_00668,New World Mt Roskill;Pak 'n Save Mt Albert;New World Green Bay;New World Eastridge;Four Square Remuera,5,14,21140.34,05:52:20
Sat_00669,Pak 'n Save Mt Albert;New World Mt Albert;New World Point Chevalier;New World Mt Roskill;New World New Lynn,5,16,21144.95,05:52:24
Sat_00670,New World Mt Roskill;Four Square Glen Eden;New World Green Bay;New World New Lynn;Pak 'n Save Mt Albert;Four Square Eden Terrace,6,15,21157.06,05:52:37
Sat_00671,New World Mt Roskill;Pak 'n Save Royal Oak;Four Square Ellerslie;New World Newmarket;Four Square Eden Terrace;New World Mt Albert,6,16,21160.39,05:52:40
Sat_00672,New World Mt Roskill;Pak 'n Save Mt Albert;New World Mt Albert;New World Point Chevalier;Four Square Eden Terrace;New World Metro Queen St,6,16,21173.64,05:52:53
Sat_00673,New World Mt Roskill;Pak 'n Save Mt Albert;New World Mt Albert;New World Point Chevalier;New World Metro Queen St;Four Square Eden Terrace,6,16,21175.33,05:52:55
Sat_00674,New World Mt Roskill;Pak 'n Save Mt Albert;New World Point Chevalier;New World Mt Albert;Four Square Eden Terrace;New World Metro Queen St,6,16,21176.42,05:52:56
Sat_00675,New World Mt Roskill;New World Point Chevalier;New World Mt Albert;New World Green Bay;Pak 'n Save Mt Albert,5,16,21188.17,05:53:08
Sat_00676,New World Mt Roskill;Pak 'n Save Mangere;New World Mt Albert;Pak 'n Save Mt Albert,4,16,21189.0,05:53:09
Sat_00677,New World Mt Roskill;Pak 'n Save Royal Oak;Four Square Onehunga;Four Square Ellerslie;Four Square Remuera;New World Remuera;New World Newmarket,7,16,21190.92,05:53:10
Sat_00678,New World Mt Roskill;Four Square Glen Eden;Pak 'n Save Royal Oak;Four Square Onehunga;Four Square Ellerslie;Four Square Remuera;New World Remuera,7,14,21194.53,05:53:14
Sat_00679,New World Mt Roskill;Four Square Onehunga;Pak 'n Save Royal Oak;Four Square Ellerslie;Four Square Remuera;New World Remuera;New World Newmarket,7,16,21202.2,05:53:22
Sat_00680,New World Mt Roskill;Pak 'n Save Lincoln Road;Four Square Fair Price Henderson;New World Point Chevalier;New World Mt Albert,5,16,21205.22,05:53:25
Sat_00681,New World Mt Roskill;Pak 'n Save Royal Oak;Four Square Ellerslie;Four Square Remuera;New World Remuera;New World Newmarket;Four Square Eden Terrace,7,16,21214.01,05:53:34
Sat_00682,New World Mt Roskill;Pak 'n Save Mt Albert;New World Point Chevalier;New World Metro Queen St;New World Victoria Park;Four Square Eden Terrace,6,16,21218.71,05:53:38
Sat_00683,Pak 'n Save Mt Albert;New World Mt Albert;New World Point Chevalier;New World Metro Queen St;New World Victoria Park,5,16,21220.51,05:53:40
Sat_00684,New World Mt Roskill;New World Mt Albert;New World Point Chevalier;Pak 'n Save Mt Albert;New World Victoria Park,5,16,21220.71,05:53:40
Sat_00685,New World Mt Roskill;Four Square Onehunga;Pak 'n Save Royal Oak;New World Mt Albert;Four Square Eden Terrace;New World Point Chevalier,6,16,21225.96,05:53:45
Sat_00686,New World New Lynn;New World Mt Roskill;New World Mt Albert;Pak 'n Save Mt Albert;New World Point Chevalier,5,16,21241.3,05:54:01
Sat_00687,New World Mt Roskill;New World Mt Albert;New World Point Chevalier;Four Square Fair Price Henderson;Pak 'n Save Lincoln Road,5,16,21245.59,05:54:05
Sat_00688,New World Mt Roskill;New World Mt Albert;New World Point Chevalier;Pak 'n Save Lincoln Road;Four Square Fair Price Henderson,5,16,21245.6,05:54:05
Sat_00689,New World Mt Roskill;Pak 'n Save Lincoln Road;Four Square Fair Price Henderson;New World Metro Queen St;New World Victoria Park,5,15,21267.58,05:54:27
Sat_00690,New World Mt Roskill;Pak 'n Save Mangere;Pak 'n Save Manukau;Four Square Ellerslie,4,15,21271.93,05:54:31
Sat_00691,New World Mt Roskill;Four Square Onehunga;Pak 'n Save Royal Oak;New World Mt Albert;New World Point Chevalier;Four Square Eden Terrace,6,16,21273.18,05:54:33
Sat_00692,New World Mt Roskill;Pak 'n Save Mt Albert;New World Mt Albert;New World Metro Queen St;New World Victoria Park;Four Square Eden Terrace,6,16,21280.03,05:54:40
Sat_00693,New World Mt Roskill;New World New Lynn;Pak 'n Save Mt Albert;New World Point Chevalier;New World Newmarket,5,16,21281.92,05:54:41
Sat_00694,New World Mt Roskill;Pak 'n Save Royal Oak;Four Square Onehunga;Pak 'n Save Lincoln Road,4,16,21282.38,05:54:42
Sat_00695,New World Mt Roskill;New World Newmarket;New World Mt Albert;Pak 'n Save Mt Albert;New World Point Chevalier,5,16,21286.99,05:54:46
Sat_00696,New World Mt Roskill;New World Mt Albert;Pak 'n Save Mt Albert;New World Point Chevalier;Four Square Fair Price Henderson;Four Square Glen Eden,6,15,21287.43,05:54:47
Sat_00697,New World Mt Roskill;New World Mt Albert;New World Point Chevalier;Pak 'n Save Mt Albert;New World Newmarket,5,16,21298.54,05:54:58
Sat_00698,New World Mt Roskill;Pak 'n Save Royal Oak;Four Square Onehunga;Four Square Remuera;New World Remuera;New World Newmarket;Four Square Eden Terrace,7,16,21298.76,05:54:58
Sat_00699,New World Mt Roskill;Four Square Onehunga;Pak 'n Save Royal Oak;New World Newmarket;Four Square Eden Terrace;New World Victoria Park,6,16,21309.85,05:55:09
Sat_00700,New World Mt Roskill;New World Mt Albert;Pak 'n Save Mt Albert;New World Point Chevalier;Four Square Eden Terrace;New World Metro Queen St,6,16,21312.34,05:55:12
Sat_00701,New World Mt Roskill;New World Mt Albert;Pak 'n Save Mt Albert;New World Point Chevalier;New World Metro Queen St;Four Square Eden Terrace,6,16,21314.03,05:55:14
Sat_00702,New World Mt Roskill;Pak 'n Save Mt Albert;New World Mt Albert;Four Square Eden Terrace;New World Newmarket;New World Metro Queen St,6,16,21317.53,05:55:17
Sat_00703,New World Southmall;Pak 'n Save Clendon;Pak 'n Save Manukau,3,15,21321.05,05:55:21
Sat_00704,New World Mt Roskill;Four Square Onehunga;Pak 'n Save Royal Oak;Pak 'n Save Lincoln Road,4,16,21325.88,05:55:25
Sat_00705,Four Square Lancaster;New World Birkenhead;New World Victoria Park;New World Metro Queen St;Four Square Eden Terrace;New World Remuera;Four Square Remuera,7,13,21327.97,05:55:27
Sat_00706,New World Mt Roskill;Four Square Onehunga;Pak 'n Save Royal Oak;Four Square Remuera;New World Remuera;Four Square Eden Terrace;New World Mt Albert,7,16,21333.4,05:55:33
Sat_00707,New World Mt Roskill;Pak 'n Save Mt Albert;New World Point Chevalier;New World Mt Albert;New World Metro Queen St;Four Square Eden Terrace,6,16,21339.14,05:55:39
Sat_00708,New World Mt Roskill;Pak 'n Save Mt Albert;New World Mt Albert;Four Square Eden Terrace;New World Newmarket;New World Remuera,6,16,21341.83,05:55:41
Sat_00709,New World Mt Albert;Pak 'n Save Mt Albert;New World Point Chevalier;New World Metro Queen St;New World Victoria Park,5,16,21343.0,05:55:43
Sat_00710,Pak 'n Save Botany;New World Botany;Pak 'n Save Manukau,3,15,21344.69,05:55:44
Sat_00711,New World Mt Roskill;New World Point Chevalier;Pak 'n Save Mt Albert;New World Mt Albert;New World Victoria Park,5,16,21356.28,05:55:56
Sat_00712,New World Mt Roskill;Pak 'n Save Royal Oak;Four Square Onehunga;Pak 'n Save Sylvia Park;Four Square Eden Terrace,5,16,21369.43,05:56:09
Sat_00713,New World Mt Roskill;New World Point Chevalier;New World New Lynn;Pak 'n Save Mt Albert;New World Green Bay,5,16,21389.69,05:56:29
Sat_00714,New World Mt Roskill;Pak 'n Save Mt Albert;Pak 'n Save Royal Oak;Four Square Onehunga;New World Remuera,5,16,21393.69,05:56:33
Sat_00715,New World Mt Roskill;Pak 'n Save Royal Oak;Four Square Onehunga;Four Square Ellerslie;Pak 'n Save Sylvia Park,5,16,21395.27,05:56:35
Sat_00716,New World Mt Roskill;Pak 'n Save Royal Oak;New World Mt Albert;New World Victoria Park;New World Metro Queen St,5,16,21398.36,05:56:38
Sat_00717,New World Mt Roskill;Pak 'n Save Royal Oak;Four Square Onehunga;Pak 'n Save Sylvia Park;Four Square Ellerslie,5,16,21402.27,05:56:42
Sat_00718,New World Mt Roskill;Pak 'n Save Mt Albert;Four Square Onehunga;Pak 'n Save Royal Oak;New World Remuera,5,16,21404.97,05:56:44
Sat_00719,Pak 'n Save Lincoln Road;Four Square Fair Price Henderson;Pak 'n Save Henderson;Four Square Glen Eden,4,16,21405.78,05:56:45
Sat_00720,New World Mt Roskill;Four Square Onehunga;Pak 'n Save Royal Oak;Four Square Ellerslie;Pak 'n Save Sylvia Park,5,16,21406.55,05:56:46
Sat_00721,New World Mt Roskill;Pak 'n Save Royal Oak;Four Square Onehunga;New World Remuera;New World Newmarket;New World Metro Queen St,6,16,21411.31,05:56:51
Sat_00722,New World Mt Roskill;New World Green Bay;Pak 'n Save Mt Albert;Pak 'n Save Mangere,4,16,21412.61,05:56:52
Sat_00723,New World Mt Roskill;Pak 'n Save Mt Albert;New World Mt Albert;New World Point Chevalier;Four Square Eden Terrace;Four Square Ellerslie;Four Square Onehunga,7,16,21413.53,05:56:53
Sat_00724,New World Mt Roskill;Pak 'n Save Mt Albert;New World Point Chevalier;New World Newmarket;Four Square Eden Terrace;New World Metro Queen St,6,16,21414.78,05:56:54
Sat_00725,Four Square Onehunga;Pak 'n Save Royal Oak;New World Newmarket;New World Point Chevalier;New World New Lynn,5,16,21422.94,05:57:02
Sat_00726,New World Mt Roskill;Pak 'n Save Royal Oak;Four Square Onehunga;Four Square Pakuranga Heights;New World Botany;Four Square Botany Junction,6,15,21427.86,05:57:07
Sat_00727,New World Mt Roskill;Pak 'n Save Mt Albert;New World Point Chevalier;Four Square Eden Terrace;New World Newmarket;New World Remuera,6,16,21441.54,05:57:21
Sat_00728,New World Mt Roskill;Pak 'n Save Royal Oak;Four Square Onehunga;New World Newmarket;Four Square Eden Terrace;New World Victoria Park,6,16,21442.57,05:57:22
Sat_00729,New World Mt Roskill;Four Square Onehunga;Pak 'n Save Royal Oak;Pak 'n Save Sylvia Park;Four Square Ellerslie,5,16,21446.77,05:57:26
Sat_00730,New World Mt Roskill;Pak 'n Save Mt Albert;New World Mt Albert;Four Square Eden Terrace;New World Remuera;Four Square Remuera;Four Square Ellerslie;Four Square Onehunga,8,16,21451.67,05:57:31
Sat_00731,Pak 'n Save Royal Oak;Four Square Onehunga;Pak 'n Save Mangere;New World Papatoetoe,4,16,21452.52,05:57:32
Sat_00732,New World Mt Roskill;Four Square Onehunga;Pak 'n Save Royal Oak;Four Square Ellerslie;New World Mt Albert;New World Point Chevalier,6,16,21454.4,05:57:34
Sat_00733,New World Mt Roskill;Four Square Onehunga;Pak 'n Save Royal Oak;Four Square Ellerslie;Four Square Remuera;New World Remuera;New World Point Chevalier,7,16,21455.11,05:57:35
Sat_00734,New World Mt Roskill;Pak 'n Save Royal Oak;Pak 'n Save Sylvia Park;Four Square Ellerslie;Four Square Remuera,5,16,21457.64,05:57:37
Sat_00735,Four Square Onehunga;Pak 'n Save Royal Oak;New World Mt Albert;Pak 'n Save Mt Albert;Four Square Eden Terrace,5,16,21466.64,05:57:46
Sat_00736,New World Mt Roskill;Pak 'n Save Mt Albert;New World Point Chevalier;New World Metro Queen St;Four Square Eden Terrace;New World Newmarket,6,16,21471.25,05:57:51
Sat_00737,New World Mt Roskill;Four Square Onehunga;Pak 'n Save Royal Oak;New World Newmarket;New World Mt Albert;Four Square Eden Terrace,6,16,21471.84,05:57:51
Sat_00738,New World Mt Roskill;New World Mt Albert;Four Square Fair Price Henderson;Pak 'n Save Lincoln Road;New World Point Chevalier,5,16,21475.95,05:57:55
Sat_00739,New World Mt Roskill;Pak 'n Save Mt Albert;New World Mt Albert;New World Newmarket;Four Square Eden Terrace;New World Metro Queen St,6,16,21476.1,05:57:56
Sat_00740,New World Mt Roskill;Pak 'n Save Mt Albert;Pak 'n Save Mangere;Four Square Onehunga;Four Square Remuera,5,15,21477.22,05:57:57
Sat_00741,Pak 'n Save Royal Oak;Four Square Onehunga;Four Square Eden Terrace;New World Metro Queen St;New World Victoria Park;New World Mt Albert,6,16,21490.45,05:58:10
Sat_00742,New World Mt Roskill;Pak 'n Save Royal Oak;Four Square Onehunga;Four Square Ellerslie;New World Remuera;Four Square Remuera;New World Newmarket,7,16,21492.1,05:58:12
Sat_00743,New World Mt Roskill;Four Square Onehunga;Pak 'n Save Royal Oak;Four Square Ellerslie;New World Remuera;Four Square Remuera;New World Newmarket,7,16,21503.38,05:58:23
Sat_00744,New World Mt Roskill;Pak 'n Save Mt Albert;New World Mt Albert;New World Newmarket;New World Remuera;Four Square Remuera,6,16,21510.32,05:58:30
Sat_00745,New World Mt Roskill;Pak 'n Save Mt Albert;New World Mt Albert;New World Point Chevalier;Four Square Remuera;Four Square Ellerslie;Four Square Onehunga,7,16,21516.71,05:58:36
Sat_00746,New World Mt Roskill;New World Mt Albert;New World Point Chevalier;New World Newmarket;New World Remuera;Four Square Remuera;Four Square Ellerslie;Four Square Onehunga,8,16,21521.08,05:58:41
Sat_00747,New World Mt Roskill;New World New Lynn;Pak 'n Save Mt Albert;New World Mt Albert;Four Square Eden Terrace;New World Metro Queen St,6,16,21522.55,05:58:42
Sat_00748,New World Mt Roskill;Pak 'n Save Mt Albert;New World Mt Albert;New World Newmarket;Four Square Ellerslie;Four Square Remuera;Four Square Onehunga,7,16,21532.31,05:58:52
Sat_00749,New World Remuera;Four Square Remuera;Four Square Ellerslie;New World Stonefields;New World Eastridge;Four Square Eden Terrace;New World Victoria Park,7,14,21533.24,05:58:53
Sat_00750,New World Mt Roskill;New World Point Chevalier;New World Mt Albert;Pak 'n Save Mt Albert;New World Victoria Park,5,16,21537.54,05:58:57
Sat_00751,Four Square Onehunga;Pak 'n Save Royal Oak;New World Newmarket;New World Metro Queen St;New World Victoria Park;Four Square Eden Terrace,6,16,21542.67,05:59:02
Sat_00752,New World Mt Roskill;Pak 'n Save Mt Albert;Four Square Eden Terrace;New World Newmarket;New World Remuera;Four Square Remuera;Four Square Ellerslie;Four Square Onehunga,8,16,21550.92,05:59:10
Sat_00753,New World Mt Roskill;Pak 'n Save Mt Albert;New World Point Chevalier;Four Square Eden Terrace;New World Remuera;Four Square Remuera;Four Square Ellerslie;Four Square Onehunga,8,16,21551.38,05:59:11
Sat_00754,New World Mt Roskill;Pak 'n Save Mt Albert;New World New Lynn;Four Square Glen Eden;Four Square Eden Terrace;New World Newmarket,6,15,21551.49,05:59:11
Sat_00755,New World Mt Roskill;New World Green Bay;Pak 'n Save Mt Albert;New World Point Chevalier;New World Victoria Park,5,16,21552.39,05:59:12
Sat_00756,New World Mt Roskill;Pak 'n Save Sylvia Park;New World Stonefields;Four Square Ellerslie;New World Remuera;Four Square Remuera,6,15,21557.6,05:59:17
Sat_00757,New World Mt Roskill;Four Square Eden Terrace;Pak 'n Save Royal Oak;Four Square Onehunga;Pak 'n Save Mangere,5,16,21559.7,05:59:19
Sat_00758,New World Mt Roskill;Pak 'n Save Royal Oak;New World Newmarket;New World Stonefields;Four Square Remuera;Four Square Onehunga,6,16,21564.58,05:59:24
Sat_00759,New World Mt Roskill;Pak 'n Save Royal Oak;Four Square Onehunga;New World Remuera;New World Metro Queen St;New World Victoria Park,6,16,21567.22,05:59:27
Sat_00760,New World Mt Roskill;New World Mt Albert;New World Point Chevalier;Pak 'n Save Mt Albert;Four Square Eden Terrace;New World Metro Queen St,6,16,21570.71,05:59:30
Sat_00761,New World Mt Roskill;Four Square Onehunga;Pak 'n Save Royal Oak;New World Mt Albert;New World Victoria Park;Four Square Eden Terrace,6,16,21579.35,05:59:39
Sat_00762,New World Mt Albert;Pak 'n Save Mt Albert;Pak 'n Save Royal Oak;Four Square Onehunga;Four Square Eden Terrace,5,16,21580.37,05:59:40
Sat_00763,New World Metro Queen St;New World Victoria Park;New World Mt Albert;Pak 'n Save Mt Albert;New World New Lynn,5,16,21587.95,05:59:47
Sat_00764,New World Mt Roskill;New World Mt Albert;Four Square Remuera;New World Remuera;New World Newmarket;Pak 'n Save Mt Albert,6,16,21588.27,05:59:48
Sat_00765,Pak 'n Save Mt Albert;New World New Lynn;Pak 'n Save Lincoln Road;Four Square Fair Price Henderson,4,16,21595.0,05:59:55
Sat_00766,New World Mt Roskill;New World Green Bay;Four Square Glen Eden;Pak 'n Save Henderson;New World New Lynn,5,16,21595.09,05:59:55
Sat_00767,New World Mt Roskill;Pak 'n Save Mt Albert;New World Point Chevalier;New World Newmarket;Four Square Remuera;New World Remuera,6,16,21599.57,05:59:59
Sat_00768,New World Mt Roskill;Pak 'n Save Mt Albert;New World Mt Albert;New World Point Chevalier;Four Square Eden Terrace;New World Remuera,6,16,21600.86,06:00:00
Sat_00769,New World Mt Roskill;Pak 'n Save Mt Albert;New World Point Chevalier;New World Mt Albert;Four Square Eden Terrace;New World Remuera,6,16,21603.64,06:00:03
Sat_00770,New World Mt Roskill;Pak 'n Save Royal Oak;Four Square Onehunga;Four Square Ellerslie;New World Stonefields;Four Square Remuera;New World Remuera,7,16,21605.85,06:00:05
Sat_00771,New World Mt Roskill;Pak 'n Save Mt Albert;New World Mt Albert;New World Point Chevalier;New World Remuera;Four Square Remuera,6,16,21608.33,06:00:08
Sat_00772,New World Mt Roskill;Pak 'n Save Mt Albert;Pak 'n Save Mangere;New World Papatoetoe,4,16,21613.27,06:00:13
Sat_00773,New World Mt Roskill;New World Point Chevalier;Pak 'n Save Mt Albert;New World Mt Albert;Four Square Eden Terrace;New World Metro Queen St,6,16,21625.99,06:00:25
Sat_00774,New World Mt Roskill;Pak 'n Save Mt Albert;Pak 'n Save Mangere;New World New Lynn,4,16,21626.67,06:00:26
Sat_00775,New World Mt Roskill;Pak 'n Save Royal Oak;Four Square Onehunga;New World Point Chevalier;New World Mt Albert;Four Square Eden Terrace,6,16,21630.95,06:00:30
Sat_00776,New World Mt Roskill;New World New Lynn;New World Green Bay;Pak 'n Save Glen Innes,4,14,21633.63,06:00:33
Sat_00777,Four Square Ellerslie;Four Square Remuera;New World Stonefields;New World Metro Queen St;New World Victoria Park;New World Mt Albert;New World Mt Roskill,7,15,21645.32,06:00:45
Sat_00778,New World Mt Roskill;New World Mt Albert;New World Point Chevalier;Four Square Fair Price Henderson;Pak 'n Save Henderson,5,16,21646.21,06:00:46
Sat_00779,New World Mt Roskill;Four Square Onehunga;Pak 'n Save Royal Oak;New World Newmarket;New World Remuera;Four Square Remuera;Four Square Ellerslie,7,16,21649.47,06:00:49
Sat_00780,Pak 'n Save Royal Oak;Four Square Onehunga;Pak 'n Save Sylvia Park;New World Stonefields,4,16,21653.17,06:00:53
Sat_00781,New World Newmarket;Four Square Eden Terrace;New World Victoria Park;New World Metro Queen St;Pak 'n Save Mt Albert;New World Mt Roskill,6,16,21654.78,06:00:54
Sat_00782,New World Mt Roskill;New World Mt Albert;Pak 'n Save Mt Albert;New World Point Chevalier;Four Square Remuera;Four Square Ellerslie;Four Square Onehunga,7,16,21655.41,06:00:55
Sat_00783,Pak 'n Save Henderson;Four Square Glen Eden;New World Green Bay;Pak 'n Save Mt Albert,4,16,21669.36,06:01:09
Sat_00784,New World Mt Roskill;Pak 'n Save Mt Albert;New World Mt Albert;Four Square Eden Terrace;New World Point Chevalier;New World Metro Queen St,6,16,21669.75,06:01:09
Sat_00785,New World Mt Roskill;Four Square Onehunga;Pak 'n Save Royal Oak;New World Remuera;Four Square Remuera;Four Square Ellerslie;New World Point Chevalier,7,16,21671.51,06:01:11
Sat_00786,New World Mt Roskill;Four Square Onehunga;Pak 'n Save Royal Oak;New World Point Chevalier;New World Mt Albert;Four Square Eden Terrace,6,16,21674.45,06:01:14
Sat_00787,Pak 'n Save Mt Albert;New World Green Bay;Four Square Glen Eden;Pak 'n Save Henderson,4,16,21678.47,06:01:18
Sat_00788,New World Mt Roskill;Pak 'n Save Mt Albert;New World Point Chevalier;New World Mt Albert;Four Square Remuera;Four Square Ellerslie;Four Square Onehunga,7,16,21680.53,06:01:20
Sat_00789,New World Mt Roskill;Four Square Onehunga;Pak 'n Save Royal Oak;New World Green Bay;Four Square Glen Eden;New World New Lynn,6,16,21685.72,06:01:25
Sat_00790,New World Mt Roskill;Pak 'n Save Mt Albert;New World Point Chevalier;Pak 'n Save Sylvia Park,4,16,21689.63,06:01:29
Sat_00791,New World Mt Roskill;New World Mt Albert;New World Metro Queen St;New World Victoria Park;Four Square Eden Terrace;New World Remuera;Four Square Remuera;Four Square Ellerslie,8,15,21700.45,06:01:40
Sat_00792,Pak 'n Save Westgate;New World Hobsonville;Four Square Hobsonville;New World New Lynn;New World Mt Albert,5,15,21701.39,06:01:41
Sat_00793,New World Mt Roskill;Pak 'n Save Mt Albert;Four Square Glen Eden;Four Square Fair Price Henderson;Pak 'n Save Lincoln Road,5,16,21709.65,06:01:49
Sat_00794,New World Mt Roskill;New World Green Bay;Four Square Glen Eden;New World New Lynn;Pak 'n Save Royal Oak;Four Square Onehunga,6,16,21714.64,06:01:54
Sat_00795,New World Mt Roskill;Pak 'n Save Mt Albert;New World Mt Albert;New World Point Chevalier;Four Square Remuera;New World Remuera,6,16,21717.07,06:01:57
Sat_00796,New World Mt Roskill;Pak 'n Save Royal Oak;Four Square Ellerslie;Four Square Remuera;Pak 'n Save Mangere,5,16,21717.72,06:01:57
Sat_00797,New World Mt Roskill;Pak 'n Save Mt Albert;Pak 'n Save Royal Oak;Four Square Onehunga;Four Square Remuera;Four Square Eden Terrace,6,16,21721.65,06:02:01
Sat_00798,New World Mt Roskill;Four Square Onehunga;Pak 'n Save Royal Oak;Four Square Remuera;Four Square Ellerslie;New World Stonefields;Four Square St Heliers,7,15,21723.9,06:02:03
Sat_00799,New World Mt Roskill;New World New Lynn;New World Green Bay;Four Square Glen Eden;Four Square Fair Price Henderson;Pak 'n Save Westgate,6,15,21724.01,06:02:04
Sat_00800,New World Mt Roskill;New World Mt Albert;Four Square Eden Terrace;New World Metro Queen St;Pak 'n Save Sylvia Park;Four Square Remuera,6,15,21724.62,06:02:04
Sat_00801,New World Mt Roskill;Pak 'n Save Mt Albert;New World Newmarket;New World Remuera;Four Square Remuera;New World Point Chevalier,6,16,21728.52,06:02:08
Sat_00802,New World Mt Roskill;Pak 'n Save Mangere;New World Papatoetoe;New World Botany;Four Square Botany Junction,5,15,21737.2,06:02:17
Sat_00803,New World Mt Roskill;New World Mt Albert;Pak 'n Save Mt Albert;Four Square Eden Terrace;New World Newmarket;New World Remuera,6,16,21739.1,06:02:19
Sat_00804,New World Mt Roskill;New World Mt Albert;Pak 'n Save Mt Albert;New World Point Chevalier;Four Square Eden Terrace;New World Remuera,6,16,21739.56,06:02:19
Sat_00805,New World Mt Roskill;New World New Lynn;New World Green Bay;Four Square Glen Eden;Pak 'n Save Henderson,5,16,21747.01,06:02:27
Sat_00806,New World Mt Roskill;New World Mt Albert;Pak 'n Save Mt Albert;New World Point Chevalier;New World Remuera;Four Square Remuera,6,16,21747.03,06:02:27
Sat_00807,New World Mt Roskill;Pak 'n Save Lincoln Road;Four Square Fair Price Henderson;New World Mt Albert;New World Point Chevalier,5,16,21753.33,06:02:33
Sat_00808,New World Mt Roskill;New World Point Chevalier;New World Mt Albert;Pak 'n Save Lincoln Road;Four Square Fair Price Henderson,5,16,21757.78,06:02:37
Sat_00809,Four Square Fair Price Henderson;Pak 'n Save Henderson;New World Mt Albert;Pak 'n Save Mt Albert,4,16,21763.94,06:02:43
Sat_00810,New World Mt Roskill;Pak 'n Save Mt Albert;Pak 'n Save Lincoln Road;Four Square Fair Price Henderson;Four Square Glen Eden,5,16,21766.23,06:02:46
Sat_00811,New World Victoria Park;New World Metro Queen St;Four Square Eden Terrace;New World Mt Albert;New World Mt Roskill;Pak 'n Save Mt Albert,6,16,21768.66,06:02:48
Sat_00812,New World Green Bay;New World New Lynn;Pak 'n Save Mt Albert;New World Point Chevalier;New World Metro Queen St,5,16,21769.2,06:02:49
Sat_00813,New World Mt Roskill;Pak 'n Save Mt Albert;New World Mt Albert;Four Square Eden Terrace;New World Newmarket;Four Square Ellerslie;Four Square Remuera,7,16,21770.04,06:02:50
Sat_00814,New World Mt Roskill;Pak 'n Save Royal Oak;Four Square Onehunga;New World Newmarket;New World Remuera;Four Square Remuera;Four Square Ellerslie,7,16,21782.19,06:03:02
Sat_00815,New World Mt Roskill;Pak 'n Save Royal Oak;Four Square Onehunga;New World Newmarket;Four Square Remuera;New World Remuera;Four Square Eden Terrace,7,16,21783.2,06:03:03
Sat_00816,New World Mt Roskill;New World Point Chevalier;Pak 'n Save Mt Albert;New World Green Bay;Four Square Glen Eden;Four Square Fair Price Henderson,6,15,21786.77,06:03:06
Sat_00817,New World Mt Roskill;Pak 'n Save Royal Oak;Four Square Onehunga;Pak 'n Save Henderson,4,16,21791.58,06:03:11
Sat_00818,New World Victoria Park;New World Metro Queen St;Pak 'n Save Mt Albert;Pak 'n Save Royal Oak,4,16,21794.4,06:03:14
Sat_00819,New World Mt Roskill;Pak 'n Save Mt Albert;New World Victoria Park;New World Metro Queen St;New World Point Chevalier;Four Square Eden Terrace,6,16,21797.54,06:03:17
Sat_00820,New World Mt Roskill;Pak 'n Save Mt Albert;Four Square Glen Eden;Pak 'n Save Henderson;Four Square Fair Price Henderson,5,16,21799.92,06:03:19
Sat_00821,New World Mt Roskill;Pak 'n Save Royal Oak;Four Square Onehunga;Four Square Ellerslie;Four Square Remuera;New World Stonefields;New World Remuera,7,16,21801.64,06:03:21
Sat_00822,New World Mt Roskill;Pak 'n Save Royal Oak;Four Square Onehunga;Four Square Ellerslie;New World Stonefields;New World Remuera;Four Square Remuera,7,16,21804.99,06:03:24
Sat_00823,New World Mt Roskill;Four Square Onehunga;Pak 'n Save Royal Oak;Four Square Ellerslie;New World Remuera;Four Square Eden Terrace;New World Newmarket,7,16,21807.94,06:03:27
Sat_00824,New World Mt Roskill;New World Green Bay;New World New Lynn;Four Square Glen Eden;Pak 'n Save Henderson,5,16,21808.33,06:03:28
Sat_00825,New World Mt Roskill;Four Square Onehunga;Pak 'n Save Royal Oak;Four Square Ellerslie;Four Square Remuera;New World Stonefields;New World Remuera,7,16,21812.92,06:03:32
Sat_00826,New World Mt Roskill;Four Square Onehunga;Pak 'n Save Royal Oak;Four Square Ellerslie;New World Stonefields;New World Remuera;Four Square Remuera,7,16,21816.27,06:03:36
Sat_00827,New World Mt Roskill;Pak 'n Save Mt Albert;New World Mt Albert;New World Point Chevalier;Four Square Ellerslie;New World Remuera,6,16,21817.13,06:03:37
Sat_00828,New World Mt Roskill;Pak 'n Save Royal Oak;Four Square Onehunga;New World Remuera;Four Square Remuera;New World Stonefields;Four Square Ellerslie,7,16,21827.23,06:03:47
Sat_00829,New World Mt Roskill;Pak 'n Save Mt Albert;New World New Lynn;Four Square Glen Eden;New World Green Bay;Four Square Fair Price Henderson,6,15,21828.12,06:03:48
Sat_00830,Pak 'n Save Westgate;New World Hobsonville;Four Square Hobsonville;Pak 'n Save Lincoln Road,4,16,21831.44,06:03:51
Sat_00831,New World Point Chevalier;New World Mt Albert;Pak 'n Save Mt Albert;New World Victoria Park;New World Metro Queen St,5,16,21831.93,06:03:51
Sat_00832,New World Mt Roskill;Four Square Onehunga;Pak 'n Save Royal Oak;Pak 'n Save Henderson,4,16,21835.07,06:03:55
Sat_00833,New World Mt Roskill;Pak 'n Save Royal Oak;Four Square Ellerslie;Four Square Remuera;New World Newmarket;Four Square Eden Terrace;New World Metro Queen St,7,16,21836.39,06:03:56
Sat_00834,New World Mt Albert;Pak 'n Save Royal Oak;Four Square Onehunga;Four Square Remuera;New World Remuera;New World Newmarket,6,16,21843.05,06:04:03
Sat_00835,New World Mt Roskill;New World Mt Albert;Pak 'n Save Royal Oak;Four Square Onehunga;Four Square Ellerslie;Four Square Remuera;New World Remuera,7,16,21855.93,06:04:15
Sat_00836,New World Mt Roskill;Pak 'n Save Royal Oak;Four Square Onehunga;New World Stonefields;Four Square Ellerslie;Four Square Remuera;New World Remuera,7,16,21857.9,06:04:17
Sat_00837,Pak 'n Save Mt Albert;New World Stonefields;Four Square Remuera;New World Remuera;New World Newmarket;Four Square Ellerslie,6,15,21859.86,06:04:19
Sat_00838,New World Mt Roskill;Pak 'n Save Mt Albert;Four Square Eden Terrace;New World Point Chevalier;New World Victoria Park;New World Metro Queen St,6,16,21863.76,06:04:23
Sat_00839,New World Mt Roskill;New World New Lynn;Four Square Fair Price Henderson;Pak 'n Save Lincoln Road;New World Point Chevalier,5,16,21865.05,06:04:25
Sat_00840,New World Mt Roskill;Pak 'n Save Mangere;Pak 'n Save Royal Oak;Four Square Onehunga;Four Square Eden Terrace,5,16,21865.19,06:04:25
Sat_00841,New World Mt Roskill;Pak 'n Save Mt Albert;Four Square Eden Terrace;New World Newmarket;Four Square Remuera;New World Remuera;Four Square Ellerslie;Four Square Onehunga,8,16,21866.01,06:04:26
Sat_00842,New World Mt Roskill;Four Square Onehunga;Pak 'n Save Royal Oak;New World Stonefields;Four Square Ellerslie;Four Square Remuera;New World Remuera,7,16,21869.18,06:04:29
Sat_00843,New World Mt Roskill;Pak 'n Save Mt Albert;New World Mt Albert;New World Point Chevalier;Four Square Pakuranga Heights,5,15,21869.41,06:04:29
Sat_00844,New World Mt Roskill;Pak 'n Save Mt Albert;New World Point Chevalier;Four Square Eden Terrace;New World Newmarket;Four Square Ellerslie;Four Square Remuera,7,16,21869.75,06:04:29
Sat_00845,Four Square Glen Eden;New World Green Bay;New World New Lynn;Pak 'n Save Royal Oak;Four Square Onehunga;New World Mt Roskill,6,16,21870.18,06:04:30
Sat_00846,New World Mt Roskill;Pak 'n Save Mt Albert;Pak 'n Save Royal Oak;Four Square Onehunga;Four Square Remuera;Four Square Ellerslie,6,16,21871.22,06:04:31
Sat_00847,New World Mt Roskill;New World New Lynn;New World Green Bay;Four Square Glen Eden;Pak 'n Save Lincoln Road,5,16,21872.11,06:04:32
Sat_00848,Pak 'n Save Mt Albert;Four Square Fair Price Henderson;Pak 'n Save Henderson;New World Point Chevalier,4,16,21873.74,06:04:33
Sat_00849,New World Mt Roskill;Pak 'n Save Mt Albert;New World Point Chevalier;New World Mt Albert;Four Square Remuera;New World Remuera,6,16,21880.89,06:04:40
Sat_00850,New World Mt Roskill;Pak 'n Save Mt Albert;Four Square Onehunga;Pak 'n Save Royal Oak;Four Square Remuera;Four Square Ellerslie,6,16,21882.51,06:04:42
Sat_00851,New World Mt Roskill;Pak 'n Save Royal Oak;Four Square Onehunga;New World Newmarket;New World Remuera;Four Square Ellerslie;Four Square Remuera,7,16,21883.53,06:04:43
Sat_00852,New World Mt Roskill;Pak 'n Save Mt Albert;Four Square Hobsonville;New World Hobsonville;Pak 'n Save Westgate,5,16,21886.96,06:04:46
Sat_00853,Pak 'n Save Manukau;New World Ormiston;Pak 'n Save Ormiston;Four Square Botany Junction,4,16,21887.2,06:04:47
Sat_00854,New World Mt Roskill;Pak 'n Save Royal Oak;Four Square Onehunga;New World Remuera;Four Square Remuera;Four Square Ellerslie;New World Stonefields,7,16,21887.8,06:04:47
Sat_00855,New World Mt Roskill;New World Green Bay;New World New Lynn;Pak 'n Save Lincoln Road;Four Square Fair Price Henderson,5,16,21888.54,06:04:48
Sat_00856,New World Mt Roskill;Four Square Onehunga;Pak 'n Save Royal Oak;New World New Lynn;New World Green Bay;Four Square Glen Eden,6,16,21889.39,06:04:49
Sat_00857,New World Mt Roskill;Pak 'n Save Manukau;New World Papatoetoe;New World Southmall;Four Square Botany Junction,5,15,21889.77,06:04:49
Sat_00858,New World Mt Roskill;New World Green Bay;Four Square Glen Eden;Pak 'n Save Henderson;Four Square Fair Price Henderson;Four Square Hobsonville,6,15,21890.61,06:04:50
Sat_00859,New World Mt Roskill;Four Square Onehunga;Pak 'n Save Royal Oak;New World Remuera;Four Square Remuera;Four Square Ellerslie;New World Stonefields,7,16,21899.07,06:04:59
Sat_00860,New World Hobsonville;Four Square Hobsonville;Pak 'n Save Westgate;Pak 'n Save Lincoln Road,4,16,21902.26,06:05:02
Sat_00861,New World Mt Roskill;Pak 'n Save Royal Oak;Four Square Onehunga;Four Square Ellerslie;New World Remuera;Four Square Remuera;New World Stonefields,7,16,21902.86,06:05:02
Sat_00862,New World Mt Roskill;Pak 'n Save Royal Oak;New World Remuera;Four Square Remuera;Four Square Ellerslie;New World Stonefields;Four Square Eden Terrace,7,16,21910.88,06:05:10
Sat_00863,Pak 'n Save Mangere;Pak 'n Save Royal Oak;Four Square Onehunga;New World Newmarket,4,16,21910.97,06:05:10
Sat_00864,New World Mt Roskill;Pak 'n Save Mangere;Four Square Onehunga;Pak 'n Save Royal Oak;Four Square Ellerslie,5,16,21912.0,06:05:12
Sat_00865,New World Mt Roskill;Pak 'n Save Mt Albert;New World New Lynn;New World Green Bay;New World Newmarket,5,16,21913.31,06:05:13
Sat_00866,New World Mt Roskill;Four Square Onehunga;Pak 'n Save Royal Oak;Four Square Ellerslie;New World Remuera;Four Square Remuera;New World Stonefields,7,16,21914.14,06:05:14
Sat_00867,New World Mt Roskill;Pak 'n Save Royal Oak;Four Square Onehunga;Four Square Ellerslie;Four Square Remuera;New World Remuera;New World Metro Queen St;Four Square Eden Terrace,8,16,21926.72,06:05:26
Sat_00868,New World Mt Roskill;Pak 'n Save Mt Albert;New World Point Chevalier;Four Square Fair Price Henderson;Pak 'n Save Westgate,5,16,21933.94,06:05:33
Sat_00869,Pak 'n Save Manukau;Four Square Botany Junction;New World Ormiston;Pak 'n Save Ormiston,4,16,21934.35,06:05:34
Sat_00870,New World Mt Roskill;Four Square Onehunga;Pak 'n Save Royal Oak;Four Square Ellerslie;Four Square Remuera;New World Remuera;New World Metro Queen St;Four Square Eden Terrace,8,16,21938.0,06:05:38
Sat_00871,New World Mt Roskill;New World Green Bay;New World New Lynn;Pak 'n Save Mt Albert;Four Square Eden Terrace;New World Metro Queen St,6,16,21939.13,06:05:39
Sat_00872,New World Mt Roskill;New World Mt Albert;New World Point Chevalier;Pak 'n Save Westgate;New World Hobsonville,5,16,21939.78,06:05:39
Sat_00873,New World Mt Roskill;Four Square Eden Terrace;New World Point Chevalier;Four Square Onehunga;Pak 'n Save Royal Oak;Four Square Ellerslie;Four Square Remuera,7,15,21941.1,06:05:41
Sat_00874,New World Mt Roskill;New World Long Bay;Four Square Torbay;New World Browns Bay;New World Hobsonville;Four Square Hobsonville;Four Square Fair Price Henderson,7,13,21944.96,06:05:44
Sat_00875,New World Mt Roskill;Four Square Onehunga;Pak 'n Save Royal Oak;Four Square Ellerslie;Four Square Remuera;New World Remuera;New World Stonefields,7,16,21945.54,06:05:45
Sat_00876,New World Mt Roskill;Pak 'n Save Mt Albert;New World Metro Queen St;New World Victoria Park;New World Point Chevalier;Four Square Eden Terrace,6,16,21951.98,06:05:51
Sat_00877,New World Mt Roskill;Pak 'n Save Royal Oak;Four Square Onehunga;New World Green Bay;New World New Lynn;Four Square Glen Eden,6,16,21956.19,06:05:56
Sat_00878,New World Mt Roskill;Pak 'n Save Royal Oak;Four Square Eden Terrace;Four Square Ellerslie;Four Square Remuera;New World Remuera;New World Newmarket,7,16,21956.99,06:05:56
Sat_00879,Pak 'n Save Lincoln Road;Four Square Fair Price Henderson;Pak 'n Save Henderson;Four Square Onehunga,4,16,21958.16,06:05:58
Sat_00880,New World Mt Roskill;Pak 'n Save Royal Oak;Four Square Onehunga;Four Square Eden Terrace;New World Newmarket;New World Remuera;Four Square Remuera,7,16,21962.47,06:06:02
Sat_00881,Pak 'n Save Lincoln Road;Four Square Fair Price Henderson;Pak 'n Save Henderson;Four Square Eden Terrace,4,16,21965.42,06:06:05
Sat_00882,Pak 'n Save Mt Albert;New World Mt Albert;New World Point Chevalier;Four Square Eden Terrace;New World Newmarket;Four Square Ellerslie,6,16,21966.6,06:06:06
Sat_00883,New World Mt Roskill;Pak 'n Save Mt Albert;New World New Lynn;New World Green Bay;New World Victoria Park,5,16,21969.88,06:06:09
Sat_00884,New World Mt Roskill;New World Green Bay;New World New Lynn;Pak 'n Save Henderson;Four Square Fair Price Henderson,5,16,21971.0,06:06:11
Sat_00885,New World Mt Roskill;Pak 'n Save Royal Oak;Four Square Onehunga;Four Square Ellerslie;Four Square Remuera;New World Remuera;Four Square Eden Terrace;New World Metro Queen St,8,16,21972.82,06:06:12
Sat_00886,Pak 'n Save Ormiston;New World Ormiston;Four Square Botany Junction;Pak 'n Save Manukau,4,16,21973.47,06:06:13
Sat_00887,New World Green Bay;Four Square Glen Eden;New World New Lynn;Pak 'n Save Mt Albert;New World Mt Albert;Four Square Eden Terrace,6,16,21973.56,06:06:13
Sat_00888,New World Mt Roskill;Pak 'n Save Royal Oak;Four Square Onehunga;Four Square Remuera;New World Stonefields;Four Square Ellerslie;New World Remuera,7,16,21976.68,06:06:16
Sat_00889,New World Mt Roskill;Four Square Onehunga;Pak 'n Save Royal Oak;Four Square Remuera;New World Remuera;New World Newmarket;Four Square Ellerslie,7,16,21979.27,06:06:19
Sat_00890,New World Mt Roskill;Pak 'n Save Mt Albert;Four Square Fair Price Henderson;Pak 'n Save Lincoln Road;Four Square Onehunga,5,16,21983.09,06:06:23
Sat_00891,New World Mt Roskill;Pak 'n Save Mt Albert;Pak 'n Save Lincoln Road;Four Square Fair Price Henderson;Four Square Onehunga,5,16,21983.1,06:06:23
Sat_00892,New World Mt Roskill;Four Square Onehunga;Pak 'n Save Royal Oak;Four Square Ellerslie;Four Square Remuera;New World Remuera;Four Square Eden Terrace;New World Metro Queen St,8,16,21984.1,06:06:24
Sat_00893,New World Mt Roskill;Pak 'n Save Mt Albert;New World Mt Albert;New World Point Chevalier;Four Square Eden Terrace;Four Square Ellerslie;Four Square Remuera,7,16,21987.25,06:06:27
Sat_00894,New World Mt Roskill;Four Square Onehunga;Pak 'n Save Royal Oak;Four Square Remuera;New World Stonefields;Four Square Ellerslie;New World Remuera,7,16,21987.96,06:06:27
Sat_00895,New World Mt Roskill;Four Square Onehunga;Pak 'n Save Royal Oak;Four Square Ellerslie;New World Remuera;New World Newmarket;Four Square Remuera,7,16,21989.23,06:06:29
Sat_00896,New World Mt Roskill;Pak 'n Save Mt Albert;New World Point Chevalier;New World Mt Albert;Four Square Eden Terrace;Four Square Ellerslie;Four Square Remuera,7,16,21990.03,06:06:30
Sat_00897,New World Mt Roskill;Pak 'n Save Mt Albert;Pak 'n Save Lincoln Road;Four Square Fair Price Henderson;Four Square Eden Terrace,5,16,21990.36,06:06:30
Sat_00898,New World Mt Roskill;New World Green Bay;New World Papatoetoe;New World Southmall;New World Ormiston,5,14,21994.2,06:06:34
Sat_00899,New World Mt Roskill;New World Point Chevalier;New World Mt Albert;Four Square Eden Terrace;Pak 'n Save Lincoln Road,5,16,21995.92,06:06:35
Sat_00900,Four Square Onehunga;Pak 'n Save Royal Oak;New World Mt Roskill;Pak 'n Save Mt Albert;New World Metro Queen St,5,16,21995.99,06:06:35
Sat_00901,New World Mt Roskill;New World Mt Albert;New World Point Chevalier;Pak 'n Save Mt Albert;Four Square Eden Terrace;New World Remuera,6,16,21997.93,06:06:37
Sat_00902,New World Mt Roskill;Four Square Onehunga;Pak 'n Save Royal Oak;New World Green Bay;New World New Lynn;Four Square Glen Eden,6,16,21999.69,06:06:39
Sat_00903,New World Mt Roskill;Pak 'n Save Mt Albert;New World Mt Albert;New World Remuera;Four Square Remuera;New World Stonefields,6,16,22009.53,06:06:49
Sat_00904,Four Square Botany Junction;New World Ormiston;Pak 'n Save Ormiston;Pak 'n Save Manukau,4,16,22009.62,06:06:49
Sat_00905,New World Mt Roskill;Pak 'n Save Royal Oak;Four Square Onehunga;New World Victoria Park;New World Mt Albert;Four Square Eden Terrace,6,16,22009.92,06:06:49
Sat_00906,New World Mt Roskill;Four Square Onehunga;Pak 'n Save Royal Oak;Four Square Remuera;Four Square Ellerslie;New World Stonefields;New World Remuera,7,16,22010.49,06:06:50
Sat_00907,New World Mt Roskill;New World Newmarket;Pak 'n Save Sylvia Park;Four Square Ellerslie;Four Square Remuera;New World Remuera;Four Square Onehunga,7,16,22013.34,06:06:53
Sat_00908,New World Mt Roskill;New World Newmarket;New World Remuera;Four Square Remuera;New World Stonefields;New World Eastridge;Four Square Ellerslie,7,15,22015.16,06:06:55
Sat_00909,Four Square Botany Junction;Pak 'n Save Ormiston;New World Ormiston;Pak 'n Save Manukau,4,16,22020.62,06:07:00
Sat_00910,Pak 'n Save Royal Oak;New World Newmarket;New World Remuera;Four Square Remuera;Four Square Ellerslie;New World Stonefields,6,16,22021.02,06:07:01
Sat_00911,New World Mt Roskill;Pak 'n Save Royal Oak;Four Square Onehunga;New World Stonefields;Four Square Remuera;Four Square Ellerslie;New World Remuera,7,16,22021.22,06:07:01
Sat_00912,New World Mt Roskill;New World Mt Albert;New World Victoria Park;New World Metro Queen St;New World Newmarket;New World Remuera;Four Square Remuera,7,16,22024.9,06:07:04
Sat_00913,New World Mt Roskill;Pak 'n Save Mt Albert;New World Mt Albert;New World Point Chevalier;New World Stonefields,5,16,22029.83,06:07:09
Sat_00914,New World Mt Roskill;Pak 'n Save Mt Albert;New World Victoria Park;New World Newmarket;Four Square Eden Terrace;New World Metro Queen St,6,16,22032.69,06:07:12
Sat_00915,New World Mt Roskill;Four Square Onehunga;Pak 'n Save Royal Oak;New World Remuera;New World Stonefields;Four Square Remuera;Four Square Ellerslie,7,16,22033.22,06:07:13
Sat_00916,New World Mt Roskill;Pak 'n Save Mt Albert;New World Mt Albert;New World Newmarket;New World Eastridge,5,16,22035.51,06:07:15
Sat_00917,New World Mt Roskill;Pak 'n Save Mt Albert;Four Square Fair Price Henderson;Pak 'n Save Lincoln Road;Four Square Glen Eden,5,16,22038.53,06:07:18
Sat_00918,Pak 'n Save Royal Oak;Four Square Onehunga;New World Green Bay;New World New Lynn;Four Square Glen Eden;New World Mt Roskill,6,16,22042.42,06:07:22
Sat_00919,New World Mt Roskill;Pak 'n Save Royal Oak;Four Square Onehunga;Four Square Ellerslie;New World Stonefields;New World Eastridge,6,16,22047.18,06:07:27
Sat_00920,New World Mt Roskill;New World New Lynn;Pak 'n Save Mt Albert;New World Point Chevalier;Four Square Eden Terrace;New World Remuera,6,16,22049.48,06:07:29
Sat_00921,New World Mt Roskill;New World Mt Albert;New World Point Chevalier;Pak 'n Save Mt Albert;New World Papatoetoe,5,16,22053.0,06:07:33
Sat_00922,Pak 'n Save Mt Albert;New World Mt Roskill;Four Square Onehunga;Pak 'n Save Royal Oak;Four Square Remuera;Four Square Ellerslie,6,16,22055.24,06:07:35
Sat_00923,New World Mt Roskill;New World Mt Albert;Pak 'n Save Mt Albert;Pak 'n Save Sylvia Park,4,16,22055.36,06:07:35
Sat_00924,New World Mt Roskill;New World New Lynn;Pak 'n Save Mt Albert;New World Point Chevalier;New World Remuera;Four Square Remuera,6,16,22056.95,06:07:36
Sat_00925,New World Mt Roskill;New World Mt Albert;Four Square Eden Terrace;New World Newmarket;Pak 'n Save Sylvia Park;Four Square Ellerslie,6,16,22057.21,06:07:37
Sat_00926,New World Mt Roskill;New World Mt Albert;New World Victoria Park;New World Metro Queen St;Four Square Eden Terrace;New World Newmarket;New World Remuera,7,16,22058.31,06:07:38
Sat_00927,New World Mt Roskill;New World Mt Albert;New World Point Chevalier;Pak 'n Save Lincoln Road;Four Square Hobsonville,5,16,22059.91,06:07:39
Sat_00928,Pak 'n Save Royal Oak;Four Square Onehunga;New World Eastridge;Four Square Remuera;New World Remuera;New World Newmarket,6,16,22060.27,06:07:40
Sat_00929,New World Mt Roskill;New World Mt Albert;Pak 'n Save Mt Albert;New World Point Chevalier;New World Hobsonville,5,16,22063.29,06:07:43
Sat_00930,New World Mt Roskill;Four Square Onehunga;Pak 'n Save Royal Oak;New World Newmarket;Four Square Eden Terrace;Four Square Remuera;New World Remuera,7,16,22063.9,06:07:43
Sat_00931,Pak 'n Save Henderson;Pak 'n Save Lincoln Road;Four Square Fair Price Henderson;Four Square Glen Eden,4,16,22065.1,06:07:45
Sat_00932,New World Mt Roskill;New World Mt Albert;Pak 'n Save Mt Albert;Four Square Eden Terrace;New World Point Chevalier;New World Metro Queen St,6,16,22067.02,06:07:47
Sat_00933,New World Mt Roskill;New World Mt Albert;Pak 'n Save Mt Albert;New World Point Chevalier;Four Square Ellerslie;Four Square Remuera;Four Square Eden Terrace,7,16,22071.16,06:07:51
Sat_00934,New World Mt Roskill;Pak 'n Save Mt Albert;New World Mt Albert;New World Remuera;New World Newmarket;Four Square Ellerslie,6,16,22076.22,06:07:56
Sat_00935,New World Ormiston;Pak 'n Save Ormiston;Four Square Botany Junction;New World Botany;Four Square Pakuranga Heights,5,15,22078.0,06:07:58
Sat_00936,New World Mt Roskill;Four Square Onehunga;Pak 'n Save Royal Oak;Four Square Remuera;New World Remuera;New World Stonefields;Four Square Ellerslie,7,16,22082.54,06:08:02
Sat_00937,New World Mt Roskill;Pak 'n Save Mt Albert;New World Mt Albert;New World Remuera;New World Stonefields;Four Square Remuera,6,16,22083.85,06:08:03
Sat_00938,New World Mt Roskill;Pak 'n Save Mt Albert;New World Mt Albert;New World Stonefields;Four Square Ellerslie;Four Square Remuera;Four Square Onehunga,7,16,22088.77,06:08:08
Sat_00939,New World Mt Roskill;Pak 'n Save Mt Albert;New World Mt Albert;New World Point Chevalier;Four Square Remuera;Four Square Ellerslie;Four Square Eden Terrace,7,16,22091.36,06:08:11
Sat_00940,Four Square Fair Price Henderson;Pak 'n Save Lincoln Road;Pak 'n Save Westgate;New World Hobsonville,4,16,22092.59,06:08:12
Sat_00941,Pak 'n Save Lincoln Road;Four Square Fair Price Henderson;Pak 'n Save Westgate;New World Hobsonville,4,16,22092.59,06:08:12
Sat_00942,New World Metro Shore City;New World Milford;Pak 'n Save Wairau Road;New World Albany;New World Browns Bay,5,14,22093.08,06:08:13
Sat_00943,New World Mt Roskill;Pak 'n Save Royal Oak;Four Square Onehunga;Four Square Remuera;New World Remuera;Four Square Ellerslie;New World Stonefields,7,16,22093.31,06:08:13
Sat_00944,New World Mt Roskill;Pak 'n Save Royal Oak;Four Square Onehunga;New World Newmarket;Four Square Remuera;New World Remuera;Four Square Ellerslie,7,16,22097.28,06:08:17
Sat_00945,New World Mt Roskill;Pak 'n Save Royal Oak;Four Square Onehunga;Four Square Ellerslie;Four Square Remuera;New World Remuera;New World Eastridge,7,16,22097.74,06:08:17
Sat_00946,New World Mt Roskill;Four Square Onehunga;Pak 'n Save Royal Oak;Four Square Remuera;New World Remuera;Four Square Ellerslie;New World Stonefields,7,16,22104.59,06:08:24
Sat_00947,New World Mt Roskill;Four Square Onehunga;Pak 'n Save Royal Oak;Four Square Ellerslie;Four Square Remuera;New World Remuera;New World Eastridge,7,16,22109.02,06:08:29
Sat_00948,New World Mt Roskill;Pak 'n Save Royal Oak;Four Square Onehunga;Pak 'n Save Manukau;Four Square Botany Junction,5,16,22112.2,06:08:32
Sat_00949,New World Mt Roskill;Pak 'n Save Royal Oak;Four Square Onehunga;Four Square Eden Terrace;New World Newmarket;Four Square Remuera;New World Remuera,7,16,22113.04,06:08:33
Sat_00950,New World Mt Roskill;Pak 'n Save Mangere;Pak 'n Save Royal Oak;Four Square Onehunga;Four Square Ellerslie,5,16,22117.98,06:08:37
Sat_00951,New World Mt Roskill;Pak 'n Save Mt Albert;New World Point Chevalier;New World Remuera;New World Stonefields;Four Square Ellerslie,6,16,22118.17,06:08:38
Sat_00952,New World Mt Roskill;New World Mt Albert;Pak 'n Save Mt Albert;Four Square Onehunga;New World Metro Queen St;New World Victoria Park,6,16,22127.67,06:08:47
Sat_00953,New World Mt Roskill;Pak 'n Save Mt Albert;New World Mt Albert;Pak 'n Save Westgate;Four Square Fair Price Henderson,5,16,22130.99,06:08:50
Sat_00954,New World Metro Queen St;New World Victoria Park;New World Mt Albert;Pak 'n Save Mt Albert;New World Mt Roskill;Four Square Onehunga,6,16,22134.98,06:08:54
Sat_00955,New World Mt Roskill;Pak 'n Save Sylvia Park;Four Square Remuera;New World Remuera;Four Square Ellerslie;New World Stonefields,6,15,22135.77,06:08:55
Sat_00956,Pak 'n Save Mangere;New World Papatoetoe;Pak 'n Save Manukau;Four Square Botany Junction,4,16,22137.84,06:08:57
Sat_00957,New World Mt Roskill;New World Mt Albert;Pak 'n Save Royal Oak;Four Square Onehunga;Four Square Ellerslie;New World Victoria Park,6,16,22139.67,06:08:59
Sat_00958,Four Square Onehunga;Pak 'n Save Royal Oak;New World Newmarket;Four Square Eden Terrace;New World Point Chevalier;New World Metro Queen St,6,16,22141.21,06:09:01
Sat_00959,New World Mt Roskill;New World Mt Albert;New World Point Chevalier;Four Square Eden Terrace;New World Newmarket;Four Square Ellerslie;Four Square Remuera;New World Remuera,8,16,22142.19,06:09:02
Sat_00960,New World Mt Roskill;New World Mt Albert;New World Green Bay;Four Square Glen Eden;Pak 'n Save Henderson,5,16,22143.43,06:09:03
Sat_00961,New World Mt Roskill;Four Square Onehunga;Pak 'n Save Sylvia Park;New World Stonefields;Four Square Ellerslie;Four Square Remuera;New World Remuera,7,16,22146.07,06:09:06
Sat_00962,New World Mt Roskill;Pak 'n Save Mt Albert;New World Mt Albert;New World Point Chevalier;Four Square Eden Terrace;Four Square Remuera;Four Square Ellerslie,7,16,22146.15,06:09:06
Sat_00963,New World New Lynn;Four Square Glen Eden;Pak 'n Save Henderson;Pak 'n Save Westgate,4,16,22146.6,06:09:06
Sat_00964,New World Mt Roskill;Pak 'n Save Mt Albert;New World Point Chevalier;Four Square Ellerslie;New World Stonefields;Four Square Remuera;Four Square Eden Terrace,7,16,22146.97,06:09:06
Sat_00965,New World Mt Roskill;Pak 'n Save Mt Albert;New World Point Chevalier;New World Mt Albert;Four Square Eden Terrace;Four Square Remuera;Four Square Ellerslie,7,16,22148.93,06:09:08
Sat_00966,New World New Lynn;Pak 'n Save Mt Albert;New World Point Chevalier;New World Mt Albert;New World Remuera,5,16,22151.98,06:09:11
Sat_00967,New World Mt Roskill;Pak 'n Save Papakura;New World Papakura;New World Botany,4,14,22153.79,06:09:13
Sat_00968,New World Mt Roskill;Four Square Onehunga;Pak 'n Save Royal Oak;Four Square Ellerslie;New World Remuera;Four Square Remuera;Four Square Eden Terrace;New World Metro Queen St,8,16,22155.73,06:09:15
Sat_00969,New World Mt Roskill;Pak 'n Save Lincoln Road;Four Square Fair Price Henderson;Pak 'n Save Westgate;Four Square Hobsonville,5,16,22157.82,06:09:17
Sat_00970,Pak 'n Save Glen Innes;Pak 'n Save Highland Park;Four Square Pakuranga Heights;Four Square Botany Junction,4,14,22159.62,06:09:19
Sat_00971,New World Mt Roskill;New World Mt Albert;New World Victoria Park;New World Metro Queen St;Pak 'n Save Mt Albert;Four Square Eden Terrace,6,16,22160.52,06:09:20
Sat_00972,New World Mt Roskill;Pak 'n Save Mt Albert;New World Mt Albert;New World Point Chevalier;New World Metro Queen St;Four Square Ellerslie,6,16,22162.34,06:09:22
Sat_00973,New World Mt Roskill;New World New Lynn;Pak 'n Save Mt Albert;New World Point Chevalier;Four Square Remuera;New World Remuera,6,16,22165.69,06:09:25
Sat_00974,New World Mt Roskill;Pak 'n Save Mt Albert;Four Square Onehunga;Pak 'n Save Sylvia Park;Four Square Ellerslie;Four Square Remuera,6,16,22168.19,06:09:28
Sat_00975,New World Mt Roskill;New World Mt Albert;New World Point Chevalier;Pak 'n Save Mt Albert;Four Square Remuera;New World Remuera,6,16,22182.31,06:09:42
Sat_00976,New World Mt Roskill;Pak 'n Save Mt Albert;New World New Lynn;New World Devonport;New World Metro Shore City,5,14,22183.88,06:09:43
Sat_00977,New World Mt Roskill;Four Square Onehunga;Pak 'n Save Royal Oak;Pak 'n Save Mangere;Four Square Eden Terrace,5,16,22201.12,06:10:01
Sat_00978,New World Mt Roskill;New World Mt Albert;New World Green Bay;Pak 'n Save Mt Albert;New World Newmarket,5,16,22212.46,06:10:12
Sat_00979,Four Square Onehunga;Pak 'n Save Royal Oak;New World Stonefields;Pak 'n Save Glen Innes,4,16,22218.02,06:10:18
Sat_00980,New World Mt Roskill;New World Mt Albert;New World Point Chevalier;Pak 'n Save Sylvia Park;Four Square Ellerslie;Four Square Remuera,6,16,22218.71,06:10:18
Sat_00981,New World Mt Roskill;New World Mt Albert;Four Square Eden Terrace;Four Square Ellerslie;New World Stonefields;Pak 'n Save Sylvia Park,6,16,22221.63,06:10:21
Sat_00982,New World Mt Roskill;Pak 'n Save Mangere;Pak 'n Save Royal Oak;Four Square Onehunga;Four Square Remuera,5,16,22224.88,06:10:24
Sat_00983,Four Square Fair Price Henderson;Pak 'n Save Henderson;Pak 'n Save Lincoln Road;Four Square Glen Eden,4,16,22228.83,06:10:28
Sat_00984,New World Mt Roskill;Four Square Onehunga;Pak 'n Save Royal Oak;Four Square Remuera;New World Stonefields;New World Remuera;Four Square Ellerslie,7,16,22234.84,06:10:34
Sat_00985,Pak 'n Save Royal Oak;Four Square Onehunga;Pak 'n Save Sylvia Park;New World Eastridge,4,16,22236.29,06:10:36
Sat_00986,Four Square Pakuranga Heights;Four Square Botany Junction;New World Ormiston;Pak 'n Save Ormiston;New World Southmall,5,15,22236.51,06:10:36
Sat_00987,Pak 'n Save Glen Innes;Four Square St Heliers;New World New Lynn;New World Victoria Park,4,13,22236.87,06:10:36
Sat_00988,New World Mt Roskill;New World New Lynn;New World Green Bay;Pak 'n Save Lincoln Road;Four Square Fair Price Henderson,5,16,22236.9,06:10:36
Sat_00989,Four Square Pakuranga Heights;Four Square Botany Junction;New World Ormiston;Pak 'n Save Ormiston;New World Botany,5,15,22238.07,06:10:38
Sat_00990,New World Mt Albert;New World Point Chevalier;Pak 'n Save Mt Albert;New World Mt Roskill;Four Square Onehunga;New World Remuera,6,16,22244.16,06:10:44
Sat_00991,New World Mt Roskill;Pak 'n Save Mt Albert;New World Point Chevalier;New World Metro Queen St;Four Square Eden Terrace;New World Remuera;Four Square Remuera,7,16,22246.27,06:10:46
Sat_00992,New World Mt Roskill;Four Square Onehunga;Pak 'n Save Royal Oak;New World Mt Albert;New World Newmarket;Four Square Remuera,6,16,22253.27,06:10:53
Sat_00993,New World Mt Roskill;Pak 'n Save Mt Albert;New World New Lynn;New World Green Bay;Four Square Eden Terrace;New World Metro Queen St,6,16,22253.65,06:10:53
Sat_00994,New World Mt Roskill;Pak 'n Save Mt Albert;New World Mt Albert;New World Point Chevalier;New World Eastridge,5,16,22253.93,06:10:53
Sat_00995,New World Point Chevalier;Pak 'n Save Henderson;Four Square Fair Price Henderson;New World Victoria Park;Four Square Eden Terrace,5,15,22255.57,06:10:55
Sat_00996,New World Mt Roskill;Four Square Ellerslie;Pak 'n Save Sylvia Park;New World Stonefields;Four Square Remuera;New World Remuera;Four Square Onehunga,7,16,22258.55,06:10:58
Sat_00997,New World Mt Roskill;New World Mt Albert;Four Square Eden Terrace;Pak 'n Save Sylvia Park;Four Square Ellerslie;Four Square Remuera;New World Remuera,7,16,22262.41,06:11:02
Sat_00998,New World Mt Roskill;New World New Lynn;New World Point Chevalier;Pak 'n Save Mt Albert;Four Square Eden Terrace;New World Metro Queen St,6,16,22267.08,06:11:07
Sat_00999,New World Mt Roskill;New World Papatoetoe;Pak 'n Save Mangere;New World Ormiston;Four Square Botany Junction,5,15,22268.54,06:11:08
Sat_01000,New World Mt Roskill;Pak 'n Save Mt Albert;New World Point Chevalier;New World Mt Albert;Four Square Onehunga;New World Remuera,6,16,22274.79,06:11:14
Sat_01001,New World Mt Roskill;New World Victoria Park;New World Metro Queen St;New World Point Chevalier;Pak 'n Save Mt Albert;Four Square Eden Terrace,6,16,22277.48,06:11:17
Sat_01002,New World Mt Roskill;New World Mt Albert;Pak 'n Save Royal Oak;Four Square Onehunga;Four Square Remuera;New World Remuera;Four Square Ellerslie,7,16,22277.85,06:11:17
Sat_01003,Pak 'n Save Henderson;Pak 'n Save Lincoln Road;Four Square Fair Price Henderson;Four Square Onehunga,4,16,22281.97,06:11:21
Sat_01004,New World Mt Roskill;Pak 'n Save Sylvia Park;Four Square Ellerslie;Four Square Remuera;New World Remuera;New World Newmarket;Four Square Eden Terrace,7,16,22282.43,06:11:22
Sat_01005,New World Mt Roskill;Pak 'n Save Royal Oak;Four Square Onehunga;New World Remuera;New World Newmarket;Four Square Eden Terrace;Four Square Remuera,7,16,22286.58,06:11:26
Sat_01006,New World Mt Roskill;New World Mt Albert;New World Point Chevalier;New World Stonefields;Four Square Remuera;New World Remuera;Four Square Ellerslie;Four Square Onehunga,8,16,22288.59,06:11:28
Sat_01007,New World Mt Roskill;Four Square Onehunga;Pak 'n Save Royal Oak;New World Mt Albert;New World Point Chevalier;Four Square Fair Price Henderson,6,16,22290.11,06:11:30
Sat_01008,New World Mt Roskill;Pak 'n Save Mt Albert;New World New Lynn;Four Square Glen Eden;Pak 'n Save Westgate,5,16,22301.3,06:11:41
Sat_01009,New World Mt Roskill;Four Square Onehunga;Pak 'n Save Royal Oak;Pak 'n Save Manukau;Four Square Botany Junction,5,16,22304.85,06:11:44
Sat_01010,New World Mt Roskill;New World Mt Albert;New World Point Chevalier;Pak 'n Save Mt Albert;Four Square Onehunga;Four Square Ellerslie;Four Square Remuera,7,16,22307.77,06:11:47
Sat_01011,New World Mt Albert;Four Square Onehunga;Pak 'n Save Royal Oak;Pak 'n Save Sylvia Park,4,16,22311.43,06:11:51
Sat_01012,New World Mt Roskill;Pak 'n Save Royal Oak;Four Square Onehunga;Pak 'n Save Glen Innes;Four Square Eden Terrace,5,16,22314.53,06:11:54
Sat_01013,Pak 'n Save Henderson;Four Square Fair Price Henderson;Pak 'n Save Lincoln Road;Four Square Hobsonville,4,16,22319.66,06:11:59
Sat_01014,New World Mt Roskill;Pak 'n Save Mt Albert;New World Mt Albert;New World Point Chevalier;New World Birkenhead,5,16,22324.25,06:12:04
Sat_01015,New World Mt Roskill;Pak 'n Save Mt Albert;New World Point Chevalier;New World Mt Albert;New World Metro Queen St;Four Square Ellerslie,6,16,22326.15,06:12:06
Sat_01016,New World Mt Roskill;Pak 'n Save Sylvia Park;New World Stonefields;Four Square Ellerslie;Four Square Remuera;New World Remuera;Four Square Onehunga,7,16,22331.21,06:12:11
Sat_01017,Pak 'n Save Mt Albert;New World New Lynn;New World Green Bay;New World Mt Roskill;New World Victoria Park,5,16,22335.51,06:12:15
Sat_01018,New World Mt Albert;Pak 'n Save Mt Albert;New World Point Chevalier;Four Square Eden Terrace;New World Remuera;Four Square Remuera;Four Square Ellerslie,7,16,22344.44,06:12:24
Sat_01019,New World Mt Roskill;New World Green Bay;New World New Lynn;Pak 'n Save Sylvia Park;Four Square Remuera,5,15,22344.54,06:12:24
Sat_01020,New World Mt Roskill;Pak 'n Save Royal Oak;Four Square Onehunga;New World Stonefields;Four Square Ellerslie;Four Square Eden Terrace;New World Metro Queen St,7,16,22351.67,06:12:31
Sat_01021,New World Green Bay;Pak 'n Save Mt Albert;New World Mt Albert;New World Mt Roskill;New World Newmarket,5,16,22352.6,06:12:32
Sat_01022,Pak 'n Save Mt Albert;New World Mt Albert;New World Point Chevalier;Pak 'n Save Wairau Road,4,16,22354.2,06:12:34
Sat_01023,New World Mt Roskill;New World Point Chevalier;New World Metro Queen St;New World Victoria Park;New World New Lynn;New World Green Bay,6,16,22365.22,06:12:45
Sat_01024,New World Mt Roskill;Pak 'n Save Mt Albert;Four Square Onehunga;Pak 'n Save Royal Oak;Four Square Eden Terrace;Four Square Ellerslie,6,16,22369.03,06:12:49
Sat_01025,New World Mt Roskill;New World Mt Albert;New World Victoria Park;New World Point Chevalier;New World Metro Queen St;New World Newmarket,6,16,22371.81,06:12:51
Sat_01026,New World Mt Albert;Pak 'n Save Mt Albert;New World Victoria Park;New World Metro Queen St;Four Square Ellerslie;Four Square Remuera;Four Square Onehunga,7,16,22377.28,06:12:57
Sat_01027,New World Mt Roskill;Pak 'n Save Mt Albert;New World New Lynn;New World Green Bay;Four Square Glen Eden;Four Square Ellerslie,6,15,22380.13,06:13:00
Sat_01028,New World Mt Roskill;New World Mt Albert;New World Point Chevalier;Pak 'n Save Mt Albert;Four Square Ellerslie;Four Square Remuera;Four Square Eden Terrace,7,16,22397.7,06:13:17
Sat_01029,New World Mt Roskill;Pak 'n Save Mt Albert;Pak 'n Save Clendon;New World Southmall,4,16,22399.95,06:13:19
Sat_01030,New World Mt Roskill;New World New Lynn;Four Square Onehunga;Pak 'n Save Royal Oak;Four Square Ellerslie;Four Square Remuera;New World Remuera,7,16,22400.62,06:13:20
Sat_01031,New World Mt Roskill;Pak 'n Save Mt Albert;Four Square Eden Terrace;New World Newmarket;Four Square Remuera;New World Stonefields;Four Square Ellerslie,7,16,22406.99,06:13:26
Sat_01032,New World Mt Roskill;New World New Lynn;Four Square Glen Eden;New World Green Bay;Pak 'n Save Henderson,5,16,22407.41,06:13:27
Sat_01033,New World Mt Roskill;Pak 'n Save Mt Albert;New World Mt Albert;New World Point Chevalier;Four Square Onehunga;Four Square Ellerslie;Four Square Remuera,7,16,22409.77,06:13:29
Sat_01034,New World Mt Roskill;New World Mt Albert;Pak 'n Save Mt Albert;New World Metro Queen St;New World Newmarket;Four Square Ellerslie,6,16,22410.56,06:13:30
Sat_01035,New World Mt Roskill;Pak 'n Save Mt Albert;New World Mt Albert;New World Green Bay;New World Victoria Park,5,16,22413.94,06:13:33
Sat_01036,New World Mt Roskill;Pak 'n Save Mt Albert;New World Mt Albert;New World Newmarket;New World Metro Queen St;Four Square Ellerslie,6,16,22417.01,06:13:37
Sat_01037,Pak 'n Save Henderson;Pak 'n Save Westgate;New World Hobsonville;Four Square Hobsonville,4,16,22417.4,06:13:37
Sat_01038,New World Mt Roskill;New World Mt Albert;New World Point Chevalier;Four Square Ellerslie;New World Stonefields;Four Square Remuera;New World Remuera;Four Square Eden Terrace,8,16,22419.42,06:13:39
Sat_01039,New World Mt Roskill;Pak 'n Save Royal Oak;Four Square Onehunga;Pak 'n Save Ormiston;Four Square Botany Junction,5,16,22421.36,06:13:41
Sat_01040,Four Square Onehunga;Pak 'n Save Royal Oak;Pak 'n Save Mt Albert;New World Point Chevalier;Four Square Fair Price Henderson,5,16,22425.33,06:13:45
Sat_01041,New World Mt Roskill;New World Mt Albert;Four Square Eden Terrace;Pak 'n Save Mt Albert;New World Point Chevalier;New World Remuera,6,16,22429.12,06:13:49
Sat_01042,New World Mt Roskill;Pak 'n Save Mt Albert;New World Mt Albert;Four Square Eden Terrace;New World Point Chevalier;Four Square Ellerslie;Four Square Remuera,7,16,22433.11,06:13:53
Sat_01043,New World Mt Roskill;New World New Lynn;Pak 'n Save Mt Albert;New World Point Chevalier;Four Square Eden Terrace;Four Square Ellerslie;Four Square Remuera,7,16,22435.87,06:13:55
Sat_01044,New World Mt Roskill;Four Square Eden Terrace;New World Newmarket;Pak 'n Save Sylvia Park;New World Stonefields;Four Square Remuera,6,16,22437.16,06:13:57
Sat_01045,Pak 'n Save Lincoln Road;Four Square Fair Price Henderson;Pak 'n Save Henderson;Four Square Hobsonville,4,16,22437.41,06:13:57
Sat_01046,New World Mt Roskill;New World Point Chevalier;Pak 'n Save Mt Albert;New World Mt Albert;Four Square Eden Terrace;Four Square Ellerslie;Four Square Remuera,7,16,22439.6,06:13:59
Sat_01047,New World Mt Roskill;Pak 'n Save Royal Oak;Four Square St Heliers;Pak 'n Save Glen Innes;Four Square Remuera,5,16,22440.04,06:14:00
Sat_01048,New World Mt Roskill;Four Square Onehunga;Pak 'n Save Royal Oak;New World Green Bay;New World Point Chevalier;Four Square Eden Terrace,6,16,22440.6,06:14:00
Sat_01049,New World Mt Roskill;Pak 'n Save Royal Oak;Four Square Onehunga;New World Mt Albert;New World Point Chevalier;Four Square Fair Price Henderson,6,16,22444.13,06:14:04
Sat_01050,Pak 'n Save Mt Albert;New World Victoria Park;New World Newmarket;Four Square Ellerslie;New World Remuera;Four Square Remuera;Four Square Onehunga,7,16,22445.09,06:14:05
Sat_01051,New World Mt Roskill;Pak 'n Save Mt Albert;New World Mt Albert;New World Metro Queen St;New World Victoria Park;Four Square Remuera,6,16,22449.77,06:14:09
Sat_01052,New World Mt Roskill;Four Square Onehunga;Pak 'n Save Royal Oak;New World Eastridge;Four Square Remuera;Four Square Ellerslie;New World Remuera,7,16,22450.3,06:14:10
Sat_01053,New World Mt Roskill;Pak 'n Save Mt Albert;New World Mt Albert;Four Square Eden Terrace;New World Newmarket;Four Square Onehunga;Four Square Ellerslie,7,16,22450.65,06:14:10
Sat_01054,New World Mt Roskill;Four Square Onehunga;Pak 'n Save Royal Oak;New World Newmarket;Four Square Eden Terrace;New World Metro Queen St;Four Square Ellerslie,7,16,22458.92,06:14:18
Sat_01055,New World Mt Roskill;Pak 'n Save Royal Oak;Four Square Onehunga;Pak 'n Save Mangere;Four Square Glen Eden,5,16,22459.96,06:14:19
Sat_01056,New World Mt Roskill;Pak 'n Save Mt Albert;New World Mt Albert;New World Metro Queen St;New World Remuera;Four Square Ellerslie;Four Square Remuera,7,16,22462.85,06:14:22
Sat_01057,New World Mt Roskill;New World Mt Albert;Pak 'n Save Mt Albert;New World Point Chevalier;New World Birkenhead,5,16,22462.95,06:14:22
Sat_01058,New World Mt Roskill;Four Square Onehunga;Pak 'n Save Royal Oak;New World Newmarket;Four Square Eden Terrace;New World Metro Queen St;Four Square Remuera,7,16,22467.32,06:14:27
Sat_01059,New World Mt Roskill;Pak 'n Save Highland Park;Pak 'n Save Botany;New World Botany,4,16,22468.22,06:14:28
Sat_01060,Pak 'n Save Mt Albert;Four Square Glen Eden;New World Green Bay;Pak 'n Save Henderson,4,16,22473.92,06:14:33
Sat_01061,Four Square Fair Price Henderson;Pak 'n Save Henderson;Pak 'n Save Lincoln Road;Four Square Hobsonville,4,16,22474.67,06:14:34
Sat_01062,New World Botany;Pak 'n Save Botany;Four Square Botany Junction;Pak 'n Save Manukau,4,16,22482.58,06:14:42
Sat_01063,New World Mt Roskill;Four Square Onehunga;Pak 'n Save Royal Oak;New World Metro Queen St;Four Square Eden Terrace;New World Newmarket;Four Square Remuera,7,16,22484.18,06:14:44
Sat_01064,New World Mt Roskill;Four Square Onehunga;Pak 'n Save Royal Oak;New World Victoria Park;New World Newmarket;Four Square Ellerslie,6,16,22484.64,06:14:44
Sat_01065,New World Mt Roskill;Four Square Onehunga;New World Remuera;Four Square Remuera;Pak 'n Save Royal Oak;Four Square Ellerslie;New World Newmarket,7,16,22485.12,06:14:45
Sat_01066,New World Green Bay;New World New Lynn;Pak 'n Save Mt Albert;New World Mt Albert;Four Square Eden Terrace;Four Square Ellerslie,6,16,22488.57,06:14:48
Sat_01067,New World Mt Roskill;Pak 'n Save Mt Albert;New World New Lynn;New World Green Bay;New World Papatoetoe,5,16,22488.83,06:14:48
Sat_01068,New World Mt Roskill;Pak 'n Save Mt Albert;New World Point Chevalier;New World Stonefields;New World Eastridge,5,16,22493.32,06:14:53
Sat_01069,New World Mt Roskill;New World Mt Albert;New World Point Chevalier;Four Square Eden Terrace;New World Metro Queen St;New World Victoria Park;New World Remuera,7,16,22494.43,06:14:54
Sat_01070,New World Mt Roskill;Pak 'n Save Mt Albert;New World Point Chevalier;New World Mt Albert;Four Square Onehunga;Four Square Ellerslie;Four Square Remuera,7,16,22494.92,06:14:54
Sat_01071,New World Mt Roskill;New World New Lynn;Pak 'n Save Mt Albert;New World Mt Albert;Four Square Eden Terrace;Four Square Remuera;Four Square Ellerslie,7,16,22495.06,06:14:55
Sat_01072,New World Botany;Pak 'n Save Botany;Pak 'n Save Royal Oak;Four Square Onehunga,4,16,22496.8,06:14:56
Sat_01073,New World Mt Roskill;Four Square Eden Terrace;New World Newmarket;Four Square Onehunga;Pak 'n Save Royal Oak;New World Victoria Park,6,16,22497.0,06:14:57
Sat_01074,New World Mt Roskill;Pak 'n Save Mt Albert;New World Point Chevalier;New World Eastridge;New World Remuera;Four Square Remuera,6,16,22503.25,06:15:03
Sat_01075,New World Newmarket;Four Square Eden Terrace;New World Point Chevalier;Pak 'n Save Mt Albert;New World New Lynn;Four Square Glen Eden,6,16,22504.17,06:15:04
Sat_01076,New World Mt Roskill;Four Square Onehunga;Pak 'n Save Royal Oak;Pak 'n Save Botany;Four Square Botany Junction,5,16,22507.28,06:15:07
Sat_01077,New World Mt Roskill;Four Square Onehunga;Pak 'n Save Royal Oak;New World Newmarket;New World Metro Queen St;Four Square Eden Terrace;Four Square Remuera,7,16,22510.64,06:15:10
Sat_01078,Pak 'n Save Royal Oak;Four Square Onehunga;New World Newmarket;Four Square Remuera;Four Square Ellerslie;New World Stonefields;Four Square Eden Terrace,7,16,22517.24,06:15:17
Sat_01079,New World Mt Roskill;New World Mt Albert;New World Point Chevalier;New World Newmarket;Four Square Eden Terrace;New World Metro Queen St;New World Remuera,7,16,22517.86,06:15:17
Sat_01080,New World Mt Roskill;Four Square Onehunga;Pak 'n Save Royal Oak;New World Newmarket;New World Victoria Park;Four Square Remuera,6,16,22519.51,06:15:19
Sat_01081,New World Mt Roskill;Pak 'n Save Mt Albert;New World New Lynn;New World Green Bay;Four Square Onehunga;New World Remuera,6,16,22523.47,06:15:23
Sat_01082,New World Mt Roskill;Pak 'n Save Royal Oak;Four Square Onehunga;New World Papatoetoe;New World Ormiston;Four Square Botany Junction,6,16,22526.39,06:15:26
Sat_01083,New World Mt Roskill;Pak 'n Save Royal Oak;Four Square Onehunga;Pak 'n Save Mt Albert;Four Square Eden Terrace;Four Square Ellerslie,6,16,22526.71,06:15:26
Sat_01084,New World Green Bay;Four Square Onehunga;Pak 'n Save Royal Oak;Pak 'n Save Sylvia Park,4,16,22530.82,06:15:30
Sat_01085,New World Green Bay;New World New Lynn;New World Mt Roskill;Four Square Onehunga;Pak 'n Save Royal Oak;Four Square Ellerslie,6,16,22531.23,06:15:31
Sat_01086,New World Mt Roskill;Pak 'n Save Mt Albert;Pak 'n Save Manukau;New World Point Chevalier,4,16,22533.35,06:15:33
Sat_01087,New World Botany;Pak 'n Save Botany;New World Howick;New World Ormiston,4,15,22545.94,06:15:45
Sat_01088,New World Mt Roskill;New World Mt Albert;Pak 'n Save Mt Albert;New World Point Chevalier;Four Square Onehunga;Four Square Ellerslie;Four Square Remuera,7,16,22548.47,06:15:48
Sat_01089,New World Mt Roskill;Pak 'n Save Mt Albert;New World Mt Albert;Pak 'n Save Wairau Road;New World Metro Shore City,5,16,22548.87,06:15:48
Sat_01090,New World Mt Roskill;Pak 'n Save Royal Oak;Four Square Onehunga;Pak 'n Save Sylvia Park;Four Square St Heliers,5,16,22549.46,06:15:49
Sat_01091,New World Mt Roskill;Four Square Onehunga;Pak 'n Save Royal Oak;Pak 'n Save Mt Albert;Four Square Eden Terrace;Four Square Ellerslie,6,16,22570.21,06:16:10
Sat_01092,New World Mt Roskill;Pak 'n Save Mt Albert;New World Point Chevalier;Four Square Eden Terrace;New World Metro Queen St;New World Stonefields,6,16,22576.66,06:16:16
Sat_01093,New World Mt Roskill;New World Mt Albert;Pak 'n Save Henderson;Four Square Hobsonville;New World Hobsonville,5,16,22577.26,06:16:17
Sat_01094,New World Mt Roskill;New World Green Bay;New World New Lynn;Four Square Onehunga;Pak 'n Save Royal Oak;Four Square Remuera,6,16,22577.83,06:16:17
Sat_01095,New World Mt Roskill;New World Green Bay;Pak 'n Save Mt Albert;Pak 'n Save Sylvia Park,4,16,22579.19,06:16:19
Sat_01096,New World Mt Roskill;Pak 'n Save Royal Oak;Four Square Onehunga;Pak 'n Save Mangere;Four Square Botany Junction,5,16,22581.15,06:16:21
Sat_01097,New World Mt Roskill;Pak 'n Save Mt Albert;New World Mt Albert;New World Remuera;Four Square Remuera;Four Square Ellerslie;Four Square Eden Terrace;Four Square Onehunga,8,16,22582.26,06:16:22
Sat_01098,New World Mt Roskill;Four Square Onehunga;Pak 'n Save Royal Oak;Pak 'n Save Mt Albert;Four Square Ellerslie;Four Square Eden Terrace,6,16,22583.59,06:16:23
Sat_01099,New World Mt Roskill;New World Mt Albert;Pak 'n Save Royal Oak;Four Square Onehunga;Four Square Eden Terrace;New World Remuera;Four Square Remuera,7,16,22586.38,06:16:26
Sat_01100,New World Mt Albert;Pak 'n Save Mt Albert;New World Point Chevalier;Four Square Remuera;Four Square Ellerslie;New World Stonefields,6,16,22589.82,06:16:29
Sat_01101,New World Hobsonville;Four Square Hobsonville;Pak 'n Save Westgate;Pak 'n Save Royal Oak;Four Square Onehunga,5,16,22592.48,06:16:32
Sat_01102,New World Mt Roskill;Pak 'n Save Royal Oak;Four Square Onehunga;Four Square Remuera;New World Remuera;New World Eastridge;Four Square Ellerslie,7,16,22592.94,06:16:32
Sat_01103,New World Mt Roskill;Four Square Eden Terrace;New World Newmarket;New World Remuera;Four Square Remuera;Pak 'n Save Sylvia Park;Four Square Ellerslie,7,16,22592.98,06:16:32
Sat_01104,New World Mt Roskill;Pak 'n Save Royal Oak;Four Square Onehunga;New World Botany;New World Ormiston;Four Square Botany Junction,6,16,22598.88,06:16:38
Sat_01105,New World Mt Roskill;Four Square Onehunga;Pak 'n Save Royal Oak;New World Newmarket;Four Square Eden Terrace;New World Eastridge,6,16,22600.76,06:16:40
Sat_01106,New World Mt Roskill;Pak 'n Save Mt Albert;New World Point Chevalier;Pak 'n Save Glen Innes,4,16,22603.32,06:16:43
Sat_01107,New World Mt Roskill;Pak 'n Save Mt Albert;New World Mt Albert;Four Square Onehunga;Four Square Ellerslie;New World Stonefields;Four Square Remuera,7,16,22606.94,06:16:46
Sat_01108,New World Mt Roskill;Four Square Onehunga;Pak 'n Save Royal Oak;New World Newmarket;Four Square St Heliers;New World Eastridge,6,16,22614.94,06:16:54
Sat_01109,New World Mt Roskill;New World Mt Albert;Four Square Eden Terrace;New World Newmarket;Four Square Remuera;New World Remuera;New World Stonefields;Four Square Ellerslie,8,16,22623.9,06:17:03
Sat_01110,New World Mt Roskill;New World Point Chevalier;New World Mt Albert;Pak 'n Save Mt Albert;Four Square Onehunga;Four Square Ellerslie;Four Square Remuera,7,16,22624.6,06:17:04
Sat_01111,New World Mt Roskill;Pak 'n Save Royal Oak;Four Square Onehunga;Pak 'n Save Highland Park;Four Square Pakuranga Heights,5,16,22631.24,06:17:11
Sat_01112,New World Mt Roskill;Pak 'n Save Mt Albert;New World New Lynn;New World Point Chevalier;Four Square Eden Terrace;Four Square Ellerslie;Four Square Remuera,7,16,22635.98,06:17:15
Sat_01113,New World Devonport;Pak 'n Save Ormiston;New World Ormiston;Four Square Botany Junction,4,13,22636.41,06:17:16
Sat_01114,Four Square Glen Eden;Pak 'n Save Lincoln Road;Pak 'n Save Westgate;New World Hobsonville,4,16,22640.16,06:17:20
Sat_01115,New World Mt Roskill;Pak 'n Save Henderson;New World Hobsonville;Four Square Hobsonville;New World Point Chevalier,5,16,22640.83,06:17:20
Sat_01116,New World Mt Roskill;New World Mt Albert;New World New Lynn;Four Square Onehunga;Pak 'n Save Royal Oak;Four Square Ellerslie,6,16,22642.35,06:17:22
Sat_01117,New World Mt Roskill;Pak 'n Save Mt Albert;New World Stonefields;Pak 'n Save Glen Innes,4,16,22642.86,06:17:22
Sat_01118,New World Green Bay;Pak 'n Save Mt Albert;New World Mt Albert;New World Point Chevalier;Four Square Eden Terrace;Four Square Ellerslie,6,16,22644.18,06:17:24
Sat_01119,New World Mt Roskill;Four Square Onehunga;Pak 'n Save Royal Oak;New World Metro Queen St;New World Victoria Park;Four Square Eden Terrace;Four Square Remuera,7,16,22645.06,06:17:25
Sat_01120,New World Mt Roskill;New World Point Chevalier;Pak 'n Save Royal Oak;Four Square Onehunga;Four Square Remuera;New World Remuera;Four Square Eden Terrace,7,16,22648.17,06:17:28
Sat_01121,New World Mt Roskill;Four Square Onehunga;Pak 'n Save Royal Oak;Pak 'n Save Mangere;Four Square Glen Eden,5,16,22652.61,06:17:32
Sat_01122,Pak 'n Save Mangere;Pak 'n Save Clendon;New World Southmall;Four Square Onehunga,4,16,22663.94,06:17:43
Sat_01123,New World Mt Roskill;Pak 'n Save Mt Albert;New World Mt Albert;New World Point Chevalier;Four Square Eden Terrace;Four Square Onehunga;Four Square Ellerslie,7,16,22667.86,06:17:47
Sat_01124,Pak 'n Save Botany;New World Botany;Pak 'n Save Ormiston;Four Square Botany Junction,4,16,22669.8,06:17:49
Sat_01125,New World Mt Roskill;Pak 'n Save Royal Oak;Four Square Onehunga;New World Newmarket;New World Green Bay;Four Square Glen Eden,6,16,22670.61,06:17:50
Sat_01126,New World Mt Roskill;Four Square Onehunga;Pak 'n Save Royal Oak;Four Square Eden Terrace;Four Square Ellerslie;Four Square Remuera;New World Remuera;New World Metro Queen St,8,16,22674.76,06:17:54
Sat_01127,New World Mt Roskill;New World Mt Albert;Pak 'n Save Mt Albert;Four Square Onehunga;New World Stonefields;Four Square Ellerslie;Four Square Remuera,7,16,22674.82,06:17:54
Sat_01128,New World Mt Albert;New World Point Chevalier;Four Square Eden Terrace;Four Square Onehunga;Pak 'n Save Royal Oak;New World Metro Queen St,6,16,22676.4,06:17:56
Sat_01129,New World Mt Roskill;Four Square Onehunga;Pak 'n Save Royal Oak;New World Eastridge;New World Point Chevalier;Four Square Eden Terrace,6,16,22683.44,06:18:03
Sat_01130,Pak 'n Save Lincoln Road;Pak 'n Save Henderson;Four Square Glen Eden;Four Square Fair Price Henderson,4,16,22683.51,06:18:03
Sat_01131,Pak 'n Save Mt Albert;New World Point Chevalier;New World Mt Albert;New World Stonefields;Four Square Remuera;Four Square Ellerslie,6,16,22686.01,06:18:06
Sat_01132,New World Mt Roskill;Pak 'n Save Royal Oak;Four Square Onehunga;New World Metro Queen St;Pak 'n Save Westgate,5,16,22688.2,06:18:08
Sat_01133,New World Mt Roskill;Pak 'n Save Royal Oak;Four Square Onehunga;Four Square Pakuranga Heights;Pak 'n Save Highland Park,5,16,22692.38,06:18:12
Sat_01134,New World Mt Roskill;Pak 'n Save Royal Oak;Four Square Onehunga;Pak 'n Save Mt Albert;Four Square Remuera;Four Square Ellerslie,6,16,22698.06,06:18:18
Sat_01135,New World Green Bay;Pak 'n Save Mt Albert;New World Mt Albert;New World Mt Roskill;Four Square Onehunga;New World Remuera,6,16,22698.29,06:18:18
Sat_01136,New World Mt Roskill;New World Green Bay;Pak 'n Save Mt Albert;New World New Lynn;New World Metro Queen St;Four Square Eden Terrace,6,16,22699.25,06:18:19
Sat_01137,New World Mt Roskill;Four Square Eden Terrace;New World Newmarket;Four Square Ellerslie;Four Square Remuera;New World Remuera;Pak 'n Save Sylvia Park,7,16,22701.37,06:18:21
Sat_01138,New World Mt Roskill;Pak 'n Save Highland Park;New World Howick;Pak 'n Save Botany,4,16,22708.36,06:18:28
Sat_01139,New World Mt Roskill;Four Square Onehunga;Pak 'n Save Royal Oak;New World Metro Queen St;Four Square Ellerslie;New World Stonefields;Four Square Remuera,7,16,22711.21,06:18:31
Sat_01140,New World Mt Roskill;Four Square Onehunga;Pak 'n Save Royal Oak;New World Metro Queen St;New World Victoria Park;Four Square Ellerslie;Four Square Remuera,7,16,22714.41,06:18:34
Sat_01141,New World Mt Roskill;New World New Lynn;Pak 'n Save Lincoln Road;Four Square Fair Price Henderson;New World Newmarket,5,16,22719.31,06:18:39
Sat_01142,Pak 'n Save Ormiston;New World Ormiston;Pak 'n Save Manukau;Four Square Botany Junction,4,16,22724.84,06:18:44
Sat_01143,New World Mt Roskill;Pak 'n Save Mt Albert;New World Papatoetoe;Four Square Botany Junction;New World Ormiston;Four Square Ellerslie,6,15,22725.9,06:18:45
Sat_01144,New World Mt Roskill;New World Mt Albert;Pak 'n Save Mt Albert;Four Square Onehunga;New World Stonefields;Four Square Remuera;Four Square Ellerslie,7,16,22729.68,06:18:49
Sat_01145,Pak 'n Save Botany;New World Botany;Four Square Botany Junction;Pak 'n Save Ormiston,4,16,22737.05,06:18:57
Sat_01146,New World Mt Roskill;New World Mt Albert;New World Metro Queen St;New World Victoria Park;Four Square Eden Terrace;New World Newmarket;Four Square Ellerslie;Four Square Remuera,8,16,22741.42,06:19:01
Sat_01147,Pak 'n Save Glen Innes;Four Square Ellerslie;Four Square Remuera;New World Remuera;Pak 'n Save Royal Oak,5,16,22744.58,06:19:04
Sat_01148,New World Mt Roskill;Pak 'n Save Mt Albert;New World Mt Albert;New World Point Chevalier;New World Metro Shore City;New World Metro Queen St,6,16,22744.83,06:19:04
Sat_01149,New World Mt Roskill;New World Mt Albert;Pak 'n Save Mt Albert;Four Square Onehunga;Four Square Remuera;Four Square Ellerslie;New World Stonefields,7,16,22745.71,06:19:05
Sat_01150,New World New Lynn;New World Green Bay;Pak 'n Save Mt Albert;New World Point Chevalier;Four Square Eden Terrace;Four Square Remuera,6,16,22745.76,06:19:05
Sat_01151,New World Mt Roskill;New World Mt Albert;Pak 'n Save Mt Albert;New World Papatoetoe;New World Southmall,5,16,22746.26,06:19:06
Sat_01152,New World Mt Roskill;Four Square Onehunga;Pak 'n Save Royal Oak;New World Mt Albert;New World Point Chevalier;Four Square Hobsonville,6,16,22750.52,06:19:10
Sat_01153,New World Mt Roskill;Pak 'n Save Mt Albert;New World Mt Albert;New World Metro Queen St;New World Victoria Park;Four Square Glen Eden,6,16,22751.95,06:19:11
Sat_01154,New World Mt Roskill;Pak 'n Save Mt Albert;New World Point Chevalier;New World Mt Albert;Four Square Onehunga;Four Square Remuera;Four Square Ellerslie,7,16,22752.32,06:19:12
Sat_01155,New World Mt Roskill;Pak 'n Save Mt Albert;Pak 'n Save Royal Oak;Four Square Onehunga;Four Square Pakuranga Heights,5,16,22753.03,06:19:13
Sat_01156,New World Mt Roskill;Pak 'n Save Royal Oak;Four Square Onehunga;Pak 'n Save Mangere;Four Square Ellerslie,5,16,22761.92,06:19:21
Sat_01157,New World Botany;Pak 'n Save Botany;Four Square Botany Junction;Pak 'n Save Ormiston,4,16,22763.62,06:19:23
Sat_01158,New World Mt Roskill;New World Victoria Park;New World Metro Queen St;Four Square Remuera;New World Stonefields;New World Remuera;New World Newmarket,7,16,22764.01,06:19:24
Sat_01159,New World Mt Roskill;Pak 'n Save Royal Oak;Four Square Onehunga;New World Victoria Park;Four Square Ellerslie;Four Square Remuera;New World Remuera,7,16,22765.44,06:19:25
Sat_01160,New World Mt Roskill;Pak 'n Save Manukau;Pak 'n Save Botany;Four Square Pakuranga Heights,4,16,22765.64,06:19:25
Sat_01161,New World Mt Roskill;Pak 'n Save Royal Oak;New World Remuera;Four Square Remuera;Four Square Ellerslie;New World Stonefields;Four Square St Heliers,7,16,22767.23,06:19:27
Sat_01162,New World Mt Roskill;Four Square Onehunga;Pak 'n Save Royal Oak;Pak 'n Save Mangere;Four Square Botany Junction,5,16,22773.8,06:19:33
Sat_01163,New World Mt Roskill;Four Square Eden Terrace;New World Remuera;Four Square Remuera;Four Square Ellerslie;New World Papatoetoe;Pak 'n Save Mangere,7,16,22774.65,06:19:34
Sat_01164,New World Point Chevalier;New World Mt Albert;Pak 'n Save Mt Albert;New World Mt Roskill;Four Square Onehunga;Four Square Ellerslie;Four Square Remuera,7,16,22781.12,06:19:41
Sat_01165,New World Mt Roskill;Four Square Onehunga;Pak 'n Save Royal Oak;New World New Lynn;New World Victoria Park;Four Square Eden Terrace,6,16,22782.19,06:19:42
Sat_01166,New World Mt Albert;New World Point Chevalier;Pak 'n Save Mt Albert;Four Square Glen Eden;Four Square Onehunga;New World Remuera,6,15,22784.13,06:19:44
Sat_01167,Four Square Botany Junction;Pak 'n Save Ormiston;New World Ormiston;Pak 'n Save Botany,4,16,22787.23,06:19:47
Sat_01168,New World Mt Roskill;New World Mt Albert;New World Point Chevalier;New World Victoria Park;New World Metro Queen St;Four Square Eden Terrace;Four Square St Heliers,7,15,22790.71,06:19:50
Sat_01169,New World Mt Roskill;New World Mt Albert;New World Victoria Park;Four Square Onehunga;Pak 'n Save Royal Oak;Four Square Ellerslie,6,16,22792.07,06:19:52
Sat_01170,New World Mt Roskill;Four Square Onehunga;Pak 'n Save Royal Oak;New World Metro Queen St;New World Newmarket;Four Square Eden Terrace;Four Square Ellerslie,7,16,22793.55,06:19:53
Sat_01171,New World Mt Roskill;New World Papatoetoe;New World Ormiston;Four Square Botany Junction;Pak 'n Save Ormiston;Four Square Onehunga,6,16,22795.11,06:19:55
Sat_01172,New World Mt Roskill;New World Stonefields;Four Square Remuera;New World Remuera;New World Newmarket;New World Victoria Park;New World Metro Queen St,7,16,22797.01,06:19:57
Sat_01173,New World Mt Roskill;Pak 'n Save Mt Albert;New World Point Chevalier;New World Mt Albert;Four Square Pakuranga Heights;Four Square Onehunga,6,16,22799.78,06:19:59
Sat_01174,New World Mt Roskill;New World Stonefields;Four Square Remuera;New World Remuera;New World Newmarket;Four Square Eden Terrace;New World Metro Queen St;Four Square Ellerslie,8,15,22801.7,06:20:01
Sat_01175,New World Mt Roskill;Four Square Onehunga;Pak 'n Save Royal Oak;New World Metro Queen St;New World Newmarket;Four Square Eden Terrace;Four Square Remuera,7,16,22801.95,06:20:01
Sat_01176,New World Mt Roskill;Four Square Onehunga;Pak 'n Save Royal Oak;Four Square Remuera;New World Remuera;New World Eastridge;Four Square St Heliers,7,16,22805.64,06:20:05
Sat_01177,New World Mt Roskill;New World Point Chevalier;New World Mt Albert;Pak 'n Save Mt Albert;New World Stonefields,5,16,22811.9,06:20:11
Sat_01178,Pak 'n Save Ormiston;New World Ormiston;Four Square Botany Junction;Pak 'n Save Botany,4,16,22818.03,06:20:18
Sat_01179,Pak 'n Save Highland Park;Four Square Pakuranga Heights;Pak 'n Save Botany;New World Botany,4,16,22818.27,06:20:18
Sat_01180,New World Mt Roskill;Pak 'n Save Royal Oak;New World Eastridge;Four Square Ellerslie;Four Square Remuera;New World Stonefields,6,16,22821.2,06:20:21
Sat_01181,New World Mt Roskill;Four Square Onehunga;Pak 'n Save Royal Oak;Four Square Pakuranga Heights;Pak 'n Save Highland Park,5,16,22828.07,06:20:28
Sat_01182,New World Papatoetoe;Pak 'n Save Manukau;Four Square Botany Junction;New World Ormiston;New World Botany,5,16,22831.23,06:20:31
Sat_01183,Four Square Glen Eden;New World New Lynn;Pak 'n Save Mt Albert;Pak 'n Save Henderson,4,16,22831.9,06:20:31
Sat_01184,New World Mt Roskill;Pak 'n Save Royal Oak;Pak 'n Save Highland Park;New World Howick,4,16,22835.23,06:20:35
Sat_01185,New World Mt Roskill;Pak 'n Save Mt Albert;New World Point Chevalier;Four Square Eden Terrace;New World Mt Albert;Four Square Remuera;Four Square Ellerslie,7,16,22840.04,06:20:40
Sat_01186,New World Mt Roskill;Pak 'n Save Mt Albert;New World Green Bay;New World New Lynn;Four Square Onehunga;Four Square Ellerslie;Four Square Remuera,7,16,22843.17,06:20:43
Sat_01187,New World Mt Roskill;Four Square Glen Eden;Pak 'n Save Henderson;Pak 'n Save Westgate;Four Square Hobsonville,5,16,22844.49,06:20:44
Sat_01188,New World Mt Roskill;Pak 'n Save Mt Albert;New World Metro Shore City;Pak 'n Save Wairau Road;New World Milford,5,16,22850.38,06:20:50
Sat_01189,New World Mt Roskill;Pak 'n Save Mt Albert;New World Mt Albert;Four Square Glen Eden;New World Green Bay;Four Square Remuera,6,15,22850.65,06:20:50
Sat_01190,New World Mt Roskill;Pak 'n Save Royal Oak;Four Square Onehunga;Four Square Eden Terrace;New World Metro Queen St;New World Victoria Park;Four Square Remuera,7,16,22851.67,06:20:51
Sat_01191,Pak 'n Save Royal Oak;Four Square Onehunga;New World Eastridge;Four Square Remuera;New World Stonefields;Four Square Ellerslie;Four Square Eden Terrace,7,16,22854.46,06:20:54
Sat_01192,Pak 'n Save Clendon;New World Southmall;Pak 'n Save Manukau;Four Square Botany Junction,4,16,22857.91,06:20:57
Sat_01193,New World Mt Roskill;Four Square Glen Eden;New World New Lynn;Pak 'n Save Mt Albert;New World Point Chevalier;New World Remuera,6,16,22859.99,06:20:59
Sat_01194,New World Mt Roskill;Pak 'n Save Mangere;New World Papatoetoe;Four Square Botany Junction;New World Ormiston;Four Square Onehunga,6,16,22862.83,06:21:02
Sat_01195,New World Mt Roskill;Pak 'n Save Royal Oak;Four Square Onehunga;New World Metro Queen St;New World Newmarket;Four Square Eden Terrace;Four Square Remuera,7,16,22877.54,06:21:17
Sat_01196,New World Mt Roskill;Pak 'n Save Royal Oak;Four Square Onehunga;Pak 'n Save Mangere;Four Square Fair Price Henderson,5,16,22889.05,06:21:29
Sat_01197,New World Green Bay;New World New Lynn;Pak 'n Save Royal Oak;Four Square Onehunga;New World Mt Roskill;Four Square Eden Terrace,6,16,22890.96,06:21:30
Sat_01198,New World Mt Roskill;New World New Lynn;New World Green Bay;Four Square Glen Eden;Four Square St Heliers;New World Eastridge;Four Square Remuera,7,14,22896.87,06:21:36
Sat_01199,Four Square Hobsonville;New World Hobsonville;Pak 'n Save Lincoln Road;Four Square Fair Price Henderson;Four Square Glen Eden;New World Green Bay,6,16,22900.96,06:21:40
Sat_01200,New World Mt Roskill;New World Howick;Pak 'n Save Highland Park;Pak 'n Save Botany,4,16,22901.54,06:21:41
Sat_01201,New World Mt Roskill;New World Mt Albert;New World Southmall;Pak 'n Save Clendon;Four Square Botany Junction,5,15,22919.55,06:21:59
Sat_01202,New World Mt Roskill;Pak 'n Save Royal Oak;Four Square Onehunga;New World Papatoetoe;Four Square Ellerslie;New World Stonefields,6,16,22923.2,06:22:03
Sat_01203,New World Mt Albert;Pak 'n Save Mt Albert;New World New Lynn;Four Square Fair Price Henderson;Four Square Glen Eden;New World Green Bay,6,16,22924.08,06:22:04
Sat_01204,New World Mt Roskill;New World New Lynn;New World Green Bay;Pak 'n Save Westgate;New World Hobsonville,5,16,22931.08,06:22:11
Sat_01205,New World Mt Roskill;Four Square Eden Terrace;New World Mt Albert;Pak 'n Save Mt Albert;New World Point Chevalier;Four Square Ellerslie;Four Square Remuera,7,16,22934.02,06:22:14
Sat_01206,New World Mt Roskill;Pak 'n Save Royal Oak;Four Square Onehunga;Four Square Ellerslie;Four Square Remuera;New World Stonefields;Four Square Pakuranga Heights,7,16,22934.82,06:22:14
Sat_01207,New World Mt Roskill;Four Square Eden Terrace;New World Remuera;Four Square Remuera;Four Square Ellerslie;Pak 'n Save Sylvia Park;New World Victoria Park,7,16,22948.43,06:22:28
Sat_01208,New World Mt Roskill;Four Square Onehunga;Pak 'n Save Royal Oak;Four Square Eden Terrace;New World Metro Queen St;New World Victoria Park;New World Metro Shore City,7,16,22956.65,06:22:36
Sat_01209,New World Mt Roskill;Four Square Pakuranga Heights;Pak 'n Save Highland Park;New World Howick;New World Botany;Four Square Botany Junction,6,16,22965.09,06:22:45
Sat_01210,New World Mt Roskill;Pak 'n Save Mt Albert;Pak 'n Save Wairau Road;New World Milford;Four Square Onehunga,5,16,22965.71,06:22:45
Sat_01211,New World Mt Roskill;New World New Lynn;Four Square Glen Eden;Pak 'n Save Mt Albert;New World Mt Albert;New World Remuera,6,16,22966.03,06:22:46
Sat_01212,New World Mt Roskill;Four Square Onehunga;Pak 'n Save Royal Oak;Four Square Ellerslie;New World Eastridge;Four Square St Heliers;New World Remuera,7,16,22966.81,06:22:46
Sat_01213,New World Mt Roskill;Pak 'n Save Mt Albert;New World New Lynn;Four Square Eden Terrace;New World Mt Albert;Four Square Ellerslie;Four Square Onehunga,7,16,22968.81,06:22:48
Sat_01214,Four Square Onehunga;Pak 'n Save Royal Oak;New World Green Bay;New World New Lynn;New World Victoria Park,5,16,22974.77,06:22:54
Sat_01215,New World Remuera;Four Square Remuera;Four Square Ellerslie;Pak 'n Save Glen Innes;New World Eastridge;New World Mt Albert,6,16,22975.71,06:22:55
Sat_01216,Four Square Botany Junction;Pak 'n Save Manukau;New World Papatoetoe;Pak 'n Save Sylvia Park,4,16,22981.29,06:23:01
Sat_01217,Pak 'n Save Lincoln Road;Pak 'n Save Sylvia Park;Four Square Ellerslie;Four Square Remuera;Four Square Onehunga,5,16,22983.5,06:23:03
Sat_01218,New World Botany;Pak 'n Save Botany;Four Square Botany Junction;New World Ormiston;New World Papatoetoe,5,16,22984.99,06:23:04
Sat_01219,New World Mt Roskill;Pak 'n Save Lincoln Road;Four Square Fair Price Henderson;New World Hobsonville;Four Square Hobsonville;Four Square Lancaster,6,15,22987.84,06:23:07
Sat_01220,New World Mt Roskill;Four Square St Heliers;New World Eastridge;Pak 'n Save Sylvia Park;Four Square Ellerslie;New World Remuera,6,15,22992.63,06:23:12
Sat_01221,New World Mt Roskill;Four Square Onehunga;Pak 'n Save Royal Oak;Pak 'n Save Mt Albert;Four Square Glen Eden;Four Square Fair Price Henderson,6,16,22993.49,06:23:13
Sat_01222,New World Mt Roskill;Four Square Eden Terrace;New World Victoria Park;New World Metro Queen St;Pak 'n Save Sylvia Park;Four Square Ellerslie;Four Square Remuera,7,16,22999.9,06:23:19
Sat_01223,Four Square Botany Junction;New World Ormiston;Pak 'n Save Ormiston;New World Milford;New World Metro Shore City,5,14,23003.63,06:23:23
Sat_01224,New World Mt Roskill;Pak 'n Save Royal Oak;Four Square Onehunga;Pak 'n Save Mt Albert;Four Square Eden Terrace;Four Square Glen Eden,6,16,23010.1,06:23:30
Sat_01225,New World Mt Albert;New World Point Chevalier;Pak 'n Save Lincoln Road;Four Square Fair Price Henderson;New World Remuera,5,16,23026.87,06:23:46
Sat_01226,New World Mt Roskill;New World Mt Albert;New World Point Chevalier;Pak 'n Save Sylvia Park;Four Square Pakuranga Heights,5,16,23028.01,06:23:48
Sat_01227,New World Mt Roskill;Pak 'n Save Manukau;Pak 'n Save Sylvia Park;Four Square Pakuranga Heights,4,16,23029.52,06:23:49
Sat_01228,New World Mt Roskill;New World Mt Albert;Pak 'n Save Royal Oak;Four Square Onehunga;Four Square Hobsonville;New World Hobsonville,6,16,23029.75,06:23:49
Sat_01229,New World Mt Roskill;New World Stonefields;Four Square Ellerslie;Four Square Remuera;New World Remuera;Pak 'n Save Royal Oak;Four Square Eden Terrace,7,16,23032.14,06:23:52
Sat_01230,New World Mt Roskill;Four Square Onehunga;Pak 'n Save Royal Oak;Four Square Ellerslie;New World Eastridge;Four Square St Heliers;Four Square Remuera;Four Square Eden Terrace,8,16,23032.53,06:23:52
Sat_01231,New World Mt Roskill;Pak 'n Save Royal Oak;Four Square Onehunga;Pak 'n Save Clendon;Four Square Botany Junction,5,16,23032.67,06:23:52
Sat_01232,New World Mt Roskill;Pak 'n Save Mt Albert;New World New Lynn;New World Mt Albert;New World Birkenhead,5,16,23034.29,06:23:54
Sat_01233,New World Green Bay;New World New Lynn;Four Square Glen Eden;Pak 'n Save Henderson;Four Square Fair Price Henderson;Four Square Onehunga,6,16,23034.56,06:23:54
Sat_01234,New World Mt Roskill;Four Square Onehunga;Pak 'n Save Royal Oak;New World Mt Albert;New World Point Chevalier;New World Metro Shore City,6,16,23035.87,06:23:55
Sat_01235,New World Mt Roskill;New World Point Chevalier;New World Mt Albert;Four Square Eden Terrace;New World Victoria Park;New World Metro Queen St;Four Square Ellerslie;Four Square Remuera,8,16,23038.59,06:23:58
Sat_01236,New World Mt Roskill;New World Metro Queen St;New World Victoria Park;Pak 'n Save Sylvia Park;Four Square Ellerslie;New World Remuera,6,16,23038.88,06:23:58
Sat_01237,New World Stonefields;Four Square Remuera;Four Square Ellerslie;Four Square Onehunga;Pak 'n Save Royal Oak;New World Newmarket;Four Square Eden Terrace,7,16,23041.49,06:24:01
Sat_01238,Four Square Pakuranga Heights;Pak 'n Save Highland Park;Pak 'n Save Ormiston;New World Ormiston,4,16,23043.72,06:24:03
Sat_01239,Pak 'n Save Mangere;Four Square Onehunga;Pak 'n Save Royal Oak;Four Square Eden Terrace;Four Square Ellerslie;Four Square Remuera,6,16,23047.12,06:24:07
Sat_01240,New World Point Chevalier;New World Mt Albert;New World New Lynn;Pak 'n Save Mt Albert;New World Remuera,5,16,23047.21,06:24:07
Sat_01241,New World Howick;Pak 'n Save Highland Park;Four Square Pakuranga Heights;Pak 'n Save Sylvia Park,4,16,23048.44,06:24:08
Sat_01242,Pak 'n Save Clendon;Four Square Onehunga;Pak 'n Save Royal Oak;New World Newmarket,4,16,23048.76,06:24:08
Sat_01243,New World Mt Roskill;Pak 'n Save Highland Park;New World Howick;Pak 'n Save Ormiston,4,16,23053.96,06:24:13
Sat_01244,New World Mt Roskill;Four Square Glen Eden;New World Mt Albert;Pak 'n Save Mt Albert;New World Point Chevalier;New World Metro Queen St,6,16,23057.3,06:24:17
Sat_01245,New World Mt Roskill;Pak 'n Save Westgate;Pak 'n Save Albany;New World Albany,4,16,23057.8,06:24:17
Sat_01246,New World Mt Roskill;New World Remuera;Four Square Remuera;Four Square Ellerslie;Pak 'n Save Royal Oak;Four Square Onehunga;Four Square Eden Terrace;New World Metro Queen St,8,16,23065.96,06:24:25
Sat_01247,Pak 'n Save Highland Park;New World Howick;Pak 'n Save Botany;Four Square Pakuranga Heights,4,16,23075.28,06:24:35
Sat_01248,New World Mt Roskill;New World New Lynn;Four Square Glen Eden;New World Green Bay;Pak 'n Save Mt Albert;New World Remuera,6,16,23075.8,06:24:35
Sat_01249,New World Mt Roskill;Pak 'n Save Royal Oak;Four Square Onehunga;New World Papatoetoe;New World Southmall;Four Square Botany Junction,6,16,23078.99,06:24:38
Sat_01250,New World Mt Roskill;Four Square Onehunga;Pak 'n Save Royal Oak;Pak 'n Save Mangere;Four Square Fair Price Henderson,5,16,23081.7,06:24:41
Sat_01251,Pak 'n Save Mangere;Pak 'n Save Clendon;New World Southmall;Four Square Botany Junction,4,16,23084.33,06:24:44
Sat_01252,New World New Lynn;New World Point Chevalier;New World Mt Albert;Pak 'n Save Mt Albert;Four Square Eden Terrace;Four Square Remuera,6,16,23086.47,06:24:46
Sat_01253,New World Mt Roskill;New World Mt Albert;Pak 'n Save Mt Albert;Four Square Glen Eden;New World New Lynn;New World Metro Queen St,6,16,23093.38,06:24:53
Sat_01254,New World Mt Roskill;Four Square Onehunga;Pak 'n Save Royal Oak;Four Square Ellerslie;Pak 'n Save Papakura,5,16,23097.11,06:24:57
Sat_01255,New World Mt Roskill;Four Square Onehunga;Pak 'n Save Mt Albert;New World Mt Albert;Four Square Eden Terrace;New World Point Chevalier;Four Square Glen Eden,7,16,23103.34,06:25:03
Sat_01256,Pak 'n Save Royal Oak;Four Square Onehunga;Pak 'n Save Mangere;New World Stonefields,4,16,23105.22,06:25:05
Sat_01257,Pak 'n Save Mt Albert;New World Mt Albert;New World Mt Roskill;Four Square Eden Terrace;New World Point Chevalier;New World Remuera,6,16,23105.66,06:25:05
Sat_01258,New World Remuera;Pak 'n Save Glen Innes;New World Eastridge;Four Square Remuera;New World Newmarket;Four Square Eden Terrace,6,16,23109.49,06:25:09
Sat_01259,New World Mt Roskill;Pak 'n Save Royal Oak;Four Square Onehunga;New World Remuera;Four Square Remuera;New World Green Bay;Four Square Glen Eden,7,16,23111.87,06:25:11
Sat_01260,New World Mt Roskill;Four Square Onehunga;Pak 'n Save Royal Oak;Four Square Eden Terrace;New World Victoria Park;New World Milford,6,16,23116.16,06:25:16
Sat_01261,New World Mt Roskill;Pak 'n Save Royal Oak;Four Square Onehunga;Four Square Ellerslie;New World Remuera;New World Metro Queen St;Four Square Eden Terrace;Four Square Remuera,8,16,23127.17,06:25:27
Sat_01262,Pak 'n Save Sylvia Park;Pak 'n Save Manukau;New World Papatoetoe;Four Square Eden Terrace,4,16,23131.07,06:25:31
Sat_01263,Four Square Pakuranga Heights;New World Botany;Pak 'n Save Botany;Four Square Botany Junction;New World Ormiston;Four Square Onehunga,6,16,23132.96,06:25:32
Sat_01264,Pak 'n Save Glen Innes;New World Stonefields;Four Square Ellerslie;Four Square Remuera;New World Remuera;New World Newmarket,6,16,23134.53,06:25:34
Sat_01265,New World Mt Roskill;New World Mt Albert;New World Point Chevalier;New World Green Bay;New World New Lynn;Four Square Glen Eden;Four Square Onehunga,7,16,23135.05,06:25:35
Sat_01266,New World Mt Roskill;Four Square Glen Eden;New World New Lynn;New World Green Bay;Pak 'n Save Mt Albert;Four Square Eden Terrace;Four Square Onehunga,7,16,23135.07,06:25:35
Sat_01267,New World Mt Roskill;Pak 'n Save Mt Albert;New World Mt Albert;New World Point Chevalier;Four Square Ellerslie;Four Square Remuera;Four Square St Heliers,7,16,23139.45,06:25:39
Sat_01268,New World Mt Roskill;New World Papatoetoe;Pak 'n Save Ormiston;New World Ormiston;Four Square Botany Junction;Four Square Ellerslie,6,16,23139.9,06:25:39
Sat_01269,New World Mt Roskill;Pak 'n Save Mangere;Pak 'n Save Manukau;Four Square Botany Junction;Four Square Ellerslie,5,16,23141.24,06:25:41
Sat_01270,New World Mt Albert;New World Point Chevalier;Pak 'n Save Manukau;Four Square Botany Junction;New World Ormiston,5,16,23142.23,06:25:42
Sat_01271,New World Mt Roskill;Pak 'n Save Royal Oak;Four Square Onehunga;New World Green Bay;New World New Lynn;Four Square Fair Price Henderson,6,16,23146.7,06:25:46
Sat_01272,New World Mt Roskill;Pak 'n Save Botany;New World Botany;Pak 'n Save Highland Park,4,16,23147.17,06:25:47
Sat_01273,New World Long Bay;Four Square Torbay;New World Browns Bay;New World Albany;Pak 'n Save Albany,5,15,23149.97,06:25:49
Sat_01274,New World Mt Roskill;New World Mt Albert;Four Square Eden Terrace;New World Metro Queen St;New World Victoria Park;New World Point Chevalier;Four Square Ellerslie;Four Square Remuera,8,16,23153.88,06:25:53
Sat_01275,New World Mt Roskill;Pak 'n Save Mt Albert;New World Mt Albert;Pak 'n Save Wairau Road;Four Square Lancaster,5,16,23156.44,06:25:56
Sat_01276,Pak 'n Save Manukau;New World Papatoetoe;New World Ormiston;Four Square Botany Junction;New World Southmall,5,16,23168.69,06:26:08
Sat_01277,Pak 'n Save Sylvia Park;Pak 'n Save Glen Innes;Four Square St Heliers;New World Stonefields,4,16,23170.46,06:26:10
Sat_01278,New World Mt Roskill;Four Square Onehunga;Pak 'n Save Royal Oak;Pak 'n Save Mt Albert;Four Square Glen Eden;Four Square Eden Terrace,6,16,23178.03,06:26:18
Sat_01279,New World Mt Roskill;Pak 'n Save Lincoln Road;New World Hobsonville;Four Square Hobsonville;New World Milford,5,16,23181.73,06:26:21
Sat_01280,New World Botany;Pak 'n Save Botany;Pak 'n Save Highland Park;Four Square Pakuranga Heights,4,16,23182.41,06:26:22
Sat_01281,New World Mt Roskill;New World Remuera;Four Square Remuera;Four Square Ellerslie;New World Stonefields;Pak 'n Save Glen Innes;Four Square St Heliers,7,16,23193.26,06:26:33
Sat_01282,New World Mt Roskill;Four Square Onehunga;Pak 'n Save Royal Oak;Four Square Ellerslie;Four Square Remuera;New World Remuera;New World Birkenhead,7,16,23193.61,06:26:33
Sat_01283,New World Mt Albert;New World Point Chevalier;Four Square Eden Terrace;New World Mt Roskill;Four Square Glen Eden;New World New Lynn;New World Green Bay,7,16,23196.09,06:26:36
Sat_01284,New World Mt Roskill;Pak 'n Save Mt Albert;New World Point Chevalier;New World Botany;New World Ormiston,5,16,23196.2,06:26:36
Sat_01285,New World Mt Roskill;New World Metro Queen St;New World Victoria Park;New World Metro Shore City;Pak 'n Save Wairau Road;New World Milford,6,16,23196.83,06:26:36
Sat_01286,New World Mt Roskill;New World Point Chevalier;New World Mt Albert;New World Metro Queen St;New World Victoria Park;New World Birkenhead,6,16,23199.89,06:26:39
Sat_01287,New World Mt Roskill;Pak 'n Save Sylvia Park;New World Stonefields;New World Eastridge;Four Square Remuera;Four Square Ellerslie,6,16,23199.96,06:26:39
Sat_01288,New World Mt Roskill;New World Metro Shore City;Pak 'n Save Wairau Road;New World Milford;New World Victoria Park;New World Metro Queen St,6,16,23200.52,06:26:40
Sat_01289,New World Mt Roskill;New World Mt Albert;New World Point Chevalier;Four Square St Heliers;Pak 'n Save Glen Innes;Four Square Remuera,6,16,23202.91,06:26:42
Sat_01290,New World Mt Roskill;Pak 'n Save Mt Albert;New World Green Bay;New World New Lynn;New World Stonefields,5,16,23209.4,06:26:49
Sat_01291,Pak 'n Save Royal Oak;Four Square Onehunga;New World Remuera;Pak 'n Save Highland Park;Four Square Pakuranga Heights,5,16,23212.3,06:26:52
Sat_01292,New World Mt Roskill;Four Square Onehunga;Pak 'n Save Royal Oak;Four Square Remuera;Four Square Ellerslie;New World Stonefields;Four Square St Heliers;Four Square Eden Terrace,8,16,23216.73,06:26:56
Sat_01293,New World Mt Roskill;New World Mt Albert;New World Point Chevalier;Pak 'n Save Glen Innes;Four Square St Heliers;Four Square Remuera,6,16,23218.03,06:26:58
Sat_01294,New World Ormiston;Pak 'n Save Ormiston;Four Square Botany Junction;New World Papatoetoe;New World Southmall,5,16,23221.24,06:27:01
Sat_01295,New World Mt Roskill;Pak 'n Save Mt Albert;New World Mt Albert;New World Point Chevalier;Four Square Eden Terrace;Four Square Pakuranga Heights,6,16,23221.45,06:27:01
Sat_01296,New World Mt Roskill;New World Mt Albert;New World Newmarket;New World Remuera;Four Square Remuera;Four Square Ellerslie;Four Square Onehunga;Four Square Eden Terrace;New World Metro Queen St,9,16,23223.73,06:27:03
Sat_01297,New World Mt Roskill;Pak 'n Save Highland Park;New World Howick;Four Square Pakuranga Heights;New World Botany;Four Square Botany Junction,6,16,23224.14,06:27:04
Sat_01298,Pak 'n Save Highland Park;New World Howick;Four Square Pakuranga Heights;Pak 'n Save Botany,4,16,23230.98,06:27:10
Sat_01299,New World Papakura;Pak 'n Save Papakura;Pak 'n Save Royal Oak;Four Square Onehunga,4,16,23232.3,06:27:12
Sat_01300,New World Mt Roskill;Four Square Onehunga;Pak 'n Save Royal Oak;New World Ormiston;Four Square Botany Junction;New World Botany,6,16,23235.12,06:27:15
Sat_01301,New World Remuera;Four Square Remuera;Four Square Ellerslie;New World Stonefields;Pak 'n Save Sylvia Park;Four Square Eden Terrace;New World Metro Queen St,7,16,23241.1,06:27:21
Sat_01302,New World Mt Roskill;New World Howick;Pak 'n Save Highland Park;Pak 'n Save Ormiston,4,16,23247.15,06:27:27
Sat_01303,New World Howick;Pak 'n Save Highland Park;Four Square Pakuranga Heights;Pak 'n Save Botany,4,16,23251.59,06:27:31
Sat_01304,New World Metro Queen St;New World Victoria Park;New World Mt Roskill;New World Mt Albert;Pak 'n Save Mt Albert;Four Square Eden Terrace,6,16,23252.35,06:27:32
Sat_01305,New World Southmall;Pak 'n Save Clendon;Four Square Botany Junction;Pak 'n Save Ormiston,4,16,23256.64,06:27:36
Sat_01306,New World Victoria Park;New World Metro Queen St;New World Newmarket;New World Stonefields;Four Square Ellerslie;Four Square Remuera;New World Remuera;Four Square Eden Terrace,8,16,23259.31,06:27:39
Sat_01307,Pak 'n Save Papakura;New World Papakura;Pak 'n Save Mangere;Four Square Onehunga,4,16,23259.98,06:27:39
Sat_01308,New World Mt Roskill;Four Square Onehunga;Pak 'n Save Royal Oak;New World Birkenhead;Four Square Lancaster;Four Square Torbay,6,14,23261.92,06:27:41
Sat_01309,New World Mt Roskill;Four Square Onehunga;Pak 'n Save Royal Oak;New World Southmall;Four Square Botany Junction;New World Ormiston,6,16,23262.71,06:27:42
Sat_01310,New World Howick;Pak 'n Save Highland Park;Pak 'n Save Botany;Four Square Pakuranga Heights,4,16,23268.46,06:27:48
Sat_01311,New World Mt Roskill;New World Southmall;Pak 'n Save Manukau;New World Papatoetoe;New World Remuera,5,16,23275.34,06:27:55
Sat_01312,New World Mt Roskill;New World Mt Albert;New World Point Chevalier;New World Birkenhead;Four Square Lancaster;New World Albany,6,15,23279.7,06:27:59
Sat_01313,New World Papakura;Pak 'n Save Papakura;New World Mt Roskill;Pak 'n Save Mt Albert,4,16,23284.64,06:28:04
Sat_01314,New World Mt Roskill;New World Mt Albert;Four Square Eden Terrace;New World Remuera;Four Square Remuera;New World Eastridge;Four Square St Heliers;New World Stonefields,8,16,23285.56,06:28:05
Sat_01315,New World Mt Roskill;Four Square Onehunga;Pak 'n Save Royal Oak;Four Square Fair Price Henderson;Pak 'n Save Westgate;Four Square Hobsonville,6,16,23286.97,06:28:06
Sat_01316,New World Mt Roskill;Pak 'n Save Mt Albert;New World New Lynn;Four Square Glen Eden;New World Green Bay;Four Square Onehunga;Four Square Ellerslie,7,16,23291.51,06:28:11
Sat_01317,New World Mt Roskill;New World Mt Albert;New World Eastridge;Four Square St Heliers;Pak 'n Save Glen Innes;Four Square Ellerslie,6,16,23293.38,06:28:13
Sat_01318,New World Mt Roskill;New World New Lynn;Pak 'n Save Mt Albert;Pak 'n Save Ormiston,4,16,23296.36,06:28:16
Sat_01319,New World Mt Roskill;Pak 'n Save Mt Albert;New World Mt Albert;New World Birkenhead;Four Square Lancaster;New World Metro Queen St,6,16,23297.68,06:28:17
Sat_01320,Four Square Onehunga;Pak 'n Save Royal Oak;New World Newmarket;New World Remuera;Four Square Remuera;Four Square Ellerslie;Four Square Pakuranga Heights,7,16,23297.85,06:28:17
Sat_01321,New World Mt Roskill;Pak 'n Save Mangere;New World Point Chevalier;New World Newmarket;Four Square Ellerslie;Four Square Eden Terrace,6,16,23299.86,06:28:19
Sat_01322,New World Mt Roskill;Pak 'n Save Royal Oak;Pak 'n Save Mangere;Four Square Eden Terrace;Four Square Remuera,5,16,23303.98,06:28:23
Sat_01323,New World Ormiston;Pak 'n Save Ormiston;Four Square Botany Junction;New World Papatoetoe;New World Newmarket,5,16,23312.48,06:28:32
Sat_01324,New World Southmall;Four Square Botany Junction;New World Ormiston;Pak 'n Save Ormiston;New World Botany,5,16,23312.59,06:28:32
Sat_01325,New World Mt Roskill;Pak 'n Save Royal Oak;New World Eastridge;Four Square St Heliers;New World Newmarket;Four Square Remuera,6,16,23316.98,06:28:36
Sat_01326,New World Mt Roskill;New World Point Chevalier;Four Square Eden Terrace;New World Mt Albert;Pak 'n Save Mt Albert;Four Square Onehunga;Four Square Remuera,7,16,23317.29,06:28:37
Sat_01327,New World Mt Roskill;Four Square Botany Junction;New World Ormiston;Pak 'n Save Ormiston;New World Howick;Four Square Onehunga,6,16,23321.83,06:28:41
Sat_01328,Four Square Eden Terrace;New World Newmarket;New World Papatoetoe;Pak 'n Save Manukau;New World Southmall,5,16,23323.88,06:28:43
Sat_01329,New World Mt Roskill;Pak 'n Save Royal Oak;Four Square Onehunga;New World Stonefields;Four Square Eden Terrace;New World Metro Queen St;Four Square Remuera,7,16,23324.15,06:28:44
Sat_01330,New World Mt Roskill;New World Eastridge;Pak 'n Save Glen Innes;Four Square St Heliers;New World Stonefields;Four Square Remuera,6,16,23325.3,06:28:45
Sat_01331,New World Mt Roskill;Four Square Onehunga;New World Stonefields;Four Square Ellerslie;Pak 'n Save Sylvia Park;Four Square Eden Terrace;New World Remuera,7,16,23326.26,06:28:46
Sat_01332,Pak 'n Save Glen Innes;Four Square St Heliers;New World Stonefields;Four Square Remuera;New World Remuera;New World Newmarket,6,16,23332.04,06:28:52
Sat_01333,New World Mt Roskill;New World Metro Queen St;New World Victoria Park;New World Albany;Pak 'n Save Albany,5,16,23347.84,06:29:07
Sat_01334,New World Mt Roskill;Four Square Onehunga;Pak 'n Save Highland Park;New World Howick;Four Square Pakuranga Heights;New World Botany,6,16,23350.64,06:29:10
Sat_01335,New World Mt Roskill;Pak 'n Save Mt Albert;New World Mt Albert;Four Square Fair Price Henderson;Four Square Glen Eden;New World Green Bay;Four Square Onehunga,7,16,23351.44,06:29:11
Sat_01336,New World Mt Roskill;New World Green Bay;Four Square Glen Eden;Pak 'n Save Mt Albert;New World Point Chevalier;Four Square Eden Terrace;Four Square Remuera,7,16,23358.72,06:29:18
Sat_01337,New World Mt Roskill;New World Mt Albert;New World Metro Queen St;New World Victoria Park;New World Point Chevalier;Four Square Eden Terrace;Four Square Ellerslie;Four Square Remuera,8,16,23365.16,06:29:25
Sat_01338,New World Mt Roskill;Pak 'n Save Lincoln Road;Four Square Fair Price Henderson;New World Hobsonville;Four Square Hobsonville;New World Metro Queen St,6,16,23371.1,06:29:31
Sat_01339,Four Square Pakuranga Heights;Pak 'n Save Botany;New World Botany;New World Metro Queen St;New World Victoria Park,5,16,23376.01,06:29:36
Sat_01340,Pak 'n Save Mt Albert;New World Mt Albert;Four Square Eden Terrace;Four Square Remuera;New World Remuera;New World Eastridge;Four Square St Heliers,7,16,23376.61,06:29:36
Sat_01341,New World Mt Roskill;Four Square Onehunga;Pak 'n Save Royal Oak;Four Square Ellerslie;Pak 'n Save Mt Albert;Four Square Remuera,6,16,23377.16,06:29:37
Sat_01342,New World Mt Roskill;New World New Lynn;New World Green Bay;New World Remuera;Four Square Remuera;New World Newmarket;New World Metro Queen St,7,16,23378.06,06:29:38
Sat_01343,New World Mt Roskill;New World Mt Albert;Pak 'n Save Mt Albert;New World Point Chevalier;Four Square Onehunga;Four Square Eden Terrace;Four Square Ellerslie,7,16,23379.27,06:29:39
Sat_01344,New World Mt Roskill;New World Metro Queen St;New World Victoria Park;New World Mt Albert;Pak 'n Save Mt Albert;Four Square Ellerslie,6,16,23381.04,06:29:41
Sat_01345,New World Mt Roskill;New World Mt Albert;Pak 'n Save Mt Albert;New World Point Chevalier;Four Square Onehunga;Four Square Eden Terrace;Four Square Remuera,7,16,23387.67,06:29:47
Sat_01346,New World Mt Roskill;Pak 'n Save Mt Albert;New World Mt Albert;New World Eastridge;Four Square St Heliers;Four Square Remuera;Four Square Ellerslie,7,16,23387.86,06:29:47
Sat_01347,New World Mt Roskill;Four Square Onehunga;Pak 'n Save Royal Oak;Pak 'n Save Westgate;Four Square Hobsonville;Four Square Fair Price Henderson,6,16,23388.18,06:29:48
Sat_01348,New World Mt Roskill;New World Newmarket;New World Victoria Park;Pak 'n Save Westgate;New World Hobsonville,5,16,23388.92,06:29:48
Sat_01349,New World Mt Roskill;Pak 'n Save Mt Albert;New World Mt Albert;Four Square Remuera;New World Eastridge;Four Square St Heliers;Four Square Ellerslie,7,16,23394.9,06:29:54
Sat_01350,New World Mt Roskill;Pak 'n Save Mt Albert;New World New Lynn;Four Square Glen Eden;New World Green Bay;Four Square Onehunga;Four Square Remuera,7,16,23398.41,06:29:58
Sat_01351,New World Green Bay;New World New Lynn;Four Square Eden Terrace;New World Newmarket;New World Remuera;Four Square Remuera;New World Stonefields,7,16,23401.35,06:30:01
Sat_01352,Pak 'n Save Royal Oak;Four Square Remuera;New World Remuera;Four Square Ellerslie;Four Square St Heliers;New World Metro Queen St;New World Victoria Park,7,16,23407.92,06:30:07
Sat_01353,New World Eastridge;Four Square Ellerslie;Pak 'n Save Sylvia Park;Pak 'n Save Manukau,4,16,23408.16,06:30:08
Sat_01354,New World Mt Roskill;New World Southmall;Pak 'n Save Ormiston;New World Ormiston;Four Square Botany Junction;Four Square Eden Terrace,6,16,23409.97,06:30:09
Sat_01355,New World Mt Roskill;Pak 'n Save Mt Albert;New World Green Bay;Four Square Glen Eden;New World New Lynn;Four Square Onehunga;Four Square Ellerslie,7,16,23411.75,06:30:11
Sat_01356,New World Mt Roskill;Pak 'n Save Royal Oak;New World Botany;Four Square Pakuranga Heights;New World Ormiston,5,16,23415.66,06:30:15
Sat_01357,Pak 'n Save Clendon;Four Square Botany Junction;New World Botany;Pak 'n Save Botany,4,16,23418.24,06:30:18
Sat_01358,New World Browns Bay;Four Square Torbay;New World Long Bay;Pak 'n Save Albany;New World Albany,5,15,23424.16,06:30:24
Sat_01359,New World Mt Roskill;Four Square Onehunga;Pak 'n Save Royal Oak;Four Square Remuera;Four Square Fair Price Henderson;Pak 'n Save Westgate,6,16,23424.65,06:30:24
Sat_01360,New World Mt Roskill;Pak 'n Save Ormiston;New World Ormiston;Four Square Botany Junction;New World Papatoetoe;Four Square Ellerslie,6,16,23428.58,06:30:28
Sat_01361,New World Green Bay;Pak 'n Save Mangere;New World Papatoetoe;Four Square Eden Terrace;New World Mt Albert,5,16,23428.63,06:30:28
Sat_01362,New World Mt Roskill;New World Green Bay;Four Square Glen Eden;New World New Lynn;Pak 'n Save Mt Albert;Four Square St Heliers,6,15,23434.82,06:30:34
Sat_01363,New World Metro Queen St;New World Victoria Park;Four Square Eden Terrace;New World Remuera;Four Square Ellerslie;New World Stonefields;Four Square Remuera;New World Newmarket,8,16,23436.56,06:30:36
Sat_01364,New World Green Bay;New World New Lynn;Pak 'n Save Westgate;New World Hobsonville;Four Square Hobsonville;Four Square Fair Price Henderson,6,16,23437.02,06:30:37
Sat_01365,New World Mt Roskill;Pak 'n Save Mt Albert;New World Victoria Park;New World Metro Queen St;New World Newmarket;Four Square Botany Junction,6,16,23441.04,06:30:41
Sat_01366,New World Mt Roskill;New World Green Bay;Pak 'n Save Mt Albert;New World New Lynn;Four Square Onehunga;Four Square Remuera;Four Square Ellerslie,7,16,23444.92,06:30:44
Sat_01367,New World Mt Roskill;Pak 'n Save Mangere;New World Southmall;Four Square Botany Junction;New World Ormiston;Four Square Onehunga,6,16,23451.42,06:30:51
Sat_01368,New World Papatoetoe;Four Square Botany Junction;New World Ormiston;Pak 'n Save Ormiston;Four Square Ellerslie;New World Remuera,6,16,23452.85,06:30:52
Sat_01369,New World Victoria Park;New World Metro Queen St;New World Birkenhead;Four Square Lancaster;Pak 'n Save Albany,5,15,23453.96,06:30:53
Sat_01370,New World Hobsonville;Four Square Hobsonville;Pak 'n Save Lincoln Road;Four Square Fair Price Henderson;New World Mt Albert;Four Square Eden Terrace,6,16,23457.51,06:30:57
Sat_01371,Pak 'n Save Botany;New World Botany;Four Square Pakuranga Heights;Pak 'n Save Highland Park,4,16,23457.77,06:30:57
Sat_01372,New World Mt Roskill;New World Mt Albert;Four Square Eden Terrace;New World Newmarket;Four Square Remuera;New World Remuera;Four Square Glen Eden;New World New Lynn,8,16,23458.39,06:30:58
Sat_01373,Pak 'n Save Albany;New World Albany;Pak 'n Save Wairau Road;New World Metro Queen St,4,16,23460.79,06:31:00
Sat_01374,New World Mt Roskill;New World Milford;Pak 'n Save Wairau Road;New World Metro Queen St;Four Square Eden Terrace;New World Newmarket,6,16,23462.7,06:31:02
Sat_01375,New World Mt Roskill;Pak 'n Save Wairau Road;Four Square Lancaster;New World Birkenhead;New World Victoria Park;New World Metro Queen St,6,16,23465.79,06:31:05
Sat_01376,New World Mt Roskill;New World Mt Albert;Pak 'n Save Mt Albert;Four Square Glen Eden;Four Square Fair Price Henderson;New World Hobsonville;Four Square Hobsonville,7,16,23470.78,06:31:10
Sat_01377,New World Mt Roskill;New World New Lynn;New World Mt Albert;Four Square Eden Terrace;New World Victoria Park;New World Metro Queen St;Four Square Remuera;Four Square Ellerslie,8,16,23477.51,06:31:17
Sat_01378,New World Mt Roskill;Pak 'n Save Royal Oak;Four Square Onehunga;New World Southmall;New World Botany;Four Square Botany Junction,6,16,23477.92,06:31:17
Sat_01379,Pak 'n Save Manukau;Pak 'n Save Mangere;New World Papatoetoe;Four Square Botany Junction,4,16,23479.43,06:31:19
Sat_01380,New World Mt Roskill;New World Newmarket;Four Square Eden Terrace;Four Square Remuera;New World Eastridge;Pak 'n Save Glen Innes,6,16,23485.85,06:31:25
Sat_01381,New World Mt Roskill;Pak 'n Save Botany;New World Botany;New World Howick;Four Square Pakuranga Heights,5,16,23488.51,06:31:28
Sat_01382,Pak 'n Save Royal Oak;Four Square Onehunga;New World Remuera;Four Square Ellerslie;Four Square Remuera;New World Stonefields;Four Square St Heliers;Four Square Eden Terrace,8,16,23493.96,06:31:33
Sat_01383,New World Mt Roskill;New World Mt Albert;Four Square Onehunga;Pak 'n Save Royal Oak;New World Remuera;Four Square Remuera;Four Square St Heliers,7,16,23494.24,06:31:34
Sat_01384,New World Mt Roskill;New World Mt Albert;New World New Lynn;New World Green Bay;New World Point Chevalier;Four Square Eden Terrace;Four Square Ellerslie,7,16,23504.88,06:31:44
Sat_01385,New World Mt Roskill;Pak 'n Save Mt Albert;New World New Lynn;New World Green Bay;Four Square Glen Eden;Four Square Fair Price Henderson;Four Square Hobsonville,7,16,23506.64,06:31:46
Sat_01386,New World Southmall;Pak 'n Save Manukau;Four Square Botany Junction;New World Ormiston;New World Botany,5,16,23512.72,06:31:52
Sat_01387,New World Mt Roskill;New World Mt Albert;New World Point Chevalier;Pak 'n Save Royal Oak;Four Square Onehunga;Four Square Botany Junction,6,16,23525.73,06:32:05
Sat_01388,Pak 'n Save Westgate;Four Square Hobsonville;New World Hobsonville;New World Albany;New World Browns Bay;New World Metro Shore City,6,15,23528.74,06:32:08
Sat_01389,New World Mt Roskill;Pak 'n Save Royal Oak;New World Green Bay;New World Point Chevalier;Four Square Eden Terrace;Four Square Ellerslie,6,16,23535.06,06:32:15
Sat_01390,New World Metro Queen St;New World Newmarket;Four Square Remuera;Four Square Ellerslie;New World Remuera;Pak 'n Save Sylvia Park;Four Square Eden Terrace,7,16,23535.94,06:32:15
Sat_01391,New World Mt Roskill;Four Square Fair Price Henderson;Pak 'n Save Lincoln Road;Pak 'n Save Westgate;New World Metro Shore City,5,16,23547.74,06:32:27
Sat_01392,New World Mt Roskill;New World Mt Albert;Pak 'n Save Mt Albert;New World New Lynn;Four Square Glen Eden;Four Square Fair Price Henderson;Four Square Hobsonville,7,16,23548.65,06:32:28
Sat_01393,New World Mt Roskill;Pak 'n Save Mt Albert;New World Mt Albert;New World Point Chevalier;Four Square Onehunga;Four Square Pakuranga Heights,6,16,23548.98,06:32:28
Sat_01394,New World Mt Roskill;Four Square Glen Eden;New World Green Bay;New World New Lynn;Pak 'n Save Mt Albert;Four Square Ellerslie;Four Square Remuera,7,16,23549.42,06:32:29
Sat_01395,New World Mt Roskill;New World Mt Albert;New World Point Chevalier;New World Green Bay;Four Square Glen Eden;Four Square Fair Price Henderson;New World New Lynn,7,16,23551.78,06:32:31
Sat_01396,New World Mt Roskill;Pak 'n Save Mt Albert;New World New Lynn;Four Square Glen Eden;New World Green Bay;Four Square Ellerslie;Four Square Remuera,7,16,23559.46,06:32:39
Sat_01397,New World Mt Roskill;New World New Lynn;New World Green Bay;Four Square Glen Eden;Four Square Fair Price Henderson;Pak 'n Save Westgate;Four Square Hobsonville,7,16,23569.48,06:32:49
Sat_01398,New World Mt Roskill;Pak 'n Save Manukau;New World Papatoetoe;Four Square Botany Junction;New World Ormiston;Four Square Ellerslie,6,16,23577.38,06:32:57
Sat_01399,New World Mt Roskill;Pak 'n Save Mt Albert;New World Stonefields;New World Eastridge;Four Square St Heliers;New World Remuera,6,16,23577.67,06:32:57
Sat_01400,New World Stonefields;New World Eastridge;Four Square Remuera;New World Remuera;New World Newmarket;Four Square Eden Terrace;New World Victoria Park,7,16,23580.11,06:33:00
Sat_01401,New World Eastridge;Four Square Remuera;New World Remuera;New World Newmarket;Four Square Ellerslie;Four Square Eden Terrace;New World Point Chevalier;New World Mt Roskill,8,16,23583.23,06:33:03
Sat_01402,New World Mt Roskill;Pak 'n Save Ormiston;New World Ormiston;Four Square Botany Junction;New World Stonefields;Four Square Ellerslie,6,16,23585.45,06:33:05
Sat_01403,New World Mt Roskill;Pak 'n Save Mt Albert;New World Mt Albert;New World Point Chevalier;Four Square Hobsonville;Four Square Fair Price Henderson;Four Square Glen Eden,7,16,23588.86,06:33:08
Sat_01404,New World Mt Roskill;Pak 'n Save Mt Albert;New World Mt Albert;New World Point Chevalier;New World Albany,5,16,23591.2,06:33:11
Sat_01405,New World New Lynn;Pak 'n Save Mt Albert;New World Point Chevalier;Four Square Eden Terrace;New World Mt Roskill;Four Square Onehunga;Four Square Ellerslie,7,16,23592.64,06:33:12
Sat_01406,New World Mt Roskill;Pak 'n Save Manukau;Pak 'n Save Sylvia Park;Four Square St Heliers;Four Square Ellerslie,5,16,23593.08,06:33:13
Sat_01407,New World Mt Roskill;New World Green Bay;Four Square Eden Terrace;New World Victoria Park;New World Metro Queen St;Four Square Remuera;New World Remuera;Four Square Ellerslie;Four Square Onehunga,9,16,23593.83,06:33:13
Sat_01408,New World Mt Roskill;New World Mt Albert;Pak 'n Save Mt Albert;New World Point Chevalier;Four Square Lancaster;New World Metro Queen St,6,16,23594.15,06:33:14
Sat_01409,New World Mt Roskill;New World New Lynn;New World Green Bay;New World Mt Albert;New World Point Chevalier;Four Square Onehunga;Four Square Ellerslie,7,16,23597.96,06:33:17
Sat_01410,New World Mt Roskill;Four Square Eden Terrace;Four Square Remuera;Four Square Ellerslie;Pak 'n Save Royal Oak;Four Square Onehunga;New World Remuera;Four Square Botany Junction,8,15,23602.8,06:33:22
Sat_01411,New World Mt Roskill;New World Mt Albert;New World Point Chevalier;Pak 'n Save Mt Albert;Four Square Ellerslie;Four Square Remuera;Four Square St Heliers,7,16,23604.69,06:33:24
Sat_01412,New World Mt Roskill;Four Square Glen Eden;New World Green Bay;New World New Lynn;New World Newmarket;Four Square Eden Terrace;New World Victoria Park,7,16,23606.46,06:33:26
Sat_01413,New World Birkenhead;New World Mt Roskill;Pak 'n Save Mt Albert;New World Mt Albert;New World Point Chevalier,5,16,23606.58,06:33:26
Sat_01414,New World Mt Roskill;New World New Lynn;New World Green Bay;Pak 'n Save Mt Albert;New World Milford,5,16,23608.42,06:33:28
Sat_01415,New World Mt Roskill;Pak 'n Save Mt Albert;New World Point Chevalier;New World Devonport;New World Victoria Park,5,16,23609.7,06:33:29
Sat_01416,New World Mt Roskill;New World Ormiston;Pak 'n Save Ormiston;Four Square Botany Junction;New World Papatoetoe;Four Square Remuera,6,16,23610.02,06:33:30
Sat_01417,New World Mt Roskill;Pak 'n Save Mt Albert;New World New Lynn;Four Square Glen Eden;New World Green Bay;Four Square Eden Terrace;Four Square Ellerslie,7,16,23615.17,06:33:35
Sat_01418,New World Mt Roskill;Pak 'n Save Royal Oak;Four Square Onehunga;Four Square Pakuranga Heights;New World Botany;Four Square Botany Junction;Four Square Ellerslie,7,16,23620.91,06:33:40
Sat_01419,New World Mt Roskill;Pak 'n Save Mt Albert;New World New Lynn;Four Square Glen Eden;New World Green Bay;Four Square Eden Terrace;Four Square Remuera,7,16,23623.57,06:33:43
Sat_01420,Four Square Onehunga;Four Square Ellerslie;New World Remuera;Four Square Remuera;Pak 'n Save Royal Oak;New World Stonefields;New World Metro Queen St,7,16,23625.44,06:33:45
Sat_01421,New World Mt Roskill;New World Green Bay;New World New Lynn;Four Square Glen Eden;Four Square Fair Price Henderson;Pak 'n Save Westgate;Four Square Hobsonville,7,16,23630.8,06:33:50
Sat_01422,New World Mt Roskill;Pak 'n Save Mt Albert;New World Point Chevalier;New World Mt Albert;Four Square Fair Price Henderson;Four Square Glen Eden;Four Square Onehunga,7,16,23631.55,06:33:51
Sat_01423,New World Papatoetoe;New World Southmall;Four Square Botany Junction;Pak 'n Save Manukau;New World Ormiston,5,16,23638.22,06:33:58
Sat_01424,Pak 'n Save Glen Innes;Four Square Ellerslie;Four Square Remuera;New World Remuera;New World Newmarket;New World Victoria Park,6,16,23643.59,06:34:03
Sat_01425,Pak 'n Save Henderson;Four Square Fair Price Henderson;Four Square Glen Eden;New World New Lynn;New World Green Bay;Four Square Onehunga,6,16,23646.97,06:34:06
Sat_01426,New World Mt Roskill;Four Square Botany Junction;New World Ormiston;Pak 'n Save Ormiston;New World Papatoetoe;Four Square Remuera,6,16,23657.83,06:34:17
Sat_01427,New World Mt Roskill;Pak 'n Save Mt Albert;New World Point Chevalier;Pak 'n Save Westgate;Four Square Lancaster,5,16,23660.23,06:34:20
Sat_01428,New World Mt Roskill;New World Point Chevalier;Pak 'n Save Mt Albert;New World New Lynn;Four Square Glen Eden;Four Square Fair Price Henderson;Four Square Eden Terrace,7,16,23668.0,06:34:28
Sat_01429,Pak 'n Save Wairau Road;New World Milford;New World Metro Shore City;Pak 'n Save Lincoln Road,4,16,23669.13,06:34:29
Sat_01430,Pak 'n Save Mt Albert;New World Point Chevalier;New World Birkenhead;Four Square Lancaster;New World Milford;New World Metro Shore City,6,16,23676.17,06:34:36
Sat_01431,New World Mt Roskill;Pak 'n Save Mt Albert;New World New Lynn;New World Green Bay;Four Square Glen Eden;Four Square Ellerslie;Four Square Remuera,7,16,23676.45,06:34:36
Sat_01432,New World Mt Roskill;Four Square Onehunga;Pak 'n Save Royal Oak;New World Metro Queen St;Four Square Eden Terrace;New World Newmarket;Four Square St Heliers,7,16,23686.02,06:34:46
Sat_01433,Four Square Pakuranga Heights;Pak 'n Save Botany;New World Botany;Four Square Botany Junction;New World Ormiston;Four Square Ellerslie,6,16,23687.91,06:34:47
Sat_01434,New World Mt Roskill;Four Square Onehunga;Pak 'n Save Highland Park;New World Howick;New World Botany;New World Remuera,6,16,23688.26,06:34:48
Sat_01435,New World Mt Roskill;New World Mt Albert;New World Point Chevalier;Four Square Eden Terrace;New World Victoria Park;New World Metro Queen St;Four Square St Heliers;Four Square Remuera,8,16,23692.38,06:34:52
Sat_01436,New World Mt Roskill;Pak 'n Save Royal Oak;Four Square Onehunga;Four Square Ellerslie;Four Square Remuera;Four Square Eden Terrace;New World Point Chevalier;Four Square Hobsonville,8,16,23693.76,06:34:53
Sat_01437,Four Square Onehunga;Pak 'n Save Ormiston;New World Ormiston;Four Square Botany Junction;New World Mt Roskill;New World New Lynn,6,16,23694.37,06:34:54
Sat_01438,New World Stonefields;New World Remuera;Four Square Remuera;New World Newmarket;Pak 'n Save Sylvia Park;Four Square Ellerslie,6,16,23704.29,06:35:04
Sat_01439,New World Mt Roskill;Pak 'n Save Mt Albert;New World New Lynn;New World Green Bay;New World Milford,5,16,23705.7,06:35:05
Sat_01440,New World Mt Roskill;New World Victoria Park;New World Metro Queen St;Four Square Eden Terrace;New World Newmarket;New World Point Chevalier;Four Square Ellerslie;Four Square Remuera,8,16,23706.66,06:35:06
Sat_01441,New World Mt Roskill;Four Square Remuera;New World Remuera;Four Square Ellerslie;Pak 'n Save Glen Innes;Four Square St Heliers;New World Stonefields,7,16,23711.98,06:35:11
Sat_01442,New World Mt Roskill;Pak 'n Save Royal Oak;Four Square Onehunga;New World New Lynn;Four Square Glen Eden;Four Square Eden Terrace;New World Metro Queen St,7,16,23714.25,06:35:14
Sat_01443,New World Mt Roskill;New World Mt Albert;Pak 'n Save Mt Albert;Four Square St Heliers;New World Eastridge;Four Square Remuera;Four Square Ellerslie,7,16,23717.88,06:35:17
Sat_01444,New World Metro Queen St;New World Victoria Park;New World Birkenhead;New World Newmarket;New World Remuera;Four Square Remuera;Four Square Ellerslie;Four Square Onehunga,8,16,23718.84,06:35:18
Sat_01445,New World Mt Roskill;Pak 'n Save Mt Albert;New World Mt Albert;New World Stonefields;Four Square Ellerslie;Four Square St Heliers;Four Square Remuera,7,16,23722.21,06:35:22
Sat_01446,New World Southmall;Pak 'n Save Manukau;Four Square Ellerslie;New World Newmarket;New World Victoria Park,5,16,23726.76,06:35:26
Sat_01447,New World Mt Roskill;Four Square Glen Eden;Pak 'n Save Mt Albert;New World Point Chevalier;New World Newmarket;Four Square Eden Terrace;Four Square Ellerslie,7,16,23731.09,06:35:31
Sat_01448,New World Mt Roskill;Pak 'n Save Mt Albert;New World New Lynn;New World Green Bay;Four Square Glen Eden;Four Square Eden Terrace;Four Square Ellerslie,7,16,23732.17,06:35:32
Sat_01449,Pak 'n Save Royal Oak;Four Square Onehunga;New World Metro Queen St;Pak 'n Save Glen Innes;Four Square St Heliers,5,16,23732.84,06:35:32
Sat_01450,Four Square Lancaster;New World Birkenhead;New World Point Chevalier;New World Mt Albert;Pak 'n Save Royal Oak,5,16,23735.74,06:35:35
Sat_01451,New World Mt Roskill;New World New Lynn;Pak 'n Save Mangere;Four Square Onehunga;Four Square Pakuranga Heights;Four Square Botany Junction,6,15,23738.13,06:35:38
Sat_01452,Four Square Remuera;New World Remuera;Pak 'n Save Sylvia Park;Four Square Ellerslie;Pak 'n Save Glen Innes,5,16,23739.51,06:35:39
Sat_01453,New World Mt Roskill;Pak 'n Save Mt Albert;New World New Lynn;New World Green Bay;Four Square Glen Eden;Four Square Eden Terrace;Four Square Remuera,7,16,23740.57,06:35:40
Sat_01454,New World Mt Roskill;New World New Lynn;New World Green Bay;Four Square Glen Eden;Four Square Fair Price Henderson;Pak 'n Save Mangere,6,16,23742.41,06:35:42
Sat_01455,Pak 'n Save Royal Oak;Four Square Onehunga;New World Victoria Park;New World Metro Queen St;New World Newmarket;New World Metro Shore City,6,16,23744.76,06:35:44
Sat_01456,New World Mt Albert;Pak 'n Save Mt Albert;New World Mt Roskill;New World Green Bay;Four Square Onehunga;Four Square Remuera;Four Square Ellerslie,7,16,23745.61,06:35:45
Sat_01457,New World Mt Roskill;Four Square Onehunga;Pak 'n Save Royal Oak;New World Mt Albert;New World Point Chevalier;Four Square Lancaster,6,16,23746.48,06:35:46
Sat_01458,New World Papakura;Pak 'n Save Papakura;Pak 'n Save Sylvia Park;Four Square Ellerslie,4,16,23750.47,06:35:50
Sat_01459,New World Mt Roskill;New World Hobsonville;Four Square Hobsonville;New World Point Chevalier;New World Mt Albert;New World New Lynn;Four Square Glen Eden,7,16,23751.58,06:35:51
Sat_01460,New World Mt Roskill;Pak 'n Save Mt Albert;New World Mt Albert;Pak 'n Save Highland Park;Four Square Remuera,5,16,23753.87,06:35:53
Sat_01461,New World Mt Roskill;Four Square Onehunga;Pak 'n Save Royal Oak;Four Square Pakuranga Heights;New World Botany;Four Square Botany Junction;Four Square Ellerslie,7,16,23756.6,06:35:56
Sat_01462,New World Mt Roskill;New World Remuera;Four Square Remuera;Four Square Ellerslie;New World Stonefields;Pak 'n Save Sylvia Park;Four Square St Heliers,7,16,23759.95,06:35:59
Sat_01463,New World Mt Roskill;Pak 'n Save Lincoln Road;Four Square Fair Price Henderson;Four Square Remuera;New World Newmarket;Four Square Eden Terrace;Four Square Onehunga,7,16,23760.86,06:36:00
Sat_01464,New World Mt Roskill;Four Square Hobsonville;New World Hobsonville;New World Point Chevalier;New World Mt Albert;New World New Lynn;Four Square Glen Eden,7,16,23765.84,06:36:05
Sat_01465,New World Papakura;Pak 'n Save Papakura;New World Southmall;New World Ormiston;Four Square Botany Junction,5,16,23769.29,06:36:09
Sat_01466,New World Mt Roskill;Pak 'n Save Royal Oak;Four Square Onehunga;Pak 'n Save Mangere;New World Metro Shore City,5,16,23771.16,06:36:11
Sat_01467,New World Mt Roskill;Four Square Glen Eden;New World New Lynn;New World Green Bay;Pak 'n Save Mt Albert;Four Square Onehunga;Four Square Remuera,7,16,23798.39,06:36:38
Sat_01468,Pak 'n Save Henderson;Four Square Glen Eden;New World Point Chevalier;New World Mt Albert;Four Square Eden Terrace;Four Square Onehunga,6,16,23798.43,06:36:38
Sat_01469,New World Mt Roskill;New World Mt Albert;New World Point Chevalier;Pak 'n Save Mt Albert;New World Botany,5,16,23798.78,06:36:38
Sat_01470,Four Square Hobsonville;New World Hobsonville;New World New Lynn;New World Green Bay;New World Mt Albert;New World Point Chevalier,6,16,23805.15,06:36:45
Sat_01471,New World Mt Roskill;Pak 'n Save Royal Oak;Four Square Onehunga;New World Green Bay;Four Square Ellerslie;New World Remuera;Four Square Remuera,7,16,23808.51,06:36:48
Sat_01472,New World Mt Roskill;Four Square Onehunga;Pak 'n Save Royal Oak;New World Howick;Four Square Pakuranga Heights;New World Metro Queen St,6,16,23808.75,06:36:48
Sat_01473,New World Mt Roskill;New World Mt Albert;Four Square Eden Terrace;New World Victoria Park;New World Metro Queen St;New World Newmarket;Four Square Onehunga;Four Square Glen Eden,8,16,23823.03,06:37:03
Sat_01474,New World Mt Roskill;Pak 'n Save Manukau;Pak 'n Save Mangere;Four Square Ellerslie;Four Square Remuera,5,16,23824.42,06:37:04
Sat_01475,New World Newmarket;New World Metro Queen St;New World Victoria Park;New World Mt Albert;Four Square Eden Terrace;Four Square Ellerslie;Four Square Remuera;New World Remuera,8,16,23828.32,06:37:08
Sat_01476,New World Mt Roskill;Pak 'n Save Mt Albert;New World Mt Albert;New World Point Chevalier;Four Square Fair Price Henderson;Four Square Glen Eden;Four Square Eden Terrace,7,16,23829.56,06:37:09
Sat_01477,New World Mt Roskill;Four Square Onehunga;Pak 'n Save Royal Oak;New World Remuera;Four Square Remuera;Four Square Ellerslie;New World Metro Shore City;Four Square Lancaster,8,15,23832.64,06:37:12
Sat_01478,New World Mt Roskill;New World Green Bay;New World New Lynn;Four Square Glen Eden;Pak 'n Save Mt Albert;Four Square Remuera;Four Square Ellerslie,7,16,23835.03,06:37:15
Sat_01479,New World Mt Roskill;Pak 'n Save Mt Albert;New World New Lynn;New World Green Bay;Four Square Glen Eden;Four Square Remuera;Four Square Ellerslie,7,16,23835.35,06:37:15
Sat_01480,New World Mt Roskill;New World Green Bay;Pak 'n Save Westgate;Pak 'n Save Mt Albert;Four Square Glen Eden,5,16,23835.89,06:37:15
Sat_01481,New World Mt Roskill;New World Botany;Pak 'n Save Botany;Four Square Botany Junction;New World Ormiston;Four Square Ellerslie,6,16,23837.53,06:37:17
Sat_01482,Pak 'n Save Sylvia Park;Four Square Ellerslie;New World Remuera;Pak 'n Save Glen Innes;Four Square St Heliers,5,16,23840.98,06:37:20
Sat_01483,New World Mt Roskill;New World Green Bay;Four Square Glen Eden;Four Square Fair Price Henderson;Pak 'n Save Henderson;New World Remuera,6,16,23844.75,06:37:24
Sat_01484,New World Papakura;Pak 'n Save Papakura;New World Southmall;Four Square Botany Junction;New World Ormiston,5,16,23847.36,06:37:27
Sat_01485,New World Mt Roskill;New World Mt Albert;New World Point Chevalier;Pak 'n Save Mt Albert;Four Square Glen Eden;Four Square Fair Price Henderson;Four Square Hobsonville,7,16,23850.2,06:37:30
Sat_01486,New World Mt Roskill;Pak 'n Save Mt Albert;New World New Lynn;Four Square Glen Eden;Four Square Onehunga;New World Newmarket;Four Square Ellerslie,7,16,23851.65,06:37:31
Sat_01487,New World Mt Roskill;Pak 'n Save Royal Oak;Four Square Onehunga;New World Mt Albert;New World Point Chevalier;Four Square St Heliers,6,16,23852.44,06:37:32
Sat_01488,Pak 'n Save Papakura;New World Papakura;New World Southmall;New World Ormiston;Four Square Botany Junction,5,16,23854.91,06:37:34
Sat_01489,Pak 'n Save Mt Albert;New World Point Chevalier;New World Hobsonville;Four Square Hobsonville;New World Newmarket;Four Square Remuera,6,16,23865.3,06:37:45
Sat_01490,New World Mt Roskill;Pak 'n Save Royal Oak;Four Square Onehunga;Four Square Eden Terrace;Four Square St Heliers;New World Eastridge;Four Square Remuera;Four Square Ellerslie,8,16,23865.62,06:37:45
Sat_01491,New World Mt Roskill;Pak 'n Save Clendon;Pak 'n Save Manukau;Four Square Botany Junction;Four Square Ellerslie,5,16,23876.16,06:37:56
Sat_01492,New World Mt Roskill;Four Square Onehunga;Pak 'n Save Royal Oak;New World Papatoetoe;Four Square Pakuranga Heights;New World Remuera,6,16,23876.36,06:37:56
Sat_01493,Four Square Hobsonville;New World Hobsonville;Pak 'n Save Henderson;Four Square Fair Price Henderson;New World Point Chevalier;Four Square Eden Terrace,6,16,23881.13,06:38:01
Sat_01494,Pak 'n Save Clendon;New World Southmall;Pak 'n Save Papakura;Four Square Botany Junction,4,16,23881.31,06:38:01
Sat_01495,New World Mt Roskill;Pak 'n Save Mt Albert;New World Point Chevalier;New World New Lynn;Four Square Glen Eden;Four Square Fair Price Henderson;Four Square Hobsonville,7,16,23886.52,06:38:06
Sat_01496,New World Mt Roskill;New World New Lynn;New World Green Bay;Four Square Glen Eden;New World Point Chevalier;New World Hobsonville;Four Square Hobsonville,7,16,23893.11,06:38:13
Sat_01497,New World Mt Roskill;New World New Lynn;New World Green Bay;Four Square Glen Eden;New World Point Chevalier;New World Mt Albert;Four Square Remuera,7,16,23895.77,06:38:15
Sat_01498,New World Mt Roskill;Pak 'n Save Manukau;New World Papatoetoe;Four Square St Heliers;New World Eastridge;Four Square Remuera,6,16,23895.78,06:38:15
Sat_01499,New World Point Chevalier;New World Mt Albert;Pak 'n Save Mt Albert;Four Square Glen Eden;Four Square Hobsonville;New World Hobsonville,6,16,23902.62,06:38:22
Sat_01500,New World Mt Roskill;New World Green Bay;New World Stonefields;Four Square Remuera;New World Remuera;Four Square Ellerslie;New World Newmarket;Four Square Eden Terrace,8,16,23908.44,06:38:28
Sat_01501,New World Mt Roskill;Pak 'n Save Mangere;Four Square Pakuranga Heights;Pak 'n Save Highland Park;Four Square Botany Junction,5,16,23912.52,06:38:32
Sat_01502,New World Mt Roskill;Four Square Pakuranga Heights;Pak 'n Save Botany;New World Botany;Four Square Botany Junction;Four Square Remuera;Four Square Ellerslie,7,16,23914.47,06:38:34
Sat_01503,New World Mt Roskill;Pak 'n Save Mangere;New World Green Bay;New World New Lynn;Four Square Glen Eden;Four Square Fair Price Henderson,6,16,23916.55,06:38:36
Sat_01504,New World Mt Roskill;Pak 'n Save Mt Albert;Four Square Onehunga;New World Green Bay;New World New Lynn;Four Square Glen Eden;Four Square Fair Price Henderson,7,16,23922.08,06:38:42
Sat_01505,New World Mt Roskill;Pak 'n Save Mt Albert;New World Mt Albert;Four Square Eden Terrace;New World Newmarket;Four Square Hobsonville;Four Square Fair Price Henderson,7,16,23922.6,06:38:42
Sat_01506,New World Mt Roskill;Pak 'n Save Royal Oak;New World Newmarket;Four Square Botany Junction;New World Botany;Four Square Ellerslie,6,16,23925.39,06:38:45
Sat_01507,New World Mt Roskill;Four Square Onehunga;Pak 'n Save Royal Oak;New World Remuera;Four Square Remuera;New World Howick;Four Square Botany Junction,7,16,23935.22,06:38:55
Sat_01508,New World Mt Roskill;Four Square Pakuranga Heights;Pak 'n Save Royal Oak;New World Remuera;Four Square Remuera;New World Stonefields,6,16,23938.36,06:38:58
Sat_01509,New World Mt Roskill;Four Square Glen Eden;New World New Lynn;New World Green Bay;Pak 'n Save Mt Albert;Four Square Remuera;Four Square Ellerslie,7,16,23939.39,06:38:59
Sat_01510,New World Mt Roskill;New World Point Chevalier;New World Victoria Park;New World Metro Queen St;Four Square Eden Terrace;Four Square Onehunga;Four Square Ellerslie;New World Remuera;Four Square Remuera,9,16,23943.46,06:39:03
Sat_01511,New World Mt Roskill;Pak 'n Save Mt Albert;New World Point Chevalier;Four Square Eden Terrace;Four Square Onehunga;Four Square St Heliers;New World Eastridge,7,16,23944.1,06:39:04
Sat_01512,New World Mt Roskill;Pak 'n Save Westgate;Four Square Hobsonville;New World Hobsonville;New World Point Chevalier;Four Square Eden Terrace;Four Square Remuera,7,16,23945.01,06:39:05
Sat_01513,New World Mt Roskill;New World Point Chevalier;New World Victoria Park;New World Newmarket;Four Square Eden Terrace;New World Mt Albert;Four Square Ellerslie,7,16,23946.13,06:39:06
Sat_01514,Four Square Hobsonville;New World Hobsonville;Pak 'n Save Westgate;New World Victoria Park;New World Mt Albert;Four Square Eden Terrace,6,16,23955.07,06:39:15
Sat_01515,Four Square Lancaster;New World Birkenhead;Pak 'n Save Albany;New World Albany;New World Browns Bay,5,15,23955.56,06:39:15
Sat_01516,New World Mt Roskill;Four Square Hobsonville;New World Hobsonville;Pak 'n Save Westgate;New World Mt Albert;New World Remuera,6,16,23960.69,06:39:20
Sat_01517,New World Victoria Park;New World Metro Queen St;New World Newmarket;New World Remuera;Four Square Remuera;Four Square Ellerslie;New World Stonefields;Four Square St Heliers,8,16,23965.09,06:39:25
Sat_01518,New World Mt Roskill;Pak 'n Save Mt Albert;New World New Lynn;New World Hobsonville;Four Square Hobsonville;Four Square Fair Price Henderson;Four Square Eden Terrace,7,16,23970.37,06:39:30
Sat_01519,New World Mt Roskill;New World New Lynn;Pak 'n Save Glen Innes;Four Square St Heliers;New World Eastridge;Four Square Remuera,6,16,23977.98,06:39:37
Sat_01520,New World Mt Roskill;Pak 'n Save Mt Albert;Four Square Eden Terrace;Four Square Remuera;Four Square Ellerslie;New World Remuera;New World Newmarket;Four Square Fair Price Henderson,8,16,23979.67,06:39:39
Sat_01521,New World Mt Roskill;New World New Lynn;Four Square Glen Eden;Pak 'n Save Henderson;Four Square Fair Price Henderson;Four Square Eden Terrace;Four Square Remuera,7,16,23981.4,06:39:41
Sat_01522,Pak 'n Save Wairau Road;New World Milford;New World Victoria Park;New World Metro Queen St;New World Remuera;Four Square Remuera,6,16,23985.87,06:39:45
Sat_01523,Pak 'n Save Mangere;New World Green Bay;Four Square Glen Eden;New World New Lynn;Four Square Ellerslie;Four Square Remuera,6,15,24005.59,06:40:05
Sat_01524,New World Mt Roskill;New World New Lynn;Four Square Glen Eden;New World Mt Albert;Four Square Eden Terrace;New World Remuera;Four Square Remuera;New World Stonefields,8,16,24006.8,06:40:06
Sat_01525,New World Mt Roskill;Four Square Onehunga;Four Square Pakuranga Heights;New World Newmarket;New World Remuera;Four Square Remuera;New World Metro Queen St;New World Victoria Park,8,16,24008.71,06:40:08
Sat_01526,New World Mt Roskill;Four Square Eden Terrace;New World Metro Queen St;New World Victoria Park;Four Square Pakuranga Heights;Pak 'n Save Highland Park;Four Square Onehunga,7,16,24010.3,06:40:10
Sat_01527,New World Mt Roskill;Pak 'n Save Mangere;New World Papatoetoe;New World Southmall;Four Square Botany Junction;Four Square Ellerslie,6,16,24015.95,06:40:15
Sat_01528,New World Mt Roskill;New World Mt Albert;New World Point Chevalier;Pak 'n Save Mt Albert;Four Square Glen Eden;Four Square Onehunga;Four Square Remuera,7,16,24016.28,06:40:16
Sat_01529,New World Mt Roskill;New World Point Chevalier;Pak 'n Save Glen Innes;New World Eastridge;Four Square St Heliers;Four Square Ellerslie,6,16,24016.82,06:40:16
Sat_01530,New World Ormiston;Pak 'n Save Ormiston;Pak 'n Save Clendon;Four Square Botany Junction,4,16,24030.82,06:40:30
Sat_01531,New World Mt Roskill;New World New Lynn;Four Square Hobsonville;New World Hobsonville;New World Metro Queen St;New World Victoria Park;Four Square Remuera,7,15,24032.63,06:40:32
Sat_01532,Four Square Remuera;New World Remuera;New World Stonefields;New World Papatoetoe;Pak 'n Save Manukau;Four Square Botany Junction,6,16,24034.75,06:40:34
Sat_01533,New World Mt Roskill;Pak 'n Save Mt Albert;New World Mt Albert;Four Square Onehunga;New World New Lynn;Four Square Glen Eden;Four Square Fair Price Henderson,7,16,24037.96,06:40:37
Sat_01534,New World Mt Roskill;New World Mt Albert;Pak 'n Save Mt Albert;New World Green Bay;Four Square Glen Eden;Four Square Remuera;Four Square Ellerslie,7,16,24041.04,06:40:41
Sat_01535,New World Mt Roskill;Four Square Onehunga;Pak 'n Save Sylvia Park;New World Metro Queen St;Four Square Eden Terrace;New World Victoria Park;Four Square Ellerslie,7,16,24041.63,06:40:41
Sat_01536,New World Mt Roskill;New World Papatoetoe;Four Square Eden Terrace;New World Birkenhead;Four Square Lancaster;Pak 'n Save Wairau Road,6,15,24043.56,06:40:43
Sat_01537,New World Mt Roskill;Pak 'n Save Mt Albert;New World Mt Albert;Four Square Eden Terrace;New World Birkenhead;Four Square Lancaster;New World Metro Shore City,7,16,24047.54,06:40:47
Sat_01538,New World Metro Queen St;New World Victoria Park;Four Square Pakuranga Heights;New World Botany;Pak 'n Save Botany,5,16,24050.58,06:40:50
Sat_01539,New World Mt Roskill;New World Papatoetoe;Pak 'n Save Manukau;New World Southmall;Four Square Botany Junction;Four Square Remuera,6,16,24052.72,06:40:52
Sat_01540,New World Papatoetoe;Pak 'n Save Manukau;Four Square Remuera;New World Remuera;Four Square Ellerslie;New World Eastridge,6,16,24052.82,06:40:52
Sat_01541,New World New Lynn;Four Square Onehunga;Pak 'n Save Royal Oak;New World Point Chevalier;Four Square Eden Terrace;Four Square Ellerslie;Four Square Remuera,7,16,24058.22,06:40:58
Sat_01542,New World Mt Roskill;New World Botany;Pak 'n Save Botany;New World Papatoetoe;New World Remuera,5,16,24058.46,06:40:58
Sat_01543,New World Mt Roskill;Pak 'n Save Mangere;Pak 'n Save Highland Park;New World Howick,4,16,24075.45,06:41:15
Sat_01544,New World Mt Albert;Pak 'n Save Mt Albert;New World Mt Roskill;New World Green Bay;New World Eastridge,5,16,24078.55,06:41:18
Sat_01545,New World Mt Roskill;New World Ormiston;Pak 'n Save Ormiston;Four Square Botany Junction;New World Howick;Four Square Ellerslie,6,16,24078.83,06:41:18
Sat_01546,Pak 'n Save Henderson;Four Square Fair Price Henderson;Pak 'n Save Lincoln Road;Four Square Lancaster,4,16,24078.99,06:41:18
Sat_01547,New World Mt Roskill;Four Square Onehunga;Pak 'n Save Royal Oak;Four Square Eden Terrace;New World Newmarket;Four Square Remuera;Four Square Ellerslie;Four Square Fair Price Henderson,8,16,24089.71,06:41:29
Sat_01548,New World Mt Roskill;Pak 'n Save Royal Oak;Four Square Onehunga;Four Square Ellerslie;Four Square Remuera;New World Stonefields;Four Square Eden Terrace;Four Square Hobsonville,8,16,24094.35,06:41:34
Sat_01549,New World Mt Roskill;Four Square Eden Terrace;New World Newmarket;New World Devonport;New World Milford;New World Metro Shore City;New World Metro Queen St,7,15,24095.05,06:41:35
Sat_01550,Pak 'n Save Westgate;Pak 'n Save Wairau Road;New World Milford;New World Metro Shore City;New World Remuera,5,16,24098.45,06:41:38
Sat_01551,New World Mt Roskill;Four Square Onehunga;Four Square Ellerslie;Four Square Remuera;New World Remuera;New World Howick;Pak 'n Save Highland Park;Four Square Botany Junction,8,16,24101.26,06:41:41
Sat_01552,New World Mt Albert;New World Point Chevalier;Four Square Onehunga;Pak 'n Save Royal Oak;New World Metro Shore City;New World Metro Queen St,6,16,24101.67,06:41:41
Sat_01553,New World Mt Roskill;New World Mt Albert;New World Point Chevalier;New World Hobsonville;Four Square Hobsonville;Four Square Eden Terrace;New World Remuera;Four Square Remuera,8,16,24105.36,06:41:45
Sat_01554,New World Mt Roskill;New World Green Bay;Four Square Glen Eden;Four Square Fair Price Henderson;Pak 'n Save Lincoln Road;Four Square Onehunga;Four Square Ellerslie,7,16,24108.97,06:41:48
Sat_01555,New World Mt Roskill;Pak 'n Save Mt Albert;New World New Lynn;New World Green Bay;Four Square Glen Eden;Four Square Hobsonville;Four Square Fair Price Henderson,7,16,24110.65,06:41:50
Sat_01556,New World Mt Roskill;Pak 'n Save Mt Albert;New World Point Chevalier;New World New Lynn;Four Square Glen Eden;Four Square Eden Terrace;Four Square Ellerslie,7,16,24112.05,06:41:52
Sat_01557,New World Papatoetoe;Pak 'n Save Papakura;New World Papakura;New World Southmall;Four Square Botany Junction,5,16,24123.98,06:42:03
Sat_01558,New World Mt Roskill;Four Square Glen Eden;New World Green Bay;Pak 'n Save Sylvia Park;Four Square Ellerslie;Four Square Remuera;New World Remuera,7,16,24125.11,06:42:05
Sat_01559,New World Mt Roskill;Pak 'n Save Mt Albert;New World Point Chevalier;Four Square Fair Price Henderson;New World Stonefields;Four Square Ellerslie;Four Square Remuera,7,16,24136.0,06:42:16
Sat_01560,New World Mt Roskill;New World New Lynn;New World Green Bay;New World Victoria Park;New World Point Chevalier;Four Square Ellerslie;Four Square Remuera,7,16,24141.98,06:42:21
Sat_01561,New World Mt Roskill;Four Square Eden Terrace;New World Victoria Park;Pak 'n Save Manukau;New World Papatoetoe;Four Square Botany Junction,6,16,24146.47,06:42:26
Sat_01562,Pak 'n Save Sylvia Park;Four Square Ellerslie;Four Square Remuera;Four Square Torbay;New World Long Bay;New World Browns Bay,6,14,24147.23,06:42:27
Sat_01563,New World Southmall;Pak 'n Save Clendon;New World Papatoetoe;New World Botany;Four Square Botany Junction,5,16,24153.81,06:42:33
Sat_01564,New World Metro Shore City;New World Milford;Pak 'n Save Wairau Road;Four Square Lancaster;New World Birkenhead;New World Metro Queen St;Four Square Eden Terrace,7,16,24154.7,06:42:34
Sat_01565,Pak 'n Save Highland Park;New World Howick;Pak 'n Save Ormiston;Four Square Botany Junction;Four Square Ellerslie,5,16,24156.89,06:42:36
Sat_01566,New World Mt Roskill;New World Southmall;Pak 'n Save Papakura;New World Papakura;Four Square Ellerslie;Four Square Remuera,6,16,24159.52,06:42:39
Sat_01567,New World Metro Shore City;New World Metro Queen St;New World Mt Roskill;New World Mt Albert;Pak 'n Save Mt Albert;New World Point Chevalier,6,16,24165.87,06:42:45
Sat_01568,New World Mt Roskill;Pak 'n Save Mangere;New World Southmall;Four Square Pakuranga Heights;New World Botany,5,16,24170.52,06:42:50
Sat_01569,New World Mt Roskill;Pak 'n Save Mt Albert;New World Mt Albert;New World Point Chevalier;Four Square Glen Eden;Four Square Ellerslie;Four Square Remuera,7,16,24177.81,06:42:57
Sat_01570,New World Mt Roskill;Pak 'n Save Mt Albert;New World Point Chevalier;Four Square Glen Eden;New World New Lynn;Four Square Eden Terrace;Four Square Remuera,7,16,24178.18,06:42:58
Sat_01571,New World Mt Roskill;New World Mt Albert;New World Point Chevalier;New World Newmarket;New World Southmall;Four Square Botany Junction;Four Square Onehunga,7,16,24180.59,06:43:00
Sat_01572,New World Mt Roskill;Four Square Hobsonville;New World Hobsonville;New World Albany;Pak 'n Save Albany;Four Square Fair Price Henderson,6,16,24183.45,06:43:03
Sat_01573,New World Mt Roskill;Four Square Eden Terrace;New World Newmarket;New World Metro Queen St;Pak 'n Save Glen Innes;Four Square St Heliers;Four Square Remuera,7,16,24183.97,06:43:03
Sat_01574,New World Mt Roskill;Pak 'n Save Ormiston;New World Ormiston;Four Square Botany Junction;New World Papakura;Four Square Onehunga,6,16,24186.5,06:43:06
Sat_01575,New World Mt Roskill;Pak 'n Save Mt Albert;Four Square Pakuranga Heights;New World Botany;New World Howick;Four Square Botany Junction,6,16,24189.04,06:43:09
Sat_01576,New World Mt Roskill;Pak 'n Save Mt Albert;New World Mt Albert;Four Square Botany Junction;New World Ormiston;Four Square Pakuranga Heights,6,16,24195.2,06:43:15
Sat_01577,New World Mt Roskill;Four Square Glen Eden;New World Green Bay;New World New Lynn;New World Mt Albert;New World Point Chevalier;Four Square Hobsonville,7,16,24204.34,06:43:24
Sat_01578,New World Mt Roskill;Pak 'n Save Mangere;New World Papatoetoe;New World Southmall;Four Square Botany Junction;Four Square Remuera,6,16,24208.39,06:43:28
Sat_01579,New World Mt Roskill;Pak 'n Save Mt Albert;New World Mt Albert;New World Victoria Park;Four Square Remuera;Four Square Ellerslie;Four Square Fair Price Henderson,7,16,24208.98,06:43:28
Sat_01580,New World Mt Roskill;Pak 'n Save Mt Albert;New World Point Chevalier;New World Remuera;Four Square Remuera;Four Square Ellerslie;Four Square Eden Terrace;Four Square Hobsonville,8,16,24209.65,06:43:29
Sat_01581,New World Mt Roskill;New World Remuera;Four Square Remuera;New World Newmarket;Four Square Ellerslie;New World Stonefields;New World Eastridge;Four Square St Heliers,8,16,24211.68,06:43:31
Sat_01582,New World Mt Roskill;Pak 'n Save Lincoln Road;Four Square Fair Price Henderson;Four Square Hobsonville;New World Hobsonville;Four Square Eden Terrace;Four Square Remuera,7,16,24212.84,06:43:32
Sat_01583,New World Mt Roskill;Pak 'n Save Royal Oak;Four Square Onehunga;Pak 'n Save Westgate;Four Square Hobsonville;New World Metro Shore City,6,16,24218.02,06:43:38
Sat_01584,Pak 'n Save Clendon;Pak 'n Save Papakura;New World Papakura;Four Square Ellerslie,4,16,24220.96,06:43:40
Sat_01585,Pak 'n Save Mt Albert;New World Mt Roskill;New World New Lynn;New World Green Bay;Four Square Glen Eden;Four Square Fair Price Henderson;Four Square Hobsonville,7,16,24221.94,06:43:41
Sat_01586,New World Mt Roskill;New World Point Chevalier;New World Mt Albert;Four Square Eden Terrace;New World Newmarket;New World Victoria Park;Four Square Lancaster,7,16,24228.38,06:43:48
Sat_01587,New World Mt Roskill;New World Mt Albert;New World Metro Queen St;New World Victoria Park;Four Square Eden Terrace;Pak 'n Save Highland Park,6,16,24231.04,06:43:51
Sat_01588,Four Square Hobsonville;New World Hobsonville;Pak 'n Save Westgate;Four Square Fair Price Henderson;New World Mt Albert;New World Victoria Park,6,16,24233.04,06:43:53
Sat_01589,New World Mt Roskill;Pak 'n Save Mt Albert;New World Mt Albert;New World Point Chevalier;Four Square Glen Eden;Four Square Eden Terrace;Four Square Ellerslie,7,16,24233.53,06:43:53
Sat_01590,New World Mt Roskill;Pak 'n Save Mt Albert;New World Mt Albert;New World Point Chevalier;Four Square Lancaster;New World Metro Shore City;Four Square Eden Terrace,7,16,24248.95,06:44:08
Sat_01591,New World Mt Roskill;Pak 'n Save Mt Albert;New World New Lynn;New World Metro Queen St;Four Square Eden Terrace;New World Birkenhead,6,16,24250.58,06:44:10
Sat_01592,New World Mt Roskill;Pak 'n Save Mt Albert;New World Mt Albert;Four Square Hobsonville;New World Hobsonville;New World Browns Bay,6,16,24252.05,06:44:12
Sat_01593,Pak 'n Save Royal Oak;Four Square Onehunga;Pak 'n Save Mangere;New World Howick,4,16,24253.74,06:44:13
Sat_01594,New World Mt Roskill;New World Mt Albert;New World Point Chevalier;New World Milford;New World Metro Shore City;Four Square Lancaster;New World Birkenhead,7,16,24271.6,06:44:31
Sat_01595,New World Birkenhead;Pak 'n Save Wairau Road;Pak 'n Save Albany;New World Browns Bay,4,16,24271.9,06:44:31
Sat_01596,New World Mt Roskill;New World Mt Albert;Four Square Hobsonville;New World Hobsonville;Pak 'n Save Sylvia Park;Four Square Ellerslie,6,16,24274.81,06:44:34
Sat_01597,New World Mt Roskill;New World Green Bay;New World Papatoetoe;Pak 'n Save Manukau;Four Square Botany Junction;Four Square Ellerslie,6,16,24278.88,06:44:38
Sat_01598,Four Square Remuera;New World Remuera;New World Stonefields;Four Square Eden Terrace;New World Victoria Park;New World Point Chevalier;New World Newmarket,7,16,24279.51,06:44:39
Sat_01599,New World Mt Roskill;Pak 'n Save Royal Oak;Four Square Onehunga;New World Remuera;New World Metro Queen St;Four Square Eden Terrace;Four Square Ellerslie;Four Square St Heliers,8,16,24281.61,06:44:41
Sat_01600,Four Square Ellerslie;Four Square Remuera;Pak 'n Save Highland Park;New World Howick;New World Botany;New World Ormiston,6,16,24282.09,06:44:42
Sat_01601,New World Mt Roskill;New World Mt Albert;New World Point Chevalier;Pak 'n Save Mt Albert;New World Howick,5,16,24282.51,06:44:42
Sat_01602,New World Mt Roskill;New World Mt Albert;New World Point Chevalier;Four Square Eden Terrace;New World Metro Queen St;New World Victoria Park;Four Square Lancaster;New World Metro Shore City,8,16,24287.08,06:44:47
Sat_01603,Four Square St Heliers;New World Eastridge;New World Remuera;Four Square Remuera;Four Square Ellerslie;Four Square Onehunga;Pak 'n Save Royal Oak;Four Square Eden Terrace,8,16,24287.17,06:44:47
Sat_01604,New World Mt Roskill;New World Newmarket;New World Remuera;Four Square Remuera;Four Square Ellerslie;New World Papatoetoe;New World Botany;Four Square Botany Junction,8,16,24290.83,06:44:50
Sat_01605,Pak 'n Save Botany;New World Botany;New World Howick;New World Victoria Park;Four Square Eden Terrace,5,16,24295.74,06:44:55
Sat_01606,Pak 'n Save Highland Park;New World Howick;New World Botany;New World Ormiston;Four Square Botany Junction;Four Square Remuera,6,16,24302.35,06:45:02
Sat_01607,New World Victoria Park;New World Metro Queen St;Four Square Eden Terrace;New World Newmarket;New World Mt Albert;New World Mt Roskill;Four Square Onehunga;Four Square Remuera,8,16,24311.15,06:45:11
Sat_01608,New World Mt Roskill;New World Mt Albert;New World Birkenhead;Four Square Lancaster;Pak 'n Save Albany;Four Square Hobsonville,6,16,24313.47,06:45:13
Sat_01609,New World Mt Roskill;Pak 'n Save Mt Albert;New World Point Chevalier;Four Square Glen Eden;New World Green Bay;Four Square Remuera;Four Square Ellerslie,7,16,24316.41,06:45:16
Sat_01610,New World Mt Roskill;New World Mt Albert;New World Point Chevalier;New World Victoria Park;Four Square Eden Terrace;New World Metro Queen St;Four Square Ellerslie;Four Square St Heliers,8,16,24323.49,06:45:23
Sat_01611,New World Mt Roskill;New World New Lynn;Four Square Glen Eden;New World Ormiston;Pak 'n Save Ormiston;Four Square Botany Junction,6,16,24327.08,06:45:27
Sat_01612,New World Mt Roskill;New World Green Bay;New World Newmarket;Four Square Eden Terrace;Pak 'n Save Mt Albert;Four Square Onehunga;Four Square Ellerslie,7,16,24328.85,06:45:28
Sat_01613,New World New Lynn;Pak 'n Save Henderson;New World Green Bay;Four Square Onehunga;Four Square Ellerslie;Four Square Remuera,6,16,24330.26,06:45:30
Sat_01614,New World Mt Roskill;Four Square Onehunga;Four Square Remuera;Four Square Eden Terrace;New World Metro Queen St;New World New Lynn;Pak 'n Save Mt Albert;Four Square Glen Eden,8,16,24334.52,06:45:34
Sat_01615,New World Mt Roskill;New World Green Bay;New World Point Chevalier;New World Hobsonville;Four Square Hobsonville;New World Victoria Park;Four Square Eden Terrace,7,16,24336.51,06:45:36
Sat_01616,New World Mt Roskill;Pak 'n Save Mt Albert;New World Mt Albert;New World Point Chevalier;Four Square Hobsonville;New World Browns Bay,6,16,24350.41,06:45:50
Sat_01617,New World Mt Roskill;Four Square Eden Terrace;Pak 'n Save Wairau Road;New World Metro Shore City;New World Milford;New World Hobsonville;Four Square Hobsonville,7,16,24353.08,06:45:53
Sat_01618,New World Mt Roskill;Four Square Eden Terrace;New World Metro Queen St;New World Victoria Park;New World Point Chevalier;New World Mt Albert;Four Square Fair Price Henderson;Four Square Onehunga,8,16,24357.82,06:45:57
Sat_01619,Four Square Onehunga;Pak 'n Save Royal Oak;Four Square Ellerslie;Four Square Remuera;New World Remuera;New World Newmarket;Four Square Glen Eden;Four Square Fair Price Henderson,8,16,24360.35,06:46:00
Sat_01620,New World Mt Roskill;New World Birkenhead;New World Mt Albert;Pak 'n Save Royal Oak;Four Square Onehunga;Four Square Ellerslie,6,16,24363.16,06:46:03
Sat_01621,New World Mt Roskill;Four Square Glen Eden;New World New Lynn;New World Point Chevalier;Four Square Remuera;New World Remuera;New World Mt Albert;Four Square Eden Terrace,8,16,24363.53,06:46:03
Sat_01622,New World Mt Roskill;Four Square Onehunga;Pak 'n Save Royal Oak;Four Square Hobsonville;New World Hobsonville;New World Albany,6,16,24367.69,06:46:07
Sat_01623,New World Mt Roskill;New World New Lynn;Pak 'n Save Wairau Road;New World Milford;New World Metro Shore City;New World Remuera,6,16,24369.85,06:46:09
Sat_01624,New World Mt Roskill;New World Mt Albert;Pak 'n Save Royal Oak;Four Square Onehunga;Four Square Eden Terrace;Four Square Pakuranga Heights;Four Square Botany Junction,7,16,24374.02,06:46:14
Sat_01625,Pak 'n Save Manukau;New World Papatoetoe;New World Metro Queen St;New World Victoria Park;Four Square Ellerslie;Four Square Remuera,6,16,24374.53,06:46:14
Sat_01626,New World Mt Roskill;New World Metro Queen St;New World Browns Bay;New World Albany;Pak 'n Save Albany;New World Metro Shore City,6,16,24378.76,06:46:18
Sat_01627,New World Mt Roskill;Pak 'n Save Lincoln Road;Four Square Fair Price Henderson;Four Square Hobsonville;New World Hobsonville;New World Metro Shore City;Four Square Onehunga,7,16,24392.59,06:46:32
Sat_01628,New World Mt Roskill;New World Stonefields;Pak 'n Save Sylvia Park;New World Papatoetoe;Four Square Botany Junction;Four Square Eden Terrace,6,16,24392.84,06:46:32
Sat_01629,New World Mt Roskill;Four Square Onehunga;Pak 'n Save Royal Oak;New World Devonport;New World Eastridge,5,15,24409.33,06:46:49
Sat_01630,New World Mt Roskill;New World Newmarket;Four Square St Heliers;Four Square Remuera;Four Square Ellerslie;New World Remuera;Pak 'n Save Manukau,7,16,24411.23,06:46:51
Sat_01631,New World Metro Queen St;Four Square Eden Terrace;New World Albany;Pak 'n Save Albany;New World Hobsonville;Four Square Hobsonville,6,16,24421.73,06:47:01
Sat_01632,New World Mt Roskill;Pak 'n Save Papakura;New World Papakura;New World Stonefields;Four Square Ellerslie;Four Square Remuera,6,16,24425.65,06:47:05
Sat_01633,New World Mt Roskill;New World Newmarket;New World Victoria Park;New World Metro Queen St;Four Square Eden Terrace;Four Square Glen Eden;New World New Lynn;Four Square Onehunga,8,16,24430.56,06:47:10
Sat_01634,New World Mt Roskill;New World Southmall;Four Square Pakuranga Heights;Pak 'n Save Highland Park;New World Howick;Four Square Botany Junction,6,16,24437.01,06:47:17
Sat_01635,New World Mt Roskill;New World New Lynn;New World Green Bay;Four Square Glen Eden;New World Metro Queen St;Four Square Eden Terrace;New World Newmarket;Four Square Remuera,8,16,24437.67,06:47:17
Sat_01636,New World Mt Roskill;New World New Lynn;Pak 'n Save Mt Albert;Four Square Fair Price Henderson;Four Square Glen Eden;New World Green Bay;Four Square Eden Terrace,7,16,24438.78,06:47:18
Sat_01637,New World Mt Roskill;Pak 'n Save Mt Albert;New World Mt Albert;Four Square Eden Terrace;New World Point Chevalier;Four Square Hobsonville;New World Metro Shore City,7,16,24439.32,06:47:19
Sat_01638,Pak 'n Save Glen Innes;Four Square St Heliers;New World Victoria Park;New World Metro Queen St;New World Newmarket;Four Square Eden Terrace,6,16,24440.54,06:47:20
Sat_01639,New World Papakura;Pak 'n Save Papakura;New World Papatoetoe;Four Square Botany Junction;New World Ormiston,5,16,24453.48,06:47:33
Sat_01640,New World Mt Roskill;Pak 'n Save Mt Albert;New World Green Bay;New World New Lynn;Four Square Glen Eden;Four Square Fair Price Henderson;Four Square Remuera,7,16,24470.39,06:47:50
Sat_01641,New World Devonport;New World Metro Shore City;New World Milford;Pak 'n Save Wairau Road;New World Victoria Park;Four Square Eden Terrace,6,16,24474.23,06:47:54
Sat_01642,New World Mt Roskill;New World Green Bay;Four Square Glen Eden;Pak 'n Save Manukau;Four Square Eden Terrace;New World Point Chevalier,6,16,24480.3,06:48:00
Sat_01643,New World Mt Roskill;New World Mt Albert;Four Square Eden Terrace;Four Square Ellerslie;Four Square Remuera;New World Remuera;New World Stonefields;New World Birkenhead,8,16,24493.89,06:48:13
Sat_01644,New World Mt Roskill;New World Metro Queen St;New World Victoria Park;Four Square Eden Terrace;New World Remuera;Four Square Remuera;Four Square Ellerslie;New World Eastridge;Four Square St Heliers,9,16,24495.24,06:48:15
Sat_01645,New World Mt Albert;Pak 'n Save Mt Albert;New World Mt Roskill;Four Square Onehunga;New World Papatoetoe;Four Square Botany Junction;Four Square Ellerslie,7,16,24495.68,06:48:15
Sat_01646,New World Mt Roskill;New World Hobsonville;Four Square Hobsonville;Pak 'n Save Albany;New World Albany;Four Square Torbay,6,16,24497.33,06:48:17
Sat_01647,New World Mt Roskill;New World Green Bay;Pak 'n Save Sylvia Park;New World Botany;Four Square Pakuranga Heights,5,16,24499.13,06:48:19
Sat_01648,New World Mt Roskill;New World Victoria Park;New World Mt Albert;New World Point Chevalier;Four Square Eden Terrace;New World Metro Queen St;Four Square Onehunga;Four Square Ellerslie,8,16,24504.27,06:48:24
Sat_01649,New World Mt Roskill;Pak 'n Save Mt Albert;New World Point Chevalier;New World New Lynn;New World Albany,5,16,24505.06,06:48:25
Sat_01650,New World Mt Roskill;New World Metro Queen St;New World Victoria Park;Four Square Eden Terrace;Pak 'n Save Royal Oak;Four Square Onehunga;Four Square Hobsonville,7,16,24507.42,06:48:27
Sat_01651,New World Mt Roskill;New World Mt Albert;Pak 'n Save Mt Albert;Four Square Glen Eden;New World Green Bay;Four Square Fair Price Henderson;Four Square Hobsonville,7,16,24507.78,06:48:27
Sat_01652,New World Mt Roskill;New World New Lynn;New World Green Bay;Pak 'n Save Mt Albert;New World Metro Queen St;Four Square Botany Junction,6,16,24513.2,06:48:33
Sat_01653,New World Mt Roskill;New World Southmall;Pak 'n Save Clendon;New World Papatoetoe;Four Square Botany Junction;Four Square Ellerslie,6,16,24514.42,06:48:34
Sat_01654,New World Metro Queen St;New World Eastridge;New World Remuera;Four Square Remuera;Four Square Ellerslie;Four Square Eden Terrace;New World Point Chevalier;New World Victoria Park,8,16,24516.21,06:48:36
Sat_01655,New World Mt Roskill;New World New Lynn;Pak 'n Save Mt Albert;Four Square Glen Eden;New World Green Bay;Four Square Fair Price Henderson;Four Square Onehunga,7,16,24516.43,06:48:36
Sat_01656,New World Mt Roskill;Pak 'n Save Royal Oak;Four Square Onehunga;New World Eastridge;New World Birkenhead;Four Square Lancaster,6,16,24519.86,06:48:39
Sat_01657,New World Papakura;Pak 'n Save Papakura;New World Southmall;New World Mt Albert;Four Square Eden Terrace,5,16,24520.5,06:48:40
Sat_01658,Pak 'n Save Royal Oak;Four Square Onehunga;Four Square Ellerslie;Four Square Remuera;New World Stonefields;Four Square Pakuranga Heights;Four Square St Heliers;Four Square Eden Terrace,8,16,24541.93,06:49:01
Sat_01659,Pak 'n Save Mt Albert;New World Metro Shore City;New World Milford;Pak 'n Save Wairau Road;Four Square Lancaster;Four Square Hobsonville,6,16,24543.28,06:49:03
Sat_01660,New World Point Chevalier;New World Metro Queen St;New World Victoria Park;New World Remuera;Four Square Remuera;Four Square Ellerslie;New World Stonefields;Four Square St Heliers,8,16,24545.03,06:49:05
Sat_01661,New World Long Bay;Four Square Torbay;New World Browns Bay;New World Albany;Pak 'n Save Albany;Four Square Hobsonville,6,16,24557.2,06:49:17
Sat_01662,New World Mt Roskill;Pak 'n Save Royal Oak;New World Remuera;Four Square Remuera;New World Point Chevalier;Four Square Eden Terrace;Four Square St Heliers,7,16,24561.64,06:49:21
Sat_01663,New World Mt Roskill;Four Square Onehunga;Pak 'n Save Royal Oak;Four Square Remuera;New World Newmarket;Four Square Eden Terrace;Four Square Ellerslie;New World Metro Shore City,8,16,24568.56,06:49:28
Sat_01664,New World Mt Roskill;Pak 'n Save Mt Albert;Four Square Glen Eden;New World Green Bay;New World Metro Queen St;New World Birkenhead,6,16,24571.66,06:49:31
Sat_01665,Pak 'n Save Papakura;New World Papakura;Four Square Botany Junction;New World Ormiston;New World Botany,5,16,24587.13,06:49:47
Sat_01666,New World Papakura;Pak 'n Save Papakura;Pak 'n Save Clendon;Four Square Ellerslie,4,16,24589.07,06:49:49
Sat_01667,New World Mt Roskill;Pak 'n Save Henderson;Four Square Fair Price Henderson;New World Hobsonville;Four Square Hobsonville;Four Square Ellerslie;Four Square Remuera,7,16,24595.3,06:49:55
Sat_01668,New World Papakura;Pak 'n Save Papakura;Pak 'n Save Lincoln Road,3,16,24602.36,06:50:02
Sat_01669,New World Mt Roskill;Pak 'n Save Mt Albert;New World Mt Albert;New World Point Chevalier;Four Square Fair Price Henderson;Four Square Glen Eden;Four Square Hobsonville,7,16,24608.23,06:50:08
Sat_01670,Pak 'n Save Papakura;New World Papakura;New World Point Chevalier;New World Mt Albert;Four Square Eden Terrace,5,16,24621.14,06:50:21
Sat_01671,Pak 'n Save Royal Oak;Four Square Onehunga;Four Square Ellerslie;Four Square Remuera;New World Remuera;New World Point Chevalier;Four Square Eden Terrace;New World Metro Shore City,8,16,24629.22,06:50:29
Sat_01672,New World Mt Roskill;Pak 'n Save Mt Albert;New World Green Bay;New World New Lynn;Four Square Lancaster;New World Metro Queen St,6,16,24635.02,06:50:35
Sat_01673,New World Mt Roskill;Four Square Remuera;Four Square Ellerslie;Four Square St Heliers;New World Eastridge;Pak 'n Save Glen Innes;Four Square Eden Terrace;Four Square Onehunga,8,16,24643.19,06:50:43
Sat_01674,New World Point Chevalier;Pak 'n Save Royal Oak;Four Square Onehunga;Four Square Ellerslie;New World Remuera;Four Square Remuera;Four Square Pakuranga Heights,7,16,24652.38,06:50:52
Sat_01675,New World Mt Roskill;Pak 'n Save Glen Innes;New World Eastridge;Four Square Remuera;Four Square Eden Terrace;New World Metro Queen St;Four Square Ellerslie,7,16,24660.21,06:51:00
Sat_01676,New World Mt Roskill;Four Square Onehunga;Pak 'n Save Royal Oak;New World Southmall;New World Stonefields;Four Square St Heliers,6,16,24663.7,06:51:03
Sat_01677,New World Mt Roskill;Pak 'n Save Mt Albert;New World Mt Albert;New World Hobsonville;Four Square Hobsonville;Four Square Fair Price Henderson;Four Square Remuera,7,16,24665.19,06:51:05
Sat_01678,New World Green Bay;Four Square Glen Eden;Pak 'n Save Mangere;New World Southmall;New World Papatoetoe,5,16,24668.85,06:51:08
Sat_01679,New World Browns Bay;Four Square Torbay;New World Long Bay;New World Albany;Pak 'n Save Albany;Four Square Hobsonville,6,16,24681.76,06:51:21
Sat_01680,Four Square Glen Eden;New World Green Bay;New World Mt Albert;New World Point Chevalier;New World Eastridge;New World Remuera;Four Square Remuera,7,16,24687.45,06:51:27
Sat_01681,Four Square Onehunga;Pak 'n Save Royal Oak;New World Remuera;Four Square Hobsonville;New World Hobsonville;Four Square Eden Terrace;New World Metro Queen St,7,16,24688.78,06:51:28
Sat_01682,New World Mt Roskill;New World Ormiston;Pak 'n Save Ormiston;Four Square Botany Junction;New World Papatoetoe;Four Square St Heliers,6,16,24690.36,06:51:30
Sat_01683,New World Mt Roskill;Four Square Onehunga;Pak 'n Save Mt Albert;New World Mt Albert;New World Point Chevalier;Four Square Eden Terrace;Four Square Lancaster,7,16,24696.0,06:51:36
Sat_01684,New World Southmall;Pak 'n Save Papakura;New World Papakura;New World Remuera;Four Square Remuera;Four Square Ellerslie,6,16,24703.23,06:51:43
Sat_01685,New World Mt Roskill;Pak 'n Save Henderson;Four Square Hobsonville;New World Hobsonville;New World Stonefields,5,16,24705.88,06:51:45
Sat_01686,New World Mt Roskill;Pak 'n Save Papakura;New World Papakura;New World Southmall;Four Square Botany Junction;Four Square Ellerslie,6,16,24713.33,06:51:53
Sat_01687,New World Mt Roskill;New World Green Bay;New World New Lynn;Pak 'n Save Ormiston;Four Square Botany Junction;Four Square Ellerslie,6,16,24715.84,06:51:55
Sat_01688,New World Albany;Pak 'n Save Albany;Pak 'n Save Wairau Road;Four Square Lancaster;New World Metro Shore City,5,16,24716.27,06:51:56
Sat_01689,New World Mt Roskill;Four Square Eden Terrace;Pak 'n Save Mt Albert;New World New Lynn;Four Square Glen Eden;New World Green Bay;Four Square Ellerslie,7,16,24718.65,06:51:58
Sat_01690,New World Botany;Pak 'n Save Botany;Four Square Botany Junction;New World Ormiston;Four Square Eden Terrace;New World Remuera,6,16,24730.41,06:52:10
Sat_01691,New World Mt Roskill;New World Browns Bay;New World Albany;Pak 'n Save Albany;New World Long Bay,5,16,24732.58,06:52:12
Sat_01692,New World Mt Roskill;New World Mt Albert;Four Square Lancaster;New World Birkenhead;New World Victoria Park;New World Metro Queen St;Four Square Eden Terrace;Four Square Remuera,8,16,24732.59,06:52:12
Sat_01693,Four Square Torbay;New World Long Bay;Pak 'n Save Albany;New World Albany;New World Milford,5,16,24736.94,06:52:16
Sat_01694,New World Newmarket;New World Hobsonville;Four Square Hobsonville;Pak 'n Save Lincoln Road;New World Remuera,5,16,24740.17,06:52:20
Sat_01695,Four Square Onehunga;Pak 'n Save Royal Oak;Pak 'n Save Mt Albert;New World New Lynn;Four Square Lancaster,5,16,24743.09,06:52:23
Sat_01696,New World Mt Roskill;New World Mt Albert;Pak 'n Save Mt Albert;New World Point Chevalier;Four Square St Heliers;Four Square Eden Terrace;Four Square Ellerslie,7,16,24747.7,06:52:27
Sat_01697,New World Devonport;New World Metro Shore City;New World Milford;Pak 'n Save Wairau Road;New World Hobsonville;Four Square Hobsonville,6,16,24752.0,06:52:32
Sat_01698,New World Mt Roskill;New World Newmarket;New World Victoria Park;New World Metro Queen St;Four Square Eden Terrace;New World Point Chevalier;Four Square Glen Eden;Four Square Fair Price Henderson,8,16,24759.5,06:52:39
Sat_01699,Pak 'n Save Albany;New World Albany;New World Browns Bay;Four Square Torbay;New World Long Bay;New World Metro Shore City,6,16,24760.9,06:52:40
Sat_01700,New World Mt Roskill;Four Square Ellerslie;Four Square Remuera;New World Remuera;Four Square Onehunga;Pak 'n Save Royal Oak;New World Metro Queen St;Four Square Fair Price Henderson,8,16,24764.07,06:52:44
Sat_01701,Pak 'n Save Westgate;Four Square Hobsonville;New World Hobsonville;Pak 'n Save Albany;Four Square Torbay,5,16,24764.65,06:52:44
Sat_01702,New World Mt Roskill;New World Point Chevalier;New World Victoria Park;Four Square Eden Terrace;New World Ormiston;Four Square Botany Junction;New World Botany,7,16,24768.44,06:52:48
Sat_01703,New World Birkenhead;Four Square Lancaster;Pak 'n Save Wairau Road;Pak 'n Save Albany;Four Square Fair Price Henderson,5,16,24783.15,06:53:03
Sat_01704,New World Hobsonville;Four Square Hobsonville;Four Square Fair Price Henderson;Pak 'n Save Lincoln Road;New World Mt Roskill;Four Square Onehunga;Four Square Ellerslie,7,16,24785.8,06:53:05
Sat_01705,Four Square Torbay;New World Long Bay;New World Browns Bay;New World Albany;Pak 'n Save Albany;Four Square Hobsonville,6,16,24789.04,06:53:09
Sat_01706,New World Mt Roskill;New World Mt Albert;New World Metro Shore City;New World Milford;Pak 'n Save Wairau Road;Four Square Lancaster;Four Square Ellerslie,7,16,24795.28,06:53:15
Sat_01707,New World Long Bay;Four Square Torbay;New World Browns Bay;Pak 'n Save Albany;New World Albany;Four Square Eden Terrace,6,16,24801.61,06:53:21
Sat_01708,New World Ormiston;Pak 'n Save Ormiston;New World Botany;New World Howick;Four Square St Heliers,5,16,24802.17,06:53:22
Sat_01709,New World Mt Roskill;Four Square Onehunga;Four Square Glen Eden;New World Green Bay;New World New Lynn;Pak 'n Save Mt Albert;Four Square Hobsonville,7,16,24806.92,06:53:26
Sat_01710,New World Mt Roskill;Four Square Onehunga;Pak 'n Save Royal Oak;New World Long Bay;Four Square Torbay;New World Browns Bay;Four Square Hobsonville,7,16,24807.86,06:53:27
Sat_01711,New World Mt Roskill;Pak 'n Save Mt Albert;New World Mt Albert;Four Square Eden Terrace;New World Point Chevalier;Four Square Hobsonville;Four Square Lancaster,7,16,24808.73,06:53:28
Sat_01712,New World Mt Roskill;Four Square Eden Terrace;New World Point Chevalier;New World Metro Shore City;New World Birkenhead;Four Square Lancaster;Pak 'n Save Wairau Road,7,16,24813.66,06:53:33
Sat_01713,Pak 'n Save Westgate;New World Hobsonville;Four Square Hobsonville;New World Albany;Four Square Torbay;New World Long Bay,6,16,24824.23,06:53:44
Sat_01714,New World Howick;Pak 'n Save Highland Park;Four Square Pakuranga Heights;Four Square Botany Junction;New World Ormiston;Four Square Ellerslie;Four Square Remuera,7,16,24827.88,06:53:47
Sat_01715,New World Botany;Pak 'n Save Botany;Four Square Glen Eden;New World Green Bay;New World New Lynn,5,16,24828.26,06:53:48
Sat_01716,New World Mt Albert;Pak 'n Save Mt Albert;Pak 'n Save Clendon;Four Square Pakuranga Heights,4,16,24831.27,06:53:51
Sat_01717,Pak 'n Save Albany;New World Albany;New World Long Bay;Four Square Torbay;New World Browns Bay;New World Metro Shore City,6,16,24831.55,06:53:51
Sat_01718,New World Howick;Pak 'n Save Highland Park;Four Square Pakuranga Heights;Four Square Botany Junction;New World Ormiston;New World Metro Queen St,6,16,24849.08,06:54:09
Sat_01719,New World Papatoetoe;New World Southmall;Pak 'n Save Clendon;New World Papakura;Four Square Botany Junction,5,16,24849.5,06:54:09
Sat_01720,New World Albany;Pak 'n Save Albany;New World Browns Bay;Four Square Torbay;New World Long Bay;New World Metro Shore City,6,16,24854.79,06:54:14
Sat_01721,New World Mt Roskill;New World Papatoetoe;Pak 'n Save Manukau;New World Papakura;Four Square Pakuranga Heights,5,16,24855.24,06:54:15
Sat_01722,New World Mt Roskill;New World Remuera;New World Stonefields;Four Square Ellerslie;Four Square Onehunga;Pak 'n Save Highland Park;Four Square Pakuranga Heights,7,16,24856.43,06:54:16
Sat_01723,New World Mt Roskill;Pak 'n Save Mt Albert;New World Mt Albert;New World Metro Queen St;Four Square Remuera;Four Square Ellerslie;Four Square Onehunga;Four Square St Heliers,8,16,24857.96,06:54:17
Sat_01724,Four Square Hobsonville;New World Hobsonville;Four Square Fair Price Henderson;Pak 'n Save Lincoln Road;New World Metro Queen St;Four Square Ellerslie;Four Square Remuera,7,16,24871.92,06:54:31
Sat_01725,New World Mt Roskill;Pak 'n Save Henderson;Four Square Fair Price Henderson;Four Square Hobsonville;New World Hobsonville;New World Browns Bay,6,16,24873.96,06:54:33
Sat_01726,New World Green Bay;New World Papatoetoe;Pak 'n Save Manukau;Four Square Botany Junction;New World Papakura,5,16,24874.68,06:54:34
Sat_01727,New World Mt Roskill;Pak 'n Save Mt Albert;New World Point Chevalier;Four Square Lancaster;New World Birkenhead;New World Metro Shore City;Four Square Remuera,7,16,24879.17,06:54:39
Sat_01728,New World Mt Roskill;Pak 'n Save Mt Albert;New World Point Chevalier;New World Mt Albert;New World Browns Bay;Four Square Torbay,6,16,24880.53,06:54:40
Sat_01729,Four Square Torbay;New World Long Bay;New World Browns Bay;New World Albany;Pak 'n Save Albany;Four Square Onehunga,6,16,24890.85,06:54:50
Sat_01730,New World Mt Roskill;Four Square Hobsonville;New World Hobsonville;New World Metro Shore City;New World Milford;Pak 'n Save Albany,6,16,24890.87,06:54:50
Sat_01731,New World Albany;Pak 'n Save Albany;New World Metro Shore City;Pak 'n Save Wairau Road;Four Square Lancaster,5,16,24903.6,06:55:03
Sat_01732,New World Mt Roskill;Pak 'n Save Mt Albert;Four Square Glen Eden;New World Green Bay;New World New Lynn;Four Square Eden Terrace;Four Square Hobsonville,7,16,24905.53,06:55:05
Sat_01733,Four Square Pakuranga Heights;Pak 'n Save Highland Park;New World Howick;New World Stonefields;Four Square St Heliers;Four Square Remuera;Four Square Ellerslie,7,16,24916.01,06:55:16
Sat_01734,New World Victoria Park;New World Metro Queen St;New World Newmarket;Four Square Eden Terrace;Four Square Remuera;New World Remuera;Four Square Onehunga;New World Mt Roskill;Four Square Glen Eden,9,16,24920.6,06:55:20
Sat_01735,New World Mt Roskill;New World Green Bay;New World New Lynn;Four Square Glen Eden;Pak 'n Save Mangere;Four Square Botany Junction,6,16,24923.05,06:55:23
Sat_01736,New World Mt Roskill;New World New Lynn;New World Green Bay;Four Square Glen Eden;Pak 'n Save Mt Albert;Four Square Botany Junction;Four Square Onehunga,7,16,24947.83,06:55:47
Sat_01737,New World Mt Roskill;New World New Lynn;New World Green Bay;Four Square Glen Eden;Pak 'n Save Mt Albert;Four Square Onehunga;Four Square St Heliers,7,16,24950.79,06:55:50
Sat_01738,New World Mt Roskill;Four Square Glen Eden;New World Point Chevalier;Pak 'n Save Mt Albert;New World Mt Albert;Four Square Fair Price Henderson;Four Square Hobsonville,7,16,24950.97,06:55:50
Sat_01739,New World Albany;Pak 'n Save Albany;Four Square Ellerslie;Four Square Remuera;New World Stonefields;New World Remuera,6,16,24951.76,06:55:51
Sat_01740,Four Square Torbay;New World Long Bay;New World Browns Bay;New World Albany;Pak 'n Save Albany;New World Metro Shore City,6,16,24957.53,06:55:57
Sat_01741,Four Square Ellerslie;Pak 'n Save Sylvia Park;Four Square Eden Terrace;Pak 'n Save Glen Innes;Four Square St Heliers;Four Square Remuera,6,16,24960.89,06:56:00
Sat_01742,New World Mt Roskill;Four Square Eden Terrace;New World Metro Queen St;New World Victoria Park;New World Stonefields;Four Square Ellerslie;New World Remuera;Four Square Remuera;Four Square St Heliers,9,16,24962.54,06:56:02
Sat_01743,New World Mt Roskill;Pak 'n Save Mt Albert;New World Point Chevalier;New World Remuera;Four Square Remuera;Four Square Ellerslie;Four Square Lancaster;Four Square Eden Terrace,8,16,24967.85,06:56:07
Sat_01744,New World Eastridge;New World Stonefields;Four Square Ellerslie;Four Square Remuera;New World Remuera;New World Newmarket;Four Square Onehunga;New World Metro Queen St,8,16,24968.81,06:56:08
Sat_01745,New World Mt Roskill;New World Metro Shore City;New World Milford;New World Albany;Pak 'n Save Albany;Four Square Torbay,6,16,24976.67,06:56:16
Sat_01746,New World Newmarket;Four Square Eden Terrace;New World Metro Queen St;New World Victoria Park;New World Point Chevalier;Four Square Lancaster;New World Birkenhead,7,16,24989.82,06:56:29
Sat_01747,New World Mt Roskill;Four Square Hobsonville;New World Hobsonville;Pak 'n Save Westgate;New World Milford;New World Metro Shore City;Four Square Ellerslie,7,16,24990.78,06:56:30
Sat_01748,Pak 'n Save Clendon;New World Southmall;Pak 'n Save Papakura;Four Square Glen Eden,4,16,24998.11,06:56:38
Sat_01749,New World Mt Roskill;Pak 'n Save Mt Albert;New World Mt Albert;Four Square St Heliers;Pak 'n Save Wairau Road,5,16,24999.33,06:56:39
Sat_01750,Four Square Glen Eden;New World New Lynn;New World Green Bay;Pak 'n Save Mt Albert;New World Birkenhead;Four Square Lancaster,6,16,25001.22,06:56:41
Sat_01751,Four Square Onehunga;Four Square Ellerslie;Four Square Remuera;New World Remuera;Four Square St Heliers;Pak 'n Save Glen Innes;New World Eastridge;Four Square Fair Price Henderson,8,16,25015.08,06:56:55
Sat_01752,New World Mt Roskill;New World Eastridge;Four Square St Heliers;New World Papatoetoe;Pak 'n Save Ormiston;Four Square Botany Junction,6,16,25015.13,06:56:55
Sat_01753,New World Mt Roskill;Four Square Onehunga;Four Square Eden Terrace;New World Remuera;Four Square Remuera;Four Square Ellerslie;New World Stonefields;New World Point Chevalier;Four Square Botany Junction,9,15,25019.6,06:56:59
Sat_01754,New World New Lynn;New World Green Bay;Pak 'n Save Henderson;Four Square Fair Price Henderson;Four Square Glen Eden;Four Square Hobsonville,6,16,25032.04,06:57:12
Sat_01755,New World Mt Roskill;New World New Lynn;New World Green Bay;New World Remuera;Four Square Remuera;Four Square Ellerslie;New World Stonefields;Four Square Botany Junction,8,16,25032.04,06:57:12
Sat_01756,New World Mt Roskill;Pak 'n Save Clendon;Four Square Glen Eden;New World Green Bay;New World New Lynn;Four Square Onehunga,6,16,25032.61,06:57:12
Sat_01757,New World Mt Roskill;Pak 'n Save Mangere;New World Papatoetoe;New World Howick;Four Square Botany Junction;Four Square Ellerslie,6,16,25034.0,06:57:14
Sat_01758,Pak 'n Save Royal Oak;Four Square Onehunga;Four Square Torbay;New World Long Bay;New World Browns Bay;New World Albany,6,16,25039.91,06:57:19
Sat_01759,New World Mt Roskill;Pak 'n Save Mangere;New World New Lynn;New World Mt Albert;Four Square Eden Terrace;New World Metro Shore City,6,16,25040.28,06:57:20
Sat_01760,New World Mt Roskill;New World Mt Albert;New World Victoria Park;New World Metro Queen St;New World Newmarket;New World Long Bay,6,16,25049.07,06:57:29
Sat_01761,New World Mt Roskill;Pak 'n Save Westgate;Four Square Hobsonville;New World Hobsonville;Four Square Torbay;New World Long Bay;New World Metro Shore City,7,16,25058.41,06:57:38
Sat_01762,New World Mt Roskill;Four Square Glen Eden;New World Green Bay;Pak 'n Save Mt Albert;New World Mt Albert;Four Square St Heliers;Four Square Ellerslie,7,16,25062.65,06:57:42
Sat_01763,New World Mt Roskill;Four Square Eden Terrace;New World Newmarket;Four Square Glen Eden;New World New Lynn;Pak 'n Save Mt Albert;Four Square Remuera,7,16,25065.71,06:57:45
Sat_01764,New World Mt Roskill;New World Birkenhead;Four Square Lancaster;Pak 'n Save Wairau Road;New World Milford;New World Metro Shore City;Four Square Glen Eden,7,16,25068.12,06:57:48
Sat_01765,Four Square Botany Junction;Pak 'n Save Ormiston;New World Ormiston;Four Square Pakuranga Heights;New World Botany;Four Square St Heliers,6,16,25070.38,06:57:50
Sat_01766,New World Mt Roskill;New World Newmarket;Four Square Remuera;Four Square Ellerslie;New World Papatoetoe;New World Ormiston;Four Square Botany Junction;Four Square Pakuranga Heights,8,16,25073.78,06:57:53
Sat_01767,New World Mt Roskill;New World New Lynn;Four Square Onehunga;Pak 'n Save Royal Oak;Four Square Ellerslie;Four Square Remuera;Four Square Eden Terrace;Four Square Botany Junction,8,16,25076.13,06:57:56
Sat_01768,Four Square Onehunga;Pak 'n Save Royal Oak;Four Square Ellerslie;New World Stonefields;New World Remuera;Four Square Remuera;Four Square St Heliers;Four Square Fair Price Henderson,8,16,25094.31,06:58:14
Sat_01769,New World Albany;Pak 'n Save Albany;Four Square Torbay;New World Long Bay;New World Browns Bay;Four Square Onehunga,6,16,25103.78,06:58:23
Sat_01770,New World Mt Roskill;Pak 'n Save Lincoln Road;Four Square Fair Price Henderson;New World Newmarket;New World Metro Queen St;Four Square Lancaster,6,16,25117.44,06:58:37
Sat_01771,Pak 'n Save Papakura;New World Papakura;New World Remuera;Four Square Ellerslie;Four Square Remuera;New World Stonefields,6,16,25117.81,06:58:37
Sat_01772,New World Mt Roskill;Pak 'n Save Westgate;Four Square Hobsonville;New World Hobsonville;New World Birkenhead;Four Square Lancaster;New World Metro Shore City,7,16,25117.95,06:58:37
Sat_01773,Four Square Eden Terrace;New World Metro Queen St;New World Victoria Park;New World Birkenhead;Four Square Remuera;Pak 'n Save Glen Innes,6,16,25120.8,06:58:40
Sat_01774,New World Mt Roskill;New World New Lynn;New World Green Bay;New World Southmall;New World Papatoetoe;Four Square Ellerslie;Four Square Remuera,7,16,25124.59,06:58:44
Sat_01775,New World New Lynn;Four Square Glen Eden;New World Mt Roskill;New World Stonefields;Pak 'n Save Glen Innes;Four Square St Heliers,6,16,25125.07,06:58:45
Sat_01776,New World Mt Roskill;New World Southmall;New World Papakura;Pak 'n Save Papakura;Four Square Eden Terrace;Four Square Remuera,6,16,25125.34,06:58:45
Sat_01777,New World Mt Roskill;New World Mt Albert;New World Point Chevalier;Pak 'n Save Albany;New World Metro Shore City;Four Square Hobsonville,6,16,25150.95,06:59:10
Sat_01778,New World Mt Roskill;New World New Lynn;Four Square Glen Eden;New World Green Bay;Pak 'n Save Mt Albert;Four Square Remuera;Four Square Botany Junction,7,16,25153.72,06:59:13
Sat_01779,Pak 'n Save Albany;New World Albany;New World Browns Bay;Four Square Torbay;New World Long Bay;Four Square Fair Price Henderson,6,16,25164.9,06:59:24
Sat_01780,New World Mt Roskill;Pak 'n Save Mt Albert;New World New Lynn;New World Green Bay;Four Square Hobsonville;Four Square Eden Terrace;Four Square Remuera,7,16,25165.24,06:59:25
Sat_01781,New World Mt Roskill;Pak 'n Save Royal Oak;Four Square Onehunga;Four Square Fair Price Henderson;Four Square Glen Eden;New World New Lynn;New World Remuera,7,16,25167.67,06:59:27
Sat_01782,New World Albany;Pak 'n Save Albany;Four Square Torbay;New World Long Bay;New World Browns Bay;New World Metro Shore City,6,16,25170.46,06:59:30
Sat_01783,New World Mt Roskill;Pak 'n Save Mt Albert;New World Point Chevalier;Four Square Hobsonville;New World Hobsonville;Four Square Torbay;New World Metro Shore City,7,16,25175.99,06:59:35
Sat_01784,New World Mt Roskill;Four Square Onehunga;New World Remuera;Four Square Ellerslie;Four Square Remuera;New World Stonefields;New World Newmarket;New World Metro Queen St;Four Square Hobsonville,9,16,25182.97,06:59:42
Sat_01785,New World Mt Roskill;New World Point Chevalier;Four Square Eden Terrace;Four Square Ellerslie;Four Square Remuera;New World Remuera;New World Eastridge;Four Square St Heliers;Four Square Pakuranga Heights,9,16,25189.76,06:59:49
Sat_01786,New World Howick;Pak 'n Save Highland Park;Four Square Ellerslie;Four Square Remuera;New World Remuera;New World Eastridge;Four Square St Heliers,7,16,25194.99,06:59:54
Sat_01787,New World Eastridge;New World Botany;Pak 'n Save Botany;Four Square Pakuranga Heights;New World Metro Shore City,5,15,25197.09,06:59:57
Sat_01788,New World Mt Roskill;Pak 'n Save Mt Albert;New World Point Chevalier;New World New Lynn;Four Square Onehunga;Four Square Eden Terrace;Four Square Botany Junction,7,16,25200.49,07:00:00
Sat_01789,New World Mt Roskill;Pak 'n Save Mangere;New World Southmall;New World Papakura;Four Square Onehunga;Four Square Ellerslie,6,16,25204.96,07:00:04
Sat_01790,New World Hobsonville;Four Square Hobsonville;New World Browns Bay;New World Albany;Pak 'n Save Albany;Four Square Torbay,6,16,25232.35,07:00:32
Sat_01791,New World Mt Roskill;Pak 'n Save Mt Albert;New World Mt Albert;New World Newmarket;Four Square Glen Eden;Four Square Eden Terrace;Four Square Ellerslie,7,16,25240.26,07:00:40
Sat_01792,New World Long Bay;Four Square Torbay;New World Albany;Pak 'n Save Albany;New World Browns Bay;Four Square Hobsonville,6,16,25246.96,07:00:46
Sat_01793,New World Mt Roskill;New World Birkenhead;Four Square Lancaster;Pak 'n Save Wairau Road;New World Albany;Four Square Hobsonville;Four Square Fair Price Henderson,7,16,25248.2,07:00:48
Sat_01794,New World Devonport;New World Metro Shore City;Pak 'n Save Wairau Road;New World Milford;New World Long Bay,5,15,25250.66,07:00:50
Sat_01795,New World Mt Roskill;Four Square Eden Terrace;New World Newmarket;Pak 'n Save Mt Albert;New World Mt Albert;Four Square Fair Price Henderson;Four Square Remuera,7,16,25256.41,07:00:56
Sat_01796,New World Mt Roskill;New World Mt Albert;Pak 'n Save Mt Albert;New World New Lynn;Four Square Glen Eden;New World Browns Bay,6,16,25271.85,07:01:11
Sat_01797,New World Mt Roskill;Four Square Onehunga;Pak 'n Save Royal Oak;New World Victoria Park;New World Metro Queen St;Four Square Glen Eden;Four Square Hobsonville,7,16,25289.67,07:01:29
Sat_01798,Pak 'n Save Manukau;New World Papatoetoe;New World Metro Shore City;New World Milford;New World Hobsonville,5,16,25303.04,07:01:43
Sat_01799,New World Mt Roskill;New World Mt Albert;Pak 'n Save Mt Albert;New World New Lynn;Four Square Glen Eden;Four Square Fair Price Henderson;Four Square Lancaster,7,16,25307.98,07:01:47
Sat_01800,New World Milford;New World Metro Shore City;Pak 'n Save Wairau Road;Pak 'n Save Albany;Four Square Torbay,5,16,25313.24,07:01:53
Sat_01801,New World Long Bay;Four Square Torbay;New World Browns Bay;New World Albany;Pak 'n Save Albany;Four Square Lancaster,6,16,25315.35,07:01:55
Sat_01802,New World Mt Roskill;Pak 'n Save Mt Albert;New World Mt Albert;Four Square Hobsonville;New World Hobsonville;Four Square Fair Price Henderson;New World Metro Shore City,7,16,25327.11,07:02:07
Sat_01803,Four Square Lancaster;New World Birkenhead;New World Metro Shore City;New World Milford;Pak 'n Save Wairau Road;New World Albany,6,16,25328.74,07:02:08
Sat_01804,Pak 'n Save Albany;New World Albany;New World Browns Bay;Four Square Torbay;New World Long Bay;Four Square Remuera,6,16,25335.59,07:02:15
Sat_01805,New World Mt Roskill;New World Mt Albert;New World Remuera;Four Square Remuera;New World Stonefields;New World Southmall;Four Square Botany Junction;Four Square Ellerslie,8,16,25336.42,07:02:16
Sat_01806,New World Mt Roskill;New World Mt Albert;New World Point Chevalier;New World Metro Shore City;New World Albany;Four Square Torbay;New World Long Bay,7,16,25337.79,07:02:17
Sat_01807,New World Mt Roskill;New World Green Bay;Pak 'n Save Mt Albert;New World Point Chevalier;New World Browns Bay;Four Square Torbay,6,16,25344.73,07:02:24
Sat_01808,New World Mt Roskill;New World Point Chevalier;Four Square Fair Price Henderson;Pak 'n Save Lincoln Road;Four Square Hobsonville;Four Square Lancaster;New World Metro Shore City,7,16,25345.43,07:02:25
Sat_01809,New World Mt Roskill;New World Mt Albert;Pak 'n Save Mangere;New World Papatoetoe;Four Square Botany Junction;Four Square Glen Eden,6,16,25347.09,07:02:27
Sat_01810,Pak 'n Save Clendon;New World Southmall;Pak 'n Save Papakura;Four Square St Heliers,4,16,25349.21,07:02:29
Sat_01811,New World Milford;Pak 'n Save Wairau Road;New World Mt Albert;New World Point Chevalier;Four Square Onehunga;Four Square Ellerslie,6,16,25356.16,07:02:36
Sat_01812,New World Devonport;New World Metro Shore City;New World Milford;Pak 'n Save Wairau Road;New World Birkenhead;Four Square Lancaster,6,16,25362.08,07:02:42
Sat_01813,New World Mt Roskill;Pak 'n Save Mt Albert;New World Point Chevalier;Four Square Glen Eden;New World Green Bay;Four Square Remuera;Four Square St Heliers,7,16,25373.83,07:02:53
Sat_01814,Pak 'n Save Manukau;New World Southmall;Pak 'n Save Clendon;New World Metro Shore City,4,16,25383.49,07:03:03
Sat_01815,New World Mt Roskill;New World Mt Albert;Four Square Glen Eden;New World Eastridge;Pak 'n Save Glen Innes;Four Square St Heliers,6,16,25384.71,07:03:04
Sat_01816,New World Mt Roskill;New World Green Bay;New World Papatoetoe;Pak 'n Save Manukau;Four Square Ellerslie;Four Square Fair Price Henderson,6,16,25384.8,07:03:04
Sat_01817,New World Metro Shore City;New World Milford;Pak 'n Save Wairau Road;New World Albany;New World Browns Bay;Four Square Torbay;Four Square Onehunga,7,16,25397.04,07:03:17
Sat_01818,New World Hobsonville;Four Square Hobsonville;Pak 'n Save Westgate;New World Milford;New World Metro Shore City;Four Square Eden Terrace;New World Remuera,7,16,25405.14,07:03:25
Sat_01819,New World Mt Roskill;Four Square Fair Price Henderson;Four Square Glen Eden;Pak 'n Save Henderson;New World New Lynn;Four Square Onehunga;Four Square Ellerslie,7,16,25411.49,07:03:31
Sat_01820,New World Browns Bay;Four Square Torbay;New World Long Bay;New World Milford;New World Metro Shore City;New World Victoria Park;New World Metro Queen St;Four Square Eden Terrace,8,16,25414.93,07:03:34
Sat_01821,New World Mt Roskill;New World Mt Albert;Pak 'n Save Mt Albert;New World Hobsonville;Four Square Hobsonville;Four Square Pakuranga Heights,6,16,25431.35,07:03:51
Sat_01822,Four Square Hobsonville;New World Hobsonville;New World Eastridge;New World Remuera;Four Square Remuera;Four Square Onehunga;New World Newmarket;Four Square Ellerslie,8,15,25445.92,07:04:05
Sat_01823,New World Southmall;Pak 'n Save Manukau;New World Papatoetoe;Four Square Pakuranga Heights;Four Square Botany Junction;Four Square Ellerslie,6,16,25449.38,07:04:09
Sat_01824,Four Square Hobsonville;New World Hobsonville;Pak 'n Save Wairau Road;New World Albany;Four Square Torbay;New World Long Bay,6,16,25455.23,07:04:15
Sat_01825,Four Square Torbay;New World Long Bay;Pak 'n Save Albany;New World Albany;New World Browns Bay;New World Metro Shore City,6,16,25467.41,07:04:27
Sat_01826,New World Mt Albert;Four Square Eden Terrace;Four Square Ellerslie;Four Square Remuera;Pak 'n Save Royal Oak;Four Square Onehunga;Four Square Pakuranga Heights;Four Square St Heliers,8,16,25471.93,07:04:31
Sat_01827,New World Mt Roskill;Pak 'n Save Mt Albert;New World Mt Albert;Four Square Eden Terrace;Four Square Fair Price Henderson;New World Birkenhead;Four Square Lancaster,7,16,25485.66,07:04:45
Sat_01828,Pak 'n Save Royal Oak;Four Square Onehunga;New World Mt Roskill;Four Square Pakuranga Heights;New World Mt Albert;Four Square Eden Terrace;Four Square Ellerslie,7,16,25497.08,07:04:57
Sat_01829,New World Mt Roskill;Pak 'n Save Royal Oak;Four Square Onehunga;New World Milford;New World Metro Shore City;New World Long Bay,6,16,25509.26,07:05:09
Sat_01830,New World Mt Roskill;Pak 'n Save Mt Albert;New World New Lynn;New World Point Chevalier;Four Square Botany Junction;Four Square Onehunga;Four Square Ellerslie,7,16,25511.02,07:05:11
Sat_01831,New World Mt Roskill;Pak 'n Save Mt Albert;New World New Lynn;Four Square Glen Eden;New World Green Bay;Four Square Lancaster;New World Metro Shore City,7,16,25511.55,07:05:11
Sat_01832,New World Mt Roskill;Pak 'n Save Mt Albert;New World New Lynn;Pak 'n Save Wairau Road;Four Square Botany Junction,5,16,25511.98,07:05:11
Sat_01833,New World Mt Roskill;Pak 'n Save Lincoln Road;Four Square Fair Price Henderson;New World Milford;New World Metro Shore City;Four Square Onehunga;Four Square Ellerslie,7,16,25519.66,07:05:19
Sat_01834,New World Mt Roskill;Pak 'n Save Mt Albert;Pak 'n Save Royal Oak;Four Square Onehunga;Four Square Botany Junction;New World Metro Shore City,6,16,25523.58,07:05:23
Sat_01835,New World Mt Roskill;New World Mt Albert;New World Metro Queen St;New World Victoria Park;New World Remuera;Four Square Remuera;Four Square Ellerslie;Four Square Eden Terrace;Four Square Botany Junction,9,16,25527.17,07:05:27
Sat_01836,New World Mt Roskill;New World Victoria Park;New World Devonport;Pak 'n Save Henderson;Four Square Fair Price Henderson,5,16,25536.8,07:05:36
Sat_01837,New World Mt Roskill;New World Mt Albert;New World Point Chevalier;New World Milford;New World Metro Shore City;Four Square Torbay;New World Long Bay,7,16,25537.64,07:05:37
Sat_01838,New World Mt Roskill;New World Mt Albert;New World Point Chevalier;New World Green Bay;New World Papatoetoe;Four Square Botany Junction;Four Square Remuera,7,16,25581.27,07:06:21
Sat_01839,Pak 'n Save Mt Albert;New World Mt Roskill;New World Mt Albert;New World Point Chevalier;Four Square Fair Price Henderson;Four Square St Heliers;Four Square Onehunga,7,16,25582.07,07:06:22
Sat_01840,New World Devonport;New World Milford;Pak 'n Save Wairau Road;New World Point Chevalier;Four Square Eden Terrace;Four Square Onehunga,6,16,25583.48,07:06:23
Sat_01841,Pak 'n Save Clendon;Pak 'n Save Mangere;Four Square Onehunga;New World Metro Queen St;New World Metro Shore City,5,16,25588.02,07:06:28
Sat_01842,New World Mt Roskill;New World Birkenhead;Pak 'n Save Sylvia Park;Four Square Ellerslie;New World Remuera;Four Square Remuera;Four Square St Heliers,7,16,25589.84,07:06:29
Sat_01843,New World Mt Roskill;Pak 'n Save Mt Albert;New World New Lynn;New World Green Bay;Four Square Torbay;New World Browns Bay,6,16,25591.72,07:06:31
Sat_01844,New World Mt Roskill;Pak 'n Save Mt Albert;New World Mt Albert;Four Square Hobsonville;New World Hobsonville;Four Square St Heliers;Four Square Ellerslie,7,16,25610.68,07:06:50
Sat_01845,New World Mt Roskill;New World New Lynn;New World Metro Queen St;New World Newmarket;New World Victoria Park;New World Metro Shore City;Four Square Ellerslie;Four Square Remuera,8,16,25620.91,07:07:00
Sat_01846,New World Birkenhead;Four Square Lancaster;Pak 'n Save Wairau Road;New World Milford;New World Metro Shore City;Four Square Pakuranga Heights;Four Square Onehunga,7,16,25621.89,07:07:01
Sat_01847,New World Mt Roskill;Pak 'n Save Royal Oak;Four Square Onehunga;New World Long Bay;Four Square Torbay;New World Browns Bay;Four Square Remuera,7,16,25626.63,07:07:06
Sat_01848,New World Mt Roskill;New World New Lynn;New World Green Bay;Four Square Glen Eden;New World Metro Queen St;Four Square Eden Terrace;New World Newmarket;Four Square St Heliers,8,16,25639.51,07:07:19
Sat_01849,New World Mt Roskill;Four Square Onehunga;New World Newmarket;Four Square Ellerslie;Four Square Remuera;Four Square St Heliers;Pak 'n Save Glen Innes;Four Square Hobsonville,8,16,25662.71,07:07:42
Sat_01850,New World New Lynn;New World Green Bay;Pak 'n Save Mt Albert;New World Point Chevalier;Four Square Glen Eden;New World Metro Shore City,6,16,25662.74,07:07:42
Sat_01851,New World Albany;Pak 'n Save Albany;New World Browns Bay;New World Long Bay;Four Square Torbay;Four Square Lancaster,6,16,25674.66,07:07:54
Sat_01852,New World Mt Roskill;Pak 'n Save Mt Albert;New World New Lynn;Four Square Glen Eden;New World Green Bay;New World Browns Bay,6,16,25675.17,07:07:55
Sat_01853,New World Metro Shore City;New World Remuera;Four Square Remuera;Four Square Ellerslie;Four Square Onehunga;Pak 'n Save Royal Oak;New World Mt Albert;Four Square Glen Eden,8,16,25677.24,07:07:57
Sat_01854,New World Remuera;New World Stonefields;Pak 'n Save Glen Innes;Four Square Remuera;Four Square Ellerslie;Four Square Onehunga;Four Square Eden Terrace;Four Square Fair Price Henderson,8,16,25678.82,07:07:58
Sat_01855,New World Mt Roskill;New World Metro Queen St;Pak 'n Save Highland Park;New World Howick;Four Square Pakuranga Heights;Four Square Botany Junction;Four Square Remuera,7,16,25683.02,07:08:03
Sat_01856,New World Mt Roskill;New World Mt Albert;New World New Lynn;Four Square Glen Eden;New World Point Chevalier;New World Milford;Four Square Hobsonville,7,16,25717.58,07:08:37
Sat_01857,Four Square Remuera;Four Square Ellerslie;New World Stonefields;Four Square Eden Terrace;New World Metro Queen St;New World Victoria Park;New World Metro Shore City;New World Milford;Four Square Onehunga,9,16,25731.75,07:08:51
Sat_01858,New World Mt Roskill;New World Papakura;Pak 'n Save Papakura;Four Square Eden Terrace;New World Mt Albert;Four Square Fair Price Henderson,6,16,25732.83,07:08:52
Sat_01859,New World Mt Roskill;Pak 'n Save Mt Albert;New World Mt Albert;New World Point Chevalier;Four Square Eden Terrace;Four Square Botany Junction;Four Square Fair Price Henderson,7,16,25734.58,07:08:54
Sat_01860,New World Metro Shore City;Pak 'n Save Wairau Road;New World Milford;New World New Lynn;Four Square Eden Terrace;New World Newmarket,6,16,25736.88,07:08:56
Sat_01861,New World Mt Roskill;Four Square Onehunga;Pak 'n Save Royal Oak;Four Square Ellerslie;New World Remuera;Four Square Remuera;Four Square St Heliers;Four Square Eden Terrace;Four Square Botany Junction,9,16,25740.97,07:09:00
Sat_01862,New World Mt Roskill;New World Mt Albert;New World Point Chevalier;New World Metro Shore City;New World Metro Queen St;New World Victoria Park;Four Square Eden Terrace;Four Square Botany Junction,8,16,25742.39,07:09:02
Sat_01863,New World Mt Roskill;New World Mt Albert;Four Square Eden Terrace;New World Metro Queen St;New World Newmarket;New World Victoria Park;Four Square Torbay;Four Square Hobsonville,8,16,25742.46,07:09:02
Sat_01864,New World Mt Roskill;Pak 'n Save Mt Albert;New World Mt Albert;New World Point Chevalier;Four Square Eden Terrace;Four Square Fair Price Henderson;Four Square St Heliers,7,16,25756.41,07:09:16
Sat_01865,New World Mt Roskill;Four Square Ellerslie;Four Square Remuera;New World Remuera;Four Square Torbay;New World Browns Bay;New World Albany;New World Long Bay,8,15,25785.11,07:09:45
Sat_01866,New World Mt Roskill;New World Metro Shore City;New World Milford;Pak 'n Save Wairau Road;New World Long Bay;Four Square Torbay;Four Square Lancaster,7,16,25786.52,07:09:46
Sat_01867,New World Devonport;New World Point Chevalier;New World Mt Albert;New World New Lynn;New World Green Bay;Four Square Glen Eden,6,16,25799.22,07:09:59
Sat_01868,New World Milford;Pak 'n Save Wairau Road;Four Square Lancaster;New World Birkenhead;New World Metro Shore City;Four Square Ellerslie;Four Square Remuera;Four Square Eden Terrace,8,16,25804.84,07:10:04
Sat_01869,New World Mt Roskill;Pak 'n Save Royal Oak;New World Remuera;Four Square Remuera;Four Square Ellerslie;Four Square Pakuranga Heights;Four Square Botany Junction;Four Square Fair Price Henderson,8,16,25807.06,07:10:07
Sat_01870,New World Mt Roskill;New World Mt Albert;Pak 'n Save Mt Albert;New World Green Bay;Four Square Glen Eden;Four Square Fair Price Henderson;Four Square Botany Junction,7,16,25814.32,07:10:14
Sat_01871,Four Square Lancaster;New World Birkenhead;New World Metro Shore City;Pak 'n Save Wairau Road;New World Milford;New World Remuera;Four Square Ellerslie,7,16,25818.41,07:10:18
Sat_01872,New World Mt Roskill;Pak 'n Save Mangere;New World New Lynn;Four Square Fair Price Henderson;New World Stonefields;Four Square Remuera,6,16,25819.87,07:10:19
Sat_01873,New World Point Chevalier;Four Square Eden Terrace;New World Metro Queen St;New World Victoria Park;New World Metro Shore City;Pak 'n Save Clendon,6,16,25837.52,07:10:37
Sat_01874,Four Square Hobsonville;New World Hobsonville;Four Square Eden Terrace;New World Newmarket;New World Remuera;Four Square Ellerslie;Four Square Remuera;New World Stonefields;Four Square St Heliers,9,16,25839.66,07:10:39
Sat_01875,New World Mt Roskill;Four Square Hobsonville;New World Hobsonville;Pak 'n Save Westgate;New World Metro Shore City;New World Devonport;Four Square Eden Terrace,7,16,25852.12,07:10:52
Sat_01876,New World Mt Roskill;Four Square Onehunga;Pak 'n Save Royal Oak;Four Square Eden Terrace;Four Square Ellerslie;New World Remuera;Four Square Remuera;Four Square Lancaster;Four Square Hobsonville,9,16,25857.17,07:10:57
Sat_01877,New World Mt Roskill;Pak 'n Save Mt Albert;New World Mt Albert;New World Point Chevalier;Four Square Eden Terrace;Four Square Torbay;Four Square Fair Price Henderson,7,16,25871.47,07:11:11
Sat_01878,New World Mt Roskill;New World Newmarket;Four Square Eden Terrace;New World Metro Queen St;Pak 'n Save Wairau Road;New World Metro Shore City;Four Square Lancaster;Four Square Hobsonville,8,16,25894.56,07:11:34
Sat_01879,New World Mt Roskill;New World Mt Albert;Pak 'n Save Mt Albert;New World Point Chevalier;Four Square Glen Eden;Four Square Fair Price Henderson;Four Square Lancaster,7,16,25906.03,07:11:46
Sat_01880,New World Ormiston;Pak 'n Save Ormiston;Four Square Botany Junction;New World Botany;Four Square Pakuranga Heights;Four Square Lancaster,6,16,25907.46,07:11:47
Sat_01881,New World Mt Roskill;New World Green Bay;Pak 'n Save Mangere;New World Metro Queen St;Four Square St Heliers;Four Square Remuera;Four Square Eden Terrace,7,16,25914.23,07:11:54
Sat_01882,New World Newmarket;New World Remuera;Four Square Remuera;Four Square Eden Terrace;New World Victoria Park;New World Metro Queen St;New World Point Chevalier;Four Square Lancaster,8,16,25915.36,07:11:55
Sat_01883,Pak 'n Save Wairau Road;New World Browns Bay;Four Square Torbay;New World Long Bay;New World Remuera;Four Square Remuera;Four Square Ellerslie;Four Square Eden Terrace,8,16,25934.52,07:12:14
Sat_01884,New World Mt Roskill;New World Metro Queen St;New World Victoria Park;New World Stonefields;Four Square Ellerslie;Four Square Remuera;New World Remuera;Four Square Onehunga;Four Square St Heliers,9,16,25964.99,07:12:44
Sat_01885,New World Mt Roskill;Pak 'n Save Royal Oak;Four Square Onehunga;New World Remuera;Four Square Remuera;Four Square Ellerslie;Four Square Lancaster;New World Browns Bay,8,16,25966.7,07:12:46
Sat_01886,New World Mt Roskill;Four Square Onehunga;Pak 'n Save Royal Oak;Four Square Eden Terrace;Pak 'n Save Mt Albert;Four Square Torbay,6,16,25975.42,07:12:55
Sat_01887,New World Mt Roskill;Pak 'n Save Mt Albert;New World New Lynn;New World Green Bay;Four Square Lancaster;New World Metro Shore City;Four Square Ellerslie,7,16,25988.74,07:13:08
Sat_01888,Four Square Torbay;New World Long Bay;New World Albany;Pak 'n Save Albany;New World Browns Bay;Four Square Remuera,6,16,25996.83,07:13:16
Sat_01889,New World Mt Roskill;Pak 'n Save Mt Albert;New World Point Chevalier;Four Square Fair Price Henderson;New World Papatoetoe;Four Square Eden Terrace;Four Square Remuera,7,16,25997.5,07:13:17
Sat_01890,New World Birkenhead;Four Square Lancaster;Pak 'n Save Manukau;New World Papatoetoe;New World Ormiston,5,16,25997.97,07:13:17
Sat_01891,New World Browns Bay;New World Albany;Pak 'n Save Albany;Four Square Torbay;New World Long Bay;Four Square Lancaster,6,16,26042.57,07:14:02
Sat_01892,New World Mt Roskill;New World Newmarket;Four Square Eden Terrace;New World Victoria Park;New World Metro Queen St;New World Eastridge;Four Square St Heliers;New World Metro Shore City,8,16,26050.07,07:14:10
Sat_01893,New World Mt Roskill;Pak 'n Save Mt Albert;New World Green Bay;New World New Lynn;Four Square Hobsonville;Four Square Torbay;Four Square Onehunga,7,16,26059.0,07:14:19
Sat_01894,Pak 'n Save Henderson;Four Square Glen Eden;New World New Lynn;Four Square Onehunga;Four Square Pakuranga Heights;Four Square Remuera;Four Square Eden Terrace,7,16,26066.08,07:14:26
Sat_01895,New World Mt Roskill;New World Green Bay;Four Square Lancaster;New World Birkenhead;New World Milford;New World Metro Shore City;Four Square Eden Terrace;New World Metro Queen St,8,16,26079.41,07:14:39
Sat_01896,New World Eastridge;Four Square Onehunga;Pak 'n Save Royal Oak;New World Mt Albert;New World Remuera;Four Square St Heliers,6,16,26083.96,07:14:43
Sat_01897,New World Mt Roskill;New World Newmarket;New World Stonefields;New World Eastridge;Four Square Onehunga;New World Metro Queen St;Four Square Eden Terrace;Four Square Fair Price Henderson,8,16,26112.66,07:15:12
Sat_01898,Four Square Ellerslie;Four Square Remuera;New World Remuera;New World Newmarket;Four Square Eden Terrace;New World Victoria Park;New World Metro Queen St;Four Square St Heliers;Four Square Pakuranga Heights,9,16,26162.89,07:16:02
Sat_01899,New World Mt Roskill;New World Mt Albert;New World New Lynn;New World Metro Queen St;New World Remuera;Four Square Ellerslie;Four Square Onehunga;Four Square Remuera;Four Square St Heliers,9,16,26189.97,07:16:29
Sat_01900,New World Mt Roskill;Pak 'n Save Mt Albert;New World Mt Albert;New World Point Chevalier;Four Square Glen Eden;Four Square Lancaster;New World Metro Shore City,7,16,26194.6,07:16:34
Sat_01901,New World Mt Roskill;New World Green Bay;Four Square Glen Eden;Four Square Remuera;New World Remuera;Four Square Ellerslie;Pak 'n Save Westgate;Four Square Hobsonville,8,16,26196.55,07:16:36
Sat_01902,New World Mt Roskill;New World Mt Albert;Pak 'n Save Mt Albert;Four Square Glen Eden;New World Milford;New World Metro Shore City;Four Square Lancaster,7,16,26224.17,07:17:04
Sat_01903,New World Mt Roskill;New World Victoria Park;New World Mt Albert;New World Point Chevalier;Four Square Hobsonville;New World Hobsonville;Four Square Torbay,7,16,26241.88,07:17:21
Sat_01904,New World Mt Roskill;New World Green Bay;New World New Lynn;Four Square Glen Eden;Four Square Fair Price Henderson;Pak 'n Save Westgate;Four Square St Heliers,7,16,26255.48,07:17:35
Sat_01905,Four Square Remuera;Four Square Ellerslie;New World Southmall;New World Papakura;Pak 'n Save Papakura;Four Square Botany Junction;Four Square Eden Terrace,7,16,26256.52,07:17:36
Sat_01906,New World Mt Roskill;New World Birkenhead;Four Square Hobsonville;New World Hobsonville;Pak 'n Save Westgate;Four Square Glen Eden;Four Square Fair Price Henderson,7,16,26265.75,07:17:45
Sat_01907,New World Mt Roskill;Four Square Eden Terrace;New World Metro Queen St;New World Victoria Park;New World Birkenhead;New World Metro Shore City;New World Milford;Four Square Torbay,8,16,26269.41,07:17:49
Sat_01908,Four Square Eden Terrace;Pak 'n Save Mt Albert;New World Mt Albert;New World Point Chevalier;Four Square Pakuranga Heights;Four Square Remuera;Four Square St Heliers,7,16,26312.93,07:18:32
Sat_01909,New World Mt Roskill;New World Hobsonville;Four Square Hobsonville;Pak 'n Save Westgate;Four Square Fair Price Henderson;New World Long Bay;Four Square Torbay,7,16,26321.68,07:18:41
Sat_01910,New World Browns Bay;Four Square Torbay;New World Long Bay;Pak 'n Save Wairau Road;New World Milford;New World Metro Shore City;Four Square Lancaster,7,16,26335.42,07:18:55
Sat_01911,Pak 'n Save Wairau Road;Four Square Lancaster;Four Square Ellerslie;Four Square Remuera;New World Stonefields;New World Eastridge;Four Square St Heliers;Four Square Onehunga,8,16,26395.31,07:19:55
Sat_01912,New World Mt Roskill;Pak 'n Save Mt Albert;New World Point Chevalier;New World Mt Albert;Four Square Hobsonville;Four Square Torbay;Four Square Glen Eden,7,16,26398.55,07:19:58
Sat_01913,Pak 'n Save Wairau Road;New World Milford;New World Metro Shore City;New World Long Bay;Four Square Torbay;New World Browns Bay;Four Square Lancaster,7,16,26416.74,07:20:16
Sat_01914,Pak 'n Save Wairau Road;New World Milford;Four Square Botany Junction;New World Ormiston;New World Botany;Four Square Ellerslie,6,16,26441.97,07:20:41
Sat_01915,New World Mt Roskill;New World Long Bay;Four Square Torbay;New World Browns Bay;New World Albany;New World Milford;Four Square Lancaster;Four Square Eden Terrace,8,16,26488.89,07:21:28
Sat_01916,New World Mt Roskill;Four Square Remuera;Four Square Ellerslie;New World Stonefields;Pak 'n Save Sylvia Park;Four Square Torbay;New World Browns Bay,7,16,26496.22,07:21:36
Sat_01917,Pak 'n Save Highland Park;New World Howick;New World Botany;Four Square Botany Junction;New World Ormiston;Four Square Lancaster,6,16,26513.85,07:21:53
Sat_01918,New World Mt Roskill;Four Square Hobsonville;New World Hobsonville;Pak 'n Save Lincoln Road;Four Square Fair Price Henderson;Four Square Botany Junction;Four Square Ellerslie,7,16,26514.79,07:21:54
Sat_01919,New World Mt Roskill;New World Birkenhead;New World Victoria Park;New World Metro Queen St;Four Square Eden Terrace;New World Ormiston;Four Square Botany Junction;Four Square Ellerslie,8,16,26556.17,07:22:36
Sat_01920,New World Mt Roskill;New World Green Bay;New World New Lynn;New World Mt Albert;New World Point Chevalier;Four Square Hobsonville;Four Square Botany Junction,7,16,26564.7,07:22:44
Sat_01921,New World Mt Roskill;New World Metro Shore City;New World Devonport;New World Newmarket;Four Square Ellerslie;Four Square Remuera;New World Stonefields;Four Square St Heliers;Four Square Onehunga,9,16,26569.13,07:22:49
Sat_01922,New World Mt Roskill;Pak 'n Save Mt Albert;New World New Lynn;New World Green Bay;Four Square Glen Eden;Four Square Hobsonville;Four Square Botany Junction,7,16,26571.84,07:22:51
Sat_01923,Pak 'n Save Mt Albert;New World Mt Albert;New World Southmall;New World Metro Shore City;New World Milford;Four Square Onehunga,6,16,26576.3,07:22:56
Sat_01924,New World Mt Roskill;Four Square Glen Eden;New World New Lynn;New World Milford;Pak 'n Save Wairau Road;New World Metro Shore City;Four Square Fair Price Henderson,7,16,26589.99,07:23:09
Sat_01925,New World Mt Roskill;New World Milford;Pak 'n Save Wairau Road;New World Birkenhead;Four Square Lancaster;Four Square Torbay;New World Metro Shore City,7,16,26602.24,07:23:22
Sat_01926,New World Green Bay;Pak 'n Save Henderson;Four Square Fair Price Henderson;New World Southmall;Four Square Remuera;Four Square Ellerslie,6,16,26620.15,07:23:40
Sat_01927,New World Mt Roskill;Four Square Eden Terrace;New World Point Chevalier;Pak 'n Save Mt Albert;New World Papatoetoe;Four Square Botany Junction;New World Metro Shore City,7,16,26627.57,07:23:47
Sat_01928,New World Mt Roskill;New World New Lynn;Pak 'n Save Papakura;New World Papakura;Four Square St Heliers;Four Square Ellerslie,6,16,26629.33,07:23:49
Sat_01929,New World Mt Roskill;New World Milford;New World Long Bay;Four Square Torbay;New World Browns Bay;New World Albany;Four Square Lancaster;New World Metro Shore City,8,16,26633.3,07:23:53
Sat_01930,New World Mt Roskill;Four Square Eden Terrace;New World Remuera;Four Square Remuera;New World Newmarket;New World Eastridge;New World Metro Queen St;New World Metro Shore City;Four Square Lancaster,9,16,26654.6,07:24:14
Sat_01931,New World Stonefields;Four Square Ellerslie;Pak 'n Save Royal Oak;Four Square Torbay;New World Long Bay;New World Browns Bay,6,16,26755.96,07:25:55
Sat_01932,Four Square Remuera;New World Remuera;New World Metro Queen St;Pak 'n Save Henderson;New World Newmarket;Four Square Fair Price Henderson,6,16,26764.54,07:26:04
Sat_01933,New World Mt Roskill;New World Hobsonville;Four Square Hobsonville;Pak 'n Save Lincoln Road;Four Square Fair Price Henderson;Four Square Glen Eden;Four Square St Heliers,7,16,26793.42,07:26:33
Sat_01934,Four Square Glen Eden;Pak 'n Save Henderson;New World Metro Queen St;New World Remuera;Four Square Remuera;Four Square Ellerslie;Four Square Onehunga;Four Square Hobsonville,8,16,26821.13,07:27:01
Sat_01935,New World Mt Roskill;Pak 'n Save Mt Albert;New World New Lynn;New World Green Bay;Four Square Glen Eden;Four Square Torbay;Four Square Lancaster,7,16,26839.28,07:27:19
Sat_01936,New World Mt Roskill;Pak 'n Save Mangere;New World Botany;New World Metro Shore City;New World Milford;Four Square Lancaster,6,16,26846.28,07:27:26
Sat_01937,New World Mt Roskill;Pak 'n Save Mt Albert;New World Victoria Park;Four Square Eden Terrace;New World Mt Albert;Four Square Lancaster;Four Square Torbay,7,16,26866.63,07:27:46
Sat_01938,Pak 'n Save Albany;New World Albany;Four Square Torbay;New World Long Bay;New World Ormiston,5,16,26906.53,07:28:26
Sat_01939,New World Mt Roskill;Pak 'n Save Mangere;New World Newmarket;New World Eastridge;Four Square St Heliers;Four Square Lancaster,6,16,26949.74,07:29:09
Sat_01940,Four Square Fair Price Henderson;Pak 'n Save Lincoln Road;New World Long Bay;Four Square Torbay;New World Browns Bay;Four Square Hobsonville;Four Square Remuera,7,16,27018.4,07:30:18
Sat_01941,New World Mt Roskill;New World New Lynn;Four Square Glen Eden;New World Green Bay;New World Remuera;Four Square Onehunga;Four Square Eden Terrace;Four Square Ellerslie;Four Square Remuera;Four Square St Heliers,10,16,27027.8,07:30:27
Sat_01942,New World Metro Shore City;Pak 'n Save Westgate;Four Square Hobsonville;New World Hobsonville;New World Long Bay;Four Square Torbay;New World Browns Bay,7,16,27043.24,07:30:43
Sat_01943,New World Mt Roskill;New World Papatoetoe;Pak 'n Save Mangere;New World Devonport;New World Metro Shore City;Four Square Remuera,6,16,27048.55,07:30:48
Sat_01944,Pak 'n Save Sylvia Park;New World Browns Bay;Four Square Torbay;New World Long Bay;New World Albany;Four Square Ellerslie,6,16,27088.86,07:31:28
Sat_01945,New World Browns Bay;New World Metro Shore City;New World Milford;Pak 'n Save Wairau Road;New World Eastridge;Four Square Ellerslie;Four Square Remuera,7,16,27144.45,07:32:24
Sat_01946,New World Mt Roskill;New World Newmarket;New World Remuera;Four Square Remuera;Four Square Ellerslie;New World Stonefields;Four Square St Heliers;Four Square Glen Eden;Four Square Fair Price Henderson;Four Square Eden Terrace,10,16,27233.75,07:33:53
Sat_01947,New World Mt Roskill;New World New Lynn;New World Hobsonville;Four Square Hobsonville;Pak 'n Save Westgate;Four Square Lancaster;Four Square Torbay,7,16,27236.14,07:33:56
Sat_01948,New World Birkenhead;Four Square Lancaster;Four Square Glen Eden;New World Mt Roskill;New World Green Bay;Pak 'n Save Mt Albert;Four Square Onehunga,7,16,27257.77,07:34:17
Sat_01949,New World Mt Roskill;New World Remuera;Four Square Remuera;New World Eastridge;New World Hobsonville;Four Square Hobsonville;New World Albany;Four Square Lancaster,8,16,27273.42,07:34:33
Sat_01950,New World Mt Roskill;Pak 'n Save Manukau;New World New Lynn;Four Square Glen Eden;New World Green Bay;Four Square St Heliers,6,16,27336.17,07:35:36
Sat_01951,Pak 'n Save Papakura;Four Square Ellerslie;New World Metro Queen St;New World Victoria Park;New World Albany;New World Metro Shore City,6,16,27437.99,07:37:17
Sat_01952,Four Square Onehunga;Pak 'n Save Royal Oak;Four Square Ellerslie;New World Remuera;Four Square Remuera;New World Eastridge;Four Square Lancaster;Four Square Torbay,8,16,27467.42,07:37:47
Sat_01953,New World Mt Roskill;New World Mt Albert;New World Point Chevalier;New World Metro Queen St;Four Square Eden Terrace;New World Victoria Park;Four Square Glen Eden;Four Square St Heliers,8,16,27472.99,07:37:52
Sat_01954,New World Mt Roskill;Pak 'n Save Royal Oak;Four Square Onehunga;Four Square Eden Terrace;New World Milford;New World Metro Shore City;Four Square Lancaster;Four Square Torbay,8,16,27489.45,07:38:09
Sat_01955,Pak 'n Save Wairau Road;New World Stonefields;New World Eastridge;New World Papatoetoe;Four Square Pakuranga Heights,5,16,27598.3,07:39:58
Sat_01956,Pak 'n Save Papakura;New World Papakura;Pak 'n Save Albany;Four Square Torbay,4,16,27611.67,07:40:11
Sat_01957,Pak 'n Save Botany;New World Botany;Four Square Botany Junction;New World Ormiston;New World Browns Bay;Four Square Torbay,6,16,27625.47,07:40:25
Sat_01958,New World Mt Roskill;Four Square Remuera;New World Remuera;New World Hobsonville;Four Square Hobsonville;Pak 'n Save Westgate;Four Square Fair Price Henderson;Four Square Lancaster,8,16,27633.9,07:40:33
Sat_01959,New World Mt Roskill;New World New Lynn;Pak 'n Save Mangere;New World Milford;New World Metro Shore City;Four Square St Heliers,6,16,27683.53,07:41:23
Sat_01960,Four Square Lancaster;Pak 'n Save Wairau Road;New World Metro Shore City;New World Devonport;New World Milford;New World Browns Bay;Four Square Torbay,7,16,27871.65,07:44:31
Sat_01961,New World Mt Roskill;Four Square Eden Terrace;New World Victoria Park;New World Metro Queen St;New World Green Bay;Four Square Glen Eden;Four Square Fair Price Henderson;New World Long Bay,8,16,28121.8,07:48:41
Sat_01962,New World Mt Roskill;Four Square Glen Eden;New World New Lynn;New World Green Bay;New World Metro Queen St;New World Birkenhead;Four Square Torbay;Four Square Eden Terrace,8,16,28130.98,07:48:50
Sat_01963,New World Mt Roskill;New World Newmarket;New World New Lynn;New World Green Bay;Four Square Glen Eden;Four Square St Heliers;New World Botany,7,16,28283.06,07:51:23
Sat_01964,Four Square Eden Terrace;New World Victoria Park;Four Square Lancaster;New World Birkenhead;New World Metro Shore City;New World Stonefields;Four Square Remuera;Four Square Ellerslie;Four Square Onehunga;Four Square St Heliers,10,16,28699.75,07:58:19
Sat_01965,New World Stonefields;Four Square Ellerslie;Four Square Remuera;New World Eastridge;Four Square Botany Junction;New World Ormiston;New World Howick;Four Square Hobsonville,8,16,29112.81,08:05:12
Sat_01966,Four Square Pakuranga Heights;New World Southmall;Pak 'n Save Clendon;New World Papakura;New World Browns Bay,5,16,29338.1,08:08:58
Sat_01967,Four Square Eden Terrace;New World Metro Queen St;New World Eastridge;Pak 'n Save Glen Innes;Four Square St Heliers;Four Square Fair Price Henderson;Four Square Hobsonville;Four Square Torbay,8,16,29372.91,08:09:32
Sat_01968,Four Square Onehunga;Pak 'n Save Highland Park;New World Stonefields;Four Square Eden Terrace;Four Square St Heliers;New World Long Bay;Four Square Torbay;Four Square Hobsonville,8,16,30395.33,08:26:35
