route_id,stops,num_stops,total_pallets,total_duration_sec,total_duration_hms
Mon_00001,Four Square Onehunga,1,3,4794.43,01:19:54
Mon_00002,Four Square Glen Eden,1,3,5805.3,01:36:45
Mon_00003,Four Square Britomart,1,3,6164.43,01:42:44
Mon_00004,New World Metro Shore City,1,2,6295.23,01:44:55
Mon_00005,Four Square Pakuranga Heights,1,2,6442.04,01:47:22
Mon_00006,Four Square Fair Price Henderson,1,3,6493.13,01:48:13
Mon_00007,Four Square Ellerslie,1,3,6640.42,01:50:40
Mon_00008,Four Square Remuera,1,3,6648.82,01:50:48
Mon_00009,Four Square Eden Terrace,1,4,6692.55,01:51:32
Mon_00010,New World Metro Queen St,1,4,7173.37,01:59:33
Mon_00011,Four Square Botany Junction,1,3,7280.98,02:01:20
Mon_00012,New World Mt Roskill,1,7,7952.66,02:12:32
Mon_00013,Four Square Hobsonville,1,4,8033.54,02:13:53
Mon_00014,New World New Lynn,1,6,8141.69,02:15:41
Mon_00015,New World Green Bay,1,6,8205.54,02:16:45
Mon_00016,Four Square Cockle Bay,1,3,8745.24,02:25:45
Mon_00017,Four Square St Heliers,1,4,9117.79,02:31:57
Mon_00018,New World Mt Albert,1,8,10093.78,02:48:13
Mon_00019,Four Square Torbay,1,4,10576.52,02:56:16
Mon_00020,New World Metro Queen St;Four Square Britomart,2,7,10579.84,02:56:19
Mon_00021,New World Point Chevalier,1,8,10724.17,02:58:44
Mon_00022,New World Metro Queen St;Four Square Onehunga,2,7,10990.89,03:03:10
Mon_00023,Pak 'n Save Mt Albert,1,9,11019.27,03:03:39
Mon_00024,Four Square Glen Eden;Four Square Britomart,2,6,11198.01,03:06:38
Mon_00025,Four Square Eden Terrace;Four Square Ellerslie,2,7,11232.46,03:07:12
Mon_00026,New World Newmarket,1,8,11374.83,03:09:34
Mon_00027,Pak 'n Save Lincoln Road,1,8,11481.89,03:11:21
Mon_00028,New World Stonefields,1,7,11491.35,03:11:31
Mon_00029,New World Papatoetoe,1,8,11685.88,03:14:45
Mon_00030,Four Square Eden Terrace;New World Metro Queen St,2,8,11715.17,03:15:15
Mon_00031,New World Birkenhead,1,7,11785.77,03:16:25
Mon_00032,New World Devonport,1,6,11988.05,03:19:48
Mon_00033,Four Square Fair Price Henderson;Four Square Hobsonville,2,7,12072.05,03:21:12
Mon_00034,New World Milford,1,7,12087.21,03:21:27
Mon_00035,Four Square Onehunga;Four Square Cockle Bay,2,6,12143.07,03:22:23
Mon_00036,New World Hobsonville,1,8,12329.76,03:25:29
Mon_00037,New World Mt Roskill;Four Square Onehunga,2,10,12395.87,03:26:35
Mon_00038,Pak 'n Save Royal Oak,1,10,12413.54,03:26:53
Mon_00039,Four Square Ellerslie;Four Square St Heliers,2,7,12445.31,03:27:25
Mon_00040,Four Square Glen Eden;New World Green Bay,2,9,12446.09,03:27:26
Mon_00041,New World New Lynn;Four Square Glen Eden,2,9,12480.56,03:28:00
Mon_00042,New World Green Bay;Four Square Glen Eden,2,9,12484.07,03:28:04
Mon_00043,Four Square Onehunga;New World New Lynn,2,9,12489.42,03:28:09
Mon_00044,New World Victoria Park,1,9,12511.39,03:28:31
Mon_00045,New World New Lynn;Four Square Onehunga,2,9,12524.59,03:28:44
Mon_00046,Four Square Eden Terrace;Four Square Botany Junction,2,7,12600.59,03:30:00
Mon_00047,New World Howick,1,7,12709.9,03:31:49
Mon_00048,New World Eastridge,1,8,12795.46,03:33:15
Mon_00049,Pak 'n Save Wairau Road,1,8,12920.95,03:35:20
Mon_00050,New World Remuera,1,9,12950.35,03:35:50
Mon_00051,New World Ormiston,1,8,12976.64,03:36:16
Mon_00052,Pak 'n Save Manukau,1,9,13076.7,03:37:56
Mon_00053,Pak 'n Save Mangere,1,10,13119.57,03:38:39
Mon_00054,Four Square Lancaster;Four Square Hobsonville,2,7,13317.45,03:41:57
Mon_00055,New World Mt Roskill;Four Square Glen Eden,2,10,13492.98,03:44:52
Mon_00056,New World Metro Queen St;Four Square St Heliers,2,8,13652.45,03:47:32
Mon_00057,New World Long Bay,1,7,13716.92,03:48:36
Mon_00058,New World Green Bay;Four Square Britomart,2,9,13755.55,03:49:15
Mon_00059,New World Mt Roskill;Four Square Britomart,2,10,13765.87,03:49:25
Mon_00060,Four Square Eden Terrace;Four Square Cockle Bay,2,7,13906.18,03:51:46
Mon_00061,New World Metro Shore City;New World Mt Roskill,2,9,13922.8,03:52:02
Mon_00062,Pak 'n Save Westgate,1,10,14039.0,03:53:59
Mon_00063,New World Mt Roskill;Four Square Fair Price Henderson,2,10,14094.57,03:54:54
Mon_00064,New World New Lynn;Four Square Ellerslie,2,9,14106.11,03:55:06
Mon_00065,New World Mt Roskill;Four Square Ellerslie,2,10,14241.86,03:57:21
Mon_00066,New World Mt Roskill;Four Square Remuera,2,10,14250.26,03:57:30
Mon_00067,Four Square Remuera;New World Mt Roskill,2,10,14276.39,03:57:56
Mon_00068,New World Mt Roskill;Four Square Eden Terrace,2,11,14293.99,03:58:13
Mon_00069,New World Browns Bay,1,8,14372.45,03:59:32
Mon_00070,Pak 'n Save Papakura,1,9,14391.63,03:59:51
Mon_00071,New World Metro Shore City;New World Milford,2,9,14428.98,04:00:28
Mon_00072,Four Square Onehunga;New World Stonefields,2,10,14442.87,04:00:42
Mon_00073,New World Botany,1,9,14511.66,04:01:51
Mon_00074,New World Papakura,1,9,14557.54,04:02:37
Mon_00075,Four Square Onehunga;New World Newmarket,2,11,14798.76,04:06:38
Mon_00076,Four Square Onehunga;Four Square Remuera;Four Square Fair Price Henderson,3,9,14806.47,04:06:46
Mon_00077,New World Mt Roskill;Four Square Botany Junction,2,10,14882.42,04:08:02
Mon_00078,Four Square Remuera;New World Stonefields,2,10,14887.1,04:08:07
Mon_00079,New World Point Chevalier;Four Square Onehunga,2,11,14921.82,04:08:41
Mon_00080,New World Metro Shore City;New World Birkenhead,2,9,14942.76,04:09:02
Mon_00081,Four Square Britomart;New World Mt Albert,2,11,14965.77,04:09:25
Mon_00082,New World Stonefields;Four Square Ellerslie,2,10,14977.77,04:09:37
Mon_00083,Pak 'n Save Albany,1,9,14979.99,04:09:39
Mon_00084,New World Albany,1,9,15076.37,04:11:16
Mon_00085,Four Square Pakuranga Heights;New World Howick,2,9,15103.58,04:11:43
Mon_00086,New World New Lynn;New World Green Bay,2,12,15117.12,04:11:57
Mon_00087,New World Green Bay;New World New Lynn,2,12,15118.1,04:11:58
Mon_00088,New World Mt Albert;New World Metro Shore City,2,10,15159.45,04:12:39
Mon_00089,Four Square Fair Price Henderson;Pak 'n Save Lincoln Road,2,11,15166.51,04:12:46
Mon_00090,Pak 'n Save Lincoln Road;Four Square Fair Price Henderson,2,11,15166.51,04:12:46
Mon_00091,Pak 'n Save Henderson,1,11,15231.09,04:13:51
Mon_00092,Four Square Onehunga;New World Papatoetoe,2,11,15356.18,04:15:56
Mon_00093,New World Mt Albert;Four Square Eden Terrace,2,12,15395.73,04:16:35
Mon_00094,New World Point Chevalier;New World Metro Shore City,2,10,15411.98,04:16:51
Mon_00095,New World Newmarket;Four Square Ellerslie,2,11,15501.32,04:18:21
Mon_00096,New World Mt Albert;Four Square Ellerslie,2,11,15504.63,04:18:24
Mon_00097,Pak 'n Save Wairau Road;New World Metro Shore City,2,10,15527.47,04:18:47
Mon_00098,Four Square Remuera;New World Newmarket,2,11,15556.34,04:19:16
Mon_00099,New World Point Chevalier;Four Square Glen Eden,2,11,15591.06,04:19:51
Mon_00100,New World Metro Shore City;New World Stonefields,2,9,15627.58,04:20:27
Mon_00101,Pak 'n Save Glen Innes,1,10,15643.24,04:20:43
Mon_00102,Pak 'n Save Lincoln Road;Four Square Onehunga,2,11,15679.54,04:21:19
Mon_00103,Four Square Glen Eden;Pak 'n Save Lincoln Road,2,11,15714.08,04:21:54
Mon_00104,New World Birkenhead;Four Square Lancaster,2,10,15765.15,04:22:45
Mon_00105,New World Point Chevalier;Four Square Remuera,2,11,15765.56,04:22:45
Mon_00106,New World Point Chevalier;Four Square Eden Terrace,2,12,15809.29,04:23:29
Mon_00107,Pak 'n Save Sylvia Park,1,11,15809.55,04:23:29
Mon_00108,Pak 'n Save Royal Oak;Four Square Onehunga,2,13,15815.49,04:23:35
Mon_00109,New World Mt Roskill;New World New Lynn,2,13,15829.37,04:23:49
Mon_00110,Four Square Onehunga;Pak 'n Save Royal Oak,2,13,15859.0,04:24:19
Mon_00111,New World Mt Roskill;New World Green Bay,2,13,15893.22,04:24:53
Mon_00112,Four Square Eden Terrace;New World Newmarket,2,12,15966.87,04:26:06
Mon_00113,New World Mt Albert;New World Metro Queen St,2,12,16037.59,04:27:17
Mon_00114,New World Papatoetoe;Four Square Botany Junction,2,11,16106.6,04:28:26
Mon_00115,New World Point Chevalier;Four Square Pakuranga Heights,2,10,16127.68,04:28:47
Mon_00116,New World Papatoetoe;Four Square Ellerslie,2,11,16211.94,04:30:11
Mon_00117,Pak 'n Save Mt Albert;Four Square Britomart,2,12,16227.9,04:30:27
Mon_00118,New World Ormiston;Four Square Botany Junction,2,11,16247.96,04:30:47
Mon_00119,Four Square Eden Terrace;Four Square Remuera;Four Square Glen Eden,3,10,16264.15,04:31:04
Mon_00120,Four Square Onehunga;New World Victoria Park,2,12,16284.12,04:31:24
Mon_00121,Four Square Botany Junction;New World Ormiston,2,11,16295.12,04:31:35
Mon_00122,Pak 'n Save Ormiston,1,11,16297.23,04:31:37
Mon_00123,New World Victoria Park;New World Metro Shore City,2,11,16333.08,04:32:13
Mon_00124,Four Square Cockle Bay;New World Howick,2,10,16353.0,04:32:33
Mon_00125,Four Square Fair Price Henderson;New World Hobsonville,2,11,16368.28,04:32:48
Mon_00126,New World Long Bay;New World Metro Shore City,2,9,16372.64,04:32:52
Mon_00127,New World Papatoetoe;Four Square Remuera,2,11,16404.38,04:33:24
Mon_00128,New World Remuera;Four Square Remuera,2,12,16469.85,04:34:29
Mon_00129,New World Papatoetoe;Four Square Britomart,2,11,16560.4,04:36:00
Mon_00130,New World Milford;Four Square Remuera,2,10,16577.03,04:36:17
Mon_00131,Four Square Ellerslie;New World Remuera,2,12,16678.66,04:37:58
Mon_00132,Pak 'n Save Mt Albert;Four Square Ellerslie,2,12,16703.89,04:38:23
Mon_00133,New World Remuera;Four Square Ellerslie,2,12,16721.69,04:38:41
Mon_00134,New World Hobsonville;Four Square Hobsonville,2,12,16732.02,04:38:52
Mon_00135,Four Square Hobsonville;New World Hobsonville,2,12,16746.28,04:39:06
Mon_00136,Pak 'n Save Clendon,1,12,16767.34,04:39:27
Mon_00137,New World Birkenhead;Four Square Glen Eden,2,10,16809.06,04:40:09
Mon_00138,Pak 'n Save Botany,1,11,16817.42,04:40:17
Mon_00139,Four Square Hobsonville;New World Metro Shore City;Four Square Eden Terrace,3,10,16868.24,04:41:08
Mon_00140,Pak 'n Save Mangere;Four Square Onehunga,2,13,16868.31,04:41:08
Mon_00141,Four Square Glen Eden;New World Milford,2,10,17062.64,04:44:22
Mon_00142,Four Square St Heliers;New World Stonefields,2,11,17074.15,04:44:34
Mon_00143,Four Square Britomart;New World Hobsonville,2,11,17136.31,04:45:36
Mon_00144,Pak 'n Save Royal Oak;Four Square Ellerslie,2,13,17151.22,04:45:51
Mon_00145,New World Mt Roskill;Four Square Onehunga;Four Square Ellerslie,3,13,17165.77,04:46:05
Mon_00146,New World Victoria Park;New World Metro Queen St,2,13,17167.22,04:46:07
Mon_00147,New World Botany;Four Square Pakuranga Heights,2,11,17168.41,04:46:08
Mon_00148,Pak 'n Save Mt Albert;New World Metro Queen St,2,13,17236.85,04:47:16
Mon_00149,New World Mt Roskill;Four Square Onehunga;Four Square Remuera,3,13,17272.67,04:47:52
Mon_00150,New World Stonefields;Four Square Cockle Bay,2,10,17367.93,04:49:27
Mon_00151,New World Milford;Four Square Hobsonville,2,11,17380.11,04:49:40
Mon_00152,New World New Lynn;Four Square Onehunga;Four Square Remuera,3,12,17401.39,04:50:01
Mon_00153,New World Green Bay;Four Square Onehunga;Four Square Ellerslie,3,12,17419.92,04:50:19
Mon_00154,New World Mt Roskill;Four Square Onehunga;Four Square Pakuranga Heights,3,12,17441.3,04:50:41
Mon_00155,New World Metro Queen St;New World Eastridge,2,12,17449.57,04:50:49
Mon_00156,New World Mt Albert;New World New Lynn,2,14,17535.76,04:52:15
Mon_00157,Pak 'n Save Royal Oak;Four Square Pakuranga Heights,2,12,17551.16,04:52:31
Mon_00158,New World Mt Roskill;New World Mt Albert,2,15,17695.22,04:54:55
Mon_00159,New World Mt Albert;New World Mt Roskill,2,15,17698.56,04:54:58
Mon_00160,Pak 'n Save Highland Park,1,12,17718.37,04:55:18
Mon_00161,New World Albany;New World Metro Shore City,2,11,17732.09,04:55:32
Mon_00162,New World Green Bay;New World Mt Albert,2,14,17736.21,04:55:36
Mon_00163,New World New Lynn;Four Square Torbay,2,10,17754.46,04:55:54
Mon_00164,New World Mt Albert;New World Green Bay,2,14,17759.78,04:55:59
Mon_00165,Four Square Britomart;Four Square Glen Eden;New World Green Bay,3,12,17828.52,04:57:08
Mon_00166,Four Square Glen Eden;New World Eastridge,2,11,17829.04,04:57:09
Mon_00167,New World New Lynn;New World Point Chevalier,2,14,17838.85,04:57:18
Mon_00168,Four Square Glen Eden;Pak 'n Save Royal Oak,2,13,17868.9,04:57:48
Mon_00169,Pak 'n Save Royal Oak;Four Square Eden Terrace,2,14,17891.55,04:58:11
Mon_00170,Four Square Botany Junction;New World Milford,2,10,17972.09,04:59:32
Mon_00171,New World Mt Albert;Four Square St Heliers,2,12,17982.0,04:59:42
Mon_00172,New World New Lynn;Four Square Britomart;New World Metro Queen St,3,13,18015.59,05:00:15
Mon_00173,New World New Lynn;New World Metro Queen St;Four Square Britomart,3,13,18045.53,05:00:45
Mon_00174,New World Eastridge;Four Square Botany Junction,2,11,18069.86,05:01:09
Mon_00175,New World Mt Roskill;Four Square Fair Price Henderson;Four Square Glen Eden,3,13,18075.35,05:01:15
Mon_00176,New World Remuera;Four Square Fair Price Henderson,2,12,18085.59,05:01:25
Mon_00177,New World Mt Roskill;Four Square Britomart;New World Metro Queen St,3,14,18151.34,05:02:31
Mon_00178,New World Green Bay;New World Metro Queen St;Four Square Britomart,3,13,18170.97,05:02:50
Mon_00179,Pak 'n Save Westgate;Four Square Fair Price Henderson,2,13,18178.72,05:02:58
Mon_00180,New World Mt Roskill;New World Metro Queen St;Four Square Britomart,3,14,18181.28,05:03:01
Mon_00181,New World New Lynn;Pak 'n Save Mt Albert,2,15,18183.84,05:03:03
Mon_00182,Pak 'n Save Mt Albert;New World New Lynn,2,15,18192.24,05:03:12
Mon_00183,New World Mt Roskill;Four Square Eden Terrace;Four Square Onehunga,3,14,18200.93,05:03:20
Mon_00184,Four Square Ellerslie;New World Stonefields;Four Square Remuera,3,13,18209.65,05:03:29
Mon_00185,New World Metro Shore City;New World Milford;Four Square Britomart,3,12,18240.87,05:04:00
Mon_00186,Pak 'n Save Royal Oak;Four Square Fair Price Henderson,2,13,18250.21,05:04:10
Mon_00187,New World Long Bay;Four Square Torbay,2,11,18301.36,05:05:01
Mon_00188,Four Square Torbay;New World Long Bay,2,11,18302.98,05:05:02
Mon_00189,New World Papakura;Four Square Onehunga,2,12,18306.28,05:05:06
Mon_00190,Pak 'n Save Manukau;Four Square Eden Terrace,2,13,18307.61,05:05:07
Mon_00191,Pak 'n Save Royal Oak;New World Metro Queen St,2,14,18324.59,05:05:24
Mon_00192,New World Mt Roskill;New World Point Chevalier,2,15,18325.61,05:05:25
Mon_00193,New World Mt Roskill;Four Square Botany Junction;Four Square Pakuranga Heights,3,12,18351.48,05:05:51
Mon_00194,New World Point Chevalier;New World Mt Roskill,2,15,18351.74,05:05:51
Mon_00195,New World Green Bay;Pak 'n Save Mt Albert,2,15,18397.75,05:06:37
Mon_00196,Pak 'n Save Mt Albert;New World Green Bay,2,15,18416.26,05:06:56
Mon_00197,Pak 'n Save Mangere;Four Square Glen Eden,2,13,18527.15,05:08:47
Mon_00198,New World Mt Roskill;Pak 'n Save Mt Albert,2,16,18604.5,05:10:04
Mon_00199,Pak 'n Save Mt Albert;New World Mt Roskill,2,16,18616.06,05:10:16
Mon_00200,New World Botany;Four Square Remuera,2,12,18619.3,05:10:19
Mon_00201,Pak 'n Save Mangere;Four Square Botany Junction,2,13,18648.34,05:10:48
Mon_00202,New World New Lynn;Pak 'n Save Lincoln Road,2,14,18659.83,05:10:59
Mon_00203,Four Square Cockle Bay;New World Howick;Four Square Pakuranga Heights,3,12,18685.54,05:11:25
Mon_00204,Four Square Fair Price Henderson;Pak 'n Save Henderson,2,14,18807.13,05:13:27
Mon_00205,New World Ormiston;Four Square Fair Price Henderson,2,11,18812.16,05:13:32
Mon_00206,Pak 'n Save Sylvia Park;Four Square Onehunga,2,14,18814.65,05:13:34
Mon_00207,Four Square Pakuranga Heights;New World Metro Queen St;New World New Lynn,3,12,18816.69,05:13:36
Mon_00208,New World Metro Shore City;Pak 'n Save Mangere,2,12,18818.02,05:13:38
Mon_00209,Four Square Glen Eden;New World Browns Bay,2,11,18843.71,05:14:03
Mon_00210,Four Square Pakuranga Heights;Pak 'n Save Botany,2,13,18895.81,05:14:55
Mon_00211,Pak 'n Save Manukau;Four Square Fair Price Henderson,2,12,18905.59,05:15:05
Mon_00212,New World Mt Roskill;New World Southmall,2,14,18955.42,05:15:55
Mon_00213,New World Mt Roskill;New World Newmarket,2,15,18976.27,05:16:16
Mon_00214,New World Newmarket;New World Mt Roskill,2,15,19002.4,05:16:42
Mon_00215,Four Square Fair Price Henderson;Pak 'n Save Albany,2,12,19018.51,05:16:58
Mon_00216,Pak 'n Save Mangere;Four Square Remuera,2,13,19021.55,05:17:01
Mon_00217,Four Square Eden Terrace;Four Square Cockle Bay;Four Square Fair Price Henderson,3,10,19041.42,05:17:21
Mon_00218,New World Mt Roskill;Pak 'n Save Lincoln Road,2,15,19083.34,05:18:03
Mon_00219,New World Mt Roskill;New World Stonefields,2,14,19092.79,05:18:12
Mon_00220,Pak 'n Save Lincoln Road;New World Mt Roskill,2,15,19109.46,05:18:29
Mon_00221,Four Square Pakuranga Heights;Pak 'n Save Westgate,2,12,19123.16,05:18:43
Mon_00222,Pak 'n Save Westgate;Four Square Hobsonville,2,14,19124.47,05:18:44
Mon_00223,New World Devonport;Four Square Torbay,2,10,19132.71,05:18:52
Mon_00224,Four Square Glen Eden;Four Square Fair Price Henderson;Pak 'n Save Lincoln Road,3,14,19134.97,05:18:54
Mon_00225,New World Green Bay;Four Square Glen Eden;New World New Lynn,3,15,19143.0,05:19:03
Mon_00226,Pak 'n Save Lincoln Road;Four Square Fair Price Henderson;Four Square Glen Eden,3,14,19147.29,05:19:07
Mon_00227,New World Southmall;New World Green Bay,2,13,19161.8,05:19:21
Mon_00228,Pak 'n Save Mt Albert;Four Square St Heliers,2,13,19181.26,05:19:41
Mon_00229,Pak 'n Save Lincoln Road;Four Square St Heliers,2,12,19192.04,05:19:52
Mon_00230,New World Green Bay;New World Southmall,2,13,19209.57,05:20:09
Mon_00231,New World Albany;Four Square Fair Price Henderson,2,12,19216.09,05:20:16
Mon_00232,New World Mt Roskill;Four Square Remuera;New World Metro Queen St,3,14,19220.55,05:20:20
Mon_00233,New World Mt Roskill;New World Papatoetoe,2,15,19287.32,05:21:27
Mon_00234,Pak 'n Save Sylvia Park;Four Square Ellerslie,2,14,19299.65,05:21:39
Mon_00235,New World Papatoetoe;New World Mt Roskill,2,15,19313.45,05:21:53
Mon_00236,New World Mt Roskill;Four Square Eden Terrace;New World Metro Queen St,3,15,19316.61,05:21:56
Mon_00237,New World Mt Roskill;New World Metro Queen St;Four Square Eden Terrace,3,15,19318.29,05:21:58
Mon_00238,Pak 'n Save Westgate;Four Square Eden Terrace,2,14,19323.9,05:22:03
Mon_00239,Four Square Glen Eden;Four Square Eden Terrace;New World Mt Roskill,3,14,19353.7,05:22:33
Mon_00240,Four Square Glen Eden;New World Green Bay;New World New Lynn,3,15,19358.65,05:22:38
Mon_00241,Four Square Onehunga;Pak 'n Save Henderson,2,14,19369.07,05:22:49
Mon_00242,Four Square Onehunga;Four Square Britomart;Four Square Eden Terrace;Four Square Pakuranga Heights,4,12,19374.89,05:22:54
Mon_00243,New World Metro Queen St;Four Square Britomart;New World Mt Albert,3,15,19381.18,05:23:01
Mon_00244,Pak 'n Save Botany;Four Square Pakuranga Heights,2,13,19385.78,05:23:05
Mon_00245,New World Mt Roskill;New World Birkenhead,2,14,19387.21,05:23:07
Mon_00246,New World Mt Albert;New World Point Chevalier,2,16,19388.72,05:23:08
Mon_00247,New World Papakura;Four Square Britomart,2,12,19391.9,05:23:11
Mon_00248,New World New Lynn;New World Green Bay;Four Square Glen Eden,3,15,19395.65,05:23:15
Mon_00249,New World Mt Albert;Four Square Britomart;New World Metro Queen St,3,15,19414.11,05:23:34
Mon_00250,Four Square Fair Price Henderson;Pak 'n Save Lincoln Road;Four Square Glen Eden,3,14,19419.6,05:23:39
Mon_00251,New World Mt Roskill;Four Square Eden Terrace;Four Square Fair Price Henderson,3,14,19429.23,05:23:49
Mon_00252,Four Square Glen Eden;New World New Lynn;New World Green Bay,3,15,19439.66,05:23:59
Mon_00253,New World Mt Albert;New World Metro Queen St;Four Square Britomart,3,15,19444.06,05:24:04
Mon_00254,New World Green Bay;New World New Lynn;Four Square Glen Eden,3,15,19456.97,05:24:16
Mon_00255,Four Square Onehunga;New World New Lynn;New World Green Bay,3,15,19464.85,05:24:24
Mon_00256,New World Mt Albert;Four Square Onehunga;Four Square Remuera,3,14,19467.43,05:24:27
Mon_00257,New World Point Chevalier;New World Mt Albert,2,16,19488.52,05:24:48
Mon_00258,New World Mt Albert;Four Square Eden Terrace;Four Square Britomart,3,15,19504.82,05:25:04
Mon_00259,New World New Lynn;New World Hobsonville,2,14,19507.7,05:25:07
Mon_00260,Four Square Onehunga;New World Green Bay;New World New Lynn,3,15,19514.81,05:25:14
Mon_00261,New World New Lynn;New World Milford,2,13,19552.9,05:25:52
Mon_00262,Four Square Onehunga;New World Remuera;Four Square Remuera,3,15,19560.02,05:26:00
Mon_00263,Pak 'n Save Ormiston;Four Square Botany Junction,2,14,19568.55,05:26:08
Mon_00264,New World Remuera;Four Square Remuera;Four Square Onehunga,3,15,19583.13,05:26:23
Mon_00265,Pak 'n Save Mt Albert;Four Square Ellerslie;Four Square Onehunga,3,15,19586.49,05:26:26
Mon_00266,New World Mt Roskill;New World Devonport,2,13,19589.5,05:26:29
Mon_00267,New World Papakura;New World Metro Shore City,2,11,19589.52,05:26:29
Mon_00268,New World Mt Roskill;New World Metro Queen St;Four Square Pakuranga Heights,3,13,19595.82,05:26:35
Mon_00269,Four Square Onehunga;Four Square Remuera;New World Remuera,3,15,19601.01,05:26:41
Mon_00270,Four Square Onehunga;Four Square Ellerslie;New World Remuera,3,15,19602.57,05:26:42
Mon_00271,Pak 'n Save Mangere;New World Metro Queen St,2,14,19636.48,05:27:16
Mon_00272,Four Square Eden Terrace;Four Square Britomart;New World Metro Queen St;Four Square Ellerslie,4,14,19637.6,05:27:17
Mon_00273,Four Square Onehunga;New World Mt Albert;Four Square Eden Terrace,3,15,19646.58,05:27:26
Mon_00274,Pak 'n Save Royal Oak;Four Square St Heliers,2,14,19656.2,05:27:36
Mon_00275,New World Point Chevalier;Four Square Britomart;New World Metro Queen St,3,15,19666.64,05:27:46
Mon_00276,New World Papatoetoe;Four Square Ellerslie;Four Square Remuera,3,14,19668.26,05:27:48
Mon_00277,New World Green Bay;New World Milford,2,13,19678.34,05:27:58
Mon_00278,New World Point Chevalier;Four Square Onehunga;Four Square Ellerslie,3,14,19691.72,05:28:11
Mon_00279,New World Point Chevalier;New World Metro Queen St;Four Square Britomart,3,15,19696.59,05:28:16
Mon_00280,New World Mt Roskill;Four Square Fair Price Henderson;Four Square Pakuranga Heights,3,12,19697.87,05:28:17
Mon_00281,New World Albany;Four Square Hobsonville,2,13,19723.6,05:28:43
Mon_00282,Four Square Britomart;New World Metro Queen St;New World Newmarket,3,15,19734.79,05:28:54
Mon_00283,New World Newmarket;New World Metro Queen St;Four Square Britomart,3,15,19751.6,05:29:11
Mon_00284,New World Newmarket;Four Square Britomart;New World Metro Queen St,3,15,19761.54,05:29:21
Mon_00285,New World Metro Queen St;Four Square Britomart;New World Newmarket,3,15,19764.69,05:29:24
Mon_00286,New World Newmarket;Four Square Torbay,2,12,19772.7,05:29:32
Mon_00287,Four Square Ellerslie;New World Remuera;Four Square Onehunga,3,15,19783.91,05:29:43
Mon_00288,New World Newmarket;Four Square Eden Terrace;Four Square Onehunga,3,15,19819.03,05:30:19
Mon_00289,Pak 'n Save Mt Albert;Four Square Remuera;Four Square Onehunga,3,15,19825.57,05:30:25
Mon_00290,Four Square Remuera;Four Square Onehunga;New World Point Chevalier,3,14,19829.81,05:30:29
Mon_00291,New World Point Chevalier;Four Square Britomart;Four Square Eden Terrace,3,15,19890.12,05:31:30
Mon_00292,New World Point Chevalier;Four Square Eden Terrace;Four Square Britomart,3,15,19918.38,05:31:58
Mon_00293,New World Mt Roskill;New World Hobsonville,2,15,19931.2,05:32:11
Mon_00294,New World Mt Albert;Four Square Eden Terrace;Four Square Remuera,3,15,19944.04,05:32:24
Mon_00295,New World New Lynn;New World Victoria Park,2,15,19977.08,05:32:57
Mon_00296,Four Square Eden Terrace;New World Mt Albert;Four Square Onehunga,3,15,19990.74,05:33:10
Mon_00297,New World Newmarket;Four Square Eden Terrace;Four Square Britomart,3,15,20021.18,05:33:41
Mon_00298,Four Square St Heliers;Pak 'n Save Royal Oak,2,14,20037.67,05:33:57
Mon_00299,Four Square Onehunga;New World Remuera;Four Square Britomart,3,15,20041.76,05:34:01
Mon_00300,New World Newmarket;Four Square Remuera;Four Square Eden Terrace,3,15,20046.97,05:34:06
Mon_00301,Pak 'n Save Highland Park;Four Square Pakuranga Heights,2,14,20050.91,05:34:10
Mon_00302,New World Remuera;Four Square Remuera;Four Square Ellerslie,3,15,20076.67,05:34:36
Mon_00303,New World Mt Roskill;Four Square Onehunga;New World New Lynn,3,16,20090.86,05:34:50
Mon_00304,Four Square Remuera;New World Newmarket;Four Square Eden Terrace,3,15,20093.6,05:34:53
Mon_00305,Pak 'n Save Wairau Road;Four Square Lancaster;New World Metro Shore City,3,13,20098.03,05:34:58
Mon_00306,New World Green Bay;New World Victoria Park,2,15,20102.52,05:35:02
Mon_00307,Four Square Ellerslie;Four Square Remuera;Pak 'n Save Mt Albert,3,15,20102.76,05:35:02
Mon_00308,Pak 'n Save Royal Oak;New World New Lynn,2,16,20108.53,05:35:08
Mon_00309,New World Mt Roskill;New World Victoria Park,2,16,20112.83,05:35:12
Mon_00310,Four Square Glen Eden;New World Green Bay;New World Mt Roskill,3,16,20133.76,05:35:33
Mon_00311,New World Mt Roskill;Four Square Glen Eden;New World Green Bay,3,16,20133.77,05:35:33
Mon_00312,New World Stonefields;Four Square Eden Terrace;Four Square Britomart,3,14,20137.7,05:35:37
Mon_00313,New World Victoria Park;New World Mt Roskill,2,16,20138.96,05:35:38
Mon_00314,New World New Lynn;Pak 'n Save Royal Oak,2,16,20143.7,05:35:43
Mon_00315,New World Mt Roskill;Four Square Glen Eden;New World New Lynn,3,16,20151.91,05:35:51
Mon_00316,New World Mt Roskill;New World New Lynn;Four Square Glen Eden,3,16,20168.24,05:36:08
Mon_00317,Pak 'n Save Mt Albert;New World Metro Shore City;Four Square Britomart,3,14,20170.6,05:36:10
Mon_00318,New World Mt Roskill;New World Green Bay;Four Square Glen Eden,3,16,20171.75,05:36:11
Mon_00319,New World Green Bay;Four Square Glen Eden;New World Mt Roskill,3,16,20171.75,05:36:11
Mon_00320,New World Newmarket;New World Mt Albert,2,16,20176.17,05:36:16
Mon_00321,New World Mt Roskill;Four Square Lancaster;Four Square Remuera,3,13,20177.11,05:36:17
Mon_00322,Pak 'n Save Mt Albert;Four Square Onehunga;Four Square Remuera,3,15,20178.11,05:36:18
Mon_00323,Four Square Onehunga;Four Square Lancaster;New World Milford,3,13,20183.33,05:36:23
Mon_00324,New World Mt Albert;Four Square Onehunga;Four Square Eden Terrace,3,15,20187.74,05:36:27
Mon_00325,Four Square Ellerslie;New World Remuera;Four Square Remuera,3,15,20198.16,05:36:38
Mon_00326,New World Mt Roskill;Four Square Onehunga;New World Green Bay,3,16,20203.69,05:36:43
Mon_00327,New World Mt Roskill;New World New Lynn;Four Square Onehunga,3,16,20212.27,05:36:52
Mon_00328,Pak 'n Save Royal Oak;New World Green Bay,2,16,20221.36,05:37:01
Mon_00329,New World Mt Albert;New World Newmarket,2,16,20239.04,05:37:19
Mon_00330,Four Square Remuera;Four Square Onehunga;Pak 'n Save Mt Albert,3,15,20263.38,05:37:43
Mon_00331,New World Green Bay;Pak 'n Save Royal Oak,2,16,20269.14,05:37:49
Mon_00332,New World New Lynn;New World Mt Roskill;Four Square Onehunga,3,16,20272.57,05:37:52
Mon_00333,Pak 'n Save Glen Innes;Four Square St Heliers,2,14,20277.14,05:37:57
Mon_00334,Four Square Britomart;New World Point Chevalier;Four Square Eden Terrace,3,15,20280.44,05:38:00
Mon_00335,New World Stonefields;New World Mt Albert,2,15,20292.69,05:38:12
Mon_00336,Four Square Onehunga;New World Mt Roskill;New World New Lynn,3,16,20298.71,05:38:18
Mon_00337,Pak 'n Save Mt Albert;Four Square Remuera;Four Square Ellerslie,3,15,20319.11,05:38:39
Mon_00338,New World Botany;Four Square St Heliers,2,13,20329.81,05:38:49
Mon_00339,New World Green Bay;New World Mt Roskill;Four Square Onehunga,3,16,20336.42,05:38:56
Mon_00340,New World Mt Roskill;New World Green Bay;Four Square Onehunga,3,16,20337.7,05:38:57
Mon_00341,Pak 'n Save Sylvia Park;Four Square Eden Terrace,2,15,20346.81,05:39:06
Mon_00342,Four Square Remuera;New World Remuera;Four Square Ellerslie,3,15,20349.94,05:39:09
Mon_00343,New World Newmarket;New World Stonefields,2,15,20352.25,05:39:12
Mon_00344,New World Papatoetoe;New World Southmall,2,15,20377.05,05:39:37
Mon_00345,New World Mt Roskill;New World Eastridge,2,15,20396.9,05:39:56
Mon_00346,Four Square Fair Price Henderson;Pak 'n Save Lincoln Road;Four Square Ellerslie,3,14,20399.29,05:39:59
Mon_00347,Four Square Eden Terrace;Pak 'n Save Sylvia Park,2,15,20401.59,05:40:01
Mon_00348,New World Newmarket;New World Point Chevalier,2,16,20405.72,05:40:05
Mon_00349,New World Papatoetoe;Four Square Botany Junction;Four Square Ellerslie,3,14,20459.65,05:40:59
Mon_00350,New World Newmarket;Four Square Eden Terrace;Four Square Remuera,3,15,20460.4,05:41:00
Mon_00351,Pak 'n Save Henderson;Four Square Ellerslie,2,14,20463.87,05:41:03
Mon_00352,New World Remuera;Four Square Remuera;Four Square Britomart,3,15,20471.08,05:41:11
Mon_00353,New World Stonefields;New World Newmarket,2,15,20480.47,05:41:20
Mon_00354,New World Mt Albert;Four Square Remuera;New World Metro Queen St,3,15,20483.33,05:41:23
Mon_00355,Four Square Eden Terrace;Four Square Fair Price Henderson;Pak 'n Save Lincoln Road,3,15,20501.17,05:41:41
Mon_00356,Four Square Eden Terrace;Pak 'n Save Lincoln Road;Four Square Fair Price Henderson,3,15,20501.18,05:41:41
Mon_00357,Pak 'n Save Henderson;Four Square Eden Terrace,2,15,20516.0,05:41:56
Mon_00358,Pak 'n Save Clendon;Four Square Onehunga,2,15,20516.08,05:41:56
Mon_00359,Four Square Glen Eden;New World Mt Albert;Four Square Eden Terrace,3,15,20516.24,05:41:56
Mon_00360,Four Square Eden Terrace;New World Metro Queen St;New World Mt Albert,3,16,20516.51,05:41:56
Mon_00361,New World Mt Albert;Pak 'n Save Lincoln Road,2,16,20516.98,05:41:56
Mon_00362,Four Square Glen Eden;New World Point Chevalier;Four Square Eden Terrace,3,15,20519.25,05:41:59
Mon_00363,New World Mt Roskill;Pak 'n Save Wairau Road,2,15,20522.39,05:42:02
Mon_00364,New World Green Bay;New World Remuera,2,15,20541.48,05:42:21
Mon_00365,New World Mt Roskill;New World Remuera,2,16,20551.79,05:42:31
Mon_00366,Four Square Britomart;New World Metro Queen St;New World Victoria Park,3,16,20563.79,05:42:43
Mon_00367,Four Square Eden Terrace;Pak 'n Save Henderson,2,15,20565.75,05:42:45
Mon_00368,Pak 'n Save Papakura;Four Square Cockle Bay,2,12,20567.34,05:42:47
Mon_00369,Pak 'n Save Mt Albert;Four Square Glen Eden;Four Square Fair Price Henderson,3,15,20571.04,05:42:51
Mon_00370,Pak 'n Save Wairau Road;New World Green Bay,2,14,20571.76,05:42:51
Mon_00371,New World Victoria Park;New World Metro Queen St;Four Square Britomart,3,16,20573.69,05:42:53
Mon_00372,New World Victoria Park;Four Square Britomart;New World Metro Queen St,3,16,20576.2,05:42:56
Mon_00373,Four Square Onehunga;New World Remuera;Four Square Eden Terrace,3,16,20577.78,05:42:57
Mon_00374,New World Mt Roskill;New World Ormiston,2,15,20578.09,05:42:58
Mon_00375,New World Mt Roskill;Four Square Pakuranga Heights;Four Square Ellerslie;Four Square Onehunga,4,15,20578.86,05:42:58
Mon_00376,Pak 'n Save Royal Oak;Four Square Onehunga;Four Square Ellerslie,3,16,20585.39,05:43:05
Mon_00377,New World Metro Queen St;Four Square Britomart;Pak 'n Save Mt Albert,3,16,20585.87,05:43:05
Mon_00378,New World Birkenhead;New World Mt Albert,2,15,20587.11,05:43:07
Mon_00379,Four Square Ellerslie;Four Square Onehunga;Pak 'n Save Royal Oak,3,16,20587.59,05:43:07
Mon_00380,Pak 'n Save Lincoln Road;New World Point Chevalier,2,16,20594.81,05:43:14
Mon_00381,Four Square Cockle Bay;Pak 'n Save Botany,2,14,20596.61,05:43:16
Mon_00382,Four Square Onehunga;Pak 'n Save Royal Oak;Four Square Ellerslie,3,16,20596.68,05:43:16
Mon_00383,Four Square Ellerslie;New World Newmarket;New World Metro Queen St,3,15,20599.84,05:43:19
Mon_00384,New World Green Bay;New World New Lynn;Four Square Britomart,3,15,20606.53,05:43:26
Mon_00385,New World Southmall;New World Papatoetoe,2,15,20607.36,05:43:27
Mon_00386,Pak 'n Save Royal Oak;Four Square Ellerslie;Four Square Remuera,3,16,20607.54,05:43:27
Mon_00387,Four Square Lancaster;New World Birkenhead;New World Metro Queen St,3,14,20608.87,05:43:28
Mon_00388,Pak 'n Save Mt Albert;Four Square Britomart;New World Metro Queen St,3,16,20613.37,05:43:33
Mon_00389,New World Mt Roskill;Four Square Onehunga;Four Square Ellerslie;Four Square Remuera,4,16,20622.09,05:43:42
Mon_00390,Pak 'n Save Mt Albert;Four Square Fair Price Henderson;Four Square Glen Eden,3,15,20627.61,05:43:47
Mon_00391,New World Devonport;New World Birkenhead,2,13,20635.58,05:43:55
Mon_00392,New World Papatoetoe;Four Square Pakuranga Heights;Four Square Cockle Bay,3,13,20639.85,05:43:59
Mon_00393,Pak 'n Save Highland Park;Four Square Onehunga,2,15,20644.93,05:44:04
Mon_00394,New World Green Bay;New World New Lynn;Four Square Fair Price Henderson,3,15,20647.48,05:44:07
Mon_00395,New World Victoria Park;Four Square Britomart;Four Square Remuera,3,15,20649.58,05:44:09
Mon_00396,New World Mt Albert;New World Birkenhead,2,15,20649.99,05:44:09
Mon_00397,New World New Lynn;New World Green Bay;Four Square Britomart,3,15,20667.13,05:44:27
Mon_00398,Four Square Britomart;New World Metro Queen St;Pak 'n Save Lincoln Road,3,15,20673.91,05:44:33
Mon_00399,New World Mt Roskill;Pak 'n Save Manukau,2,16,20678.14,05:44:38
Mon_00400,Pak 'n Save Royal Oak;Four Square Onehunga;Four Square Remuera,3,16,20692.29,05:44:52
Mon_00401,New World Metro Queen St;Four Square Britomart;New World Southmall,3,14,20692.32,05:44:52
Mon_00402,Four Square Onehunga;Pak 'n Save Royal Oak;Four Square Remuera,3,16,20703.58,05:45:03
Mon_00403,New World Metro Queen St;Four Square Britomart;Pak 'n Save Lincoln Road,3,15,20703.85,05:45:03
Mon_00404,Pak 'n Save Manukau;New World Mt Roskill,2,16,20704.27,05:45:04
Mon_00405,Pak 'n Save Albany;Four Square Torbay,2,13,20706.38,05:45:06
Mon_00406,Four Square Glen Eden;Four Square Onehunga;New World Metro Queen St;Four Square Ellerslie,4,13,20730.42,05:45:30
Mon_00407,New World Metro Queen St;Four Square Britomart;New World Eastridge,3,15,20733.42,05:45:33
Mon_00408,New World Point Chevalier;Pak 'n Save Lincoln Road,2,16,20734.99,05:45:34
Mon_00409,New World Mt Roskill;Four Square Remuera;Four Square Ellerslie;Four Square Onehunga,4,16,20739.68,05:45:39
Mon_00410,Four Square Ellerslie;New World Mt Albert;Four Square Eden Terrace,3,15,20743.71,05:45:43
Mon_00411,Pak 'n Save Lincoln Road;Four Square Fair Price Henderson;Four Square Hobsonville,3,15,20745.43,05:45:45
Mon_00412,Four Square Eden Terrace;New World Metro Queen St;New World Point Chevalier,3,16,20746.06,05:45:46
Mon_00413,New World Metro Queen St;Four Square Eden Terrace;New World Point Chevalier,3,16,20747.74,05:45:47
Mon_00414,New World Papatoetoe;Four Square Ellerslie;Four Square Eden Terrace,3,15,20749.19,05:45:49
Mon_00415,Four Square Ellerslie;New World Victoria Park;Four Square Britomart,3,15,20749.6,05:45:49
Mon_00416,Pak 'n Save Manukau;New World New Lynn,2,15,20771.7,05:46:11
Mon_00417,Four Square Remuera;Four Square Ellerslie;Pak 'n Save Royal Oak,3,16,20781.81,05:46:21
Mon_00418,Four Square Fair Price Henderson;Four Square Hobsonville;New World Hobsonville,3,15,20784.79,05:46:24
Mon_00419,Four Square Onehunga;Pak 'n Save Royal Oak;Four Square Britomart,3,16,20800.99,05:46:40
Mon_00420,New World New Lynn;Pak 'n Save Manukau,2,15,20806.85,05:46:46
Mon_00421,New World Mt Roskill;Four Square Ellerslie;Four Square Remuera;Four Square Onehunga,4,16,20811.46,05:46:51
Mon_00422,Pak 'n Save Mangere;New World New Lynn,2,16,20814.56,05:46:54
Mon_00423,New World Birkenhead;New World Point Chevalier,2,15,20816.65,05:46:56
Mon_00424,Four Square Britomart;New World Metro Queen St;New World Eastridge,3,15,20826.1,05:47:06
Mon_00425,New World Point Chevalier;Four Square Eden Terrace;Four Square Glen Eden,3,15,20832.59,05:47:12
Mon_00426,Pak 'n Save Botany;Four Square Remuera,2,14,20836.67,05:47:16
Mon_00427,New World Victoria Park;Four Square Remuera;Four Square Ellerslie,3,15,20839.32,05:47:19
Mon_00428,New World New Lynn;Pak 'n Save Mangere,2,16,20849.73,05:47:29
Mon_00429,Four Square Eden Terrace;New World Victoria Park;Four Square Britomart,3,16,20855.93,05:47:35
Mon_00430,Pak 'n Save Royal Oak;Four Square Onehunga;Four Square Pakuranga Heights,3,15,20860.92,05:47:40
Mon_00431,Pak 'n Save Royal Oak;Four Square Remuera;Four Square Ellerslie,3,16,20864.94,05:47:44
Mon_00432,Four Square Britomart;New World Victoria Park;New World Metro Queen St,3,16,20865.26,05:47:45
Mon_00433,New World Metro Queen St;New World Victoria Park;Four Square Britomart,3,16,20866.6,05:47:46
Mon_00434,New World Hobsonville;Four Square Hobsonville;Four Square Fair Price Henderson,3,15,20871.74,05:47:51
Mon_00435,Four Square Botany Junction;Pak 'n Save Manukau;Four Square Onehunga,3,15,20873.41,05:47:53
Mon_00436,Pak 'n Save Royal Oak;Four Square Onehunga;Four Square Britomart,3,16,20876.57,05:47:56
Mon_00437,Four Square Remuera;New World Eastridge;Four Square Eden Terrace,3,15,20877.66,05:47:57
Mon_00438,New World Mt Roskill;Four Square Onehunga;Four Square Remuera;Four Square Ellerslie,4,16,20879.49,05:47:59
Mon_00439,Four Square Onehunga;Four Square Hobsonville;New World Hobsonville,3,15,20884.25,05:48:04
Mon_00440,Pak 'n Save Manukau;New World Green Bay,2,15,20884.52,05:48:04
Mon_00441,Four Square Hobsonville;New World Hobsonville;Four Square Fair Price Henderson,3,15,20886.0,05:48:06
Mon_00442,Pak 'n Save Mt Albert;Four Square Onehunga;Four Square Eden Terrace,3,16,20898.42,05:48:18
Mon_00443,New World Point Chevalier;New World Birkenhead,2,15,20902.52,05:48:22
Mon_00444,Pak 'n Save Wairau Road;New World Milford,2,15,20908.55,05:48:28
Mon_00445,New World Eastridge;New World Metro Queen St;Four Square Britomart,3,15,20911.83,05:48:31
Mon_00446,New World Papatoetoe;New World Stonefields,2,15,20916.69,05:48:36
Mon_00447,Pak 'n Save Mangere;New World Green Bay,2,16,20927.39,05:48:47
Mon_00448,New World Hobsonville;Four Square Hobsonville;Four Square Onehunga,3,15,20929.68,05:48:49
Mon_00449,Pak 'n Save Lincoln Road;Four Square Fair Price Henderson;New World Metro Queen St,3,15,20932.24,05:48:52
Mon_00450,New World Stonefields;New World Eastridge,2,15,20933.24,05:48:53
Mon_00451,Four Square Eden Terrace;New World Newmarket;New World Metro Queen St,3,16,20937.17,05:48:57
Mon_00452,New World Papakura;Four Square Cockle Bay,2,12,20939.3,05:48:59
Mon_00453,Four Square Onehunga;New World Victoria Park;New World Metro Queen St,3,16,20939.95,05:48:59
Mon_00454,Four Square Glen Eden;New World Hobsonville;Four Square Fair Price Henderson,3,14,20940.74,05:49:00
Mon_00455,Four Square Hobsonville;New World Hobsonville;Four Square Onehunga,3,15,20943.94,05:49:03
Mon_00456,Pak 'n Save Sylvia Park;Four Square Fair Price Henderson,2,14,20944.79,05:49:04
Mon_00457,Four Square Glen Eden;New World Newmarket;Four Square Eden Terrace,3,15,20945.67,05:49:05
Mon_00458,New World Mt Albert;New World Milford,2,15,20951.43,05:49:11
Mon_00459,New World Mt Roskill;Four Square Eden Terrace;Four Square Hobsonville,3,15,20969.64,05:49:29
Mon_00460,New World Milford;Pak 'n Save Wairau Road,2,15,20972.33,05:49:32
Mon_00461,Four Square Eden Terrace;Pak 'n Save Mt Albert;Four Square Onehunga,3,16,20980.61,05:49:40
Mon_00462,Pak 'n Save Henderson;Four Square Hobsonville,2,15,20987.99,05:49:47
Mon_00463,New World Southmall;New World Mt Albert,2,15,20988.44,05:49:48
Mon_00464,Four Square Pakuranga Heights;Pak 'n Save Clendon,2,14,20992.93,05:49:52
Mon_00465,New World Metro Queen St;Four Square Onehunga;New World Newmarket,3,15,20995.22,05:49:55
Mon_00466,Four Square Onehunga;Pak 'n Save Royal Oak;Four Square Pakuranga Heights,3,15,20996.62,05:49:56
Mon_00467,Pak 'n Save Henderson;New World Metro Queen St,2,15,20996.82,05:49:56
Mon_00468,Four Square Eden Terrace;New World Victoria Park;New World Metro Shore City,3,15,20998.28,05:49:58
Mon_00469,New World Birkenhead;New World Newmarket,2,15,21001.6,05:50:01
Mon_00470,New World Remuera;Four Square Remuera;Four Square Eden Terrace,3,16,21007.1,05:50:07
Mon_00471,New World Metro Shore City;New World Victoria Park;New World Metro Queen St,3,15,21012.63,05:50:12
Mon_00472,New World Eastridge;Four Square Britomart;Four Square Eden Terrace,3,15,21014.03,05:50:14
Mon_00473,New World Mt Roskill;Four Square Onehunga;Four Square Ellerslie;Four Square Pakuranga Heights,4,15,21015.59,05:50:15
Mon_00474,New World Metro Queen St;New World Remuera;Four Square Onehunga,3,16,21039.04,05:50:39
Mon_00475,Four Square Britomart;Four Square Onehunga;Pak 'n Save Royal Oak,3,16,21046.47,05:50:46
Mon_00476,New World Stonefields;New World Papatoetoe,2,15,21049.5,05:50:49
Mon_00477,Four Square Eden Terrace;New World Remuera;Four Square Remuera,3,16,21061.89,05:51:01
Mon_00478,Four Square Onehunga;Four Square Eden Terrace;New World Eastridge,3,15,21086.49,05:51:26
Mon_00479,New World Mt Albert;Four Square Fair Price Henderson;Four Square Hobsonville,3,15,21107.13,05:51:47
Mon_00480,New World Eastridge;New World Stonefields,2,15,21114.65,05:51:54
Mon_00481,Pak 'n Save Wairau Road;Four Square Britomart;New World Metro Queen St,3,15,21118.31,05:51:58
Mon_00482,New World Metro Queen St;Four Square Britomart;New World Papatoetoe,3,15,21130.02,05:52:10
Mon_00483,New World Green Bay;Four Square Onehunga;Four Square Remuera;Four Square Ellerslie,4,15,21133.64,05:52:13
Mon_00484,New World Green Bay;New World New Lynn;Four Square Eden Terrace,3,16,21134.65,05:52:14
Mon_00485,New World Mt Albert;New World Southmall,2,15,21150.17,05:52:30
Mon_00486,Pak 'n Save Royal Oak;Four Square Ellerslie;Four Square Britomart,3,16,21152.45,05:52:32
Mon_00487,New World Metro Shore City;Pak 'n Save Ormiston,2,13,21161.03,05:52:41
Mon_00488,New World Newmarket;New World Southmall,2,15,21163.36,05:52:43
Mon_00489,New World Mt Roskill;Four Square Britomart;New World New Lynn,3,16,21170.22,05:52:50
Mon_00490,New World Mt Albert;New World Metro Queen St;Four Square Fair Price Henderson,3,15,21172.83,05:52:52
Mon_00491,Four Square Onehunga;New World Remuera;Four Square Fair Price Henderson,3,15,21175.76,05:52:55
Mon_00492,New World Southmall;New World Ormiston,2,15,21187.86,05:53:07
Mon_00493,Pak 'n Save Mt Albert;New World Metro Shore City;New World Metro Queen St,3,15,21189.83,05:53:09
Mon_00494,New World Point Chevalier;New World Milford,2,15,21203.95,05:53:23
Mon_00495,Pak 'n Save Westgate;New World New Lynn,2,16,21216.83,05:53:36
Mon_00496,New World New Lynn;Pak 'n Save Westgate,2,16,21216.94,05:53:36
Mon_00497,New World Southmall;New World Point Chevalier,2,15,21217.99,05:53:37
Mon_00498,Pak 'n Save Royal Oak;Four Square Onehunga;Four Square Glen Eden,3,16,21223.07,05:53:43
Mon_00499,Pak 'n Save Mt Albert;Four Square Eden Terrace;Four Square Remuera,3,16,21236.16,05:53:56
Mon_00500,Four Square Onehunga;Four Square Ellerslie;New World Botany,3,15,21252.45,05:54:12
Mon_00501,New World Mt Roskill;New World Metro Queen St;Four Square St Heliers,3,15,21253.89,05:54:13
Mon_00502,New World Remuera;Four Square Ellerslie;Four Square Eden Terrace,3,16,21258.94,05:54:18
Mon_00503,Pak 'n Save Clendon;Four Square Botany Junction,2,15,21259.85,05:54:19
Mon_00504,Pak 'n Save Mt Albert;New World Metro Shore City;Four Square Eden Terrace,3,15,21260.35,05:54:20
Mon_00505,New World Newmarket;Four Square St Heliers;Four Square Remuera,3,15,21269.71,05:54:29
Mon_00506,New World Mt Roskill;Four Square Fair Price Henderson;New World New Lynn,3,16,21272.4,05:54:32
Mon_00507,Pak 'n Save Wairau Road;New World Birkenhead,2,15,21282.37,05:54:42
Mon_00508,Four Square Onehunga;Pak 'n Save Manukau;Four Square Remuera,3,15,21285.86,05:54:45
Mon_00509,New World Mt Albert;Four Square Fair Price Henderson;New World Metro Queen St,3,15,21293.94,05:54:53
Mon_00510,Pak 'n Save Royal Oak;Four Square Britomart;New World Metro Shore City,3,15,21297.61,05:54:57
Mon_00511,New World Mt Roskill;New World Metro Shore City;New World New Lynn,3,15,21301.02,05:55:01
Mon_00512,Pak 'n Save Highland Park;Four Square Botany Junction,2,15,21302.66,05:55:02
Mon_00513,New World Botany;Four Square Cockle Bay;Four Square Pakuranga Heights,3,14,21304.58,05:55:04
Mon_00514,Pak 'n Save Mt Albert;Four Square Glen Eden;Four Square Britomart,3,15,21307.46,05:55:07
Mon_00515,Four Square Britomart;New World Metro Queen St;New World Remuera,3,16,21310.32,05:55:10
Mon_00516,New World Mt Roskill;Four Square Eden Terrace;Four Square St Heliers,3,15,21311.27,05:55:11
Mon_00517,Four Square Hobsonville;New World Hobsonville;Four Square Glen Eden,3,15,21312.03,05:55:12
Mon_00518,Four Square Glen Eden;Four Square Onehunga;Pak 'n Save Royal Oak,3,16,21314.36,05:55:14
Mon_00519,New World Mt Roskill;New World New Lynn;Four Square Britomart,3,16,21317.8,05:55:17
Mon_00520,Four Square Cockle Bay;New World Howick;New World Metro Queen St,3,14,21323.29,05:55:23
Mon_00521,New World Eastridge;Four Square Torbay,2,12,21328.26,05:55:28
Mon_00522,New World Remuera;Four Square Britomart;New World Metro Queen St,3,16,21337.06,05:55:37
Mon_00523,New World Mt Roskill;Four Square Fair Price Henderson;New World Green Bay,3,16,21338.99,05:55:38
Mon_00524,New World Metro Queen St;Four Square Britomart;New World Remuera,3,16,21340.22,05:55:40
Mon_00525,New World Milford;Four Square Lancaster;Four Square Fair Price Henderson,3,13,21342.1,05:55:42
Mon_00526,New World Papatoetoe;Four Square Botany Junction;Four Square Eden Terrace,3,15,21344.13,05:55:44
Mon_00527,Four Square Eden Terrace;Four Square Glen Eden;New World Point Chevalier,3,15,21344.68,05:55:44
Mon_00528,Four Square Britomart;Four Square St Heliers;New World Eastridge,3,15,21350.55,05:55:50
Mon_00529,Pak 'n Save Lincoln Road;New World Hobsonville,2,16,21357.04,05:55:57
Mon_00530,New World Mt Roskill;New World New Lynn;Four Square Fair Price Henderson,3,16,21358.75,05:55:58
Mon_00531,New World Newmarket;New World Milford,2,15,21365.66,05:56:05
Mon_00532,Pak 'n Save Highland Park;Four Square Ellerslie,2,15,21371.14,05:56:11
Mon_00533,New World Remuera;New World Stonefields,2,16,21391.67,05:56:31
Mon_00534,Pak 'n Save Royal Oak;Four Square Pakuranga Heights;Four Square Remuera,3,15,21396.37,05:56:36
Mon_00535,New World Eastridge;Four Square St Heliers;Four Square Remuera,3,15,21399.65,05:56:39
Mon_00536,New World Mt Roskill;Four Square Hobsonville;New World Metro Queen St,3,15,21400.71,05:56:40
Mon_00537,New World Point Chevalier;New World Southmall,2,15,21419.2,05:56:59
Mon_00538,Pak 'n Save Clendon;Four Square Pakuranga Heights,2,14,21423.5,05:57:03
Mon_00539,Four Square Onehunga;New World Point Chevalier;Four Square Hobsonville,3,15,21424.6,05:57:04
Mon_00540,New World Point Chevalier;Four Square Hobsonville;Four Square Fair Price Henderson,3,15,21426.35,05:57:06
Mon_00541,New World Mt Roskill;Four Square St Heliers;New World Metro Queen St,3,15,21429.13,05:57:09
Mon_00542,New World Green Bay;New World Mt Roskill;Four Square Glen Eden,3,16,21433.53,05:57:13
Mon_00543,Four Square Glen Eden;New World Mt Roskill;New World Green Bay,3,16,21433.54,05:57:13
Mon_00544,New World Remuera;Four Square Remuera;New World Metro Queen St,3,16,21440.14,05:57:20
Mon_00545,New World Mt Roskill;New World Green Bay;Four Square Britomart,3,16,21443.23,05:57:23
Mon_00546,Pak 'n Save Lincoln Road;New World Newmarket,2,16,21449.08,05:57:29
Mon_00547,Pak 'n Save Manukau;Four Square Botany Junction;Four Square Ellerslie,3,15,21452.44,05:57:32
Mon_00548,New World Hobsonville;Pak 'n Save Lincoln Road,2,16,21458.25,05:57:38
Mon_00549,New World Hobsonville;New World Mt Albert,2,16,21460.19,05:57:40
Mon_00550,New World Mt Roskill;Four Square Onehunga;Four Square Remuera;New World Metro Shore City,4,15,21471.52,05:57:51
Mon_00551,New World Mt Albert;New World Papatoetoe,2,16,21482.07,05:58:02
Mon_00552,New World Mt Roskill;New World Green Bay;Four Square Fair Price Henderson,3,16,21484.21,05:58:04
Mon_00553,New World Ormiston;Four Square Botany Junction;Four Square Eden Terrace,3,15,21485.49,05:58:05
Mon_00554,New World Hobsonville;Four Square Hobsonville;Four Square Britomart,3,15,21488.81,05:58:08
Mon_00555,Four Square Botany Junction;New World Ormiston;Four Square Cockle Bay,3,14,21489.87,05:58:09
Mon_00556,New World Stonefields;New World Remuera,2,16,21491.55,05:58:11
Mon_00557,New World Newmarket;New World Eastridge,2,16,21494.12,05:58:14
Mon_00558,Four Square St Heliers;Four Square Remuera;New World Newmarket,3,15,21503.46,05:58:23
Mon_00559,Four Square Onehunga;Pak 'n Save Mt Albert;New World Metro Queen St,3,16,21513.29,05:58:33
Mon_00560,New World Ormiston;Four Square Botany Junction;Four Square Cockle Bay,3,14,21520.65,05:58:40
Mon_00561,Four Square Britomart;New World Metro Queen St;New World Hobsonville,3,15,21521.78,05:58:41
Mon_00562,Pak 'n Save Sylvia Park;Four Square St Heliers,2,15,21526.84,05:58:46
Mon_00563,New World Eastridge;Four Square St Heliers;Four Square Britomart,3,15,21531.12,05:58:51
Mon_00564,Pak 'n Save Manukau;New World Southmall,2,16,21533.49,05:58:53
Mon_00565,Four Square Eden Terrace;New World Remuera;Four Square Britomart,3,16,21543.63,05:59:03
Mon_00566,Pak 'n Save Manukau;Four Square Onehunga;Four Square Ellerslie,3,15,21545.35,05:59:05
Mon_00567,New World Papatoetoe;New World Newmarket,2,16,21548.29,05:59:08
Mon_00568,New World New Lynn;New World Browns Bay,2,14,21550.39,05:59:10
Mon_00569,Pak 'n Save Mt Albert;New World Stonefields,2,16,21554.83,05:59:14
Mon_00570,New World Southmall;Pak 'n Save Manukau,2,16,21561.36,05:59:21
Mon_00571,Pak 'n Save Highland Park;Four Square Remuera,2,15,21563.58,05:59:23
Mon_00572,Pak 'n Save Lincoln Road;New World Stonefields,2,15,21565.6,05:59:25
Mon_00573,New World Mt Roskill;New World Green Bay;New World Metro Shore City,3,15,21574.04,05:59:34
Mon_00574,New World Point Chevalier;New World Hobsonville,2,16,21582.86,05:59:42
Mon_00575,Four Square Onehunga;New World Botany;Four Square Ellerslie,3,15,21593.36,05:59:53
Mon_00576,New World Remuera;Four Square Eden Terrace;Four Square Britomart,3,16,21596.7,05:59:56
Mon_00577,Pak 'n Save Mt Albert;Four Square Eden Terrace;Four Square Pakuranga Heights,3,15,21598.28,05:59:58
Mon_00578,Four Square St Heliers;New World Stonefields;Four Square Eden Terrace,3,15,21611.41,06:00:11
Mon_00579,Four Square Cockle Bay;New World Howick;Four Square Pakuranga Heights;Four Square Onehunga,4,15,21612.1,06:00:12
Mon_00580,Four Square Eden Terrace;Pak 'n Save Ormiston,2,15,21616.84,06:00:16
Mon_00581,Pak 'n Save Lincoln Road;New World Milford,2,15,21618.66,06:00:18
Mon_00582,New World Metro Shore City;New World Remuera;Four Square Eden Terrace,3,15,21623.84,06:00:23
Mon_00583,Pak 'n Save Lincoln Road;Four Square Hobsonville;Four Square Glen Eden,3,15,21626.57,06:00:26
Mon_00584,Pak 'n Save Manukau;Four Square Pakuranga Heights;Four Square Eden Terrace,3,15,21628.06,06:00:28
Mon_00585,New World Green Bay;Pak 'n Save Westgate,2,16,21630.13,06:00:30
Mon_00586,New World Mt Albert;Four Square Hobsonville;Four Square Glen Eden,3,15,21634.37,06:00:34
Mon_00587,Pak 'n Save Mangere;Four Square Onehunga;Four Square Ellerslie,3,16,21638.21,06:00:38
Mon_00588,New World Mt Roskill;Four Square Ellerslie;New World New Lynn,3,16,21646.2,06:00:46
Mon_00589,Pak 'n Save Royal Oak;Four Square Onehunga;Four Square Fair Price Henderson,3,16,21652.16,06:00:52
Mon_00590,Four Square Eden Terrace;Four Square Onehunga;New World Eastridge,3,15,21658.7,06:00:58
Mon_00591,New World Mt Albert;New World Eastridge,2,16,21659.67,06:00:59
Mon_00592,New World Hobsonville;New World Milford,2,15,21662.19,06:01:02
Mon_00593,New World Mt Albert;Four Square St Heliers;Four Square Ellerslie,3,15,21663.99,06:01:03
Mon_00594,New World Milford;New World Hobsonville,2,15,21676.33,06:01:16
Mon_00595,Four Square Britomart;Four Square Remuera;Pak 'n Save Manukau,3,15,21678.3,06:01:18
Mon_00596,New World Green Bay;Four Square Glen Eden;Four Square Britomart;Four Square Onehunga,4,15,21694.25,06:01:34
Mon_00597,Pak 'n Save Mt Albert;New World Metro Queen St;Four Square Remuera,3,16,21695.74,06:01:35
Mon_00598,New World Howick;New World Newmarket,2,15,21699.02,06:01:39
Mon_00599,New World Mt Roskill;Four Square Ellerslie;Four Square Remuera;Four Square Britomart,4,16,21699.41,06:01:39
Mon_00600,New World Birkenhead;Four Square Eden Terrace;New World Metro Queen St,3,15,21710.03,06:01:50
Mon_00601,Pak 'n Save Mt Albert;Four Square Eden Terrace;Four Square Glen Eden,3,16,21711.15,06:01:51
Mon_00602,Four Square Ellerslie;New World Victoria Park;New World Metro Queen St,3,16,21726.09,06:02:06
Mon_00603,New World Howick;New World Papatoetoe,2,15,21727.6,06:02:07
Mon_00604,New World Howick;New World Point Chevalier,2,15,21740.78,06:02:20
Mon_00605,Pak 'n Save Mangere;Four Square Onehunga;Four Square Remuera,3,16,21745.11,06:02:25
Mon_00606,Pak 'n Save Clendon;Four Square Ellerslie,2,15,21755.83,06:02:35
Mon_00607,Pak 'n Save Highland Park;Four Square Cockle Bay,2,15,21760.01,06:02:40
Mon_00608,New World Victoria Park;Four Square Ellerslie;Four Square Eden Terrace,3,16,21761.35,06:02:41
Mon_00609,Four Square Fair Price Henderson;Four Square Lancaster;Pak 'n Save Wairau Road,3,14,21765.44,06:02:45
Mon_00610,New World New Lynn;New World Mt Roskill;New World Metro Shore City,3,15,21773.38,06:02:53
Mon_00611,New World Mt Albert;Pak 'n Save Wairau Road,2,16,21785.17,06:03:05
Mon_00612,New World Mt Roskill;New World New Lynn;Four Square Ellerslie,3,16,21793.79,06:03:13
Mon_00613,New World Newmarket;Four Square Fair Price Henderson;Four Square Eden Terrace,3,15,21794.98,06:03:14
Mon_00614,New World Howick;New World Ormiston,2,15,21797.17,06:03:17
Mon_00615,New World Mt Roskill;New World New Lynn;Four Square Remuera,3,16,21802.19,06:03:22
Mon_00616,New World Papatoetoe;New World Ormiston,2,16,21802.26,06:03:22
Mon_00617,New World Mt Roskill;Four Square Torbay;Four Square Britomart,3,14,21810.43,06:03:30
Mon_00618,New World Point Chevalier;New World Papatoetoe,2,16,21813.27,06:03:33
Mon_00619,Pak 'n Save Lincoln Road;Four Square Hobsonville;Four Square Britomart,3,15,21817.61,06:03:37
Mon_00620,New World Victoria Park;New World Birkenhead,2,16,21823.62,06:03:43
Mon_00621,New World Eastridge;New World Point Chevalier,2,16,21826.35,06:03:46
Mon_00622,Pak 'n Save Manukau;Four Square Onehunga;Four Square Britomart,3,15,21836.53,06:03:56
Mon_00623,New World Mt Roskill;Four Square Ellerslie;Four Square Remuera;Four Square Pakuranga Heights,4,15,21840.03,06:04:00
Mon_00624,New World Birkenhead;New World Victoria Park,2,16,21847.34,06:04:07
Mon_00625,Pak 'n Save Mt Albert;New World Birkenhead,2,16,21849.24,06:04:09
Mon_00626,Pak 'n Save Mt Albert;Four Square Remuera;Four Square Botany Junction,3,15,21851.75,06:04:11
Mon_00627,New World Metro Queen St;New World Newmarket;Four Square Botany Junction,3,15,21852.88,06:04:12
Mon_00628,Pak 'n Save Lincoln Road;New World Birkenhead,2,15,21860.02,06:04:20
Mon_00629,Pak 'n Save Mt Albert;New World Southmall,2,16,21860.86,06:04:20
Mon_00630,New World Milford;Pak 'n Save Lincoln Road,2,15,21861.37,06:04:21
Mon_00631,Four Square Britomart;Pak 'n Save Mt Albert;Four Square Remuera,3,15,21863.48,06:04:23
Mon_00632,Four Square Onehunga;Pak 'n Save Glen Innes;Four Square Remuera,3,16,21877.34,06:04:37
Mon_00633,New World New Lynn;New World Metro Shore City;New World Milford,3,15,21894.68,06:04:54
Mon_00634,New World Mt Roskill;Four Square Ellerslie;Four Square Remuera;New World Metro Shore City,4,15,21897.03,06:04:57
Mon_00635,New World Metro Queen St;New World Victoria Park;Four Square Ellerslie,3,16,21899.97,06:04:59
Mon_00636,New World Mt Roskill;Four Square Remuera;New World Green Bay,3,16,21901.07,06:05:01
Mon_00637,New World New Lynn;New World Milford;New World Metro Shore City,3,15,21909.48,06:05:09
Mon_00638,New World Birkenhead;Pak 'n Save Lincoln Road,2,15,21909.77,06:05:09
Mon_00639,New World Point Chevalier;New World Eastridge,2,16,21912.2,06:05:12
Mon_00640,Pak 'n Save Mangere;Four Square Onehunga;Four Square Pakuranga Heights,3,15,21913.74,06:05:13
Mon_00641,Pak 'n Save Highland Park;New World Metro Shore City,2,14,21917.22,06:05:17
Mon_00642,New World Ormiston;Four Square Botany Junction;New World Metro Queen St,3,15,21918.53,06:05:18
Mon_00643,New World Ormiston;New World Papatoetoe,2,16,21918.59,06:05:18
Mon_00644,New World Mt Roskill;New World Green Bay;Four Square Ellerslie,3,16,21919.23,06:05:19
Mon_00645,Four Square Pakuranga Heights;New World Stonefields;Four Square Remuera;Four Square Britomart,4,15,21922.19,06:05:22
Mon_00646,New World Mt Roskill;New World Green Bay;Four Square Remuera,3,16,21927.63,06:05:27
Mon_00647,Pak 'n Save Mangere;Four Square Onehunga;Four Square Britomart,3,16,21929.39,06:05:29
Mon_00648,Four Square Onehunga;New World Stonefields;Four Square Ellerslie;Four Square Britomart,4,16,21930.52,06:05:30
Mon_00649,New World Mt Roskill;Four Square Ellerslie;Four Square Pakuranga Heights;Four Square Remuera,4,15,21936.89,06:05:36
Mon_00650,Pak 'n Save Clendon;Four Square Remuera,2,15,21948.27,06:05:48
Mon_00651,Four Square Eden Terrace;New World Newmarket;Four Square Lancaster,3,15,21956.33,06:05:56
Mon_00652,Pak 'n Save Mt Albert;Four Square Lancaster;Four Square Britomart,3,15,21961.2,06:06:01
Mon_00653,Pak 'n Save Botany;New World Metro Queen St,2,15,21961.75,06:06:01
Mon_00654,New World Mt Roskill;New World Devonport;New World Metro Shore City,3,15,21963.86,06:06:03
Mon_00655,New World Hobsonville;Four Square Hobsonville;Four Square Ellerslie,3,15,21964.8,06:06:04
Mon_00656,Four Square Ellerslie;Four Square Remuera;Pak 'n Save Mangere,3,16,21965.47,06:06:05
Mon_00657,Pak 'n Save Ormiston;New World Metro Queen St,2,15,21967.8,06:06:07
Mon_00658,Four Square Pakuranga Heights;Pak 'n Save Royal Oak;Four Square Remuera,3,15,21969.86,06:06:09
Mon_00659,Pak 'n Save Royal Oak;Four Square Onehunga;Four Square Botany Junction,3,16,21972.34,06:06:12
Mon_00660,Four Square Remuera;New World Newmarket;Four Square St Heliers,3,15,21973.07,06:06:13
Mon_00661,New World Hobsonville;Four Square Hobsonville;Four Square Remuera,3,15,21973.2,06:06:13
Mon_00662,New World Mt Roskill;New World Browns Bay,2,15,21973.89,06:06:13
Mon_00663,Four Square Hobsonville;New World Hobsonville;Four Square Ellerslie,3,15,21979.06,06:06:19
Mon_00664,Four Square Hobsonville;New World Hobsonville;Four Square Remuera,3,15,21987.46,06:06:27
Mon_00665,New World Green Bay;New World Metro Queen St;Four Square Britomart;Four Square Onehunga,4,16,21988.44,06:06:28
Mon_00666,New World Mt Roskill;Pak 'n Save Papakura,2,16,21993.07,06:06:33
Mon_00667,Four Square Onehunga;Pak 'n Save Royal Oak;Four Square Botany Junction,3,16,21994.22,06:06:34
Mon_00668,Four Square Pakuranga Heights;Pak 'n Save Botany;Four Square Onehunga,3,16,21996.41,06:06:36
Mon_00669,New World Victoria Park;Four Square Onehunga;Four Square Glen Eden,3,15,21998.71,06:06:38
Mon_00670,New World Victoria Park;Four Square Britomart;Four Square Botany Junction,3,15,22009.3,06:06:49
Mon_00671,New World Stonefields;New World Ormiston,2,15,22013.55,06:06:53
Mon_00672,Four Square Lancaster;New World Hobsonville;Four Square Hobsonville,3,15,22015.93,06:06:55
Mon_00673,New World Hobsonville;Four Square Hobsonville;Four Square Eden Terrace,3,16,22016.93,06:06:56
Mon_00674,Pak 'n Save Papakura;New World Mt Roskill,2,16,22019.2,06:06:59
Mon_00675,New World Mt Roskill;Four Square Onehunga;Four Square Botany Junction;Four Square Pakuranga Heights,4,15,22021.78,06:07:01
Mon_00676,New World Victoria Park;New World Devonport,2,15,22025.9,06:07:05
Mon_00677,New World Remuera;Four Square Eden Terrace;Four Square Ellerslie,3,16,22027.52,06:07:07
Mon_00678,New World Mt Roskill;New World Metro Shore City;New World Milford,3,16,22030.43,06:07:10
Mon_00679,Four Square Hobsonville;New World Hobsonville;Four Square Eden Terrace,3,16,22031.19,06:07:11
Mon_00680,New World Green Bay;New World Milford;New World Metro Shore City,3,15,22034.92,06:07:14
Mon_00681,New World Green Bay;New World Mt Roskill;Four Square Fair Price Henderson,3,16,22035.12,06:07:15
Mon_00682,New World Point Chevalier;Pak 'n Save Wairau Road,2,16,22037.7,06:07:17
Mon_00683,Four Square Eden Terrace;Pak 'n Save Mt Albert;New World Metro Shore City,3,15,22038.01,06:07:18
Mon_00684,Pak 'n Save Glen Innes;Four Square Remuera;Four Square Onehunga,3,16,22039.1,06:07:19
Mon_00685,New World Mt Roskill;New World Milford;New World Metro Shore City,3,16,22045.23,06:07:25
Mon_00686,Four Square Ellerslie;New World Newmarket;Four Square St Heliers,3,15,22046.27,06:07:26
Mon_00687,New World New Lynn;New World Green Bay;Four Square Botany Junction,3,15,22048.15,06:07:28
Mon_00688,Pak 'n Save Mt Albert;New World Devonport,2,15,22051.53,06:07:31
Mon_00689,New World Ormiston;New World Metro Queen St;Four Square Britomart,3,15,22053.68,06:07:33
Mon_00690,Four Square Remuera;Pak 'n Save Highland Park,2,15,22067.0,06:07:47
Mon_00691,New World Milford;New World Metro Shore City;New World Mt Roskill,3,16,22071.36,06:07:51
Mon_00692,New World Milford;New World Metro Shore City;Four Square Britomart;Four Square Onehunga,4,15,22073.15,06:07:53
Mon_00693,New World Mt Roskill;Four Square Remuera;Four Square Pakuranga Heights;Four Square Botany Junction,4,15,22078.66,06:07:58
Mon_00694,Four Square Glen Eden;Pak 'n Save Mt Albert;New World Metro Queen St,3,16,22093.42,06:08:13
Mon_00695,New World Milford;New World Metro Shore City;New World Green Bay,3,15,22094.59,06:08:14
Mon_00696,Four Square Britomart;New World Botany;Four Square Botany Junction,3,15,22095.02,06:08:15
Mon_00697,Pak 'n Save Clendon;Four Square Britomart,2,15,22104.29,06:08:24
Mon_00698,New World Remuera;Four Square Eden Terrace;New World Metro Shore City,3,15,22109.33,06:08:29
Mon_00699,New World Mt Roskill;New World Botany,2,16,22113.1,06:08:33
Mon_00700,New World Hobsonville;Four Square Hobsonville;Four Square Lancaster,3,15,22114.49,06:08:34
Mon_00701,Pak 'n Save Mangere;Four Square Botany Junction;Four Square Pakuranga Heights,3,15,22117.4,06:08:37
Mon_00702,New World Mt Roskill;Four Square Botany Junction;Four Square Ellerslie;Four Square Onehunga,4,16,22118.07,06:08:38
Mon_00703,New World New Lynn;New World Mt Roskill;Four Square Ellerslie,3,16,22118.56,06:08:38
Mon_00704,Pak 'n Save Mt Albert;Four Square Hobsonville;New World Metro Shore City,3,15,22120.3,06:08:40
Mon_00705,New World New Lynn;Pak 'n Save Papakura,2,15,22121.79,06:08:41
Mon_00706,New World Mt Roskill;New World Metro Queen St;Four Square Britomart;New World Metro Shore City,4,16,22123.36,06:08:43
Mon_00707,Pak 'n Save Mangere;Four Square Onehunga;New World Metro Shore City,3,15,22127.01,06:08:47
Mon_00708,Pak 'n Save Manukau;New World Stonefields,2,16,22127.88,06:08:47
Mon_00709,Four Square Lancaster;Four Square Remuera;New World Eastridge,3,14,22132.32,06:08:52
Mon_00710,New World Mt Roskill;Four Square Britomart;New World Metro Queen St;New World Metro Shore City,4,16,22132.73,06:08:52
Mon_00711,New World Mt Roskill;Four Square Onehunga;Four Square Pakuranga Heights;Four Square Cockle Bay,4,15,22138.18,06:08:58
Mon_00712,New World Mt Albert;New World Howick,2,15,22143.01,06:09:03
Mon_00713,Pak 'n Save Manukau;Four Square Britomart;New World Metro Queen St,3,16,22157.05,06:09:17
Mon_00714,Pak 'n Save Albany;New World New Lynn,2,15,22157.82,06:09:17
Mon_00715,New World New Lynn;Pak 'n Save Albany,2,15,22157.93,06:09:17
Mon_00716,New World Mt Roskill;New World Papakura,2,16,22158.99,06:09:18
Mon_00717,Pak 'n Save Westgate;Four Square Fair Price Henderson;Four Square Glen Eden,3,16,22159.5,06:09:19
Mon_00718,New World Mt Roskill;New World New Lynn;Four Square Pakuranga Heights,3,15,22164.31,06:09:24
Mon_00719,Four Square Onehunga;Pak 'n Save Sylvia Park;Four Square Pakuranga Heights,3,16,22165.38,06:09:25
Mon_00720,Four Square Pakuranga Heights;Pak 'n Save Botany;Four Square Botany Junction,3,16,22167.13,06:09:27
Mon_00721,New World Botany;Four Square Cockle Bay;Four Square Botany Junction,3,15,22172.87,06:09:32
Mon_00722,Four Square Fair Price Henderson;Pak 'n Save Botany,2,14,22174.33,06:09:34
Mon_00723,Pak 'n Save Royal Oak;Four Square Britomart;Four Square Pakuranga Heights,3,15,22176.5,06:09:36
Mon_00724,New World Mt Albert;Four Square Ellerslie;Four Square Hobsonville,3,15,22180.28,06:09:40
Mon_00725,Four Square Pakuranga Heights;Pak 'n Save Sylvia Park;Four Square Ellerslie,3,16,22182.76,06:09:42
Mon_00726,New World Papakura;New World Mt Roskill,2,16,22185.11,06:09:45
Mon_00727,New World Victoria Park;Four Square Onehunga;Four Square Eden Terrace,3,16,22188.24,06:09:48
Mon_00728,New World Mt Roskill;Four Square Onehunga;Four Square Ellerslie;Four Square Glen Eden,4,16,22189.06,06:09:49
Mon_00729,Four Square Hobsonville;New World Hobsonville;Four Square Lancaster,3,15,22200.2,06:10:00
Mon_00730,Pak 'n Save Papakura;New World Southmall,2,16,22210.49,06:10:10
Mon_00731,Four Square Ellerslie;New World Stonefields;Four Square Remuera;Four Square Britomart,4,16,22210.88,06:10:10
Mon_00732,New World Remuera;Four Square Remuera;Four Square St Heliers,3,16,22214.09,06:10:14
Mon_00733,Four Square Glen Eden;Pak 'n Save Clendon,2,15,22222.7,06:10:22
Mon_00734,Pak 'n Save Royal Oak;Four Square Fair Price Henderson;Four Square Glen Eden,3,16,22230.99,06:10:30
Mon_00735,New World Green Bay;Pak 'n Save Papakura,2,15,22247.22,06:10:47
Mon_00736,Pak 'n Save Royal Oak;Four Square Pakuranga Heights;Four Square Cockle Bay,3,15,22248.04,06:10:48
Mon_00737,New World Papatoetoe;New World Birkenhead,2,15,22248.56,06:10:48
Mon_00738,Four Square Fair Price Henderson;Four Square Ellerslie;Pak 'n Save Royal Oak,3,16,22252.08,06:10:52
Mon_00739,New World New Lynn;New World Albany,2,15,22254.31,06:10:54
Mon_00740,Pak 'n Save Highland Park;Four Square Eden Terrace,2,16,22255.63,06:10:55
Mon_00741,New World Mt Roskill;Four Square Pakuranga Heights;Four Square Botany Junction;Four Square Remuera,4,15,22275.52,06:11:15
Mon_00742,New World Victoria Park;Four Square Eden Terrace;Four Square Fair Price Henderson,3,16,22278.0,06:11:18
Mon_00743,New World Remuera;Four Square Fair Price Henderson;Four Square Onehunga,3,15,22283.24,06:11:23
Mon_00744,New World New Lynn;Four Square Ellerslie;New World Stonefields,3,16,22284.56,06:11:24
Mon_00745,Pak 'n Save Mangere;Four Square Ellerslie;Four Square Remuera,3,16,22285.43,06:11:25
Mon_00746,New World New Lynn;New World Papakura,2,15,22287.7,06:11:27
Mon_00747,Four Square Lancaster;Pak 'n Save Wairau Road;Four Square Hobsonville,3,15,22292.14,06:11:32
Mon_00748,Four Square Onehunga;Pak 'n Save Mangere;Four Square Britomart,3,16,22297.84,06:11:37
Mon_00749,Pak 'n Save Royal Oak;New World Metro Queen St;New World Metro Shore City,3,16,22305.98,06:11:45
Mon_00750,Pak 'n Save Wairau Road;Four Square Hobsonville;Four Square Onehunga,3,15,22310.85,06:11:50
Mon_00751,Pak 'n Save Botany;Four Square Pakuranga Heights;Four Square Onehunga,3,16,22312.34,06:11:52
Mon_00752,New World Southmall;Pak 'n Save Papakura,2,16,22316.67,06:11:56
Mon_00753,Four Square Glen Eden;Pak 'n Save Mangere;Four Square Onehunga,3,16,22323.67,06:12:03
Mon_00754,Four Square Eden Terrace;Pak 'n Save Mt Albert;Four Square Fair Price Henderson,3,16,22326.13,06:12:06
Mon_00755,New World Mt Roskill;Four Square Onehunga;Four Square Lancaster;New World Metro Shore City,4,15,22328.17,06:12:08
Mon_00756,New World Stonefields;Four Square Remuera;Four Square Ellerslie;Four Square Pakuranga Heights,4,15,22338.77,06:12:18
Mon_00757,New World Mt Roskill;Four Square Eden Terrace;Four Square Britomart;New World Metro Shore City,4,16,22345.16,06:12:25
Mon_00758,New World Newmarket;New World Hobsonville,2,16,22346.71,06:12:26
Mon_00759,New World Mt Roskill;Four Square Glen Eden;Four Square Fair Price Henderson;Four Square Onehunga,4,16,22346.92,06:12:26
Mon_00760,Pak 'n Save Mangere;Four Square Botany Junction;Four Square Onehunga,3,16,22353.71,06:12:33
Mon_00761,New World Green Bay;Four Square Glen Eden;Four Square Ellerslie;Four Square Britomart,4,15,22354.0,06:12:34
Mon_00762,New World Browns Bay;New World Milford,2,15,22356.09,06:12:36
Mon_00763,New World Papakura;New World Green Bay,2,15,22365.36,06:12:45
Mon_00764,New World Green Bay;New World Botany,2,15,22367.25,06:12:47
Mon_00765,Four Square Cockle Bay;New World Howick;Four Square Pakuranga Heights;Four Square Botany Junction,4,15,22372.09,06:12:52
Mon_00766,New World Howick;Four Square Cockle Bay;Four Square Pakuranga Heights;Four Square Botany Junction,4,15,22372.1,06:12:52
Mon_00767,Pak 'n Save Westgate;Four Square Fair Price Henderson;Four Square Onehunga,3,16,22376.37,06:12:56
Mon_00768,New World Remuera;New World Metro Queen St;Four Square Remuera,3,16,22379.54,06:12:59
Mon_00769,Four Square Glen Eden;New World Green Bay;Four Square Britomart;New World Metro Queen St,4,16,22381.57,06:13:01
Mon_00770,New World Remuera;New World Southmall,2,16,22383.73,06:13:03
Mon_00771,Pak 'n Save Royal Oak;New World Metro Shore City;New World Metro Queen St,3,16,22384.27,06:13:04
Mon_00772,New World Metro Queen St;Pak 'n Save Mt Albert;Four Square Britomart,3,16,22388.03,06:13:08
Mon_00773,Four Square Eden Terrace;Pak 'n Save Mt Albert;Four Square Remuera,3,16,22391.59,06:13:11
Mon_00774,Pak 'n Save Westgate;Four Square Remuera;Four Square Onehunga,3,16,22393.46,06:13:13
Mon_00775,New World Point Chevalier;New World Howick,2,15,22395.54,06:13:15
Mon_00776,New World Papatoetoe;Four Square Lancaster;Four Square Onehunga,3,14,22397.09,06:13:17
Mon_00777,New World Mt Roskill;Four Square Onehunga;New World Metro Queen St;New World Metro Shore City,4,16,22407.4,06:13:27
Mon_00778,Pak 'n Save Wairau Road;New World Hobsonville,2,16,22409.41,06:13:29
Mon_00779,New World Green Bay;New World Papakura,2,15,22413.14,06:13:33
Mon_00780,New World Hobsonville;New World Stonefields,2,15,22413.47,06:13:33
Mon_00781,New World Birkenhead;New World Eastridge,2,15,22422.23,06:13:42
Mon_00782,Four Square Onehunga;Pak 'n Save Mangere;New World Metro Shore City,3,15,22428.65,06:13:48
Mon_00783,New World Mt Roskill;Four Square Pakuranga Heights;Four Square Britomart;New World Metro Queen St,4,16,22430.19,06:13:50
Mon_00784,New World Browns Bay;New World Metro Queen St;Four Square Britomart,3,15,22430.63,06:13:50
Mon_00785,New World Mt Roskill;New World Birkenhead;New World Metro Shore City,3,16,22438.73,06:13:58
Mon_00786,New World Green Bay;Four Square Eden Terrace;Four Square Remuera;Four Square Ellerslie,4,16,22438.8,06:13:58
Mon_00787,Pak 'n Save Manukau;Four Square Ellerslie;Four Square Glen Eden,3,15,22446.42,06:14:06
Mon_00788,Pak 'n Save Wairau Road;Four Square Lancaster;Four Square Hobsonville,3,15,22446.65,06:14:06
Mon_00789,New World Papakura;New World Southmall,2,16,22456.43,06:14:16
Mon_00790,New World Mt Roskill;Four Square Onehunga;Four Square Glen Eden;Four Square Fair Price Henderson,4,16,22459.74,06:14:19
Mon_00791,Four Square Britomart;New World Stonefields;Four Square Remuera;Four Square Ellerslie,4,16,22463.41,06:14:23
Mon_00792,Pak 'n Save Lincoln Road;Four Square Remuera;Four Square St Heliers,3,15,22467.31,06:14:27
Mon_00793,New World Botany;Four Square Onehunga;Four Square Ellerslie,3,15,22470.55,06:14:30
Mon_00794,New World Southmall;New World Remuera,2,16,22475.03,06:14:35
Mon_00795,New World Mt Roskill;Four Square Torbay;Four Square Ellerslie,3,14,22479.97,06:14:39
Mon_00796,New World Eastridge;Four Square Eden Terrace;New World Metro Queen St,3,16,22490.27,06:14:50
Mon_00797,Four Square Botany Junction;Four Square Cockle Bay;New World Howick;Four Square Pakuranga Heights,4,15,22493.97,06:14:53
Mon_00798,New World Devonport;New World Metro Shore City;New World Milford,3,15,22496.16,06:14:56
Mon_00799,Pak 'n Save Lincoln Road;Pak 'n Save Wairau Road,2,16,22499.27,06:14:59
Mon_00800,New World Papatoetoe;Four Square Botany Junction;Four Square Pakuranga Heights;Four Square Onehunga,4,16,22502.22,06:15:02
Mon_00801,Four Square Pakuranga Heights;Four Square Onehunga;New World Stonefields;Four Square Ellerslie,4,15,22503.46,06:15:03
Mon_00802,Pak 'n Save Manukau;Four Square Botany Junction;Four Square Glen Eden,3,15,22506.97,06:15:06
Mon_00803,New World Remuera;Four Square Eden Terrace;Four Square Glen Eden,3,16,22510.91,06:15:10
Mon_00804,Pak 'n Save Royal Oak;Four Square Eden Terrace;New World Metro Shore City,3,16,22513.27,06:15:13
Mon_00805,New World Southmall;Four Square Remuera;Four Square Ellerslie;Four Square Onehunga,4,16,22521.73,06:15:21
Mon_00806,New World Howick;Four Square Cockle Bay;Four Square Pakuranga Heights;Four Square Remuera,4,15,22530.76,06:15:30
Mon_00807,Pak 'n Save Glen Innes;Four Square Remuera;Four Square Ellerslie,3,16,22532.64,06:15:32
Mon_00808,New World Point Chevalier;Four Square Ellerslie;Four Square Pakuranga Heights;Four Square Onehunga,4,16,22533.54,06:15:33
Mon_00809,New World New Lynn;New World Green Bay;Four Square Hobsonville,3,16,22536.24,06:15:36
Mon_00810,Pak 'n Save Albany;New World Metro Shore City;Four Square Eden Terrace,3,15,22537.35,06:15:37
Mon_00811,Four Square Fair Price Henderson;Four Square Glen Eden;Pak 'n Save Royal Oak,3,16,22537.51,06:15:37
Mon_00812,Four Square Pakuranga Heights;Pak 'n Save Sylvia Park;Four Square Remuera,3,16,22537.87,06:15:37
Mon_00813,Pak 'n Save Botany;Four Square St Heliers,2,15,22547.19,06:15:47
Mon_00814,Pak 'n Save Glen Innes;Four Square Pakuranga Heights;Four Square Ellerslie,3,15,22556.98,06:15:56
Mon_00815,New World Southmall;New World Papakura,2,16,22557.52,06:15:57
Mon_00816,New World Mt Roskill;Four Square Ellerslie;Four Square Botany Junction;Four Square Pakuranga Heights,4,15,22558.35,06:15:58
Mon_00817,New World Long Bay;New World Point Chevalier,2,15,22568.39,06:16:08
Mon_00818,Four Square Onehunga;Four Square Ellerslie;New World Stonefields;Four Square Botany Junction,4,16,22569.31,06:16:09
Mon_00819,Pak 'n Save Mangere;Four Square Britomart;New World Metro Shore City,3,15,22569.62,06:16:09
Mon_00820,Pak 'n Save Lincoln Road;New World Papatoetoe,2,16,22570.99,06:16:10
Mon_00821,Pak 'n Save Mt Albert;Four Square Onehunga;Four Square St Heliers,3,16,22576.19,06:16:16
Mon_00822,New World Birkenhead;New World Remuera,2,16,22577.13,06:16:17
Mon_00823,Pak 'n Save Mt Albert;Four Square Cockle Bay;Four Square Botany Junction,3,15,22578.45,06:16:18
Mon_00824,New World Long Bay;Pak 'n Save Wairau Road,2,15,22581.16,06:16:21
Mon_00825,New World Mt Roskill;Pak 'n Save Albany,2,16,22581.43,06:16:21
Mon_00826,Pak 'n Save Glen Innes;Four Square Ellerslie;Four Square Remuera,3,16,22585.98,06:16:25
Mon_00827,New World Papatoetoe;New World Eastridge,2,16,22586.79,06:16:26
Mon_00828,New World New Lynn;New World Mt Albert;New World Metro Shore City,3,16,22587.97,06:16:27
Mon_00829,New World Mt Roskill;Four Square Onehunga;Four Square Britomart;Four Square Fair Price Henderson,4,16,22592.19,06:16:32
Mon_00830,Pak 'n Save Mt Albert;Four Square Eden Terrace;Four Square Botany Junction,3,16,22595.89,06:16:35
Mon_00831,New World Newmarket;Four Square Lancaster;Four Square Hobsonville,3,15,22595.9,06:16:35
Mon_00832,New World Howick;New World Botany,2,16,22603.88,06:16:43
Mon_00833,Pak 'n Save Clendon;Four Square Fair Price Henderson,2,15,22604.01,06:16:44
Mon_00834,Pak 'n Save Albany;New World Mt Roskill,2,16,22607.56,06:16:47
Mon_00835,New World Mt Albert;Four Square Eden Terrace;Four Square Cockle Bay,3,15,22609.36,06:16:49
Mon_00836,Pak 'n Save Mt Albert;Four Square Glen Eden;Four Square Hobsonville,3,16,22614.25,06:16:54
Mon_00837,New World Remuera;Four Square St Heliers;Four Square Ellerslie,3,16,22614.58,06:16:54
Mon_00838,New World Mt Roskill;Four Square Onehunga;Four Square Eden Terrace;New World Metro Shore City,4,16,22614.7,06:16:54
Mon_00839,Pak 'n Save Ormiston;Four Square Pakuranga Heights;Four Square Onehunga,3,16,22614.91,06:16:54
Mon_00840,New World Southmall;New World Victoria Park,2,16,22616.95,06:16:56
Mon_00841,New World Eastridge;New World Birkenhead,2,15,22619.79,06:16:59
Mon_00842,New World Devonport;New World Eastridge,2,14,22624.51,06:17:04
Mon_00843,New World Green Bay;Four Square Remuera;Four Square Britomart;New World Metro Queen St,4,16,22626.65,06:17:06
Mon_00844,Pak 'n Save Mangere;Four Square Remuera;Four Square Ellerslie,3,16,22628.37,06:17:08
Mon_00845,New World Stonefields;Four Square Ellerslie;New World Green Bay,3,16,22628.57,06:17:08
Mon_00846,New World Devonport;New World Milford;New World Metro Shore City,3,15,22631.99,06:17:11
Mon_00847,New World Albany;New World Metro Shore City;Four Square Eden Terrace,3,15,22633.73,06:17:13
Mon_00848,New World Mt Albert;Four Square Glen Eden;Four Square Lancaster,3,14,22637.09,06:17:17
Mon_00849,Pak 'n Save Manukau;Four Square Remuera;Four Square Glen Eden,3,15,22638.85,06:17:18
Mon_00850,Pak 'n Save Clendon;Four Square Eden Terrace,2,16,22640.31,06:17:20
Mon_00851,New World Mt Roskill;New World Howick;Four Square Pakuranga Heights,3,16,22643.88,06:17:23
Mon_00852,Four Square Botany Junction;New World Howick;Four Square Cockle Bay;Four Square Pakuranga Heights,4,15,22652.46,06:17:32
Mon_00853,Pak 'n Save Mt Albert;Four Square St Heliers;Four Square Remuera,3,16,22659.41,06:17:39
Mon_00854,New World Mt Roskill;New World Stonefields;Four Square Pakuranga Heights,3,16,22666.17,06:17:46
Mon_00855,New World Metro Queen St;Four Square Britomart;New World Milford;New World Metro Shore City,4,16,22670.48,06:17:50
Mon_00856,Four Square Botany Junction;New World Botany;Four Square Eden Terrace,3,16,22673.13,06:17:53
Mon_00857,New World Mt Roskill;New World Albany,2,16,22677.81,06:17:57
Mon_00858,Pak 'n Save Mt Albert;Four Square Onehunga;Four Square Hobsonville,3,16,22678.39,06:17:58
Mon_00859,Pak 'n Save Westgate;Four Square Lancaster;New World Metro Shore City,3,15,22686.79,06:18:06
Mon_00860,Pak 'n Save Highland Park;New World Metro Queen St,2,16,22688.66,06:18:08
Mon_00861,New World Howick;Four Square Pakuranga Heights;New World Green Bay,3,15,22693.25,06:18:13
Mon_00862,Four Square Onehunga;New World Browns Bay;New World Metro Queen St,3,15,22699.79,06:18:19
Mon_00863,New World New Lynn;New World Metro Queen St;Four Square Remuera;Four Square Ellerslie,4,16,22704.77,06:18:24
Mon_00864,New World Ormiston;New World Point Chevalier,2,16,22707.81,06:18:27
Mon_00865,Four Square Eden Terrace;New World Botany;Four Square Botany Junction,3,16,22712.6,06:18:32
Mon_00866,New World Browns Bay;New World Devonport,2,14,22720.99,06:18:40
Mon_00867,Four Square Pakuranga Heights;Pak 'n Save Botany;Four Square Ellerslie,3,16,22722.62,06:18:42
Mon_00868,Four Square Ellerslie;Pak 'n Save Sylvia Park;Four Square Pakuranga Heights,3,16,22724.57,06:18:44
Mon_00869,Pak 'n Save Albany;Four Square Ellerslie;Four Square Remuera,3,15,22738.32,06:18:58
Mon_00870,New World Green Bay;New World Point Chevalier;New World Metro Shore City,3,16,22740.57,06:19:00
Mon_00871,New World Long Bay;New World Browns Bay,2,15,22743.86,06:19:03
Mon_00872,New World Howick;Pak 'n Save Manukau,2,16,22743.97,06:19:03
Mon_00873,Pak 'n Save Lincoln Road;New World Long Bay,2,15,22744.2,06:19:04
Mon_00874,New World Mt Albert;New World Long Bay,2,15,22752.0,06:19:12
Mon_00875,New World Long Bay;New World Newmarket,2,15,22753.34,06:19:13
Mon_00876,New World Southmall;New World Botany,2,16,22753.79,06:19:13
Mon_00877,Four Square Eden Terrace;New World Stonefields;Four Square Hobsonville,3,15,22759.04,06:19:19
Mon_00878,New World New Lynn;New World Mt Roskill;Four Square Botany Junction,3,16,22759.12,06:19:19
Mon_00879,Four Square Eden Terrace;Pak 'n Save Clendon,2,16,22761.07,06:19:21
Mon_00880,New World Green Bay;Four Square Botany Junction;New World Mt Roskill,3,16,22764.14,06:19:24
Mon_00881,New World New Lynn;Four Square Britomart;Four Square Eden Terrace;Four Square Ellerslie,4,16,22778.98,06:19:38
Mon_00882,New World Browns Bay;New World Long Bay,2,15,22779.6,06:19:39
Mon_00883,Pak 'n Save Mt Albert;Four Square St Heliers;Four Square Pakuranga Heights,3,15,22783.44,06:19:43
Mon_00884,New World Hobsonville;New World Long Bay,2,15,22787.74,06:19:47
Mon_00885,Four Square Onehunga;Pak 'n Save Royal Oak;Four Square Lancaster,3,16,22789.22,06:19:49
Mon_00886,Pak 'n Save Manukau;New World Metro Shore City;New World Metro Queen St,3,15,22800.33,06:20:00
Mon_00887,New World Green Bay;New World Mt Albert;New World Metro Shore City,3,16,22801.88,06:20:01
Mon_00888,Pak 'n Save Royal Oak;Four Square Eden Terrace;Four Square Pakuranga Heights,3,16,22801.98,06:20:01
Mon_00889,New World Birkenhead;New World Milford;New World Metro Shore City,3,16,22804.36,06:20:04
Mon_00890,New World Point Chevalier;New World Ormiston,2,16,22820.96,06:20:20
Mon_00891,New World Mt Roskill;New World Green Bay;Four Square Botany Junction,3,16,22824.25,06:20:24
Mon_00892,New World Mt Roskill;Four Square Torbay;Four Square Hobsonville,3,15,22825.19,06:20:25
Mon_00893,New World Mt Roskill;Four Square Glen Eden;Four Square Britomart;New World Metro Shore City,4,15,22827.77,06:20:27
Mon_00894,New World Mt Roskill;Four Square Torbay;New World Metro Queen St,3,15,22829.67,06:20:29
Mon_00895,New World New Lynn;New World Southmall;Four Square Onehunga,3,16,22832.87,06:20:32
Mon_00896,Pak 'n Save Westgate;New World Metro Shore City;Four Square Ellerslie,3,15,22835.82,06:20:35
Mon_00897,New World Mt Roskill;Four Square Ellerslie;Four Square Remuera;Four Square Botany Junction,4,16,22837.64,06:20:37
Mon_00898,New World Browns Bay;New World Birkenhead,2,15,22840.57,06:20:40
Mon_00899,New World Remuera;New World Devonport,2,15,22842.03,06:20:42
Mon_00900,Four Square Eden Terrace;Four Square Fair Price Henderson;Pak 'n Save Wairau Road,3,15,22845.16,06:20:45
Mon_00901,Pak 'n Save Wairau Road;Four Square Eden Terrace;New World Metro Queen St,3,16,22845.22,06:20:45
Mon_00902,New World Victoria Park;Four Square Lancaster;Four Square Fair Price Henderson,3,15,22847.79,06:20:47
Mon_00903,Pak 'n Save Royal Oak;Four Square Onehunga;Four Square Lancaster,3,16,22864.8,06:21:04
Mon_00904,Four Square Fair Price Henderson;Pak 'n Save Lincoln Road;Four Square St Heliers,3,15,22876.66,06:21:16
Mon_00905,Pak 'n Save Lincoln Road;Four Square Fair Price Henderson;Four Square St Heliers,3,15,22876.66,06:21:16
Mon_00906,New World Mt Roskill;Four Square Remuera;Four Square Ellerslie;Four Square Glen Eden,4,16,22880.37,06:21:20
Mon_00907,New World Mt Roskill;Four Square Hobsonville;Four Square Torbay,3,15,22881.1,06:21:21
Mon_00908,Pak 'n Save Westgate;Four Square Remuera;Four Square Ellerslie,3,16,22887.0,06:21:27
Mon_00909,New World Metro Queen St;Four Square Eden Terrace;New World Howick,3,15,22895.14,06:21:35
Mon_00910,Pak 'n Save Sylvia Park;Four Square Pakuranga Heights;Four Square Ellerslie,3,16,22898.05,06:21:38
Mon_00911,New World Mt Roskill;Four Square Onehunga;Four Square Eden Terrace;Four Square Pakuranga Heights,4,16,22903.41,06:21:43
Mon_00912,Pak 'n Save Mt Albert;Four Square Britomart;Four Square Hobsonville,3,16,22903.55,06:21:43
Mon_00913,Pak 'n Save Glen Innes;Four Square Pakuranga Heights;Four Square Britomart,3,15,22905.44,06:21:45
Mon_00914,New World New Lynn;Four Square Glen Eden;New World Metro Shore City;Four Square Eden Terrace,4,15,22905.72,06:21:45
Mon_00915,New World Stonefields;New World Botany,2,16,22924.96,06:22:04
Mon_00916,New World Victoria Park;Four Square Fair Price Henderson;Four Square Eden Terrace,3,16,22931.54,06:22:11
Mon_00917,Four Square Pakuranga Heights;New World Papatoetoe;Four Square Ellerslie;Four Square Onehunga,4,16,22932.07,06:22:12
Mon_00918,Pak 'n Save Mangere;Four Square Fair Price Henderson;Four Square Glen Eden,3,16,22937.02,06:22:17
Mon_00919,New World Remuera;New World Milford,2,16,22941.18,06:22:21
Mon_00920,New World Long Bay;Four Square Torbay;Four Square Hobsonville,3,15,22948.59,06:22:28
Mon_00921,Four Square Torbay;New World Long Bay;Four Square Hobsonville,3,15,22950.21,06:22:30
Mon_00922,Pak 'n Save Albany;New World Milford,2,16,22963.62,06:22:43
Mon_00923,Four Square Onehunga;Pak 'n Save Albany;Four Square Remuera,3,15,22966.03,06:22:46
Mon_00924,New World Mt Roskill;Four Square Britomart;New World Metro Queen St;Four Square Pakuranga Heights,4,16,22972.35,06:22:52
Mon_00925,Pak 'n Save Glen Innes;Four Square Ellerslie;Four Square Pakuranga Heights,3,15,22979.48,06:22:59
Mon_00926,Four Square Remuera;New World Newmarket;Four Square Pakuranga Heights;Four Square Onehunga,4,16,22979.91,06:22:59
Mon_00927,New World Mt Roskill;Four Square Glen Eden;Four Square Onehunga;Four Square Pakuranga Heights,4,15,22982.9,06:23:02
Mon_00928,New World Mt Roskill;Four Square Eden Terrace;Four Square Remuera;Four Square Pakuranga Heights,4,16,22984.15,06:23:04
Mon_00929,New World Mt Albert;Four Square Pakuranga Heights;Four Square Ellerslie;Four Square Remuera,4,16,22984.25,06:23:04
Mon_00930,Pak 'n Save Westgate;Four Square Fair Price Henderson;New World Metro Shore City,3,15,22987.57,06:23:07
Mon_00931,New World New Lynn;Pak 'n Save Wairau Road;New World Metro Shore City,3,16,22993.16,06:23:13
Mon_00932,New World Albany;Four Square Remuera;Four Square Ellerslie,3,15,22993.6,06:23:13
Mon_00933,New World Browns Bay;New World Mt Albert,2,16,22994.38,06:23:14
Mon_00934,New World Howick;New World Remuera,2,16,22997.82,06:23:17
Mon_00935,Pak 'n Save Albany;Four Square Britomart;New World Metro Queen St,3,16,22997.93,06:23:17
Mon_00936,Pak 'n Save Mangere;Four Square Botany Junction;Four Square Ellerslie,3,16,23001.39,06:23:21
Mon_00937,New World Mt Roskill;New World Metro Queen St;Four Square Britomart;Four Square Pakuranga Heights,4,16,23002.25,06:23:22
Mon_00938,Pak 'n Save Ormiston;Four Square St Heliers,2,15,23003.06,06:23:23
Mon_00939,Pak 'n Save Westgate;Four Square Onehunga;Four Square Ellerslie,3,16,23006.55,06:23:26
Mon_00940,Four Square Botany Junction;Pak 'n Save Ormiston;Four Square Pakuranga Heights,3,16,23006.82,06:23:26
Mon_00941,New World Southmall;Pak 'n Save Wairau Road,2,15,23011.67,06:23:31
Mon_00942,Pak 'n Save Papakura;Four Square Onehunga;Four Square Remuera,3,15,23017.17,06:23:37
Mon_00943,New World Long Bay;Four Square Torbay;Four Square Eden Terrace,3,15,23023.58,06:23:43
Mon_00944,Four Square Remuera;Pak 'n Save Sylvia Park;Four Square Pakuranga Heights,3,16,23025.01,06:23:45
Mon_00945,Pak 'n Save Mangere;Four Square Onehunga;Four Square Botany Junction,3,16,23025.16,06:23:45
Mon_00946,Four Square Fair Price Henderson;Four Square Eden Terrace;Pak 'n Save Wairau Road,3,15,23025.48,06:23:45
Mon_00947,Four Square St Heliers;Four Square Remuera;New World Victoria Park,3,16,23025.78,06:23:45
Mon_00948,Four Square Remuera;New World Howick;Four Square Cockle Bay;Four Square Pakuranga Heights,4,15,23034.18,06:23:54
Mon_00949,New World Mt Roskill;Four Square Botany Junction;Four Square Remuera;Four Square Ellerslie,4,16,23034.73,06:23:54
Mon_00950,Four Square Onehunga;New World Milford;New World Metro Shore City;Four Square Lancaster,4,15,23034.86,06:23:54
Mon_00951,Pak 'n Save Ormiston;Four Square Botany Junction;Four Square Pakuranga Heights,3,16,23037.61,06:23:57
Mon_00952,New World New Lynn;New World Newmarket;New World Metro Shore City,3,16,23039.38,06:23:59
Mon_00953,Pak 'n Save Westgate;Four Square Glen Eden;Four Square Onehunga,3,16,23049.23,06:24:09
Mon_00954,Pak 'n Save Royal Oak;Four Square Cockle Bay;Four Square Botany Junction,3,16,23055.19,06:24:15
Mon_00955,New World Botany;Four Square Botany Junction;Four Square Cockle Bay,3,15,23055.67,06:24:15
Mon_00956,New World Eastridge;Four Square St Heliers;Four Square Fair Price Henderson,3,15,23056.74,06:24:16
Mon_00957,Pak 'n Save Westgate;Four Square Hobsonville;New World Metro Shore City,3,16,23057.53,06:24:17
Mon_00958,Pak 'n Save Royal Oak;Four Square Fair Price Henderson;New World Metro Shore City,3,15,23059.06,06:24:19
Mon_00959,New World Albany;New World Milford,2,16,23060.0,06:24:20
Mon_00960,Pak 'n Save Botany;Four Square Pakuranga Heights;Four Square Botany Junction,3,16,23072.33,06:24:32
Mon_00961,New World Mt Roskill;Four Square Remuera;Four Square Britomart;Four Square Pakuranga Heights,4,15,23072.46,06:24:32
Mon_00962,Pak 'n Save Clendon;New World Metro Queen St,2,16,23073.35,06:24:33
Mon_00963,New World Mt Roskill;Four Square Pakuranga Heights;New World Metro Shore City;Four Square Lancaster,4,14,23075.51,06:24:35
Mon_00964,Pak 'n Save Royal Oak;Four Square Britomart;Four Square Lancaster,3,16,23088.22,06:24:48
Mon_00965,New World Albany;Four Square Britomart;New World Metro Queen St,3,16,23094.31,06:24:54
Mon_00966,Four Square Hobsonville;New World Remuera;Four Square Remuera,3,16,23095.76,06:24:55
Mon_00967,New World Newmarket;Four Square Ellerslie;Four Square Remuera;Four Square Pakuranga Heights,4,16,23099.49,06:24:59
Mon_00968,Pak 'n Save Mt Albert;Four Square Eden Terrace;Four Square Lancaster,3,16,23100.18,06:25:00
Mon_00969,Pak 'n Save Albany;Four Square Fair Price Henderson;Four Square Glen Eden,3,15,23100.49,06:25:00
Mon_00970,New World Remuera;Four Square Onehunga;Four Square Lancaster,3,15,23104.91,06:25:04
Mon_00971,Four Square Pakuranga Heights;Four Square Ellerslie;Four Square Remuera;New World Eastridge,4,16,23107.79,06:25:07
Mon_00972,New World New Lynn;Pak 'n Save Glen Innes,2,16,23108.93,06:25:08
Mon_00973,New World Mt Roskill;New World Southmall;Four Square Pakuranga Heights,3,16,23108.99,06:25:08
Mon_00974,New World Mt Roskill;Four Square Ellerslie;Four Square Lancaster;New World Metro Shore City,4,15,23114.31,06:25:14
Mon_00975,Four Square Fair Price Henderson;New World Point Chevalier;Four Square St Heliers,3,15,23116.4,06:25:16
Mon_00976,Pak 'n Save Glen Innes;Four Square Remuera;New World Metro Shore City,3,15,23124.67,06:25:24
Mon_00977,New World Southmall;Four Square Botany Junction;Four Square Cockle Bay;Four Square Pakuranga Heights,4,15,23128.34,06:25:28
Mon_00978,Pak 'n Save Glen Innes;Four Square Ellerslie;Four Square Britomart,3,16,23130.89,06:25:30
Mon_00979,Pak 'n Save Manukau;New World Howick,2,16,23133.44,06:25:33
Mon_00980,Four Square Britomart;New World Metro Queen St;Pak 'n Save Albany,3,16,23133.78,06:25:33
Mon_00981,New World Albany;New World Metro Queen St;Four Square Britomart,3,16,23134.55,06:25:34
Mon_00982,Four Square Ellerslie;Pak 'n Save Botany;Four Square Pakuranga Heights,3,16,23136.5,06:25:36
Mon_00983,New World Victoria Park;Four Square Botany Junction;Four Square Remuera,3,15,23137.71,06:25:37
Mon_00984,Four Square Eden Terrace;Pak 'n Save Royal Oak;Four Square Pakuranga Heights,3,16,23138.49,06:25:38
Mon_00985,New World Howick;New World Victoria Park,2,16,23139.74,06:25:39
Mon_00986,Four Square Lancaster;New World Birkenhead;Four Square Ellerslie;Four Square Onehunga,4,16,23141.77,06:25:41
Mon_00987,Pak 'n Save Royal Oak;New World Metro Queen St;Four Square Pakuranga Heights,3,16,23145.6,06:25:45
Mon_00988,Pak 'n Save Sylvia Park;Four Square Ellerslie;Four Square Pakuranga Heights,3,16,23149.47,06:25:49
Mon_00989,New World Mt Albert;New World New Lynn;New World Metro Shore City,3,16,23155.0,06:25:55
Mon_00990,Four Square Ellerslie;Four Square Remuera;New World Stonefields;Four Square Botany Junction,4,16,23161.55,06:26:01
Mon_00991,New World New Lynn;Four Square Eden Terrace;New World Metro Queen St;New World Metro Shore City,4,16,23162.25,06:26:02
Mon_00992,Pak 'n Save Royal Oak;Four Square Onehunga;Four Square Cockle Bay,3,16,23164.13,06:26:04
Mon_00993,Four Square Cockle Bay;Pak 'n Save Botany;Four Square Pakuranga Heights,3,16,23164.97,06:26:04
Mon_00994,New World Green Bay;New World Metro Shore City;Pak 'n Save Wairau Road,3,16,23165.2,06:26:05
Mon_00995,Pak 'n Save Clendon;Four Square Cockle Bay,2,15,23170.75,06:26:10
Mon_00996,Four Square Lancaster;New World Birkenhead;New World New Lynn,3,16,23182.09,06:26:22
Mon_00997,Pak 'n Save Mangere;Four Square Glen Eden;Four Square Fair Price Henderson,3,16,23183.44,06:26:23
Mon_00998,Pak 'n Save Mangere;Four Square Botany Junction;Four Square Remuera,3,16,23193.83,06:26:33
Mon_00999,New World Mt Roskill;Four Square Onehunga;Four Square Glen Eden;Four Square Britomart,4,16,23196.16,06:26:36
Mon_01000,Four Square Botany Junction;Four Square Pakuranga Heights;Pak 'n Save Botany,3,16,23203.81,06:26:43
Mon_01001,New World Mt Albert;Four Square Onehunga;Four Square Ellerslie;Four Square Pakuranga Heights,4,16,23210.35,06:26:50
Mon_01002,New World Browns Bay;Four Square Ellerslie;Four Square Eden Terrace,3,15,23211.71,06:26:51
Mon_01003,New World Mt Roskill;Four Square Cockle Bay;Four Square Pakuranga Heights;Four Square Eden Terrace,4,16,23216.49,06:26:56
Mon_01004,Four Square Onehunga;New World Mt Albert;Four Square Britomart;New World Metro Shore City,4,16,23221.57,06:27:01
Mon_01005,New World Point Chevalier;Four Square Remuera;Four Square Ellerslie;Four Square Pakuranga Heights,4,16,23222.2,06:27:02
Mon_01006,Four Square Britomart;New World Metro Queen St;New World Albany,3,16,23230.16,06:27:10
Mon_01007,New World Green Bay;Pak 'n Save Glen Innes,2,16,23234.37,06:27:14
Mon_01008,New World Browns Bay;Pak 'n Save Wairau Road,2,16,23236.7,06:27:16
Mon_01009,Four Square St Heliers;New World Botany;Four Square Pakuranga Heights,3,15,23236.95,06:27:16
Mon_01010,New World Metro Queen St;Four Square Britomart;New World Botany,3,16,23239.11,06:27:19
Mon_01011,New World Mt Roskill;New World New Lynn;Four Square Lancaster,3,16,23239.21,06:27:19
Mon_01012,Four Square Eden Terrace;Four Square Torbay;New World Long Bay,3,15,23239.74,06:27:19
Mon_01013,New World New Lynn;New World Point Chevalier;Four Square Pakuranga Heights,3,16,23242.36,06:27:22
Mon_01014,New World New Lynn;Four Square Lancaster;New World Birkenhead,3,16,23243.44,06:27:23
Mon_01015,Pak 'n Save Royal Oak;New World Devonport,2,16,23245.97,06:27:25
Mon_01016,Pak 'n Save Royal Oak;Four Square Botany Junction;Four Square Britomart,3,16,23250.27,06:27:30
Mon_01017,Pak 'n Save Westgate;Four Square Britomart;Four Square Remuera,3,16,23254.64,06:27:34
Mon_01018,Pak 'n Save Royal Oak;Four Square St Heliers;Four Square Pakuranga Heights,3,16,23258.38,06:27:38
Mon_01019,New World Mt Roskill;Four Square Onehunga;Four Square Remuera;Four Square Lancaster,4,16,23262.13,06:27:42
Mon_01020,Pak 'n Save Highland Park;Four Square St Heliers,2,16,23265.05,06:27:45
Mon_01021,Four Square Glen Eden;Pak 'n Save Westgate;Four Square Britomart,3,16,23267.05,06:27:47
Mon_01022,New World Mt Roskill;Four Square Onehunga;Four Square St Heliers;Four Square Pakuranga Heights,4,16,23272.93,06:27:52
Mon_01023,New World Green Bay;Four Square Eden Terrace;New World Metro Queen St;New World Metro Shore City,4,16,23287.68,06:28:07
Mon_01024,New World Papatoetoe;Four Square Fair Price Henderson;New World Metro Queen St,3,15,23288.28,06:28:08
Mon_01025,Pak 'n Save Lincoln Road;Four Square Fair Price Henderson;Four Square Torbay,3,15,23288.41,06:28:08
Mon_01026,New World Papatoetoe;Four Square Cockle Bay;Four Square Pakuranga Heights;Four Square Onehunga,4,16,23288.48,06:28:08
Mon_01027,New World Mt Roskill;New World Stonefields;New World Metro Shore City,3,16,23291.65,06:28:11
Mon_01028,Pak 'n Save Wairau Road;New World Browns Bay,2,16,23297.63,06:28:17
Mon_01029,Four Square Onehunga;Pak 'n Save Royal Oak;Four Square Cockle Bay,3,16,23299.82,06:28:19
Mon_01030,New World New Lynn;New World Mt Albert;Four Square Pakuranga Heights,3,16,23303.67,06:28:23
Mon_01031,Pak 'n Save Royal Oak;Four Square Ellerslie;Four Square Cockle Bay,3,16,23304.24,06:28:24
Mon_01032,New World New Lynn;Four Square Ellerslie;Four Square Remuera;Four Square St Heliers,4,16,23306.67,06:28:26
Mon_01033,New World Howick;Four Square Cockle Bay;Four Square Remuera;Four Square Onehunga,4,16,23311.5,06:28:31
Mon_01034,New World Newmarket;Four Square Remuera;Four Square Ellerslie;New World Metro Shore City,4,16,23315.39,06:28:35
Mon_01035,Four Square Pakuranga Heights;Four Square Botany Junction;New World Southmall;Four Square Britomart,4,15,23315.9,06:28:35
Mon_01036,New World Remuera;Four Square Fair Price Henderson;Four Square Ellerslie,3,15,23318.37,06:28:38
Mon_01037,Four Square Glen Eden;Four Square Eden Terrace;Four Square Onehunga;New World New Lynn,4,16,23328.06,06:28:48
Mon_01038,Pak 'n Save Glen Innes;Four Square Ellerslie;New World Metro Shore City,3,15,23328.51,06:28:48
Mon_01039,Pak 'n Save Manukau;Four Square Eden Terrace;Four Square Glen Eden,3,16,23330.91,06:28:50
Mon_01040,New World Southmall;Four Square Botany Junction;New World Green Bay,3,16,23330.93,06:28:50
Mon_01041,New World Mt Roskill;Four Square Fair Price Henderson;Four Square Onehunga;Four Square Pakuranga Heights,4,15,23337.65,06:28:57
Mon_01042,New World Albany;Four Square Torbay;New World Metro Shore City,3,15,23340.94,06:29:00
Mon_01043,Pak 'n Save Mt Albert;New World Howick,2,16,23342.27,06:29:02
Mon_01044,Pak 'n Save Mangere;Four Square Botany Junction;Four Square Britomart,3,16,23349.85,06:29:09
Mon_01045,Pak 'n Save Lincoln Road;New World Howick,2,15,23353.05,06:29:13
Mon_01046,New World Devonport;Pak 'n Save Royal Oak,2,16,23356.69,06:29:16
Mon_01047,Four Square Onehunga;Pak 'n Save Ormiston;Four Square Pakuranga Heights,3,16,23358.65,06:29:18
Mon_01048,New World Papatoetoe;New World Hobsonville,2,16,23359.18,06:29:19
Mon_01049,New World Remuera;New World Howick,2,16,23360.07,06:29:20
Mon_01050,New World Mt Roskill;Four Square Remuera;Four Square Pakuranga Heights;New World Metro Queen St,4,16,23362.41,06:29:22
Mon_01051,New World Ormiston;New World Birkenhead,2,15,23366.31,06:29:26
Mon_01052,Pak 'n Save Manukau;Four Square St Heliers;Four Square Pakuranga Heights,3,15,23378.08,06:29:38
Mon_01053,Pak 'n Save Mt Albert;Four Square Lancaster;Four Square Hobsonville,3,16,23380.92,06:29:40
Mon_01054,Pak 'n Save Botany;Four Square Pakuranga Heights;Four Square Britomart,3,16,23387.02,06:29:47
Mon_01055,Four Square Torbay;Pak 'n Save Lincoln Road;Four Square Fair Price Henderson,3,15,23389.63,06:29:49
Mon_01056,New World Mt Roskill;Four Square Eden Terrace;New World Metro Shore City;Four Square Ellerslie,4,16,23397.13,06:29:57
Mon_01057,New World Metro Shore City;Four Square Onehunga;New World Browns Bay,3,13,23397.33,06:29:57
Mon_01058,New World Mt Roskill;Four Square Ellerslie;Four Square Eden Terrace;New World Metro Shore City,4,16,23400.83,06:30:00
Mon_01059,New World Mt Roskill;Four Square Lancaster;New World Metro Shore City;New World Metro Queen St,4,16,23401.39,06:30:01
Mon_01060,New World Southmall;Four Square Glen Eden;New World Green Bay,3,16,23402.35,06:30:02
Mon_01061,Four Square Onehunga;Four Square Britomart;New World Metro Queen St;Four Square Eden Terrace;New World Metro Shore City,5,16,23406.18,06:30:06
Mon_01062,Four Square Glen Eden;New World New Lynn;New World Southmall,3,16,23406.67,06:30:06
Mon_01063,New World Mt Roskill;Four Square Remuera;Four Square Eden Terrace;New World Metro Shore City,4,16,23409.23,06:30:09
Mon_01064,Four Square Onehunga;Pak 'n Save Westgate;Four Square Ellerslie,3,16,23409.76,06:30:09
Mon_01065,Pak 'n Save Westgate;Four Square Fair Price Henderson;Four Square Ellerslie,3,16,23411.5,06:30:11
Mon_01066,Pak 'n Save Papakura;Four Square Ellerslie;Four Square Eden Terrace,3,16,23414.78,06:30:14
Mon_01067,New World Southmall;Four Square Cockle Bay;Four Square Pakuranga Heights;Four Square Ellerslie,4,15,23419.34,06:30:19
Mon_01068,Pak 'n Save Mt Albert;Four Square Hobsonville;Four Square Ellerslie,3,16,23420.02,06:30:20
Mon_01069,Four Square Onehunga;Pak 'n Save Manukau;Four Square Lancaster,3,15,23430.11,06:30:30
Mon_01070,New World Mt Albert;Four Square Ellerslie;Four Square Onehunga;Four Square Pakuranga Heights,4,16,23432.66,06:30:32
Mon_01071,New World Mt Roskill;New World Devonport;Four Square Onehunga,3,16,23437.95,06:30:37
Mon_01072,Four Square Pakuranga Heights;Pak 'n Save Westgate;New World Metro Shore City,3,14,23438.56,06:30:38
Mon_01073,New World Birkenhead;Pak 'n Save Albany,2,16,23439.77,06:30:39
Mon_01074,New World Mt Albert;New World Green Bay;New World Metro Shore City,3,16,23440.6,06:30:40
Mon_01075,Pak 'n Save Albany;New World Birkenhead,2,16,23448.11,06:30:48
Mon_01076,New World Green Bay;New World Point Chevalier;Four Square Pakuranga Heights,3,16,23456.27,06:30:56
Mon_01077,Four Square Onehunga;Four Square Ellerslie;New World New Lynn;New World Metro Queen St,4,16,23466.04,06:31:06
Mon_01078,New World New Lynn;Pak 'n Save Lincoln Road;New World Metro Shore City,3,16,23468.68,06:31:08
Mon_01079,New World New Lynn;Four Square Onehunga;New World Devonport,3,15,23476.11,06:31:16
Mon_01080,New World Point Chevalier;New World Devonport;New World Metro Shore City,3,16,23479.16,06:31:19
Mon_01081,Pak 'n Save Albany;Four Square Ellerslie;New World Metro Shore City,3,14,23480.85,06:31:20
Mon_01082,Pak 'n Save Botany;Four Square Cockle Bay;Four Square Pakuranga Heights,3,16,23487.91,06:31:27
Mon_01083,Four Square Eden Terrace;Pak 'n Save Glen Innes;Four Square Pakuranga Heights,3,16,23496.24,06:31:36
Mon_01084,Pak 'n Save Sylvia Park;Four Square Ellerslie;New World Metro Shore City,3,16,23498.5,06:31:38
Mon_01085,New World Browns Bay;Pak 'n Save Lincoln Road,2,16,23500.94,06:31:40
Mon_01086,Four Square Cockle Bay;Four Square Botany Junction;New World Papakura,3,15,23502.6,06:31:42
Mon_01087,New World New Lynn;New World Hobsonville;New World Metro Shore City,3,16,23512.22,06:31:52
Mon_01088,New World Green Bay;New World Mt Albert;Four Square Pakuranga Heights,3,16,23517.58,06:31:57
Mon_01089,New World Howick;Four Square Hobsonville;Four Square Fair Price Henderson,3,14,23525.26,06:32:05
Mon_01090,New World Browns Bay;New World Stonefields,2,15,23525.4,06:32:05
Mon_01091,New World Mt Roskill;Four Square Botany Junction;Four Square Britomart;New World Metro Shore City,4,15,23526.01,06:32:06
Mon_01092,New World Birkenhead;New World New Lynn;Four Square Glen Eden,3,16,23528.98,06:32:08
Mon_01093,New World Howick;Pak 'n Save Wairau Road,2,15,23534.47,06:32:14
Mon_01094,New World Birkenhead;New World Albany,2,16,23536.16,06:32:16
Mon_01095,New World Albany;New World Birkenhead,2,16,23544.49,06:32:24
Mon_01096,Four Square Lancaster;Pak 'n Save Manukau;Four Square Onehunga,3,15,23549.7,06:32:29
Mon_01097,New World Birkenhead;Pak 'n Save Manukau,2,16,23550.88,06:32:30
Mon_01098,Pak 'n Save Wairau Road;New World Eastridge,2,16,23557.42,06:32:37
Mon_01099,Pak 'n Save Botany;Four Square Botany Junction;Four Square Pakuranga Heights,3,16,23557.8,06:32:37
Mon_01100,New World Green Bay;New World New Lynn;Four Square St Heliers,3,16,23559.89,06:32:39
Mon_01101,New World New Lynn;New World Mt Roskill;Four Square Lancaster,3,16,23563.98,06:32:43
Mon_01102,Four Square Remuera;Four Square Ellerslie;New World Southmall;Four Square Botany Junction,4,16,23566.11,06:32:46
Mon_01103,Four Square Glen Eden;New World New Lynn;New World Birkenhead,3,16,23574.0,06:32:54
Mon_01104,New World Mt Albert;Four Square Botany Junction;Four Square St Heliers,3,15,23578.59,06:32:58
Mon_01105,New World Papakura;Four Square Ellerslie;Four Square Eden Terrace,3,16,23580.69,06:33:00
Mon_01106,New World Mt Roskill;New World Metro Shore City;Four Square Lancaster;Four Square Pakuranga Heights,4,14,23581.8,06:33:01
Mon_01107,New World Stonefields;New World Green Bay;Four Square Onehunga,3,16,23586.64,06:33:06
Mon_01108,New World Mt Roskill;Four Square Eden Terrace;Four Square Lancaster;New World Metro Shore City,4,16,23589.31,06:33:09
Mon_01109,Pak 'n Save Mangere;New World Metro Shore City;New World Metro Queen St,3,16,23589.47,06:33:09
Mon_01110,Pak 'n Save Mangere;New World Metro Shore City;Four Square Lancaster,3,15,23591.52,06:33:11
Mon_01111,New World Southmall;Four Square Pakuranga Heights;New World Stonefields,3,16,23595.69,06:33:15
Mon_01112,Four Square Onehunga;Four Square St Heliers;New World Stonefields;Four Square Pakuranga Heights,4,16,23599.05,06:33:19
Mon_01113,Pak 'n Save Glen Innes;Four Square Pakuranga Heights;Four Square Cockle Bay,3,15,23601.08,06:33:21
Mon_01114,Pak 'n Save Papakura;New World Metro Queen St;Four Square Britomart,3,16,23601.52,06:33:21
Mon_01115,New World Green Bay;Four Square Onehunga;New World Devonport,3,15,23601.54,06:33:21
Mon_01116,Pak 'n Save Manukau;Four Square Remuera;Four Square Lancaster,3,15,23605.02,06:33:25
Mon_01117,New World Mt Roskill;Four Square Fair Price Henderson;Four Square Hobsonville;New World Metro Shore City,4,16,23606.55,06:33:26
Mon_01118,Pak 'n Save Mangere;New World Metro Queen St;New World Metro Shore City,3,16,23617.87,06:33:37
Mon_01119,New World Albany;Four Square Onehunga;Four Square Remuera,3,15,23622.21,06:33:42
Mon_01120,New World Point Chevalier;New World Browns Bay,2,16,23625.55,06:33:45
Mon_01121,New World Devonport;New World Albany,2,15,23632.56,06:33:52
Mon_01122,New World Southmall;New World Metro Queen St;Four Square St Heliers,3,15,23636.48,06:33:56
Mon_01123,New World Mt Albert;Four Square Britomart;Four Square Lancaster;New World Metro Shore City,4,16,23644.32,06:34:04
Mon_01124,New World Mt Roskill;Four Square Ellerslie;Four Square St Heliers;Four Square Pakuranga Heights,4,16,23648.93,06:34:08
Mon_01125,Pak 'n Save Westgate;Four Square Lancaster;Four Square Onehunga,3,16,23652.26,06:34:12
Mon_01126,Pak 'n Save Lincoln Road;Four Square Hobsonville;Four Square Botany Junction,3,15,23661.73,06:34:21
Mon_01127,Four Square Fair Price Henderson;Pak 'n Save Albany;Four Square Hobsonville,3,16,23665.74,06:34:25
Mon_01128,New World Devonport;Four Square Glen Eden;New World New Lynn,3,15,23670.27,06:34:30
Mon_01129,Four Square Botany Junction;New World Ormiston;Four Square Hobsonville,3,15,23671.05,06:34:31
Mon_01130,Four Square Onehunga;New World Newmarket;Four Square Lancaster;New World Metro Shore City,4,16,23671.21,06:34:31
Mon_01131,New World Victoria Park;New World Long Bay,2,16,23672.49,06:34:32
Mon_01132,Four Square Onehunga;New World Mt Roskill;Four Square Eden Terrace;Four Square Pakuranga Heights,4,16,23673.76,06:34:33
Mon_01133,Pak 'n Save Henderson;Four Square Fair Price Henderson;New World Metro Shore City,3,16,23676.2,06:34:36
Mon_01134,Pak 'n Save Sylvia Park;Four Square Botany Junction;Four Square Pakuranga Heights,3,16,23682.7,06:34:42
Mon_01135,New World Stonefields;New World Browns Bay,2,15,23685.15,06:34:45
Mon_01136,Four Square Eden Terrace;Pak 'n Save Westgate;New World Metro Shore City,3,16,23689.07,06:34:49
Mon_01137,Four Square Britomart;New World Birkenhead;Four Square Remuera;Four Square Ellerslie,4,16,23693.69,06:34:53
Mon_01138,Four Square Fair Price Henderson;Pak 'n Save Henderson;New World Metro Shore City,3,16,23694.72,06:34:54
Mon_01139,New World Mt Roskill;Four Square Onehunga;Four Square Hobsonville;New World Metro Shore City,4,16,23706.01,06:35:06
Mon_01140,Four Square Lancaster;New World Browns Bay;Four Square Torbay,3,15,23708.65,06:35:08
Mon_01141,Four Square Onehunga;New World New Lynn;Four Square Lancaster;Four Square Britomart,4,15,23711.15,06:35:11
Mon_01142,New World New Lynn;Four Square Glen Eden;New World Milford,3,16,23737.9,06:35:37
Mon_01143,New World Eastridge;Four Square Glen Eden;Four Square Eden Terrace,3,15,23739.59,06:35:39
Mon_01144,New World Mt Roskill;Four Square Cockle Bay;New World New Lynn,3,16,23751.03,06:35:51
Mon_01145,Four Square Remuera;New World Eastridge;Four Square Britomart;New World Metro Shore City,4,16,23757.17,06:35:57
Mon_01146,Four Square Onehunga;New World Metro Queen St;Four Square Eden Terrace;Four Square Ellerslie;Four Square Pakuranga Heights,5,16,23757.78,06:35:57
Mon_01147,Pak 'n Save Manukau;New World Milford,2,16,23761.18,06:36:01
Mon_01148,Pak 'n Save Mangere;Four Square Britomart;Four Square Fair Price Henderson,3,16,23762.78,06:36:02
Mon_01149,New World Milford;New World Metro Shore City;Four Square Lancaster;Four Square Remuera,4,15,23766.79,06:36:06
Mon_01150,New World Papakura;Four Square Remuera;Four Square Eden Terrace,3,16,23773.13,06:36:13
Mon_01151,New World Papakura;Four Square Britomart;New World Metro Queen St,3,16,23777.37,06:36:17
Mon_01152,Pak 'n Save Westgate;Four Square Fair Price Henderson;Four Square Pakuranga Heights,3,15,23782.02,06:36:22
Mon_01153,Pak 'n Save Lincoln Road;Four Square Fair Price Henderson;New World Metro Shore City;Four Square Britomart,4,16,23787.25,06:36:27
Mon_01154,Pak 'n Save Manukau;Four Square Botany Junction;Four Square Lancaster,3,15,23789.13,06:36:29
Mon_01155,Pak 'n Save Sylvia Park;Four Square Remuera;Four Square Pakuranga Heights,3,16,23796.61,06:36:36
Mon_01156,Pak 'n Save Wairau Road;New World Metro Shore City;Four Square Britomart;Four Square Remuera,4,16,23798.21,06:36:38
Mon_01157,New World Green Bay;New World Papatoetoe;Four Square Pakuranga Heights,3,16,23798.56,06:36:38
Mon_01158,New World Metro Shore City;Pak 'n Save Westgate;Four Square Remuera,3,15,23807.07,06:36:47
Mon_01159,New World New Lynn;Four Square Fair Price Henderson;Four Square Hobsonville;Four Square Glen Eden,4,16,23815.74,06:36:55
Mon_01160,Pak 'n Save Albany;Four Square Ellerslie;Four Square Eden Terrace,3,16,23819.25,06:36:59
Mon_01161,Four Square Botany Junction;New World Ormiston;Four Square Cockle Bay;Four Square Pakuranga Heights,4,16,23822.41,06:37:02
Mon_01162,Pak 'n Save Ormiston;Four Square Cockle Bay;Four Square Pakuranga Heights,3,16,23824.52,06:37:04
Mon_01163,New World Albany;New World Long Bay,2,16,23825.62,06:37:05
Mon_01164,Four Square Eden Terrace;Four Square Cockle Bay;New World Howick;Four Square Pakuranga Heights,4,16,23846.48,06:37:26
Mon_01165,New World Mt Roskill;Four Square Remuera;Four Square Ellerslie;Four Square Lancaster,4,16,23846.54,06:37:26
Mon_01166,Pak 'n Save Albany;New World Long Bay,2,16,23846.79,06:37:26
Mon_01167,Four Square Eden Terrace;New World Papakura;Four Square Onehunga,3,16,23846.81,06:37:26
Mon_01168,Four Square Remuera;New World Albany;Four Square Ellerslie,3,15,23848.55,06:37:28
Mon_01169,New World Papakura;Four Square Britomart;Four Square Remuera,3,15,23850.75,06:37:30
Mon_01170,New World Remuera;Four Square Glen Eden;Four Square Remuera,3,15,23850.75,06:37:30
Mon_01171,Four Square Torbay;New World Milford;Four Square Hobsonville,3,15,23853.05,06:37:33
Mon_01172,New World Point Chevalier;New World Green Bay;New World Metro Shore City,3,16,23853.96,06:37:33
Mon_01173,Pak 'n Save Royal Oak;Four Square Cockle Bay;Four Square Britomart,3,16,23855.59,06:37:35
Mon_01174,Pak 'n Save Sylvia Park;Four Square Onehunga;Four Square Pakuranga Heights,3,16,23860.08,06:37:40
Mon_01175,New World Birkenhead;Four Square Onehunga;Four Square Ellerslie;Four Square Remuera,4,16,23860.44,06:37:40
Mon_01176,New World Papatoetoe;Four Square Remuera;Four Square Ellerslie;Four Square Pakuranga Heights,4,16,23861.02,06:37:41
Mon_01177,New World Long Bay;Pak 'n Save Albany,2,16,23861.82,06:37:41
Mon_01178,New World Albany;Four Square Hobsonville;Four Square Fair Price Henderson,3,16,23863.32,06:37:43
Mon_01179,Pak 'n Save Mt Albert;New World Long Bay,2,16,23870.62,06:37:50
Mon_01180,New World Mt Albert;New World New Lynn;Four Square Pakuranga Heights,3,16,23870.7,06:37:50
Mon_01181,Pak 'n Save Papakura;Four Square Eden Terrace;Four Square Britomart,3,16,23871.1,06:37:51
Mon_01182,Four Square Eden Terrace;New World Devonport;New World Metro Shore City;Four Square Remuera,4,15,23871.27,06:37:51
Mon_01183,New World Metro Queen St;New World Browns Bay;Four Square Eden Terrace,3,16,23871.94,06:37:51
Mon_01184,New World Mt Roskill;Four Square Glen Eden;New World Metro Queen St;New World Metro Shore City,4,16,23876.02,06:37:56
Mon_01185,Pak 'n Save Glen Innes;Four Square St Heliers;Four Square Pakuranga Heights,3,16,23879.32,06:37:59
Mon_01186,Pak 'n Save Sylvia Park;Four Square Cockle Bay;Four Square Pakuranga Heights,3,16,23881.01,06:38:01
Mon_01187,New World Newmarket;Four Square Remuera;Four Square Onehunga;New World Metro Shore City,4,16,23881.7,06:38:01
Mon_01188,Pak 'n Save Ormiston;Four Square Pakuranga Heights;New World Metro Shore City,3,15,23887.21,06:38:07
Mon_01189,New World Point Chevalier;Four Square Hobsonville;Four Square Botany Junction,3,15,23887.54,06:38:07
Mon_01190,Four Square Britomart;Four Square Onehunga;New World Metro Shore City;New World Birkenhead,4,15,23888.13,06:38:08
Mon_01191,New World Southmall;New World Howick;Four Square Pakuranga Heights,3,16,23889.7,06:38:09
Mon_01192,Pak 'n Save Mt Albert;Four Square Eden Terrace;Four Square Cockle Bay,3,16,23901.48,06:38:21
Mon_01193,Pak 'n Save Mangere;Four Square Glen Eden;Four Square Britomart,3,16,23919.86,06:38:39
Mon_01194,Pak 'n Save Mangere;Four Square Botany Junction;Four Square Cockle Bay,3,16,23921.03,06:38:41
Mon_01195,New World Albany;Four Square Hobsonville;Four Square Onehunga,3,16,23921.26,06:38:41
Mon_01196,Four Square Torbay;New World Hobsonville;Four Square Hobsonville,3,16,23922.23,06:38:42
Mon_01197,Four Square Ellerslie;New World Ormiston;Four Square Botany Junction;Four Square Pakuranga Heights,4,16,23923.89,06:38:43
Mon_01198,New World Howick;Four Square Botany Junction;New World Green Bay,3,16,23929.43,06:38:49
Mon_01199,New World Green Bay;New World Metro Queen St;Four Square Eden Terrace;New World Metro Shore City,4,16,23929.7,06:38:49
Mon_01200,Pak 'n Save Henderson;Four Square Britomart;New World Metro Shore City,3,16,23929.96,06:38:49
Mon_01201,New World Mt Roskill;Four Square Pakuranga Heights;New World Devonport,3,15,23935.16,06:38:55
Mon_01202,New World New Lynn;Four Square Onehunga;Four Square Botany Junction;Four Square Cockle Bay,4,15,23954.13,06:39:14
Mon_01203,New World Mt Roskill;New World Metro Shore City;Four Square Lancaster;Four Square Hobsonville,4,16,23961.46,06:39:21
Mon_01204,New World Mt Roskill;New World Long Bay;New World Metro Shore City,3,16,23974.08,06:39:34
Mon_01205,Four Square Ellerslie;Four Square St Heliers;New World Stonefields;Four Square Pakuranga Heights,4,16,23975.05,06:39:35
Mon_01206,New World Hobsonville;Four Square Hobsonville;Four Square Torbay,3,16,23978.14,06:39:38
Mon_01207,New World Mt Roskill;New World Southmall;New World Metro Shore City,3,16,23987.4,06:39:47
Mon_01208,New World Metro Shore City;Four Square Remuera;New World Stonefields;New World Metro Queen St,4,16,23993.62,06:39:53
Mon_01209,Four Square Lancaster;New World Metro Shore City;New World Milford;Four Square Eden Terrace,4,16,24004.22,06:40:04
Mon_01210,New World Metro Queen St;New World Stonefields;Four Square Remuera;Four Square Pakuranga Heights,4,16,24007.42,06:40:07
Mon_01211,Four Square Fair Price Henderson;New World Mt Roskill;Four Square Remuera;Four Square Ellerslie,4,16,24025.12,06:40:25
Mon_01212,Four Square Onehunga;New World Mt Roskill;Four Square Hobsonville;New World Metro Shore City,4,16,24037.38,06:40:37
Mon_01213,Four Square Remuera;New World Stonefields;Four Square Eden Terrace;New World Metro Shore City,4,16,24046.08,06:40:46
Mon_01214,Pak 'n Save Westgate;New World Devonport,2,16,24047.22,06:40:47
Mon_01215,Four Square Britomart;New World Metro Queen St;New World Stonefields;New World Metro Shore City,4,16,24050.18,06:40:50
Mon_01216,Pak 'n Save Mangere;Four Square Pakuranga Heights;Four Square St Heliers,3,16,24052.51,06:40:52
Mon_01217,Pak 'n Save Royal Oak;Four Square Glen Eden;Four Square Pakuranga Heights,3,15,24060.34,06:41:00
Mon_01218,Four Square Hobsonville;New World Hobsonville;Four Square Torbay,3,16,24063.85,06:41:03
Mon_01219,New World Mt Roskill;Four Square Onehunga;Four Square St Heliers;New World Metro Shore City,4,16,24065.18,06:41:05
Mon_01220,Pak 'n Save Mangere;Four Square Eden Terrace;Four Square Pakuranga Heights,3,16,24066.09,06:41:06
Mon_01221,Pak 'n Save Sylvia Park;Four Square Onehunga;New World Metro Shore City,3,16,24073.35,06:41:13
Mon_01222,Pak 'n Save Botany;Four Square Pakuranga Heights;Four Square Cockle Bay,3,16,24082.66,06:41:22
Mon_01223,Pak 'n Save Clendon;Four Square Lancaster,2,15,24092.52,06:41:32
Mon_01224,New World New Lynn;New World Ormiston;Four Square Pakuranga Heights,3,16,24097.92,06:41:37
Mon_01225,Four Square Lancaster;New World Albany;Four Square Eden Terrace,3,16,24099.87,06:41:39
Mon_01226,Pak 'n Save Papakura;Four Square Pakuranga Heights;Four Square St Heliers,3,15,24100.93,06:41:40
Mon_01227,New World Mt Roskill;Four Square Onehunga;Four Square Pakuranga Heights;Four Square Hobsonville,4,16,24116.95,06:41:56
Mon_01228,Four Square Ellerslie;Pak 'n Save Mangere;Four Square Glen Eden,3,16,24120.96,06:42:00
Mon_01229,New World Mt Roskill;Four Square Glen Eden;Four Square Hobsonville;New World Metro Shore City,4,16,24125.54,06:42:05
Mon_01230,Pak 'n Save Albany;New World Stonefields,2,16,24132.93,06:42:12
Mon_01231,New World Stonefields;Four Square Ellerslie;Four Square Eden Terrace;New World Metro Shore City,4,16,24136.74,06:42:16
Mon_01232,Four Square Ellerslie;Four Square Eden Terrace;New World Stonefields;Four Square Pakuranga Heights,4,16,24141.89,06:42:21
Mon_01233,New World Metro Shore City;New World Mt Roskill;Four Square Torbay,3,13,24148.1,06:42:28
Mon_01234,New World Metro Queen St;Four Square Britomart;New World Mt Roskill;New World Metro Shore City,4,16,24151.44,06:42:31
Mon_01235,New World Mt Albert;New World Green Bay;Four Square Pakuranga Heights,3,16,24156.3,06:42:36
Mon_01236,Four Square Remuera;Four Square Ellerslie;New World New Lynn;New World Metro Queen St,4,16,24157.35,06:42:37
Mon_01237,Pak 'n Save Mangere;Four Square Remuera;Four Square Botany Junction,3,16,24161.01,06:42:41
Mon_01238,New World Southmall;Four Square Botany Junction;Four Square Britomart;New World Metro Shore City,4,15,24166.7,06:42:46
Mon_01239,New World Mt Roskill;Four Square Lancaster;Four Square Ellerslie;Four Square Britomart,4,16,24169.94,06:42:49
Mon_01240,New World Milford;New World Metro Shore City;Four Square Lancaster;Four Square Eden Terrace,4,16,24178.6,06:42:58
Mon_01241,Four Square Lancaster;Pak 'n Save Royal Oak;Four Square Ellerslie,3,16,24192.16,06:43:12
Mon_01242,Pak 'n Save Albany;Four Square Hobsonville;Four Square Glen Eden,3,16,24192.97,06:43:12
Mon_01243,Four Square Lancaster;Pak 'n Save Wairau Road;New World Metro Shore City;Four Square Remuera,4,16,24196.24,06:43:16
Mon_01244,Pak 'n Save Mangere;Four Square Fair Price Henderson;Four Square Remuera,3,16,24197.42,06:43:17
Mon_01245,Four Square Eden Terrace;New World Metro Queen St;Four Square Britomart;New World Metro Shore City;Four Square Fair Price Henderson,5,16,24198.95,06:43:18
Mon_01246,Four Square Glen Eden;New World Albany;New World Metro Queen St,3,16,24199.34,06:43:19
Mon_01247,New World Papakura;Four Square Remuera;New World Metro Queen St,3,16,24206.17,06:43:26
Mon_01248,Four Square Glen Eden;Pak 'n Save Lincoln Road;Four Square Fair Price Henderson;New World Metro Shore City,4,16,24207.55,06:43:27
Mon_01249,Four Square Pakuranga Heights;Pak 'n Save Westgate;Four Square Hobsonville,3,16,24208.63,06:43:28
Mon_01250,New World Papatoetoe;Four Square Remuera;Four Square Ellerslie;New World Metro Shore City,4,16,24210.05,06:43:30
Mon_01251,Pak 'n Save Lincoln Road;Four Square St Heliers;Four Square Glen Eden,3,15,24215.34,06:43:35
Mon_01252,Pak 'n Save Mangere;Four Square Onehunga;Four Square Cockle Bay,3,16,24216.95,06:43:36
Mon_01253,New World Green Bay;New World Ormiston;Four Square Pakuranga Heights,3,16,24223.36,06:43:43
Mon_01254,Four Square Onehunga;Pak 'n Save Mangere;Four Square Cockle Bay,3,16,24229.54,06:43:49
Mon_01255,New World New Lynn;Four Square St Heliers;New World Green Bay,3,16,24234.29,06:43:54
Mon_01256,Pak 'n Save Westgate;Four Square Eden Terrace;Four Square Pakuranga Heights,3,16,24234.33,06:43:54
Mon_01257,New World Mt Roskill;Four Square Fair Price Henderson;Four Square Pakuranga Heights;Four Square Eden Terrace,4,16,24235.13,06:43:55
Mon_01258,New World Mt Roskill;New World Birkenhead;Four Square Pakuranga Heights,3,16,24239.15,06:43:59
Mon_01259,New World Howick;Four Square Cockle Bay;Four Square Pakuranga Heights;Four Square St Heliers,4,16,24241.28,06:44:01
Mon_01260,Pak 'n Save Highland Park;Four Square Pakuranga Heights;New World Metro Shore City,3,16,24249.77,06:44:09
Mon_01261,Four Square Onehunga;Pak 'n Save Henderson;New World Metro Shore City,3,16,24256.66,06:44:16
Mon_01262,Four Square Britomart;Four Square Eden Terrace;New World Metro Queen St;New World Metro Shore City;Four Square Ellerslie,5,16,24258.81,06:44:18
Mon_01263,Pak 'n Save Albany;Four Square Remuera;New World Metro Queen St,3,16,24260.69,06:44:20
Mon_01264,New World Milford;Four Square Britomart;New World Metro Queen St;New World Metro Shore City,4,16,24265.96,06:44:25
Mon_01265,New World Metro Queen St;Four Square Remuera;New World Papakura,3,16,24269.2,06:44:29
Mon_01266,New World Mt Roskill;Four Square St Heliers;Four Square Britomart;New World Metro Shore City,4,16,24270.93,06:44:30
Mon_01267,Four Square Glen Eden;Pak 'n Save Sylvia Park;Four Square Pakuranga Heights,3,16,24278.85,06:44:38
Mon_01268,New World Green Bay;New World Mt Roskill;Four Square Cockle Bay,3,16,24287.24,06:44:47
Mon_01269,New World Albany;Four Square Hobsonville;Four Square Glen Eden,3,16,24289.35,06:44:49
Mon_01270,New World Metro Queen St;Four Square Britomart;Four Square Eden Terrace;New World Metro Shore City;Four Square Ellerslie,5,16,24291.93,06:44:51
Mon_01271,Four Square Glen Eden;New World Green Bay;Four Square Fair Price Henderson;Four Square Lancaster,4,15,24295.33,06:44:55
Mon_01272,Pak 'n Save Lincoln Road;Four Square Onehunga;Four Square Ellerslie;Four Square Pakuranga Heights,4,16,24299.26,06:44:59
Mon_01273,Four Square Britomart;New World Point Chevalier;Four Square Torbay,3,15,24300.76,06:45:00
Mon_01274,New World New Lynn;New World Eastridge;Four Square Pakuranga Heights,3,16,24309.41,06:45:09
Mon_01275,New World Metro Queen St;Pak 'n Save Mt Albert;Four Square Lancaster,3,16,24309.44,06:45:09
Mon_01276,New World Papatoetoe;Four Square Botany Junction;Four Square Ellerslie;Four Square Pakuranga Heights,4,16,24309.47,06:45:09
Mon_01277,Four Square Pakuranga Heights;Pak 'n Save Highland Park;New World Metro Shore City,3,16,24310.9,06:45:10
Mon_01278,New World New Lynn;New World Devonport;Four Square Lancaster,3,15,24311.73,06:45:11
Mon_01279,Pak 'n Save Westgate;Four Square Torbay;New World Metro Shore City,3,16,24323.17,06:45:23
Mon_01280,New World Mt Roskill;Four Square Glen Eden;Four Square Eden Terrace;Four Square Pakuranga Heights,4,16,24324.24,06:45:24
Mon_01281,New World Mt Albert;Four Square Pakuranga Heights;Four Square Britomart;Four Square Ellerslie,4,16,24326.83,06:45:26
Mon_01282,Four Square Eden Terrace;Four Square Botany Junction;New World Howick;Four Square Pakuranga Heights,4,16,24328.96,06:45:28
Mon_01283,Pak 'n Save Glen Innes;New World Metro Shore City;Four Square Remuera,3,15,24331.92,06:45:31
Mon_01284,New World Mt Roskill;Four Square St Heliers;Four Square Remuera;Four Square Pakuranga Heights,4,16,24339.23,06:45:39
Mon_01285,Four Square Cockle Bay;Four Square Botany Junction;New World Ormiston;Four Square Pakuranga Heights,4,16,24351.33,06:45:51
Mon_01286,Pak 'n Save Papakura;Four Square Botany Junction;New World Metro Queen St,3,16,24352.98,06:45:52
Mon_01287,New World Albany;Four Square Torbay;Four Square Onehunga,3,16,24354.26,06:45:54
Mon_01288,Pak 'n Save Mt Albert;Four Square Fair Price Henderson;Four Square St Heliers,3,16,24356.98,06:45:56
Mon_01289,New World Botany;Four Square Glen Eden;Four Square Onehunga,3,15,24363.73,06:46:03
Mon_01290,New World Mt Roskill;New World Metro Shore City;Four Square Remuera;Four Square Lancaster,4,15,24375.96,06:46:15
Mon_01291,Four Square Botany Junction;Pak 'n Save Mangere;Four Square Fair Price Henderson,3,16,24378.06,06:46:18
Mon_01292,New World Birkenhead;Four Square Lancaster;New World Devonport,3,16,24381.44,06:46:21
Mon_01293,New World Remuera;Four Square Hobsonville;Four Square Britomart,3,16,24382.79,06:46:22
Mon_01294,Pak 'n Save Royal Oak;Four Square Botany Junction;Four Square Fair Price Henderson,3,16,24384.28,06:46:24
Mon_01295,New World Stonefields;Four Square Ellerslie;Four Square St Heliers;Four Square Pakuranga Heights,4,16,24384.84,06:46:24
Mon_01296,New World New Lynn;Four Square Cockle Bay;New World Howick,3,16,24387.59,06:46:27
Mon_01297,New World New Lynn;New World Howick;Four Square Cockle Bay,3,16,24387.6,06:46:27
Mon_01298,New World Mt Roskill;Four Square Remuera;Four Square St Heliers;New World Metro Shore City,4,16,24388.93,06:46:28
Mon_01299,New World Stonefields;Four Square Onehunga;Four Square Fair Price Henderson;Four Square Glen Eden,4,16,24389.54,06:46:29
Mon_01300,Four Square St Heliers;Four Square Fair Price Henderson;New World Milford,3,14,24389.8,06:46:29
Mon_01301,Four Square Britomart;Pak 'n Save Ormiston;Four Square Pakuranga Heights,3,16,24390.37,06:46:30
Mon_01302,New World Mt Roskill;Four Square Ellerslie;Four Square Cockle Bay;Four Square Britomart,4,16,24396.11,06:46:36
Mon_01303,Four Square Lancaster;Pak 'n Save Westgate;Four Square Glen Eden,3,16,24397.71,06:46:37
Mon_01304,New World Newmarket;New World New Lynn;New World Metro Shore City,3,16,24398.42,06:46:38
Mon_01305,Pak 'n Save Henderson;Four Square Glen Eden;New World Metro Shore City,3,16,24399.88,06:46:39
Mon_01306,New World Hobsonville;New World Devonport;New World Metro Shore City,3,16,24401.46,06:46:41
Mon_01307,New World Howick;New World Papakura,2,16,24406.82,06:46:46
Mon_01308,Pak 'n Save Glen Innes;Four Square Britomart;Four Square Fair Price Henderson,3,16,24407.26,06:46:47
Mon_01309,Pak 'n Save Royal Oak;Four Square Torbay;New World Metro Shore City,3,16,24407.88,06:46:47
Mon_01310,Pak 'n Save Lincoln Road;Four Square Fair Price Henderson;Four Square Onehunga;Four Square Pakuranga Heights,4,16,24409.59,06:46:49
Mon_01311,Four Square Fair Price Henderson;Pak 'n Save Lincoln Road;Four Square Onehunga;Four Square Pakuranga Heights,4,16,24409.59,06:46:49
Mon_01312,Four Square Fair Price Henderson;Pak 'n Save Henderson;Four Square Pakuranga Heights,3,16,24410.43,06:46:50
Mon_01313,New World Point Chevalier;Four Square Cockle Bay;Four Square Pakuranga Heights;Four Square Ellerslie,4,16,24416.21,06:46:56
Mon_01314,Four Square Britomart;New World Ormiston;Four Square Botany Junction;Four Square Pakuranga Heights,4,16,24419.05,06:46:59
Mon_01315,Four Square Eden Terrace;Four Square St Heliers;Four Square Pakuranga Heights;Four Square Ellerslie;Four Square Remuera,5,16,24421.11,06:47:01
Mon_01316,Pak 'n Save Mangere;Four Square Hobsonville;New World Metro Shore City,3,16,24429.71,06:47:09
Mon_01317,Four Square Cockle Bay;Pak 'n Save Sylvia Park;Four Square Pakuranga Heights,3,16,24431.58,06:47:11
Mon_01318,Four Square Glen Eden;Pak 'n Save Henderson;Four Square Pakuranga Heights,3,16,24432.28,06:47:12
Mon_01319,Pak 'n Save Westgate;Four Square Fair Price Henderson;Four Square Lancaster,3,16,24436.97,06:47:16
Mon_01320,New World Long Bay;New World Devonport;New World Metro Shore City,3,15,24439.82,06:47:19
Mon_01321,New World Hobsonville;Four Square Hobsonville;Four Square St Heliers,3,16,24442.17,06:47:22
Mon_01322,Pak 'n Save Mangere;New World Devonport,2,16,24451.16,06:47:31
Mon_01323,Four Square Hobsonville;New World Hobsonville;Four Square St Heliers,3,16,24456.43,06:47:36
Mon_01324,Pak 'n Save Lincoln Road;Four Square Fair Price Henderson;New World Metro Shore City;Four Square Ellerslie,4,16,24456.78,06:47:36
Mon_01325,Pak 'n Save Glen Innes;Four Square Pakuranga Heights;Four Square St Heliers,3,16,24459.93,06:47:39
Mon_01326,Four Square St Heliers;Four Square Ellerslie;Four Square Glen Eden;New World Green Bay,4,16,24463.86,06:47:43
Mon_01327,New World New Lynn;Four Square Pakuranga Heights;New World Milford,3,15,24467.46,06:47:47
Mon_01328,New World Mt Roskill;New World New Lynn;Four Square Cockle Bay,3,16,24467.51,06:47:47
Mon_01329,Pak 'n Save Ormiston;Four Square Botany Junction;New World Metro Shore City,3,16,24467.68,06:47:47
Mon_01330,Pak 'n Save Henderson;Four Square Fair Price Henderson;Four Square Pakuranga Heights,3,16,24470.65,06:47:50
Mon_01331,Four Square Britomart;New World Mt Albert;Four Square Torbay,3,15,24483.59,06:48:03
Mon_01332,Pak 'n Save Mangere;Four Square Botany Junction;Four Square Fair Price Henderson,3,16,24483.86,06:48:03
Mon_01333,New World Mt Roskill;Four Square Lancaster;New World Metro Queen St;New World Metro Shore City,4,16,24499.8,06:48:19
Mon_01334,Pak 'n Save Ormiston;Four Square Ellerslie;Four Square Pakuranga Heights,3,16,24500.1,06:48:20
Mon_01335,New World Mt Albert;Four Square Eden Terrace;Four Square Pakuranga Heights;New World Metro Shore City,4,16,24505.02,06:48:25
Mon_01336,Four Square St Heliers;Four Square Hobsonville;New World Hobsonville,3,16,24506.18,06:48:26
Mon_01337,New World Green Bay;Four Square Cockle Bay;New World Howick,3,16,24513.03,06:48:33
Mon_01338,New World Green Bay;New World Howick;Four Square Cockle Bay,3,16,24513.03,06:48:33
Mon_01339,Four Square Eden Terrace;Pak 'n Save Wairau Road;Four Square Torbay,3,16,24520.74,06:48:40
Mon_01340,New World Mt Roskill;Four Square Pakuranga Heights;Four Square Lancaster;Four Square Remuera,4,15,24522.77,06:48:42
Mon_01341,New World Victoria Park;Four Square Hobsonville;Four Square Lancaster,3,16,24526.05,06:48:46
Mon_01342,New World New Lynn;Four Square Onehunga;Four Square Eden Terrace;Four Square Lancaster,4,16,24534.03,06:48:54
Mon_01343,Four Square Eden Terrace;New World Mt Roskill;Four Square Torbay,3,15,24545.42,06:49:05
Mon_01344,Pak 'n Save Henderson;Four Square Lancaster;New World Metro Shore City,3,16,24550.3,06:49:10
Mon_01345,Four Square Glen Eden;Four Square Onehunga;Four Square Remuera;New World Southmall,4,16,24559.96,06:49:19
Mon_01346,New World Metro Shore City;New World Devonport;New World Southmall,3,15,24564.3,06:49:24
Mon_01347,New World Eastridge;Four Square Ellerslie;Four Square Onehunga;Four Square Pakuranga Heights,4,16,24568.11,06:49:28
Mon_01348,New World Point Chevalier;New World Green Bay;Four Square Pakuranga Heights,3,16,24569.66,06:49:29
Mon_01349,Four Square Eden Terrace;New World Papakura;Four Square Ellerslie,3,16,24583.97,06:49:43
Mon_01350,Four Square Onehunga;Four Square Britomart;New World Howick;Four Square Cockle Bay,4,16,24587.44,06:49:47
Mon_01351,New World Point Chevalier;Four Square Remuera;Four Square Britomart;Four Square Pakuranga Heights,4,16,24587.76,06:49:47
Mon_01352,Four Square Lancaster;New World Birkenhead;New World Metro Queen St;New World Metro Shore City,4,16,24590.26,06:49:50
Mon_01353,New World Mt Roskill;Four Square Fair Price Henderson;New World Devonport,3,16,24596.24,06:49:56
Mon_01354,Four Square Fair Price Henderson;Pak 'n Save Lincoln Road;Four Square Remuera;New World Metro Shore City,4,16,24606.54,06:50:06
Mon_01355,Pak 'n Save Lincoln Road;Four Square Fair Price Henderson;Four Square Remuera;New World Metro Shore City,4,16,24606.54,06:50:06
Mon_01356,Four Square Ellerslie;Pak 'n Save Royal Oak;Four Square Cockle Bay,3,16,24607.41,06:50:07
Mon_01357,New World Green Bay;New World Papatoetoe;New World Metro Shore City,3,16,24613.61,06:50:13
Mon_01358,New World Devonport;New World Birkenhead;Four Square Lancaster,3,16,24614.96,06:50:14
Mon_01359,New World Green Bay;New World Browns Bay;New World Metro Shore City,3,16,24619.3,06:50:19
Mon_01360,Four Square Onehunga;New World Mt Roskill;Four Square Lancaster;Four Square Ellerslie,4,16,24638.05,06:50:38
Mon_01361,New World Hobsonville;Four Square Hobsonville;Four Square Cockle Bay,3,15,24638.52,06:50:38
Mon_01362,Pak 'n Save Manukau;Four Square Hobsonville;Four Square Onehunga,3,16,24643.66,06:50:43
Mon_01363,New World New Lynn;Four Square Glen Eden;Four Square Botany Junction;Four Square Eden Terrace,4,16,24649.12,06:50:49
Mon_01364,Four Square St Heliers;Pak 'n Save Glen Innes;New World Metro Shore City,3,16,24656.46,06:50:56
Mon_01365,New World Green Bay;Four Square Glen Eden;New World Metro Queen St;Four Square Lancaster,4,16,24657.72,06:50:57
Mon_01366,Pak 'n Save Lincoln Road;Four Square Fair Price Henderson;Four Square Glen Eden;New World Metro Shore City,4,16,24670.81,06:51:10
Mon_01367,New World Stonefields;Four Square Remuera;New World Metro Queen St;Four Square Pakuranga Heights,4,16,24673.43,06:51:13
Mon_01368,New World Howick;Four Square Cockle Bay;Four Square Pakuranga Heights;Four Square Lancaster,4,15,24675.01,06:51:15
Mon_01369,New World Green Bay;Pak 'n Save Lincoln Road;Four Square Pakuranga Heights,3,16,24676.32,06:51:16
Mon_01370,New World Devonport;New World Botany,2,15,24678.29,06:51:18
Mon_01371,New World Metro Queen St;New World Stonefields;Four Square Cockle Bay;Four Square Pakuranga Heights,4,16,24683.91,06:51:23
Mon_01372,Four Square Britomart;Four Square Torbay;New World Long Bay;New World Metro Shore City,4,16,24687.7,06:51:27
Mon_01373,Pak 'n Save Royal Oak;New World Metro Shore City;Four Square Torbay,3,16,24697.81,06:51:37
Mon_01374,Four Square Glen Eden;New World New Lynn;Four Square Lancaster;New World Metro Queen St,4,16,24705.2,06:51:45
Mon_01375,New World Mt Roskill;Four Square Glen Eden;New World Metro Queen St;Four Square Pakuranga Heights,4,16,24715.64,06:51:55
Mon_01376,Pak 'n Save Papakura;New World Howick,2,16,24716.46,06:51:56
Mon_01377,New World Mt Roskill;Four Square Hobsonville;Four Square Ellerslie;Four Square Pakuranga Heights,4,16,24717.58,06:51:57
Mon_01378,Four Square Britomart;New World Mt Albert;Four Square Onehunga;New World Metro Shore City,4,16,24721.32,06:52:01
Mon_01379,Pak 'n Save Westgate;Four Square Hobsonville;Four Square Pakuranga Heights,3,16,24727.77,06:52:07
Mon_01380,New World Victoria Park;Four Square Hobsonville;Four Square Pakuranga Heights,3,15,24746.88,06:52:26
Mon_01381,Pak 'n Save Mt Albert;Four Square Ellerslie;Four Square Pakuranga Heights;New World Metro Shore City,4,16,24752.57,06:52:32
Mon_01382,New World Papatoetoe;New World Browns Bay,2,16,24752.97,06:52:32
Mon_01383,Pak 'n Save Manukau;Four Square Botany Junction;Four Square Pakuranga Heights;New World Metro Shore City,4,16,24767.31,06:52:47
Mon_01384,New World Remuera;Four Square Ellerslie;Four Square Pakuranga Heights;New World Metro Shore City,4,16,24770.37,06:52:50
Mon_01385,New World Milford;New World Botany,2,16,24777.46,06:52:57
Mon_01386,Pak 'n Save Mangere;Four Square St Heliers;Four Square Pakuranga Heights,3,16,24784.07,06:53:04
Mon_01387,New World Ormiston;Four Square Botany Junction;Four Square Ellerslie;New World Metro Shore City,4,16,24799.86,06:53:19
Mon_01388,New World Birkenhead;Four Square Britomart;New World Metro Queen St;Four Square Pakuranga Heights,4,16,24804.14,06:53:24
Mon_01389,Pak 'n Save Lincoln Road;Four Square Fair Price Henderson;New World Metro Shore City;Four Square Lancaster,4,16,24808.53,06:53:28
Mon_01390,Four Square Torbay;New World Albany;Four Square Fair Price Henderson,3,16,24813.28,06:53:33
Mon_01391,New World Metro Queen St;New World Stonefields;Four Square Onehunga;New World Metro Shore City,4,16,24814.23,06:53:34
Mon_01392,New World Green Bay;Four Square Hobsonville;Four Square Lancaster;Four Square Britomart,4,16,24819.02,06:53:39
Mon_01393,Four Square Onehunga;New World Mt Roskill;Four Square Fair Price Henderson;Four Square Lancaster,4,16,24822.16,06:53:42
Mon_01394,New World Metro Queen St;Four Square Remuera;New World Green Bay;Four Square Britomart,4,16,24833.08,06:53:53
Mon_01395,Four Square Ellerslie;New World Eastridge;Four Square Britomart;Four Square Pakuranga Heights,4,16,24843.98,06:54:03
Mon_01396,New World Birkenhead;New World Metro Queen St;Four Square Britomart;Four Square Pakuranga Heights,4,16,24844.33,06:54:04
Mon_01397,Four Square Pakuranga Heights;New World Papatoetoe;Four Square Britomart;Four Square Ellerslie,4,16,24848.37,06:54:08
Mon_01398,Pak 'n Save Ormiston;Four Square Ellerslie;New World Metro Shore City,3,16,24849.13,06:54:09
Mon_01399,New World Mt Roskill;Four Square Ellerslie;Four Square Hobsonville;New World Metro Shore City,4,16,24850.57,06:54:10
Mon_01400,New World New Lynn;Four Square Eden Terrace;Four Square Ellerslie;Four Square Cockle Bay,4,16,24851.17,06:54:11
Mon_01401,New World Mt Roskill;Four Square Pakuranga Heights;Four Square Hobsonville;Four Square Fair Price Henderson,4,16,24858.85,06:54:18
Mon_01402,New World Mt Roskill;Four Square Remuera;Four Square Hobsonville;New World Metro Shore City,4,16,24858.97,06:54:18
Mon_01403,Pak 'n Save Albany;Four Square Hobsonville;Four Square Ellerslie,3,16,24860.0,06:54:20
Mon_01404,Pak 'n Save Sylvia Park;New World Metro Shore City;Four Square Pakuranga Heights,3,15,24860.35,06:54:20
Mon_01405,Four Square Onehunga;Four Square Botany Junction;New World Ormiston;New World Metro Shore City,4,16,24864.55,06:54:24
Mon_01406,Pak 'n Save Wairau Road;Four Square Remuera;Four Square Ellerslie;Four Square Pakuranga Heights,4,16,24867.42,06:54:27
Mon_01407,Pak 'n Save Albany;Four Square Hobsonville;Four Square Remuera,3,16,24868.4,06:54:28
Mon_01408,New World Mt Albert;Four Square Eden Terrace;New World Metro Shore City;Four Square Pakuranga Heights,4,16,24869.39,06:54:29
Mon_01409,Four Square Britomart;Four Square St Heliers;New World Browns Bay,3,15,24910.27,06:55:10
Mon_01410,Pak 'n Save Glen Innes;Four Square Remuera;Four Square Lancaster,3,16,24915.28,06:55:15
Mon_01411,New World Point Chevalier;Four Square Eden Terrace;Four Square Pakuranga Heights;New World Metro Shore City,4,16,24918.58,06:55:18
Mon_01412,Four Square Remuera;New World Remuera;Four Square Pakuranga Heights;New World Metro Shore City,4,16,24919.32,06:55:19
Mon_01413,New World Southmall;New World Mt Roskill;New World Metro Shore City,3,16,24925.57,06:55:25
Mon_01414,New World Metro Shore City;New World Long Bay;New World Devonport,3,15,24928.83,06:55:28
Mon_01415,New World Metro Queen St;Four Square Britomart;Four Square Lancaster;Four Square Onehunga;Four Square Ellerslie,5,16,24930.89,06:55:30
Mon_01416,Pak 'n Save Botany;Four Square Britomart;New World Metro Shore City,3,16,24934.77,06:55:34
Mon_01417,New World Ormiston;Four Square Botany Junction;Four Square Remuera;Four Square Pakuranga Heights,4,16,24935.3,06:55:35
Mon_01418,Pak 'n Save Manukau;Four Square Pakuranga Heights;Four Square Ellerslie;New World Metro Shore City,4,16,24942.43,06:55:42
Mon_01419,Four Square Fair Price Henderson;Pak 'n Save Lincoln Road;Four Square Glen Eden;New World Metro Shore City,4,16,24943.12,06:55:43
Mon_01420,Pak 'n Save Albany;New World Southmall,2,16,24944.04,06:55:44
Mon_01421,New World Metro Shore City;Four Square Pakuranga Heights;Four Square Eden Terrace;New World Newmarket,4,16,24958.75,06:55:58
Mon_01422,Four Square Torbay;New World Remuera;Four Square Ellerslie,3,16,24959.8,06:55:59
Mon_01423,New World Birkenhead;Pak 'n Save Papakura,2,16,24966.88,06:56:06
Mon_01424,New World Papatoetoe;Four Square Pakuranga Heights;Four Square Britomart;Four Square Glen Eden,4,16,24967.51,06:56:07
Mon_01425,Four Square Eden Terrace;Pak 'n Save Westgate;Four Square Pakuranga Heights,3,16,24976.97,06:56:16
Mon_01426,New World Green Bay;New World Long Bay;Four Square Onehunga,3,16,24977.09,06:56:17
Mon_01427,Pak 'n Save Botany;Four Square Remuera;Four Square Pakuranga Heights,3,16,24978.52,06:56:18
Mon_01428,Pak 'n Save Botany;Four Square Botany Junction;New World Metro Shore City,3,16,24987.87,06:56:27
Mon_01429,New World Southmall;Pak 'n Save Albany,2,16,24988.44,06:56:28
Mon_01430,Four Square Lancaster;Pak 'n Save Albany;Four Square Torbay,3,16,25007.66,06:56:47
Mon_01431,New World New Lynn;Four Square Lancaster;Four Square Remuera;New World Metro Queen St,4,16,25011.65,06:56:51
Mon_01432,New World Mt Roskill;Four Square St Heliers;Four Square Pakuranga Heights;Four Square Cockle Bay,4,16,25018.29,06:56:58
Mon_01433,Four Square Ellerslie;New World Remuera;Four Square Pakuranga Heights;New World Metro Shore City,4,16,25019.38,06:56:59
Mon_01434,Pak 'n Save Mt Albert;Four Square Torbay;Four Square Ellerslie,3,16,25032.23,06:57:12
Mon_01435,New World Mt Roskill;Four Square Eden Terrace;Four Square Fair Price Henderson;Four Square Pakuranga Heights,4,16,25032.53,06:57:12
Mon_01436,Pak 'n Save Manukau;Four Square Pakuranga Heights;Four Square Britomart;New World Metro Shore City,4,16,25034.12,06:57:14
Mon_01437,Four Square Britomart;New World Metro Queen St;Four Square Eden Terrace;Four Square Fair Price Henderson;New World Metro Shore City,5,16,25037.47,06:57:17
Mon_01438,Four Square Remuera;New World Metro Queen St;New World Howick;Four Square Pakuranga Heights,4,16,25040.52,06:57:20
Mon_01439,New World Mt Roskill;Four Square St Heliers;Four Square Onehunga;Four Square Pakuranga Heights,4,16,25040.97,06:57:20
Mon_01440,New World Devonport;New World Metro Queen St;Four Square Britomart;Four Square Pakuranga Heights,4,15,25046.61,06:57:26
Mon_01441,Pak 'n Save Ormiston;Four Square Onehunga;Four Square Pakuranga Heights,3,16,25048.03,06:57:28
Mon_01442,Pak 'n Save Wairau Road;Four Square Ellerslie;Four Square Remuera;New World Metro Shore City,4,16,25057.55,06:57:37
Mon_01443,Four Square Ellerslie;New World Mt Albert;Four Square Remuera;New World Metro Shore City,4,16,25059.87,06:57:39
Mon_01444,Four Square Onehunga;Pak 'n Save Lincoln Road;Four Square Remuera;New World Metro Shore City,4,16,25059.9,06:57:39
Mon_01445,New World Metro Shore City;Pak 'n Save Wairau Road;Four Square Cockle Bay;Four Square Pakuranga Heights,4,15,25061.76,06:57:41
Mon_01446,New World Eastridge;Four Square Onehunga;Four Square Remuera;Four Square Pakuranga Heights,4,16,25062.33,06:57:42
Mon_01447,New World Papakura;New World Howick,2,16,25062.43,06:57:42
Mon_01448,New World Stonefields;New World Mt Roskill;New World Metro Shore City,3,16,25062.94,06:57:42
Mon_01449,New World Point Chevalier;New World Metro Shore City;New World Metro Queen St;Four Square Pakuranga Heights,4,16,25064.11,06:57:44
Mon_01450,Four Square Ellerslie;Four Square Remuera;New World Hobsonville;New World Metro Shore City,4,16,25073.13,06:57:53
Mon_01451,New World Mt Roskill;Four Square Hobsonville;Four Square Remuera;New World Metro Shore City,4,16,25075.01,06:57:55
Mon_01452,New World Papakura;New World Birkenhead,2,16,25080.06,06:58:00
Mon_01453,Pak 'n Save Wairau Road;New World Metro Shore City;Four Square Lancaster;Four Square Fair Price Henderson,4,16,25084.74,06:58:04
Mon_01454,Four Square Eden Terrace;New World Mt Roskill;New World Metro Shore City;Four Square Lancaster,4,16,25097.31,06:58:17
Mon_01455,Pak 'n Save Henderson;Four Square Glen Eden;Four Square Pakuranga Heights,3,16,25115.58,06:58:35
Mon_01456,New World New Lynn;Four Square Onehunga;New World Long Bay,3,16,25122.71,06:58:42
Mon_01457,New World Eastridge;New World Browns Bay,2,16,25124.2,06:58:44
Mon_01458,Four Square Glen Eden;Pak 'n Save Ormiston;Four Square Pakuranga Heights,3,16,25143.7,06:59:03
Mon_01459,Four Square St Heliers;Four Square Ellerslie;New World Papakura,3,16,25144.69,06:59:04
Mon_01460,New World Hobsonville;Four Square Onehunga;Four Square Ellerslie;Four Square Pakuranga Heights,4,16,25147.14,06:59:07
Mon_01461,New World Mt Roskill;Four Square Torbay;Four Square Cockle Bay,3,14,25153.69,06:59:13
Mon_01462,Four Square Pakuranga Heights;Four Square St Heliers;New World Eastridge;New World Metro Shore City,4,16,25161.22,06:59:21
Mon_01463,Four Square St Heliers;Pak 'n Save Royal Oak;Four Square Pakuranga Heights,3,16,25175.29,06:59:35
Mon_01464,Pak 'n Save Botany;Four Square Onehunga;New World Metro Shore City,3,16,25176.72,06:59:36
Mon_01465,Pak 'n Save Wairau Road;New World Metro Shore City;New World Metro Queen St;Four Square Pakuranga Heights,4,16,25179.6,06:59:39
Mon_01466,New World Albany;Four Square Ellerslie;Four Square St Heliers,3,16,25183.27,06:59:43
Mon_01467,New World Papakura;Four Square Ellerslie;Four Square Cockle Bay,3,15,25196.46,06:59:56
Mon_01468,New World New Lynn;New World Long Bay;Four Square Ellerslie,3,16,25196.87,06:59:56
Mon_01469,Pak 'n Save Albany;Four Square Pakuranga Heights;Four Square St Heliers,3,15,25208.25,07:00:08
Mon_01470,Four Square Botany Junction;New World Browns Bay;Four Square Torbay,3,15,25209.98,07:00:09
Mon_01471,New World Botany;Four Square Pakuranga Heights;Four Square Remuera;New World Metro Shore City,4,16,25212.47,07:00:12
Mon_01472,Pak 'n Save Wairau Road;Four Square Remuera;Four Square Ellerslie;New World Metro Shore City,4,16,25216.45,07:00:16
Mon_01473,Four Square Ellerslie;New World Papatoetoe;Four Square Onehunga;New World Metro Shore City,4,16,25226.9,07:00:26
Mon_01474,Pak 'n Save Lincoln Road;Four Square Fair Price Henderson;Four Square Botany Junction;Four Square Pakuranga Heights,4,16,25236.48,07:00:36
Mon_01475,New World New Lynn;Pak 'n Save Wairau Road;Four Square Pakuranga Heights,3,16,25238.59,07:00:38
Mon_01476,Four Square Onehunga;New World New Lynn;New World Long Bay,3,16,25242.59,07:00:42
Mon_01477,Pak 'n Save Mangere;Four Square Lancaster;Four Square Fair Price Henderson,3,16,25273.05,07:01:13
Mon_01478,Pak 'n Save Westgate;Four Square Onehunga;Four Square Lancaster,3,16,25285.96,07:01:25
Mon_01479,New World Point Chevalier;Four Square Pakuranga Heights;Four Square Eden Terrace;New World Metro Shore City,4,16,25286.66,07:01:26
Mon_01480,New World Metro Queen St;New World Mt Roskill;Four Square Ellerslie;New World Metro Shore City,4,16,25289.0,07:01:29
Mon_01481,New World Mt Roskill;Four Square Remuera;Four Square Torbay;New World Metro Shore City,4,16,25303.84,07:01:43
Mon_01482,New World Metro Shore City;New World Long Bay;Four Square Torbay;Four Square Fair Price Henderson,4,16,25304.45,07:01:44
Mon_01483,New World Birkenhead;New World Stonefields;New World Metro Shore City,3,16,25316.99,07:01:56
Mon_01484,Four Square Onehunga;New World Mt Roskill;New World Metro Shore City;Four Square St Heliers,4,16,25324.81,07:02:04
Mon_01485,Pak 'n Save Westgate;Four Square St Heliers;Four Square Pakuranga Heights,3,16,25351.33,07:02:31
Mon_01486,New World Mt Roskill;Four Square Glen Eden;Four Square Remuera;Four Square Lancaster,4,16,25359.54,07:02:39
Mon_01487,New World Mt Roskill;Four Square Glen Eden;Four Square Lancaster;Four Square Remuera,4,16,25361.63,07:02:41
Mon_01488,Pak 'n Save Papakura;Four Square Botany Junction;Four Square Lancaster,3,15,25372.15,07:02:52
Mon_01489,New World Metro Queen St;Four Square Eden Terrace;Four Square Onehunga;New World Metro Shore City;Four Square Remuera,5,16,25372.31,07:02:52
Mon_01490,Pak 'n Save Botany;Four Square Pakuranga Heights;Four Square Lancaster,3,16,25375.24,07:02:55
Mon_01491,New World Mt Roskill;Four Square Onehunga;Four Square Hobsonville;Four Square Pakuranga Heights,4,16,25376.25,07:02:56
Mon_01492,New World Mt Roskill;Four Square Hobsonville;Four Square Fair Price Henderson;Four Square Pakuranga Heights,4,16,25378.0,07:02:58
Mon_01493,New World Papakura;New World Milford,2,16,25381.5,07:03:01
Mon_01494,Four Square Onehunga;New World Mt Albert;Four Square Fair Price Henderson;Four Square Pakuranga Heights,4,16,25382.36,07:03:02
Mon_01495,Four Square Glen Eden;New World Metro Shore City;New World Metro Queen St;Four Square Britomart;Four Square Botany Junction,5,15,25384.98,07:03:04
Mon_01496,Four Square Torbay;New World Remuera;New World Metro Shore City,3,15,25387.32,07:03:07
Mon_01497,Four Square Botany Junction;Pak 'n Save Manukau;Four Square Pakuranga Heights;New World Metro Shore City,4,16,25387.62,07:03:07
Mon_01498,Four Square Britomart;New World Milford;New World Metro Shore City;Four Square Torbay,4,16,25399.73,07:03:19
Mon_01499,Four Square Ellerslie;Pak 'n Save Henderson;New World Metro Shore City,3,16,25401.21,07:03:21
Mon_01500,Four Square Fair Price Henderson;Pak 'n Save Lincoln Road;Four Square Cockle Bay;Four Square Pakuranga Heights,4,16,25405.55,07:03:25
Mon_01501,New World New Lynn;Four Square Hobsonville;Four Square Eden Terrace;Four Square Pakuranga Heights,4,16,25406.82,07:03:26
Mon_01502,Pak 'n Save Mt Albert;Four Square Onehunga;New World Metro Shore City;Four Square Pakuranga Heights,4,16,25411.95,07:03:31
Mon_01503,Four Square Botany Junction;Four Square Pakuranga Heights;New World Botany;New World Metro Shore City,4,16,25425.49,07:03:45
Mon_01504,Four Square Fair Price Henderson;Four Square St Heliers;Four Square Pakuranga Heights;Four Square Cockle Bay;Four Square Onehunga,5,15,25428.9,07:03:48
Mon_01505,Four Square Glen Eden;Four Square Torbay;New World Long Bay;New World Metro Shore City,4,16,25429.95,07:03:49
Mon_01506,New World Metro Shore City;New World Milford;Four Square Torbay;Four Square Lancaster,4,16,25435.77,07:03:55
Mon_01507,New World Long Bay;Four Square Torbay;New World Metro Shore City;Four Square Ellerslie,4,16,25438.5,07:03:58
Mon_01508,New World Mt Roskill;New World Devonport;Four Square Botany Junction,3,16,25439.05,07:03:59
Mon_01509,New World Mt Roskill;Four Square Cockle Bay;New World Metro Shore City;Four Square Eden Terrace,4,16,25447.18,07:04:07
Mon_01510,New World Botany;Four Square Botany Junction;Four Square Pakuranga Heights;New World Metro Shore City,4,16,25450.9,07:04:10
Mon_01511,New World Long Bay;Four Square Eden Terrace;Four Square St Heliers,3,15,25456.43,07:04:16
Mon_01512,New World Metro Queen St;Pak 'n Save Westgate;Four Square Pakuranga Heights,3,16,25457.79,07:04:17
Mon_01513,New World Botany;Four Square St Heliers;Four Square Fair Price Henderson,3,16,25465.05,07:04:25
Mon_01514,Four Square Fair Price Henderson;New World Papatoetoe;Four Square Botany Junction;Four Square Pakuranga Heights,4,16,25472.01,07:04:32
Mon_01515,Four Square Britomart;New World Victoria Park;Four Square Pakuranga Heights;New World Metro Shore City,4,16,25491.52,07:04:51
Mon_01516,Four Square Fair Price Henderson;Pak 'n Save Ormiston;Four Square Pakuranga Heights,3,16,25501.41,07:05:01
Mon_01517,New World Howick;Four Square Cockle Bay;Four Square St Heliers;Four Square Pakuranga Heights,4,16,25501.87,07:05:01
Mon_01518,New World Birkenhead;New World Mt Roskill;Four Square Pakuranga Heights,3,16,25504.16,07:05:04
Mon_01519,Four Square Torbay;New World Long Bay;Four Square Lancaster;New World Metro Shore City,4,16,25511.35,07:05:11
Mon_01520,New World Hobsonville;Four Square Hobsonville;New World Metro Shore City;Four Square Pakuranga Heights,4,16,25517.02,07:05:17
Mon_01521,New World Remuera;Four Square Remuera;New World Metro Shore City;Four Square Pakuranga Heights,4,16,25520.64,07:05:20
Mon_01522,Four Square Hobsonville;Pak 'n Save Glen Innes;Four Square Pakuranga Heights,3,16,25530.1,07:05:30
Mon_01523,Four Square Onehunga;New World Albany;Four Square St Heliers,3,16,25531.38,07:05:31
Mon_01524,New World Birkenhead;New World Devonport;Four Square Glen Eden,3,16,25553.4,07:05:53
Mon_01525,New World Mt Albert;Four Square Botany Junction;Four Square Remuera;Four Square Pakuranga Heights,4,16,25560.1,07:06:00
Mon_01526,Pak 'n Save Mangere;Four Square St Heliers;New World Metro Shore City,3,16,25576.32,07:06:16
Mon_01527,Four Square Britomart;Four Square Fair Price Henderson;Pak 'n Save Lincoln Road;Four Square Pakuranga Heights,4,16,25576.35,07:06:16
Mon_01528,New World Metro Queen St;New World Mt Roskill;Four Square Pakuranga Heights;Four Square Cockle Bay,4,16,25588.65,07:06:28
Mon_01529,New World Green Bay;New World New Lynn;New World Metro Shore City;Four Square Pakuranga Heights,4,16,25589.28,07:06:29
Mon_01530,Pak 'n Save Papakura;Four Square Fair Price Henderson;Four Square Ellerslie,3,15,25592.78,07:06:32
Mon_01531,Four Square Hobsonville;New World Hobsonville;New World Metro Shore City;Four Square Pakuranga Heights,4,16,25602.74,07:06:42
Mon_01532,New World New Lynn;New World Ormiston;New World Metro Shore City,3,16,25605.93,07:06:45
Mon_01533,New World Green Bay;New World Long Bay;Four Square Ellerslie,3,16,25610.06,07:06:50
Mon_01534,Four Square Glen Eden;Four Square St Heliers;New World Botany,3,16,25613.78,07:06:53
Mon_01535,Pak 'n Save Clendon;Four Square Pakuranga Heights;New World Metro Shore City,3,16,25622.36,07:07:02
Mon_01536,Four Square Britomart;Pak 'n Save Wairau Road;Four Square Onehunga;Four Square Pakuranga Heights,4,16,25626.12,07:07:06
Mon_01537,Four Square Britomart;Pak 'n Save Henderson;Four Square Pakuranga Heights,3,16,25640.94,07:07:20
Mon_01538,New World New Lynn;New World Green Bay;New World Metro Shore City;Four Square Pakuranga Heights,4,16,25649.88,07:07:29
Mon_01539,New World Milford;New World Mt Roskill;New World Metro Shore City,3,16,25658.8,07:07:38
Mon_01540,New World Hobsonville;New World Green Bay;New World Metro Shore City,3,16,25661.39,07:07:41
Mon_01541,New World Papatoetoe;Four Square Pakuranga Heights;Four Square Cockle Bay;Four Square Glen Eden,4,16,25663.15,07:07:43
Mon_01542,Four Square Botany Junction;New World Ormiston;New World Metro Shore City;Four Square Ellerslie,4,16,25675.67,07:07:55
Mon_01543,Four Square Glen Eden;Four Square Pakuranga Heights;New World Howick;New World Metro Queen St,4,16,25676.35,07:07:56
Mon_01544,Pak 'n Save Manukau;Four Square Pakuranga Heights;Four Square Botany Junction;New World Metro Shore City,4,16,25676.48,07:07:56
Mon_01545,Four Square Glen Eden;New World Green Bay;Four Square Cockle Bay;Four Square Eden Terrace,4,16,25683.08,07:08:03
Mon_01546,Four Square Eden Terrace;New World Southmall;Four Square Onehunga;Four Square Pakuranga Heights,4,16,25688.67,07:08:08
Mon_01547,Pak 'n Save Mangere;Four Square Torbay;New World Metro Shore City,3,16,25695.35,07:08:15
Mon_01548,New World Mt Albert;New World Devonport;Four Square Pakuranga Heights,3,16,25704.21,07:08:24
Mon_01549,New World Mt Roskill;Four Square Hobsonville;Four Square Botany Junction;Four Square Pakuranga Heights,4,16,25704.95,07:08:24
Mon_01550,Four Square Eden Terrace;New World Metro Queen St;Four Square Britomart;Four Square Lancaster;Four Square Pakuranga Heights,5,16,25706.28,07:08:26
Mon_01551,New World Ormiston;Four Square Botany Junction;Four Square Pakuranga Heights;Four Square Lancaster,4,16,25706.48,07:08:26
Mon_01552,New World Ormiston;Four Square Torbay;Four Square Britomart,3,15,25707.25,07:08:27
Mon_01553,New World Papatoetoe;New World New Lynn;Four Square Pakuranga Heights,3,16,25715.81,07:08:35
Mon_01554,Pak 'n Save Mangere;New World Metro Shore City;Four Square St Heliers,3,16,25717.14,07:08:37
Mon_01555,New World Long Bay;New World Metro Queen St;Four Square Britomart;New World Metro Shore City,4,16,25717.18,07:08:37
Mon_01556,New World Newmarket;Four Square Glen Eden;Four Square Britomart;New World Metro Shore City,4,16,25732.92,07:08:52
Mon_01557,New World Eastridge;Four Square Pakuranga Heights;Four Square Cockle Bay;New World Metro Shore City,4,15,25739.45,07:08:59
Mon_01558,New World Mt Albert;Four Square Fair Price Henderson;Four Square Glen Eden;Four Square Pakuranga Heights,4,16,25748.21,07:09:08
Mon_01559,Four Square Britomart;New World Botany;Four Square Hobsonville,3,16,25761.77,07:09:21
Mon_01560,New World Mt Albert;Four Square Fair Price Henderson;Four Square Cockle Bay;Four Square Pakuranga Heights,4,16,25767.25,07:09:27
Mon_01561,Four Square Pakuranga Heights;New World Ormiston;Four Square Botany Junction;Four Square Lancaster,4,16,25771.1,07:09:31
Mon_01562,Four Square Cockle Bay;Pak 'n Save Mangere;Four Square Fair Price Henderson,3,16,25771.84,07:09:31
Mon_01563,New World Remuera;Four Square Ellerslie;New World Metro Shore City;Four Square Pakuranga Heights,4,16,25772.48,07:09:32
Mon_01564,New World Mt Roskill;Four Square Cockle Bay;Four Square Glen Eden;Four Square Onehunga,4,16,25814.48,07:10:14
Mon_01565,New World Point Chevalier;Four Square Fair Price Henderson;Four Square Botany Junction;Four Square Pakuranga Heights,4,16,25816.19,07:10:16
Mon_01566,New World Victoria Park;New World Metro Shore City;Four Square Cockle Bay;Four Square Pakuranga Heights,4,16,25820.76,07:10:20
Mon_01567,Pak 'n Save Lincoln Road;New World Metro Shore City;Four Square Lancaster;Four Square Fair Price Henderson,4,16,25848.01,07:10:48
Mon_01568,New World Point Chevalier;Four Square Glen Eden;Four Square Fair Price Henderson;Four Square Pakuranga Heights,4,16,25850.65,07:10:50
Mon_01569,New World Victoria Park;Four Square Lancaster;New World Metro Shore City;Four Square Pakuranga Heights,4,16,25858.62,07:10:58
Mon_01570,New World Green Bay;Four Square Cockle Bay;Four Square Onehunga;New World Metro Queen St,4,16,25861.97,07:11:01
Mon_01571,Pak 'n Save Botany;Four Square Lancaster;New World Metro Shore City,3,16,25863.91,07:11:03
Mon_01572,New World Long Bay;Four Square Torbay;Four Square Britomart;New World Metro Shore City,4,16,25875.91,07:11:15
Mon_01573,Four Square Torbay;New World Long Bay;Four Square Britomart;New World Metro Shore City,4,16,25877.54,07:11:17
Mon_01574,Four Square Ellerslie;New World New Lynn;Four Square Cockle Bay;Four Square Botany Junction,4,15,25883.73,07:11:23
Mon_01575,Four Square Fair Price Henderson;New World Albany;Four Square St Heliers,3,16,25894.27,07:11:34
Mon_01576,Four Square Glen Eden;Four Square Ellerslie;Four Square Eden Terrace;Four Square Remuera;Four Square Fair Price Henderson,5,16,25894.8,07:11:34
Mon_01577,Four Square Fair Price Henderson;Four Square Glen Eden;Four Square St Heliers;Four Square Remuera;Four Square Ellerslie,5,16,25904.95,07:11:44
Mon_01578,Pak 'n Save Mt Albert;Four Square Cockle Bay;Four Square Pakuranga Heights;New World Metro Shore City,4,16,25909.02,07:11:49
Mon_01579,New World Papatoetoe;Four Square Lancaster;New World Metro Shore City;Four Square Ellerslie,4,16,25913.04,07:11:53
Mon_01580,New World Stonefields;Four Square Glen Eden;Four Square Fair Price Henderson;Four Square Britomart,4,16,25927.73,07:12:07
Mon_01581,Four Square Botany Junction;Pak 'n Save Mt Albert;Four Square St Heliers,3,16,25944.25,07:12:24
Mon_01582,Four Square Glen Eden;Four Square Britomart;New World Metro Queen St;Four Square Fair Price Henderson;Four Square Remuera,5,16,25959.9,07:12:39
Mon_01583,New World Mt Roskill;Four Square Pakuranga Heights;Four Square Hobsonville;Four Square Remuera,4,16,25960.31,07:12:40
Mon_01584,New World Eastridge;Four Square Onehunga;Four Square Lancaster;New World Metro Shore City,4,16,25975.98,07:12:55
Mon_01585,Pak 'n Save Lincoln Road;Four Square Glen Eden;Four Square Lancaster;New World Metro Shore City,4,16,25996.79,07:13:16
Mon_01586,New World Metro Queen St;Four Square Eden Terrace;Four Square Ellerslie;Four Square Botany Junction;New World Metro Shore City,5,16,26003.32,07:13:23
Mon_01587,New World Devonport;Four Square Hobsonville;Four Square Lancaster;New World Metro Shore City,4,15,26009.66,07:13:29
Mon_01588,Pak 'n Save Glen Innes;Four Square Fair Price Henderson;Four Square Ellerslie,3,16,26011.26,07:13:31
Mon_01589,New World Victoria Park;New World Metro Shore City;Four Square Lancaster;Four Square Pakuranga Heights,4,16,26018.2,07:13:38
Mon_01590,New World Albany;Four Square Onehunga;Four Square St Heliers,3,16,26020.29,07:13:40
Mon_01591,New World Mt Albert;Four Square Onehunga;Four Square Fair Price Henderson;Four Square Pakuranga Heights,4,16,26030.6,07:13:50
Mon_01592,Four Square St Heliers;Four Square Onehunga;New World Howick;Four Square Pakuranga Heights,4,16,26039.93,07:13:59
Mon_01593,Pak 'n Save Papakura;Four Square Hobsonville;Four Square Fair Price Henderson,3,16,26040.13,07:14:00
Mon_01594,New World Metro Shore City;Four Square Pakuranga Heights;New World Papatoetoe;Four Square Fair Price Henderson,4,15,26065.21,07:14:25
Mon_01595,Four Square Glen Eden;Pak 'n Save Mt Albert;New World Metro Shore City;Four Square Pakuranga Heights,4,16,26067.22,07:14:27
Mon_01596,Four Square Fair Price Henderson;New World Mt Albert;Four Square Pakuranga Heights;Four Square Cockle Bay,4,16,26101.81,07:15:01
Mon_01597,Pak 'n Save Highland Park;Four Square Torbay,2,16,26116.23,07:15:16
Mon_01598,Pak 'n Save Westgate;Four Square St Heliers;New World Metro Shore City,3,16,26143.58,07:15:43
Mon_01599,New World Howick;Four Square Cockle Bay;New World Metro Queen St;Four Square Pakuranga Heights,4,16,26144.31,07:15:44
Mon_01600,Four Square Torbay;New World Metro Shore City;New World Milford;Four Square Fair Price Henderson,4,16,26151.38,07:15:51
Mon_01601,Four Square Torbay;New World Eastridge;Four Square St Heliers,3,16,26159.61,07:15:59
Mon_01602,New World Howick;Four Square Eden Terrace;Four Square Britomart;Four Square Pakuranga Heights,4,16,26177.21,07:16:17
Mon_01603,New World Devonport;Four Square Pakuranga Heights;New World Ormiston,3,16,26207.99,07:16:47
Mon_01604,Four Square Lancaster;Four Square Cockle Bay;New World Howick;Four Square Botany Junction,4,16,26260.46,07:17:40
Mon_01605,Pak 'n Save Lincoln Road;Four Square Fair Price Henderson;Four Square Lancaster;Four Square Pakuranga Heights,4,16,26276.71,07:17:56
Mon_01606,New World Eastridge;Four Square Eden Terrace;Four Square Torbay,3,16,26288.38,07:18:08
Mon_01607,New World Howick;Four Square Cockle Bay;Four Square St Heliers;New World Metro Shore City,4,16,26294.12,07:18:14
Mon_01608,Pak 'n Save Manukau;New World Metro Shore City;Four Square Ellerslie;Four Square Pakuranga Heights,4,16,26300.45,07:18:20
Mon_01609,Pak 'n Save Manukau;Four Square Torbay;Four Square Fair Price Henderson,3,16,26307.93,07:18:27
Mon_01610,New World Botany;New World Long Bay,2,16,26312.35,07:18:32
Mon_01611,New World Mt Roskill;Four Square Torbay;Four Square Ellerslie;Four Square Pakuranga Heights,4,16,26329.79,07:18:49
Mon_01612,Pak 'n Save Westgate;Four Square Torbay;Four Square Pakuranga Heights,3,16,26339.98,07:18:59
Mon_01613,Four Square Lancaster;New World Browns Bay;New World Metro Shore City;Four Square Glen Eden,4,16,26352.74,07:19:12
Mon_01614,Pak 'n Save Sylvia Park;Four Square Glen Eden;New World Metro Shore City,3,16,26356.37,07:19:16
Mon_01615,New World Albany;New World Metro Shore City;Four Square Remuera;Four Square Pakuranga Heights,4,16,26363.76,07:19:23
Mon_01616,New World Metro Shore City;Pak 'n Save Wairau Road;Four Square Hobsonville;Four Square Pakuranga Heights,4,16,26369.61,07:19:29
Mon_01617,Four Square Lancaster;New World Ormiston;Four Square Botany Junction;Four Square Pakuranga Heights,4,16,26371.44,07:19:31
Mon_01618,Four Square Ellerslie;Four Square Glen Eden;Pak 'n Save Lincoln Road;New World Metro Shore City,4,16,26381.34,07:19:41
Mon_01619,New World Browns Bay;Four Square Torbay;Four Square Cockle Bay,3,15,26383.1,07:19:43
Mon_01620,Four Square Eden Terrace;New World Metro Queen St;Four Square Britomart;Four Square Glen Eden;Four Square Pakuranga Heights,5,16,26384.16,07:19:44
Mon_01621,New World Newmarket;Four Square Botany Junction;Four Square Britomart;Four Square Pakuranga Heights,4,16,26391.93,07:19:51
Mon_01622,New World New Lynn;Four Square Glen Eden;Four Square Torbay;Four Square Pakuranga Heights,4,15,26395.56,07:19:55
Mon_01623,New World Southmall;Four Square Fair Price Henderson;Four Square Ellerslie;Four Square Pakuranga Heights,4,15,26404.94,07:20:04
Mon_01624,New World Howick;New World Mt Roskill;Four Square Pakuranga Heights,3,16,26428.29,07:20:28
Mon_01625,New World Metro Queen St;New World Papakura;Four Square Fair Price Henderson,3,16,26457.84,07:20:57
Mon_01626,Four Square Fair Price Henderson;Four Square Lancaster;New World Point Chevalier;New World Metro Shore City,4,16,26470.08,07:21:10
Mon_01627,Four Square Pakuranga Heights;Pak 'n Save Clendon;New World Metro Shore City,3,16,26527.5,07:22:07
Mon_01628,New World Hobsonville;Four Square Hobsonville;Four Square Pakuranga Heights;New World Metro Shore City,4,16,26534.18,07:22:14
Mon_01629,New World Metro Queen St;New World Mt Roskill;Four Square Fair Price Henderson;Four Square Pakuranga Heights,4,16,26546.16,07:22:26
Mon_01630,Pak 'n Save Manukau;Four Square Lancaster;Four Square Torbay,3,16,26551.76,07:22:31
Mon_01631,New World Papatoetoe;Four Square Glen Eden;Four Square Fair Price Henderson;New World Metro Shore City,4,16,26558.6,07:22:38
Mon_01632,New World Southmall;New World Devonport;Four Square Remuera,3,16,26568.59,07:22:48
Mon_01633,New World Papakura;Four Square Botany Junction;Four Square Pakuranga Heights;New World Metro Shore City,4,16,26593.1,07:23:13
Mon_01634,Four Square Britomart;New World Mt Albert;Four Square Botany Junction;New World Metro Shore City,4,16,26643.88,07:24:03
Mon_01635,Four Square Onehunga;New World Milford;Four Square Cockle Bay;Four Square Ellerslie,4,16,26653.03,07:24:13
Mon_01636,Pak 'n Save Wairau Road;New World New Lynn;Four Square Pakuranga Heights,3,16,26660.24,07:24:20
Mon_01637,New World Remuera;Four Square Lancaster;New World Metro Shore City;Four Square Pakuranga Heights,4,16,26674.74,07:24:34
Mon_01638,Pak 'n Save Glen Innes;Four Square Torbay;New World Metro Shore City,3,16,26696.83,07:24:56
Mon_01639,Four Square Remuera;Four Square Glen Eden;Four Square Britomart;Four Square St Heliers;Four Square Onehunga,5,16,26697.59,07:24:57
Mon_01640,Four Square Britomart;New World Long Bay;Four Square Torbay;Four Square Pakuranga Heights,4,16,26702.9,07:25:02
Mon_01641,Four Square Remuera;Four Square Lancaster;Four Square Onehunga;New World Southmall,4,16,26716.59,07:25:16
Mon_01642,Four Square Hobsonville;New World Metro Shore City;Four Square Cockle Bay;New World Howick,4,16,26729.5,07:25:29
Mon_01643,New World Long Bay;Four Square Torbay;Four Square Remuera;Four Square Pakuranga Heights,4,16,26753.62,07:25:53
Mon_01644,New World Mt Roskill;Four Square Pakuranga Heights;Four Square Torbay;Four Square Lancaster,4,16,26766.73,07:26:06
Mon_01645,Four Square Lancaster;Four Square Torbay;Four Square Onehunga;Four Square Ellerslie;Four Square Remuera,5,16,26773.05,07:26:13
Mon_01646,Four Square Ellerslie;New World Stonefields;Four Square Glen Eden;Four Square Botany Junction,4,16,26773.2,07:26:13
Mon_01647,New World Green Bay;Four Square Lancaster;Four Square Torbay;Four Square Remuera,4,16,26779.33,07:26:19
Mon_01648,New World Newmarket;Four Square Glen Eden;Four Square Botany Junction;Four Square Pakuranga Heights,4,16,26798.22,07:26:38
Mon_01649,New World Green Bay;Four Square Glen Eden;Four Square Fair Price Henderson;New World Metro Shore City;Four Square Pakuranga Heights,5,16,26801.15,07:26:41
Mon_01650,Four Square Lancaster;New World Papakura;Four Square Eden Terrace,3,16,26803.26,07:26:43
Mon_01651,New World Metro Shore City;New World Victoria Park;Four Square Lancaster;Four Square Pakuranga Heights,4,16,26821.05,07:27:01
Mon_01652,New World Mt Roskill;Four Square Torbay;Four Square Pakuranga Heights;Four Square Britomart,4,16,26851.73,07:27:31
Mon_01653,Four Square Onehunga;New World Devonport;New World Howick,3,16,26865.75,07:27:45
Mon_01654,New World Papatoetoe;Four Square Onehunga;Four Square Fair Price Henderson;Four Square Pakuranga Heights,4,16,26874.59,07:27:54
Mon_01655,New World Devonport;Pak 'n Save Lincoln Road;New World Metro Shore City,3,16,26920.9,07:28:40
Mon_01656,New World Milford;Four Square Botany Junction;Four Square Pakuranga Heights;Four Square St Heliers,4,16,26961.55,07:29:21
Mon_01657,New World Green Bay;Four Square Torbay;Four Square Lancaster;Four Square Ellerslie,4,16,26974.45,07:29:34
Mon_01658,New World Mt Roskill;Four Square Botany Junction;Four Square Fair Price Henderson;Four Square Lancaster,4,16,26976.19,07:29:36
Mon_01659,Four Square Botany Junction;New World Eastridge;Four Square Lancaster;New World Metro Shore City,4,16,27016.27,07:30:16
Mon_01660,Four Square Lancaster;New World Browns Bay;Four Square Pakuranga Heights;Four Square Botany Junction,4,16,27032.81,07:30:32
Mon_01661,Pak 'n Save Lincoln Road;Four Square Pakuranga Heights;Four Square St Heliers;New World Metro Shore City,4,16,27035.35,07:30:35
Mon_01662,New World Devonport;New World Green Bay;Four Square Hobsonville,3,16,27057.97,07:30:57
Mon_01663,New World Papakura;Four Square Ellerslie;Four Square Pakuranga Heights;New World Metro Shore City,4,16,27092.12,07:31:32
Mon_01664,Pak 'n Save Papakura;Four Square Cockle Bay;Four Square Pakuranga Heights;New World Metro Shore City,4,16,27098.74,07:31:38
Mon_01665,Four Square St Heliers;New World Eastridge;New World Metro Shore City;Four Square Pakuranga Heights,4,16,27133.18,07:32:13
Mon_01666,Four Square Fair Price Henderson;New World Milford;Four Square Botany Junction;Four Square Britomart,4,16,27180.96,07:33:00
Mon_01667,Four Square Lancaster;New World Green Bay;New World Milford,3,16,27209.45,07:33:29
Mon_01668,New World Birkenhead;Four Square Lancaster;Four Square Torbay;Four Square Pakuranga Heights,4,16,27229.63,07:33:49
Mon_01669,New World Mt Albert;Four Square Pakuranga Heights;Four Square Fair Price Henderson;Four Square Lancaster,4,16,27268.64,07:34:28
Mon_01670,New World Southmall;Four Square Botany Junction;Four Square Torbay;New World Metro Shore City,4,16,27276.97,07:34:36
Mon_01671,New World Metro Queen St;New World Papakura;Four Square Lancaster,3,16,27312.06,07:35:12
Mon_01672,Four Square Britomart;New World Metro Queen St;Four Square Hobsonville;Four Square Glen Eden;New World Metro Shore City,5,16,27314.82,07:35:14
Mon_01673,New World Long Bay;Four Square Pakuranga Heights;Four Square Botany Junction;Four Square Cockle Bay,4,15,27348.69,07:35:48
Mon_01674,Four Square Torbay;New World Metro Shore City;Pak 'n Save Wairau Road;Four Square Pakuranga Heights,4,16,27363.03,07:36:03
Mon_01675,Four Square Botany Junction;Four Square Fair Price Henderson;Four Square Eden Terrace;Four Square Onehunga;Four Square Britomart,5,16,27369.43,07:36:09
Mon_01676,Four Square Ellerslie;New World Devonport;New World Metro Shore City;Four Square Britomart;Four Square Pakuranga Heights,5,16,27539.31,07:38:59
Mon_01677,Four Square Ellerslie;Four Square St Heliers;Four Square Pakuranga Heights;New World Long Bay,4,16,27585.76,07:39:45
Mon_01678,New World Botany;Four Square Fair Price Henderson;Four Square St Heliers,3,16,27619.47,07:40:19
Mon_01679,New World Southmall;Four Square Hobsonville;New World Metro Shore City;Four Square Lancaster,4,16,27628.98,07:40:28
Mon_01680,Four Square Eden Terrace;Four Square Lancaster;Four Square Fair Price Henderson;Four Square Glen Eden;Four Square Ellerslie,5,16,27678.46,07:41:18
Mon_01681,New World Southmall;New World New Lynn;Four Square Cockle Bay,3,16,27687.11,07:41:27
Mon_01682,Pak 'n Save Mt Albert;Four Square Torbay;Four Square Cockle Bay,3,16,27705.95,07:41:45
Mon_01683,New World Devonport;Pak 'n Save Lincoln Road;Four Square Pakuranga Heights,3,16,27715.35,07:41:55
Mon_01684,New World Metro Shore City;Four Square Pakuranga Heights;Four Square Fair Price Henderson;New World Remuera,4,16,27825.12,07:43:45
Mon_01685,Four Square Onehunga;New World Green Bay;Four Square Cockle Bay;Four Square Pakuranga Heights;New World Metro Shore City,5,16,27833.38,07:43:53
Mon_01686,Pak 'n Save Ormiston;Four Square Lancaster;Four Square Pakuranga Heights,3,16,27838.92,07:43:58
Mon_01687,New World New Lynn;Four Square Fair Price Henderson;Four Square Pakuranga Heights;Four Square Botany Junction;New World Metro Shore City,5,16,27860.05,07:44:20
Mon_01688,New World Eastridge;Four Square Glen Eden;Four Square Ellerslie;New World Metro Shore City,4,16,27886.31,07:44:46
Mon_01689,Four Square Ellerslie;New World Milford;Four Square Torbay;Four Square Pakuranga Heights,4,16,27985.19,07:46:25
Mon_01690,New World Green Bay;Four Square Torbay;Four Square Glen Eden;Four Square Britomart,4,16,28126.09,07:48:46
Mon_01691,New World Milford;Four Square Botany Junction;Four Square St Heliers;Four Square Pakuranga Heights,4,16,28244.77,07:50:44
Mon_01692,Pak 'n Save Mt Albert;Four Square Cockle Bay;New World Metro Shore City;Four Square Pakuranga Heights,4,16,28428.41,07:53:48
Mon_01693,New World Howick;New World Devonport;Four Square Botany Junction,3,16,28451.12,07:54:11
Mon_01694,New World Eastridge;New World Metro Shore City;Four Square Hobsonville;Four Square Pakuranga Heights,4,16,28488.7,07:54:48
Mon_01695,New World Papakura;Four Square Glen Eden;Four Square Cockle Bay,3,15,28507.55,07:55:07
Mon_01696,Four Square Torbay;Pak 'n Save Papakura;New World Metro Shore City,3,15,28610.2,07:56:50
Mon_01697,Four Square Cockle Bay;New World Howick;Four Square Hobsonville;Four Square Pakuranga Heights,4,16,28631.94,07:57:11
Mon_01698,Four Square Britomart;New World Metro Queen St;Four Square Torbay;Four Square Glen Eden;New World Metro Shore City,5,16,28819.56,08:00:19
Mon_01699,New World Papatoetoe;Four Square Hobsonville;Four Square Pakuranga Heights;New World Metro Shore City,4,16,28865.12,08:01:05
Mon_01700,Four Square Eden Terrace;Four Square Remuera;Four Square Torbay;Four Square Cockle Bay;Four Square Pakuranga Heights,5,16,28946.99,08:02:26
Mon_01701,Four Square Torbay;New World Mt Roskill;Four Square Pakuranga Heights;Four Square Cockle Bay,4,16,28991.79,08:03:11
Mon_01702,Four Square Remuera;Four Square Pakuranga Heights;Four Square Hobsonville;Four Square Onehunga;Four Square Cockle Bay,5,15,29012.62,08:03:32
Mon_01703,Pak 'n Save Papakura;Four Square Glen Eden;Four Square Torbay,3,16,29041.68,08:04:01
Mon_01704,New World Long Bay;Four Square Torbay;Four Square Glen Eden;Four Square Pakuranga Heights,4,16,29106.32,08:05:06
Mon_01705,Four Square Remuera;New World Papakura;New World Metro Shore City;Four Square Pakuranga Heights,4,16,29169.68,08:06:09
Mon_01706,Four Square Glen Eden;Four Square Ellerslie;Four Square St Heliers;Four Square Fair Price Henderson;Four Square Botany Junction,5,16,29215.04,08:06:55
Mon_01707,New World Browns Bay;Four Square Britomart;Four Square Glen Eden;Four Square Pakuranga Heights,4,16,29267.45,08:07:47
Mon_01708,Four Square St Heliers;Four Square Ellerslie;Four Square Cockle Bay;Four Square Glen Eden;Four Square Britomart,5,16,29368.81,08:09:28
Mon_01709,New World Howick;Four Square St Heliers;Four Square Glen Eden;Four Square Pakuranga Heights,4,16,29519.09,08:11:59
Mon_01710,Four Square Botany Junction;New World Browns Bay;Four Square Fair Price Henderson;Four Square Pakuranga Heights,4,16,29918.09,08:18:38
Mon_01711,New World Albany;Four Square Glen Eden;New World Metro Shore City;Four Square Pakuranga Heights,4,16,30017.57,08:20:17
Mon_01712,Pak 'n Save Papakura;Four Square Fair Price Henderson;New World Metro Shore City;Four Square Pakuranga Heights,4,16,30020.79,08:20:20
Mon_01713,New World Howick;Four Square Britomart;Four Square Glen Eden;Four Square Cockle Bay,4,16,30276.86,08:24:36
Mon_01714,New World Devonport;Four Square Fair Price Henderson;Four Square Pakuranga Heights;Four Square Britomart;New World Metro Shore City,5,16,30669.9,08:31:09
Mon_01715,New World Hobsonville;Four Square Cockle Bay;Four Square Glen Eden;New World Metro Shore City,4,16,30783.08,08:33:03
Mon_01716,New World Devonport;Four Square Onehunga;Four Square Glen Eden;New World Metro Shore City;Four Square Pakuranga Heights,5,16,31619.54,08:46:59
