RouteID,Weekday,Stores,Pallets,DriveMin,UnloadMin,TotalMin,BaseCost,OvertimeMin,OvertimeCost,TotalCost,NStops
Fri_00001,Friday,Four Square Ellerslie,2,56.7,36,92.7,339.8,0.0,0.0,339.8,1
Fri_00002,Friday,Four Square Glen Eden,3,42.8,54,96.8,354.77,0.0,0.0,354.77,1
Fri_00003,Friday,Four Square Onehunga,4,25.9,72,97.9,358.99,0.0,0.0,358.99,1
Fri_00004,Friday,Four Square Fair Price Henderson,3,54.2,54,108.2,396.8,0.0,0.0,396.8,1
Fri_00005,Friday,Four Square Eden Terrace,4,39.5,72,111.5,408.99,0.0,0.0,408.99,1
Fri_00006,Friday,Four Square Hobsonville,3,61.9,54,115.9,424.94,0.0,0.0,424.94,1
Fri_00007,Friday,New World Metro Queen St,4,47.6,72,119.6,438.37,0.0,0.0,438.37,1
Fri_00008,Friday,Four Square Britomart,4,48.7,72,120.7,442.72,0.0,0.0,442.72,1
Fri_00009,Friday,New World Metro Shore City,3,68.9,54,122.9,450.71,0.0,0.0,450.71,1
Fri_00010,Friday,Four Square Remuera,4,56.8,72,128.8,472.32,0.0,0.0,472.32,1
Fri_00011,Friday,Four Square Botany Junction,4,67.3,72,139.3,510.95,0.0,0.0,510.95,1
Fri_00012,Friday,New World Point Chevalier,6,34.7,108,142.7,523.37,0.0,0.0,523.37,1
Fri_00013,Friday,Four Square Pakuranga Heights,4,71.4,72,143.4,525.68,0.0,0.0,525.68,1
Fri_00014,Friday,New World Mt Albert,7,24.2,126,150.2,550.84,0.0,0.0,550.84,1
Fri_00015,Friday,New World Mt Roskill,8,6.5,144,150.5,552.0,0.0,0.0,552.0,1
Fri_00016,Friday,Four Square St Heliers,4,80.0,72,152.0,557.2,0.0,0.0,557.2,1
Fri_00017,Friday,Four Square Lancaster,4,80.8,72,152.8,560.13,0.0,0.0,560.13,1
Fri_00018,Friday,"Four Square Ellerslie,Four Square Onehunga",6,50.7,108,158.7,581.96,0.0,0.0,581.96,2
Fri_00019,Friday,Four Square Cockle Bay,4,91.8,72,163.8,600.43,0.0,0.0,600.43,1
Fri_00020,Friday,"Four Square Ellerslie,Four Square Remuera",6,60.3,108,168.3,617.02,0.0,0.0,617.02,2
Fri_00021,Friday,"Four Square Ellerslie,Four Square Eden Terrace",6,60.3,108,168.3,617.08,0.0,0.0,617.08,2
Fri_00022,Friday,New World New Lynn,8,27.7,144,171.7,629.55,0.0,0.0,629.55,1
Fri_00023,Friday,"Four Square Glen Eden,Four Square Fair Price Henderson",6,66.4,108,174.4,639.32,0.0,0.0,639.32,2
Fri_00024,Friday,"Four Square Ellerslie,New World Metro Queen St",6,67.5,108,175.5,643.54,0.0,0.0,643.54,2
Fri_00025,Friday,Four Square Torbay,4,104.3,72,176.3,646.34,0.0,0.0,646.34,1
Fri_00026,Friday,"Four Square Ellerslie,Four Square Glen Eden",5,86.4,90,176.4,646.78,0.0,0.0,646.78,2
Fri_00027,Friday,New World Papatoetoe,7,50.8,126,176.8,648.14,0.0,0.0,648.14,1
Fri_00028,Friday,"Four Square Britomart,Four Square Ellerslie",6,68.9,108,176.9,648.69,0.0,0.0,648.69,2
Fri_00029,Friday,"Four Square Fair Price Henderson,Four Square Ellerslie",5,87.4,90,177.4,650.58,0.0,0.0,650.58,2
Fri_00030,Friday,"New World Metro Shore City,Four Square Ellerslie",5,89.6,90,179.6,658.57,0.0,0.0,658.57,2
Fri_00031,Friday,"Four Square Fair Price Henderson,Four Square Hobsonville",6,75.2,108,183.2,671.74,0.0,0.0,671.74,2
Fri_00032,Friday,"Four Square Hobsonville,Four Square Ellerslie",5,95.1,90,185.1,678.72,0.0,0.0,678.72,2
Fri_00033,Friday,"Four Square Pakuranga Heights,Four Square Ellerslie",6,78.2,108,186.2,682.91,0.0,0.0,682.91,2
Fri_00034,Friday,"Four Square Onehunga,Four Square Glen Eden",7,62.0,126,188.0,689.46,0.0,0.0,689.46,2
Fri_00035,Friday,New World Southmall,7,63.2,126,189.2,693.85,0.0,0.0,693.85,1
Fri_00036,Friday,"Four Square Ellerslie,Four Square St Heliers",6,81.4,108,189.4,694.55,0.0,0.0,694.55,2
Fri_00037,Friday,"Four Square Glen Eden,Four Square Hobsonville",6,82.4,108,190.4,698.18,0.0,0.0,698.18,2
Fri_00038,Friday,New World Victoria Park,8,46.5,144,190.5,698.58,0.0,0.0,698.58,1
Fri_00039,Friday,New World Green Bay,9,28.8,162,190.8,699.45,0.0,0.0,699.45,1
Fri_00040,Friday,"Four Square Onehunga,Four Square Eden Terrace",8,47.2,144,191.2,701.04,0.0,0.0,701.04,2
Fri_00041,Friday,"Four Square Ellerslie,Four Square Botany Junction",6,83.5,108,191.5,702.04,0.0,0.0,702.04,2
Fri_00042,Friday,"Four Square Britomart,New World Metro Queen St",8,49.8,144,193.8,710.72,0.0,0.0,710.72,2
Fri_00043,Friday,"Four Square Onehunga,Four Square Fair Price Henderson",7,69.2,126,195.2,715.68,0.0,0.0,715.68,2
Fri_00044,Friday,"Four Square Eden Terrace,New World Metro Queen St",8,51.3,144,195.3,715.93,0.0,0.0,715.93,2
Fri_00045,Friday,New World Eastridge,7,69.3,126,195.3,715.94,0.0,0.0,715.94,1
Fri_00046,Friday,"Four Square Eden Terrace,Four Square Glen Eden",7,69.3,126,195.3,715.97,0.0,0.0,715.97,2
Fri_00047,Friday,"Four Square Fair Price Henderson,Four Square Eden Terrace",7,70.3,126,196.3,719.77,0.0,0.0,719.77,2
Fri_00048,Friday,"Four Square Onehunga,Four Square Remuera",8,53.2,144,197.2,723.02,0.0,0.0,723.02,2
Fri_00049,Friday,"Four Square Britomart,Four Square Eden Terrace",8,53.6,144,197.6,724.37,0.0,0.0,724.37,2
Fri_00050,Friday,New World Remuera,8,53.8,144,197.8,725.41,0.0,0.0,725.41,1
Fri_00051,Friday,"Four Square Onehunga,New World Metro Queen St",8,54.4,144,198.4,727.5,0.0,0.0,727.5,2
Fri_00052,Friday,"Four Square Hobsonville,New World Metro Shore City",6,91.4,108,199.4,731.29,0.0,0.0,731.29,2
Fri_00053,Friday,"Four Square Onehunga,Four Square Britomart",8,56.3,144,200.3,734.28,0.0,0.0,734.28,2
Fri_00054,Friday,"Four Square Onehunga,Four Square Hobsonville",7,76.9,126,202.9,743.81,0.0,0.0,743.81,2
Fri_00055,Friday,"New World Metro Queen St,Four Square Glen Eden",7,77.3,126,203.3,745.35,0.0,0.0,745.35,2
Fri_00056,Friday,"New World Metro Shore City,New World Metro Queen St",7,77.4,126,203.4,745.94,0.0,0.0,745.94,2
Fri_00057,Friday,"Four Square Onehunga,New World Metro Shore City",7,77.6,126,203.6,746.36,0.0,0.0,746.36,2
Fri_00058,Friday,"Four Square Hobsonville,Four Square Eden Terrace",7,78.0,126,204.0,747.91,0.0,0.0,747.91,2
Fri_00059,Friday,"Four Square Fair Price Henderson,New World Metro Queen St",7,78.3,126,204.3,749.15,0.0,0.0,749.15,2
Fri_00060,Friday,"Four Square Remuera,Four Square Eden Terrace",8,60.4,144,204.4,749.59,0.0,0.0,749.59,2
Fri_00061,Friday,"Four Square Britomart,New World Metro Shore City",7,78.4,126,204.4,749.62,0.0,0.0,749.62,2
Fri_00062,Friday,"Four Square Britomart,Four Square Glen Eden",7,78.5,126,204.5,749.69,0.0,0.0,749.69,2
Fri_00063,Friday,"New World Metro Shore City,Four Square Eden Terrace",7,78.6,126,204.6,750.25,0.0,0.0,750.25,2
Fri_00064,Friday,New World Hobsonville,8,61.5,144,205.5,753.49,0.0,0.0,753.49,1
Fri_00065,Friday,"Four Square Fair Price Henderson,Four Square Britomart",7,79.5,126,205.5,753.5,0.0,0.0,753.5,2
Fri_00066,Friday,"Four Square Fair Price Henderson,New World Metro Shore City",6,98.4,108,206.4,756.68,0.0,0.0,756.68,2
Fri_00067,Friday,"Four Square Cockle Bay,Four Square Ellerslie",6,98.6,108,206.6,757.66,0.0,0.0,757.66,2
Fri_00068,Friday,"New World Metro Shore City,Four Square Glen Eden",6,98.6,108,206.6,757.69,0.0,0.0,757.69,2
Fri_00069,Friday,"Four Square Ellerslie,New World Point Chevalier",8,63.2,144,207.2,759.69,0.0,0.0,759.69,2
Fri_00070,Friday,New World Newmarket,9,45.6,162,207.6,761.13,0.0,0.0,761.13,1
Fri_00071,Friday,"Four Square Lancaster,Four Square Ellerslie",6,101.5,108,209.5,768.0,0.0,0.0,768.0,2
Fri_00072,Friday,New World Stonefields,8,65.5,144,209.5,768.25,0.0,0.0,768.25,1
Fri_00073,Friday,"Four Square Pakuranga Heights,Four Square Onehunga",8,66.1,144,210.1,770.0,0.1,0.74,770.74,2
Fri_00074,Friday,"Four Square Remuera,New World Metro Queen St",8,67.7,144,211.7,770.0,1.7,8.53,778.53,2
Fri_00075,Friday,"Four Square Hobsonville,New World Metro Queen St",7,86.0,126,212.0,770.0,2.0,10.27,780.27,2
Fri_00076,Friday,"Four Square Remuera,Four Square Glen Eden",7,86.5,126,212.5,770.0,2.5,13.1,783.1,2
Fri_00077,Friday,"Four Square Britomart,Four Square Remuera",8,69.1,144,213.1,770.0,3.1,15.78,785.78,2
Fri_00078,Friday,"Four Square Hobsonville,Four Square Britomart",7,87.2,126,213.2,770.0,3.2,16.39,786.39,2
Fri_00079,Friday,"Four Square Fair Price Henderson,Four Square Remuera",7,87.6,126,213.6,770.0,3.6,18.45,788.45,2
Fri_00080,Friday,"New World Metro Shore City,Four Square Remuera",7,89.8,126,215.8,770.0,5.8,29.71,799.71,2
Fri_00081,Friday,New World Ormiston,8,72.3,144,216.3,770.0,6.3,32.43,802.43,1
Fri_00082,Friday,New World Devonport,7,91.8,126,217.8,770.0,7.8,40.3,810.3,1
Fri_00083,Friday,"Four Square Onehunga,Four Square Botany Junction",8,74.5,144,218.5,770.0,8.5,44.03,814.03,2
Fri_00084,Friday,Pak 'n Save Mangere,10,38.7,180,218.7,770.0,8.7,44.74,814.74,1
Fri_00085,Friday,"Four Square Lancaster,New World Metro Shore City",7,92.8,126,218.8,770.0,8.8,45.54,815.54,2
Fri_00086,Friday,"Four Square Pakuranga Heights,Four Square Eden Terrace",8,75.0,144,219.0,770.0,9.0,46.44,816.44,2
Fri_00087,Friday,"Four Square Onehunga,Four Square St Heliers",8,75.2,144,219.2,770.0,9.2,47.3,817.3,2
Fri_00088,Friday,"Four Square Glen Eden,New World Point Chevalier",9,59.2,162,221.2,770.0,11.2,58.05,828.05,2
Fri_00089,Friday,"Four Square Hobsonville,Four Square Remuera",7,95.2,126,221.2,770.0,11.2,58.1,828.1,2
Fri_00090,Friday,"Four Square Ellerslie,New World Mt Albert",9,59.4,162,221.4,770.0,11.4,58.71,828.71,2
Fri_00091,Friday,"Four Square Lancaster,Four Square Hobsonville",7,96.0,126,222.0,770.0,12.0,61.78,831.78,2
Fri_00092,Friday,"Four Square Pakuranga Heights,Four Square Botany Junction",8,78.8,144,222.8,770.0,12.8,66.18,836.18,2
Fri_00093,Friday,New World Botany,8,79.9,144,223.9,770.0,13.9,71.62,841.62,1
Fri_00094,Friday,"Four Square Fair Price Henderson,New World Point Chevalier",9,62.1,162,224.1,770.0,14.1,72.85,842.85,2
Fri_00095,Friday,"Four Square Remuera,Four Square St Heliers",8,80.6,144,224.6,770.0,14.6,75.18,845.18,2
Fri_00096,Friday,New World Papakura,8,80.6,144,224.6,770.0,14.6,75.57,845.57,1
Fri_00097,Friday,"Four Square Pakuranga Heights,Four Square Remuera",8,81.5,144,225.5,770.0,15.5,79.85,849.85,2
Fri_00098,Friday,"Four Square Eden Terrace,New World Point Chevalier",10,46.1,180,226.1,770.0,16.1,82.96,852.96,2
Fri_00099,Friday,"Four Square Pakuranga Heights,New World Metro Queen St",8,82.2,144,226.2,770.0,16.2,83.73,853.73,2
Fri_00100,Friday,"Four Square Botany Junction,Four Square Eden Terrace",8,82.6,144,226.6,770.0,16.6,85.98,855.98,2
Fri_00101,Friday,"Four Square Britomart,Four Square St Heliers",8,82.7,144,226.7,770.0,16.7,86.19,856.19,2
Fri_00102,Friday,"Four Square Pakuranga Heights,Four Square Glen Eden",7,101.1,126,227.1,770.0,17.1,88.29,858.29,2
Fri_00103,Friday,"New World Metro Queen St,Four Square St Heliers",8,83.5,144,227.5,770.0,17.5,90.63,860.63,2
Fri_00104,Friday,"Four Square Pakuranga Heights,Four Square Britomart",8,84.1,144,228.1,770.0,18.1,93.28,863.28,2
Fri_00105,Friday,"Four Square Eden Terrace,Four Square St Heliers",8,84.5,144,228.5,770.0,18.5,95.57,865.57,2
Fri_00106,Friday,New World Long Bay,7,102.6,126,228.6,770.0,18.6,96.18,866.18,1
Fri_00107,Friday,"Four Square Pakuranga Heights,Four Square Fair Price Henderson",7,103.0,126,229.0,770.0,19.0,97.93,867.93,2
Fri_00108,Friday,"Four Square Onehunga,New World Point Chevalier",10,49.7,180,229.7,770.0,19.7,101.8,871.8,2
Fri_00109,Friday,New World Howick,8,85.8,144,229.8,770.0,19.8,102.46,872.46,1
Fri_00110,Friday,"Four Square Torbay,Four Square Ellerslie",6,122.0,108,230.0,770.0,20.0,103.21,873.21,2
Fri_00111,Friday,"Four Square Fair Price Henderson,Four Square Lancaster",7,104.5,126,230.5,770.0,20.5,106.04,876.04,2
Fri_00112,Friday,"Four Square Cockle Bay,Four Square Onehunga",8,86.5,144,230.5,770.0,20.5,106.07,876.07,2
Fri_00113,Friday,"Four Square Pakuranga Heights,New World Metro Shore City",7,105.3,126,231.3,770.0,21.3,110.3,880.3,2
Fri_00114,Friday,"Four Square Hobsonville,New World Point Chevalier",9,69.8,162,231.8,770.0,21.8,112.5,882.5,2
Fri_00115,Friday,New World Birkenhead,9,70.4,162,232.4,770.0,22.4,115.89,885.89,1
Fri_00116,Friday,"Four Square Remuera,Four Square Botany Junction",8,88.5,144,232.5,770.0,22.5,116.1,886.1,2
Fri_00117,Friday,New World Albany,8,89.3,144,233.3,770.0,23.3,120.24,890.24,1
Fri_00118,Friday,"Four Square Lancaster,New World Metro Queen St",8,89.3,144,233.3,770.0,23.3,120.29,890.29,2
Fri_00119,Friday,"Four Square Onehunga,Four Square Lancaster",8,89.4,144,233.4,770.0,23.4,120.88,890.88,2
Fri_00120,Friday,"Four Square Botany Junction,New World Metro Queen St",8,89.9,144,233.9,770.0,23.9,123.27,893.27,2
Fri_00121,Friday,"New World Metro Queen St,New World Point Chevalier",10,54.1,180,234.1,770.0,24.1,124.37,894.37,2
Fri_00122,Friday,"New World Papatoetoe,Four Square Ellerslie",9,72.2,162,234.2,770.0,24.2,125.03,895.03,2
Fri_00123,Friday,"Four Square Britomart,Four Square Lancaster",8,90.3,144,234.3,770.0,24.3,125.47,895.47,2
Fri_00124,Friday,"Four Square Lancaster,Four Square Eden Terrace",8,90.5,144,234.5,770.0,24.5,126.37,896.37,2
Fri_00125,Friday,"Four Square Onehunga,Four Square Ellerslie,Four Square Remuera",10,55.0,180,235.0,770.0,25.0,129.22,899.22,3
Fri_00126,Friday,"Four Square Onehunga,Four Square Ellerslie,Four Square Eden Terrace",10,55.0,180,235.0,770.0,25.0,129.3,899.3,3
Fri_00127,Friday,"Four Square Cockle Bay,Four Square Botany Junction",8,91.1,144,235.1,770.0,25.1,129.69,899.69,2
Fri_00128,Friday,"Four Square Britomart,New World Point Chevalier",10,55.3,180,235.3,770.0,25.3,130.49,900.49,2
Fri_00129,Friday,"Four Square Glen Eden,New World Mt Albert",10,55.6,180,235.6,770.0,25.6,132.12,902.12,2
Fri_00130,Friday,Pak 'n Save Ormiston,9,73.6,162,235.6,770.0,25.6,132.37,902.37,1
Fri_00131,Friday,"Four Square St Heliers,Four Square Glen Eden",7,109.7,126,235.7,770.0,25.7,132.7,902.7,2
Fri_00132,Friday,"Four Square Botany Junction,Four Square Britomart",8,91.7,144,235.7,770.0,25.7,132.83,902.83,2
Fri_00133,Friday,"Four Square Torbay,Four Square Hobsonville",7,109.7,126,235.7,770.0,25.7,132.93,902.93,2
Fri_00134,Friday,Pak 'n Save Henderson,10,55.9,180,235.9,770.0,25.9,133.57,903.57,1
Fri_00135,Friday,"Four Square Pakuranga Heights,Four Square St Heliers",8,92.0,144,236.0,770.0,26.0,134.14,904.14,2
Fri_00136,Friday,"Four Square Fair Price Henderson,Four Square Botany Junction",7,110.2,126,236.2,770.0,26.2,135.54,905.54,2
Fri_00137,Friday,"Four Square Pakuranga Heights,Four Square Hobsonville",7,110.6,126,236.6,770.0,26.6,137.58,907.58,2
Fri_00138,Friday,"Four Square Fair Price Henderson,Four Square St Heliers",7,110.7,126,236.7,770.0,26.7,138.06,908.06,2
Fri_00139,Friday,"New World Metro Shore City,New World Point Chevalier",9,75.4,162,237.4,770.0,27.4,141.75,911.75,2
Fri_00140,Friday,New World Milford,9,75.5,162,237.5,770.0,27.5,141.84,911.84,1
Fri_00141,Friday,"Four Square Ellerslie,New World Eastridge",9,75.6,162,237.6,770.0,27.6,142.38,912.38,2
Fri_00142,Friday,Pak 'n Save Mt Albert,12,21.7,216,237.7,770.0,27.7,142.88,912.88,1
Fri_00143,Friday,"Four Square Glen Eden,Four Square Lancaster",7,111.7,126,237.7,770.0,27.7,143.3,913.3,2
Fri_00144,Friday,"New World Metro Shore City,Four Square Botany Junction",7,112.4,126,238.4,770.0,28.4,146.8,916.8,2
Fri_00145,Friday,"Four Square Torbay,New World Metro Shore City",7,112.5,126,238.5,770.0,28.5,147.44,917.44,2
Fri_00146,Friday,"New World Mt Albert,Four Square Eden Terrace",11,40.6,198,238.6,770.0,28.6,147.74,917.74,2
Fri_00147,Friday,"Four Square Cockle Bay,Four Square Pakuranga Heights",8,94.6,144,238.6,770.0,28.6,147.92,917.92,2
Fri_00148,Friday,"New World Metro Shore City,Four Square St Heliers",7,112.9,126,238.9,770.0,28.9,149.32,919.32,2
Fri_00149,Friday,"Four Square Cockle Bay,Four Square Eden Terrace",8,95.4,144,239.4,770.0,29.4,151.77,921.77,2
Fri_00150,Friday,New World Browns Bay,8,95.5,144,239.5,770.0,29.5,152.63,922.63,1
Fri_00151,Friday,"New World Mt Albert,Four Square Fair Price Henderson",10,60.8,180,240.8,770.0,30.8,159.15,929.15,2
Fri_00152,Friday,Pak 'n Save Highland Park,9,79.3,162,241.3,770.0,31.3,161.75,931.75,1
Fri_00153,Friday,"New World Metro Queen St,Four Square Ellerslie,Four Square Onehunga",10,61.8,180,241.8,770.0,31.8,164.17,934.17,3
Fri_00154,Friday,"Four Square Ellerslie,New World Remuera",10,62.0,180,242.0,770.0,32.0,165.22,935.22,2
Fri_00155,Friday,"Four Square Glen Eden,Four Square Ellerslie,Four Square Onehunga",9,80.6,162,242.6,770.0,32.6,168.49,938.49,3
Fri_00156,Friday,Pak 'n Save Royal Oak,12,26.9,216,242.9,770.0,32.9,169.94,939.94,1
Fri_00157,Friday,"Four Square Britomart,Four Square Ellerslie,Four Square Onehunga",10,63.0,180,243.0,770.0,33.0,170.28,940.28,3
Fri_00158,Friday,"Four Square Remuera,New World Point Chevalier",10,63.3,180,243.3,770.0,33.3,172.2,942.2,2
Fri_00159,Friday,"Four Square Fair Price Henderson,Four Square Ellerslie,Four Square Onehunga",9,81.5,162,243.5,770.0,33.5,172.96,942.96,3
Fri_00160,Friday,"Four Square Glen Eden,Four Square Fair Price Henderson,Four Square Ellerslie",8,99.6,144,243.6,770.0,33.6,173.46,943.46,3
Fri_00161,Friday,"Four Square Fair Price Henderson,Four Square Torbay",7,117.6,126,243.6,770.0,33.6,173.52,943.52,2
Fri_00162,Friday,"Four Square Glen Eden,New World New Lynn",11,45.7,198,243.7,770.0,33.7,174.31,944.31,2
Fri_00163,Friday,"Four Square Ellerslie,Four Square Remuera,Four Square Eden Terrace",10,63.9,180,243.9,770.0,33.9,175.15,945.15,3
Fri_00164,Friday,"Four Square Hobsonville,Four Square St Heliers",7,118.4,126,244.4,770.0,34.4,177.71,947.71,2
Fri_00165,Friday,"Four Square Ellerslie,New World Southmall",9,83.0,162,245.0,770.0,35.0,180.98,950.98,2
Fri_00166,Friday,Pak 'n Save Lincoln Road,11,47.4,198,245.4,770.0,35.4,182.72,952.72,1
Fri_00167,Friday,"Four Square Lancaster,Four Square Remuera",8,101.6,144,245.6,770.0,35.6,183.9,953.9,2
Fri_00168,Friday,"New World Metro Shore City,Four Square Ellerslie,Four Square Onehunga",9,83.7,162,245.7,770.0,35.7,184.21,954.21,3
Fri_00169,Friday,"Four Square Cockle Bay,Four Square Remuera",8,101.8,144,245.8,770.0,35.8,185.18,955.18,2
Fri_00170,Friday,"Four Square Cockle Bay,New World Metro Queen St",8,102.6,144,246.6,770.0,36.6,189.06,959.06,2
Fri_00171,Friday,"Four Square Ellerslie,New World Stonefields",10,67.0,180,247.0,770.0,37.0,191.07,961.07,2
Fri_00172,Friday,"New World Metro Queen St,New World Mt Albert",11,50.2,198,248.2,770.0,38.2,197.6,967.6,2
Fri_00173,Friday,"Four Square Cockle Bay,Four Square Britomart",8,104.4,144,248.4,770.0,38.4,198.61,968.61,2
Fri_00174,Friday,"New World Mt Albert,Four Square Hobsonville",10,68.5,180,248.5,770.0,38.5,198.8,968.8,2
Fri_00175,Friday,"Four Square Ellerslie,New World Victoria Park",10,68.5,180,248.5,770.0,38.5,198.94,968.94,2
Fri_00176,Friday,"Four Square Cockle Bay,Four Square Fair Price Henderson",7,123.3,126,249.3,770.0,39.3,203.26,973.26,2
Fri_00177,Friday,"Four Square Glen Eden,Four Square Fair Price Henderson,Four Square Hobsonville",9,87.3,162,249.3,770.0,39.3,203.27,973.27,3
Fri_00178,Friday,"Four Square Britomart,New World Mt Albert",11,51.4,198,249.4,770.0,39.4,203.72,973.72,2
Fri_00179,Friday,"Four Square Britomart,New World Metro Queen St,Four Square Ellerslie",10,70.0,180,250.0,770.0,40.0,206.7,976.7,3
Fri_00180,Friday,"Four Square Glen Eden,Four Square Torbay",7,124.8,126,250.8,770.0,40.8,210.78,980.78,2
Fri_00181,Friday,"Four Square Botany Junction,Four Square St Heliers",8,107.1,144,251.1,770.0,41.1,212.42,982.42,2
Fri_00182,Friday,"Four Square Ellerslie,Four Square Remuera,New World Metro Queen St",10,71.1,180,251.1,770.0,41.1,212.44,982.44,3
Fri_00183,Friday,"Four Square Hobsonville,Four Square Ellerslie,Four Square Onehunga",9,89.1,162,251.1,770.0,41.1,212.6,982.6,3
Fri_00184,Friday,"Four Square Ellerslie,New World Metro Queen St,Four Square Eden Terrace",10,71.2,180,251.2,770.0,41.2,213.06,983.06,3
Fri_00185,Friday,Pak 'n Save Wairau Road,10,71.3,180,251.3,770.0,41.3,213.64,983.64,1
Fri_00186,Friday,"New World Metro Shore City,New World Mt Albert",10,71.6,180,251.6,770.0,41.6,214.98,984.98,2
Fri_00187,Friday,"Four Square Cockle Bay,New World Metro Shore City",7,125.7,126,251.7,770.0,41.7,215.63,985.63,2
Fri_00188,Friday,"Four Square Ellerslie,Four Square Remuera,Four Square Glen Eden",9,90.0,162,252.0,770.0,42.0,217.0,987.0,3
Fri_00189,Friday,"Four Square Ellerslie,Four Square Eden Terrace,Four Square Glen Eden",9,90.0,162,252.0,770.0,42.0,217.08,987.08,3
Fri_00190,Friday,"Four Square Pakuranga Heights,Four Square Ellerslie,Four Square Onehunga",10,72.3,180,252.3,770.0,42.3,218.5,988.5,3
Fri_00191,Friday,"Four Square Fair Price Henderson,Four Square Hobsonville,Four Square Ellerslie",8,108.4,144,252.4,770.0,42.4,219.14,989.14,3
Fri_00192,Friday,"Four Square Britomart,Four Square Ellerslie,Four Square Remuera",10,72.5,180,252.5,770.0,42.5,219.69,989.69,3
Fri_00193,Friday,"Four Square Britomart,Four Square Ellerslie,Four Square Eden Terrace",10,72.5,180,252.5,770.0,42.5,219.77,989.77,3
Fri_00194,Friday,"Four Square Fair Price Henderson,Four Square Ellerslie,Four Square Remuera",9,91.0,162,253.0,770.0,43.0,222.36,992.36,3
Fri_00195,Friday,"Four Square Fair Price Henderson,Four Square Ellerslie,Four Square Eden Terrace",9,91.1,162,253.1,770.0,43.1,222.44,992.44,3
Fri_00196,Friday,"Four Square Torbay,New World Metro Queen St",8,109.8,144,253.8,770.0,43.8,226.32,996.32,2
Fri_00197,Friday,Pak 'n Save Manukau,11,55.9,198,253.9,770.0,43.9,227.05,997.05,1
Fri_00198,Friday,"Four Square Torbay,Four Square Britomart",8,110.8,144,254.8,770.0,44.8,231.55,1001.55,2
Fri_00199,Friday,"Four Square Torbay,Four Square Eden Terrace",8,111.0,144,255.0,770.0,45.0,232.39,1002.39,2
Fri_00200,Friday,"New World Metro Shore City,Four Square Ellerslie,Four Square Remuera",9,93.2,162,255.2,770.0,45.2,233.62,1003.62,3
Fri_00201,Friday,"New World Metro Shore City,Four Square Ellerslie,Four Square Eden Terrace",9,93.2,162,255.2,770.0,45.2,233.7,1003.7,3
Fri_00202,Friday,"Four Square Torbay,Four Square Onehunga",8,111.4,144,255.4,770.0,45.4,234.7,1004.7,2
Fri_00203,Friday,"Four Square Hobsonville,New World Metro Shore City,Four Square Ellerslie",8,112.1,144,256.1,770.0,46.1,238.36,1008.36,3
Fri_00204,Friday,"Four Square Onehunga,Four Square Ellerslie,Four Square St Heliers",10,76.2,180,256.2,770.0,46.2,238.46,1008.46,3
Fri_00205,Friday,"Four Square Cockle Bay,Four Square St Heliers",8,112.2,144,256.2,770.0,46.2,238.69,1008.69,2
Fri_00206,Friday,"Four Square Cockle Bay,Four Square Hobsonville",7,131.0,126,257.0,770.0,47.0,242.91,1012.91,2
Fri_00207,Friday,"Four Square Remuera,New World Mt Albert",11,59.5,198,257.5,770.0,47.5,245.43,1015.43,2
Fri_00208,Friday,Pak 'n Save Papakura,10,77.9,180,257.9,770.0,47.9,247.28,1017.28,1
Fri_00209,Friday,"Four Square Pakuranga Heights,New World Point Chevalier",10,77.9,180,257.9,770.0,47.9,247.39,1017.39,2
Fri_00210,Friday,"Four Square Onehunga,Four Square Ellerslie,Four Square Botany Junction",10,78.2,180,258.2,770.0,48.2,249.01,1019.01,3
Fri_00211,Friday,"New World Newmarket,Four Square Ellerslie",11,60.4,198,258.4,770.0,48.4,249.84,1019.84,2
Fri_00212,Friday,"Four Square Ellerslie,New World Metro Queen St,Four Square Glen Eden",9,97.2,162,259.2,770.0,49.2,254.37,1024.37,3
Fri_00213,Friday,"New World Metro Shore City,New World Metro Queen St,Four Square Ellerslie",9,97.6,162,259.6,770.0,49.6,256.34,1026.34,3
Fri_00214,Friday,"Four Square Glen Eden,Four Square Hobsonville,Four Square Ellerslie",8,115.6,144,259.6,770.0,49.6,256.4,1026.4,3
Fri_00215,Friday,"Four Square Fair Price Henderson,Four Square Ellerslie,New World Metro Queen St",9,98.3,162,260.3,770.0,50.3,259.73,1029.73,3
Fri_00216,Friday,"New World Metro Shore City,Four Square Britomart,Four Square Ellerslie",9,98.6,162,260.6,770.0,50.6,261.57,1031.57,3
Fri_00217,Friday,"Four Square Britomart,Four Square Ellerslie,Four Square Glen Eden",9,98.6,162,260.6,770.0,50.6,261.62,1031.62,3
Fri_00218,Friday,"Four Square Hobsonville,Four Square Ellerslie,Four Square Remuera",9,98.7,162,260.7,770.0,50.7,262.01,1032.01,3
Fri_00219,Friday,"Four Square Hobsonville,Four Square Ellerslie,Four Square Eden Terrace",9,98.7,162,260.7,770.0,50.7,262.09,1032.09,3
Fri_00220,Friday,"New World Hobsonville,Four Square Hobsonville",11,62.9,198,260.9,770.0,50.9,262.81,1032.81,2
Fri_00221,Friday,"Four Square Pakuranga Heights,Four Square Lancaster",8,117.2,144,261.2,770.0,51.2,264.49,1034.49,2
Fri_00222,Friday,"Four Square Glen Eden,New World Green Bay",12,45.4,216,261.4,770.0,51.4,265.75,1035.75,2
Fri_00223,Friday,Pak 'n Save Clendon,11,63.5,198,261.5,770.0,51.5,265.85,1035.85,1
Fri_00224,Friday,"Four Square Onehunga,Four Square Fair Price Henderson,Four Square Glen Eden",10,81.5,180,261.5,770.0,51.5,266.25,1036.25,3
Fri_00225,Friday,"Four Square Fair Price Henderson,Four Square Britomart,Four Square Ellerslie",9,99.7,162,261.7,770.0,51.7,266.98,1036.98,3
Fri_00226,Friday,"Four Square Pakuranga Heights,Four Square Ellerslie,Four Square Remuera",10,81.9,180,261.9,770.0,51.9,267.9,1037.9,3
Fri_00227,Friday,"Four Square Pakuranga Heights,Four Square Ellerslie,Four Square Eden Terrace",10,81.9,180,261.9,770.0,51.9,267.98,1037.98,3
Fri_00228,Friday,Pak 'n Save Botany,10,82.3,180,262.3,770.0,52.3,270.17,1040.17,1
Fri_00229,Friday,"Four Square Glen Eden,Four Square Fair Price Henderson,Four Square Eden Terrace",10,82.4,180,262.4,770.0,52.4,270.95,1040.95,3
Fri_00230,Friday,"Four Square Fair Price Henderson,New World Metro Shore City,Four Square Ellerslie",8,119.1,144,263.1,770.0,53.1,274.13,1044.13,3
Fri_00231,Friday,"New World Metro Shore City,Four Square Ellerslie,Four Square Glen Eden",8,119.3,144,263.3,770.0,53.3,275.55,1045.55,3
Fri_00232,Friday,Pak 'n Save Sylvia Park,11,65.5,198,263.5,770.0,53.5,276.38,1046.38,1
Fri_00233,Friday,"Four Square Ellerslie,Four Square Remuera,Four Square St Heliers",10,84.0,180,264.0,770.0,54.0,279.08,1049.08,3
Fri_00234,Friday,"Four Square Onehunga,New World Eastridge",11,66.2,198,264.2,770.0,54.2,280.17,1050.17,2
Fri_00235,Friday,"Four Square Eden Terrace,Four Square Ellerslie,Four Square St Heliers",10,86.0,180,266.0,770.0,56.0,289.11,1059.11,3
Fri_00236,Friday,"Four Square Lancaster,Four Square Torbay",8,122.0,144,266.0,770.0,56.0,289.14,1059.14,2
Fri_00237,Friday,"Four Square Torbay,Four Square Remuera",8,122.1,144,266.1,770.0,56.1,289.93,1059.93,2
Fri_00238,Friday,"Four Square St Heliers,New World Point Chevalier",10,86.5,180,266.5,770.0,56.5,291.8,1061.8,2
Fri_00239,Friday,"Four Square Fair Price Henderson,Four Square Hobsonville,New World Metro Shore City",9,104.8,162,266.8,770.0,56.8,293.22,1063.22,3
Fri_00240,Friday,"Four Square Lancaster,New World Point Chevalier",10,87.3,180,267.3,770.0,57.3,295.94,1065.94,2
Fri_00241,Friday,"Four Square Onehunga,New World Remuera",12,51.3,216,267.3,770.0,57.3,296.27,1066.27,2
Fri_00242,Friday,"Four Square Ellerslie,Four Square St Heliers,Four Square Britomart",10,87.6,180,267.6,770.0,57.6,297.51,1067.51,3
Fri_00243,Friday,Pak 'n Save Albany,10,87.7,180,267.7,770.0,57.7,297.94,1067.94,1
Fri_00244,Friday,"New World Victoria Park,Four Square Eden Terrace",12,51.7,216,267.7,770.0,57.7,298.18,1068.18,2
Fri_00245,Friday,"Four Square Ellerslie,Four Square St Heliers,New World Metro Queen St",10,87.9,180,267.9,770.0,57.9,299.25,1069.25,3
Fri_00246,Friday,"Four Square Hobsonville,Four Square Ellerslie,New World Metro Queen St",9,105.9,162,267.9,770.0,57.9,299.37,1069.37,3
Fri_00247,Friday,"Four Square Eden Terrace,Four Square Ellerslie,Four Square Botany Junction",10,88.0,180,268.0,770.0,58.0,299.66,1069.66,3
Fri_00248,Friday,"New World Victoria Park,New World Metro Queen St",12,52.1,216,268.1,770.0,58.1,300.29,1070.29,2
Fri_00249,Friday,"Four Square Lancaster,Four Square Botany Junction",8,124.3,144,268.3,770.0,58.3,300.99,1070.99,2
Fri_00250,Friday,"Four Square Ellerslie,New World Ormiston",10,88.4,180,268.4,770.0,58.4,301.69,1071.69,2
Fri_00251,Friday,"New World Papatoetoe,Four Square Botany Junction",11,70.4,198,268.4,770.0,58.4,301.96,1071.96,2
Fri_00252,Friday,"Four Square Lancaster,Four Square St Heliers",8,124.7,144,268.7,770.0,58.7,303.51,1073.51,2
Fri_00253,Friday,"Four Square Pakuranga Heights,Four Square Ellerslie,New World Metro Queen St",10,89.1,180,269.1,770.0,59.1,305.27,1075.27,3
Fri_00254,Friday,"Four Square Hobsonville,Four Square Britomart,Four Square Ellerslie",9,107.3,162,269.3,770.0,59.3,306.62,1076.62,3
Fri_00255,Friday,"Four Square Ellerslie,New World Botany",10,89.5,180,269.5,770.0,59.5,307.29,1077.29,2
Fri_00256,Friday,"Four Square Botany Junction,Four Square Ellerslie,Four Square Remuera",10,89.5,180,269.5,770.0,59.5,307.45,1077.45,3
Fri_00257,Friday,"Four Square Britomart,New World Metro Queen St,Four Square Eden Terrace",12,53.6,216,269.6,770.0,59.6,307.71,1077.71,3
Fri_00258,Friday,"New World Victoria Park,Four Square Britomart",12,53.8,216,269.8,770.0,59.8,309.2,1079.2,2
Fri_00259,Friday,"Four Square Pakuranga Heights,Four Square Ellerslie,Four Square Glen Eden",9,108.0,162,270.0,770.0,60.0,309.84,1079.84,3
Fri_00260,Friday,"Four Square Remuera,New World Eastridge",11,72.1,198,270.1,770.0,60.1,310.47,1080.47,2
Fri_00261,Friday,"Four Square Onehunga,Four Square Fair Price Henderson,Four Square Hobsonville",10,90.2,180,270.2,770.0,60.2,310.86,1080.86,3
Fri_00262,Friday,"Four Square Glen Eden,Four Square Fair Price Henderson,New World Metro Queen St",10,90.5,180,270.5,770.0,60.5,312.35,1082.35,3
Fri_00263,Friday,"Four Square Pakuranga Heights,Four Square Ellerslie,Four Square Britomart",10,90.9,180,270.9,770.0,60.9,314.83,1084.83,3
Fri_00264,Friday,"Four Square Fair Price Henderson,Four Square Hobsonville,Four Square Eden Terrace",10,91.3,180,271.3,770.0,61.3,316.63,1086.63,3
Fri_00265,Friday,"Four Square Glen Eden,Four Square Fair Price Henderson,Four Square Britomart",10,91.6,180,271.6,770.0,61.6,318.47,1088.47,3
Fri_00266,Friday,"Four Square Eden Terrace,New World Eastridge",11,73.8,198,271.8,770.0,61.8,319.26,1089.26,2
Fri_00267,Friday,"Four Square Pakuranga Heights,Four Square Ellerslie,Four Square Fair Price Henderson",9,109.8,162,271.8,770.0,61.8,319.48,1089.48,3
Fri_00268,Friday,"Four Square Britomart,New World Eastridge",11,74.0,198,272.0,770.0,62.0,320.16,1090.16,2
Fri_00269,Friday,"New World Victoria Park,New World Metro Shore City",11,74.2,198,272.2,770.0,62.2,321.46,1091.46,2
Fri_00270,Friday,"Four Square Ellerslie,Four Square Pakuranga Heights,Four Square Botany Junction",10,92.3,180,272.3,770.0,62.3,321.78,1091.78,3
Fri_00271,Friday,"Four Square Glen Eden,Four Square Fair Price Henderson,New World Metro Shore City",9,110.5,162,272.5,770.0,62.5,322.95,1092.95,3
Fri_00272,Friday,"Four Square Cockle Bay,Four Square Ellerslie,Four Square Onehunga",10,92.7,180,272.7,770.0,62.7,323.83,1093.83,3
Fri_00273,Friday,"New World Howick,Four Square Ellerslie",10,92.7,180,272.7,770.0,62.7,324.01,1094.01,2
Fri_00274,Friday,"Four Square Fair Price Henderson,New World Hobsonville",11,74.8,198,272.8,770.0,62.8,324.49,1094.49,2
Fri_00275,Friday,"Four Square Onehunga,Four Square Remuera,Four Square Eden Terrace",12,56.8,216,272.8,770.0,62.8,324.51,1094.51,3
Fri_00276,Friday,"New World Metro Queen St,New World Eastridge",11,74.8,198,272.8,770.0,62.8,324.6,1094.6,2
Fri_00277,Friday,"Four Square Ellerslie,Four Square St Heliers,Four Square Glen Eden",9,111.1,162,273.1,770.0,63.1,326.24,1096.24,3
Fri_00278,Friday,"Four Square Onehunga,New World Metro Queen St,Four Square Britomart",12,57.2,216,273.2,770.0,63.2,326.45,1096.45,3
Fri_00279,Friday,"New World Papatoetoe,Four Square Remuera",11,75.4,198,273.4,770.0,63.4,327.6,1097.6,2
Fri_00280,Friday,"New World Remuera,Four Square Eden Terrace",12,57.5,216,273.5,770.0,63.5,327.88,1097.88,2
Fri_00281,Friday,"Four Square Onehunga,Four Square Ellerslie,New World Point Chevalier",12,57.9,216,273.9,770.0,63.9,330.26,1100.26,3
Fri_00282,Friday,"Four Square Glen Eden,Four Square Hobsonville,New World Metro Shore City",9,112.0,162,274.0,770.0,64.0,330.48,1100.48,3
Fri_00283,Friday,"Four Square Onehunga,New World Metro Queen St,Four Square Eden Terrace",12,58.1,216,274.1,770.0,64.1,331.36,1101.36,3
Fri_00284,Friday,"Four Square Fair Price Henderson,Four Square Ellerslie,Four Square St Heliers",9,112.2,162,274.2,770.0,64.2,331.6,1101.6,3
Fri_00285,Friday,"Four Square Pakuranga Heights,Four Square Ellerslie,New World Metro Shore City",9,112.2,162,274.2,770.0,64.2,331.84,1101.84,3
Fri_00286,Friday,"New World Devonport,Four Square Ellerslie",9,112.5,162,274.5,770.0,64.5,333.2,1103.2,2
Fri_00287,Friday,"New World Remuera,Four Square Remuera",12,58.5,216,274.5,770.0,64.5,333.24,1103.24,2
Fri_00288,Friday,"New World Metro Queen St,Four Square Ellerslie,Four Square Botany Junction",10,94.5,180,274.5,770.0,64.5,333.36,1103.36,3
Fri_00289,Friday,"Four Square Onehunga,Four Square Eden Terrace,Four Square Glen Eden",11,76.9,198,274.9,770.0,64.9,335.39,1105.39,3
Fri_00290,Friday,"Four Square Glen Eden,Four Square Ellerslie,Four Square Botany Junction",9,113.4,162,275.4,770.0,65.4,337.68,1107.68,3
Fri_00291,Friday,"New World Devonport,New World Metro Shore City",10,95.4,180,275.4,770.0,65.4,337.76,1107.76,2
Fri_00292,Friday,"Four Square Lancaster,Four Square Ellerslie,Four Square Onehunga",10,95.5,180,275.5,770.0,65.5,338.41,1108.41,3
Fri_00293,Friday,"Four Square Lancaster,New World Metro Shore City,Four Square Ellerslie",9,113.5,162,275.5,770.0,65.5,338.44,1108.44,3
Fri_00294,Friday,"Four Square Britomart,Four Square Ellerslie,Four Square Botany Junction",10,95.7,180,275.7,770.0,65.7,339.48,1109.48,3
Fri_00295,Friday,"Four Square Fair Price Henderson,Four Square Ellerslie,Four Square Botany Junction",9,114.2,162,276.2,770.0,66.2,342.15,1112.15,3
Fri_00296,Friday,"New World Metro Shore City,Four Square Ellerslie,Four Square St Heliers",9,114.4,162,276.4,770.0,66.4,342.85,1112.85,3
Fri_00297,Friday,"Four Square Onehunga,New World Stonefields",12,60.7,216,276.7,770.0,66.7,344.69,1114.69,2
Fri_00298,Friday,"New World Southmall,Four Square Botany Junction",11,78.7,198,276.7,770.0,66.7,344.71,1114.71,2
Fri_00299,Friday,"Four Square Pakuranga Heights,New World Papatoetoe",11,78.7,198,276.7,770.0,66.7,344.74,1114.74,2
Fri_00300,Friday,"Four Square Onehunga,Four Square Eden Terrace,Four Square Fair Price Henderson",11,78.8,198,276.8,770.0,66.8,345.03,1115.03,3
Fri_00301,Friday,"Four Square Onehunga,Four Square Britomart,Four Square Eden Terrace",12,61.1,216,277.1,770.0,67.1,346.55,1116.55,3
Fri_00302,Friday,"New World Metro Shore City,Four Square Britomart,New World Metro Queen St",11,79.5,198,277.5,770.0,67.5,348.97,1118.97,3
Fri_00303,Friday,"Four Square Britomart,New World Metro Queen St,Four Square Glen Eden",11,79.6,198,277.6,770.0,67.6,349.03,1119.03,3
Fri_00304,Friday,"Four Square Cockle Bay,New World Point Chevalier",10,98.3,180,278.3,770.0,68.3,352.72,1122.72,2
Fri_00305,Friday,"Four Square Glen Eden,Four Square Hobsonville,Four Square Onehunga",10,98.4,180,278.4,770.0,68.4,353.27,1123.27,3
Fri_00306,Friday,"New World Metro Shore City,Four Square Ellerslie,Four Square Botany Junction",9,116.4,162,278.4,770.0,68.4,353.41,1123.41,3
Fri_00307,Friday,"Four Square Glen Eden,Four Square Hobsonville,Four Square Eden Terrace",10,98.5,180,278.5,770.0,68.5,353.89,1123.89,3
Fri_00308,Friday,"Four Square Fair Price Henderson,Four Square Britomart,New World Metro Queen St",11,80.6,198,278.6,770.0,68.6,354.38,1124.38,3
Fri_00309,Friday,Pak 'n Save Glen Innes,11,80.7,198,278.7,770.0,68.7,355.06,1125.06,1
Fri_00310,Friday,"Four Square Eden Terrace,New World Metro Queen St,Four Square Glen Eden",11,81.0,198,279.0,770.0,69.0,356.37,1126.37,3
Fri_00311,Friday,"New World Metro Shore City,New World Metro Queen St,Four Square Eden Terrace",11,81.2,198,279.2,770.0,69.2,357.35,1127.35,3
Fri_00312,Friday,"Four Square Fair Price Henderson,Four Square Hobsonville,New World Metro Queen St",10,99.3,180,279.3,770.0,69.3,358.03,1128.03,3
Fri_00313,Friday,"Four Square Pakuranga Heights,Four Square St Heliers,Four Square Ellerslie",10,99.3,180,279.3,770.0,69.3,358.2,1128.2,3
Fri_00314,Friday,"Four Square Pakuranga Heights,Four Square Ellerslie,Four Square Hobsonville",9,117.5,162,279.5,770.0,69.5,359.12,1129.12,3
Fri_00315,Friday,"Four Square Ellerslie,Four Square Lancaster,Four Square Hobsonville",9,117.7,162,279.7,770.0,69.7,360.07,1130.07,3
Fri_00316,Friday,"Four Square Glen Eden,Four Square Fair Price Henderson,Four Square Remuera",10,99.7,180,279.7,770.0,69.7,360.18,1130.18,3
Fri_00317,Friday,"Four Square Hobsonville,New World Metro Shore City,New World Metro Queen St",10,100.0,180,280.0,770.0,70.0,361.47,1131.47,3
Fri_00318,Friday,"Four Square Fair Price Henderson,Four Square Eden Terrace,New World Metro Queen St",11,82.0,198,280.0,770.0,70.0,361.72,1131.72,3
Fri_00319,Friday,"Four Square Onehunga,Four Square Remuera,New World Metro Queen St",12,64.0,216,280.0,770.0,70.0,361.8,1131.8,3
Fri_00320,Friday,"Four Square Ellerslie,New World Papakura",10,100.4,180,280.4,770.0,70.4,363.85,1133.85,2
Fri_00321,Friday,"Four Square Fair Price Henderson,Four Square Hobsonville,Four Square Britomart",10,100.5,180,280.5,770.0,70.5,364.15,1134.15,3
Fri_00322,Friday,"New World Remuera,New World Metro Queen St",12,64.7,216,280.7,770.0,70.7,365.17,1135.17,2
Fri_00323,Friday,"New World Eastridge,Four Square St Heliers",11,82.7,198,280.7,770.0,70.7,365.24,1135.24,2
Fri_00324,Friday,"Four Square Onehunga,Four Square Remuera,Four Square Glen Eden",11,82.9,198,280.9,770.0,70.9,366.36,1136.36,3
Fri_00325,Friday,"Four Square Hobsonville,New World Metro Shore City,Four Square Britomart",10,101.0,180,281.0,770.0,71.0,366.7,1136.7,3
Fri_00326,Friday,"Four Square Hobsonville,New World Metro Shore City,Four Square Eden Terrace",10,101.1,180,281.1,770.0,71.1,367.54,1137.54,3
Fri_00327,Friday,"New World Metro Shore City,Four Square Britomart,Four Square Eden Terrace",11,83.3,198,281.3,770.0,71.3,368.22,1138.22,3
Fri_00328,Friday,"Four Square Britomart,Four Square Eden Terrace,Four Square Glen Eden",11,83.3,198,281.3,770.0,71.3,368.27,1138.27,3
Fri_00329,Friday,"Four Square Onehunga,New World Metro Shore City,Four Square Hobsonville",10,101.5,180,281.5,770.0,71.5,369.35,1139.35,3
Fri_00330,Friday,"Four Square Cockle Bay,Four Square Pakuranga Heights,Four Square Ellerslie",10,101.5,180,281.5,770.0,71.5,369.46,1139.46,3
Fri_00331,Friday,"Four Square Cockle Bay,Four Square Lancaster",8,137.6,144,281.6,770.0,71.6,369.82,1139.82,2
Fri_00332,Friday,"Four Square Hobsonville,Four Square Ellerslie,Four Square St Heliers",9,119.9,162,281.9,770.0,71.9,371.24,1141.24,3
Fri_00333,Friday,"Four Square Onehunga,Four Square Remuera,Four Square Britomart",12,65.9,216,281.9,770.0,71.9,371.35,1141.35,3
Fri_00334,Friday,"Four Square Britomart,New World Remuera",12,66.1,216,282.1,770.0,72.1,372.41,1142.41,2
Fri_00335,Friday,"Four Square Onehunga,New World Metro Queen St,Four Square Glen Eden",11,84.1,198,282.1,770.0,72.1,372.68,1142.68,3
Fri_00336,Friday,"New World Metro Shore City,New World Eastridge",10,102.2,180,282.2,770.0,72.2,373.01,1143.01,2
Fri_00337,Friday,"Four Square Cockle Bay,Four Square Ellerslie,Four Square Remuera",10,102.2,180,282.2,770.0,72.2,373.23,1143.23,3
Fri_00338,Friday,"Four Square Cockle Bay,Four Square Ellerslie,Four Square Eden Terrace",10,102.3,180,282.3,770.0,72.3,373.31,1143.31,3
Fri_00339,Friday,"Four Square Fair Price Henderson,Four Square Britomart,Four Square Eden Terrace",11,84.3,198,282.3,770.0,72.3,373.62,1143.62,3
Fri_00340,Friday,"New World Long Bay,Four Square Ellerslie",9,120.3,162,282.3,770.0,72.3,373.63,1143.63,2
Fri_00341,Friday,"Four Square Onehunga,New World Metro Queen St,New World Metro Shore City",11,84.8,198,282.8,770.0,72.8,375.96,1145.96,3
Fri_00342,Friday,"Four Square Onehunga,Four Square Remuera,Four Square Fair Price Henderson",11,84.8,198,282.8,770.0,72.8,376.0,1146.0,3
Fri_00343,Friday,"Four Square Ellerslie,Four Square Remuera,New World Point Chevalier",12,66.8,216,282.8,770.0,72.8,376.1,1146.1,3
Fri_00344,Friday,"Four Square Ellerslie,Four Square Eden Terrace,New World Point Chevalier",12,66.8,216,282.8,770.0,72.8,376.18,1146.18,3
Fri_00345,Friday,"New World Newmarket,Four Square Eden Terrace",13,49.2,234,283.2,770.0,73.2,378.21,1148.21,2
Fri_00346,Friday,"Four Square Pakuranga Heights,Four Square Torbay",8,139.3,144,283.3,770.0,73.3,378.88,1148.88,2
Fri_00347,Friday,"Four Square Hobsonville,Four Square Ellerslie,Four Square Botany Junction",9,121.9,162,283.9,770.0,73.9,381.8,1151.8,3
Fri_00348,Friday,"Four Square Onehunga,Four Square Britomart,New World Metro Shore City",11,86.0,198,284.0,770.0,74.0,382.13,1152.13,3
Fri_00349,Friday,"Four Square Onehunga,Four Square Britomart,Four Square Glen Eden",11,86.0,198,284.0,770.0,74.0,382.23,1152.23,3
Fri_00350,Friday,"Four Square Onehunga,New World Metro Queen St,Four Square Fair Price Henderson",11,86.0,198,284.0,770.0,74.0,382.32,1152.32,3
Fri_00351,Friday,"New World Stonefields,Four Square Remuera",12,68.0,216,284.0,770.0,74.0,382.52,1152.52,2
Fri_00352,Friday,"Pak 'n Save Highland Park,Four Square Ellerslie",11,86.2,198,284.2,770.0,74.2,383.29,1153.29,2
Fri_00353,Friday,"Four Square Onehunga,Four Square Eden Terrace,Four Square Hobsonville",11,86.5,198,284.5,770.0,74.5,384.67,1154.67,3
Fri_00354,Friday,"Four Square Ellerslie,Four Square Cockle Bay,Four Square Botany Junction",10,104.6,180,284.6,770.0,74.6,385.28,1155.28,3
Fri_00355,Friday,"Four Square Remuera,New World Victoria Park",12,68.6,216,284.6,770.0,74.6,385.66,1155.66,2
Fri_00356,Friday,"New World Metro Shore City,New World Remuera",11,86.8,198,284.8,770.0,74.8,386.34,1156.34,2
Fri_00357,Friday,"Four Square Lancaster,Four Square Ellerslie,Four Square Remuera",10,105.1,180,285.1,770.0,75.1,387.81,1157.81,3
Fri_00358,Friday,"Four Square Lancaster,Four Square Ellerslie,Four Square Eden Terrace",10,105.1,180,285.1,770.0,75.1,387.89,1157.89,3
Fri_00359,Friday,"New World Stonefields,Four Square Eden Terrace",12,69.1,216,285.1,770.0,75.1,388.24,1158.24,2
Fri_00360,Friday,"Four Square Onehunga,Four Square Remuera,New World Metro Shore City",11,87.2,198,285.2,770.0,75.2,388.37,1158.37,3
Fri_00361,Friday,"New World Southmall,Four Square Remuera",11,87.2,198,285.2,770.0,75.2,388.56,1158.56,2
Fri_00362,Friday,"Four Square Onehunga,New World Metro Shore City,Four Square Eden Terrace",11,87.2,198,285.2,770.0,75.2,388.77,1158.77,3
Fri_00363,Friday,"Four Square Onehunga,Four Square Britomart,Four Square Fair Price Henderson",11,87.8,198,285.8,770.0,75.8,391.87,1161.87,3
Fri_00364,Friday,"Four Square Britomart,New World Metro Queen St,Four Square Remuera",12,70.1,216,286.1,770.0,76.1,393.42,1163.42,3
Fri_00365,Friday,"Four Square Pakuranga Heights,New World Eastridge",11,88.3,198,286.3,770.0,76.3,394.01,1164.01,2
Fri_00366,Friday,"Four Square Hobsonville,Four Square Britomart,New World Metro Queen St",11,88.3,198,286.3,770.0,76.3,394.03,1164.03,3
Fri_00367,Friday,"Four Square Glen Eden,Four Square Hobsonville,New World Metro Queen St",10,106.5,180,286.5,770.0,76.5,395.3,1165.3,3
Fri_00368,Friday,"Four Square Fair Price Henderson,New World Metro Shore City,New World Metro Queen St",10,106.9,180,286.9,770.0,76.9,397.24,1167.24,3
Fri_00369,Friday,"New World Albany,Four Square Ellerslie",10,107.0,180,287.0,770.0,77.0,397.69,1167.69,2
Fri_00370,Friday,"Four Square Glen Eden,New World Point Chevalier,Four Square Ellerslie",11,89.1,198,287.1,770.0,77.1,398.45,1168.45,3
Fri_00371,Friday,"New World Metro Shore City,New World Metro Queen St,Four Square Glen Eden",10,107.2,180,287.2,770.0,77.2,398.66,1168.66,3
Fri_00372,Friday,"Four Square Fair Price Henderson,Four Square Lancaster,Four Square Ellerslie",9,125.2,162,287.2,770.0,77.2,398.94,1168.94,3
Fri_00373,Friday,"Four Square Remuera,New World Metro Queen St,Four Square Eden Terrace",12,71.4,216,287.4,770.0,77.4,399.78,1169.78,3
Fri_00374,Friday,"Four Square Hobsonville,Four Square Eden Terrace,New World Metro Queen St",11,89.7,198,287.7,770.0,77.7,401.37,1171.37,3
Fri_00375,Friday,"Four Square Glen Eden,Four Square Hobsonville,Four Square Britomart",10,107.7,180,287.7,770.0,77.7,401.41,1171.41,3
Fri_00376,Friday,"Four Square Ellerslie,Pak 'n Save Ormiston",11,89.7,198,287.7,770.0,77.7,401.63,1171.63,2
Fri_00377,Friday,"Four Square Fair Price Henderson,New World Metro Shore City,Four Square Britomart",10,107.9,180,287.9,770.0,77.9,402.47,1172.47,3
Fri_00378,Friday,Pak 'n Save Westgate,13,54.0,234,288.0,770.0,78.0,402.91,1172.91,1
Fri_00379,Friday,"Four Square Fair Price Henderson,New World Metro Shore City,Four Square Eden Terrace",10,108.1,180,288.1,770.0,78.1,403.31,1173.31,3
Fri_00380,Friday,"New World Long Bay,Four Square Hobsonville",10,108.1,180,288.1,770.0,78.1,403.36,1173.36,2
Fri_00381,Friday,"Four Square Onehunga,Four Square Ellerslie,New World Mt Albert",13,54.1,234,288.1,770.0,78.1,403.49,1173.49,3
Fri_00382,Friday,"Four Square Pakuranga Heights,New World Southmall",11,90.1,198,288.1,770.0,78.1,403.55,1173.55,2
Fri_00383,Friday,"Four Square Remuera,Four Square Eden Terrace,Four Square Glen Eden",11,90.2,198,288.2,770.0,78.2,403.81,1173.81,3
Fri_00384,Friday,"Four Square Britomart,New World Metro Shore City,Four Square Glen Eden",10,108.2,180,288.2,770.0,78.2,403.84,1173.84,3
Fri_00385,Friday,"New World Metro Shore City,Four Square Eden Terrace,Four Square Glen Eden",10,108.3,180,288.3,770.0,78.3,404.74,1174.74,3
Fri_00386,Friday,"Four Square Fair Price Henderson,New World Metro Shore City,Four Square Onehunga",10,108.5,180,288.5,770.0,78.5,405.62,1175.62,3
Fri_00387,Friday,"Four Square Fair Price Henderson,Four Square Hobsonville,Four Square Remuera",10,108.6,180,288.6,770.0,78.6,405.86,1175.86,3
Fri_00388,Friday,"Four Square Britomart,Four Square Remuera,Four Square Eden Terrace",12,72.7,216,288.7,770.0,78.7,406.49,1176.49,3
Fri_00389,Friday,"New World Ormiston,Four Square Botany Junction",12,72.8,216,288.8,770.0,78.8,407.13,1177.13,2
Fri_00390,Friday,"New World Birkenhead,Four Square Ellerslie",11,91.1,198,289.1,770.0,79.1,408.79,1178.79,2
Fri_00391,Friday,"Four Square Fair Price Henderson,Four Square Remuera,Four Square Eden Terrace",11,91.2,198,289.2,770.0,79.2,409.16,1179.16,3
Fri_00392,Friday,"Four Square Torbay,Four Square St Heliers",8,145.3,144,289.3,770.0,79.3,409.54,1179.54,2
Fri_00393,Friday,"Four Square Lancaster,New World Metro Queen St,Four Square Ellerslie",10,109.5,180,289.5,770.0,79.5,410.53,1180.53,3
Fri_00394,Friday,"Four Square Cockle Bay,Four Square Ellerslie,New World Metro Queen St",10,109.5,180,289.5,770.0,79.5,410.6,1180.6,3
Fri_00395,Friday,"Four Square Hobsonville,Four Square Lancaster,New World Metro Shore City",10,109.6,180,289.6,770.0,79.6,411.52,1181.52,3
Fri_00396,Friday,"Four Square Fair Price Henderson,New World Point Chevalier,Four Square Ellerslie",11,92.0,198,290.0,770.0,80.0,413.25,1183.25,3
Fri_00397,Friday,"Four Square Hobsonville,Four Square Britomart,Four Square Eden Terrace",11,92.0,198,290.0,770.0,80.0,413.27,1183.27,3
Fri_00398,Friday,"Four Square Ellerslie,New World Metro Queen St,New World Point Chevalier",12,74.0,216,290.0,770.0,80.0,413.47,1183.47,3
Fri_00399,Friday,"New World Hobsonville,New World Metro Shore City",11,92.2,198,290.2,770.0,80.2,414.56,1184.56,2
Fri_00400,Friday,"Four Square Glen Eden,Four Square Fair Price Henderson,New World Point Chevalier",12,74.2,216,290.2,770.0,80.2,414.58,1184.58,3
Fri_00401,Friday,"Four Square Cockle Bay,Four Square Ellerslie,Four Square Glen Eden",9,128.4,162,290.4,770.0,80.4,415.17,1185.17,3
Fri_00402,Friday,"Four Square Hobsonville,Four Square Torbay,Four Square Ellerslie",9,128.4,162,290.4,770.0,80.4,415.2,1185.2,3
Fri_00403,Friday,"New World Newmarket,New World Metro Queen St",13,56.4,234,290.4,770.0,80.4,415.5,1185.5,2
Fri_00404,Friday,"Four Square Onehunga,Four Square Remuera,Four Square Hobsonville",11,92.4,198,290.4,770.0,80.4,415.65,1185.65,3
Fri_00405,Friday,"Four Square Lancaster,Four Square Britomart,Four Square Ellerslie",10,110.5,180,290.5,770.0,80.5,415.76,1185.76,3
Fri_00406,Friday,"Four Square Botany Junction,Four Square Ellerslie,Four Square St Heliers",10,110.6,180,290.6,770.0,80.6,416.68,1186.68,3
Fri_00407,Friday,"New World Long Bay,New World Metro Shore City",10,110.9,180,290.9,770.0,80.9,417.87,1187.87,2
Fri_00408,Friday,"Four Square Fair Price Henderson,Four Square Hobsonville,Four Square Lancaster",10,110.9,180,290.9,770.0,80.9,418.03,1188.03,3
Fri_00409,Friday,"Four Square Cockle Bay,Four Square Ellerslie,Four Square Britomart",10,111.3,180,291.3,770.0,81.3,420.16,1190.16,3
Fri_00410,Friday,"New World Metro Shore City,Four Square Remuera,Four Square Eden Terrace",11,93.4,198,291.4,770.0,81.4,420.42,1190.42,3
Fri_00411,Friday,"New World Papatoetoe,Four Square St Heliers",11,93.4,198,291.4,770.0,81.4,420.63,1190.63,2
Fri_00412,Friday,"Four Square Britomart,Four Square Ellerslie,New World Point Chevalier",12,75.4,216,291.4,770.0,81.4,420.72,1190.72,3
Fri_00413,Friday,"Four Square Onehunga,New World Metro Queen St,Four Square Hobsonville",11,93.7,198,291.7,770.0,81.7,421.96,1191.96,3
Fri_00414,Friday,"Four Square Britomart,New World Newmarket",13,57.8,234,291.8,770.0,81.8,422.74,1192.74,2
Fri_00415,Friday,"Four Square Cockle Bay,Four Square Ellerslie,Four Square Fair Price Henderson",9,130.2,162,292.2,770.0,82.2,424.81,1194.81,3
Fri_00416,Friday,"Four Square Hobsonville,New World Metro Shore City,Four Square Remuera",10,112.3,180,292.3,770.0,82.3,425.08,1195.08,3
Fri_00417,Friday,"New World Stonefields,New World Metro Queen St",12,76.4,216,292.4,770.0,82.4,425.53,1195.53,2
Fri_00418,Friday,"Four Square Cockle Bay,New World Papatoetoe",11,94.5,198,292.5,770.0,82.5,426.43,1196.43,2
Fri_00419,Friday,"New World Albany,Four Square Hobsonville",11,94.7,198,292.7,770.0,82.7,427.42,1197.42,2
Fri_00420,Friday,"Four Square Onehunga,Four Square Remuera,Four Square St Heliers",12,76.9,216,292.9,770.0,82.9,428.44,1198.44,3
Fri_00421,Friday,"Four Square Lancaster,Four Square Ellerslie,Four Square Glen Eden",9,131.2,162,293.2,770.0,83.2,429.74,1199.74,3
Fri_00422,Friday,"New World Browns Bay,Four Square Ellerslie",10,113.2,180,293.2,770.0,83.2,430.08,1200.08,2
Fri_00423,Friday,"Four Square Onehunga,Four Square Britomart,Four Square Hobsonville",11,95.5,198,293.5,770.0,83.5,431.52,1201.52,3
Fri_00424,Friday,"Four Square Onehunga,Four Square Pakuranga Heights,Four Square Eden Terrace",12,77.6,216,293.6,770.0,83.6,432.03,1202.03,3
Fri_00425,Friday,"Four Square Britomart,New World Stonefields",12,77.8,216,293.8,770.0,83.8,432.78,1202.78,2
Fri_00426,Friday,"New World Metro Shore City,Four Square Ellerslie,New World Point Chevalier",11,96.1,198,294.1,770.0,84.1,434.65,1204.65,3
Fri_00427,Friday,"New World Milford,Four Square Ellerslie",11,96.1,198,294.1,770.0,84.1,434.74,1204.74,2
Fri_00428,Friday,"Four Square Hobsonville,New World Devonport",10,114.3,180,294.3,770.0,84.3,435.67,1205.67,2
Fri_00429,Friday,"New World Metro Shore City,New World Milford",12,78.5,216,294.5,770.0,84.5,436.5,1206.5,2
Fri_00430,Friday,"New World Newmarket,Four Square Remuera",13,60.5,234,294.5,770.0,84.5,436.56,1206.56,2
Fri_00431,Friday,"New World Metro Shore City,New World Newmarket",12,78.5,216,294.5,770.0,84.5,436.67,1206.67,2
Fri_00432,Friday,"Four Square Cockle Bay,Four Square Ellerslie,New World Metro Shore City",9,132.6,162,294.6,770.0,84.6,437.17,1207.17,3
Fri_00433,Friday,"Four Square Ellerslie,Four Square Torbay,New World Metro Shore City",9,132.9,162,294.9,770.0,84.9,438.65,1208.65,3
Fri_00434,Friday,"Four Square Pakuranga Heights,Four Square Fair Price Henderson,Four Square Glen Eden",10,115.3,180,295.3,770.0,85.3,440.72,1210.72,3
Fri_00435,Friday,"Four Square Pakuranga Heights,Four Square Remuera,Four Square Onehunga",12,79.3,216,295.3,770.0,85.3,440.93,1210.93,3
Fri_00436,Friday,"Four Square Remuera,New World Metro Queen St,Four Square Glen Eden",11,97.4,198,295.4,770.0,85.4,441.1,1211.1,3
Fri_00437,Friday,"Four Square Fair Price Henderson,Pak 'n Save Henderson",13,61.5,234,295.5,770.0,85.5,441.5,1211.5,2
Fri_00438,Friday,"New World Albany,New World Metro Shore City",11,97.5,198,295.5,770.0,85.5,441.93,1211.93,2
Fri_00439,Friday,"Four Square Pakuranga Heights,New World Botany",12,79.6,216,295.6,770.0,85.6,442.28,1212.28,2
Fri_00440,Friday,"New World Metro Shore City,New World Metro Queen St,Four Square Remuera",11,97.8,198,295.8,770.0,85.8,443.06,1213.06,3
Fri_00441,Friday,"Four Square Glen Eden,Four Square Hobsonville,Four Square Remuera",10,115.8,180,295.8,770.0,85.8,443.13,1213.13,3
Fri_00442,Friday,"Four Square Glen Eden,Pak 'n Save Henderson",13,61.8,234,295.8,770.0,85.8,443.38,1213.38,2
Fri_00443,Friday,"Four Square Fair Price Henderson,New World Long Bay",10,115.9,180,295.9,770.0,85.9,443.94,1213.94,2
Fri_00444,Friday,"Four Square Torbay,Four Square Ellerslie,Four Square Onehunga",10,116.0,180,296.0,770.0,86.0,444.43,1214.43,3
Fri_00445,Friday,"Four Square Pakuranga Heights,New World Stonefields",12,80.2,216,296.2,770.0,86.2,445.21,1215.21,2
Fri_00446,Friday,"New World Mt Albert,Four Square Eden Terrace,Four Square Ellerslie",13,62.3,234,296.3,770.0,86.3,445.68,1215.68,3
Fri_00447,Friday,"New World Botany,Four Square Botany Junction",12,80.4,216,296.4,770.0,86.4,446.31,1216.31,2
Fri_00448,Friday,"Four Square Fair Price Henderson,Four Square Remuera,New World Metro Queen St",11,98.4,198,296.4,770.0,86.4,446.45,1216.45,3
Fri_00449,Friday,"New World Metro Shore City,New World Stonefields",11,98.5,198,296.5,770.0,86.5,446.71,1216.71,2
Fri_00450,Friday,"Four Square Fair Price Henderson,Four Square Lancaster,New World Metro Shore City",10,116.6,180,296.6,770.0,86.6,447.29,1217.29,3
Fri_00451,Friday,"New World Howick,Four Square Onehunga",12,80.6,216,296.6,770.0,86.6,447.47,1217.47,2
Fri_00452,Friday,"Four Square Glen Eden,Four Square Fair Price Henderson,Four Square Lancaster",10,116.7,180,296.7,770.0,86.7,447.76,1217.76,3
Fri_00453,Friday,"New World Metro Shore City,Four Square Britomart,Four Square Remuera",11,98.8,198,296.8,770.0,86.8,448.29,1218.29,3
Fri_00454,Friday,"Four Square Britomart,Four Square Remuera,Four Square Glen Eden",11,98.8,198,296.8,770.0,86.8,448.34,1218.34,3
Fri_00455,Friday,"Four Square Pakuranga Heights,New World Remuera",12,80.8,216,296.8,770.0,86.8,448.64,1218.64,2
Fri_00456,Friday,"Four Square Hobsonville,Four Square Remuera,Four Square Eden Terrace",11,98.9,198,296.9,770.0,86.9,448.81,1218.81,3
Fri_00457,Friday,"Four Square Ellerslie,Four Square Remuera,New World Mt Albert",13,63.0,234,297.0,770.0,87.0,449.33,1219.33,3
Fri_00458,Friday,"Four Square Fair Price Henderson,Four Square Torbay,Four Square Ellerslie",9,135.3,162,297.3,770.0,87.3,450.97,1220.97,3
Fri_00459,Friday,"Four Square Onehunga,Four Square St Heliers,Four Square Britomart",12,81.3,216,297.3,770.0,87.3,451.13,1221.13,3
Fri_00460,Friday,"Four Square Onehunga,Four Square Pakuranga Heights,Four Square Botany Junction",12,81.4,216,297.4,770.0,87.4,451.77,1221.77,3
Fri_00461,Friday,"New World Remuera,Four Square St Heliers",12,81.5,216,297.5,770.0,87.5,452.31,1222.31,2
Fri_00462,Friday,"Four Square Onehunga,Four Square St Heliers,New World Metro Queen St",12,81.7,216,297.7,770.0,87.7,452.88,1222.88,3
Fri_00463,Friday,"Four Square Hobsonville,New World Point Chevalier,Four Square Ellerslie",11,99.7,198,297.7,770.0,87.7,452.9,1222.9,3
Fri_00464,Friday,"Four Square Fair Price Henderson,Four Square Britomart,Four Square Remuera",11,99.8,198,297.8,770.0,87.8,453.7,1223.7,3
Fri_00465,Friday,"Four Square Onehunga,Four Square St Heliers,Four Square Eden Terrace",12,82.0,216,298.0,770.0,88.0,454.85,1224.85,3
Fri_00466,Friday,"Four Square Lancaster,Four Square Hobsonville,Four Square Glen Eden",10,118.1,180,298.1,770.0,88.1,454.94,1224.94,3
Fri_00467,Friday,"New World Devonport,New World Metro Queen St",11,100.3,198,298.3,770.0,88.3,456.32,1226.32,2
Fri_00468,Friday,"Four Square Hobsonville,Four Square Torbay,New World Metro Shore City",10,118.9,180,298.9,770.0,88.9,459.44,1229.44,3
Fri_00469,Friday,"New World Browns Bay,Four Square Hobsonville",11,101.0,198,299.0,770.0,89.0,459.81,1229.81,2
Fri_00470,Friday,"Four Square Fair Price Henderson,Four Square Hobsonville,New World Point Chevalier",12,83.1,216,299.1,770.0,89.1,460.26,1230.26,3
Fri_00471,Friday,"Four Square Fair Price Henderson,New World Metro Shore City,Four Square Remuera",10,119.2,180,299.2,770.0,89.2,460.85,1230.85,3
Fri_00472,Friday,"Four Square Britomart,New World Devonport",11,101.3,198,299.3,770.0,89.3,461.5,1231.5,2
Fri_00473,Friday,"Four Square Lancaster,New World Metro Shore City,New World Metro Queen St",11,101.3,198,299.3,770.0,89.3,461.55,1231.55,3
Fri_00474,Friday,"New World Stonefields,Four Square St Heliers",12,83.4,216,299.4,770.0,89.4,461.98,1231.98,2
Fri_00475,Friday,"Four Square Onehunga,Four Square Lancaster,New World Metro Shore City",11,101.4,198,299.4,770.0,89.4,462.14,1232.14,3
Fri_00476,Friday,"New World Metro Shore City,Four Square Remuera,Four Square Glen Eden",10,119.5,180,299.5,770.0,89.5,462.27,1232.27,3
Fri_00477,Friday,"Four Square Pakuranga Heights,New World Ormiston",12,83.5,216,299.5,770.0,89.5,462.42,1232.42,2
Fri_00478,Friday,"Four Square Cockle Bay,Four Square St Heliers,Four Square Ellerslie",10,119.6,180,299.6,770.0,89.6,462.75,1232.75,3
Fri_00479,Friday,"Four Square Cockle Bay,Four Square Ellerslie,Four Square Hobsonville",9,137.9,162,299.9,770.0,89.9,464.45,1234.45,3
Fri_00480,Friday,"New World Papatoetoe,Four Square Ellerslie,Four Square Onehunga",13,66.2,234,300.2,770.0,90.2,466.25,1236.25,3
Fri_00481,Friday,"Four Square Pakuranga Heights,Four Square Onehunga,Four Square Glen Eden",11,102.3,198,300.3,770.0,90.3,466.39,1236.39,3
Fri_00482,Friday,"New World Metro Queen St,Four Square Britomart,Four Square St Heliers",12,84.3,216,300.3,770.0,90.3,466.4,1236.4,3
Fri_00483,Friday,"Four Square Britomart,Four Square Lancaster,New World Metro Shore City",11,102.3,198,300.3,770.0,90.3,466.73,1236.73,3
Fri_00484,Friday,"Four Square Lancaster,New World Metro Shore City,Four Square Eden Terrace",11,102.5,198,300.5,770.0,90.5,467.62,1237.62,3
Fri_00485,Friday,"Four Square Fair Price Henderson,New World Albany",11,102.6,198,300.6,770.0,90.6,468.0,1238.0,2
Fri_00486,Friday,"Four Square Pakuranga Heights,Four Square Ellerslie,New World Point Chevalier",12,84.8,216,300.8,770.0,90.8,468.94,1238.94,3
Fri_00487,Friday,"Four Square Onehunga,Four Square Pakuranga Heights,New World Metro Queen St",12,84.8,216,300.8,770.0,90.8,469.32,1239.32,3
Fri_00488,Friday,"Four Square Onehunga,Four Square Remuera,Four Square Botany Junction",12,84.8,216,300.8,770.0,90.8,469.36,1239.36,3
Fri_00489,Friday,"Four Square Pakuranga Heights,New World Metro Queen St,Four Square Britomart",12,85.0,216,301.0,770.0,91.0,470.06,1240.06,3
Fri_00490,Friday,"Four Square Pakuranga Heights,Four Square Remuera,Four Square Eden Terrace",12,85.1,216,301.1,770.0,91.1,470.55,1240.55,3
Fri_00491,Friday,"Four Square Eden Terrace,Four Square Remuera,Four Square St Heliers",12,85.1,216,301.1,770.0,91.1,470.61,1240.61,3
Fri_00492,Friday,"New World Birkenhead,New World Metro Shore City",12,85.3,216,301.3,770.0,91.3,471.66,1241.66,2
Fri_00493,Friday,"Four Square Cockle Bay,New World Southmall",11,103.8,198,301.8,770.0,91.8,474.28,1244.28,2
Fri_00494,Friday,"New World Browns Bay,New World Metro Shore City",11,103.8,198,301.8,770.0,91.8,474.31,1244.31,2
Fri_00495,Friday,"Four Square Pakuranga Heights,New World Metro Queen St,Four Square Eden Terrace",12,85.9,216,301.9,770.0,91.9,474.97,1244.97,3
Fri_00496,Friday,"New World Victoria Park,Four Square Lancaster",12,86.1,216,302.1,770.0,92.1,475.65,1245.65,2
Fri_00497,Friday,"Four Square Glen Eden,Four Square Fair Price Henderson,Four Square Botany Junction",10,122.4,180,302.4,770.0,92.4,477.27,1247.27,3
Fri_00498,Friday,"Four Square Lancaster,New World Metro Shore City,Four Square Glen Eden",10,122.5,180,302.5,770.0,92.5,478.1,1248.1,3
Fri_00499,Friday,"Four Square Onehunga,Four Square Lancaster,Four Square Hobsonville",11,104.6,198,302.6,770.0,92.6,478.38,1248.38,3
Fri_00500,Friday,"Four Square Britomart,Four Square St Heliers,Four Square Remuera",12,86.7,216,302.7,770.0,92.7,478.7,1248.7,3
Fri_00501,Friday,"Four Square Onehunga,Four Square Pakuranga Heights,Four Square Britomart",12,86.7,216,302.7,770.0,92.7,478.87,1248.87,3
Fri_00502,Friday,"Four Square Pakuranga Heights,Four Square Eden Terrace,Four Square Glen Eden",11,104.7,198,302.7,770.0,92.7,479.0,1249.0,3
Fri_00503,Friday,"Four Square Glen Eden,Four Square Fair Price Henderson,Four Square St Heliers",10,122.9,180,302.9,770.0,92.9,479.79,1249.79,3
Fri_00504,Friday,"Four Square Onehunga,Four Square St Heliers,Four Square Glen Eden",11,104.9,198,302.9,770.0,92.9,479.86,1249.86,3
Fri_00505,Friday,"New World Metro Queen St,Four Square Lancaster,Four Square Hobsonville",11,104.9,198,302.9,770.0,92.9,480.24,1250.24,3
Fri_00506,Friday,"Four Square Fair Price Henderson,Four Square Torbay,Four Square Hobsonville",10,123.0,180,303.0,770.0,93.0,480.69,1250.69,3
Fri_00507,Friday,"Four Square Remuera,Four Square St Heliers,New World Metro Queen St",12,87.0,216,303.0,770.0,93.0,480.75,1250.75,3
Fri_00508,Friday,"Four Square Eden Terrace,New World Metro Queen St,Four Square St Heliers",12,87.2,216,303.2,770.0,93.2,481.73,1251.73,3
Fri_00509,Friday,"Four Square Britomart,Four Square Lancaster,Four Square Hobsonville",11,105.5,198,303.5,770.0,93.5,482.97,1252.97,3
Fri_00510,Friday,"Four Square Ellerslie,Pak 'n Save Sylvia Park",13,69.5,234,303.5,770.0,93.5,482.98,1252.98,2
Fri_00511,Friday,"Four Square Onehunga,Four Square Pakuranga Heights,Four Square Fair Price Henderson",11,105.6,198,303.6,770.0,93.6,483.52,1253.52,3
Fri_00512,Friday,"Pak 'n Save Royal Oak,Four Square Ellerslie",14,51.9,252,303.9,770.0,93.9,484.91,1254.91,2
Fri_00513,Friday,"Four Square Ellerslie,Four Square St Heliers,New World Point Chevalier",12,87.9,216,303.9,770.0,93.9,485.34,1255.34,3
Fri_00514,Friday,"Four Square Pakuranga Heights,Four Square Fair Price Henderson,Four Square Hobsonville",10,123.9,180,303.9,770.0,93.9,485.34,1255.34,3
Fri_00515,Friday,"Four Square Eden Terrace,Four Square Britomart,Four Square St Heliers",12,88.0,216,304.0,770.0,94.0,485.5,1255.5,3
Fri_00516,Friday,"Four Square Pakuranga Heights,Four Square Ellerslie,Four Square Lancaster",10,124.1,180,304.1,770.0,94.1,486.04,1256.04,3
Fri_00517,Friday,"Four Square Hobsonville,Four Square Remuera,New World Metro Queen St",11,106.1,198,304.1,770.0,94.1,486.1,1256.1,3
Fri_00518,Friday,"Four Square Ellerslie,New World Metro Queen St,New World Mt Albert",13,70.2,234,304.2,770.0,94.2,486.7,1256.7,3
Fri_00519,Friday,"Four Square Onehunga,Four Square Ellerslie,New World Eastridge",13,70.3,234,304.3,770.0,94.3,487.16,1257.16,3
Fri_00520,Friday,"Four Square Glen Eden,Four Square Torbay,Four Square Ellerslie",9,142.5,162,304.5,770.0,94.5,488.23,1258.23,3
Fri_00521,Friday,"Four Square Pakuranga Heights,Four Square Eden Terrace,Four Square Fair Price Henderson",11,106.6,198,304.6,770.0,94.6,488.64,1258.64,3
Fri_00522,Friday,"New World Howick,Four Square Botany Junction",12,88.7,216,304.7,770.0,94.7,489.25,1259.25,2
Fri_00523,Friday,"New World Howick,Four Square Pakuranga Heights",12,88.7,216,304.7,770.0,94.7,489.32,1259.32,2
Fri_00524,Friday,"Four Square Onehunga,Four Square St Heliers,Four Square Fair Price Henderson",11,106.7,198,304.7,770.0,94.7,489.5,1259.5,3
Fri_00525,Friday,"Four Square Pakuranga Heights,Four Square Britomart,Four Square Eden Terrace",12,88.9,216,304.9,770.0,94.9,490.16,1260.16,3
Fri_00526,Friday,"New World Long Bay,Four Square Torbay",11,107.0,198,305.0,770.0,95.0,490.95,1260.95,2
Fri_00527,Friday,"Four Square Hobsonville,Four Square Lancaster,Four Square Eden Terrace",11,107.3,198,305.3,770.0,95.3,492.35,1262.35,3
Fri_00528,Friday,"Four Square Cockle Bay,Four Square Pakuranga Heights,Four Square Onehunga",12,89.4,216,305.4,770.0,95.4,492.93,1262.93,3
Fri_00529,Friday,"New World Howick,Four Square Eden Terrace",12,89.5,216,305.5,770.0,95.5,493.17,1263.17,2
Fri_00530,Friday,"Four Square Hobsonville,Four Square Britomart,Four Square Remuera",11,107.5,198,305.5,770.0,95.5,493.35,1263.35,3
Fri_00531,Friday,"Four Square Torbay,Four Square Ellerslie,Four Square Remuera",10,125.6,180,305.6,770.0,95.6,493.83,1263.83,3
Fri_00532,Friday,"Four Square Torbay,Four Square Ellerslie,Four Square Eden Terrace",10,125.6,180,305.6,770.0,95.6,493.91,1263.91,3
Fri_00533,Friday,"Four Square Britomart,Four Square Ellerslie,New World Mt Albert",13,71.6,234,305.6,770.0,95.6,493.95,1263.95,3
Fri_00534,Friday,"Four Square Onehunga,Four Square Eden Terrace,New World Point Chevalier",14,53.7,252,305.7,770.0,95.7,494.49,1264.49,3
Fri_00535,Friday,"Four Square Onehunga,Four Square Botany Junction,Four Square Eden Terrace",12,89.8,216,305.8,770.0,95.8,495.04,1265.04,3
Fri_00536,Friday,"Four Square Fair Price Henderson,Four Square Torbay,New World Metro Shore City",10,125.8,180,305.8,770.0,95.8,495.2,1265.2,3
Fri_00537,Friday,"Four Square Onehunga,Four Square Pakuranga Heights,New World Metro Shore City",11,108.0,198,306.0,770.0,96.0,495.89,1265.89,3
Fri_00538,Friday,"Four Square Glen Eden,New World Point Chevalier,Four Square Eden Terrace",13,72.0,234,306.0,770.0,96.0,495.94,1265.94,3
Fri_00539,Friday,"Four Square Fair Price Henderson,Four Square Ellerslie,New World Mt Albert",12,90.1,216,306.1,770.0,96.1,496.62,1266.62,3
Fri_00540,Friday,"New World Long Bay,New World Metro Queen St",11,108.1,198,306.1,770.0,96.1,496.74,1266.74,2
Fri_00541,Friday,"Four Square Lancaster,Four Square Ellerslie,Four Square St Heliers",10,126.2,180,306.2,770.0,96.2,497.05,1267.05,3
Fri_00542,Friday,"Four Square Hobsonville,New World Milford",12,90.2,216,306.2,770.0,96.2,497.25,1267.25,2
Fri_00543,Friday,"Four Square Glen Eden,Four Square Hobsonville,New World Point Chevalier",12,90.3,216,306.3,770.0,96.3,497.53,1267.53,3
Fri_00544,Friday,"Four Square Cockle Bay,New World Eastridge",11,108.5,198,306.5,770.0,96.5,498.56,1268.56,2
Fri_00545,Friday,"Pak 'n Save Lincoln Road,Four Square Fair Price Henderson",14,54.8,252,306.8,770.0,96.8,500.01,1270.01,2
Fri_00546,Friday,"Four Square Ellerslie,Pak 'n Save Botany",12,90.8,216,306.8,770.0,96.8,500.15,1270.15,2
Fri_00547,Friday,"Four Square Fair Price Henderson,New World Browns Bay",11,108.8,198,306.8,770.0,96.8,500.39,1270.39,2
Fri_00548,Friday,"Four Square Cockle Bay,New World Botany",12,91.1,216,307.1,770.0,97.1,501.88,1271.88,2
Fri_00549,Friday,"New World Mt Albert,Four Square Fair Price Henderson,Four Square Glen Eden",13,73.1,234,307.1,770.0,97.1,501.94,1271.94,3
Fri_00550,Friday,"New World Long Bay,Four Square Britomart",11,109.2,198,307.2,770.0,97.2,501.98,1271.98,2
Fri_00551,Friday,"New World Long Bay,Four Square Eden Terrace",11,109.3,198,307.3,770.0,97.3,502.82,1272.82,2
Fri_00552,Friday,"Four Square Lancaster,Four Square Britomart,New World Metro Queen St",12,91.4,216,307.4,770.0,97.4,503.16,1273.16,3
Fri_00553,Friday,"New World Point Chevalier,Four Square Ellerslie,Four Square Botany Junction",12,91.4,216,307.4,770.0,97.4,503.28,1273.28,3
Fri_00554,Friday,"New World Stonefields,Four Square Botany Junction",12,92.0,216,308.0,770.0,98.0,506.15,1276.15,2
Fri_00555,Friday,"Pak 'n Save Wairau Road,Four Square Ellerslie",12,92.0,216,308.0,770.0,98.0,506.54,1276.54,2
Fri_00556,Friday,"Four Square Ellerslie,Pak 'n Save Manukau",13,74.1,234,308.1,770.0,98.1,506.63,1276.63,2
Fri_00557,Friday,"Pak 'n Save Highland Park,Four Square Onehunga",13,74.1,234,308.1,770.0,98.1,506.76,1276.76,2
Fri_00558,Friday,"Pak 'n Save Ormiston,Four Square Botany Junction",13,74.1,234,308.1,770.0,98.1,507.07,1277.07,2
Fri_00559,Friday,"Four Square Lancaster,Four Square Ellerslie,Four Square Botany Junction",10,128.2,180,308.2,770.0,98.2,507.6,1277.6,3
Fri_00560,Friday,"Four Square Remuera,Four Square St Heliers,Four Square Glen Eden",11,110.3,198,308.3,770.0,98.3,507.74,1277.74,3
Fri_00561,Friday,"Four Square Pakuranga Heights,Four Square Remuera,New World Metro Queen St",12,92.3,216,308.3,770.0,98.3,507.84,1277.84,3
Fri_00562,Friday,"New World Metro Shore City,Four Square Ellerslie,New World Mt Albert",12,92.3,216,308.3,770.0,98.3,507.88,1277.88,3
Fri_00563,Friday,"Four Square Britomart,New World Metro Queen St,New World Point Chevalier",14,56.3,252,308.3,770.0,98.3,508.12,1278.12,3
Fri_00564,Friday,"Four Square Cockle Bay,New World Howick",12,92.6,216,308.6,770.0,98.6,509.18,1279.18,2
Fri_00565,Friday,"Four Square Pakuranga Heights,Four Square St Heliers,Four Square Onehunga",12,92.6,216,308.6,770.0,98.6,509.27,1279.27,3
Fri_00566,Friday,"Four Square Botany Junction,New World Metro Queen St,Four Square Britomart",12,92.6,216,308.6,770.0,98.6,509.61,1279.61,3
Fri_00567,Friday,"Four Square Onehunga,Four Square Ellerslie,New World Remuera",14,56.7,252,308.7,770.0,98.7,510.0,1280.0,3
Fri_00568,Friday,"Four Square Botany Junction,Four Square Remuera,Four Square Eden Terrace",12,92.7,216,308.7,770.0,98.7,510.1,1280.1,3
Fri_00569,Friday,"Four Square Botany Junction,Four Square Pakuranga Heights,Four Square Eden Terrace",12,92.8,216,308.8,770.0,98.8,510.41,1280.41,3
Fri_00570,Friday,"Four Square Fair Price Henderson,New World Point Chevalier,Four Square Eden Terrace",13,74.9,234,308.9,770.0,98.9,510.74,1280.74,3
Fri_00571,Friday,"Four Square Lancaster,New World Metro Queen St,Four Square Eden Terrace",12,93.0,216,309.0,770.0,99.0,511.54,1281.54,3
Fri_00572,Friday,"Four Square Pakuranga Heights,Four Square Remuera,Four Square Glen Eden",11,111.2,198,309.2,770.0,99.2,512.41,1282.41,3
Fri_00573,Friday,"Four Square Pakuranga Heights,New World Metro Shore City,Four Square Hobsonville",10,129.3,180,309.3,770.0,99.3,512.97,1282.97,3
Fri_00574,Friday,"Four Square Fair Price Henderson,Four Square Remuera,Four Square St Heliers",11,111.3,198,309.3,770.0,99.3,513.1,1283.1,3
Fri_00575,Friday,"Four Square Ellerslie,Four Square Remuera,New World Eastridge",13,75.6,234,309.6,770.0,99.6,514.38,1284.38,3
Fri_00576,Friday,"Four Square Botany Junction,New World Metro Queen St,Four Square Eden Terrace",12,93.6,216,309.6,770.0,99.6,514.52,1284.52,3
Fri_00577,Friday,"New World Metro Queen St,Four Square Torbay,Four Square Ellerslie",10,129.6,180,309.6,770.0,99.6,514.58,1284.58,3
Fri_00578,Friday,"Four Square Glen Eden,Four Square Fair Price Henderson,Four Square Ellerslie,Four Square Onehunga",12,93.6,216,309.6,770.0,99.6,514.68,1284.68,4
Fri_00579,Friday,"Four Square Glen Eden,Four Square Fair Price Henderson,Four Square Torbay",10,129.7,180,309.7,770.0,99.7,515.24,1285.24,3
Fri_00580,Friday,"Four Square Onehunga,Four Square Cockle Bay,Four Square Botany Junction",12,93.7,216,309.7,770.0,99.7,515.28,1285.28,3
Fri_00581,Friday,"Four Square Eden Terrace,New World Metro Queen St,New World Point Chevalier",14,57.8,252,309.8,770.0,99.8,515.47,1285.47,3
Fri_00582,Friday,"New World Papatoetoe,Four Square Ellerslie,Four Square Remuera",13,75.8,234,309.8,770.0,99.8,515.66,1285.66,3
Fri_00583,Friday,"New World Papatoetoe,Four Square Ellerslie,Four Square Eden Terrace",13,75.8,234,309.8,770.0,99.8,515.74,1285.74,3
Fri_00584,Friday,"Four Square Pakuranga Heights,New World Metro Queen St,Four Square Glen Eden",11,111.9,198,309.9,770.0,99.9,516.29,1286.29,3
Fri_00585,Friday,"Four Square Britomart,Four Square Torbay,Four Square Ellerslie",10,130.1,180,310.1,770.0,100.1,517.32,1287.32,3
Fri_00586,Friday,"Four Square Pakuranga Heights,Four Square Remuera,Four Square Britomart",12,94.1,216,310.1,770.0,100.1,517.4,1287.4,3
Fri_00587,Friday,"Four Square Glen Eden,Four Square Torbay,Four Square Hobsonville",10,130.2,180,310.2,770.0,100.2,517.96,1287.96,3
Fri_00588,Friday,"New World Botany,Four Square Remuera",12,94.3,216,310.3,770.0,100.3,518.33,1288.33,2
Fri_00589,Friday,"New World Metro Shore City,Four Square Britomart,Four Square St Heliers",11,112.4,198,310.4,770.0,100.4,518.7,1288.7,3
Fri_00590,Friday,"Four Square Onehunga,Four Square St Heliers,New World Metro Shore City",11,112.4,198,310.4,770.0,100.4,518.71,1288.71,3
Fri_00591,Friday,"Four Square Britomart,Four Square St Heliers,Four Square Glen Eden",11,112.4,198,310.4,770.0,100.4,518.75,1288.75,3
Fri_00592,Friday,"Four Square Pakuranga Heights,New World Metro Queen St,New World Metro Shore City",11,112.6,198,310.6,770.0,100.6,519.57,1289.57,3
Fri_00593,Friday,"Four Square Onehunga,Four Square Ellerslie,Four Square Remuera,Four Square Eden Terrace",14,58.6,252,310.6,770.0,100.6,519.93,1289.93,4
Fri_00594,Friday,"New World Albany,New World Metro Queen St",12,94.8,216,310.8,770.0,100.8,520.81,1290.81,2
Fri_00595,Friday,"Four Square Pakuranga Heights,Four Square Cockle Bay,Four Square Botany Junction",12,95.0,216,311.0,770.0,101.0,521.81,1291.81,3
Fri_00596,Friday,"Four Square Fair Price Henderson,Four Square Lancaster,New World Metro Queen St",11,113.0,198,311.0,770.0,101.0,522.05,1292.05,3
Fri_00597,Friday,"Four Square Pakuranga Heights,Four Square Remuera,Four Square Fair Price Henderson",11,113.0,198,311.0,770.0,101.0,522.05,1292.05,3
Fri_00598,Friday,"Four Square Lancaster,Four Square Britomart,Four Square Eden Terrace",12,95.1,216,311.1,770.0,101.1,522.41,1292.41,3
Fri_00599,Friday,"Four Square Fair Price Henderson,Four Square Hobsonville,Four Square Botany Junction",10,131.2,180,311.2,770.0,101.2,522.95,1292.95,3
Fri_00600,Friday,"Four Square Onehunga,Four Square Pakuranga Heights,Four Square Hobsonville",11,113.3,198,311.3,770.0,101.3,523.17,1293.17,3
Fri_00601,Friday,"New World Metro Queen St,Four Square St Heliers,Four Square Glen Eden",11,113.3,198,311.3,770.0,101.3,523.19,1293.19,3
Fri_00602,Friday,"New World Metro Shore City,New World Metro Queen St,Four Square St Heliers",11,113.4,198,311.4,770.0,101.4,524.02,1294.02,3
Fri_00603,Friday,"Four Square Fair Price Henderson,Four Square Britomart,Four Square St Heliers",11,113.4,198,311.4,770.0,101.4,524.1,1294.1,3
Fri_00604,Friday,"New World Metro Shore City,Four Square Remuera,Four Square St Heliers",11,113.5,198,311.5,770.0,101.5,524.36,1294.36,3
Fri_00605,Friday,"Four Square Lancaster,New World Hobsonville",12,95.6,216,311.6,770.0,101.6,524.73,1294.73,2
Fri_00606,Friday,"Four Square Lancaster,New World Metro Shore City,Four Square Remuera",11,113.6,198,311.6,770.0,101.6,525.16,1295.16,3
Fri_00607,Friday,"Four Square Cockle Bay,New World Ormiston",12,95.7,216,311.7,770.0,101.7,525.42,1295.42,2
Fri_00608,Friday,"Four Square Onehunga,Four Square Remuera,New World Point Chevalier",14,59.7,252,311.7,770.0,101.7,525.46,1295.46,3
Fri_00609,Friday,"Four Square Fair Price Henderson,Four Square Hobsonville,Four Square St Heliers",10,131.7,180,311.7,770.0,101.7,525.47,1295.47,3
Fri_00610,Friday,"Four Square Pakuranga Heights,Four Square Britomart,New World Metro Shore City",11,113.8,198,311.8,770.0,101.8,525.74,1295.74,3
Fri_00611,Friday,"Four Square Onehunga,Four Square Ellerslie,New World Southmall",13,77.8,234,311.8,770.0,101.8,525.77,1295.77,3
Fri_00612,Friday,"Four Square Pakuranga Heights,Four Square Britomart,Four Square Glen Eden",11,113.8,198,311.8,770.0,101.8,525.84,1295.84,3
Fri_00613,Friday,"Four Square Pakuranga Heights,New World Metro Queen St,Four Square Fair Price Henderson",11,113.8,198,311.8,770.0,101.8,525.93,1295.93,3
Fri_00614,Friday,"New World Albany,Four Square Britomart",12,95.8,216,311.8,770.0,101.8,526.04,1296.04,2
Fri_00615,Friday,"New World Howick,Four Square Remuera",12,95.9,216,311.9,770.0,101.9,526.58,1296.58,2
Fri_00616,Friday,"Four Square Pakuranga Heights,Four Square St Heliers,Four Square Remuera",12,95.9,216,311.9,770.0,101.9,526.65,1296.65,3
Fri_00617,Friday,"New World Albany,Four Square Eden Terrace",12,96.0,216,312.0,770.0,102.0,526.88,1296.88,2
Fri_00618,Friday,"Four Square Fair Price Henderson,Four Square Lancaster,Four Square Britomart",11,114.1,198,312.1,770.0,102.1,527.28,1297.28,3
Fri_00619,Friday,"Four Square Britomart,Four Square Eden Terrace,New World Point Chevalier",14,60.1,252,312.1,770.0,102.1,527.37,1297.37,3
Fri_00620,Friday,"New World Birkenhead,Four Square Hobsonville",12,96.1,216,312.1,770.0,102.1,527.67,1297.67,2
Fri_00621,Friday,"Four Square Onehunga,Four Square Lancaster,Four Square Fair Price Henderson",11,114.1,198,312.1,770.0,102.1,527.68,1297.68,3
Fri_00622,Friday,"Four Square Fair Price Henderson,Four Square Lancaster,Four Square Eden Terrace",11,114.2,198,312.2,770.0,102.2,528.12,1298.12,3
Fri_00623,Friday,"Four Square Eden Terrace,Four Square St Heliers,Four Square Glen Eden",11,114.2,198,312.2,770.0,102.2,528.13,1298.13,3
Fri_00624,Friday,"Four Square Botany Junction,Four Square Eden Terrace,Four Square Fair Price Henderson",11,114.2,198,312.2,770.0,102.2,528.18,1298.18,3
Fri_00625,Friday,"Four Square Pakuranga Heights,Four Square Eden Terrace,Four Square Hobsonville",11,114.2,198,312.2,770.0,102.2,528.29,1298.29,3
Fri_00626,Friday,"Four Square Fair Price Henderson,New World Metro Queen St,Four Square St Heliers",11,114.3,198,312.3,770.0,102.3,528.54,1298.54,3
Fri_00627,Friday,"Four Square Onehunga,Four Square St Heliers,Four Square Hobsonville",11,114.4,198,312.4,770.0,102.4,529.15,1299.15,3
Fri_00628,Friday,"Four Square Botany Junction,Four Square Britomart,Four Square Eden Terrace",12,96.5,216,312.5,770.0,102.5,529.71,1299.71,3
Fri_00629,Friday,"Four Square Onehunga,New World Metro Queen St,Four Square Lancaster",12,96.6,216,312.6,770.0,102.6,530.15,1300.15,3
Fri_00630,Friday,"New World Howick,New World Metro Queen St",12,96.7,216,312.7,770.0,102.7,530.46,1300.46,2
Fri_00631,Friday,"Four Square Pakuranga Heights,Four Square Hobsonville,Four Square Glen Eden",10,132.7,180,312.7,770.0,102.7,530.74,1300.74,3
Fri_00632,Friday,"Pak 'n Save Wairau Road,New World Metro Shore City",13,78.8,234,312.8,770.0,102.8,531.09,1301.09,2
Fri_00633,Friday,"Four Square Onehunga,New World Metro Queen St,New World Point Chevalier",14,60.9,252,312.9,770.0,102.9,531.78,1301.78,3
Fri_00634,Friday,"Four Square Pakuranga Heights,Four Square Botany Junction,Four Square Glen Eden",11,114.9,198,312.9,770.0,102.9,531.84,1301.84,3
Fri_00635,Friday,"New World Birkenhead,New World Metro Queen St",13,78.9,234,312.9,770.0,102.9,531.9,1301.9,2
Fri_00636,Friday,"New World Mt Roskill,Four Square Ellerslie,Four Square Remuera",14,61.0,252,313.0,770.0,103.0,532.01,1302.01,3
Fri_00637,Friday,"Four Square Onehunga,Four Square Botany Junction,New World Metro Queen St",12,97.0,216,313.0,770.0,103.0,532.33,1302.33,3
Fri_00638,Friday,"Four Square Pakuranga Heights,New World Metro Shore City,Four Square Eden Terrace",11,115.0,198,313.0,770.0,103.0,532.39,1302.39,3
Fri_00639,Friday,"Four Square Glen Eden,Four Square Torbay,New World Metro Shore City",10,133.1,180,313.1,770.0,103.1,532.47,1302.47,3
Fri_00640,Friday,"Four Square Fair Price Henderson,New World Milford",12,97.2,216,313.2,770.0,103.2,533.02,1303.02,2
Fri_00641,Friday,"Four Square Fair Price Henderson,Four Square Eden Terrace,Four Square St Heliers",11,115.3,198,313.3,770.0,103.3,533.49,1303.49,3
Fri_00642,Friday,"Four Square Remuera,Four Square Pakuranga Heights,Four Square Botany Junction",12,97.3,216,313.3,770.0,103.3,533.65,1303.65,3
Fri_00643,Friday,"Four Square Pakuranga Heights,Four Square Remuera,New World Metro Shore City",11,115.4,198,313.4,770.0,103.4,534.41,1304.41,3
Fri_00644,Friday,"Four Square Pakuranga Heights,Four Square Britomart,Four Square Fair Price Henderson",11,115.6,198,313.6,770.0,103.6,535.48,1305.48,3
Fri_00645,Friday,"Four Square Ellerslie,Pak 'n Save Papakura",12,97.7,216,313.7,770.0,103.7,535.56,1305.56,2
Fri_00646,Friday,"Four Square Onehunga,Four Square Ellerslie,New World Stonefields",14,61.7,252,313.7,770.0,103.7,535.85,1305.85,3
Fri_00647,Friday,"Four Square Hobsonville,Four Square Ellerslie,New World Mt Albert",12,97.8,216,313.8,770.0,103.8,536.27,1306.27,3
Fri_00648,Friday,"Pak 'n Save Henderson,Four Square Hobsonville",13,79.8,234,313.8,770.0,103.8,536.3,1306.3,2
Fri_00649,Friday,"Four Square Onehunga,Four Square Britomart,Four Square Lancaster",12,97.8,216,313.8,770.0,103.8,536.32,1306.32,3
Fri_00650,Friday,"Four Square Britomart,New World Birkenhead",13,80.0,234,314.0,770.0,104.0,537.08,1307.08,2
Fri_00651,Friday,"Four Square Botany Junction,New World Papakura",12,98.0,216,314.0,770.0,104.0,537.12,1307.12,2
Fri_00652,Friday,"Four Square Hobsonville,New World Metro Shore City,New World Point Chevalier",12,98.0,216,314.0,770.0,104.0,537.12,1307.12,3
Fri_00653,Friday,"Four Square Glen Eden,New World Point Chevalier,New World Metro Queen St",13,80.0,234,314.0,770.0,104.0,537.34,1307.34,3
Fri_00654,Friday,"Four Square Onehunga,Four Square Cockle Bay,Four Square Eden Terrace",12,98.0,216,314.0,770.0,104.0,537.36,1307.36,3
Fri_00655,Friday,"Four Square Eden Terrace,Four Square Ellerslie,New World Eastridge",13,80.1,234,314.1,770.0,104.1,537.8,1307.8,3
Fri_00656,Friday,"Four Square Pakuranga Heights,Four Square St Heliers,Four Square Britomart",12,98.1,216,314.1,770.0,104.1,537.97,1307.97,3
Fri_00657,Friday,"Four Square Hobsonville,Four Square Torbay,New World Metro Queen St",11,116.2,198,314.2,770.0,104.2,538.31,1308.31,3
Fri_00658,Friday,"Four Square Cockle Bay,Four Square Pakuranga Heights,Four Square Eden Terrace",12,98.3,216,314.3,770.0,104.3,538.63,1308.63,3
Fri_00659,Friday,"Four Square Lancaster,New World Devonport",11,116.4,198,314.4,770.0,104.4,539.24,1309.24,2
Fri_00660,Friday,"Four Square Pakuranga Heights,Four Square St Heliers,New World Metro Queen St",12,98.5,216,314.5,770.0,104.5,539.72,1309.72,3
Fri_00661,Friday,"New World Howick,Four Square Britomart",12,98.5,216,314.5,770.0,104.5,540.01,1310.01,2
Fri_00662,Friday,"New World Newmarket,Four Square St Heliers",13,80.5,234,314.5,770.0,104.5,540.05,1310.05,2
Fri_00663,Friday,"Four Square Onehunga,Four Square Britomart,New World Point Chevalier",14,62.8,252,314.8,770.0,104.8,541.33,1311.33,3
Fri_00664,Friday,"Four Square Pakuranga Heights,Four Square St Heliers,Four Square Eden Terrace",12,98.8,216,314.8,770.0,104.8,541.69,1311.69,3
Fri_00665,Friday,"Four Square Onehunga,Four Square Botany Junction,Four Square Britomart",12,98.9,216,314.9,770.0,104.9,541.88,1311.88,3
Fri_00666,Friday,"Four Square Hobsonville,New World Metro Shore City,Four Square Botany Junction",10,134.9,180,314.9,770.0,104.9,542.17,1312.17,3
Fri_00667,Friday,"Four Square Pakuranga Heights,Four Square Ellerslie,New World Mt Albert",13,80.9,234,314.9,770.0,104.9,542.17,1312.17,3
Fri_00668,Friday,"Four Square Onehunga,Four Square Torbay,Four Square Hobsonville",11,117.0,198,315.0,770.0,105.0,542.45,1312.45,3
Fri_00669,Friday,"Four Square Onehunga,Four Square Remuera,Four Square Lancaster",12,99.0,216,315.0,770.0,105.0,542.56,1312.56,3
Fri_00670,Friday,"Four Square Pakuranga Heights,New World Metro Shore City,Four Square Glen Eden",10,135.1,180,315.1,770.0,105.1,542.86,1312.86,3
Fri_00671,Friday,"Four Square Onehunga,Four Square Lancaster,Four Square Eden Terrace",12,99.1,216,315.1,770.0,105.1,542.96,1312.96,3
Fri_00672,Friday,"Four Square Glen Eden,New World Point Chevalier,Four Square Britomart",13,81.2,234,315.2,770.0,105.2,543.46,1313.46,3
Fri_00673,Friday,"Four Square Hobsonville,Four Square Torbay,Four Square Britomart",11,117.2,198,315.2,770.0,105.2,543.54,1313.54,3
Fri_00674,Friday,"Four Square Onehunga,Four Square Ellerslie,New World Victoria Park",14,63.2,252,315.2,770.0,105.2,543.72,1313.72,3
Fri_00675,Friday,"New World Metro Queen St,Four Square Pakuranga Heights,Four Square Botany Junction",12,99.3,216,315.3,770.0,105.3,544.3,1314.3,3
Fri_00676,Friday,"Four Square Hobsonville,Four Square Torbay,Four Square Eden Terrace",11,117.4,198,315.4,770.0,105.4,544.38,1314.38,3
Fri_00677,Friday,"Four Square Hobsonville,New World Metro Shore City,Four Square St Heliers",10,135.4,180,315.4,770.0,105.4,544.69,1314.69,3
Fri_00678,Friday,"New World Metro Queen St,Four Square Remuera,Four Square Botany Junction",12,99.5,216,315.5,770.0,105.5,545.23,1315.23,3
Fri_00679,Friday,"Four Square Cockle Bay,Four Square Fair Price Henderson,Four Square Glen Eden",10,135.7,180,315.7,770.0,105.7,546.05,1316.05,3
Fri_00680,Friday,"Four Square Ellerslie,New World Eastridge,Four Square Britomart",13,81.7,234,315.7,770.0,105.7,546.2,1316.2,3
Fri_00681,Friday,"Four Square Cockle Bay,Four Square Remuera,Four Square Onehunga",12,99.7,216,315.7,770.0,105.7,546.27,1316.27,3
Fri_00682,Friday,"Four Square Ellerslie,Four Square Remuera,New World Remuera",14,63.8,252,315.8,770.0,105.8,546.51,1316.51,3
Fri_00683,Friday,"New World Mt Albert,Four Square Fair Price Henderson,Four Square Hobsonville",13,81.8,234,315.8,770.0,105.8,546.56,1316.56,3
Fri_00684,Friday,"Four Square Remuera,Four Square Lancaster,Four Square Hobsonville",11,117.8,198,315.8,770.0,105.8,546.8,1316.8,3
Fri_00685,Friday,"Four Square Britomart,New World Metro Queen St,Four Square Ellerslie,Four Square Onehunga",14,64.0,252,316.0,770.0,106.0,547.92,1317.92,4
Fri_00686,Friday,"Four Square Ellerslie,New World Eastridge,New World Metro Queen St",13,82.1,234,316.1,770.0,106.1,547.95,1317.95,3
Fri_00687,Friday,"Four Square Ellerslie,Pak 'n Save Glen Innes",13,82.2,234,316.2,770.0,106.2,548.59,1318.59,2
Fri_00688,Friday,"Pak 'n Save Highland Park,Four Square Pakuranga Heights",13,82.2,234,316.2,770.0,106.2,548.61,1318.61,2
Fri_00689,Friday,"Four Square Glen Eden,Four Square Remuera,Four Square Botany Junction",11,118.4,198,316.4,770.0,106.4,549.55,1319.55,3
Fri_00690,Friday,"Four Square Cockle Bay,New World Stonefields",12,100.4,216,316.4,770.0,106.4,549.76,1319.76,2
Fri_00691,Friday,"Four Square Hobsonville,New World Point Chevalier,Four Square Eden Terrace",13,82.5,234,316.5,770.0,106.5,550.39,1320.39,3
Fri_00692,Friday,"Four Square Britomart,Four Square Pakuranga Heights,Four Square Botany Junction",12,100.5,216,316.5,770.0,106.5,550.42,1320.42,3
Fri_00693,Friday,"Four Square Britomart,Four Square Remuera,Four Square Botany Junction",12,100.7,216,316.7,770.0,106.7,551.35,1321.35,3
Fri_00694,Friday,"New World Birkenhead,Four Square Lancaster",13,82.8,234,316.8,770.0,106.8,551.55,1321.55,2
Fri_00695,Friday,"Four Square Fair Price Henderson,New World Point Chevalier,New World Metro Queen St",13,82.9,234,316.9,770.0,106.9,552.14,1322.14,3
Fri_00696,Friday,"Pak 'n Save Highland Park,Four Square Eden Terrace",13,82.9,234,316.9,770.0,106.9,552.46,1322.46,2
Fri_00697,Friday,"Four Square Pakuranga Heights,New World Metro Shore City,Four Square Fair Price Henderson",10,136.9,180,316.9,770.0,106.9,552.5,1322.5,3
Fri_00698,Friday,"Four Square Hobsonville,Four Square Remuera,Four Square St Heliers",11,119.0,198,317.0,770.0,107.0,552.74,1322.74,3
Fri_00699,Friday,"Four Square Lancaster,New World Metro Queen St,Four Square Glen Eden",11,119.0,198,317.0,770.0,107.0,552.86,1322.86,3
Fri_00700,Friday,"New World Papatoetoe,Four Square Ellerslie,New World Metro Queen St",13,83.0,234,317.0,770.0,107.0,553.03,1323.03,3
Fri_00701,Friday,"Four Square Fair Price Henderson,Four Square Pakuranga Heights,Four Square Botany Junction",11,119.0,198,317.0,770.0,107.0,553.09,1323.09,3
Fri_00702,Friday,"New World Browns Bay,New World Metro Queen St",12,101.1,216,317.1,770.0,107.1,553.19,1323.19,2
Fri_00703,Friday,"Four Square Cockle Bay,New World Remuera",12,101.2,216,317.2,770.0,107.2,553.97,1323.97,2
Fri_00704,Friday,"Four Square Fair Price Henderson,Four Square Remuera,Four Square Botany Junction",11,119.2,198,317.2,770.0,107.2,554.02,1324.02,3
Fri_00705,Friday,"Four Square Glen Eden,New World Point Chevalier,New World Metro Shore City",12,101.4,216,317.4,770.0,107.4,554.72,1324.72,3
Fri_00706,Friday,"Four Square Eden Terrace,New World Metro Queen St,Four Square Ellerslie,Four Square Onehunga",14,65.5,252,317.5,770.0,107.5,555.27,1325.27,4
Fri_00707,Friday,"Four Square Ellerslie,New World Remuera,Four Square Eden Terrace",14,65.6,252,317.6,770.0,107.6,555.93,1325.93,3
Fri_00708,Friday,"New World Metro Shore City,Four Square St Heliers,Four Square Eden Terrace",11,119.8,198,317.8,770.0,107.8,556.87,1326.87,3
Fri_00709,Friday,"Four Square Onehunga,Four Square Torbay,New World Metro Shore City",11,119.8,198,317.8,770.0,107.8,556.95,1326.95,3
Fri_00710,Friday,"Four Square Onehunga,Four Square Ellerslie,Four Square Remuera,New World Metro Queen St",14,65.8,252,317.8,770.0,107.8,557.22,1327.22,4
Fri_00711,Friday,"New World Papatoetoe,Four Square Ellerslie,Four Square Glen Eden",12,101.9,216,317.9,770.0,107.9,557.59,1327.59,3
Fri_00712,Friday,"New World Metro Shore City,New World Metro Queen St,New World Point Chevalier",13,84.0,234,318.0,770.0,108.0,557.76,1327.76,3
Fri_00713,Friday,"New World Milford,New World Metro Queen St",13,84.0,234,318.0,770.0,108.0,557.86,1327.86,2
Fri_00714,Friday,"Four Square Lancaster,Four Square Britomart,Four Square Glen Eden",11,120.0,198,318.0,770.0,108.0,558.09,1328.09,3
Fri_00715,Friday,"Four Square Fair Price Henderson,New World Point Chevalier,Four Square Britomart",13,84.1,234,318.1,770.0,108.1,558.26,1328.26,3
Fri_00716,Friday,"Four Square Onehunga,New World Metro Shore City,New World Point Chevalier",13,84.1,234,318.1,770.0,108.1,558.35,1328.35,3
Fri_00717,Friday,"New World Browns Bay,Four Square Britomart",12,102.1,216,318.1,770.0,108.1,558.42,1328.42,2
Fri_00718,Friday,"Four Square Ellerslie,Four Square St Heliers,New World Mt Albert",13,84.1,234,318.1,770.0,108.1,558.57,1328.57,3
Fri_00719,Friday,"New World Metro Queen St,Four Square Torbay,New World Metro Shore City",11,120.2,198,318.2,770.0,108.2,558.82,1328.82,3
Fri_00720,Friday,"Four Square Botany Junction,New World Metro Queen St,New World Metro Shore City",11,120.2,198,318.2,770.0,108.2,559.11,1329.11,3
Fri_00721,Friday,"New World Browns Bay,Four Square Eden Terrace",12,102.2,216,318.2,770.0,108.2,559.26,1329.26,2
Fri_00722,Friday,"Four Square Lancaster,New World Long Bay",11,120.3,198,318.3,770.0,108.3,559.57,1329.57,2
Fri_00723,Friday,"New World Long Bay,Four Square Remuera",11,120.5,198,318.5,770.0,108.5,560.35,1330.35,2
Fri_00724,Friday,"Four Square Fair Price Henderson,Four Square Hobsonville,Four Square Ellerslie,Four Square Onehunga",12,102.5,216,318.5,770.0,108.5,560.36,1330.36,4
Fri_00725,Friday,"Four Square Glen Eden,Four Square Fair Price Henderson,Four Square Hobsonville,Four Square Ellerslie",11,120.6,198,318.6,770.0,108.6,560.87,1330.87,4
Fri_00726,Friday,"Four Square Britomart,Four Square Ellerslie,New World Papatoetoe",13,84.6,234,318.6,770.0,108.6,560.92,1330.92,3
Fri_00727,Friday,"Four Square Ellerslie,Four Square St Heliers,New World Eastridge",13,84.6,234,318.6,770.0,108.6,561.01,1331.01,3
Fri_00728,Friday,"Four Square Britomart,Four Square Torbay,New World Metro Shore City",11,120.7,198,318.7,770.0,108.7,561.55,1331.55,3
Fri_00729,Friday,"Four Square Pakuranga Heights,Four Square Remuera,Four Square Hobsonville",11,120.7,198,318.7,770.0,108.7,561.69,1331.69,3
Fri_00730,Friday,"Four Square Onehunga,Four Square Ellerslie,Four Square Remuera,Four Square Glen Eden",13,84.7,234,318.7,770.0,108.7,561.78,1331.78,4
Fri_00731,Friday,"Four Square Onehunga,Four Square Ellerslie,Four Square Eden Terrace,Four Square Glen Eden",13,84.7,234,318.7,770.0,108.7,561.86,1331.86,4
Fri_00732,Friday,"Four Square Pakuranga Heights,Pak 'n Save Ormiston",13,84.8,234,318.8,770.0,108.8,562.36,1332.36,2
Fri_00733,Friday,"Four Square Glen Eden,Four Square Hobsonville,Four Square St Heliers",10,138.9,180,318.9,770.0,108.9,562.73,1332.73,3
Fri_00734,Friday,"Four Square Remuera,Four Square Eden Terrace,New World Point Chevalier",14,66.9,252,318.9,770.0,108.9,562.9,1332.9,3
Fri_00735,Friday,"Four Square Britomart,New World Metro Shore City,New World Point Chevalier",13,85.0,234,319.0,770.0,109.0,562.94,1332.94,3
Fri_00736,Friday,"Four Square Britomart,New World Milford",13,85.0,234,319.0,770.0,109.0,563.04,1333.04,2
Fri_00737,Friday,"Pak 'n Save Highland Park,Four Square Botany Junction",13,85.0,234,319.0,770.0,109.0,563.4,1333.4,2
Fri_00738,Friday,"Four Square Fair Price Henderson,Four Square Ellerslie,New World Papatoetoe",12,103.1,216,319.1,770.0,109.1,563.59,1333.59,3
Fri_00739,Friday,"Four Square Hobsonville,Four Square Britomart,Four Square St Heliers",11,121.1,198,319.1,770.0,109.1,563.75,1333.75,3
Fri_00740,Friday,"New World Metro Shore City,Four Square Eden Terrace,New World Point Chevalier",13,85.1,234,319.1,770.0,109.1,563.83,1333.83,3
Fri_00741,Friday,"Four Square Glen Eden,Four Square Fair Price Henderson,Four Square Ellerslie,Four Square Remuera",12,103.2,216,319.2,770.0,109.2,564.09,1334.09,4
Fri_00742,Friday,"Four Square Glen Eden,Four Square Fair Price Henderson,Four Square Ellerslie,Four Square Eden Terrace",12,103.2,216,319.2,770.0,109.2,564.17,1334.17,4
Fri_00743,Friday,"New World Metro Shore City,Four Square Pakuranga Heights,Four Square Botany Junction",11,121.2,198,319.2,770.0,109.2,564.35,1334.35,3
Fri_00744,Friday,"Four Square Fair Price Henderson,New World Metro Queen St,Four Square Botany Junction",11,121.3,198,319.3,770.0,109.3,564.67,1334.67,3
Fri_00745,Friday,"Four Square Botany Junction,Four Square Britomart,New World Metro Shore City",11,121.4,198,319.4,770.0,109.4,565.28,1335.28,3
Fri_00746,Friday,"New World Metro Shore City,Four Square Remuera,Four Square Botany Junction",11,121.4,198,319.4,770.0,109.4,565.28,1335.28,3
Fri_00747,Friday,"Four Square Pakuranga Heights,New World Metro Queen St,Four Square Hobsonville",11,121.5,198,319.5,770.0,109.5,565.58,1335.58,3
Fri_00748,Friday,"Four Square Lancaster,Four Square Torbay,Four Square Ellerslie",10,139.7,180,319.7,770.0,109.7,566.59,1336.59,3
Fri_00749,Friday,"Four Square Pakuranga Heights,Four Square St Heliers,Four Square Glen Eden",11,121.7,198,319.7,770.0,109.7,566.7,1336.7,3
Fri_00750,Friday,"Four Square Onehunga,Four Square Ellerslie,Four Square Remuera,Four Square Britomart",14,67.7,252,319.7,770.0,109.7,566.77,1336.77,4
Fri_00751,Friday,"Pak 'n Save Wairau Road,Four Square Hobsonville",13,85.9,234,319.9,770.0,109.9,567.75,1337.75,2
Fri_00752,Friday,"Four Square Botany Junction,Four Square Eden Terrace,Four Square Hobsonville",11,121.9,198,319.9,770.0,109.9,567.83,1337.83,3
Fri_00753,Friday,"Four Square Hobsonville,New World Metro Queen St,Four Square St Heliers",11,122.0,198,320.0,770.0,110.0,568.19,1338.19,3
Fri_00754,Friday,"Four Square Fair Price Henderson,Four Square Eden Terrace,Four Square Ellerslie,Four Square Onehunga",13,86.0,234,320.0,770.0,110.0,568.38,1338.38,4
Fri_00755,Friday,"Four Square Torbay,New World Metro Shore City,Four Square Eden Terrace",11,122.2,198,320.2,770.0,110.2,569.53,1339.53,3
Fri_00756,Friday,"Four Square Fair Price Henderson,New World Point Chevalier,New World Metro Shore City",12,104.2,216,320.2,770.0,110.2,569.53,1339.53,3
Fri_00757,Friday,"Four Square Eden Terrace,Four Square Britomart,Four Square Ellerslie,Four Square Onehunga",14,68.2,252,320.2,770.0,110.2,569.6,1339.6,4
Fri_00758,Friday,"Pak 'n Save Lincoln Road,Four Square Hobsonville",14,68.3,252,320.3,770.0,110.3,570.13,1340.13,2
Fri_00759,Friday,"Four Square Fair Price Henderson,Four Square Britomart,Four Square Botany Junction",11,122.5,198,320.5,770.0,110.5,570.79,1340.79,3
Fri_00760,Friday,"Four Square Onehunga,Four Square Ellerslie,Four Square Remuera,Four Square Fair Price Henderson",13,86.6,234,320.6,770.0,110.6,571.42,1341.42,4
Fri_00761,Friday,"Four Square Botany Junction,New World Metro Shore City,Four Square Eden Terrace",11,122.7,198,320.7,770.0,110.7,571.93,1341.93,3
Fri_00762,Friday,"Four Square Cockle Bay,Four Square Pakuranga Heights,Four Square Remuera",12,104.7,216,320.7,770.0,110.7,572.04,1342.04,3
Fri_00763,Friday,"New World Botany,Four Square St Heliers",12,104.8,216,320.8,770.0,110.8,572.62,1342.62,2
Fri_00764,Friday,"Four Square Botany Junction,Four Square Cockle Bay,Four Square Eden Terrace",12,104.8,216,320.8,770.0,110.8,572.72,1342.72,3
Fri_00765,Friday,"Four Square Hobsonville,Four Square Eden Terrace,Four Square St Heliers",11,122.9,198,320.9,770.0,110.9,573.13,1343.13,3
Fri_00766,Friday,"Four Square Fair Price Henderson,Four Square Torbay,New World Metro Queen St",11,123.1,198,321.1,770.0,111.1,574.08,1344.08,3
Fri_00767,Friday,"Four Square Cockle Bay,Four Square Ellerslie,New World Point Chevalier",12,105.1,216,321.1,770.0,111.1,574.27,1344.27,3
Fri_00768,Friday,"New World Mt Albert,Four Square Ellerslie,Four Square Botany Junction",13,87.2,234,321.2,770.0,111.2,574.54,1344.54,3
Fri_00769,Friday,"Four Square Lancaster,Four Square Remuera,Four Square Eden Terrace",12,105.2,216,321.2,770.0,111.2,574.61,1344.61,3
Fri_00770,Friday,"Four Square Onehunga,Four Square Cockle Bay,New World Metro Queen St",12,105.2,216,321.2,770.0,111.2,574.65,1344.65,3
Fri_00771,Friday,"New World Metro Shore City,Four Square Ellerslie,New World Papatoetoe",12,105.3,216,321.3,770.0,111.3,574.85,1344.85,3
Fri_00772,Friday,"Four Square Ellerslie,New World Eastridge,Four Square Glen Eden",12,105.3,216,321.3,770.0,111.3,574.94,1344.94,3
Fri_00773,Friday,"Four Square Pakuranga Heights,Four Square Britomart,Four Square Hobsonville",11,123.3,198,321.3,770.0,111.3,575.13,1345.13,3
Fri_00774,Friday,"Four Square Onehunga,Four Square St Heliers,Four Square Botany Junction",12,105.4,216,321.4,770.0,111.4,575.36,1345.36,3
Fri_00775,Friday,"Pak 'n Save Albany,Four Square Ellerslie",12,105.4,216,321.4,770.0,111.4,575.39,1345.39,2
Fri_00776,Friday,"Four Square Cockle Bay,New World Metro Queen St,Four Square Britomart",12,105.4,216,321.4,770.0,111.4,575.39,1345.39,3
Fri_00777,Friday,"Four Square Cockle Bay,Four Square Remuera,Four Square Eden Terrace",12,105.5,216,321.5,770.0,111.5,575.89,1345.89,3
Fri_00778,Friday,"Four Square Cockle Bay,Four Square Pakuranga Heights,New World Metro Queen St",12,105.5,216,321.5,770.0,111.5,575.92,1345.92,3
Fri_00779,Friday,"Four Square Ellerslie,New World Stonefields,Four Square Remuera",14,69.5,252,321.5,770.0,111.5,576.05,1346.05,3
Fri_00780,Friday,"Four Square Fair Price Henderson,Four Square Glen Eden,New World New Lynn",14,69.5,252,321.5,770.0,111.5,576.33,1346.33,3
Fri_00781,Friday,"Four Square Pakuranga Heights,Four Square St Heliers,Four Square Fair Price Henderson",11,123.6,198,321.6,770.0,111.6,576.34,1346.34,3
Fri_00782,Friday,"Four Square Eden Terrace,Four Square Ellerslie,New World Southmall",13,87.6,234,321.6,770.0,111.6,576.41,1346.41,3
Fri_00783,Friday,"New World Southmall,Four Square Ellerslie,Four Square Remuera",13,87.6,234,321.6,770.0,111.6,576.62,1346.62,3
Fri_00784,Friday,"Four Square Fair Price Henderson,New World Metro Shore City,Four Square Botany Junction",10,141.9,180,321.9,770.0,111.9,577.94,1347.94,3
Fri_00785,Friday,"Four Square Fair Price Henderson,Four Square Torbay,Four Square Britomart",11,124.1,198,322.1,770.0,112.1,579.31,1349.31,3
Fri_00786,Friday,"Four Square Hobsonville,New World Metro Shore City,Four Square Ellerslie,Four Square Onehunga",12,106.2,216,322.2,770.0,112.2,579.58,1349.58,4
Fri_00787,Friday,"New World Howick,Four Square St Heliers",12,106.3,216,322.3,770.0,112.3,580.09,1350.09,2
Fri_00788,Friday,"Four Square Fair Price Henderson,Four Square Torbay,Four Square Eden Terrace",11,124.3,198,322.3,770.0,112.3,580.15,1350.15,3
Fri_00789,Friday,"New World Mt Albert,Four Square Eden Terrace,New World Metro Queen St",15,52.3,270,322.3,770.0,112.3,580.25,1350.25,3
Fri_00790,Friday,"Four Square Fair Price Henderson,Four Square Ellerslie,New World Eastridge",12,106.3,216,322.3,770.0,112.3,580.29,1350.29,3
Fri_00791,Friday,"Four Square Cockle Bay,New World Metro Queen St,Four Square Eden Terrace",12,106.3,216,322.3,770.0,112.3,580.3,1350.3,3
Fri_00792,Friday,"Four Square Fair Price Henderson,New World Metro Shore City,Four Square St Heliers",10,142.3,180,322.3,770.0,112.3,580.46,1350.46,3
Fri_00793,Friday,"Four Square Cockle Bay,Four Square Pakuranga Heights,Four Square Glen Eden",11,124.4,198,322.4,770.0,112.4,580.48,1350.48,3
Fri_00794,Friday,"Four Square Ellerslie,Four Square Botany Junction,New World Papatoetoe",13,88.5,234,322.5,770.0,112.5,581.18,1351.18,3
Fri_00795,Friday,"Four Square Britomart,New World Metro Queen St,New World Mt Albert",15,52.5,270,322.5,770.0,112.5,581.36,1351.36,3
Fri_00796,Friday,"Four Square Ellerslie,New World Stonefields,Four Square Eden Terrace",14,70.6,252,322.6,770.0,112.6,581.78,1351.78,3
Fri_00797,Friday,"New World Metro Shore City,Four Square St Heliers,Four Square Glen Eden",10,142.6,180,322.6,770.0,112.6,581.88,1351.88,3
Fri_00798,Friday,"Four Square Fair Price Henderson,Four Square Torbay,Four Square Onehunga",11,124.7,198,322.7,770.0,112.7,582.46,1352.46,3
Fri_00799,Friday,"Four Square Torbay,New World Browns Bay",12,106.9,216,322.9,770.0,112.9,583.25,1353.25,2
Fri_00800,Friday,"Four Square Lancaster,New World Albany",12,107.0,216,323.0,770.0,113.0,583.63,1353.63,2
Fri_00801,Friday,"Four Square Onehunga,Four Square Ellerslie,Four Square Remuera,New World Metro Shore City",13,89.0,234,323.0,770.0,113.0,583.79,1353.79,4
Fri_00802,Friday,"Four Square Onehunga,Four Square Cockle Bay,Four Square Britomart",12,107.1,216,323.1,770.0,113.1,584.2,1354.2,3
Fri_00803,Friday,"Four Square Cockle Bay,Four Square Eden Terrace,Four Square Glen Eden",11,125.1,198,323.1,770.0,113.1,584.33,1354.33,3
Fri_00804,Friday,"New World Albany,Four Square Remuera",12,107.1,216,323.1,770.0,113.1,584.42,1354.42,2
Fri_00805,Friday,"Four Square Cockle Bay,Four Square Pakuranga Heights,Four Square Britomart",12,107.3,216,323.3,770.0,113.3,585.47,1355.47,3
Fri_00806,Friday,"Four Square Fair Price Henderson,Four Square Lancaster,Four Square Remuera",11,125.4,198,323.4,770.0,113.4,585.66,1355.66,3
Fri_00807,Friday,"Pak 'n Save Highland Park,Four Square Remuera",13,89.4,234,323.4,770.0,113.4,585.86,1355.86,2
Fri_00808,Friday,"Four Square Fair Price Henderson,Four Square Hobsonville,New World Metro Shore City,Four Square Ellerslie",11,125.4,198,323.4,770.0,113.4,586.12,1356.12,4
Fri_00809,Friday,"Four Square Pakuranga Heights,New World Papakura",12,107.5,216,323.5,770.0,113.5,586.41,1356.41,2
Fri_00810,Friday,"Four Square Lancaster,Four Square Ellerslie,New World Point Chevalier",12,108.0,216,324.0,770.0,114.0,588.84,1358.84,3
Fri_00811,Friday,"Four Square Ellerslie,Four Square Remuera,New World Victoria Park",14,72.1,252,324.1,770.0,114.1,589.57,1359.57,3
Fri_00812,Friday,"Pak 'n Save Highland Park,New World Metro Queen St",13,90.1,234,324.1,770.0,114.1,589.75,1359.75,2
Fri_00813,Friday,"Four Square Cockle Bay,Four Square Pakuranga Heights,Four Square Fair Price Henderson",11,126.2,198,324.2,770.0,114.2,590.12,1360.12,3
Fri_00814,Friday,"New World Victoria Park,New World Metro Queen St,Four Square Ellerslie",14,72.3,252,324.3,770.0,114.3,590.53,1360.53,3
Fri_00815,Friday,"Four Square Cockle Bay,Four Square Fair Price Henderson,Four Square Hobsonville",10,144.3,180,324.3,770.0,114.3,590.67,1360.67,3
Fri_00816,Friday,"New World Newmarket,Four Square Ellerslie,Four Square Onehunga",15,54.4,270,324.4,770.0,114.4,591.06,1361.06,3
Fri_00817,Friday,"Four Square Cockle Bay,Four Square Ellerslie,Four Square Lancaster",10,144.5,180,324.5,770.0,114.5,591.37,1361.37,3
Fri_00818,Friday,"New World Metro Shore City,Four Square Ellerslie,New World Eastridge",12,108.5,216,324.5,770.0,114.5,591.55,1361.55,3
Fri_00819,Friday,"Four Square Hobsonville,New World Point Chevalier,New World Metro Queen St",13,90.5,234,324.5,770.0,114.5,591.79,1361.79,3
Fri_00820,Friday,"Four Square Hobsonville,Four Square Pakuranga Heights,Four Square Botany Junction",11,126.7,198,324.7,770.0,114.7,592.74,1362.74,3
Fri_00821,Friday,"Four Square Ellerslie,Pak 'n Save Clendon",13,90.8,234,324.8,770.0,114.8,593.16,1363.16,2
Fri_00822,Friday,"Four Square Ellerslie,New World Remuera,New World Metro Queen St",14,72.8,252,324.8,770.0,114.8,593.22,1363.22,3
Fri_00823,Friday,"Four Square Hobsonville,Four Square Remuera,Four Square Botany Junction",11,126.9,198,324.9,770.0,114.9,593.67,1363.67,3
Fri_00824,Friday,"Four Square Cockle Bay,Four Square Eden Terrace,Four Square Fair Price Henderson",11,127.0,198,325.0,770.0,115.0,593.97,1363.97,3
Fri_00825,Friday,"Four Square Ellerslie,Four Square Eden Terrace,New World Victoria Park",14,73.0,252,325.0,770.0,115.0,594.31,1364.31,3
Fri_00826,Friday,"New World Mt Albert,Four Square Eden Terrace,Four Square Britomart",15,55.1,270,325.1,770.0,115.1,594.58,1364.58,3
Fri_00827,Friday,"Four Square Cockle Bay,Four Square Botany Junction,Four Square Glen Eden",11,127.2,198,325.2,770.0,115.2,595.34,1365.34,3
Fri_00828,Friday,"Four Square Cockle Bay,Four Square Britomart,Four Square Eden Terrace",12,109.3,216,325.3,770.0,115.3,595.49,1365.49,3
Fri_00829,Friday,"Four Square Torbay,New World Hobsonville",12,109.3,216,325.3,770.0,115.3,595.89,1365.89,2
Fri_00830,Friday,"Four Square Lancaster,Four Square Torbay,Four Square Hobsonville",11,127.4,198,325.4,770.0,115.4,596.32,1366.32,3
Fri_00831,Friday,"Four Square Remuera,Four Square Cockle Bay,Four Square Botany Junction",12,109.6,216,325.6,770.0,115.6,597.16,1367.16,3
Fri_00832,Friday,"Four Square Lancaster,New World Metro Queen St,Four Square Remuera",12,109.6,216,325.6,770.0,115.6,597.25,1367.25,3
Fri_00833,Friday,"Four Square Britomart,New World Metro Queen St,Four Square Ellerslie,Four Square Remuera",14,73.6,252,325.6,770.0,115.6,597.33,1367.33,4
Fri_00834,Friday,"Four Square Britomart,New World Metro Queen St,Four Square Ellerslie,Four Square Eden Terrace",14,73.6,252,325.6,770.0,115.6,597.41,1367.41,4
Fri_00835,Friday,"New World Metro Shore City,New World Metro Queen St,Four Square Ellerslie,Four Square Onehunga",13,91.7,234,325.7,770.0,115.7,597.56,1367.56,4
Fri_00836,Friday,"Four Square Glen Eden,New World Metro Queen St,Four Square Ellerslie,Four Square Onehunga",13,91.7,234,325.7,770.0,115.7,597.61,1367.61,4
Fri_00837,Friday,"Four Square Glen Eden,Four Square Hobsonville,Four Square Ellerslie,Four Square Onehunga",12,109.7,216,325.7,770.0,115.7,597.63,1367.63,4
Fri_00838,Friday,"Four Square Ellerslie,New World Remuera,Four Square Glen Eden",13,91.7,234,325.7,770.0,115.7,597.78,1367.78,3
Fri_00839,Friday,"Four Square Hobsonville,New World Point Chevalier,Four Square Britomart",13,91.7,234,325.7,770.0,115.7,597.91,1367.91,3
Fri_00840,Friday,"Four Square Botany Junction,Four Square Pakuranga Heights,Four Square St Heliers",12,109.8,216,325.8,770.0,115.8,598.11,1368.11,3
Fri_00841,Friday,"Four Square Onehunga,Four Square Remuera,New World Mt Albert",15,55.9,270,325.9,770.0,115.9,598.69,1368.69,3
Fri_00842,Friday,"Pak 'n Save Highland Park,Four Square Britomart",13,92.0,234,326.0,770.0,116.0,599.3,1369.3,2
Fri_00843,Friday,"New World Victoria Park,Four Square Britomart,Four Square Ellerslie",14,74.0,252,326.0,770.0,116.0,599.43,1369.43,3
Fri_00844,Friday,"Four Square Fair Price Henderson,New World Point Chevalier,Four Square Remuera",13,92.1,234,326.1,770.0,116.1,599.97,1369.97,3
Fri_00845,Friday,"Four Square Remuera,New World Metro Queen St,New World Point Chevalier",14,74.2,252,326.2,770.0,116.2,600.19,1370.19,3
Fri_00846,Friday,"Four Square Ellerslie,Four Square Pakuranga Heights,New World Papatoetoe",13,92.2,234,326.2,770.0,116.2,600.33,1370.33,3
Fri_00847,Friday,"Four Square Pakuranga Heights,Four Square Ellerslie,Four Square Torbay",10,146.2,180,326.2,770.0,116.2,600.43,1370.43,3
Fri_00848,Friday,"Four Square Britomart,Four Square Ellerslie,New World Remuera",14,74.2,252,326.2,770.0,116.2,600.46,1370.46,3
Fri_00849,Friday,"Four Square Onehunga,Four Square Cockle Bay,New World Metro Shore City",11,128.4,198,326.4,770.0,116.4,601.22,1371.22,3
Fri_00850,Friday,"Four Square Glen Eden,Four Square Fair Price Henderson,Four Square Ellerslie,New World Metro Queen St",12,110.4,216,326.4,770.0,116.4,601.46,1371.46,4
Fri_00851,Friday,"Four Square Hobsonville,Four Square Torbay,Four Square Remuera",11,128.5,198,326.5,770.0,116.5,601.92,1371.92,3
Fri_00852,Friday,"Four Square Fair Price Henderson,New World Metro Queen St,Four Square Ellerslie,Four Square Onehunga",13,92.5,234,326.5,770.0,116.5,602.08,1372.08,4
Fri_00853,Friday,"Four Square Torbay,New World Albany",12,110.6,216,326.6,770.0,116.6,602.22,1372.22,2
Fri_00854,Friday,"Four Square Lancaster,Four Square Britomart,Four Square Remuera",12,110.6,216,326.6,770.0,116.6,602.48,1372.48,3
Fri_00855,Friday,"Four Square Cockle Bay,Four Square Pakuranga Heights,New World Metro Shore City",11,128.6,198,326.6,770.0,116.6,602.49,1372.49,3
Fri_00856,Friday,"Pak 'n Save Highland Park,Four Square Cockle Bay",13,92.7,234,326.7,770.0,116.7,602.78,1372.78,2
Fri_00857,Friday,"New World Metro Shore City,Four Square Britomart,Four Square Ellerslie,Four Square Onehunga",13,92.7,234,326.7,770.0,116.7,602.79,1372.79,4
Fri_00858,Friday,"Four Square Torbay,Four Square Ellerslie,Four Square St Heliers",10,146.7,180,326.7,770.0,116.7,603.07,1373.07,3
Fri_00859,Friday,"Four Square Fair Price Henderson,Four Square Ellerslie,New World Remuera",13,92.7,234,326.7,770.0,116.7,603.14,1373.14,3
Fri_00860,Friday,"Four Square Remuera,Four Square St Heliers,Four Square Botany Junction",12,110.8,216,326.8,770.0,116.8,603.24,1373.24,3
Fri_00861,Friday,"Four Square Hobsonville,Four Square Ellerslie,New World Papatoetoe",12,110.8,216,326.8,770.0,116.8,603.24,1373.24,3
Fri_00862,Friday,"Four Square Ellerslie,Four Square Remuera,New World Metro Queen St,Four Square Eden Terrace",14,74.8,252,326.8,770.0,116.8,603.68,1373.68,4
Fri_00863,Friday,"Four Square Glen Eden,Four Square Britomart,Four Square Ellerslie,Four Square Onehunga",13,92.9,234,326.9,770.0,116.9,603.73,1373.73,4
Fri_00864,Friday,"Pak 'n Save Albany,Four Square Hobsonville",13,93.1,234,327.1,770.0,117.1,605.12,1375.12,2
Fri_00865,Friday,"Four Square Pakuranga Heights,Four Square St Heliers,New World Metro Shore City",11,129.2,198,327.2,770.0,117.2,605.55,1375.55,3
Fri_00866,Friday,"Four Square Pakuranga Heights,Four Square Lancaster,New World Metro Shore City",11,129.2,198,327.2,770.0,117.2,605.75,1375.75,3
Fri_00867,Friday,"Four Square Britomart,Four Square Remuera,New World Point Chevalier",14,75.6,252,327.6,770.0,117.6,607.44,1377.44,3
Fri_00868,Friday,"Four Square Ellerslie,Four Square Remuera,Four Square Eden Terrace,Four Square Glen Eden",13,93.6,234,327.6,770.0,117.6,607.71,1377.71,4
Fri_00869,Friday,"New World Metro Queen St,Four Square Cockle Bay,Four Square Botany Junction",12,111.6,216,327.6,770.0,117.6,607.81,1377.81,3
Fri_00870,Friday,"Four Square Hobsonville,Four Square Eden Terrace,Four Square Ellerslie,Four Square Onehunga",13,93.7,234,327.7,770.0,117.7,608.03,1378.03,4
Fri_00871,Friday,"Four Square Ellerslie,Four Square Remuera,New World New Lynn",14,75.7,252,327.7,770.0,117.7,608.04,1378.04,3
Fri_00872,Friday,"Four Square Ellerslie,Four Square Eden Terrace,New World New Lynn",14,75.7,252,327.7,770.0,117.7,608.12,1378.12,3
Fri_00873,Friday,"Four Square Fair Price Henderson,Four Square Britomart,Four Square Ellerslie,Four Square Onehunga",13,93.7,234,327.7,770.0,117.7,608.2,1378.2,4
Fri_00874,Friday,"Four Square Lancaster,New World Milford",13,93.8,234,327.8,770.0,117.8,608.41,1378.41,2
Fri_00875,Friday,"Four Square Glen Eden,Four Square Fair Price Henderson,Four Square Britomart,Four Square Ellerslie",12,111.8,216,327.8,770.0,117.8,608.7,1378.7,4
Fri_00876,Friday,"Four Square Fair Price Henderson,Pak 'n Save Wairau Road",13,93.8,234,327.8,770.0,117.8,608.85,1378.85,2
Fri_00877,Friday,"Four Square Torbay,Four Square Britomart,New World Metro Queen St",12,111.9,216,327.9,770.0,117.9,609.19,1379.19,3
Fri_00878,Friday,"Four Square Fair Price Henderson,Four Square Hobsonville,Four Square Ellerslie,Four Square Remuera",12,112.0,216,328.0,770.0,118.0,609.77,1379.77,4
Fri_00879,Friday,"New World Metro Queen St,Four Square Ellerslie,New World Southmall",13,94.1,234,328.1,770.0,118.1,610.11,1380.11,3
Fri_00880,Friday,"Four Square Hobsonville,New World Metro Shore City,New World Mt Albert",13,94.1,234,328.1,770.0,118.1,610.35,1380.35,3
Fri_00881,Friday,"Four Square Britomart,Four Square Ellerslie,Four Square Remuera,Four Square Eden Terrace",14,76.1,252,328.1,770.0,118.1,610.39,1380.39,4
Fri_00882,Friday,"Four Square Fair Price Henderson,New World Hobsonville,Four Square Hobsonville",14,76.2,252,328.2,770.0,118.2,610.57,1380.57,3
Fri_00883,Friday,"Four Square Lancaster,Four Square Torbay,New World Metro Shore City",11,130.2,198,328.2,770.0,118.2,610.83,1380.83,3
Fri_00884,Friday,"Four Square Onehunga,Four Square Ellerslie,Four Square Remuera,Four Square Hobsonville",13,94.3,234,328.3,770.0,118.3,611.07,1381.07,4
Fri_00885,Friday,"Four Square Glen Eden,Four Square Torbay,New World Metro Queen St",11,130.3,198,328.3,770.0,118.3,611.34,1381.34,3
Fri_00886,Friday,"New World Metro Shore City,Four Square Eden Terrace,Four Square Ellerslie,Four Square Onehunga",13,94.3,234,328.3,770.0,118.3,611.34,1381.34,4
Fri_00887,Friday,"Four Square Fair Price Henderson,Four Square Ellerslie,Four Square Remuera,Four Square Eden Terrace",13,94.7,234,328.7,770.0,118.7,613.07,1383.07,4
Fri_00888,Friday,"Four Square Cockle Bay,Four Square Remuera,New World Metro Queen St",12,112.7,216,328.7,770.0,118.7,613.17,1383.17,3
Fri_00889,Friday,"Four Square Torbay,Four Square Ellerslie,Four Square Botany Junction",10,148.8,180,328.8,770.0,118.8,613.62,1383.62,3
Fri_00890,Friday,"Four Square Cockle Bay,Four Square St Heliers,Four Square Onehunga",12,112.8,216,328.8,770.0,118.8,613.82,1383.82,3
Fri_00891,Friday,"Four Square Britomart,Four Square Cockle Bay,Four Square Botany Junction",12,112.8,216,328.8,770.0,118.8,613.92,1383.92,3
Fri_00892,Friday,"Four Square Ellerslie,Four Square Eden Terrace,Four Square Fair Price Henderson,Four Square Hobsonville",12,112.9,216,328.9,770.0,118.9,614.13,1384.13,4
Fri_00893,Friday,"Four Square Britomart,Four Square St Heliers,Four Square Botany Junction",12,112.9,216,328.9,770.0,118.9,614.25,1384.25,3
Fri_00894,Friday,"New World Victoria Park,New World Metro Shore City,Four Square Ellerslie",13,94.9,234,328.9,770.0,118.9,614.36,1384.36,3
Fri_00895,Friday,"New World Metro Shore City,Four Square Ellerslie,New World Remuera",13,94.9,234,328.9,770.0,118.9,614.39,1384.39,3
Fri_00896,Friday,"Four Square Glen Eden,Four Square Ellerslie,New World Southmall",12,112.9,216,328.9,770.0,118.9,614.43,1384.43,3
Fri_00897,Friday,"Four Square Fair Price Henderson,New World Metro Shore City,Four Square Ellerslie,Four Square Onehunga",12,113.1,216,329.1,770.0,119.1,615.35,1385.35,4
Fri_00898,Friday,"Four Square Pakuranga Heights,Four Square St Heliers,Four Square Hobsonville",11,131.2,198,329.2,770.0,119.2,615.99,1385.99,3
Fri_00899,Friday,"Four Square Lancaster,New World Browns Bay",12,113.2,216,329.2,770.0,119.2,616.02,1386.02,2
Fri_00900,Friday,"Four Square Britomart,Four Square Ellerslie,New World Southmall",13,95.3,234,329.3,770.0,119.3,616.23,1386.23,3
Fri_00901,Friday,"Four Square Lancaster,Four Square Remuera,Four Square Glen Eden",11,131.3,198,329.3,770.0,119.3,616.47,1386.47,3
Fri_00902,Friday,"Four Square Glen Eden,Four Square Torbay,Four Square Britomart",11,131.3,198,329.3,770.0,119.3,616.58,1386.58,3
Fri_00903,Friday,"Four Square Fair Price Henderson,Four Square Cockle Bay,Four Square Botany Junction",11,131.3,198,329.3,770.0,119.3,616.6,1386.6,3
Fri_00904,Friday,"New World Browns Bay,Four Square Remuera",12,113.4,216,329.4,770.0,119.4,616.8,1386.8,2
Fri_00905,Friday,"Four Square Glen Eden,Four Square Torbay,Four Square Eden Terrace",11,131.5,198,329.5,770.0,119.5,617.42,1387.42,3
Fri_00906,Friday,"Four Square Torbay,New World Metro Queen St,Four Square Eden Terrace",12,113.5,216,329.5,770.0,119.5,617.56,1387.56,3
Fri_00907,Friday,"Four Square Glen Eden,New World Metro Shore City,Four Square Ellerslie,Four Square Onehunga",12,113.5,216,329.5,770.0,119.5,617.66,1387.66,4
Fri_00908,Friday,"Four Square Cockle Bay,Four Square Remuera,Four Square Glen Eden",11,131.6,198,329.6,770.0,119.6,617.74,1387.74,3
Fri_00909,Friday,"Four Square Botany Junction,Four Square St Heliers,New World Metro Queen St",12,113.6,216,329.6,770.0,119.6,617.99,1387.99,3
Fri_00910,Friday,"Four Square Cockle Bay,New World Metro Shore City,Four Square Hobsonville",10,149.7,180,329.7,770.0,119.7,618.3,1388.3,3
Fri_00911,Friday,"Four Square Fair Price Henderson,Four Square Ellerslie,New World Southmall",12,113.8,216,329.8,770.0,119.8,618.9,1388.9,3
Fri_00912,Friday,"Four Square Ellerslie,New World Stonefields,New World Metro Queen St",14,77.8,252,329.8,770.0,119.8,619.07,1389.07,3
Fri_00913,Friday,"Pak 'n Save Albany,New World Metro Shore City",13,95.9,234,329.9,770.0,119.9,619.63,1389.63,2
Fri_00914,Friday,"Four Square Hobsonville,Four Square Ellerslie,New World Eastridge",12,114.0,216,330.0,770.0,120.0,619.94,1389.94,3
Fri_00915,Friday,"Four Square Botany Junction,Four Square St Heliers,Four Square Eden Terrace",12,114.0,216,330.0,770.0,120.0,619.97,1389.97,3
Fri_00916,Friday,"New World Hobsonville,Four Square Hobsonville,Four Square Ellerslie",13,96.1,234,330.1,770.0,120.1,620.41,1390.41,3
Fri_00917,Friday,"Four Square Onehunga,Pak 'n Save Sylvia Park",15,60.2,270,330.2,770.0,120.2,620.83,1390.83,2
Fri_00918,Friday,"New World Metro Shore City,Four Square Remuera,New World Point Chevalier",13,96.3,234,330.3,770.0,120.3,621.37,1391.37,3
Fri_00919,Friday,"Four Square Cockle Bay,New World Metro Queen St,Four Square Glen Eden",11,132.3,198,330.3,770.0,120.3,621.62,1391.62,3
Fri_00920,Friday,"Four Square Pakuranga Heights,Four Square Lancaster,Four Square Hobsonville",11,132.4,198,330.4,770.0,120.4,621.99,1391.99,3
Fri_00921,Friday,"Four Square Cockle Bay,Four Square Remuera,Four Square Britomart",12,114.5,216,330.5,770.0,120.5,622.73,1392.73,3
Fri_00922,Friday,"Four Square Glen Eden,Four Square Hobsonville,New World Metro Shore City,Four Square Ellerslie",11,132.7,198,330.7,770.0,120.7,623.38,1393.38,4
Fri_00923,Friday,"Four Square Ellerslie,Four Square Botany Junction,New World Southmall",13,96.7,234,330.7,770.0,120.7,623.51,1393.51,3
Fri_00924,Friday,"Four Square Ellerslie,New World Stonefields,Four Square Glen Eden",13,96.7,234,330.7,770.0,120.7,623.63,1393.63,3
Fri_00925,Friday,"Four Square Onehunga,Four Square Ellerslie,Four Square Remuera,Four Square St Heliers",14,78.7,252,330.7,770.0,120.7,623.87,1393.87,4
Fri_00926,Friday,"New World Mt Roskill,Four Square Pakuranga Heights,Four Square Ellerslie",14,78.9,252,330.9,770.0,120.9,624.84,1394.84,3
Fri_00927,Friday,"New World Papatoetoe,Four Square Ellerslie,Four Square St Heliers",13,96.9,234,330.9,770.0,120.9,624.89,1394.89,3
Fri_00928,Friday,"Four Square Cockle Bay,New World Metro Queen St,New World Metro Shore City",11,132.9,198,330.9,770.0,120.9,624.9,1394.9,3
Fri_00929,Friday,"Four Square Cockle Bay,Pak 'n Save Ormiston",13,97.0,234,331.0,770.0,121.0,625.36,1395.36,2
Fri_00930,Friday,"Four Square Remuera,Four Square Torbay,New World Metro Shore City",11,133.0,198,331.0,770.0,121.0,625.37,1395.37,3
Fri_00931,Friday,"Four Square Pakuranga Heights,Four Square Ellerslie,New World Eastridge",13,97.1,234,331.1,770.0,121.1,625.84,1395.84,3
Fri_00932,Friday,"Four Square Britomart,Four Square Ellerslie,New World Stonefields",14,79.2,252,331.2,770.0,121.2,626.31,1396.31,3
Fri_00933,Friday,"Four Square Cockle Bay,Four Square Pakuranga Heights,Four Square St Heliers",12,115.2,216,331.2,770.0,121.2,626.33,1396.33,3
Fri_00934,Friday,"Four Square Cockle Bay,Four Square Remuera,Four Square Fair Price Henderson",11,133.4,198,331.4,770.0,121.4,627.38,1397.38,3
Fri_00935,Friday,"New World Metro Shore City,Four Square Cockle Bay,Four Square Botany Junction",11,133.5,198,331.5,770.0,121.5,627.85,1397.85,3
Fri_00936,Friday,"New World Metro Shore City,Four Square Ellerslie,Four Square Fair Price Henderson,Four Square Glen Eden",11,133.5,198,331.5,770.0,121.5,627.98,1397.98,4
Fri_00937,Friday,"Four Square Torbay,Four Square Britomart,Four Square Eden Terrace",12,115.6,216,331.6,770.0,121.6,628.43,1398.43,3
Fri_00938,Friday,"Four Square Fair Price Henderson,Four Square Ellerslie,New World Stonefields",13,97.7,234,331.7,770.0,121.7,628.99,1398.99,3
Fri_00939,Friday,"Four Square Pakuranga Heights,Four Square Ellerslie,Four Square Remuera,Four Square Onehunga",14,79.7,252,331.7,770.0,121.7,628.99,1398.99,4
Fri_00940,Friday,"Four Square Hobsonville,New World Metro Shore City,Four Square Ellerslie,Four Square Eden Terrace",12,115.8,216,331.8,770.0,121.8,629.06,1399.06,4
Fri_00941,Friday,"Pak 'n Save Wairau Road,New World Metro Queen St",14,79.9,252,331.9,770.0,121.9,629.65,1399.65,2
Fri_00942,Friday,"Four Square Cockle Bay,Four Square Pakuranga Heights,Four Square Hobsonville",11,133.9,198,331.9,770.0,121.9,629.77,1399.77,3
Fri_00943,Friday,"New World Metro Shore City,Four Square Ellerslie,New World Southmall",12,116.0,216,332.0,770.0,122.0,630.16,1400.16,3
Fri_00944,Friday,"New World Devonport,New World Metro Shore City,Four Square Ellerslie",12,116.1,216,332.1,770.0,122.1,630.66,1400.66,3
Fri_00945,Friday,"New World Metro Shore City,New World Metro Queen St,New World Mt Albert",14,80.1,252,332.1,770.0,122.1,631.0,1401.0,3
Fri_00946,Friday,"Four Square Cockle Bay,Four Square Britomart,New World Metro Shore City",11,134.1,198,332.1,770.0,122.1,631.07,1401.07,3
Fri_00947,Friday,"Four Square Cockle Bay,Four Square St Heliers,Four Square Remuera",12,116.2,216,332.2,770.0,122.2,631.2,1401.2,3
Fri_00948,Friday,"Four Square Cockle Bay,New World Metro Queen St,Four Square Fair Price Henderson",11,134.2,198,332.2,770.0,122.2,631.26,1401.26,3
Fri_00949,Friday,"New World Mt Albert,Four Square Eden Terrace,Four Square Remuera",15,62.4,270,332.4,770.0,122.4,632.4,1402.4,3
Fri_00950,Friday,"Four Square Onehunga,Four Square Pakuranga Heights,New World Point Chevalier",14,80.5,252,332.5,770.0,122.5,632.98,1402.98,3
Fri_00951,Friday,"Four Square Cockle Bay,Four Square Eden Terrace,Four Square Hobsonville",11,134.6,198,332.6,770.0,122.6,633.62,1403.62,3
Fri_00952,Friday,"Four Square Eden Terrace,Four Square Ellerslie,Four Square Remuera,New World Metro Shore City",13,98.8,234,332.8,770.0,122.8,634.43,1404.43,4
Fri_00953,Friday,"Four Square Britomart,Pak 'n Save Wairau Road",14,80.9,252,332.9,770.0,122.9,634.83,1404.83,2
Fri_00954,Friday,"Four Square Glen Eden,Four Square Fair Price Henderson,Four Square Hobsonville,New World Metro Shore City",12,116.9,216,332.9,770.0,122.9,634.95,1404.95,4
Fri_00955,Friday,"Four Square Pakuranga Heights,Pak 'n Save Botany",14,80.9,252,332.9,770.0,122.9,635.14,1405.14,2
Fri_00956,Friday,"Four Square Onehunga,Four Square Torbay,New World Metro Queen St",12,117.1,216,333.1,770.0,123.1,635.83,1405.83,3
Fri_00957,Friday,"Four Square Britomart,New World Metro Shore City,New World Mt Albert",14,81.1,252,333.1,770.0,123.1,636.18,1406.18,3
Fri_00958,Friday,"Four Square Fair Price Henderson,Four Square Ellerslie,New World Victoria Park",13,99.3,234,333.3,770.0,123.3,636.86,1406.86,3
Fri_00959,Friday,"New World Metro Shore City,Four Square Eden Terrace,New World Mt Albert",14,81.3,252,333.3,770.0,123.3,637.07,1407.07,3
Fri_00960,Friday,"Four Square Lancaster,New World Metro Shore City,New World Point Chevalier",13,99.3,234,333.3,770.0,123.3,637.2,1407.2,3
Fri_00961,Friday,"Four Square Torbay,New World Devonport",11,135.4,198,333.4,770.0,123.4,637.66,1407.66,2
Fri_00962,Friday,"Four Square Fair Price Henderson,Four Square Torbay,Four Square Remuera",11,135.4,198,333.4,770.0,123.4,637.69,1407.69,3
Fri_00963,Friday,"Four Square Cockle Bay,New World Metro Shore City,Four Square Eden Terrace",11,135.4,198,333.4,770.0,123.4,637.72,1407.72,3
Fri_00964,Friday,"Four Square Pakuranga Heights,Four Square Eden Terrace,New World Point Chevalier",14,81.5,252,333.5,770.0,123.5,638.1,1408.1,3
Fri_00965,Friday,"Four Square Onehunga,Four Square St Heliers,New World Point Chevalier",14,81.7,252,333.7,770.0,123.7,638.96,1408.96,3
Fri_00966,Friday,"Four Square Fair Price Henderson,Four Square Torbay,Four Square Lancaster",11,135.7,198,333.7,770.0,123.7,638.98,1408.98,3
Fri_00967,Friday,"New World Metro Shore City,Four Square Britomart,New World Metro Queen St,Four Square Ellerslie",13,99.7,234,333.7,770.0,123.7,639.21,1409.21,4
Fri_00968,Friday,"Four Square Britomart,New World Metro Queen St,Four Square Ellerslie,Four Square Glen Eden",13,99.7,234,333.7,770.0,123.7,639.26,1409.26,4
Fri_00969,Friday,"Pak 'n Save Highland Park,Four Square St Heliers",13,99.8,234,333.8,770.0,123.8,639.38,1409.38,2
Fri_00970,Friday,"Four Square Hobsonville,New World Point Chevalier,Four Square Remuera",13,99.8,234,333.8,770.0,123.8,639.62,1409.62,3
Fri_00971,Friday,"Four Square Cockle Bay,Four Square Remuera,New World Metro Shore City",11,135.8,198,333.8,770.0,123.8,639.75,1409.75,3
Fri_00972,Friday,"New World Metro Shore City,Four Square Ellerslie,New World Stonefields",13,99.9,234,333.9,770.0,123.9,640.24,1410.24,3
Fri_00973,Friday,"New World Newmarket,Four Square Ellerslie,Four Square Remuera",15,64.0,270,334.0,770.0,124.0,640.46,1410.46,3
Fri_00974,Friday,"New World Newmarket,Four Square Ellerslie,Four Square Eden Terrace",15,64.0,270,334.0,770.0,124.0,640.54,1410.54,3
Fri_00975,Friday,"Four Square Cockle Bay,Four Square Britomart,Four Square Fair Price Henderson",11,136.0,198,334.0,770.0,124.0,640.81,1410.81,3
Fri_00976,Friday,"Four Square Onehunga,Four Square Torbay,Four Square Britomart",12,118.1,216,334.1,770.0,124.1,641.06,1411.06,3
Fri_00977,Friday,"New World Mt Roskill,Four Square Ellerslie,Four Square St Heliers",14,82.1,252,334.1,770.0,124.1,641.25,1411.25,3
Fri_00978,Friday,"Four Square Ellerslie,Four Square Remuera,New World Metro Shore City,Four Square Hobsonville",12,118.2,216,334.2,770.0,124.2,641.68,1411.68,4
Fri_00979,Friday,"Four Square Hobsonville,New World Metro Queen St,Four Square Ellerslie,Four Square Onehunga",13,100.2,234,334.2,770.0,124.2,641.73,1411.73,4
Fri_00980,Friday,"Four Square Onehunga,Four Square Torbay,Four Square Eden Terrace",12,118.2,216,334.2,770.0,124.2,641.9,1411.9,3
Fri_00981,Friday,"Four Square Lancaster,New World Metro Shore City,Four Square Botany Junction",11,136.3,198,334.3,770.0,124.3,642.25,1412.25,3
Fri_00982,Friday,"Four Square Onehunga,Four Square Ellerslie,Four Square St Heliers,Four Square Britomart",14,82.3,252,334.3,770.0,124.3,642.29,1412.29,4
Fri_00983,Friday,"Four Square Cockle Bay,Four Square St Heliers,Four Square Britomart",12,118.4,216,334.4,770.0,124.4,642.52,1412.52,3
Fri_00984,Friday,"Four Square Hobsonville,Four Square Ellerslie,New World Remuera",13,100.4,234,334.4,770.0,124.4,642.78,1412.78,3
Fri_00985,Friday,"Four Square Onehunga,Four Square Ellerslie,Four Square St Heliers,New World Metro Queen St",14,82.7,252,334.7,770.0,124.7,644.04,1414.04,4
Fri_00986,Friday,"Four Square Cockle Bay,Four Square St Heliers,New World Metro Queen St",12,118.7,216,334.7,770.0,124.7,644.27,1414.27,3
Fri_00987,Friday,"Four Square Fair Price Henderson,Four Square Britomart,New World Metro Queen St,Four Square Ellerslie",13,100.8,234,334.8,770.0,124.8,644.62,1414.62,4
Fri_00988,Friday,"Four Square Lancaster,New World Metro Shore City,Four Square St Heliers",11,136.8,198,334.8,770.0,124.8,644.77,1414.77,3
Fri_00989,Friday,"Pak 'n Save Botany,Four Square Botany Junction",14,82.8,252,334.8,770.0,124.8,644.86,1414.86,2
Fri_00990,Friday,"Four Square Botany Junction,Four Square St Heliers,Four Square Glen Eden",11,136.8,198,334.8,770.0,124.8,644.98,1414.98,3
Fri_00991,Friday,"Four Square Ellerslie,Four Square Remuera,New World Metro Queen St,Four Square Glen Eden",13,100.8,234,334.8,770.0,124.8,645.0,1415.0,4
Fri_00992,Friday,"Four Square Ellerslie,New World Metro Queen St,Four Square Eden Terrace,Four Square Glen Eden",13,101.0,234,335.0,770.0,125.0,645.62,1415.62,4
Fri_00993,Friday,"Four Square Fair Price Henderson,Pak 'n Save Albany",13,101.0,234,335.0,770.0,125.0,645.71,1415.71,2
Fri_00994,Friday,"Four Square Onehunga,Four Square Ellerslie,Four Square St Heliers,Four Square Eden Terrace",14,83.0,252,335.0,770.0,125.0,646.01,1416.01,4
Fri_00995,Friday,"Four Square Cockle Bay,Four Square St Heliers,Four Square Eden Terrace",12,119.1,216,335.1,770.0,125.1,646.24,1416.24,3
Fri_00996,Friday,"Four Square Onehunga,Four Square Ellerslie,New World Ormiston",14,83.1,252,335.1,770.0,125.1,646.47,1416.47,3
Fri_00997,Friday,"Four Square Glen Eden,Four Square Hobsonville,Four Square Ellerslie,Four Square Remuera",12,119.2,216,335.2,770.0,125.2,647.03,1417.03,4
Fri_00998,Friday,"New World Metro Shore City,New World Metro Queen St,Four Square Ellerslie,Four Square Eden Terrace",13,101.2,234,335.2,770.0,125.2,647.05,1417.05,4
Fri_00999,Friday,"Four Square Glen Eden,Four Square Hobsonville,Four Square Ellerslie,Four Square Eden Terrace",12,119.2,216,335.2,770.0,125.2,647.11,1417.11,4
Fri_01000,Friday,"Four Square Fair Price Henderson,Four Square Hobsonville,Four Square Ellerslie,New World Metro Queen St",12,119.3,216,335.3,770.0,125.3,647.14,1417.14,4
Fri_01001,Friday,"Four Square Cockle Bay,Four Square Ellerslie,New World Mt Albert",13,101.3,234,335.3,770.0,125.3,647.5,1417.5,3
Fri_01002,Friday,"Four Square Glen Eden,New World Hobsonville,Four Square Hobsonville",14,83.4,252,335.4,770.0,125.4,647.84,1417.84,3
Fri_01003,Friday,"Four Square Hobsonville,Four Square Britomart,Four Square Ellerslie,Four Square Onehunga",13,101.4,234,335.4,770.0,125.4,647.85,1417.85,4
Fri_01004,Friday,"Four Square Ellerslie,Four Square Remuera,New World Metro Queen St,New World Metro Shore City",13,101.5,234,335.5,770.0,125.5,648.28,1418.28,4
Fri_01005,Friday,"Four Square Pakuranga Heights,Four Square Ellerslie,New World Remuera",14,83.6,252,335.6,770.0,125.6,648.68,1418.68,3
Fri_01006,Friday,"Four Square Onehunga,Four Square Pakuranga Heights,Four Square Lancaster",12,119.8,216,335.8,770.0,125.8,650.08,1420.08,3
Fri_01007,Friday,"Four Square Fair Price Henderson,Four Square Ellerslie,Four Square Remuera,New World Metro Queen St",13,101.9,234,335.9,770.0,125.9,650.36,1420.36,4
Fri_01008,Friday,"Four Square Fair Price Henderson,Four Square Ellerslie,New World Metro Queen St,Four Square Eden Terrace",13,102.0,234,336.0,770.0,126.0,650.97,1420.97,4
Fri_01009,Friday,"Four Square Torbay,Four Square Remuera,Four Square Onehunga",12,120.0,216,336.0,770.0,126.0,651.02,1421.02,3
Fri_01010,Friday,"Four Square Hobsonville,New World Metro Shore City,New World Metro Queen St,Four Square Ellerslie",12,120.1,216,336.1,770.0,126.1,651.71,1421.71,4
Fri_01011,Friday,"Four Square Eden Terrace,Four Square Ellerslie,Four Square Pakuranga Heights,Four Square Onehunga",14,84.1,252,336.1,770.0,126.1,651.76,1421.76,4
Fri_01012,Friday,"Four Square Onehunga,Four Square Ellerslie,New World Botany",14,84.2,252,336.2,770.0,126.2,652.07,1422.07,3
Fri_01013,Friday,"New World Metro Shore City,Four Square Britomart,Four Square Ellerslie,Four Square Remuera",13,102.2,234,336.2,770.0,126.2,652.2,1422.2,4
Fri_01014,Friday,"Four Square Britomart,Four Square Ellerslie,Four Square Remuera,Four Square Glen Eden",13,102.2,234,336.2,770.0,126.2,652.25,1422.25,4
Fri_01015,Friday,"New World Metro Shore City,Four Square Britomart,Four Square Ellerslie,Four Square Eden Terrace",13,102.2,234,336.2,770.0,126.2,652.28,1422.28,4
Fri_01016,Friday,"Four Square Britomart,Four Square Ellerslie,Four Square Eden Terrace,Four Square Glen Eden",13,102.3,234,336.3,770.0,126.3,652.33,1422.33,4
Fri_01017,Friday,"Four Square Pakuranga Heights,New World Stonefields,Four Square Ellerslie",14,84.3,252,336.3,770.0,126.3,652.43,1422.43,3
Fri_01018,Friday,"Four Square Hobsonville,Four Square Ellerslie,Four Square Remuera,Four Square Eden Terrace",13,102.3,234,336.3,770.0,126.3,652.71,1422.71,4
Fri_01019,Friday,"Four Square Botany Junction,Four Square St Heliers,Four Square Fair Price Henderson",11,138.7,198,336.7,770.0,126.7,654.62,1424.62,3
Fri_01020,Friday,"Four Square Ellerslie,New World Stonefields,Four Square St Heliers",14,84.9,252,336.9,770.0,126.9,655.52,1425.52,3
Fri_01021,Friday,"Four Square Hobsonville,Four Square Cockle Bay,Four Square Botany Junction",11,139.0,198,337.0,770.0,127.0,656.24,1426.24,3
Fri_01022,Friday,"Four Square Hobsonville,New World Metro Shore City,Four Square Britomart,Four Square Ellerslie",12,121.1,216,337.1,770.0,127.1,656.94,1426.94,4
Fri_01023,Friday,"Four Square Cockle Bay,New World Papakura",12,121.2,216,337.2,770.0,127.2,657.14,1427.14,2
Fri_01024,Friday,"Four Square Fair Price Henderson,Four Square Britomart,Four Square Ellerslie,Four Square Remuera",13,103.3,234,337.3,770.0,127.3,657.6,1427.6,4
Fri_01025,Friday,"Four Square Fair Price Henderson,Four Square Britomart,Four Square Ellerslie,Four Square Eden Terrace",13,103.3,234,337.3,770.0,127.3,657.68,1427.68,4
Fri_01026,Friday,"Four Square Glen Eden,Four Square Fair Price Henderson,Four Square Hobsonville,Four Square Onehunga",13,103.3,234,337.3,770.0,127.3,657.73,1427.73,4
Fri_01027,Friday,"Four Square Cockle Bay,New World Metro Shore City,Four Square Fair Price Henderson",10,157.3,180,337.3,770.0,127.3,657.83,1427.83,3
Fri_01028,Friday,"New World Southmall,Four Square Pakuranga Heights,Four Square Ellerslie",13,103.3,234,337.3,770.0,127.3,657.92,1427.92,3
Fri_01029,Friday,"Four Square Glen Eden,Four Square Fair Price Henderson,Four Square Hobsonville,Four Square Eden Terrace",13,103.4,234,337.4,770.0,127.4,658.36,1428.36,4
Fri_01030,Friday,"Four Square Hobsonville,Four Square Ellerslie,New World Southmall",12,121.5,216,337.5,770.0,127.5,658.55,1428.55,3
Fri_01031,Friday,"Four Square Pakuranga Heights,Four Square Ellerslie,Four Square Remuera,Four Square Eden Terrace",14,85.5,252,337.5,770.0,127.5,658.61,1428.61,4
Fri_01032,Friday,"Four Square Britomart,Four Square Ellerslie,Four Square Fair Price Henderson,Four Square Hobsonville",12,121.5,216,337.5,770.0,127.5,658.67,1428.67,4
Fri_01033,Friday,"Four Square Botany Junction,Four Square Cockle Bay,Four Square St Heliers",12,121.7,216,337.7,770.0,127.7,659.64,1429.64,3
Fri_01034,Friday,"Four Square Lancaster,Four Square Hobsonville,New World Point Chevalier",13,103.8,234,337.8,770.0,127.8,660.5,1430.5,3
Fri_01035,Friday,"Four Square Botany Junction,Four Square Lancaster,Four Square Hobsonville",11,140.0,198,338.0,770.0,128.0,661.53,1431.53,3
Fri_01036,Friday,"Four Square Onehunga,Four Square Remuera,Four Square Ellerslie,Four Square Botany Junction",14,86.1,252,338.1,770.0,128.1,661.81,1431.81,4
Fri_01037,Friday,"Four Square Lancaster,Four Square Ellerslie,New World Mt Albert",13,104.1,234,338.1,770.0,128.1,662.07,1432.07,3
Fri_01038,Friday,"Four Square Pakuranga Heights,Four Square Ellerslie,Four Square Fair Price Henderson,Four Square Glen Eden",12,122.2,216,338.2,770.0,128.2,662.27,1432.27,4
Fri_01039,Friday,"Four Square Onehunga,Four Square Remuera,New World Eastridge",15,68.5,270,338.5,770.0,128.5,663.73,1433.73,3
Fri_01040,Friday,"Four Square Fair Price Henderson,New World Metro Shore City,Four Square Ellerslie,Four Square Remuera",12,122.7,216,338.7,770.0,128.7,664.75,1434.75,4
Fri_01041,Friday,"Four Square Fair Price Henderson,New World Metro Shore City,Four Square Ellerslie,Four Square Eden Terrace",12,122.7,216,338.7,770.0,128.7,664.83,1434.83,4
Fri_01042,Friday,"New World Howick,Four Square Ellerslie,Four Square Onehunga",14,86.8,252,338.8,770.0,128.8,665.23,1435.23,3
Fri_01043,Friday,"Four Square Botany Junction,Four Square Ellerslie,New World Eastridge",13,104.8,234,338.8,770.0,128.8,665.38,1435.38,3
Fri_01044,Friday,"Four Square Fair Price Henderson,Four Square Hobsonville,New World New Lynn",14,86.8,252,338.8,770.0,128.8,665.63,1435.63,3
Fri_01045,Friday,"New World Metro Shore City,Four Square Ellerslie,Four Square Remuera,Four Square Glen Eden",12,122.9,216,338.9,770.0,128.9,666.18,1436.18,4
Fri_01046,Friday,"Four Square Glen Eden,Four Square Fair Price Henderson,New World Hobsonville",14,86.9,252,338.9,770.0,128.9,666.22,1436.22,3
Fri_01047,Friday,"New World Metro Shore City,Four Square Ellerslie,Four Square Eden Terrace,Four Square Glen Eden",12,123.0,216,339.0,770.0,129.0,666.26,1436.26,4
Fri_01048,Friday,"Pak 'n Save Manukau,Four Square Botany Junction",15,69.0,270,339.0,770.0,129.0,666.45,1436.45,2
Fri_01049,Friday,"Four Square Lancaster,Pak 'n Save Wairau Road",14,87.0,252,339.0,770.0,129.0,666.49,1436.49,2
Fri_01050,Friday,"Four Square Onehunga,Four Square Ellerslie,Four Square Pakuranga Heights,Four Square Botany Junction",14,87.0,252,339.0,770.0,129.0,666.56,1436.56,4
Fri_01051,Friday,"Four Square Remuera,Four Square St Heliers,New World Point Chevalier",14,87.1,252,339.1,770.0,129.1,666.84,1436.84,3
Fri_01052,Friday,"Four Square Cockle Bay,Four Square Remuera,Four Square Hobsonville",11,141.1,198,339.1,770.0,129.1,667.03,1437.03,3
Fri_01053,Friday,"Pak 'n Save Sylvia Park,Four Square Eden Terrace",15,69.1,270,339.1,770.0,129.1,667.09,1437.09,2
Fri_01054,Friday,"Four Square Fair Price Henderson,Four Square Glen Eden,New World Green Bay",15,69.2,270,339.2,770.0,129.2,667.77,1437.77,3
Fri_01055,Friday,"Four Square Hobsonville,Four Square Ellerslie,New World Stonefields",13,105.4,234,339.4,770.0,129.4,668.63,1438.63,3
Fri_01056,Friday,"New World Remuera,Four Square Ellerslie,Four Square St Heliers",14,87.4,252,339.4,770.0,129.4,668.79,1438.79,3
Fri_01057,Friday,"Four Square Hobsonville,Four Square Lancaster,Four Square St Heliers",11,141.6,198,339.6,770.0,129.6,669.5,1439.5,3
Fri_01058,Friday,"Four Square Cockle Bay,New World Metro Queen St,Four Square Hobsonville",11,141.9,198,339.9,770.0,129.9,670.91,1440.91,3
Fri_01059,Friday,"Four Square Onehunga,Four Square Ellerslie,Four Square St Heliers,Four Square Glen Eden",13,105.9,234,339.9,770.0,129.9,671.02,1441.02,4
Fri_01060,Friday,"Four Square Cockle Bay,Four Square St Heliers,Four Square Glen Eden",11,141.9,198,339.9,770.0,129.9,671.26,1441.26,3
Fri_01061,Friday,"Four Square Pakuranga Heights,Four Square Lancaster,Four Square Fair Price Henderson",11,141.9,198,339.9,770.0,129.9,671.29,1441.29,3
Fri_01062,Friday,"Four Square Pakuranga Heights,Four Square Remuera,New World Point Chevalier",14,88.0,252,340.0,770.0,130.0,671.51,1441.51,3
Fri_01063,Friday,"Four Square Lancaster,Four Square Britomart,Four Square St Heliers",12,124.2,216,340.2,770.0,130.2,672.89,1442.89,3
Fri_01064,Friday,"Four Square Onehunga,Four Square St Heliers,Four Square Lancaster",12,124.2,216,340.2,770.0,130.2,672.9,1442.9,3
Fri_01065,Friday,"Four Square Glen Eden,Four Square Fair Price Henderson,Four Square Ellerslie,Four Square St Heliers",12,124.3,216,340.3,770.0,130.3,673.33,1443.33,4
Fri_01066,Friday,"Four Square Remuera,New World Metro Queen St,New World Mt Albert",15,70.3,270,340.3,770.0,130.3,673.43,1443.43,3
Fri_01067,Friday,"Four Square Pakuranga Heights,New World Metro Queen St,Four Square Lancaster",12,124.4,216,340.4,770.0,130.4,673.76,1443.76,3
Fri_01068,Friday,"New World Devonport,Four Square Ellerslie,Four Square Onehunga",13,106.5,234,340.5,770.0,130.5,674.43,1444.43,3
Fri_01069,Friday,"Four Square Eden Terrace,Four Square Ellerslie,Four Square Remuera,Four Square St Heliers",14,88.6,252,340.6,770.0,130.6,674.51,1444.51,4
Fri_01070,Friday,"Four Square Glen Eden,Four Square Torbay,Four Square Remuera",11,142.6,198,340.6,770.0,130.6,674.95,1444.95,3
Fri_01071,Friday,"Four Square Ellerslie,Four Square St Heliers,Four Square Britomart,New World Metro Queen St",14,88.7,252,340.7,770.0,130.7,675.15,1445.15,4
Fri_01072,Friday,"Four Square Pakuranga Heights,New World Metro Queen St,New World Point Chevalier",14,88.7,252,340.7,770.0,130.7,675.39,1445.39,3
Fri_01073,Friday,"New World Hobsonville,Four Square Ellerslie,Four Square Onehunga",14,88.8,252,340.8,770.0,130.8,675.55,1445.55,3
Fri_01074,Friday,"Pak 'n Save Botany,Four Square Eden Terrace",14,88.8,252,340.8,770.0,130.8,675.86,1445.86,2
Fri_01075,Friday,"Four Square Glen Eden,Four Square Torbay,Four Square Lancaster",11,142.9,198,340.9,770.0,130.9,676.24,1446.24,3
Fri_01076,Friday,"Four Square Ellerslie,New World Ormiston,Four Square Botany Junction",14,88.9,252,340.9,770.0,130.9,676.39,1446.39,3
Fri_01077,Friday,"Four Square Hobsonville,Four Square Ellerslie,New World Victoria Park",13,106.9,234,340.9,770.0,130.9,676.5,1446.5,3
Fri_01078,Friday,"New World Metro Shore City,Four Square St Heliers,Four Square Botany Junction",11,143.1,198,341.1,770.0,131.1,677.38,1447.38,3
Fri_01079,Friday,"New World Newmarket,Four Square Ellerslie,New World Metro Queen St",15,71.2,270,341.2,770.0,131.2,677.83,1447.83,3
Fri_01080,Friday,"Four Square Britomart,Four Square St Heliers,New World Point Chevalier",14,89.2,252,341.2,770.0,131.2,677.85,1447.85,3
Fri_01081,Friday,"Four Square Lancaster,New World Metro Queen St,Four Square St Heliers",12,125.3,216,341.3,770.0,131.3,678.22,1448.22,3
Fri_01082,Friday,"Four Square Lancaster,Four Square Remuera,Four Square St Heliers",12,125.3,216,341.3,770.0,131.3,678.55,1448.55,3
Fri_01083,Friday,"Four Square Glen Eden,Four Square Fair Price Henderson,New World Victoria Park",14,89.4,252,341.4,770.0,131.4,679.02,1449.02,3
Fri_01084,Friday,"New World Remuera,Four Square Ellerslie,Four Square Botany Junction",14,89.5,252,341.5,770.0,131.5,679.34,1449.34,3
Fri_01085,Friday,"Four Square Pakuranga Heights,Four Square Britomart,Four Square Lancaster",12,125.6,216,341.6,770.0,131.6,679.93,1449.93,3
Fri_01086,Friday,"Four Square Cockle Bay,Four Square Britomart,Four Square Hobsonville",11,143.7,198,341.7,770.0,131.7,680.46,1450.46,3
Fri_01087,Friday,"Four Square Torbay,Four Square Remuera,Four Square Eden Terrace",12,125.7,216,341.7,770.0,131.7,680.64,1450.64,3
Fri_01088,Friday,"Four Square Onehunga,Four Square Ellerslie,Four Square St Heliers,Four Square Fair Price Henderson",13,107.7,234,341.7,770.0,131.7,680.66,1450.66,4
Fri_01089,Friday,"Four Square Britomart,Four Square Remuera,New World Mt Albert",15,71.7,270,341.7,770.0,131.7,680.68,1450.68,3
Fri_01090,Friday,"Four Square Cockle Bay,Four Square St Heliers,Four Square Fair Price Henderson",11,143.8,198,341.8,770.0,131.8,680.89,1450.89,3
Fri_01091,Friday,"Four Square Ellerslie,New World Botany,Four Square Botany Junction",14,90.0,252,342.0,770.0,132.0,681.99,1451.99,3
Fri_01092,Friday,"Four Square Ellerslie,Four Square Cockle Bay,New World Papatoetoe",13,108.0,234,342.0,770.0,132.0,682.02,1452.02,3
Fri_01093,Friday,"Four Square Fair Price Henderson,New World Hobsonville,Four Square Ellerslie",13,108.0,234,342.0,770.0,132.0,682.09,1452.09,3
Fri_01094,Friday,"New World Metro Queen St,Four Square St Heliers,New World Point Chevalier",14,90.1,252,342.1,770.0,132.1,682.29,1452.29,3
Fri_01095,Friday,"New World Newmarket,Four Square Ellerslie,Four Square Glen Eden",14,90.1,252,342.1,770.0,132.1,682.4,1452.4,3
Fri_01096,Friday,"Four Square Pakuranga Heights,Four Square Ellerslie,New World Victoria Park",14,90.1,252,342.1,770.0,132.1,682.4,1452.4,3
Fri_01097,Friday,"Four Square Onehunga,New World Eastridge,Four Square Eden Terrace",15,72.1,270,342.1,770.0,132.1,682.5,1452.5,3
Fri_01098,Friday,"Four Square Ellerslie,Four Square Remuera,Four Square St Heliers,Four Square Britomart",14,90.2,252,342.2,770.0,132.2,682.91,1452.91,4
Fri_01099,Friday,"Four Square Glen Eden,Four Square Fair Price Henderson,Four Square Ellerslie,Four Square Botany Junction",12,126.4,216,342.4,770.0,132.4,683.88,1453.88,4
Fri_01100,Friday,"Four Square Onehunga,New World Eastridge,Four Square Britomart",15,72.4,270,342.4,770.0,132.4,684.0,1454.0,3
Fri_01101,Friday,"Four Square Onehunga,Four Square Ellerslie,Four Square Pakuranga Heights,New World Metro Queen St",14,90.4,252,342.4,770.0,132.4,684.11,1454.11,4
Fri_01102,Friday,"Four Square Pakuranga Heights,Four Square Ellerslie,Four Square Onehunga,Four Square Glen Eden",13,108.4,234,342.4,770.0,132.4,684.15,1454.15,4
Fri_01103,Friday,"Four Square Hobsonville,Four Square Britomart,New World Metro Queen St,Four Square Ellerslie",13,108.4,234,342.4,770.0,132.4,684.26,1454.26,4
Fri_01104,Friday,"Four Square Glen Eden,Four Square Hobsonville,Four Square Ellerslie,New World Metro Queen St",12,126.5,216,342.5,770.0,132.5,684.4,1454.4,4
Fri_01105,Friday,"Four Square Ellerslie,Four Square Remuera,Four Square St Heliers,New World Metro Queen St",14,90.5,252,342.5,770.0,132.5,684.66,1454.66,4
Fri_01106,Friday,"Four Square Pakuranga Heights,Four Square Britomart,New World Point Chevalier",14,90.6,252,342.6,770.0,132.6,684.94,1454.94,3
Fri_01107,Friday,"Four Square Britomart,New World Newmarket,Four Square Ellerslie",15,72.6,270,342.6,770.0,132.6,685.08,1455.08,3
Fri_01108,Friday,"Four Square Hobsonville,New World Long Bay,Four Square Ellerslie",12,126.7,216,342.7,770.0,132.7,685.62,1455.62,3
Fri_01109,Friday,"Four Square Onehunga,New World Eastridge,New World Metro Queen St",15,72.7,270,342.7,770.0,132.7,685.75,1455.75,3
Fri_01110,Friday,"Four Square Britomart,New World Metro Queen St,New World Victoria Park",16,54.7,288,342.7,770.0,132.7,685.77,1455.77,3
Fri_01111,Friday,"New World Southmall,Four Square Ellerslie,Four Square St Heliers",13,108.7,234,342.7,770.0,132.7,685.86,1455.86,3
Fri_01112,Friday,"Four Square Pakuranga Heights,Four Square Torbay,Four Square Hobsonville",11,144.8,198,342.8,770.0,132.8,686.06,1456.06,3
Fri_01113,Friday,"Four Square Pakuranga Heights,New World Botany,Four Square Ellerslie",14,90.9,252,342.9,770.0,132.9,686.43,1456.43,3
Fri_01114,Friday,"Four Square Pakuranga Heights,Four Square Lancaster,Four Square Eden Terrace",12,126.9,216,342.9,770.0,132.9,686.58,1456.58,3
Fri_01115,Friday,"Four Square Onehunga,New World Remuera,Four Square Eden Terrace",16,55.0,288,343.0,770.0,133.0,686.98,1456.98,3
Fri_01116,Friday,"Four Square Eden Terrace,Four Square St Heliers,New World Point Chevalier",14,91.0,252,343.0,770.0,133.0,687.23,1457.23,3
Fri_01117,Friday,"Four Square Fair Price Henderson,New World Metro Shore City,New World Metro Queen St,Four Square Ellerslie",12,127.1,216,343.1,770.0,133.1,687.48,1457.48,4
Fri_01118,Friday,"Four Square Fair Price Henderson,New World Newmarket,Four Square Ellerslie",14,91.1,252,343.1,770.0,133.1,687.75,1457.75,3
Fri_01119,Friday,"Four Square Onehunga,Four Square Eden Terrace,Four Square Fair Price Henderson,Four Square Glen Eden",14,91.1,252,343.1,770.0,133.1,687.82,1457.82,4
Fri_01120,Friday,"Four Square Cockle Bay,Pak 'n Save Botany",14,91.3,252,343.3,770.0,133.3,688.6,1458.6,2
Fri_01121,Friday,"Four Square Pakuranga Heights,Four Square Remuera,Four Square Lancaster",12,127.3,216,343.3,770.0,133.3,688.61,1458.61,3
Fri_01122,Friday,"Four Square Onehunga,Four Square Ellerslie,Four Square Lancaster,New World Metro Shore City",13,109.3,234,343.3,770.0,133.3,688.61,1458.61,4
Fri_01123,Friday,"New World Papatoetoe,Four Square Remuera,Four Square Onehunga",15,73.3,270,343.3,770.0,133.3,688.69,1458.69,3
Fri_01124,Friday,"New World Metro Shore City,New World Metro Queen St,Four Square Ellerslie,Four Square Glen Eden",12,127.3,216,343.3,770.0,133.3,688.9,1458.9,4
Fri_01125,Friday,"Four Square Lancaster,Four Square Torbay,New World Metro Queen St",12,127.5,216,343.5,770.0,133.5,689.71,1459.71,3
Fri_01126,Friday,"Four Square Hobsonville,Four Square Ellerslie,Four Square Remuera,New World Metro Queen St",13,109.5,234,343.5,770.0,133.5,690.0,1460.0,4
Fri_01127,Friday,"Four Square Ellerslie,Four Square St Heliers,New World Metro Queen St,Four Square Eden Terrace",14,91.6,252,343.6,770.0,133.6,690.5,1460.5,4
Fri_01128,Friday,"Four Square Hobsonville,Four Square Ellerslie,New World Metro Queen St,Four Square Eden Terrace",13,109.7,234,343.7,770.0,133.7,690.62,1460.62,4
Fri_01129,Friday,"New World Victoria Park,New World Metro Queen St,Four Square Eden Terrace",16,55.8,288,343.8,770.0,133.8,691.53,1461.53,3
Fri_01130,Friday,"Four Square Britomart,Four Square Ellerslie,Four Square Pakuranga Heights,Four Square Onehunga",14,91.9,252,343.9,770.0,133.9,691.58,1461.58,4
Fri_01131,Friday,"Four Square Pakuranga Heights,Four Square Ellerslie,New World Metro Queen St,Four Square Britomart",14,91.9,252,343.9,770.0,133.9,691.61,1461.61,4
Fri_01132,Friday,"Four Square Glen Eden,Four Square Hobsonville,Four Square Britomart,Four Square Ellerslie",12,127.9,216,343.9,770.0,133.9,691.65,1461.65,4
Fri_01133,Friday,"Four Square Onehunga,New World Remuera,Four Square Remuera",16,56.0,288,344.0,770.0,134.0,692.34,1462.34,3
Fri_01134,Friday,"Four Square Fair Price Henderson,New World Metro Shore City,Four Square Britomart,Four Square Ellerslie",12,128.1,216,344.1,770.0,134.1,692.7,1462.7,4
Fri_01135,Friday,"Four Square Eden Terrace,Four Square Ellerslie,Four Square St Heliers,Four Square Britomart",14,92.1,252,344.1,770.0,134.1,692.93,1462.93,4
Fri_01136,Friday,"Four Square Ellerslie,Four Square Torbay,New World Point Chevalier",12,128.2,216,344.2,770.0,134.2,693.17,1463.17,3
Fri_01137,Friday,"New World Metro Shore City,Four Square Britomart,Four Square Ellerslie,Four Square Glen Eden",12,128.3,216,344.3,770.0,134.3,694.13,1464.13,4
Fri_01138,Friday,"Four Square Fair Price Henderson,Four Square Ellerslie,Four Square Pakuranga Heights,Four Square Onehunga",13,110.4,234,344.4,770.0,134.4,694.25,1464.25,4
Fri_01139,Friday,"Four Square Botany Junction,Four Square St Heliers,Four Square Hobsonville",11,146.4,198,344.4,770.0,134.4,694.27,1464.27,3
Fri_01140,Friday,"New World Hobsonville,Four Square Hobsonville,New World Metro Shore City",14,92.4,252,344.4,770.0,134.4,694.49,1464.49,3
Fri_01141,Friday,"New World Metro Shore City,Four Square Remuera,New World Mt Albert",14,92.4,252,344.4,770.0,134.4,694.61,1464.61,3
Fri_01142,Friday,"Four Square Remuera,Pak 'n Save Sylvia Park",15,74.5,270,344.5,770.0,134.5,694.86,1464.86,2
Fri_01143,Friday,"Four Square Lancaster,Four Square Torbay,Four Square Britomart",12,128.5,216,344.5,770.0,134.5,694.94,1464.94,3
Fri_01144,Friday,"Four Square Lancaster,Four Square Torbay,Four Square Eden Terrace",12,128.7,216,344.7,770.0,134.7,695.78,1465.78,3
Fri_01145,Friday,"Four Square Pakuranga Heights,Four Square Ellerslie,Four Square Remuera,New World Metro Queen St",14,92.7,252,344.7,770.0,134.7,695.9,1465.9,4
Fri_01146,Friday,"Four Square Glen Eden,Four Square Fair Price Henderson,Four Square Britomart,New World Metro Queen St",14,92.7,252,344.7,770.0,134.7,696.11,1466.11,4
Fri_01147,Friday,"Four Square Pakuranga Heights,Four Square Ellerslie,New World Metro Queen St,Four Square Eden Terrace",14,92.8,252,344.8,770.0,134.8,696.52,1466.52,4
Fri_01148,Friday,"Four Square Eden Terrace,Four Square Ellerslie,New World Ormiston",14,92.9,252,344.9,770.0,134.9,697.12,1467.12,3
Fri_01149,Friday,"Four Square Hobsonville,Four Square Britomart,Four Square Ellerslie,Four Square Remuera",13,111.0,234,345.0,770.0,135.0,697.25,1467.25,4
Fri_01150,Friday,"Four Square Hobsonville,Four Square Britomart,Four Square Ellerslie,Four Square Eden Terrace",13,111.0,234,345.0,770.0,135.0,697.33,1467.33,4
Fri_01151,Friday,"Four Square Fair Price Henderson,Four Square Lancaster,New World Point Chevalier",13,111.0,234,345.0,770.0,135.0,697.7,1467.7,3
Fri_01152,Friday,"Four Square Lancaster,Four Square Torbay,Four Square Onehunga",12,129.1,216,345.1,770.0,135.1,698.09,1468.09,3
Fri_01153,Friday,"Four Square Botany Junction,Four Square Ellerslie,Four Square Remuera,Four Square Eden Terrace",14,93.1,252,345.1,770.0,135.1,698.15,1468.15,4
Fri_01154,Friday,"Pak 'n Save Albany,New World Metro Queen St",14,93.2,252,345.2,770.0,135.2,698.51,1468.51,2
Fri_01155,Friday,"New World Metro Shore City,New World Newmarket,Four Square Ellerslie",14,93.3,252,345.3,770.0,135.3,699.01,1469.01,3
Fri_01156,Friday,"Four Square Torbay,New World Milford",13,111.3,234,345.3,770.0,135.3,699.24,1469.24,2
Fri_01157,Friday,"Four Square Ellerslie,New World Stonefields,Four Square Botany Junction",14,93.4,252,345.4,770.0,135.4,699.69,1469.69,3
Fri_01158,Friday,"Four Square Glen Eden,Four Square Fair Price Henderson,Four Square Hobsonville,New World Metro Queen St",13,111.4,234,345.4,770.0,135.4,699.76,1469.76,4
Fri_01159,Friday,"Four Square Onehunga,Four Square Ellerslie,Four Square Botany Junction,Four Square Eden Terrace",14,93.5,252,345.5,770.0,135.5,700.02,1470.02,4
Fri_01160,Friday,"New World Metro Queen St,Four Square Britomart,New World Eastridge",15,75.6,270,345.6,770.0,135.6,700.38,1470.38,3
Fri_01161,Friday,"Four Square Pakuranga Heights,Four Square Ellerslie,Four Square Remuera,Four Square Glen Eden",13,111.6,234,345.6,770.0,135.6,700.46,1470.46,4
Fri_01162,Friday,"Four Square Pakuranga Heights,Four Square Ellerslie,Four Square Eden Terrace,Four Square Glen Eden",13,111.6,234,345.6,770.0,135.6,700.55,1470.55,4
Fri_01163,Friday,"Four Square Pakuranga Heights,Four Square Torbay,New World Metro Shore City",11,147.6,198,345.6,770.0,135.6,700.57,1470.57,3
Fri_01164,Friday,"Four Square Pakuranga Heights,Four Square Ellerslie,New World New Lynn",14,93.7,252,345.7,770.0,135.7,700.87,1470.87,3
Fri_01165,Friday,"New World Metro Queen St,Four Square Torbay,Four Square Remuera",12,129.7,216,345.7,770.0,135.7,701.3,1471.3,3
Fri_01166,Friday,"Four Square Pakuranga Heights,New World Metro Shore City,New World Point Chevalier",13,111.9,234,345.9,770.0,135.9,701.96,1471.96,3
Fri_01167,Friday,"Four Square Onehunga,Pak 'n Save Glen Innes",15,75.9,270,345.9,770.0,135.9,702.22,1472.22,2
Fri_01168,Friday,"Four Square Eden Terrace,Four Square Ellerslie,New World Botany",14,94.0,252,346.0,770.0,136.0,702.72,1472.72,3
Fri_01169,Friday,"Four Square Glen Eden,Four Square Fair Price Henderson,Four Square Eden Terrace,New World Metro Queen St",14,94.2,252,346.2,770.0,136.2,703.45,1473.45,4
Fri_01170,Friday,"Pak 'n Save Albany,Four Square Britomart",14,94.2,252,346.2,770.0,136.2,703.74,1473.74,2
Fri_01171,Friday,"Four Square Britomart,Four Square Torbay,Four Square Remuera",12,130.3,216,346.3,770.0,136.3,704.04,1474.04,3
Fri_01172,Friday,"Pak 'n Save Sylvia Park,New World Metro Queen St",15,76.3,270,346.3,770.0,136.3,704.38,1474.38,2
Fri_01173,Friday,"Four Square Hobsonville,Four Square Lancaster,Four Square Ellerslie,Four Square Onehunga",13,112.3,234,346.3,770.0,136.3,704.39,1474.39,4
Fri_01174,Friday,"Four Square Hobsonville,Four Square Lancaster,New World Metro Shore City,Four Square Ellerslie",12,130.3,216,346.3,770.0,136.3,704.43,1474.43,4
Fri_01175,Friday,"Pak 'n Save Albany,Four Square Eden Terrace",14,94.4,252,346.4,770.0,136.4,704.58,1474.58,2
Fri_01176,Friday,"New World Ormiston,Four Square Ellerslie,Four Square Remuera",14,94.4,252,346.4,770.0,136.4,704.91,1474.91,3
Fri_01177,Friday,"Four Square Fair Price Henderson,Four Square Lancaster,Four Square St Heliers",11,148.5,198,346.5,770.0,136.5,705.27,1475.27,3
Fri_01178,Friday,"Four Square Pakuranga Heights,Four Square Ellerslie,Four Square Remuera,Four Square Britomart",14,94.5,252,346.5,770.0,136.5,705.45,1475.45,4
Fri_01179,Friday,"Four Square Cockle Bay,Four Square Ellerslie,Four Square Torbay",10,166.6,180,346.6,770.0,136.6,705.76,1475.76,3
Fri_01180,Friday,"Four Square Glen Eden,Four Square Fair Price Henderson,Four Square Hobsonville,Four Square Britomart",13,112.6,234,346.6,770.0,136.6,705.88,1475.88,4
Fri_01181,Friday,"Four Square Eden Terrace,Four Square Remuera,New World Eastridge",15,76.6,270,346.6,770.0,136.6,705.9,1475.9,3
Fri_01182,Friday,"New World Victoria Park,Four Square Britomart,Four Square Eden Terrace",16,58.7,288,346.7,770.0,136.7,706.08,1476.08,3
Fri_01183,Friday,"New World Botany,Four Square Ellerslie,Four Square Remuera",14,94.7,252,346.7,770.0,136.7,706.38,1476.38,3
Fri_01184,Friday,"Four Square Pakuranga Heights,Four Square Ellerslie,Four Square Fair Price Henderson,Four Square Hobsonville",12,130.8,216,346.8,770.0,136.8,706.88,1476.88,4
Fri_01185,Friday,"New World Hobsonville,New World Metro Shore City,Four Square Ellerslie",13,112.9,234,346.9,770.0,136.9,707.46,1477.46,3
Fri_01186,Friday,"Four Square Onehunga,Four Square Ellerslie,New World Papakura",14,95.2,252,347.2,770.0,137.2,708.63,1478.63,3
Fri_01187,Friday,"Four Square Botany Junction,Pak 'n Save Papakura",14,95.2,252,347.2,770.0,137.2,708.83,1478.83,2
Fri_01188,Friday,"Four Square Ellerslie,New World Long Bay,New World Metro Shore City",12,131.2,216,347.2,770.0,137.2,709.07,1479.07,3
Fri_01189,Friday,"Four Square Fair Price Henderson,Four Square Hobsonville,New World Metro Shore City,New World Metro Queen St",13,113.3,234,347.3,770.0,137.3,709.23,1479.23,4
Fri_01190,Friday,"Pak 'n Save Botany,Four Square Remuera",14,95.3,252,347.3,770.0,137.3,709.27,1479.27,2
Fri_01191,Friday,"Four Square Onehunga,New World Metro Queen St,New World Victoria Park",16,59.3,288,347.3,770.0,137.3,709.42,1479.42,3
Fri_01192,Friday,"Four Square Hobsonville,New World Albany,Four Square Ellerslie",13,113.4,234,347.4,770.0,137.4,709.69,1479.69,3
Fri_01193,Friday,"Four Square Onehunga,Four Square Ellerslie,Four Square St Heliers,New World Metro Shore City",13,113.4,234,347.4,770.0,137.4,709.87,1479.87,4
Fri_01194,Friday,"Four Square Cockle Bay,Four Square St Heliers,New World Metro Shore City",11,149.4,198,347.4,770.0,137.4,710.1,1480.1,3
Fri_01195,Friday,"Four Square Pakuranga Heights,Four Square Ellerslie,Four Square Remuera,Four Square Fair Price Henderson",13,113.4,234,347.4,770.0,137.4,710.1,1480.1,4
Fri_01196,Friday,"Four Square Pakuranga Heights,Four Square Ellerslie,Four Square Eden Terrace,Four Square Fair Price Henderson",13,113.5,234,347.5,770.0,137.5,710.19,1480.19,4
Fri_01197,Friday,"Four Square Lancaster,New World Metro Shore City,New World Mt Albert",14,95.5,252,347.5,770.0,137.5,710.43,1480.43,3
Fri_01198,Friday,"Four Square Pakuranga Heights,Pak 'n Save Sylvia Park",15,77.5,270,347.5,770.0,137.5,710.65,1480.65,2
Fri_01199,Friday,"Four Square Onehunga,Four Square Ellerslie,Four Square Pakuranga Heights,New World Metro Shore City",13,113.6,234,347.6,770.0,137.6,710.68,1480.68,4
Fri_01200,Friday,"Four Square Cockle Bay,Four Square Pakuranga Heights,Four Square Ellerslie,Four Square Onehunga",14,95.6,252,347.6,770.0,137.6,710.69,1480.69,4
Fri_01201,Friday,"New World Howick,Four Square Pakuranga Heights,Four Square Ellerslie",14,95.6,252,347.6,770.0,137.6,710.87,1480.87,3
Fri_01202,Friday,"Four Square Fair Price Henderson,Four Square Hobsonville,Four Square Lancaster,Four Square Ellerslie",12,131.6,216,347.6,770.0,137.6,710.93,1480.93,4
Fri_01203,Friday,"Four Square Onehunga,New World Papatoetoe,Four Square Botany Junction",15,77.6,270,347.6,770.0,137.6,711.01,1481.01,3
Fri_01204,Friday,"Four Square Botany Junction,Four Square Remuera,New World Point Chevalier",14,95.6,252,347.6,770.0,137.6,711.05,1481.05,3
Fri_01205,Friday,"Four Square Lancaster,Four Square St Heliers,Four Square Eden Terrace",12,131.6,216,347.6,770.0,137.6,711.06,1481.06,3
Fri_01206,Friday,"Four Square Cockle Bay,Four Square Lancaster,New World Metro Shore City",11,149.6,198,347.6,770.0,137.6,711.08,1481.08,3
Fri_01207,Friday,"Four Square Pakuranga Heights,Four Square Eden Terrace,New World Mt Albert",15,77.7,270,347.7,770.0,137.7,711.33,1481.33,3
Fri_01208,Friday,"Four Square Botany Junction,Four Square Pakuranga Heights,New World Point Chevalier",14,95.7,252,347.7,770.0,137.7,711.36,1481.36,3
Fri_01209,Friday,"Four Square Britomart,Pak 'n Save Sylvia Park",15,77.7,270,347.7,770.0,137.7,711.62,1481.62,2
Fri_01210,Friday,"Four Square Ellerslie,Four Square Remuera,Four Square St Heliers,Four Square Glen Eden",13,113.7,234,347.7,770.0,137.7,711.65,1481.65,4
Fri_01211,Friday,"Four Square Pakuranga Heights,Four Square Ellerslie,Four Square Britomart,Four Square Eden Terrace",14,95.8,252,347.8,770.0,137.8,711.71,1481.71,4
Fri_01212,Friday,"Four Square Lancaster,New World Metro Queen St,New World Point Chevalier",14,95.8,252,347.8,770.0,137.8,711.95,1481.95,3
Fri_01213,Friday,"New World Victoria Park,Four Square Ellerslie,Four Square St Heliers",14,95.8,252,347.8,770.0,137.8,712.05,1482.05,3
Fri_01214,Friday,"Four Square Onehunga,New World Hobsonville,Four Square Hobsonville",15,77.8,270,347.8,770.0,137.8,712.14,1482.14,3
Fri_01215,Friday,"Four Square Britomart,New World Eastridge,Four Square Remuera",15,77.9,270,347.9,770.0,137.9,712.64,1482.64,3
Fri_01216,Friday,"Four Square Botany Junction,New World Metro Queen St,Four Square Lancaster",12,132.1,216,348.1,770.0,138.1,713.31,1483.31,3
Fri_01217,Friday,"Four Square Hobsonville,Four Square Torbay,New World Point Chevalier",13,114.2,234,348.2,770.0,138.2,713.96,1483.96,3
Fri_01218,Friday,"Four Square Fair Price Henderson,Four Square Hobsonville,New World Metro Shore City,Four Square Britomart",13,114.3,234,348.3,770.0,138.3,714.46,1484.46,4
Fri_01219,Friday,"Four Square Onehunga,Four Square St Heliers,New World Eastridge",15,78.3,270,348.3,770.0,138.3,714.63,1484.63,3
Fri_01220,Friday,"New World Howick,Four Square Ellerslie,Four Square Remuera",14,96.3,252,348.3,770.0,138.3,714.64,1484.64,3
Fri_01221,Friday,"Four Square Onehunga,Four Square Ellerslie,Four Square Botany Junction,Four Square Glen Eden",13,114.3,234,348.3,770.0,138.3,714.67,1484.67,4
Fri_01222,Friday,"New World Howick,Four Square Ellerslie,Four Square Eden Terrace",14,96.3,252,348.3,770.0,138.3,714.72,1484.72,3
Fri_01223,Friday,"New World Long Bay,Four Square Ellerslie,Four Square Onehunga",13,114.4,234,348.4,770.0,138.4,714.85,1484.85,3
Fri_01224,Friday,"Four Square Fair Price Henderson,Four Square Hobsonville,New World Metro Shore City,Four Square Eden Terrace",13,114.4,234,348.4,770.0,138.4,715.3,1485.3,4
Fri_01225,Friday,"Four Square Glen Eden,Four Square Fair Price Henderson,Four Square Britomart,Four Square Eden Terrace",14,96.5,252,348.5,770.0,138.5,715.35,1485.35,4
Fri_01226,Friday,"Four Square Eden Terrace,New World Metro Queen St,New World Eastridge",15,78.5,270,348.5,770.0,138.5,715.7,1485.7,3
Fri_01227,Friday,"Four Square Remuera,New World Eastridge,New World Metro Queen St",15,78.6,270,348.6,770.0,138.6,716.05,1486.05,3
Fri_01228,Friday,"New World Papatoetoe,Four Square Ellerslie,New World Point Chevalier",15,78.7,270,348.7,770.0,138.7,716.69,1486.69,3
Fri_01229,Friday,"Four Square Fair Price Henderson,Four Square Ellerslie,Four Square Remuera,Four Square St Heliers",13,114.8,234,348.8,770.0,138.8,717.0,1487.0,4
Fri_01230,Friday,"New World Green Bay,Four Square Ellerslie,Four Square Remuera",15,78.8,270,348.8,770.0,138.8,717.12,1487.12,3
Fri_01231,Friday,"Four Square Britomart,New World Metro Queen St,Four Square Ellerslie,Four Square Botany Junction",14,96.8,252,348.8,770.0,138.8,717.12,1487.12,4
Fri_01232,Friday,"Four Square Britomart,Four Square Lancaster,New World Point Chevalier",14,96.8,252,348.8,770.0,138.8,717.13,1487.13,3
Fri_01233,Friday,"Four Square Eden Terrace,Four Square Ellerslie,Four Square Pakuranga Heights,Four Square Botany Junction",14,96.8,252,348.8,770.0,138.8,717.2,1487.2,4
Fri_01234,Friday,"Four Square Ellerslie,Four Square St Heliers,New World New Lynn",14,96.8,252,348.8,770.0,138.8,717.28,1487.28,3
Fri_01235,Friday,"Four Square Fair Price Henderson,Four Square Hobsonville,New World Metro Shore City,Four Square Onehunga",13,114.9,234,348.9,770.0,138.9,717.61,1487.61,4
Fri_01236,Friday,"New World Papatoetoe,New World Metro Queen St,Four Square Britomart",15,78.9,270,348.9,770.0,138.9,717.82,1487.82,3
Fri_01237,Friday,"New World Hobsonville,Four Square Hobsonville,Four Square Eden Terrace",15,78.9,270,348.9,770.0,138.9,717.9,1487.9,3
Fri_01238,Friday,"Four Square Ellerslie,Four Square Pakuranga Heights,New World Ormiston",14,97.0,252,349.0,770.0,139.0,718.02,1488.02,3
Fri_01239,Friday,"Four Square Lancaster,Four Square Eden Terrace,New World Point Chevalier",14,97.0,252,349.0,770.0,139.0,718.03,1488.03,3
Fri_01240,Friday,"New World Papatoetoe,Four Square Remuera,Four Square Eden Terrace",15,79.0,270,349.0,770.0,139.0,718.31,1488.31,3
Fri_01241,Friday,"Four Square Lancaster,Four Square Pakuranga Heights,Four Square Botany Junction",12,133.1,216,349.1,770.0,139.1,718.54,1488.54,3
Fri_01242,Friday,"Four Square Onehunga,Four Square Britomart,New World Metro Queen St,Four Square Eden Terrace",16,61.1,288,349.1,770.0,139.1,718.55,1488.55,4
Fri_01243,Friday,"Four Square Onehunga,Four Square Remuera,Four Square Fair Price Henderson,Four Square Glen Eden",14,97.1,252,349.1,770.0,139.1,718.79,1488.79,4
Fri_01244,Friday,"Four Square Hobsonville,New World Metro Shore City,New World Victoria Park",14,97.1,252,349.1,770.0,139.1,718.87,1488.87,3
Fri_01245,Friday,"Four Square Fair Price Henderson,Four Square Hobsonville,Four Square Ellerslie,Four Square St Heliers",12,133.2,216,349.2,770.0,139.2,719.0,1489.0,4
Fri_01246,Friday,"Four Square Hobsonville,Four Square Torbay,Four Square Botany Junction",11,151.2,198,349.2,770.0,139.2,719.01,1489.01,3
Fri_01247,Friday,"Four Square Botany Junction,Four Square Britomart,Four Square Lancaster",12,133.3,216,349.3,770.0,139.3,719.47,1489.47,3
Fri_01248,Friday,"Four Square Lancaster,Four Square Remuera,Four Square Botany Junction",12,133.3,216,349.3,770.0,139.3,719.47,1489.47,3
Fri_01249,Friday,"Four Square Eden Terrace,Four Square Britomart,New World Eastridge",15,79.3,270,349.3,770.0,139.3,719.48,1489.48,3
Fri_01250,Friday,"Four Square Onehunga,Four Square Ellerslie,Four Square St Heliers,Four Square Hobsonville",13,115.4,234,349.4,770.0,139.4,720.31,1490.31,4
Fri_01251,Friday,"Four Square Cockle Bay,Four Square St Heliers,Four Square Hobsonville",11,151.5,198,349.5,770.0,139.5,720.54,1490.54,3
Fri_01252,Friday,"Four Square Onehunga,Four Square Ellerslie,Four Square Remuera,New World Point Chevalier",16,61.5,288,349.5,770.0,139.5,720.88,1490.88,4
Fri_01253,Friday,"Four Square Onehunga,Four Square Ellerslie,Four Square Eden Terrace,New World Point Chevalier",16,61.5,288,349.5,770.0,139.5,720.96,1490.96,4
Fri_01254,Friday,"Four Square Fair Price Henderson,New World Long Bay,Four Square Ellerslie",12,133.6,216,349.6,770.0,139.6,721.39,1491.39,3
Fri_01255,Friday,"Four Square Hobsonville,Four Square Torbay,Four Square St Heliers",11,151.7,198,349.7,770.0,139.7,721.53,1491.53,3
Fri_01256,Friday,"Four Square Onehunga,Four Square Britomart,New World Victoria Park",16,61.7,288,349.7,770.0,139.7,721.66,1491.66,3
Fri_01257,Friday,"Four Square Eden Terrace,Four Square Ellerslie,Four Square St Heliers,Four Square Glen Eden",13,115.7,234,349.7,770.0,139.7,721.67,1491.67,4
Fri_01258,Friday,"Four Square Botany Junction,Four Square Ellerslie,New World Victoria Park",14,97.7,252,349.7,770.0,139.7,721.94,1491.94,3
Fri_01259,Friday,"New World Metro Shore City,New World Victoria Park,Four Square Eden Terrace",15,79.8,270,349.8,770.0,139.8,722.31,1492.31,3
Fri_01260,Friday,"Four Square Pakuranga Heights,Four Square Ellerslie,Four Square Remuera,New World Metro Shore City",13,115.8,234,349.8,770.0,139.8,722.47,1492.47,4
Fri_01261,Friday,"New World Papatoetoe,New World Metro Queen St,Four Square Eden Terrace",15,79.9,270,349.9,770.0,139.9,722.73,1492.73,3
Fri_01262,Friday,"New World Devonport,Four Square Ellerslie,Four Square Remuera",13,116.1,234,350.1,770.0,140.1,723.83,1493.83,3
Fri_01263,Friday,"New World Devonport,Four Square Ellerslie,Four Square Eden Terrace",13,116.1,234,350.1,770.0,140.1,723.91,1493.91,3
Fri_01264,Friday,"New World Remuera,Four Square Remuera,Four Square Eden Terrace",16,62.1,288,350.1,770.0,140.1,723.94,1493.94,3
Fri_01265,Friday,"New World Metro Queen St,New World Victoria Park,New World Metro Shore City",15,80.1,270,350.1,770.0,140.1,724.1,1494.1,3
Fri_01266,Friday,"Four Square Onehunga,New World Remuera,New World Metro Queen St",16,62.2,288,350.2,770.0,140.2,724.27,1494.27,3
Fri_01267,Friday,"Four Square Eden Terrace,New World Metro Queen St,Four Square Ellerslie,Four Square Botany Junction",14,98.2,252,350.2,770.0,140.2,724.46,1494.46,4
Fri_01268,Friday,"Pak 'n Save Highland Park,Four Square Ellerslie,Four Square Onehunga",15,80.2,270,350.2,770.0,140.2,724.52,1494.52,3
Fri_01269,Friday,"Four Square Fair Price Henderson,Four Square Hobsonville,New World Victoria Park",14,98.3,252,350.3,770.0,140.3,724.69,1494.69,3
Fri_01270,Friday,"New World Hobsonville,Four Square Ellerslie,Four Square Remuera",14,98.3,252,350.3,770.0,140.3,724.96,1494.96,3
Fri_01271,Friday,"New World Hobsonville,Four Square Ellerslie,Four Square Eden Terrace",14,98.3,252,350.3,770.0,140.3,725.04,1495.04,3
Fri_01272,Friday,"Four Square Onehunga,New World Metro Queen St,Four Square Fair Price Henderson,Four Square Glen Eden",14,98.3,252,350.3,770.0,140.3,725.11,1495.11,4
Fri_01273,Friday,"New World Metro Shore City,Pak 'n Save Sylvia Park",14,98.4,252,350.4,770.0,140.4,725.55,1495.55,2
Fri_01274,Friday,"Four Square Pakuranga Heights,Four Square St Heliers,New World Point Chevalier",14,98.5,252,350.5,770.0,140.5,725.8,1495.8,3
Fri_01275,Friday,"New World Papatoetoe,Four Square Pakuranga Heights,Four Square Onehunga",15,80.5,270,350.5,770.0,140.5,725.88,1495.88,3
Fri_01276,Friday,"Four Square Remuera,Four Square Ellerslie,Four Square Pakuranga Heights,Four Square Botany Junction",14,98.5,252,350.5,770.0,140.5,726.09,1496.09,4
Fri_01277,Friday,"Four Square Fair Price Henderson,Four Square Eden Terrace,Four Square Ellerslie,Four Square St Heliers",13,116.7,234,350.7,770.0,140.7,727.02,1497.02,4
Fri_01278,Friday,"Four Square Cockle Bay,Four Square Lancaster,Four Square Hobsonville",11,152.8,198,350.8,770.0,140.8,727.32,1497.32,3
Fri_01279,Friday,"Four Square Hobsonville,New World Newmarket,Four Square Ellerslie",14,98.8,252,350.8,770.0,140.8,727.4,1497.4,3
Fri_01280,Friday,"New World Metro Shore City,Four Square Ellerslie,Four Square Remuera,Four Square St Heliers",13,117.0,234,351.0,770.0,141.0,728.26,1498.26,4
Fri_01281,Friday,"Four Square Hobsonville,New World Devonport,Four Square Ellerslie",12,135.0,216,351.0,770.0,141.0,728.57,1498.57,3
Fri_01282,Friday,"Four Square Lancaster,Four Square Ellerslie,New World Papatoetoe",13,117.1,234,351.1,770.0,141.1,729.04,1499.04,3
Fri_01283,Friday,"Four Square Pakuranga Heights,Pak 'n Save Manukau",15,81.1,270,351.1,770.0,141.1,729.19,1499.19,2
Fri_01284,Friday,"New World Metro Shore City,New World Milford,Four Square Ellerslie",14,99.2,252,351.2,770.0,141.2,729.4,1499.4,3
Fri_01285,Friday,"Four Square Fair Price Henderson,Four Square Hobsonville,Four Square Ellerslie,Four Square Botany Junction",12,135.2,216,351.2,770.0,141.2,729.56,1499.56,4
Fri_01286,Friday,"Four Square Onehunga,New World Stonefields,Four Square Remuera",16,63.2,288,351.2,770.0,141.2,729.68,1499.68,3
Fri_01287,Friday,"Four Square Hobsonville,New World Long Bay,New World Metro Shore City",13,117.3,234,351.3,770.0,141.3,729.86,1499.86,3
Fri_01288,Friday,"Four Square Ellerslie,Four Square Cockle Bay,New World Southmall",13,117.3,234,351.3,770.0,141.3,729.87,1499.87,3
Fri_01289,Friday,"Four Square Ellerslie,Four Square St Heliers,Four Square Britomart,New World Metro Shore City",13,117.3,234,351.3,770.0,141.3,729.96,1499.96,4
Fri_01290,Friday,"Four Square Onehunga,Four Square Ellerslie,Four Square Cockle Bay,Four Square Botany Junction",14,99.3,252,351.3,770.0,141.3,730.07,1500.07,4
Fri_01291,Friday,"Four Square Ellerslie,Four Square St Heliers,Four Square Britomart,Four Square Glen Eden",13,117.3,234,351.3,770.0,141.3,730.07,1500.07,4
Fri_01292,Friday,"Four Square Remuera,Pak 'n Save Glen Innes",15,81.3,270,351.3,770.0,141.3,730.09,1500.09,2
Fri_01293,Friday,"Four Square Cockle Bay,New World Howick,Four Square Ellerslie",14,99.4,252,351.4,770.0,141.4,730.72,1500.72,3
Fri_01294,Friday,"New World Metro Queen St,Four Square Ellerslie,New World Ormiston",14,99.4,252,351.4,770.0,141.4,730.82,1500.82,3
Fri_01295,Friday,"Four Square Cockle Bay,Four Square Ellerslie,New World Eastridge",13,117.5,234,351.5,770.0,141.5,731.17,1501.17,3
Fri_01296,Friday,"Four Square Ellerslie,Four Square St Heliers,New World Metro Queen St,Four Square Glen Eden",13,117.6,234,351.6,770.0,141.6,731.82,1501.82,4
Fri_01297,Friday,"New World Mt Albert,Four Square Lancaster,Four Square Hobsonville",14,99.7,252,351.7,770.0,141.7,732.09,1502.09,3
Fri_01298,Friday,"Four Square Onehunga,Four Square Eden Terrace,Four Square Fair Price Henderson,Four Square Hobsonville",14,99.8,252,351.8,770.0,141.8,732.44,1502.44,4
Fri_01299,Friday,"Four Square Britomart,New World Remuera,Four Square Onehunga",16,63.8,288,351.8,770.0,141.8,732.81,1502.81,3
Fri_01300,Friday,"Four Square Britomart,New World Victoria Park,New World Metro Shore City",15,81.9,270,351.9,770.0,141.9,732.9,1502.9,3
Fri_01301,Friday,"Four Square Glen Eden,Four Square Eden Terrace,Four Square Ellerslie,Four Square Botany Junction",13,117.9,234,351.9,770.0,141.9,733.1,1503.1,4
Fri_01302,Friday,"Four Square Hobsonville,New World Devonport,New World Metro Shore City",13,117.9,234,351.9,770.0,141.9,733.13,1503.13,3
Fri_01303,Friday,"Four Square Ellerslie,New World Albany,New World Metro Shore City",13,117.9,234,351.9,770.0,141.9,733.14,1503.14,3
Fri_01304,Friday,"Four Square Hobsonville,Four Square Ellerslie,Four Square Pakuranga Heights,Four Square Onehunga",13,118.0,234,352.0,770.0,142.0,733.9,1503.9,4
Fri_01305,Friday,"Four Square Ellerslie,New World Eastridge,New World Point Chevalier",15,82.1,270,352.1,770.0,142.1,734.04,1504.04,3
Fri_01306,Friday,"Four Square Cockle Bay,Four Square Ellerslie,Four Square Remuera,Four Square Onehunga",14,100.1,252,352.1,770.0,142.1,734.32,1504.32,4
Fri_01307,Friday,"Four Square Ellerslie,Four Square Remuera,Four Square Lancaster,New World Metro Shore City",13,118.2,234,352.2,770.0,142.2,734.46,1504.46,4
Fri_01308,Friday,"Four Square Pakuranga Heights,Four Square Ellerslie,New World Metro Shore City,Four Square Hobsonville",12,136.2,216,352.2,770.0,142.2,734.51,1504.51,4
Fri_01309,Friday,"Four Square Onehunga,Four Square Ellerslie,Four Square Pakuranga Heights,Four Square St Heliers",14,100.2,252,352.2,770.0,142.2,734.52,1504.52,4
Fri_01310,Friday,"Four Square Onehunga,Four Square Britomart,Four Square Fair Price Henderson,Four Square Glen Eden",14,100.2,252,352.2,770.0,142.2,734.66,1504.66,4
Fri_01311,Friday,"Four Square Ellerslie,Four Square St Heliers,New World Metro Queen St,New World Metro Shore City",13,118.3,234,352.3,770.0,142.3,735.1,1505.1,4
Fri_01312,Friday,"Four Square Pakuranga Heights,Four Square Torbay,Four Square Fair Price Henderson",11,154.3,198,352.3,770.0,142.3,735.36,1505.36,3
Fri_01313,Friday,"Four Square Onehunga,New World Stonefields,Four Square Eden Terrace",16,64.3,288,352.3,770.0,142.3,735.4,1505.4,3
Fri_01314,Friday,"Four Square Fair Price Henderson,Four Square Ellerslie,Four Square St Heliers,Four Square Britomart",13,118.3,234,352.3,770.0,142.3,735.43,1505.43,4
Fri_01315,Friday,"Four Square Botany Junction,Four Square Ellerslie,Four Square Remuera,New World Metro Queen St",14,100.3,252,352.3,770.0,142.3,735.44,1505.44,4
Fri_01316,Friday,"New World Metro Queen St,Four Square Ellerslie,New World Botany",14,100.5,252,352.5,770.0,142.5,736.42,1506.42,3
Fri_01317,Friday,"Four Square Britomart,Four Square Ellerslie,New World Ormiston",14,100.6,252,352.6,770.0,142.6,736.94,1506.94,3
Fri_01318,Friday,"Four Square Fair Price Henderson,Four Square Ellerslie,Four Square St Heliers,New World Metro Queen St",13,118.7,234,352.7,770.0,142.7,737.17,1507.17,4
Fri_01319,Friday,"Four Square Onehunga,Four Square Ellerslie,Four Square Botany Junction,New World Metro Queen St",14,100.7,252,352.7,770.0,142.7,737.31,1507.31,4
Fri_01320,Friday,"Four Square Fair Price Henderson,Four Square Eden Terrace,Four Square Ellerslie,Four Square Botany Junction",13,118.8,234,352.8,770.0,142.8,737.57,1507.57,4
Fri_01321,Friday,"Four Square Pakuranga Heights,Four Square Ellerslie,New World Metro Queen St,Four Square Glen Eden",13,118.8,234,352.8,770.0,142.8,737.84,1507.84,4
Fri_01322,Friday,"Four Square Onehunga,Four Square Ellerslie,Four Square Remuera,Four Square Lancaster",14,100.8,252,352.8,770.0,142.8,737.98,1507.98,4
Fri_01323,Friday,"Four Square Fair Price Henderson,New World Victoria Park,New World Metro Queen St",15,82.9,270,352.9,770.0,142.9,738.21,1508.21,3
Fri_01324,Friday,"Four Square Eden Terrace,Four Square Britomart,Four Square Ellerslie,Four Square Botany Junction",14,101.0,252,353.0,770.0,143.0,738.79,1508.79,4
Fri_01325,Friday,"New World Albany,Four Square Ellerslie,Four Square Onehunga",14,101.0,252,353.0,770.0,143.0,738.92,1508.92,3
Fri_01326,Friday,"Four Square Onehunga,Four Square Remuera,New World Victoria Park",16,65.0,288,353.0,770.0,143.0,738.93,1508.93,3
Fri_01327,Friday,"Four Square Glen Eden,Four Square Fair Price Henderson,New World Metro Shore City,New World Metro Queen St",13,119.0,234,353.0,770.0,143.0,738.97,1508.97,4
Fri_01328,Friday,"Four Square Torbay,New World Metro Shore City,New World Point Chevalier",13,119.1,234,353.1,770.0,143.1,739.1,1509.1,3
Fri_01329,Friday,"Four Square Eden Terrace,Four Square Ellerslie,Four Square Lancaster,New World Metro Shore City",13,119.1,234,353.1,770.0,143.1,739.26,1509.26,4
Fri_01330,Friday,"Four Square Cockle Bay,Four Square Pakuranga Heights,New World Point Chevalier",14,101.1,252,353.1,770.0,143.1,739.58,1509.58,3
Fri_01331,Friday,"Four Square Fair Price Henderson,Four Square Ellerslie,New World Ormiston",13,119.2,234,353.2,770.0,143.1,739.61,1509.61,3
Fri_01332,Friday,"Four Square Glen Eden,New World Point Chevalier,Four Square Ellerslie,Four Square Onehunga",15,83.2,270,353.2,770.0,143.2,739.67,1509.67,4
Fri_01333,Friday,"Four Square Botany Junction,Four Square Ellerslie,Four Square Remuera,Four Square Glen Eden",13,119.2,234,353.2,770.0,143.2,740.01,1510.01,4
Fri_01334,Friday,"Four Square Britomart,New World Metro Queen St,New World New Lynn",16,65.2,288,353.2,770.0,143.2,740.06,1510.06,3
Fri_01335,Friday,"Four Square Remuera,Four Square St Heliers,New World Mt Albert",15,83.2,270,353.2,770.0,143.2,740.07,1510.07,3
Fri_01336,Friday,"Four Square Botany Junction,Four Square Torbay,New World Metro Shore City",11,155.2,198,353.2,770.0,143.2,740.11,1510.11,3
Fri_01337,Friday,"Four Square Fair Price Henderson,Four Square Lancaster,Four Square Ellerslie,Four Square Onehunga",13,119.3,234,353.3,770.0,143.3,740.16,1510.16,4
Fri_01338,Friday,"Four Square Fair Price Henderson,Four Square Lancaster,New World Metro Shore City,Four Square Ellerslie",12,137.3,216,353.3,770.0,143.3,740.19,1510.19,4
Fri_01339,Friday,"New World Metro Shore City,Four Square Britomart,New World Metro Queen St,Four Square Eden Terrace",15,83.3,270,353.3,770.0,143.3,740.22,1510.22,4
Fri_01340,Friday,"New World Birkenhead,Four Square Torbay",13,119.3,234,353.3,770.0,143.3,740.24,1510.24,2
Fri_01341,Friday,"Four Square Britomart,New World Metro Queen St,Four Square Eden Terrace,Four Square Glen Eden",15,83.3,270,353.3,770.0,143.3,740.27,1510.27,4
Fri_01342,Friday,"Four Square Glen Eden,Four Square Fair Price Henderson,Four Square Lancaster,Four Square Ellerslie",12,137.4,216,353.4,770.0,143.4,740.66,1510.66,4
Fri_01343,Friday,"Four Square Glen Eden,Four Square Ellerslie,New World Botany",13,119.4,234,353.4,770.0,143.4,740.74,1510.74,3
Fri_01344,Friday,"New World Metro Shore City,Four Square St Heliers,New World Point Chevalier",13,119.4,234,353.4,770.0,143.4,740.98,1510.98,3
Fri_01345,Friday,"Four Square Pakuranga Heights,Four Square Ellerslie,New World Metro Queen St,New World Metro Shore City",13,119.4,234,353.4,770.0,143.4,741.12,1511.12,4
Fri_01346,Friday,"Four Square Fair Price Henderson,Four Square Hobsonville,Four Square Britomart,New World Metro Queen St",14,101.6,252,353.6,770.0,143.6,741.79,1511.79,4
Fri_01347,Friday,"Four Square Hobsonville,New World Browns Bay,Four Square Ellerslie",13,119.6,234,353.6,770.0,143.6,742.07,1512.07,3
Fri_01348,Friday,"Four Square Remuera,Four Square St Heliers,New World Eastridge",15,83.7,270,353.7,770.0,143.7,742.51,1512.51,3
Fri_01349,Friday,"Four Square Britomart,Four Square Ellerslie,New World Botany",14,101.7,252,353.7,770.0,143.7,742.54,1512.54,3
Fri_01350,Friday,"Four Square Remuera,New World Eastridge,Four Square Glen Eden",14,101.8,252,353.8,770.0,143.8,743.03,1513.03,3
Fri_01351,Friday,"Four Square Pakuranga Heights,Four Square Botany Junction,New World Papatoetoe",15,83.8,270,353.8,770.0,143.8,743.13,1513.13,3
Fri_01352,Friday,"Four Square Cockle Bay,Four Square Eden Terrace,New World Point Chevalier",14,101.9,252,353.9,770.0,143.9,743.43,1513.43,3
Fri_01353,Friday,"Four Square Britomart,Four Square Remuera,Four Square Ellerslie,Four Square Botany Junction",14,102.0,252,354.0,770.0,144.0,743.79,1513.79,4
Fri_01354,Friday,"Four Square Glen Eden,Four Square Fair Price Henderson,New World Metro Shore City,Four Square Britomart",13,120.0,234,354.0,770.0,144.0,744.2,1514.2,4
Fri_01355,Friday,"Four Square Pakuranga Heights,Four Square St Heliers,Four Square Remuera,Four Square Ellerslie",14,102.0,252,354.0,770.0,144.0,744.24,1514.24,4
Fri_01356,Friday,"Four Square Pakuranga Heights,Four Square Ellerslie,New World Newmarket",15,84.1,270,354.1,770.0,144.1,744.34,1514.34,3
Fri_01357,Friday,"Four Square Hobsonville,New World Metro Shore City,Four Square Britomart,New World Metro Queen St",14,102.1,252,354.1,770.0,144.1,744.34,1514.34,4
Fri_01358,Friday,"Four Square Pakuranga Heights,Four Square Remuera,New World Mt Albert",15,84.1,270,354.1,770.0,144.1,744.74,1514.74,3
Fri_01359,Friday,"Four Square Ellerslie,New World Howick,Four Square Botany Junction",14,102.2,252,354.2,770.0,144.2,744.84,1514.84,3
Fri_01360,Friday,"Four Square Fair Price Henderson,Four Square Ellerslie,New World Botany",13,120.2,234,354.2,770.0,144.2,745.21,1515.21,3
Fri_01361,Friday,"Four Square Fair Price Henderson,New World Albany,Four Square Ellerslie",13,120.3,234,354.3,770.0,144.3,745.46,1515.46,3
Fri_01362,Friday,"Four Square Fair Price Henderson,Four Square Britomart,New World Metro Queen St,Four Square Eden Terrace",15,84.3,270,354.3,770.0,144.3,745.62,1515.62,4
Fri_01363,Friday,"Pak 'n Save Clendon,Four Square Botany Junction",15,84.3,270,354.3,770.0,144.3,745.71,1515.71,2
Fri_01364,Friday,"New World Metro Shore City,New World Eastridge,Four Square Onehunga",14,102.3,252,354.3,770.0,144.3,745.71,1515.71,3
Fri_01365,Friday,"Four Square Lancaster,Four Square Ellerslie,New World Eastridge",13,120.3,234,354.3,770.0,144.3,745.74,1515.74,3
Fri_01366,Friday,"Pak 'n Save Glen Innes,Four Square Eden Terrace",15,84.3,270,354.3,770.0,144.3,745.77,1515.77,2
Fri_01367,Friday,"Four Square Cockle Bay,New World Botany,Four Square Ellerslie",14,102.4,252,354.4,770.0,144.4,746.03,1516.03,3
Fri_01368,Friday,"Four Square Onehunga,Four Square Remuera,New World Southmall",15,84.4,270,354.4,770.0,144.4,746.12,1516.12,3
Fri_01369,Friday,"Four Square Onehunga,Four Square Ellerslie,Pak 'n Save Ormiston",15,84.5,270,354.5,770.0,144.5,746.41,1516.41,3
Fri_01370,Friday,"Four Square Fair Price Henderson,Four Square Remuera,Four Square Ellerslie,Four Square Botany Junction",13,120.5,234,354.5,770.0,144.5,746.46,1516.46,4
Fri_01371,Friday,"Four Square Glen Eden,Four Square Hobsonville,New World Metro Shore City,New World Metro Queen St",13,120.5,234,354.5,770.0,144.5,746.5,1516.5,4
Fri_01372,Friday,"New World Devonport,New World Metro Queen St,Four Square Ellerslie",13,120.5,234,354.5,770.0,144.5,746.55,1516.55,3
Fri_01373,Friday,"Four Square Torbay,New World Metro Shore City,Four Square St Heliers",11,156.5,198,354.5,770.0,144.5,746.67,1516.67,3
Fri_01374,Friday,"New World Metro Shore City,New World Remuera,Four Square Onehunga",15,84.5,270,354.5,770.0,144.5,746.74,1516.74,3
Fri_01375,Friday,"Four Square Onehunga,Four Square Ellerslie,Four Square Botany Junction,Four Square Britomart",14,102.6,252,354.6,770.0,144.6,746.86,1516.86,4
Fri_01376,Friday,"Four Square Fair Price Henderson,New World Victoria Park,Four Square Britomart",15,84.6,270,354.6,770.0,144.6,747.12,1517.12,3
Fri_01377,Friday,"Four Square Pakuranga Heights,Four Square Ellerslie,Four Square Britomart,New World Metro Shore City",13,120.6,234,354.6,770.0,144.6,747.28,1517.28,4
Fri_01378,Friday,"Four Square Glen Eden,Four Square Fair Price Henderson,New World Metro Shore City,Four Square Onehunga",13,120.6,234,354.6,770.0,144.6,747.35,1517.35,4
Fri_01379,Friday,"Four Square Pakuranga Heights,Four Square Ellerslie,Four Square Britomart,Four Square Glen Eden",13,120.7,234,354.7,770.0,144.7,747.39,1517.39,4
Fri_01380,Friday,"Four Square Glen Eden,Four Square Fair Price Henderson,Four Square Hobsonville,Four Square Remuera",13,120.7,234,354.7,770.0,144.7,747.59,1517.59,4
Fri_01381,Friday,"Pak 'n Save Westgate,Four Square Hobsonville",16,66.7,288,354.7,770.0,144.7,747.83,1517.83,2
Fri_01382,Friday,"Four Square Onehunga,Four Square Remuera,New World Metro Queen St,Four Square Britomart",16,66.8,288,354.8,770.0,144.8,748.13,1518.13,4
Fri_01383,Friday,"Four Square Glen Eden,Four Square Hobsonville,Four Square Lancaster,Four Square Ellerslie",12,138.8,216,354.8,770.0,144.8,748.19,1518.19,4
Fri_01384,Friday,"Four Square Fair Price Henderson,Four Square Remuera,New World Eastridge",14,102.8,252,354.8,770.0,144.8,748.39,1518.39,3
Fri_01385,Friday,"Pak 'n Save Sylvia Park,Four Square Botany Junction",15,84.9,270,354.9,770.0,144.9,748.62,1518.62,2
Fri_01386,Friday,"Four Square Hobsonville,New World Metro Shore City,Four Square Ellerslie,Four Square Botany Junction",12,138.9,216,354.9,770.0,144.9,748.77,1518.77,4
Fri_01387,Friday,"Four Square Fair Price Henderson,Four Square Hobsonville,Four Square Eden Terrace,New World Metro Queen St",14,103.0,252,355.0,770.0,145.0,749.13,1519.13,4
Fri_01388,Friday,"Four Square Fair Price Henderson,Four Square Hobsonville,New World Eastridge",13,121.0,234,355.0,770.0,145.0,749.16,1519.16,3
Fri_01389,Friday,"New World Newmarket,Four Square Ellerslie,Four Square St Heliers",15,85.1,270,355.1,770.0,145.1,749.7,1519.7,3
Fri_01390,Friday,"Four Square Fair Price Henderson,Four Square Torbay,New World Point Chevalier",13,121.1,234,355.1,770.0,145.1,749.73,1519.73,3
Fri_01391,Friday,"Four Square Pakuranga Heights,Four Square Ellerslie,Four Square Remuera,Four Square Hobsonville",13,121.1,234,355.1,770.0,145.1,749.75,1519.75,4
Fri_01392,Friday,"Four Square Pakuranga Heights,Four Square Ellerslie,Four Square Eden Terrace,Four Square Hobsonville",13,121.1,234,355.1,770.0,145.1,749.83,1519.83,4
Fri_01393,Friday,"New World Birkenhead,Four Square Ellerslie,Four Square Onehunga",15,85.2,270,355.2,770.0,145.2,750.01,1520.01,3
Fri_01394,Friday,"Four Square Britomart,New World Metro Queen St,New World Remuera",16,67.2,288,355.2,770.0,145.2,750.06,1520.06,3
Fri_01395,Friday,"Four Square Fair Price Henderson,Pak 'n Save Westgate",16,67.3,288,355.3,770.0,145.3,750.68,1520.68,2
Fri_01396,Friday,"Four Square Ellerslie,Four Square Remuera,Four Square Lancaster,Four Square Hobsonville",13,121.3,234,355.3,770.0,145.3,750.7,1520.7,4
Fri_01397,Friday,"New World Metro Shore City,Four Square Ellerslie,New World Ormiston",13,121.3,234,355.3,770.0,145.3,750.87,1520.87,3
Fri_01398,Friday,"Four Square Glen Eden,Four Square Fair Price Henderson,Four Square Remuera,Four Square Eden Terrace",14,103.3,252,355.3,770.0,145.3,750.89,1520.89,4
Fri_01399,Friday,"New World Metro Queen St,Four Square Ellerslie,Four Square Pakuranga Heights,Four Square Botany Junction",14,103.3,252,355.3,770.0,145.3,750.91,1520.91,4
Fri_01400,Friday,"Four Square Britomart,Four Square St Heliers,New World Mt Albert",15,85.4,270,355.4,770.0,145.4,751.08,1521.08,3
Fri_01401,Friday,"Four Square Fair Price Henderson,New World Long Bay,Four Square Hobsonville",13,121.4,234,355.4,770.0,145.4,751.12,1521.12,3
Fri_01402,Friday,"New World Metro Shore City,Four Square Ellerslie,Four Square Pakuranga Heights,Four Square Eden Terrace",13,121.4,234,355.4,770.0,145.4,751.21,1521.21,4
Fri_01403,Friday,"Four Square Glen Eden,Four Square Hobsonville,New World Metro Shore City,Four Square Britomart",13,121.5,234,355.5,770.0,145.5,751.73,1521.73,4
Fri_01404,Friday,"Four Square Lancaster,New World Metro Queen St,Four Square Ellerslie,Four Square Onehunga",14,103.5,252,355.5,770.0,145.5,751.76,1521.76,4
Fri_01405,Friday,"New World Devonport,Four Square Britomart,Four Square Ellerslie",13,121.5,234,355.5,770.0,145.5,751.78,1521.78,3
Fri_01406,Friday,"New World Howick,Four Square Ellerslie,New World Metro Queen St",14,103.5,252,355.5,770.0,145.5,752.0,1522.0,3
Fri_01407,Friday,"Four Square Pakuranga Heights,Four Square Ellerslie,Four Square Hobsonville,Four Square Glen Eden",12,139.6,216,355.6,770.0,145.6,752.29,1522.29,4
Fri_01408,Friday,"Four Square Hobsonville,Four Square Torbay,New World Metro Shore City,Four Square Ellerslie",12,139.6,216,355.6,770.0,145.6,752.34,1522.34,4
Fri_01409,Friday,"Four Square Glen Eden,Four Square Hobsonville,New World Metro Shore City,Four Square Eden Terrace",13,121.7,234,355.7,770.0,145.7,752.57,1522.57,4
Fri_01410,Friday,"New World Metro Shore City,Four Square Britomart,New World Eastridge",14,103.7,252,355.7,770.0,145.7,752.67,1522.67,3
Fri_01411,Friday,"Four Square Hobsonville,New World Metro Shore City,New World Metro Queen St,Four Square Eden Terrace",14,103.7,252,355.7,770.0,145.7,752.71,1522.71,4
Fri_01412,Friday,"New World Papatoetoe,Four Square Botany Junction,Four Square Eden Terrace",15,85.7,270,355.7,770.0,145.7,752.97,1522.97,3
Fri_01413,Friday,"Four Square Onehunga,Four Square Remuera,New World Metro Queen St,Four Square Eden Terrace",16,67.8,288,355.8,770.0,145.8,753.04,1523.04,4
Fri_01414,Friday,"Four Square Ellerslie,New World Metro Queen St,Four Square Lancaster,New World Metro Shore City",13,121.8,234,355.8,770.0,145.8,753.1,1523.1,4
Fri_01415,Friday,"Four Square Lancaster,Four Square Torbay,Four Square Remuera",12,139.8,216,355.8,770.0,145.8,753.32,1523.32,3
Fri_01416,Friday,"Four Square Britomart,Four Square St Heliers,New World Eastridge",15,85.8,270,355.8,770.0,145.8,753.52,1523.52,3
Fri_01417,Friday,"Four Square Onehunga,New World Southmall,Four Square Botany Junction",15,85.9,270,355.9,770.0,145.9,753.77,1523.77,3
Fri_01418,Friday,"New World Devonport,New World Metro Shore City,New World Metro Queen St",14,103.9,252,355.9,770.0,145.9,753.78,1523.78,3
Fri_01419,Friday,"Four Square Hobsonville,Four Square Lancaster,Four Square Ellerslie,Four Square Eden Terrace",13,121.9,234,355.9,770.0,145.9,753.88,1523.88,4
Fri_01420,Friday,"Four Square Hobsonville,New World Albany,New World Metro Shore City",14,103.9,252,355.9,770.0,145.9,753.92,1523.92,3
Fri_01421,Friday,"Four Square Cockle Bay,Four Square Ellerslie,New World Remuera",14,103.9,252,355.9,770.0,145.9,754.01,1524.01,3
Fri_01422,Friday,"Pak 'n Save Glen Innes,Four Square St Heliers",15,86.0,270,356.0,770.0,146.0,754.09,1524.09,2
Fri_01423,Friday,"Four Square Fair Price Henderson,Four Square Ellerslie,Four Square Botany Junction,Four Square Onehunga",13,122.0,234,356.0,770.0,146.0,754.22,1524.22,4
Fri_01424,Friday,"Four Square Onehunga,New World Devonport,New World Metro Shore City",14,104.0,252,356.0,770.0,146.0,754.36,1524.36,3
Fri_01425,Friday,"Four Square Fair Price Henderson,New World Point Chevalier,Four Square Ellerslie,Four Square Onehunga",15,86.0,270,356.0,770.0,146.0,754.47,1524.47,4
Fri_01426,Friday,"Four Square Fair Price Henderson,New World Metro Shore City,New World Victoria Park",14,104.1,252,356.1,770.0,146.1,754.64,1524.64,3
Fri_01427,Friday,"Four Square Fair Price Henderson,Four Square Torbay,Four Square Botany Junction",11,158.1,198,356.1,770.0,146.1,754.78,1524.78,3
Fri_01428,Friday,"Four Square Glen Eden,Four Square Hobsonville,New World Metro Shore City,Four Square Onehunga",13,122.1,234,356.1,770.0,146.1,754.88,1524.88,4
Fri_01429,Friday,"Four Square Glen Eden,Four Square Fair Price Henderson,New World Point Chevalier,Four Square Ellerslie",14,104.1,252,356.1,770.0,146.1,754.98,1524.98,4
Fri_01430,Friday,"Four Square Glen Eden,Four Square Ellerslie,Four Square Pakuranga Heights,Four Square Botany Junction",13,122.2,234,356.2,770.0,146.2,755.23,1525.23,4
Fri_01431,Friday,"Four Square Fair Price Henderson,Pak 'n Save Henderson,Four Square Glen Eden",16,68.2,288,356.2,770.0,146.2,755.4,1525.4,3
Fri_01432,Friday,"New World Metro Queen St,Four Square St Heliers,New World Mt Albert",15,86.2,270,356.2,770.0,146.2,755.52,1525.52,3
Fri_01433,Friday,"New World Papatoetoe,Four Square Remuera,New World Metro Queen St",15,86.2,270,356.2,770.0,146.2,755.6,1525.6,3
Fri_01434,Friday,"New World Papakura,New World Southmall",15,86.3,270,356.3,770.0,146.3,755.75,1525.75,2
Fri_01435,Friday,"Four Square Glen Eden,Four Square Hobsonville,Four Square Ellerslie,Four Square St Heliers",12,140.4,216,356.4,770.0,146.4,756.27,1526.27,4
Fri_01436,Friday,"New World Remuera,New World Metro Queen St,Four Square Eden Terrace",16,68.4,288,356.4,770.0,146.4,756.41,1526.41,3
Fri_01437,Friday,"Four Square Hobsonville,Four Square Torbay,Four Square Ellerslie,Four Square Onehunga",13,122.4,234,356.4,770.0,146.4,756.42,1526.42,4
Fri_01438,Friday,"New World Metro Shore City,Four Square Ellerslie,New World Botany",13,122.4,234,356.4,770.0,146.4,756.47,1526.47,3
Fri_01439,Friday,"New World Howick,Four Square Ellerslie,Four Square Glen Eden",13,122.4,234,356.4,770.0,146.4,756.57,1526.57,3
Fri_01440,Friday,"Four Square Hobsonville,Four Square Ellerslie,Four Square Remuera,Four Square St Heliers",13,122.4,234,356.4,770.0,146.4,756.65,1526.65,4
Fri_01441,Friday,"Four Square Cockle Bay,Four Square Pakuranga Heights,Four Square Lancaster",12,140.5,216,356.5,770.0,146.5,756.68,1526.68,3
Fri_01442,Friday,"Four Square Ellerslie,New World Remuera,New World Point Chevalier",16,68.5,288,356.5,770.0,146.5,756.88,1526.88,3
Fri_01443,Friday,"Four Square Cockle Bay,New World Stonefields,Four Square Ellerslie",14,104.5,252,356.5,770.0,146.5,756.98,1526.98,3
Fri_01444,Friday,"Four Square Lancaster,Four Square Britomart,Four Square Ellerslie,Four Square Onehunga",14,104.5,252,356.5,770.0,146.5,756.98,1526.98,4
Fri_01445,Friday,"Four Square Britomart,Four Square Ellerslie,Four Square Pakuranga Heights,Four Square Botany Junction",14,104.5,252,356.5,770.0,146.5,757.02,1527.02,4
Fri_01446,Friday,"Four Square Pakuranga Heights,Four Square Ellerslie,Four Square Britomart,Four Square Fair Price Henderson",13,122.5,234,356.5,770.0,146.5,757.03,1527.03,4
Fri_01447,Friday,"Four Square Onehunga,Four Square Remuera,Four Square Eden Terrace,Four Square Glen Eden",15,86.5,270,356.5,770.0,146.5,757.07,1527.07,4
Fri_01448,Friday,"Four Square Eden Terrace,Four Square Ellerslie,Four Square Cockle Bay,Four Square Onehunga",14,104.5,252,356.5,770.0,146.5,757.09,1527.09,4
Fri_01449,Friday,"New World Metro Shore City,Four Square Eden Terrace,Four Square Fair Price Henderson,Four Square Glen Eden",13,122.5,234,356.5,770.0,146.5,757.17,1527.17,4
Fri_01450,Friday,"Four Square Fair Price Henderson,Four Square Torbay,Four Square St Heliers",11,158.6,198,356.6,770.0,146.6,757.3,1527.3,3
Fri_01451,Friday,"New World Metro Shore City,Four Square Remuera,Four Square Ellerslie,Four Square Botany Junction",13,122.7,234,356.7,770.0,146.7,757.72,1527.72,4
Fri_01452,Friday,"New World Metro Queen St,Four Square St Heliers,New World Eastridge",15,86.7,270,356.7,770.0,146.7,757.96,1527.96,3
Fri_01453,Friday,"New World Metro Shore City,New World Metro Queen St,New World Eastridge",14,104.7,252,356.7,770.0,146.7,758.0,1528.0,3
Fri_01454,Friday,"Four Square Fair Price Henderson,Four Square Britomart,New World Eastridge",14,104.7,252,356.7,770.0,146.7,758.08,1528.08,3
Fri_01455,Friday,"Four Square Pakuranga Heights,Pak 'n Save Papakura",14,104.7,252,356.7,770.0,146.7,758.12,1528.12,2
Fri_01456,Friday,"Four Square Onehunga,Four Square Ellerslie,New World Metro Queen St,New World Point Chevalier",16,68.8,288,356.8,770.0,146.8,758.25,1528.25,4
Fri_01457,Friday,"Four Square Glen Eden,New World Long Bay,Four Square Ellerslie",12,140.8,216,356.8,770.0,146.8,758.66,1528.66,3
Fri_01458,Friday,"Four Square Onehunga,New World Metro Queen St,Four Square Britomart,New World Metro Shore City",15,86.9,270,356.9,770.0,146.9,758.91,1528.91,4
Fri_01459,Friday,"Four Square Britomart,New World Devonport,New World Metro Shore City",14,104.9,252,356.9,770.0,146.9,758.96,1528.96,3
Fri_01460,Friday,"Four Square Onehunga,New World Metro Queen St,Four Square Britomart,Four Square Glen Eden",15,86.9,270,356.9,770.0,146.9,759.01,1529.01,4
Fri_01461,Friday,"Four Square Torbay,Four Square Pakuranga Heights,Four Square Onehunga",12,140.9,216,356.9,770.0,146.9,759.12,1529.12,3
Fri_01462,Friday,"Four Square Eden Terrace,Four Square Ellerslie,New World Papakura",14,105.0,252,357.0,770.0,147.0,759.27,1529.27,3
Fri_01463,Friday,"Four Square Ellerslie,Four Square Britomart,Four Square Lancaster,New World Metro Shore City",13,123.0,234,357.0,770.0,147.0,759.27,1529.27,4
Fri_01464,Friday,"Four Square Fair Price Henderson,Four Square Hobsonville,Four Square Lancaster,New World Metro Shore City",13,123.0,234,357.0,770.0,147.0,759.29,1529.29,4
Fri_01465,Friday,"New World Hobsonville,Four Square Hobsonville,New World Metro Queen St",15,87.0,270,357.0,770.0,147.0,759.31,1529.31,3
Fri_01466,Friday,"New World Papakura,Four Square Ellerslie,Four Square Remuera",14,105.0,252,357.0,770.0,147.0,759.48,1529.48,3
Fri_01467,Friday,"New World Metro Shore City,Four Square Remuera,New World Eastridge",14,105.0,252,357.0,770.0,147.0,759.65,1529.65,3
Fri_01468,Friday,"Four Square Fair Price Henderson,Four Square Ellerslie,Four Square Pakuranga Heights,Four Square Botany Junction",13,123.0,234,357.0,770.0,147.0,759.7,1529.7,4
Fri_01469,Friday,"Four Square Pakuranga Heights,Four Square St Heliers,Four Square Lancaster",12,141.0,216,357.0,770.0,147.0,759.74,1529.74,3
Fri_01470,Friday,"Four Square Glen Eden,Four Square Fair Price Henderson,Four Square Hobsonville,Four Square Lancaster",13,123.0,234,357.0,770.0,147.0,759.76,1529.76,4
Fri_01471,Friday,"New World Devonport,New World Metro Shore City,Four Square Eden Terrace",14,105.1,252,357.1,770.0,147.1,759.85,1529.85,3
Fri_01472,Friday,"Four Square Cockle Bay,Four Square Pakuranga Heights,Four Square Ellerslie,Four Square Remuera",14,105.1,252,357.1,770.0,147.1,760.09,1530.09,4
Fri_01473,Friday,"Four Square Cockle Bay,Four Square Pakuranga Heights,Four Square Ellerslie,Four Square Eden Terrace",14,105.1,252,357.1,770.0,147.1,760.17,1530.17,4
Fri_01474,Friday,"New World Newmarket,Four Square Ellerslie,Four Square Botany Junction",15,87.1,270,357.1,770.0,147.1,760.25,1530.25,3
Fri_01475,Friday,"Four Square Eden Terrace,Four Square Ellerslie,Four Square St Heliers,New World Metro Shore City",13,123.2,234,357.2,770.0,147.2,760.51,1530.51,4
Fri_01476,Friday,"Pak 'n Save Glen Innes,Four Square Britomart",15,87.2,270,357.2,770.0,147.2,760.54,1530.54,2
Fri_01477,Friday,"Four Square Eden Terrace,New World Eastridge,Four Square St Heliers",15,87.2,270,357.2,770.0,147.2,760.67,1530.67,3
Fri_01478,Friday,"New World Remuera,Four Square Remuera,New World Metro Queen St",16,69.3,288,357.3,770.0,147.3,761.23,1531.23,3
Fri_01479,Friday,"Four Square Lancaster,Pak 'n Save Albany",14,105.4,252,357.4,770.0,147.4,761.33,1531.33,2
Fri_01480,Friday,"New World Howick,Four Square Ellerslie,Four Square Britomart",14,105.4,252,357.4,770.0,147.4,761.56,1531.56,3
Fri_01481,Friday,"Pak 'n Save Albany,Four Square Remuera",14,105.5,252,357.5,770.0,147.5,762.12,1532.12,2
Fri_01482,Friday,"Pak 'n Save Glen Innes,New World Metro Queen St",15,87.5,270,357.5,770.0,147.5,762.28,1532.28,2
Fri_01483,Friday,"Four Square Fair Price Henderson,New World Hobsonville,New World Metro Shore City",14,105.5,252,357.5,770.0,147.5,762.32,1532.32,3
Fri_01484,Friday,"Four Square Fair Price Henderson,Four Square Hobsonville,New World Remuera",14,105.6,252,357.6,770.0,147.6,762.49,1532.49,3
Fri_01485,Friday,"Four Square Fair Price Henderson,New World Metro Queen St,New World Eastridge",14,105.6,252,357.6,770.0,147.6,762.52,1532.52,3
Fri_01486,Friday,"Four Square Fair Price Henderson,Four Square Hobsonville,Four Square Torbay,Four Square Ellerslie",12,141.7,216,357.7,770.0,147.7,762.96,1532.96,4
Fri_01487,Friday,"Four Square Britomart,New World Remuera,Four Square Eden Terrace",16,69.7,288,357.7,770.0,147.7,763.12,1533.12,3
Fri_01488,Friday,"Pak 'n Save Botany,Four Square St Heliers",14,105.8,252,357.8,770.0,147.8,763.56,1533.56,2
Fri_01489,Friday,"Four Square Hobsonville,New World Metro Shore City,Four Square Britomart,Four Square Eden Terrace",14,105.8,252,357.8,770.0,147.8,763.59,1533.59,4
Fri_01490,Friday,"Four Square Onehunga,Four Square Ellerslie,Four Square Botany Junction,New World Metro Shore City",13,123.8,234,357.8,770.0,147.8,763.88,1533.88,4
Fri_01491,Friday,"Four Square Onehunga,New World Metro Queen St,Four Square Eden Terrace,Four Square Glen Eden",15,87.9,270,357.9,770.0,147.9,763.92,1533.92,4
Fri_01492,Friday,"Four Square Cockle Bay,Four Square Ellerslie,Four Square Remuera,Four Square Eden Terrace",14,105.9,252,357.9,770.0,147.9,763.94,1533.94,4
Fri_01493,Friday,"New World Long Bay,Four Square Ellerslie,Four Square Remuera",13,123.9,234,357.9,770.0,147.9,764.26,1534.26,3
Fri_01494,Friday,"New World Long Bay,Four Square Ellerslie,Four Square Eden Terrace",13,123.9,234,357.9,770.0,147.9,764.34,1534.34,3
Fri_01495,Friday,"Four Square Fair Price Henderson,New World Devonport,Four Square Ellerslie",12,141.9,216,357.9,770.0,147.9,764.34,1534.34,3
Fri_01496,Friday,"Four Square Pakuranga Heights,Four Square Ellerslie,New World Metro Shore City,Four Square Glen Eden",12,141.9,216,357.9,770.0,147.9,764.4,1534.4,4
Fri_01497,Friday,"New World Birkenhead,New World Metro Shore City,Four Square Ellerslie",14,106.0,252,358.0,770.0,148.0,764.56,1534.56,3
Fri_01498,Friday,"New World Papatoetoe,Four Square Remuera,Four Square Britomart",15,88.1,270,358.1,770.0,148.1,765.15,1535.15,3
Fri_01499,Friday,"Four Square Britomart,Four Square Eden Terrace,Four Square Fair Price Henderson,Four Square Hobsonville",14,106.1,252,358.1,770.0,148.1,765.32,1535.32,4
Fri_01500,Friday,"New World Hobsonville,Four Square Hobsonville,Four Square Britomart",15,88.1,270,358.1,770.0,148.1,765.43,1535.43,3
Fri_01501,Friday,"Four Square Ellerslie,New World Browns Bay,New World Metro Shore City",13,124.2,234,358.2,770.0,148.2,765.52,1535.52,3
Fri_01502,Friday,"Four Square Lancaster,Four Square Eden Terrace,Four Square Ellerslie,Four Square Onehunga",14,106.2,252,358.2,770.0,148.2,765.53,1535.53,4
Fri_01503,Friday,"Four Square Fair Price Henderson,New World Long Bay,New World Metro Shore City",13,124.2,234,358.2,770.0,148.2,765.63,1535.63,3
Fri_01504,Friday,"New World Remuera,Four Square Remuera,Four Square Glen Eden",15,88.2,270,358.2,770.0,148.2,765.8,1535.8,3
Fri_01505,Friday,"New World Howick,Four Square Ellerslie,Four Square Fair Price Henderson",13,124.3,234,358.3,770.0,148.3,766.21,1536.21,3
Fri_01506,Friday,"Four Square Ellerslie,Four Square Torbay,New World Mt Albert",13,124.3,234,358.3,770.0,148.3,766.41,1536.41,3
Fri_01507,Friday,"Four Square Onehunga,Four Square Ellerslie,Four Square St Heliers,Four Square Botany Junction",14,106.4,252,358.4,770.0,148.4,766.52,1536.52,4
Fri_01508,Friday,"Four Square Hobsonville,Four Square Eden Terrace,Four Square Ellerslie,Four Square St Heliers",13,124.4,234,358.4,770.0,148.4,766.67,1536.67,4
Fri_01509,Friday,"Four Square Onehunga,Four Square Remuera,Four Square Eden Terrace,Four Square Fair Price Henderson",15,88.4,270,358.4,770.0,148.4,766.71,1536.71,4
Fri_01510,Friday,"Four Square Pakuranga Heights,New World Eastridge,Four Square Onehunga",15,88.4,270,358.4,770.0,148.4,766.72,1536.72,3
Fri_01511,Friday,"New World Metro Shore City,New World Metro Queen St,Four Square Ellerslie,Four Square Botany Junction",13,124.4,234,358.4,770.0,148.4,766.76,1536.76,4
Fri_01512,Friday,"Four Square Glen Eden,New World Metro Queen St,Four Square Ellerslie,Four Square Botany Junction",13,124.4,234,358.4,770.0,148.4,766.81,1536.81,4
Fri_01513,Friday,"Four Square Ellerslie,Four Square Remuera,Four Square Eden Terrace,New World Point Chevalier",16,70.4,288,358.4,770.0,148.4,766.81,1536.81,4
Fri_01514,Friday,"Four Square Glen Eden,Four Square Hobsonville,Four Square Ellerslie,Four Square Botany Junction",12,142.4,216,358.4,770.0,148.4,766.82,1536.82,4
Fri_01515,Friday,"Four Square Fair Price Henderson,Four Square Hobsonville,Four Square Remuera,Four Square Onehunga",14,106.4,252,358.4,770.0,148.4,766.95,1536.95,4
Fri_01516,Friday,"Four Square Cockle Bay,Four Square Ellerslie,Four Square Fair Price Henderson,Four Square Glen Eden",12,142.6,216,358.6,770.0,148.6,767.6,1537.6,4
Fri_01517,Friday,"Four Square Ellerslie,Four Square St Heliers,New World Metro Shore City,Four Square Hobsonville",12,142.6,216,358.6,770.0,148.6,767.76,1537.76,4
Fri_01518,Friday,"Four Square Onehunga,Four Square Ellerslie,Four Square Britomart,New World Point Chevalier",16,70.6,288,358.6,770.0,148.6,767.81,1537.81,4
Fri_01519,Friday,"Four Square Onehunga,Four Square Remuera,Four Square Britomart,Four Square Eden Terrace",16,70.7,288,358.7,770.0,148.7,768.23,1538.23,4
Fri_01520,Friday,"Four Square Hobsonville,New World Metro Shore City,New World Eastridge",13,124.7,234,358.7,770.0,148.7,768.37,1538.37,3
Fri_01521,Friday,"New World Long Bay,Four Square Torbay,Four Square Ellerslie",13,124.7,234,358.7,770.0,148.7,768.4,1538.4,3
Fri_01522,Friday,"Four Square Britomart,New World Remuera,Four Square Remuera",16,70.7,288,358.7,770.0,148.7,768.48,1538.48,3
Fri_01523,Friday,"New World Victoria Park,Four Square Lancaster,Four Square Ellerslie",14,106.8,252,358.8,770.0,148.8,768.55,1538.55,3
Fri_01524,Friday,"Four Square Lancaster,Four Square Ellerslie,New World Remuera",14,106.8,252,358.8,770.0,148.8,768.59,1538.59,3
Fri_01525,Friday,"Four Square Onehunga,New World Metro Queen St,Four Square Britomart,Four Square Fair Price Henderson",15,88.8,270,358.8,770.0,148.8,768.65,1538.65,4
Fri_01526,Friday,"Pak 'n Save Sylvia Park,Four Square St Heliers",15,88.8,270,358.8,770.0,148.8,768.7,1538.7,2
Fri_01527,Friday,"Four Square Fair Price Henderson,New World Devonport,New World Metro Shore City",13,124.8,234,358.8,770.0,148.8,768.9,1538.9,3
Fri_01528,Friday,"Four Square Ellerslie,New World Metro Queen St,Four Square Lancaster,Four Square Hobsonville",13,124.9,234,358.9,770.0,148.9,769.34,1539.34,4
Fri_01529,Friday,"Four Square Onehunga,New World Metro Queen St,Four Square Fair Price Henderson,Four Square Hobsonville",14,107.0,252,359.0,770.0,149.0,769.72,1539.72,4
Fri_01530,Friday,"Pak 'n Save Highland Park,Four Square Pakuranga Heights,Four Square Ellerslie",15,89.1,270,359.1,770.0,149.1,770.15,1540.15,3
Fri_01531,Friday,"New World Devonport,New World Metro Shore City,Four Square Glen Eden",13,125.1,234,359.1,770.0,149.1,770.32,1540.32,3
Fri_01532,Friday,"Four Square Pakuranga Heights,Pak 'n Save Glen Innes",15,89.2,270,359.2,770.0,149.2,770.79,1540.79,2
Fri_01533,Friday,"New World Metro Shore City,Four Square Ellerslie,Four Square Pakuranga Heights,Four Square Botany Junction",13,125.2,234,359.2,770.0,149.2,770.95,1540.95,4
Fri_01534,Friday,"Four Square Lancaster,New World Metro Shore City,Four Square Ellerslie,Four Square Glen Eden",12,143.2,216,359.2,770.0,149.2,771.0,1541.0,4
Fri_01535,Friday,"Four Square Fair Price Henderson,New World Remuera,Four Square Remuera",15,89.3,270,359.3,770.0,149.3,771.15,1541.15,3
Fri_01536,Friday,"Four Square Onehunga,Four Square Eden Terrace,New World Metro Queen St,New World Metro Shore City",15,89.3,270,359.3,770.0,149.3,771.17,1541.17,4
Fri_01537,Friday,"Four Square Fair Price Henderson,New World Metro Queen St,Four Square Ellerslie,Four Square Botany Junction",13,125.3,234,359.3,770.0,149.3,771.28,1541.28,4
Fri_01538,Friday,"New World Browns Bay,Four Square Ellerslie,Four Square Onehunga",14,107.3,252,359.3,770.0,149.3,771.3,1541.3,3
Fri_01539,Friday,"New World Papatoetoe,Four Square Pakuranga Heights,Four Square Eden Terrace",15,89.3,270,359.3,770.0,149.3,771.58,1541.58,3
Fri_01540,Friday,"New World Metro Shore City,Four Square Britomart,Four Square Ellerslie,Four Square Botany Junction",13,125.4,234,359.4,770.0,149.4,771.99,1541.99,4
Fri_01541,Friday,"Four Square Onehunga,New World Stonefields,New World Metro Queen St",16,71.6,288,359.6,770.0,149.6,772.69,1542.69,3
Fri_01542,Friday,"Four Square Fair Price Henderson,Four Square Hobsonville,New World Metro Shore City,Four Square Remuera",13,125.6,234,359.6,770.0,149.6,772.84,1542.84,4
Fri_01543,Friday,"Four Square Glen Eden,Four Square Britomart,Four Square Ellerslie,Four Square Botany Junction",13,125.6,234,359.6,770.0,149.6,772.92,1542.92,4
Fri_01544,Friday,"New World Stonefields,Four Square Remuera,Four Square Eden Terrace",16,71.7,288,359.7,770.0,149.7,773.22,1543.22,3
Fri_01545,Friday,"Four Square Onehunga,New World Metro Queen St,Four Square Eden Terrace,Four Square Fair Price Henderson",15,89.7,270,359.7,770.0,149.7,773.56,1543.56,4
Fri_01546,Friday,"Four Square Botany Junction,Four Square Cockle Bay,New World Point Chevalier",14,107.7,252,359.7,770.0,149.7,773.67,1543.67,3
Fri_01547,Friday,"Pak 'n Save Highland Park,Four Square Ellerslie,Four Square Remuera",15,89.8,270,359.8,770.0,149.8,773.92,1543.92,3
Fri_01548,Friday,"Four Square Fair Price Henderson,New World Metro Shore City,Four Square Ellerslie,Four Square St Heliers",12,143.8,216,359.8,770.0,149.8,773.99,1543.99,4
Fri_01549,Friday,"Pak 'n Save Highland Park,Four Square Ellerslie,Four Square Eden Terrace",15,89.8,270,359.8,770.0,149.8,774.0,1544.0,3
Fri_01550,Friday,"Four Square Pakuranga Heights,Four Square Ellerslie,New World Metro Shore City,Four Square Fair Price Henderson",12,143.8,216,359.8,770.0,149.8,774.04,1544.04,4
